Unnamed: 0,GRAPH_IDX,NUM_NODES,LOG_NUM_EDGES,IS_CONNECTED,LOGRATIO_EDGETONODES,DENSITY,LOG_CHROMATIC_NUM,NORM_MIS,GRAPH_ASSORTATIVITY,SPECTRAL_GAP,LOG_LARGESTEIGVAL,LOG_SECONDLARGESTEIGVAL,LOG_SMALLESTEIGVAL,MIN_ECC,MAX_ECC,LOGRATIO_MAXMINECC,GIRTH,TRANSITIVITY,CALCULATED_RATIO,percent_cut,percent_positive_lower_triangular,percent_close1_lower_triangular,percent_close3_lower_triangular,expected_costGW_over_sdp_cost,std_costGW_over_sdp_cost
0,graph_0,100,8.158802490694002,1,-2.506072781372859,0.7058585858585859,4.07753744390572,0.4,-0.47715601,0.3562113074334128,(0.39076602502910585+0j),(0.11502485684931624+0j),(-0.23671645753572634+0j),1,2,0.6931471805599453,3,0.7838628670450624,1.4575645756457565,0.6783056584254583,0.2549,0.99,0.99,0.9998012782513056,0.0046150224128006
1,graph_1,100,8.09162741160107,1,-2.514340311786019,0.66,3.970291913552122,0.47,-0.51160075,0.3623444650310754,(0.4144774444796949+0j),(0.14083540044317744+0j),(-0.2561784483608858+0j),1,2,0.6931471805599453,3,0.7498352922038309,1.309414466130884,0.6981940084880114,0.2567,0.9899,0.9837,0.9989878010053796,0.018749189274426
2,graph_2,100,8.096512917501594,1,-2.513736721015304,0.6632323232323233,4.02535169073515,0.44,-0.49875385,0.3455111205998273,(0.40526135996572654+0j),(0.14339298417360183+0j),(-0.29642614061635053+0j),1,2,0.6931471805599453,3,0.7614662581151113,1.295677233429395,0.684739321696976,0.2505,0.9899,0.9855,0.9986435968747276,0.0189312199465373
3,graph_3,100,8.14757773620177,1,-2.5074495131930408,0.697979797979798,4.060443010546419,0.4,-0.47793755,0.3514584024781684,(0.3912243962737233+0j),(0.11985369812499667+0j),(-0.24906264582187895+0j),1,2,0.6931471805599453,3,0.7810251445616054,1.2832876712328767,0.6778581612906496,0.2551,0.9899,0.98,0.998502584398732,0.0278505782110236
4,graph_4,100,8.063377822367027,1,-2.517837632600082,0.6416161616161616,3.951243718581428,0.49,-0.53103412,0.3815082883292353,(0.42778673729109323+0j),(0.1418038934293861+0j),(-0.2602979117586937+0j),1,2,0.6931471805599453,3,0.7323671497584541,1.282546901648664,0.7103274775131615,0.241,0.99,0.9891,0.9998878242136048,0.0035445748915433
5,graph_5,100,8.10530751550515,1,-2.512651090063684,0.6690909090909091,3.951243718581428,0.49,-0.51986962,0.3761608193021968,(0.4204131959974664+0j),(0.1366525346347179+0j),(-0.21061092971288992+0j),1,2,0.6931471805599453,3,0.7482478863390757,1.2733224222585924,0.7047101827378573,0.2594,0.99,0.9892,0.999992234264434,0.0002437554722061
6,graph_6,100,8.10530751550515,1,-2.512651090063684,0.6690909090909091,4.02535169073515,0.45,-0.49759247,0.3432773909193787,(0.40443238103018897+0j),(0.1442512573323303+0j),(-0.28841302300510074+0j),1,2,0.6931471805599453,3,0.763208784724022,1.2579034941763727,0.6847831534324318,0.2586,0.9899,0.9811,0.9996958537832966,0.0058650987638986
7,graph_7,100,8.15478757276852,1,-2.506564998964563,0.703030303030303,4.0943445622221,0.4,-0.47396329,0.35281799203619,(0.38818947437474227+0j),(0.11465914769265595+0j),(-0.28154377157639376+0j),1,2,0.6931471805599453,3,0.7882251216619184,1.2561497326203208,0.6750000532871082,0.2455,0.99,0.9885,0.9995371709862452,0.0095668946828797
8,graph_8,100,8.130647968160584,1,-2.509529564723558,0.6862626262626262,4.04305126783455,0.43,-0.49415103,0.3597526870867265,(0.4024598360201364+0j),(0.1272898549679351+0j),(-0.24332441378111253+0j),1,2,0.6931471805599453,3,0.7683529655204127,1.2518756698821008,0.6876655963423561,0.2576,0.99,0.9899,0.9999999868257776,0.0
9,graph_9,100,8.134174272137903,1,-2.509095953586532,0.6886868686868687,4.060443010546419,0.42,-0.48401431,0.3398771352272405,(0.39518790740508836+0j),(0.1352177275597984+0j),(-0.2700399409384324+0j),1,2,0.6931471805599453,3,0.7760536888169918,1.24343163538874,0.6802581993219929,0.2564,0.99,0.9895,0.9997256569929291,0.0052174718743615
10,graph_10,100,8.11102783819368,1,-2.511945588752688,0.6729292929292929,3.9889840465642745,0.45,-0.50437616,0.3670327338667685,(0.4095061027992303+0j),(0.13018669954263576+0j),(-0.24883283233159226+0j),1,2,0.6931471805599453,3,0.7583108644246446,1.2391653290529696,0.6952866923594414,0.251,0.99,0.99,0.9996878358126244,0.0069242893679078
11,graph_11,100,8.155362120328135,1,-2.506494546201018,0.7034343434343434,4.060443010546419,0.43,-0.47514951,0.3432789357473864,(0.3890817932297697+0j),(0.12429185773430285+0j),(-0.27125515559813673+0j),1,2,0.6931471805599453,3,0.7867476328466749,1.2388216728037875,0.6763354825952957,0.2501,0.99,0.9897,0.9999999361372356,0.0
12,graph_12,100,8.151333337900432,1,-2.506988672373914,0.7006060606060606,4.04305126783455,0.4,-0.47898133,0.3395867808966675,(0.39214268340549496+0j),(0.13152121818515483+0j),(-0.23021029907335228+0j),1,2,0.6931471805599453,3,0.7803147383124795,1.238421052631579,0.6784892371445018,0.2521,0.9899,0.982,0.9990647370223652,0.0207253450874327
13,graph_13,100,8.130942302231878,1,-2.5094933648111963,0.6864646464646464,4.04305126783455,0.43,-0.47896892,0.3227642186735107,(0.3916628334665137+0j),(0.14554915659744322+0j),(-0.2763498797505528+0j),1,2,0.6931471805599453,3,0.7782706631311949,1.2308934337997846,0.6731195952794372,0.2652,0.9898,0.9892,0.9994673169842636,0.0069772683127944
14,graph_14,100,8.116715624819111,1,-2.5112445933405643,0.6767676767676768,4.007333185232471,0.43,-0.50195364,0.361288271491055,(0.4078415857527855+0j),(0.13302686393059876+0j),(-0.24741242833186014+0j),1,2,0.6931471805599453,3,0.7609947951316871,1.2230405049973698,0.6940298507985823,0.2514,0.99,0.99,0.9999999999246234,0.0
15,graph_15,100,8.183676582620658,1,-2.5030286763722405,0.7236363636363636,4.143134726391533,0.38,-0.45558431,0.3409318375055659,(0.3756029700563387+0j),(0.10879804271279049+0j),(-0.2648569816400692+0j),1,2,0.6931471805599453,3,0.8032321004411266,1.211088504577823,0.6647124959947817,0.2619,0.99,0.9899,0.999811776302785,0.0059205301251568
16,graph_16,100,7.716460800176355,1,-2.5618143726427176,0.4535353535353535,3.6635616461296463,0.62,-0.60875587,0.3166977603970153,(0.4810750895300919+0j),(0.263221589739013+0j),(-0.4181369074714793+0j),1,2,0.6931471805599453,3,0.6263150412283196,1.1814375436147941,0.7541202752456156,0.2536,0.99,0.9899,0.9997211943760136,0.0062421342419912
17,graph_17,100,7.608374474380783,1,-2.5759206408232016,0.4070707070707071,3.6635616461296463,0.62,-0.62181407,0.3385771384001952,(0.49145135579453386+0j),(0.2593673730205589+0j),(-0.4338562942982245+0j),1,2,0.6931471805599453,3,0.5985043643548508,1.1700991609458429,0.7612899358353945,0.2553,0.9899,0.9801,0.9957762555411676,0.0437157979578602
18,graph_18,100,7.691656822810547,1,-2.5650339740760506,0.4424242424242424,3.58351893845611,0.65,-0.61152496,0.3375946255257112,(0.4831220957140044+0j),(0.24961658789194754+0j),(-0.3788654313922128+0j),1,2,0.6931471805599453,3,0.6220549158547387,1.1565338923829491,0.755707805120963,0.2322,0.9899,0.9811,0.999230155200515,0.0163704394977846
19,graph_19,100,8.050065422915965,1,-2.5194899675203377,0.6331313131313131,3.8918202981106265,0.52,-0.5441289,0.3929163923680792,(0.43701533338934+0j),(0.14424182471535696+0j),(-0.22460556658773945+0j),1,2,0.6931471805599453,3,0.7218728554225707,1.155657962109575,0.7201659436062597,0.2558,0.99,0.9894,0.9999277504398943,0.0019524301074767
20,graph_20,100,7.707062655370473,1,-2.56303304955479,0.4492929292929293,3.688879454113936,0.61,-0.59716527,0.3221190467255672,(0.4730150771957374+0j),(0.24897232395720126+0j),(-0.396093694524614+0j),1,2,0.6931471805599453,3,0.6370410601781447,1.154006968641115,0.7446043522945758,0.2551,0.99,0.9891,0.9990983819858364,0.0155560043134189
21,graph_21,100,7.867488568699128,1,-2.542431289010272,0.5274747474747474,3.7612001156935615,0.58,-0.58001238,0.344752715434135,(0.4614755260353398+0j),(0.21644946560975942+0j),(-0.29356630063512956+0j),1,2,0.6931471805599453,3,0.6727749286453417,1.1519287833827894,0.7433932790674174,0.2398,0.99,0.9892,0.9995734921647084,0.0095905037159618
22,graph_22,100,8.035926369891792,1,-2.521247901609511,0.6242424242424243,3.970291913552122,0.48,-0.54116338,0.4086761439062052,(0.4348254659509807+0j),(0.1275285401804397+0j),(-0.28106862883887523+0j),1,2,0.6931471805599453,3,0.722200148336512,1.1504149377593362,0.7177988111445567,0.2514,0.9899,0.982,0.9983835305942542,0.0246497751638638
23,graph_23,100,8.049427057110695,1,-2.519569270120267,0.6327272727272727,3.8918202981106265,0.52,-0.5487291,0.4014819584593061,(0.440052197050702+0j),(0.1408972184919674+0j),(-0.2227150669360788+0j),1,2,0.6931471805599453,3,0.7192636480147754,1.148580121703854,0.7232598529538868,0.2491,0.9896,0.9799,0.9906505415448073,0.0703409076920487
24,graph_24,100,7.578145472419466,1,-2.5799016768987832,0.3949494949494949,3.6375861597263857,0.63,-0.61597498,0.3263368131317123,(0.4882783273738759+0j),(0.2648009168814214+0j),(-0.4792963709652249+0j),1,2,0.6931471805599453,3,0.6033674860999405,1.146322378716745,0.7493605767188148,0.2485,0.99,0.9899,1.0000000494981027,0.0
25,graph_25,100,8.047509510981422,1,-2.5198075199425523,0.6315151515151515,3.951243718581428,0.49,-0.53944682,0.3948845585357523,(0.43369427944128214+0j),(0.1380757622874706+0j),(-0.2412357512527127+0j),1,2,0.6931471805599453,3,0.7241697977317494,1.1410386965376782,0.7168905563357564,0.2529,0.99,0.99,0.9997407946733996,0.006004785989172
26,graph_26,100,7.612336837167746,1,-2.57539998672296,0.4086868686868687,3.6635616461296463,0.62,-0.60903344,0.3197719411455622,(0.4819913442122871+0j),(0.26199791107234444+0j),(-0.44426767313673216+0j),1,2,0.6931471805599453,3,0.6175390381011867,1.1406015037593984,0.7498764973031679,0.2509,0.99,0.99,0.9995318694975638,0.0111320162418636
27,graph_27,100,7.8407064517494,1,-2.5458412470438097,0.5135353535353535,3.784189633918261,0.57,-0.57686464,0.3425947970498795,(0.45893595041760177+0j),(0.21494568130093686+0j),(-0.33761144494547674+0j),1,2,0.6931471805599453,3,0.6673334560067431,1.1403294691885297,0.7352479009208064,0.2602,0.9899,0.9785,0.9986526677798084,0.0250699228383909
28,graph_28,100,7.781973234434385,1,-2.5533602508515383,0.4842424242424242,3.784189633918261,0.57,-0.57881722,0.3231294236360307,(0.4600835579992007+0j),(0.23196606141961976+0j),(-0.394343395935346+0j),1,2,0.6931471805599453,3,0.6606415924894334,1.1371652514696278,0.7264294630480632,0.2474,0.99,0.9751,0.9961795161579664,0.0440989336570066
29,graph_29,100,7.8156105320351905,1,-2.54904710206499,0.5008080808080808,3.7612001156935615,0.58,-0.58021281,0.3217876073595493,(0.46106734630492907+0j),(0.2342639188185361+0j),(-0.37152400214034315+0j),1,2,0.6931471805599453,3,0.66221446974273,1.136591478696742,0.7317466737071081,0.2523,0.99,0.99,0.9999999977288198,0.0
30,graph_30,100,7.701200180857446,1,-2.563794001630728,0.4466666666666666,3.6635616461296463,0.62,-0.6090929,0.3255558253290125,(0.4811718225018714+0j),(0.25651135356580446+0j),(-0.3889309530921609+0j),1,2,0.6931471805599453,3,0.6270622497269749,1.1358361774744028,0.75260072658652,0.2256,0.99,0.9899,0.9999812461064164,0.0005888315369181
31,graph_31,100,7.659642954564682,1,-2.5692048149975784,0.4284848484848484,3.688879454113936,0.6,-0.60660351,0.3264964268844303,(0.48020251596116903+0j),(0.2545687965397988+0j),(-0.43181697635183036+0j),1,2,0.6931471805599453,3,0.6215652200896805,1.1351931330472103,0.7482319955912761,0.2429,0.99,0.9897,0.9998418004794044,0.0046675666942372
32,graph_32,100,7.687538766201629,1,-2.565569510110234,0.4406060606060606,3.6635616461296463,0.62,-0.61088451,0.3231589907980159,(0.4829135280324435+0j),(0.2605401057595816+0j),(-0.42206828849696204+0j),1,2,0.6931471805599453,3,0.6197097360899744,1.1351724137931034,0.7546999479523581,0.2547,0.9899,0.9675,0.9988921106717292,0.0177943525259561
33,graph_33,100,8.248529124800218,1,-2.495135289439683,0.7721212121212121,4.204692619390966,0.33,-0.40764896,0.2900276202882439,(0.3427504034036445+0j),(0.11224726310431916+0j),(-0.21111198170933426+0j),1,2,0.6931471805599453,3,0.8369950729472211,1.1318118304611084,0.6358578360754886,0.2393,0.99,0.9728,0.9974728308225456,0.0383623223323136
34,graph_34,100,7.546974117516527,1,-2.584023482197465,0.3828282828282828,3.688879454113936,0.61,-0.61717659,0.3456978761386184,(0.490569455906479+0j),(0.2527397436477859+0j),(-0.5204391712861944+0j),1,2,0.6931471805599453,3,0.6021410925061762,1.1312803889789302,0.7379230526623055,0.2566,0.9896,0.9794,0.9902220144482085,0.0560738889397072
35,graph_35,100,8.055475141757274,1,-2.518818183916052,0.6365656565656566,3.9318256327243257,0.49,-0.54184267,0.409717874056829,(0.4352223573029818+0j),(0.12715124499525005+0j),(-0.24028082807574455+0j),1,2,0.6931471805599453,3,0.724511726275591,1.1312375249500997,0.7195332559125571,0.2462,0.99,0.98,0.993972304040637,0.0567739278488402
36,graph_36,100,7.698936199813447,1,-2.5640880225412377,0.4456565656565656,3.58351893845611,0.65,-0.61516402,0.3320843888783227,(0.48566604250236817+0j),(0.257098694798485+0j),(-0.39944965970099217+0j),1,2,0.6931471805599453,3,0.6184678642248921,1.128988458927359,0.7538531297605602,0.2613,0.99,0.9886,0.9991521321417972,0.0156797286306633
37,graph_37,100,8.129764445794171,1,-2.5096382363051624,0.6856565656565656,4.060443010546419,0.42,-0.47976064,0.3299734095461812,(0.3922646536289812+0j),(0.14007148105027534+0j),(-0.27750121251285015+0j),1,2,0.6931471805599453,3,0.7778362939528017,1.1275233874938455,0.6747198564205842,0.2641,0.9899,0.9801,0.9976496966860776,0.0361485368766339
38,graph_38,100,8.2482674474469,1,-2.495167014066,0.7719191919191919,4.23410650459726,0.32,-0.39876359,0.2767586555896568,(0.3366701455323134+0j),(0.11646522933559374+0j),(-0.23402150152521004+0j),1,2,0.6931471805599453,3,0.8422031898875003,1.1240671641791045,0.6307917390783278,0.2444,0.99,0.9661,0.9943706231517891,0.0576364649526146
39,graph_39,100,8.249575150000199,1,-2.495008483937189,0.7729292929292929,4.189654742026425,0.34,-0.4109789,0.2906705237040226,(0.34495738364325085+0j),(0.11445236033667532+0j),(-0.20261003767490526+0j),1,2,0.6931471805599453,3,0.8353761804977466,1.123559243891194,0.6369576760429609,0.2553,0.99,0.9896,0.999999971875106,0.0
40,graph_40,100,7.869019376499023,1,-2.542236734054362,0.5282828282828282,3.80666248977032,0.55,-0.57219692,0.3317703088789734,(0.45573544488827433+0j),(0.2195873869920425+0j),(-0.3348095418021215+0j),1,2,0.6931471805599453,3,0.6737891251663993,1.1217798594847777,0.7326958829347028,0.2494,0.99,0.989,0.9999917881647008,0.0002639412580263
41,graph_41,100,8.013343181386672,1,-2.5240621360315463,0.6103030303030303,3.8918202981106265,0.48,-0.56105665,0.4273353564272348,(0.448163910224321+0j),(0.12936012538656458+0j),(-0.25181496349371835+0j),1,2,0.6931471805599453,3,0.7037199005111106,1.1210126582278481,0.732952843203898,0.2435,0.99,0.977,0.9945599926001686,0.0515949502191771
42,graph_42,100,8.077136638538454,1,-2.516132752679757,0.6505050505050505,3.951243718581428,0.48,-0.51563971,0.3555592864017765,(0.4174711352714038+0j),(0.15062300501750533+0j),(-0.2536111252640173+0j),1,2,0.6931471805599453,3,0.7443334206554146,1.1166253101736974,0.6987577871732729,0.25,0.99,0.9887,0.9995937445921812,0.0069472024784704
43,graph_43,100,7.751045117971802,1,-2.5573424977829644,0.4694949494949495,3.713572066704308,0.6,-0.59106774,0.3155669788270678,(0.46854990117629536+0j),(0.24850618025445292+0j),(-0.3950664469959906+0j),1,2,0.6931471805599453,3,0.6476641409858973,1.1166123778501629,0.7375215510575931,0.2243,0.99,0.982,0.99900811868502,0.0186134094658854
44,graph_44,100,7.802618063442671,1,-2.5507108594508057,0.4943434343434343,3.784189633918261,0.57,-0.58865852,0.3572700610088481,(0.4672151791825348+0j),(0.21371898607015163+0j),(-0.3615485133022938+0j),1,2,0.6931471805599453,3,0.6502123708364964,1.1155500921942225,0.7417245590433189,0.2528,0.99,0.99,0.9999730049701874,0.0006181118401921
45,graph_45,100,7.840312983320164,1,-2.545891431080753,0.5133333333333333,3.828641396489095,0.55,-0.55312765,0.3000237550416791,(0.4418821291879568+0j),(0.22762040398633634+0j),(-0.389400701943998+0j),1,2,0.6931471805599453,3,0.6929261217814809,1.1141975308641976,0.7103502398717125,0.2538,0.99,0.9877,0.99965431605096,0.0081102173776321
46,graph_46,100,7.919719760924575,1,-2.53581436450942,0.5557575757575758,3.8918202981106265,0.52,-0.54750708,0.333613916577991,(0.43869836167063525+0j),(0.19644925053536552+0j),(-0.3282107285922723+0j),1,2,0.6931471805599453,3,0.7002671039060641,1.1122448979591837,0.7132859193305459,0.24,0.99,0.9712,0.9949040304243724,0.0491850556448594
47,graph_47,100,7.930565854233965,1,-2.534445796741545,0.5618181818181818,3.7612001156935615,0.58,-0.5976095,0.4378521276737015,(0.47260382828838204+0j),(0.15384800915308858+0j),(-0.22311250211762693+0j),1,2,0.6931471805599453,3,0.6637395818890481,1.1108179419525066,0.7569219691036495,0.2629,0.99,0.99,1.0000000018635395,0.0
48,graph_48,100,7.987864096085687,1,-2.5272467840888075,0.5949494949494949,3.828641396489095,0.55,-0.55647535,0.371783708591479,(0.4459997348590355+0j),(0.17417794052884972+0j),(-0.2261250571885186+0j),1,2,0.6931471805599453,3,0.7053212994334197,1.1106493506493507,0.7259749866240531,0.2519,0.9899,0.9716,0.9989708421987492,0.0187418088725648
49,graph_49,100,8.014004994779459,1,-2.5239795505176,0.6107070707070708,3.8918202981106265,0.52,-0.55578775,0.4113600536191153,(0.4446512205781512+0j),(0.13853159471975612+0j),(-0.2605899032387452+0j),1,2,0.6931471805599453,3,0.707031534815895,1.108816120906801,0.7280850086831387,0.2482,0.99,0.9802,0.9998087319121096,0.0050714379564918
50,graph_50,100,8.085486772102845,1,-2.515099487955937,0.655959595959596,4.007333185232471,0.45,-0.51647637,0.3782201294962306,(0.41780473599407425+0j),(0.13138257096968115+0j),(-0.2604984177289872+0j),1,2,0.6931471805599453,3,0.7461595903563046,1.3087981598619896,0.7009628648161442,0.2589,0.99,0.9894,0.9993649361694522,0.0043448777358003
51,graph_51,100,8.098946748943339,1,-2.5134361637591103,0.6648484848484848,4.02535169073515,0.45,-0.51097065,0.3698326516471637,(0.4140475278658503+0j),(0.13374070305702948+0j),(-0.25007409097822136+0j),1,2,0.6931471805599453,3,0.7519296637560905,1.292792792792793,0.697660040244487,0.2569,0.99,0.9873,0.9995761355457748,0.0095315201403343
52,graph_52,100,8.15478757276852,1,-2.506564998964563,0.703030303030303,4.143134726391533,0.36,-0.46632193,0.3353572083466241,(0.3828573975016382+0j),(0.12320094087270145+0j),(-0.285557648689195+0j),1,2,0.6931471805599453,3,0.7924498995957945,1.289532293986637,0.6655172466692357,0.2546,0.9898,0.989,0.9998808210678988,0.0011105891162963
53,graph_53,100,8.080546965824498,1,-2.515710621956048,0.6527272727272727,4.007333185232471,0.46,-0.51939456,0.3808369965978804,(0.4197112179483228+0j),(0.13162905320781987+0j),(-0.26866309948954514+0j),1,2,0.6931471805599453,3,0.7438934673532985,1.2810383747178329,0.7026450209425568,0.2543,0.99,0.9728,0.9971368466298453,0.0376580284635884
54,graph_54,100,8.11701408773731,1,-2.5112078226263144,0.676969696969697,4.060443010546419,0.43,-0.5085239,0.3826842932359251,(0.41239569084858296+0j),(0.12022244807001692+0j),(-0.24103861184824782+0j),1,2,0.6931471805599453,3,0.7582662306457095,1.2654387865655472,0.6971794309553814,0.2504,0.99,0.9714,0.99482748761317,0.0540634940187577
55,graph_55,100,8.118207049405783,1,-2.511060862919324,0.6777777777777778,4.060443010546419,0.43,-0.4959222,0.352320301424351,(0.4033593743313082+0j),(0.13498919802764217+0j),(-0.28004248310871727+0j),1,2,0.6931471805599453,3,0.7668217672085419,1.2597260273972604,0.6853205789093616,0.2375,0.9898,0.9725,0.9919680165768672,0.0639287782871332
56,graph_56,100,8.12533508671429,1,-2.5101832171809364,0.6826262626262626,4.02535169073515,0.43,-0.4951774,0.3373937104798004,(0.4031652629157473+0j),(0.14769602384682343+0j),(-0.2468654902712296+0j),1,2,0.6931471805599453,3,0.7663412014265346,1.2582925502990756,0.6848218353343558,0.2401,0.99,0.9892,0.9992502282361472,0.0116818200840803
57,graph_57,100,8.098034756176071,1,-2.5135487764416578,0.6642424242424242,4.007333185232471,0.46,-0.50990592,0.359889967298723,(0.4132151650567254+0j),(0.14130881687864133+0j),(-0.2611692763857366+0j),1,2,0.6931471805599453,3,0.7524460263647418,1.2516411378555798,0.695863349673172,0.2516,0.99,0.9819,0.9995954133505722,0.0070334544682192
58,graph_58,100,8.14002395246292,1,-2.50837706341496,0.6927272727272727,4.060443010546419,0.43,-0.47803397,0.3255091364553415,(0.3913412553572876+0j),(0.14276091482196093+0j),(-0.24846509753992094+0j),1,2,0.6931471805599453,3,0.7787631042323219,1.2127882599580713,0.6749056186034048,0.2402,0.99,0.9743,0.9960274988597256,0.0489437901098412
59,graph_59,100,8.025843344150903,1,-2.5225034328797187,0.617979797979798,3.871201010907891,0.47,-0.56543936,0.4535087535187643,(0.45093605248814544+0j),(0.10999468887506267+0j),(-0.22616912343304077+0j),1,2,0.6931471805599453,3,0.7051195696296263,1.2095391211146838,0.7378229484555495,0.2531,0.99,0.9896,0.9996537885745348,0.0094175751178452
60,graph_60,100,8.187021067343505,1,-2.502620082329288,0.7260606060606061,4.0943445622221,0.41,-0.44470556,0.2801156402020544,(0.3682503691822073+0j),(0.15279678198971058+0j),(-0.2513530326930785+0j),1,2,0.6931471805599453,3,0.8070547742725622,1.2053663570691435,0.6510852969480083,0.2527,0.9879,0.9752,0.9746057508202242,0.1125541864931056
61,graph_61,100,7.9391588179567965,1,-2.533362858664153,0.5666666666666667,3.7612001156935615,0.57,-0.60801086,0.4595722404460831,(0.47849129661826095+0j),(0.14329120558345923+0j),(-0.1895231711065226+0j),1,2,0.6931471805599453,3,0.6626756187387278,1.2045964125560538,0.7661319098855032,0.2675,0.99,0.99,0.999999996636186,0.0
62,graph_62,100,8.20303024171486,1,-2.500666558309047,0.7377777777777778,4.110873864173311,0.4,-0.43184402,0.2685258094378926,(0.35961421059172294+0j),(0.1520777457538526+0j),(-0.24137782551359577+0j),1,2,0.6931471805599453,3,0.8161060415679651,1.1918016194331984,0.6448521519011101,0.2529,0.99,0.9831,0.9998989134875093,0.0023856166904062
63,graph_63,100,8.18060094759445,1,-2.5034045725957976,0.7214141414141414,4.110873864173311,0.38,-0.44381837,0.2996045624553023,(0.3674341638184665+0j),(0.1348981016389664+0j),(-0.2724093162915965+0j),1,2,0.6931471805599453,3,0.8079598062850681,1.1914022517911975,0.6519179893600925,0.2587,0.9896,0.9851,0.999453547905998,0.0084679838555487
64,graph_64,100,7.851661177889265,1,-2.544445061563333,0.5191919191919192,3.6375861597263857,0.63,-0.60981515,0.3971039382376389,(0.4810012068222614+0j),(0.19933377403353816+0j),(-0.2555150015871477+0j),1,2,0.6931471805599453,3,0.6483579396610052,1.1881067961165048,0.761867712644664,0.2371,0.99,0.9885,0.999960663178784,0.001242970372926
65,graph_65,100,8.190354403763262,1,-2.5022130163165843,0.7284848484848485,4.110873864173311,0.38,-0.43788215,0.2794922709298253,(0.363490407765104+0j),(0.14742708906779473+0j),(-0.2562245984801563+0j),1,2,0.6931471805599453,3,0.811356042616681,1.1814964610717897,0.6480863193592373,0.2337,0.9899,0.9858,0.999315246850271,0.0206919561367359
66,graph_66,100,8.156223323194624,1,-2.5063889521899063,0.704040404040404,4.07753744390572,0.42,-0.46713997,0.2987730348512163,(0.3834803250320211+0j),(0.15581470594431543+0j),(-0.2747562126855924+0j),1,2,0.6931471805599453,3,0.7905397179107837,1.1718907987866531,0.6651362859282706,0.2391,0.99,0.9899,1.0000000187834244,0.0
67,graph_67,100,8.035278911144667,1,-2.521328475373103,0.6238383838383839,3.951243718581428,0.48,-0.54955783,0.4230708884920551,(0.44039670320708774+0j),(0.12244098489975887+0j),(-0.2549389699274756+0j),1,2,0.6931471805599453,3,0.7163874816867597,1.1710251046025104,0.7250643088215717,0.247,0.9899,0.9817,0.9986692329061204,0.0229552171433044
68,graph_68,100,7.977968093128549,1,-2.528486431870037,0.5890909090909091,3.828641396489095,0.53,-0.57891274,0.4339756022136458,(0.46006030643767315+0j),(0.13993055035174998+0j),(-0.23081721492139515+0j),1,2,0.6931471805599453,3,0.6856407281513833,1.1698924731182796,0.7462282527964577,0.2427,0.99,0.9869,0.9997221577600884,0.0052853500127652
69,graph_69,100,7.902117546276448,1,-2.538039418599984,0.546060606060606,3.688879454113936,0.61,-0.61360011,0.4283226132281428,(0.4826251388957704+0j),(0.1756323858267424+0j),(-0.21458506627845192+0j),1,2,0.6931471805599453,3,0.6540884535851114,1.1664791901012372,0.7672956397966784,0.2702,0.99,0.99,0.9999628185312588,0.0008449600045793
70,graph_70,100,7.752764808851328,1,-2.557120656713615,0.4703030303030303,3.6635616461296463,0.62,-0.60742701,0.3590875897077932,(0.4801154722348513+0j),(0.22886589541470137+0j),(-0.34246367696613017+0j),1,2,0.6931471805599453,3,0.6294538256443403,1.166225165562914,0.7565497735159633,0.2457,0.99,0.9752,0.9950490371740968,0.046123694291162
71,graph_71,100,7.9868449011613825,1,-2.527374385151946,0.5943434343434344,3.8501476017100575,0.52,-0.57788366,0.4415062851330724,(0.4593006603679008+0j),(0.13230839130522606+0j),(-0.22977761945805208+0j),1,2,0.6931471805599453,3,0.6881008563902984,1.1650743099787686,0.7460911104944434,0.2504,0.99,0.9896,0.9995143293613714,0.0115743510108839
72,graph_72,100,7.566828479208331,1,-2.581396165480098,0.3905050505050505,3.610917912644224,0.64,-0.62267743,0.3490790593003099,(0.49310197443953036+0j),(0.25333005961135957+0j),(-0.4670168238581481+0j),1,2,0.6931471805599453,3,0.5939137605405261,1.156597774244833,0.7527161041835947,0.2664,0.9898,0.9896,0.999808777083832,0.0013398915485107
73,graph_73,100,8.094988759303774,1,-2.5139249874568907,0.6622222222222223,4.007333185232471,0.46,-0.5119294,0.3672627227595004,(0.4147871511701359+0j),(0.13696300307823772+0j),(-0.2511279841101419+0j),1,2,0.6931471805599453,3,0.7507978045712483,1.154040404040404,0.6971479315192638,0.2452,0.99,0.978,0.994177917441582,0.0548544790476767
74,graph_74,100,7.926241523170962,1,-2.5349912194192985,0.5593939393939394,3.7612001156935615,0.56,-0.60318582,0.4278247899216409,(0.47571660855872167+0j),(0.1666511965971235+0j),(-0.209412123355491+0j),1,2,0.6931471805599453,3,0.6643028567004723,1.1514161220043573,0.7634524895245144,0.2583,0.99,0.9899,1.0000000267297169,0.0
75,graph_75,100,7.576609766973037,1,-2.580104346678324,0.3943434343434343,3.58351893845611,0.65,-0.64794974,0.3918116617406419,(0.5105718772492425+0j),(0.24250070506163796+0j),(-0.41330310980723567+0j),1,2,0.6931471805599453,3,0.5594782863900422,1.1498493975903614,0.7822746365801773,0.237,0.9899,0.9858,0.998458355949688,0.0238284895127088
76,graph_76,100,7.866722285136729,1,-2.5425286925051305,0.527070707070707,3.6375861597263857,0.63,-0.61437965,0.3920576819656289,(0.4836473389950383+0j),(0.20695063393429602+0j),(-0.26354601120450294+0j),1,2,0.6931471805599453,3,0.6473749273243508,1.1478711162255466,0.7646608785037392,0.2483,0.99,0.9898,0.999741738367752,0.0063122824753013
77,graph_77,100,7.720017940432244,1,-2.56135349806392,0.4551515151515151,3.610917912644224,0.64,-0.61225295,0.3402041101766022,(0.48358090709332713+0j),(0.24816210341421863+0j),(-0.37322516253935223+0j),1,2,0.6931471805599453,3,0.6236024142366461,1.146127946127946,0.7554371114118562,0.236,0.99,0.9896,1.0000001104518852,0.0
78,graph_78,100,7.89989532313973,1,-2.538320676838378,0.5448484848484848,3.6635616461296463,0.62,-0.61855306,0.4276347530960893,(0.48581745664396137+0j),(0.1805437200563116+0j),(-0.22393849130896376+0j),1,2,0.6931471805599453,3,0.6474119694738252,1.1452236333517394,0.7690026503147931,0.2487,0.99,0.9836,0.9987410088173608,0.0201447232092876
79,graph_79,100,7.7284157798410416,1,-2.560266288785871,0.458989898989899,3.6635616461296463,0.62,-0.60457141,0.3533618743297748,(0.478256802091986+0j),(0.23103064175115778+0j),(-0.35744296201549675+0j),1,2,0.6931471805599453,3,0.631509387783644,1.142281879194631,0.7492314047534002,0.2578,0.99,0.9706,0.9944751177132743,0.0500296309593328
80,graph_80,100,8.0861025356691,1,-2.515023334208172,0.6563636363636364,4.007333185232471,0.45,-0.52479011,0.3894488532518576,(0.4234784406782509+0j),(0.12911061222552542+0j),(-0.2636591311089604+0j),1,2,0.6931471805599453,3,0.7422093303931235,1.1420765027322404,0.7076024255382374,0.2685,0.99,0.9895,0.9997628183961782,0.007492732398282
81,graph_81,100,7.884576510596324,1,-2.5402616752467124,0.5365656565656566,3.688879454113936,0.61,-0.61162439,0.406315870858976,(0.4817563568517715+0j),(0.1927663435748285+0j),(-0.2451163464527069+0j),1,2,0.6931471805599453,3,0.6493784826403772,1.1390134529147982,0.7650602607645786,0.2593,0.99,0.9899,0.9996992851501446,0.0095038645812814
82,graph_82,100,7.926241523170962,1,-2.5349912194192985,0.5593939393939394,3.7612001156935615,0.58,-0.59051038,0.384452626866764,(0.46789733268318956+0j),(0.19242108883518122+0j),(-0.24547684078594495+0j),1,2,0.6931471805599453,3,0.6729308898028531,1.1387978142076502,0.75261837764869,0.2491,0.99,0.9898,0.9998717429595386,0.004049451771099
83,graph_83,100,8.025189321890835,1,-2.5225849257374104,0.6175757575757576,3.912023005428146,0.5,-0.54327443,0.3988325912448422,(0.4363796257168867+0j),(0.13825072233245733+0j),(-0.25514454082138904+0j),1,2,0.6931471805599453,3,0.7173555797016855,1.1350515463917525,0.7203138102361476,0.2444,0.9899,0.9759,0.9977432700130624,0.0315058994881237
84,graph_84,100,7.741967899820685,1,-2.55851428007984,0.4652525252525252,3.610917912644224,0.64,-0.59114899,0.2862570138845481,(0.46861975780865717+0j),(0.2711946410561787+0j),(-0.3745618798286499+0j),1,2,0.6931471805599453,3,0.6704469097541242,1.1326732673267326,0.7451150550962548,0.2758,0.99,0.99,1.000000016383057,0.0
85,graph_85,100,8.057060681965766,1,-2.518621375638204,0.6375757575757576,4.04305126783455,0.44,-0.51776231,0.3873185710631175,(0.41846363867365516+0j),(0.12425670018719015+0j),(-0.30555587942672396+0j),1,2,0.6931471805599453,3,0.7437127289888026,1.132239876986161,0.7000157098219286,0.2476,0.99,0.979,0.9975934904568228,0.0359998828338119
86,graph_86,100,7.669961995473577,1,-2.567858525579015,0.4329292929292929,3.58351893845611,0.65,-0.61742992,0.3676092371243198,(0.48770008457996794+0j),(0.23187104168379624+0j),(-0.3897321551877091+0j),1,2,0.6931471805599453,3,0.6106673361329195,1.1318373071528751,0.7532666004144919,0.2603,0.99,0.9748,0.9973100053803026,0.033576057530881
87,graph_87,100,8.052296499538647,1,-2.5192128557962685,0.6345454545454545,3.9889840465642745,0.46,-0.54099084,0.4243539290054077,(0.4345011593146714+0j),(0.11318459609514066+0j),(-0.2677093376035307+0j),1,2,0.6931471805599453,3,0.7257000477672059,1.1310655327663832,0.71983420222968,0.2487,0.99,0.9879,0.999585922369485,0.0104080884947519
88,graph_88,100,7.270312886079025,1,-2.621370857393664,0.2903030303030303,3.555348061489413,0.66,-0.6470003,0.3373866511522785,(0.5169682543508365+0j),(0.2923331699800839+0j),(-0.563418679025957+0j),1,2,0.6931471805599453,3,0.5399059112292902,1.1304791029561672,0.7717461506847272,0.2437,0.9899,0.9801,0.9987779806231564,0.0209518663154749
89,graph_89,100,8.113426639943654,1,-2.511649886759048,0.6745454545454546,4.060443010546419,0.41,-0.49690358,0.3548411220220175,(0.4039536465021702+0j),(0.13356311545291363+0j),(-0.29104295293177057+0j),1,2,0.6931471805599453,3,0.7662679623572752,1.1304347826086958,0.6852350692404209,0.2398,0.99,0.9891,1.00000004536986,0.0
90,graph_90,100,7.892452043520352,1,-2.5392633207655564,0.5408080808080808,3.713572066704308,0.59,-0.60187174,0.3875549137806111,(0.4753856079990534+0j),(0.19973527606426655+0j),(-0.25027636150385923+0j),1,2,0.6931471805599453,3,0.6623972315778591,1.1300722623679822,0.7594322073649993,0.2458,0.99,0.9895,0.9999685100268072,0.0009950051655322
91,graph_91,100,7.693025748417888,1,-2.564856014523799,0.443030303030303,3.6635616461296463,0.62,-0.60025244,0.3199948406407511,(0.475184100818448+0j),(0.2533354896473276+0j),(-0.3926764272134117+0j),1,2,0.6931471805599453,3,0.6347531096871466,1.128808864265928,0.7433941940317809,0.253,0.9898,0.9894,0.9992121104733728,0.0098287412565446
92,graph_92,100,7.974532844130228,1,-2.5289171165714435,0.5870707070707071,3.871201010907891,0.51,-0.56015096,0.3967672502562871,(0.4477485243024322+0j),(0.15530820148029476+0j),(-0.27766901793341603+0j),1,2,0.6931471805599453,3,0.6983055443904754,1.1282458929517754,0.732621941965802,0.2519,0.99,0.9885,0.9996804304574572,0.0101100737687318
93,graph_93,100,8.09132127353041,1,-2.514378146432431,0.6597979797979798,4.007333185232471,0.46,-0.51428191,0.3614308208910857,(0.41630949562766795+0j),(0.14403478393463592+0j),(-0.25284246564580626+0j),1,2,0.6931471805599453,3,0.7482278589119481,1.128154379020287,0.6981015795519359,0.2637,0.9899,0.9851,0.9981180880392506,0.0314707925198443
94,graph_94,100,7.2640301428995295,1,-2.622235395069469,0.2884848484848485,3.555348061489413,0.66,-0.641745,0.3385302432016128,(0.516165652531619+0j),(0.2904733808875087+0j),(-0.6191492066332948+0j),1,2,0.6931471805599453,3,0.5486082431651111,1.127348643006263,0.757002020508519,0.2546,0.9877,0.9748,0.981203601999288,0.0730512620951783
95,graph_95,100,7.900266036767701,1,-2.5382737515419085,0.545050505050505,3.737669618283368,0.58,-0.60107674,0.3999924016792051,(0.47487345180435886+0j),(0.18881568868699994+0j),(-0.24771444244936164+0j),1,2,0.6931471805599453,3,0.6582339749278004,1.127062706270627,0.7594496974725323,0.2631,0.99,0.9779,0.999835878694522,0.0027152413807455
96,graph_96,100,7.8724551500639794,1,-2.5418002090498315,0.5301010101010101,3.6375861597263857,0.63,-0.61708886,0.4135249734873794,(0.48524228434571554+0j),(0.19148246327143842+0j),(-0.2372720944409697+0j),1,2,0.6931471805599453,3,0.6473133427248944,1.1264689423614997,0.7671494091167954,0.257,0.99,0.99,0.9999999753986736,0.0
97,graph_97,100,7.855932199718614,1,-2.5439012453552188,0.5214141414141414,3.713572066704308,0.6,-0.60334919,0.3914106882206096,(0.4767888294862212+0j),(0.19842662677294767+0j),(-0.26630662699974766+0j),1,2,0.6931471805599453,3,0.6494779495562284,1.124426605504587,0.7597830038651219,0.2381,0.99,0.9892,0.9996593916375786,0.0100817574288401
98,graph_98,100,7.597396320212795,1,-2.577364586838661,0.4026262626262626,3.58351893845611,0.65,-0.62781636,0.3498376285555724,(0.4953150995289452+0j),(0.2555546796077084+0j),(-0.41019268205336656+0j),1,2,0.6931471805599453,3,0.591707618266246,1.1241734019103602,0.7676869163192763,0.2479,0.99,0.989,0.9996575005124048,0.0107011532308281
99,graph_99,100,7.311886164077165,1,-2.615668920327621,0.3026262626262626,3.555348061489413,0.66,-0.64212376,0.3687007242968811,(0.5148328852407671+0j),(0.2659410226763638+0j),(-0.5996754217275344+0j),1,2,0.6931471805599453,3,0.5506372938732593,1.123876123876124,0.7516709269655013,0.2532,0.9898,0.9712,0.9897184571491404,0.0593950426766395
100,graph_100,100,8.132706489693264,1,-2.509276416266515,0.6876767676767677,4.04305126783455,0.42,-0.48982771,0.3495106790881226,(0.3993516734831508+0j),(0.13220926869362495+0j),(-0.25397872531915877+0j),1,2,0.6931471805599453,3,0.7711638998440796,1.491025641025641,0.68361467917832,0.2576,0.9897,0.9795,0.9926685907727608,0.0615960357179857
101,graph_101,100,8.135639903354386,1,-2.5089157878876938,0.6896969696969697,4.02535169073515,0.44,-0.49016799,0.3377204502446289,(0.3996120416948652+0j),(0.1428229863953736+0j),(-0.253277377446928+0j),1,2,0.6931471805599453,3,0.7718670368539154,1.46158650843223,0.6854130055608572,0.252,0.99,0.99,0.9999076918868908,0.0022807602215616
102,graph_102,100,8.09040229659332,1,-2.5144917285158344,0.6591919191919192,4.007333185232471,0.45,-0.5249002,0.4160198718203107,(0.423488001555676+0j),(0.10549410808399384+0j),(-0.2623701189215057+0j),1,2,0.6931471805599453,3,0.7439685964719794,1.3101301641199772,0.7095468683345225,0.2566,0.99,0.9771,0.9971914793843,0.0360316370138605
103,graph_103,100,8.117610746466228,1,-2.5111343181585144,0.6773737373737374,4.02535169073515,0.43,-0.49743741,0.3553579291229365,(0.4045506573481559+0j),(0.13389347106339716+0j),(-0.26490405907119446+0j),1,2,0.6931471805599453,3,0.7640362882727877,1.3041760722347628,0.6892335400662588,0.2483,0.99,0.9899,0.9999160277641104,0.0025461172676436
104,graph_104,100,8.105911197986508,1,-2.5125766129386378,0.6694949494949495,4.007333185232471,0.42,-0.50577372,0.3801244110543607,(0.410262857740722+0j),(0.11963865057131998+0j),(-0.2769775979825151+0j),1,2,0.6931471805599453,3,0.7580591902418453,1.3040770101925254,0.6949305946357043,0.2608,0.99,0.99,0.9999244504457524,0.002388020530344
105,graph_105,100,8.067149039910106,1,-2.517370044945446,0.6440404040404041,3.9889840465642745,0.47,-0.51980324,0.3711275546959069,(0.42008789965782944+0j),(0.14060314212174593+0j),(-0.2626605741487443+0j),1,2,0.6931471805599453,3,0.7399486560206727,1.2836676217765044,0.7026348418262669,0.247,0.9899,0.9819,0.9999183590391592,0.0019909669859014
106,graph_106,100,8.074960359115858,1,-2.51640222597924,0.649090909090909,3.9889840465642745,0.44,-0.51988444,0.3835624950426171,(0.41999302340994754+0j),(0.12961361534492688+0j),(-0.277576520450285+0j),1,2,0.6931471805599453,3,0.7426137642908963,1.2706809229037703,0.702769392436857,0.2548,0.99,0.9849,0.9994822591208476,0.0096394614399372
107,graph_107,100,8.116715624819111,1,-2.5112445933405643,0.6767676767676768,4.07753744390572,0.42,-0.4935622,0.3528619282977729,(0.4017900118608721+0j),(0.13246192254260275+0j),(-0.27499229687923515+0j),1,2,0.6931471805599453,3,0.7671903773067429,1.2682522123893805,0.6845525622357342,0.2393,0.99,0.9764,0.9959951687995132,0.0469898892655504
108,graph_108,100,8.11969625295725,1,-2.5108774397854488,0.6787878787878788,4.07753744390572,0.42,-0.49877667,0.3664095032599721,(0.40547235023787254+0j),(0.1253996090883269+0j),(-0.2657049709342228+0j),1,2,0.6931471805599453,3,0.7646137482028684,1.2626702997275203,0.6895835160148276,0.2419,0.9898,0.9888,0.9996846725868496,0.0083576752019682
109,graph_109,100,8.16194579946869,1,-2.505687589620904,0.7080808080808081,4.127134385045092,0.38,-0.45854189,0.3316197350414498,(0.377596845555757+0j),(0.11969673914381594+0j),(-0.2841067624272666+0j),1,2,0.6931471805599453,3,0.7981984684786864,1.2504038772213246,0.6624822255872611,0.2558,0.99,0.99,0.9999577085810236,0.0010416705327231
110,graph_110,100,8.12740456269308,1,-2.5099285553781123,0.684040404040404,4.02535169073515,0.44,-0.50084039,0.3652570886712323,(0.4071416646661536+0j),(0.12862173348960282+0j),(-0.2351126532768923+0j),1,2,0.6931471805599453,3,0.7637415065446739,1.2460063897763578,0.6913761994617943,0.2243,0.9898,0.9799,0.992689528937824,0.0656929099698515
111,graph_111,100,8.119993827725105,1,-2.51084079194717,0.678989898989899,4.04305126783455,0.44,-0.49308844,0.344408039308282,(0.40134870940542794+0j),(0.13926621410605303+0j),(-0.28623621256402715+0j),1,2,0.6931471805599453,3,0.7690479066885422,1.2393300918422474,0.6825344593624805,0.257,0.99,0.9841,0.9994061382230944,0.0113750051745268
112,graph_112,100,8.120886021092838,1,-2.5107309218690785,0.6795959595959596,4.04305126783455,0.42,-0.50025444,0.3578499906929484,(0.4065591552558608+0j),(0.13434903906342832+0j),(-0.25654464550822154+0j),1,2,0.6931471805599453,3,0.7632298223582151,1.23906083244397,0.6903240134927485,0.2573,0.99,0.9798,0.9921378053457102,0.067622983868925
113,graph_113,100,8.124446855715847,1,-2.5102925393863016,0.682020202020202,3.9889840465642745,0.43,-0.49376314,0.3425785513869042,(0.4021852297465652+0j),(0.14194190406031887+0j),(-0.24560611933742083+0j),1,2,0.6931471805599453,3,0.7660733154515159,1.2341333333333333,0.6855005454765839,0.2608,0.9896,0.9799,0.9935876234006163,0.0611016436635729
114,graph_114,100,8.145549631783584,1,-2.5076984653288528,0.6965656565656566,4.04305126783455,0.42,-0.4840242,0.3427866402574617,(0.39540497115893386+0j),(0.13295518118495986+0j),(-0.24443040980572261+0j),1,2,0.6931471805599453,3,0.7769713818969328,1.221759500260281,0.6806843526731273,0.2626,0.9899,0.9799,0.9979575420810168,0.031420310536966
115,graph_115,100,7.739359202689098,1,-2.558851292164012,0.464040404040404,3.610917912644224,0.64,-0.60984749,0.3483805100744308,(0.4817347651661552+0j),(0.23941039376582915+0j),(-0.3506959558943837+0j),1,2,0.6931471805599453,3,0.6285484734868774,1.2215189873417722,0.7562036557436085,0.2422,0.9899,0.9868,0.9999586659462006,0.000151023643946
116,graph_116,100,8.08394570229562,1,-2.515290103157099,0.654949494949495,3.951243718581428,0.48,-0.52345543,0.3725503410984814,(0.422878919863719+0j),(0.14306009147681595+0j),(-0.22296919013914127+0j),1,2,0.6931471805599453,3,0.7409440310924681,1.2215088282504012,0.7045032461884688,0.2528,0.9898,0.9799,0.989490136101485,0.0761648675810743
117,graph_117,100,7.909489492673759,1,-2.5371069457762774,0.5501010101010101,3.6375861597263857,0.63,-0.62374915,0.4506807857316814,(0.48886773154863944+0j),(0.16533498170759853+0j),(-0.20350982898568162+0j),1,2,0.6931471805599453,3,0.6451668957237414,1.202054794520548,0.7734116880623781,0.2558,0.99,0.9898,0.999744051952968,0.0080893408847275
118,graph_118,100,7.409741954080923,1,-2.6023745712971373,0.3337373737373737,3.555348061489413,0.66,-0.65141667,0.383424701729588,(0.5182623386423484+0j),(0.25903773111867007+0j),(-0.5182184249010545+0j),1,2,0.6931471805599453,3,0.5349157699770682,1.1795580110497237,0.7754236228523327,0.2634,0.99,0.99,1.0000001366494695,0.0
119,graph_119,100,7.931644021454311,1,-2.534309855125533,0.5624242424242424,3.713572066704308,0.6,-0.60661857,0.4292948951311324,(0.47816154600157795+0j),(0.1687390288407537+0j),(-0.22344465928062732+0j),1,2,0.6931471805599453,3,0.6585661403795812,1.1786903440621532,0.7629310510835609,0.2585,0.99,0.99,0.9999999782407568,0.0
120,graph_120,100,8.193400231952097,1,-2.501841205545287,0.7307070707070707,4.0943445622221,0.4,-0.44406843,0.2895762556616998,(0.36798065666637764+0j),(0.1443062409754194+0j),(-0.23138082175573013+0j),1,2,0.6931471805599453,3,0.8074711842673765,1.1757093081134893,0.6530271403972329,0.2447,0.9899,0.9857,0.9985202506140162,0.0310781104526545
121,graph_121,100,7.919356190660617,1,-2.5358602725238946,0.5555555555555556,3.688879454113936,0.61,-0.60401806,0.4034531085672359,(0.4769217483801005+0j),(0.18867984893830042+0j),(-0.24529950037374984+0j),1,2,0.6931471805599453,3,0.6588886743315815,1.1739130434782608,0.7559999703053966,0.2472,0.99,0.9898,0.9996133148766632,0.0107096636355089
122,graph_122,100,7.971776122880628,1,-2.529262866962053,0.5854545454545454,3.80666248977032,0.56,-0.58196891,0.4112851481591886,(0.4622926511484904+0j),(0.16247995111113037+0j),(-0.2398686164534429+0j),1,2,0.6931471805599453,3,0.6810123031686462,1.1655879180151023,0.7456866763056086,0.256,0.99,0.9899,1.0000000055836864,0.0
123,graph_123,100,7.855932199718614,1,-2.5439012453552188,0.5214141414141414,3.688879454113936,0.61,-0.5897508,0.3573432079257399,(0.4680745228183869+0j),(0.21476712443106624+0j),(-0.27463410320019493+0j),1,2,0.6931471805599453,3,0.6719179030434481,1.1547192353643967,0.74893443306609,0.2427,0.99,0.9894,0.9999882194794272,0.0003760787350177
124,graph_124,100,7.953318346560431,1,-2.5315809423267943,0.5747474747474748,3.737669618283368,0.58,-0.59561961,0.4144702563547631,(0.4711606091020979+0j),(0.17175086900716385+0j),(-0.22834004358581594+0j),1,2,0.6931471805599453,3,0.669941772227237,1.1513687600644122,0.7539542911020727,0.2469,0.99,0.99,0.9999846348783036,0.0004862609519185
125,graph_125,100,8.066521490469993,1,-2.517447838704684,0.6436363636363637,3.970291913552122,0.42,-0.51491918,0.3685023015241073,(0.4167305188088003+0j),(0.13844921596699658+0j),(-0.2698917910144593+0j),1,2,0.6931471805599453,3,0.7430044712162808,1.1452026680348897,0.7005649573120172,0.2587,0.99,0.9899,1.0000000206110726,0.0
126,graph_126,100,7.797291273547472,1,-2.551393785227765,0.4917171717171717,3.6375861597263857,0.63,-0.64348991,0.4770955961595304,(0.5026277490167042+0j),(0.1620880645565019+0j),(-0.2527277077931992+0j),1,2,0.6931471805599453,3,0.6046510185730675,1.144642857142857,0.7900575190155242,0.2424,0.99,0.99,0.9999999993324048,0.0
127,graph_127,100,7.570443252057374,1,-2.5809185664804986,0.3919191919191919,3.610917912644224,0.64,-0.63976607,0.3871270615508606,(0.5050222421664877+0j),(0.2389344673624916+0j),(-0.42821264650881763+0j),1,2,0.6931471805599453,3,0.5698049817580514,1.1439451637471438,0.7742264095326147,0.2535,0.9899,0.9801,0.9985817339687318,0.0243262112447689
128,graph_128,100,7.934871565945177,1,-2.5339030179069133,0.5642424242424242,3.688879454113936,0.6,-0.61071899,0.4403451391656268,(0.4802932127261111+0j),(0.16229161183538418+0j),(-0.19564728412683563+0j),1,2,0.6931471805599453,3,0.6609060402684563,1.1435457953936796,0.7645002942582462,0.249,0.99,0.9801,0.9921328522663466,0.0637300891432688
129,graph_129,100,8.220941168281389,1,-2.498485486116492,0.7511111111111111,4.219507705176107,0.32,-0.4112967,0.2868500071316469,(0.3456836892252036+0j),(0.11876531298339106+0j),(-0.2691320508164731+0j),1,2,0.6931471805599453,3,0.8339701853155838,1.1400966183574879,0.6347499399591351,0.2492,0.99,0.989,0.9999549674764402,0.0009679920155018
130,graph_130,100,7.952615111651,1,-2.5316693665505894,0.5743434343434344,3.784189633918261,0.55,-0.59698017,0.4408738103605152,(0.47167911678804475+0j),(0.14997845972504995+0j),(-0.20343837925999228+0j),1,2,0.6931471805599453,3,0.6709237107261627,1.1390798519301957,0.7576506784166311,0.2424,0.99,0.9895,0.9999907712486664,0.0002787985231762
131,graph_131,100,8.08886878916199,1,-2.514681292981105,0.6581818181818182,3.9318256327243257,0.48,-0.52863924,0.4001377154969527,(0.4262760904009631+0j),(0.12346097073868229+0j),(-0.22223929092862627+0j),1,2,0.6931471805599453,3,0.7390968046604978,1.137322216772928,0.7117864173464584,0.2472,0.99,0.99,0.9997015318367084,0.0094316583862557
132,graph_132,100,8.010027528481734,1,-2.524475988149468,0.6082828282828283,3.8918202981106265,0.49,-0.5603638,0.4293903635438685,(0.44770347569957+0j),(0.12691832589138818+0j),(-0.2591833909852621+0j),1,2,0.6931471805599453,3,0.7049075961252205,1.1356628982528263,0.7339754241349135,0.2482,0.99,0.99,0.9999999990632468,0.0
133,graph_133,100,8.003363058629947,1,-2.5253083503154072,0.6042424242424242,3.8918202981106265,0.52,-0.55783636,0.3937817899457652,(0.4461395877565942+0j),(0.15571037863588652+0j),(-0.24887087148773482+0j),1,2,0.6931471805599453,3,0.7030602885176641,1.133056133056133,0.728853226728948,0.2582,0.99,0.99,0.9998284398412448,0.0054224786717821
134,graph_134,100,7.970740390007095,1,-2.529392800385569,0.5848484848484848,3.737669618283368,0.59,-0.59793994,0.4333777941421994,(0.47222579164110584+0j),(0.15715896669670695+0j),(-0.19340364177526354+0j),1,2,0.6931471805599453,3,0.6751216122307158,1.1321243523316062,0.7547495869750741,0.2623,0.99,0.99,0.9999308676022488,0.0015760061758843
135,graph_135,100,7.486613313139955,1,-2.592053651844144,0.3604040404040404,3.4339872044851463,0.7,-0.65490245,0.366102870792111,(0.5155071259642711+0j),(0.268793240238031+0j),(-0.42822662444612525+0j),1,2,0.6931471805599453,3,0.5482069747940611,1.1310289389067525,0.7886765155733684,0.2546,0.99,0.9841,0.998961688044702,0.0178201310252192
136,graph_136,100,7.894690850425624,1,-2.538979696687999,0.5420202020202021,3.6635616461296463,0.62,-0.60068454,0.398445959264309,(0.4750335962517367+0j),(0.1903081310181018+0j),(-0.24264598119532044+0j),1,2,0.6931471805599453,3,0.66026963072314,1.1298773690078037,0.7554975786180881,0.241,0.99,0.99,0.999896396925518,0.0024847832402087
137,graph_137,100,7.9157131993821155,1,-2.536320389401572,0.5535353535353535,3.737669618283368,0.59,-0.5972204,0.3835971425223943,(0.4723436021670084+0j),(0.19897478381114966+0j),(-0.2536019840052323+0j),1,2,0.6931471805599453,3,0.6667700916099583,1.1291735084838534,0.7529196733147592,0.2471,0.99,0.9899,1.0000000461064296,0.0
138,graph_138,100,7.902117546276448,1,-2.538039418599984,0.546060606060606,3.688879454113936,0.61,-0.59498333,0.3956370044691411,(0.47138811508433975+0j),(0.18778966856830637+0j),(-0.23334870341227393+0j),1,2,0.6931471805599453,3,0.6693931256713211,1.1270810210876803,0.7513875323583837,0.2506,0.99,0.9892,0.9999258986077484,0.0016569853240872
139,graph_139,100,7.8804263442924,1,-2.5407881789762703,0.5343434343434343,3.6375861597263857,0.63,-0.6179703,0.4078437357629452,(0.4856903448951323+0j),(0.19676089031297272+0j),(-0.24562272299841023+0j),1,2,0.6931471805599453,3,0.6471604870102979,1.1270810210876803,0.7678638321035994,0.2449,0.99,0.9899,0.9999390271176636,0.0016729386241432
140,graph_140,100,7.8961806086154915,1,-2.5387910106869573,0.5428282828282829,3.6375861597263857,0.63,-0.62355805,0.4420202142491523,(0.48912374294798955+0j),(0.17300016697262227+0j),(-0.21513804113151935+0j),1,2,0.6931471805599453,3,0.6425967545944319,1.1254752851711027,0.7711202114785608,0.2343,0.99,0.99,0.99999999602177,0.0
141,graph_141,100,8.005033344637111,1,-2.5250996740718725,0.6052525252525253,3.871201010907891,0.51,-0.56135679,0.39340737368513,(0.4485318478994275+0j),(0.15922690002804996+0j),(-0.23214707460936052+0j),1,2,0.6931471805599453,3,0.7010756659434005,1.1237801746276321,0.730306971626598,0.2694,0.9899,0.98,0.9969919159347176,0.0407367410795295
142,graph_142,100,7.91644286012226,1,-2.5362282148755093,0.553939393939394,3.7612001156935615,0.58,-0.60167572,0.4201615014084345,(0.47527911570542974+0j),(0.1725250445636409+0j),(-0.23064588620617354+0j),1,2,0.6931471805599453,3,0.6592680393987391,1.1232432432432433,0.7578411144407021,0.2549,0.99,0.9895,0.9995811666719142,0.0127696589855359
143,graph_143,100,8.029432840581244,1,-2.522056290588444,0.6202020202020202,3.8918202981106265,0.51,-0.55576788,0.4189550308045735,(0.4446559296372777+0j),(0.13190361510206444+0j),(-0.22957634529791363+0j),1,2,0.6931471805599453,3,0.7102092552647379,1.1216825237856785,0.7296417260432028,0.2579,0.99,0.9899,0.9994695987052912,0.0118556719862257
144,graph_144,100,8.205218426395412,1,-2.500399840667477,0.7393939393939394,4.189654742026425,0.32,-0.42529283,0.312116433098172,(0.3554136495599761+0j),(0.10854429603888055+0j),(-0.2983824162026516+0j),1,2,0.6931471805599453,3,0.8281646813528618,1.120747484427408,0.6391396745586991,0.2579,0.9896,0.9768,0.990623405984988,0.0736967717631274
145,graph_145,100,7.313886831633462,1,-2.615395339222628,0.3032323232323232,3.610917912644224,0.64,-0.63664865,0.3218051732179012,(0.5079829304339176+0j),(0.292766921870051+0j),(-0.5702669872495768+0j),1,2,0.6931471805599453,3,0.5668206322452813,1.1200396825396826,0.7521656771924181,0.2387,0.99,0.9861,0.999095056820964,0.0148452233433359
146,graph_146,100,7.334329350300536,1,-2.612604210025126,0.3094949494949495,3.58351893845611,0.65,-0.64215776,0.3375050417481728,(0.5123738328104291+0j),(0.28648934029185996+0j),(-0.5613302229258206+0j),1,2,0.6931471805599453,3,0.5538432859007022,1.1197318007662835,0.7630550891501081,0.2447,0.99,0.984,0.9992485917194408,0.0129622354180351
147,graph_147,100,7.527793987721444,1,-2.586568150216369,0.3755555555555555,3.555348061489413,0.66,-0.66114155,0.4187248159114323,(0.5193139018253136+0j),(0.2328159770109445+0j),(-0.40222020242446965+0j),1,2,0.6931471805599453,3,0.5421336654213367,1.1193009118541033,0.7924977511470152,0.2471,0.99,0.9759,0.9954588126194712,0.0392484570295454
148,graph_148,100,7.975908360165538,1,-2.5287446428422093,0.5878787878787879,3.828641396489095,0.55,-0.5881437,0.4338072516447175,(0.46588222350597736+0j),(0.14808552617850002+0j),(-0.21572153746765566+0j),1,2,0.6931471805599453,3,0.6802041903153532,1.1191815856777494,0.751890036944598,0.2376,0.99,0.99,0.9999999965681992,0.0
149,graph_149,100,8.104703468371108,1,-2.5127256177287083,0.6686868686868687,3.970291913552122,0.46,-0.50952268,0.3631842192083065,(0.41306182434229155+0j),(0.1382427433471825+0j),(-0.24952922001082387+0j),1,2,0.6931471805599453,3,0.7537022944863004,1.1188166828322017,0.6969787440215265,0.2363,0.9899,0.9752,0.9993347884920132,0.0139417285773827
150,graph_150,100,8.0959035329611,1,-2.5138119889090915,0.6628282828282829,3.9889840465642745,0.43,-0.51532494,0.3753519697324783,(0.41700419285337315+0j),(0.1328309396440169+0j),(-0.256424950679054+0j),1,2,0.6931471805599453,3,0.7489163686848711,1.5416107382550335,0.7001678460538302,0.2517,0.99,0.9751,0.9945832194601598,0.0535540068017914
151,graph_151,100,8.202482446576537,1,-2.5007333401462177,0.7373737373737373,4.189654742026425,0.34,-0.43466336,0.3282454213206538,(0.3614478080691524+0j),(0.1017987941348786+0j),(-0.26862265517487327+0j),1,2,0.6931471805599453,3,0.8189020997753921,1.4096028452874925,0.6515068465952709,0.2761,0.99,0.99,1.0000000041746262,0.0
152,graph_152,100,8.050384453067021,1,-2.519450337553032,0.6333333333333333,3.912023005428146,0.51,-0.54086815,0.3970677536271825,(0.43455909535972026+0j),(0.1373366333314456+0j),(-0.24886114621937763+0j),1,2,0.6931471805599453,3,0.7236190015713768,1.3274336283185841,0.7177828924231235,0.2749,0.99,0.9801,0.993846740745734,0.0571157796289485
153,graph_153,100,8.08886878916199,1,-2.514681292981105,0.6581818181818182,3.9889840465642745,0.47,-0.51809289,0.3699500429175599,(0.4187839581082701+0j),(0.13990268772412087+0j),(-0.2717153148204666+0j),1,2,0.6931471805599453,3,0.7466287597588533,1.3242617255356108,0.701964337032129,0.2531,0.99,0.9895,0.9999935242449032,0.0002073040919351
154,graph_154,100,8.07246736935477,1,-2.5167110045442,0.6474747474747474,3.951243718581428,0.45,-0.52662297,0.3778218925219041,(0.4248181001521394+0j),(0.1410570339736371+0j),(-0.26183150490984236+0j),1,2,0.6931471805599453,3,0.7371652858707375,1.2963386727688786,0.707101599233021,0.2317,0.9898,0.9884,0.9991754586737412,0.0099393070345184
155,graph_155,100,8.081475040137052,1,-2.51559577564372,0.6533333333333333,4.060443010546419,0.41,-0.513966,0.3889577014801892,(0.4158807191754987+0j),(0.11933504139006001+0j),(-0.28861878195999263+0j),1,2,0.6931471805599453,3,0.7495631988302403,1.2698145025295111,0.6985149081151517,0.2621,0.9899,0.9774,0.9996178778621362,0.0068559094035119
156,graph_156,100,8.092851027538384,1,-2.5141891032136523,0.6608080808080808,3.9889840465642745,0.43,-0.51845095,0.3988034570170418,(0.4192075272605018+0j),(0.11507043841137467+0j),(-0.24931059433935737+0j),1,2,0.6931471805599453,3,0.7468867557400442,1.2404518558364712,0.7050597768764666,0.2483,0.99,0.9801,0.9954876844354864,0.0499300797778141
157,graph_157,100,8.162801353492073,1,-2.505582772803081,0.7086868686868687,4.143134726391533,0.38,-0.46010291,0.3339635886222092,(0.3786142374077985+0j),(0.11893439473988202+0j),(-0.28637042746570546+0j),1,2,0.6931471805599453,3,0.7978462257809988,1.2346072186836516,0.6630551300353479,0.2667,0.9899,0.9672,0.9987152194714712,0.0216459806822844
158,graph_158,100,8.0774471493312,1,-2.516094310241764,0.6507070707070707,3.970291913552122,0.48,-0.51532355,0.3543825507630467,(0.41694583629352+0j),(0.15094936931369937+0j),(-0.2712646303771887+0j),1,2,0.6931471805599453,3,0.7455015524787704,1.2280414620840152,0.6988516702132483,0.2571,0.99,0.9842,0.9994503646908242,0.0123225939471399
159,graph_159,100,7.764720544771477,1,-2.5555797191179384,0.4759595959595959,3.6635616461296463,0.62,-0.62021806,0.3847839209251749,(0.4891567352997481+0j),(0.22006393783705866+0j),(-0.34258234228343154+0j),1,2,0.6931471805599453,3,0.6140332414709384,1.2227488151658767,0.7665534171611297,0.2547,0.99,0.99,0.9993865720248474,0.0137276771923068
160,graph_160,100,7.737616282857904,1,-2.559076519611091,0.4632323232323232,3.610917912644224,0.64,-0.62851996,0.3834008737634935,(0.4950907639671396+0j),(0.2289238294155542+0j),(-0.3512069348236297+0j),1,2,0.6931471805599453,3,0.6023860119027283,1.2117486338797814,0.7736589617154811,0.2484,0.99,0.99,1.000000000443293,0.0
161,graph_161,100,8.173575486634153,1,-2.5042637367879794,0.7163636363636363,4.174387269895637,0.36,-0.4528937,0.330299870787418,(0.3737578161478123+0j),(0.11590153257617221+0j),(-0.28581181565064595+0j),1,2,0.6931471805599453,3,0.8045923334183499,1.2112894873122735,0.6596164918069943,0.2586,0.99,0.9892,0.9999140316627922,0.002716117569826
162,graph_162,100,7.327780538421631,1,-2.613497507424217,0.3074747474747474,3.367295829986474,0.72,-0.68543531,0.4290054278394266,(0.5411985221308384+0j),(0.2539127582136246+0j),(-0.5073791756330783+0j),1,2,0.6931471805599453,3,0.4859633317912882,1.2097415506958251,0.800262868792756,0.2458,0.9879,0.9789,0.9882528035396048,0.0471844063967644
163,graph_163,100,7.577633832602728,1,-2.5799691943529024,0.3947474747474747,3.555348061489413,0.66,-0.64933791,0.3778773667401494,(0.5097918909493304+0j),(0.2523662210267712+0j),(-0.386931584630384+0j),1,2,0.6931471805599453,3,0.566509267012543,1.2068696330991413,0.7911974607298896,0.2719,0.99,0.9896,0.9999852275106124,0.0004702200420422
164,graph_164,100,8.211482916445066,1,-2.4996366556374405,0.7440404040404041,4.158883083359672,0.34,-0.42505081,0.3029539757688235,(0.35475760265846273+0j),(0.11589772001745413+0j),(-0.2522077278624902+0j),1,2,0.6931471805599453,3,0.8230598519371835,1.2035443037974682,0.6453975106299098,0.2449,0.99,0.9863,0.9994543406906408,0.0105231596311875
165,graph_165,100,7.71244383427499,1,-2.5623350792109805,0.4517171717171717,3.6375861597263857,0.63,-0.62586302,0.3644475366757673,(0.49421703940136363+0j),(0.24276322823038712+0j),(-0.4041205613224492+0j),1,2,0.6931471805599453,3,0.6000468470514749,1.2002801120448179,0.7665473138297569,0.2483,0.99,0.9889,0.9996570631306438,0.0108429961824324
166,graph_166,100,7.684324067681155,1,-2.5659877676242493,0.4391919191919192,3.610917912644224,0.64,-0.64367696,0.3915840448414649,(0.5049776071667863+0j),(0.2353601213633608+0j),(-0.3547771050148724+0j),1,2,0.6931471805599453,3,0.5831756294043577,1.1994401679496152,0.7884084642052663,0.2603,0.99,0.99,0.9999999993102398,0.0
167,graph_167,100,7.371489295214277,1,-2.6075504248669503,0.3212121212121212,3.4657359027997265,0.69,-0.68234183,0.4339596410910262,(0.5374883985787563+0j),(0.24509500837696865+0j),(-0.5015445130902483+0j),1,2,0.6931471805599453,3,0.4986942478180193,1.198292220113852,0.7957548795005122,0.2507,0.9878,0.9776,0.9795279564388704,0.0516773462688161
168,graph_168,100,7.648739788956242,1,-2.5706292851894674,0.4238383838383838,3.58351893845611,0.65,-0.64973139,0.3994045491321134,(0.5100177988890974+0j),(0.2357961970576637+0j),(-0.37223020538637874+0j),1,2,0.6931471805599453,3,0.5698139790523228,1.1961067051189618,0.7907530986552059,0.2342,0.99,0.99,0.9999999994101132,0.0
169,graph_169,100,7.52456122628536,1,-2.586997685852464,0.3743434343434343,3.58351893845611,0.65,-0.65755141,0.43072509401245,(0.5183962024489502+0j),(0.22202859873168793+0j),(-0.4475456822978366+0j),1,2,0.6931471805599453,3,0.5425321876477295,1.1960623461853979,0.7868321819818435,0.2556,0.99,0.9897,0.9995575903994084,0.0101735964928365
170,graph_170,100,7.424761761823209,1,-2.600349587763829,0.3387878787878788,3.4657359027997265,0.69,-0.67155985,0.3989951984015218,(0.5291762741525436+0j),(0.26123919488053654+0j),(-0.45332307064620253+0j),1,2,0.6931471805599453,3,0.5139472841745811,1.1897163120567376,0.8003871367403192,0.259,0.99,0.9796,0.9955043905511516,0.0375219764434177
171,graph_171,100,7.544332108053688,1,-2.584373618819218,0.3818181818181818,3.58351893845611,0.65,-0.66194585,0.4447056058127083,(0.520809557721339+0j),(0.21404976282783253+0j),(-0.427711671635907+0j),1,2,0.6931471805599453,3,0.5393101095961726,1.1879460745440127,0.7925911145818348,0.246,0.99,0.9831,0.9994037328268996,0.0105443987415928
172,graph_172,100,7.407924322559599,1,-2.602619904333596,0.3331313131313131,3.5263605246161616,0.67,-0.66954121,0.4235630717572192,(0.530156498471086+0j),(0.24344420200840228+0j),(-0.5082169215911568+0j),1,2,0.6931471805599453,3,0.5121599633071605,1.1873857404021937,0.7877495887970563,0.2457,0.9899,0.9797,0.9981192658415662,0.0236353723036515
173,graph_173,100,7.793174347189205,1,-2.5519219190954905,0.4896969696969697,3.688879454113936,0.61,-0.61387831,0.3684095865007433,(0.48473904524655476+0j),(0.22740775980097158+0j),(-0.34305794064819856+0j),1,2,0.6931471805599453,3,0.625021308836064,1.1802437459910198,0.7590758260144934,0.2646,0.99,0.9899,0.999319672612141,0.0123213918104611
174,graph_174,100,7.774435510302958,1,-2.554329333735,0.4806060606060606,3.688879454113936,0.61,-0.61131529,0.3610057367665766,(0.4830962296754687+0j),(0.2311753358522045+0j),(-0.3556491830354536+0j),1,2,0.6931471805599453,3,0.624873175680949,1.1791338582677164,0.7554781797616432,0.2495,0.9897,0.9672,0.997053557585526,0.0277436734282823
175,graph_175,100,7.789454566086673,1,-2.5523993457471668,0.4878787878787878,3.713572066704308,0.6,-0.60801501,0.3887695623746583,(0.48080253627627245+0j),(0.2058771970309933+0j),(-0.3512319317645225+0j),1,2,0.6931471805599453,3,0.6283222987540783,1.1782945736434107,0.7552804423558032,0.2463,0.99,0.9786,0.9988068719391968,0.019348461771853
176,graph_176,100,7.51479976048867,1,-2.588295808449035,0.3707070707070707,3.58351893845611,0.65,-0.65703457,0.3810935078041135,(0.5168414118538862+0j),(0.2589968248453878+0j),(-0.42206818317642764+0j),1,2,0.6931471805599453,3,0.5467181248584585,1.1755663430420713,0.7918256215374889,0.2297,0.99,0.99,0.9999999893177618,0.0
177,graph_177,100,7.4377951216719325,1,-2.598595735678785,0.3432323232323232,3.58351893845611,0.65,-0.65158038,0.3892178318397479,(0.5160388692637663+0j),(0.25166124091643916+0j),(-0.490346826750496+0j),1,2,0.6931471805599453,3,0.5431196160081376,1.1742222222222223,0.7775161597483573,0.2519,0.99,0.9899,0.9997615780294552,0.0062664874612233
178,graph_178,100,7.736307096548285,1,-2.559245731553097,0.4626262626262626,3.688879454113936,0.61,-0.63439759,0.4032095653597127,(0.49897095665111485+0j),(0.21818405115823544+0j),(-0.34868105678948746+0j),1,2,0.6931471805599453,3,0.5959342991476905,1.172912557527942,0.7790393199916921,0.2561,0.99,0.99,0.9999999760196336,0.0
179,graph_179,100,7.400620577371135,1,-2.603606327487262,0.3307070707070707,3.4011973816621555,0.71,-0.69141203,0.4567692352742911,(0.5411937175878738+0j),(0.23213284831750308+0j),(-0.4417288499503421+0j),1,2,0.6931471805599453,3,0.4913522012578616,1.1724137931034484,0.8106289249647439,0.2522,0.99,0.9739,0.9883002596607297,0.0543377897123794
180,graph_180,100,7.578656850594762,1,-2.5798341985264206,0.3951515151515151,3.610917912644224,0.64,-0.65212873,0.4163132504758764,(0.5138347700424897+0j),(0.22743529926325262+0j),(-0.4216836218050143+0j),1,2,0.6931471805599453,3,0.5540052654597845,1.1707317073170733,0.7854035190780483,0.2581,0.99,0.9801,0.9930582338215064,0.0506633705515014
181,graph_181,100,7.476472381163905,1,-2.593409112039436,0.3567676767676768,3.4657359027997265,0.67,-0.66925612,0.4201190233416811,(0.5265037974961445+0j),(0.24128507046881983+0j),(-0.4342104694395775+0j),1,2,0.6931471805599453,3,0.5226157013341779,1.170124481327801,0.7984145850963538,0.2623,0.99,0.9861,0.9998913778276052,0.0015332260539027
182,graph_182,100,7.763021309018518,1,-2.555798583621965,0.4751515151515151,3.688879454113936,0.61,-0.61834293,0.3791239569007543,(0.4881549030284679+0j),(0.22329014708626344+0j),(-0.35687275573882404+0j),1,2,0.6931471805599453,3,0.6147588036184406,1.170045781556573,0.7607357654651657,0.2554,0.9896,0.9786,0.9914888830822384,0.0603156617170976
183,graph_183,100,7.801391320291485,1,-2.550868093803022,0.4937373737373737,3.713572066704308,0.6,-0.59961001,0.3368722767638397,(0.47467007827780405+0j),(0.23949827231988782+0j),(-0.3618291724733785+0j),1,2,0.6931471805599453,3,0.641631533117416,1.1694373401534528,0.7483629846369583,0.2556,0.9899,0.9867,0.9979162732333025,0.0292375832984634
184,graph_184,100,7.58629630715272,1,-2.5788266837487988,0.3981818181818182,3.58351893845611,0.65,-0.63530694,0.35567562659474,(0.5005925081136425+0j),(0.25775582675594516+0j),(-0.4159316871112606+0j),1,2,0.6931471805599453,3,0.583020420760249,1.16793893129771,0.7762557191677316,0.2568,0.99,0.99,0.9998522728913214,0.0029648231261863
185,graph_185,100,7.771910256435763,1,-2.5546542015756226,0.4793939393939394,3.688879454113936,0.6,-0.60765028,0.3419048294647875,(0.48075152472220767+0j),(0.24324774025726545+0j),(-0.393443502334475+0j),1,2,0.6931471805599453,3,0.6285792681731768,1.1674357284113381,0.7464190370717771,0.257,0.9896,0.9754,0.9939052304889632,0.0531353172185235
186,graph_186,100,7.796057974316123,1,-2.551551967952248,0.4911111111111111,3.713572066704308,0.58,-0.59525073,0.3623199020604324,(0.4719759246941719+0j),(0.215787670770397+0j),(-0.3611587440294022+0j),1,2,0.6931471805599453,3,0.641687486164258,1.1672046481601033,0.7437268388781461,0.2534,0.9899,0.981,0.999638304572703,0.0071085876127823
187,graph_187,100,7.765993079407675,1,-2.555415845818895,0.4765656565656566,3.688879454113936,0.6,-0.61053873,0.3654919447666898,(0.4826405765197368+0j),(0.2270203983540219+0j),(-0.35969537693694853+0j),1,2,0.6931471805599453,3,0.6235142186964657,1.162109375,0.7567827315427863,0.2533,0.99,0.9801,0.9954227914370885,0.0455388183240626
188,graph_188,100,7.587817219993427,1,-2.5786262222400484,0.3987878787878788,3.58351893845611,0.65,-0.61890994,0.327707199127403,(0.4901490609407313+0j),(0.2660898953352905+0j),(-0.49130876966579223+0j),1,2,0.6931471805599453,3,0.6042480342733263,1.1613672496025438,0.7401215017200464,0.2553,0.9898,0.9895,0.9999179709732132,0.0009673955715644
189,graph_189,100,7.581209826196346,1,-2.579497391392143,0.3961616161616161,3.6635616461296463,0.62,-0.63393228,0.4030167091862036,(0.5010968354764052+0j),(0.22115271459521776+0j),(-0.4453715271610854+0j),1,2,0.6931471805599453,3,0.5799389265565964,1.1612403100775195,0.7640243129890189,0.2469,0.99,0.9761,0.9966830153803946,0.0349993496904606
190,graph_190,100,7.65491704784832,1,-2.5698219932731057,0.4264646464646465,3.610917912644224,0.64,-0.6417372,0.37285609626033,(0.504782342906217+0j),(0.24980013359974243+0j),(-0.40146402600820924+0j),1,2,0.6931471805599453,3,0.5793374119819924,1.1588523442967111,0.7844622857432413,0.2701,0.99,0.99,0.999718668335581,0.0081314118585555
191,graph_191,100,7.752335163302292,1,-2.5571760766141534,0.4701010101010101,3.6635616461296463,0.62,-0.6229155,0.3772765957831105,(0.4911128186143022+0j),(0.22861424543997186+0j),(-0.349711771993231+0j),1,2,0.6931471805599453,3,0.6100652938221999,1.157383419689119,0.767941118676737,0.2528,0.9899,0.9789,0.9972249658743532,0.0339220194718015
192,graph_192,100,7.816416983691801,1,-2.5489439226589257,0.5012121212121212,3.713572066704308,0.6,-0.60761748,0.3768957045876169,(0.4802590089002384+0j),(0.21478659258196+0j),(-0.32732859647403295+0j),1,2,0.6931471805599453,3,0.6335553913696564,1.1561728395061728,0.7550384471928512,0.2562,0.99,0.98,0.9940758653730428,0.0547696556519641
193,graph_193,100,7.412764017426562,1,-2.601966804433245,0.3347474747474747,3.555348061489413,0.66,-0.65643049,0.3857335218018445,(0.5203789473165753+0j),(0.26000120429030465+0j),(-0.5008401358325842+0j),1,2,0.6931471805599453,3,0.5321732269658981,1.155495978552279,0.780325595114372,0.27,0.99,0.9861,0.9996538969267418,0.0077941728449274
194,graph_194,100,7.513709247839705,1,-2.588440934309528,0.3703030303030303,3.49650756146648,0.68,-0.66576716,0.4124501364911208,(0.5228448178277938+0j),(0.24245145878730112+0j),(-0.4060654450681628+0j),1,2,0.6931471805599453,3,0.5333978520891862,1.1517295597484278,0.7992360490446037,0.2356,0.99,0.9891,0.999669844365118,0.0074259120584312
195,graph_195,100,7.645397699428633,1,-2.5710663271061294,0.4224242424242424,3.58351893845611,0.63,-0.64574524,0.4261839725389862,(0.5079025749405316+0j),(0.21157129779512696+0j),(-0.37636818362478097+0j),1,2,0.6931471805599453,3,0.5704672897196261,1.1507713884992987,0.7847924075137496,0.2353,0.99,0.9882,0.9989951717351144,0.0183358230760115
196,graph_196,100,7.586803535162581,1,-2.578759824897896,0.3983838383838384,3.58351893845611,0.65,-0.647277,0.3677209787325701,(0.5082985915371666+0j),(0.258309350288024+0j),(-0.39589306876230745+0j),1,2,0.6931471805599453,3,0.5704583606725009,1.1490774907749077,0.7895537158349358,0.2397,0.99,0.9899,0.9999538037059494,0.0013815051937905
197,graph_197,100,7.266128779556451,1,-2.621946528762816,0.289090909090909,3.4339872044851463,0.7,-0.67463619,0.3877903704332546,(0.5373933987496281+0j),(0.28046814250370283+0j),(-0.5552934021854378+0j),1,2,0.6931471805599453,3,0.4923000563410512,1.1483739837398372,0.7898323037974964,0.2333,0.988,0.9799,0.9866471786089448,0.0527618296408167
198,graph_198,100,7.653020413804189,1,-2.570069790738778,0.4256565656565657,3.58351893845611,0.65,-0.64733047,0.3805928438892485,(0.5083174805693188+0j),(0.24834243342983955+0j),(-0.3910461555615373+0j),1,2,0.6931471805599453,3,0.5741329535393972,1.146896551724138,0.7892738468614904,0.2442,0.99,0.99,1.0000000028038725,0.0
199,graph_199,100,7.669961995473577,1,-2.567858525579015,0.4329292929292929,3.610917912644224,0.64,-0.62311425,0.3495718494531366,(0.49124452826038717+0j),(0.25058523933123406+0j),(-0.3939022923935207+0j),1,2,0.6931471805599453,3,0.6051157069970845,1.1452397498262683,0.7690154068793194,0.2637,0.99,0.99,0.9999999897194288,0.0
200,graph_200,100,8.17188200612782,1,-2.5044709479367824,0.7151515151515152,4.04305126783455,0.44,-0.45916329,0.297676997860639,(0.378412524820805+0j),(0.15039055596524964+0j),(-0.2416144342468522+0j),1,2,0.6931471805599453,3,0.7956704967042466,1.3741935483870968,0.6619350788832099,0.2765,0.9892,0.9795,0.990204127817908,0.0759369955338445
201,graph_201,100,8.119993827725105,1,-2.51084079194717,0.678989898989899,4.04305126783455,0.44,-0.49719117,0.3470485131425243,(0.4043576481001875+0j),(0.1408841093422168+0j),(-0.2656427045756844+0j),1,2,0.6931471805599453,3,0.7652326677521638,1.2944475602916432,0.686774606272698,0.2584,0.9898,0.979,0.9883394527992116,0.0790521639771024
202,graph_202,100,8.072779333169498,1,-2.5166723598804777,0.6476767676767676,4.007333185232471,0.45,-0.52129161,0.3670844325612923,(0.42112004025678623+0j),(0.1454697403538567+0j),(-0.2598350194130876+0j),1,2,0.6931471805599453,3,0.7406189603674607,1.2890669719519174,0.7025109532585512,0.2477,0.9896,0.9762,0.9882845533194796,0.078308579081918
203,graph_203,100,8.078688229229872,1,-2.5159406745025192,0.6515151515151515,4.007333185232471,0.46,-0.515661,0.3556041924504889,(0.4173527769914145+0j),(0.15042981135448685+0j),(-0.2559586047604301+0j),1,2,0.6931471805599453,3,0.7449970961586327,1.282782212086659,0.6976744562072676,0.2717,0.99,0.9898,0.9999981683252372,2.8052858644582958e-05
204,graph_204,100,8.099554282376364,1,-2.513361152690848,0.6652525252525252,4.060443010546419,0.43,-0.50244294,0.3578583777019457,(0.40797431722027394+0j),(0.13619922256353162+0j),(-0.27073998671547933+0j),1,2,0.6931471805599453,3,0.7579631923553354,1.2776840921866217,0.6902519634097096,0.2444,0.9898,0.9837,0.9999508510681232,0.0003189104837805
205,graph_205,100,8.080546965824498,1,-2.515710621956048,0.6527272727272727,3.9318256327243257,0.49,-0.52765368,0.3738708013222025,(0.42575071536511694+0j),(0.14571664441356547+0j),(-0.21970407055739014+0j),1,2,0.6931471805599453,3,0.7379742708208656,1.2725752508361206,0.7065925603150097,0.2586,0.99,0.9899,0.999541146684298,0.0104572988533271
206,graph_206,100,8.102283624480073,1,-2.5130242350960392,0.667070707070707,4.02535169073515,0.45,-0.51128143,0.3628788183940923,(0.41436918088635394+0j),(0.14022872866139455+0j),(-0.2382943498362066+0j),1,2,0.6931471805599453,3,0.7523542183994913,1.2670704845814977,0.6968500971957139,0.2505,0.99,0.9873,0.9996392780124226,0.0100053888507863
207,graph_207,100,8.111928063310739,1,-2.5118346071136517,0.6735353535353535,4.007333185232471,0.46,-0.50272152,0.3571158117524464,(0.40836877893590573+0j),(0.13736430868841412+0j),(-0.24798323146341666+0j),1,2,0.6931471805599453,3,0.7594044257977004,1.2666300164925783,0.6910618152789487,0.2605,0.99,0.9894,0.9999986579253942,2.3736993692870797e-05
208,graph_208,100,8.09132127353041,1,-2.514378146432431,0.6597979797979798,3.951243718581428,0.49,-0.52327289,0.3784825438596932,(0.4226649314340232+0j),(0.13762082061988684+0j),(-0.22650656465436675+0j),1,2,0.6931471805599453,3,0.7428472828403808,1.265642151481888,0.7061376163216133,0.2429,0.99,0.9696,0.993578109877732,0.0564352335266009
209,graph_209,100,8.128290171607052,1,-2.509819595542273,0.6846464646464646,4.04305126783455,0.44,-0.48359242,0.3260689053599988,(0.3950316515580084+0j),(0.14700717079357506+0j),(-0.2635814382393831+0j),1,2,0.6931471805599453,3,0.7741853478160389,1.2626651982378854,0.6768961111912872,0.2673,0.9898,0.9792,0.9886661245027332,0.0778250880570738
210,graph_210,100,8.150467911624004,1,-2.50709484791415,0.7,4.060443010546419,0.43,-0.46783458,0.3075026751620981,(0.3840537865838838+0j),(0.14904199713384492+0j),(-0.26651484361517375+0j),1,2,0.6931471805599453,3,0.7878407567406525,1.2512181916621548,0.6669552857858873,0.2517,0.99,0.9886,0.9999592967349876,0.0009104641447808
211,graph_211,100,8.11522197256233,1,-2.5114286320299737,0.6757575757575758,3.9889840465642745,0.46,-0.50657715,0.3580766219259397,(0.4111576316668666+0j),(0.14018490788000587+0j),(-0.2325189391512978+0j),1,2,0.6931471805599453,3,0.7574820372308525,1.2490586336740184,0.6942446006687122,0.2502,0.99,0.9752,0.9920942174389744,0.0691878780796352
212,graph_212,100,8.168202930236053,1,-2.5049212608902667,0.7125252525252526,4.060443010546419,0.43,-0.46832001,0.3180854577594303,(0.3848479649114043+0j),(0.14089647048696008+0j),(-0.22334015205505406+0j),1,2,0.6931471805599453,3,0.7894085192345287,1.2432859399684044,0.6694072532933324,0.2543,0.9899,0.9825,0.9993937387801648,0.0173338739717686
213,graph_213,100,8.13739583005665,1,-2.508699979757257,0.6909090909090909,4.04305126783455,0.44,-0.4770644,0.3207579158467328,(0.39036813378757257+0j),(0.14562878973296417+0j),(-0.2768836706977608+0j),1,2,0.6931471805599453,3,0.7809226070639003,1.2419006479481642,0.6725138145146259,0.2553,0.9897,0.9766,0.9988955440512652,0.0139591127206601
214,graph_214,100,8.094683648698815,1,-2.513962679461683,0.6620202020202021,3.9889840465642745,0.47,-0.51673992,0.3713649809362012,(0.41811361253220236+0j),(0.13778457274901265+0j),(-0.23886063547767922+0j),1,2,0.6931471805599453,3,0.7474102168058936,1.2336197636949515,0.7009460172836456,0.2607,0.9898,0.9784,0.9990104055111472,0.0213903069312398
215,graph_215,100,8.111328003286733,1,-2.5119085824021896,0.6731313131313131,4.007333185232471,0.46,-0.50884125,0.3573695738649303,(0.41276899040160225+0j),(0.14291033505563158+0j),(-0.2286912483695249+0j),1,2,0.6931471805599453,3,0.7555891143373105,1.232818327117741,0.694477554253583,0.2355,0.9899,0.9861,0.9978776091408872,0.02696630221859
216,graph_216,100,8.13622555490846,1,-2.508843804554765,0.6901010101010101,4.04305126783455,0.44,-0.48829483,0.3386888067180011,(0.3984161320295681+0j),(0.14043554832434607+0j),(-0.2428589302781173+0j),1,2,0.6931471805599453,3,0.7724812418752803,1.2297939778129952,0.6815721065982828,0.2609,0.99,0.9795,0.9952576765207786,0.053185668482342
217,graph_217,100,8.013674142832684,1,-2.5240208355900022,0.6105050505050506,3.871201010907891,0.52,-0.56288172,0.4342417125177071,(0.4495585745722721+0j),(0.12520284763976164+0j),(-0.22549574149062954+0j),1,2,0.6931471805599453,3,0.7039335684222501,1.2268211920529801,0.7356048050871227,0.26,0.9899,0.9748,0.9997239219062196,0.0052981987204687
218,graph_218,100,8.122668023346407,1,-2.510511511479476,0.6808080808080809,4.02535169073515,0.45,-0.49285513,0.3455668148667123,(0.40145171828785575+0j),(0.13839158188710415+0j),(-0.2562390617189152+0j),1,2,0.6931471805599453,3,0.7673142990236991,1.2192287374537771,0.684866699024775,0.2519,0.99,0.9865,0.9995451579893134,0.0097004415207134
219,graph_219,100,8.188133414510478,1,-2.5024842244147973,0.7268686868686869,4.158883083359672,0.36,-0.44069794,0.298153944260489,(0.36533864533066507+0j),(0.13352336620250238+0j),(-0.2785006329441124+0j),1,2,0.6931471805599453,3,0.8126242649486781,1.2151767151767152,0.6500829380300538,0.2627,0.9892,0.9747,0.990690711490255,0.0714348349203847
220,graph_220,100,8.124743020385568,1,-2.510256086532712,0.6822222222222222,4.02535169073515,0.45,-0.49093146,0.334782505825195,(0.4003485192606219+0j),(0.14631625246261867+0j),(-0.2421401866318424+0j),1,2,0.6931471805599453,3,0.7684117640228965,1.2140221402214022,0.6820392907514596,0.2586,0.99,0.9691,0.9984996462209704,0.0222853082765627
221,graph_221,100,8.182000136293405,1,-2.503233549823172,0.7224242424242424,4.0943445622221,0.38,-0.45098922,0.2962776707122903,(0.3724900449285381+0j),(0.1441577969773304+0j),(-0.24847769456338217+0j),1,2,0.6931471805599453,3,0.8024662460500697,1.2120743034055728,0.656949185105003,0.2412,0.9892,0.9792,0.9861205567875424,0.0899591521684632
222,graph_222,100,8.158516244806831,1,-2.5061078662899146,0.7056565656565656,4.060443010546419,0.43,-0.46642853,0.3040162731166622,(0.38348627903894106+0j),(0.15132538831018766+0j),(-0.24071926973646415+0j),1,2,0.6931471805599453,3,0.7886630921647801,1.2104989604989604,0.6667622564587461,0.2655,0.99,0.9892,0.9996747266519288,0.0077944078191191
223,graph_223,100,8.137103389639302,1,-2.5087359182415607,0.6907070707070707,4.04305126783455,0.44,-0.48519076,0.3367510832651477,(0.39619140287068266+0j),(0.13924238234745637+0j),(-0.2501219112559295+0j),1,2,0.6931471805599453,3,0.7745297957416754,1.2085283411336454,0.679730871550538,0.2438,0.99,0.9899,0.9997285499689964,0.0076059238329341
224,graph_224,100,8.201934351194222,1,-2.500800163049985,0.7369696969696969,4.0943445622221,0.41,-0.43450937,0.2650301105358901,(0.361585247332654+0j),(0.15749361819951138+0j),(-0.24093034963894197+0j),1,2,0.6931471805599453,3,0.8148099760020353,1.1985743380855398,0.6452848473607826,0.252,0.9899,0.9854,0.9992391147666524,0.0147590208152628
225,graph_225,100,8.16961956172385,1,-2.5047478434728543,0.7135353535353536,4.060443010546419,0.43,-0.46427736,0.3167130204704809,(0.3818377060921814+0j),(0.13824887562564014+0j),(-0.23722807747209074+0j),1,2,0.6931471805599453,3,0.7923225358830926,1.1963470319634704,0.6676101113904814,0.2557,0.99,0.9874,0.9998511816824082,0.0047048608564302
226,graph_226,100,8.15708378502887,1,-2.5062834601729493,0.7046464646464646,4.060443010546419,0.43,-0.47109386,0.3147332137859351,(0.38662189100324523+0j),(0.1460608416165764+0j),(-0.23881754394908522+0j),1,2,0.6931471805599453,3,0.7859869138495092,1.1893129770992366,0.6700114433704402,0.2488,0.99,0.9871,0.9999944739081864,0.000175819645442
227,graph_227,100,8.166500319155052,1,-2.5051297263960275,0.7113131313131313,4.060443010546419,0.43,-0.45229155,0.2830730607306557,(0.3735442357508991+0j),(0.1568343074471497+0j),(-0.26398236747872905+0j),1,2,0.6931471805599453,3,0.7994519273403938,1.1840082009226038,0.6561345678083036,0.2692,0.99,0.9799,0.9944136719851676,0.0589596394715905
228,graph_228,100,8.20303024171486,1,-2.500666558309047,0.7377777777777778,4.110873864173311,0.37,-0.43176413,0.276455089070637,(0.3593249220227403+0j),(0.1448853543007309+0j),(-0.2463914848835926+0j),1,2,0.6931471805599453,3,0.8165553705388564,1.1825476429287864,0.6457419856879085,0.2585,0.99,0.9801,0.9915743733732364,0.075495256868266
229,graph_229,100,8.03398273468322,1,-2.521489799084525,0.623030303030303,3.871201010907891,0.53,-0.55499599,0.4113398542161437,(0.44413069417078505+0j),(0.13784217719376363+0j),(-0.22490737285664092+0j),1,2,0.6931471805599453,3,0.7115744748511563,1.179002624671916,0.7282745021347062,0.2392,0.99,0.9861,1.000000193863243,1.4072565208615954e-05
230,graph_230,100,7.868636894184167,1,-2.5422853413321365,0.528080808080808,3.7612001156935615,0.58,-0.58855234,0.3487491472638722,(0.46689535670799953+0j),(0.22016739716610512+0j),(-0.29633533334807644+0j),1,2,0.6931471805599453,3,0.6657924401117046,1.1765765765765765,0.7494261880225751,0.2344,0.9899,0.98,0.9988978788004832,0.02427262611669
231,graph_231,100,8.201385955238608,1,-2.5008670270684368,0.7365656565656565,4.110873864173311,0.35,-0.43354895,0.2774697634028791,(0.3608195699501533+0j),(0.14586056563689206+0j),(-0.23392002233251746+0j),1,2,0.6931471805599453,3,0.8143655271410425,1.1713008937437934,0.6470787222592247,0.2545,0.9892,0.9731,0.9924844638286916,0.0660918568603902
232,graph_232,100,8.101374671228582,1,-2.513136426211879,0.6664646464646464,3.970291913552122,0.47,-0.52196387,0.3784081180210157,(0.42172666815931437+0j),(0.13643784126495703+0j),(-0.22266731703781797+0j),1,2,0.6931471805599453,3,0.7464815184815184,1.1649949849548646,0.7041526859757594,0.2614,0.9899,0.9775,0.9981253932088988,0.0323648463053475
233,graph_233,100,7.8434564043761155,1,-2.5454905808743598,0.5149494949494949,3.912023005428146,0.51,-0.54345976,0.2849691556745468,(0.4349825857448587+0j),(0.23108552945385047+0j),(-0.4013116011938967+0j),1,2,0.6931471805599453,3,0.707073410043707,1.1560283687943262,0.7034130141822885,0.2686,0.99,0.9885,0.9995377728636312,0.0094584520051909
234,graph_234,100,8.019612794400267,1,-2.523280045275152,0.6141414141414141,3.9318256327243257,0.48,-0.54884345,0.4026190300513925,(0.4400031334626244+0j),(0.1398428554647385+0j),(-0.26158929491982424+0j),1,2,0.6931471805599453,3,0.7124319628629213,1.1525157232704402,0.7234376733957857,0.2417,0.99,0.9782,0.9958919972910014,0.0474682158042066
235,graph_235,100,8.054840221101024,1,-2.518897005545831,0.6361616161616162,4.02535169073515,0.45,-0.5283302,0.3819333262080564,(0.4258210921569574+0j),(0.13881675139894292+0j),(-0.27600295611292597+0j),1,2,0.6931471805599453,3,0.7335496765597129,1.1471950591868245,0.7078438096332048,0.2535,0.99,0.9895,0.9999774981913684,0.0007089941462294
236,graph_236,100,7.910590612256477,1,-2.5369677404654074,0.5507070707070707,3.970291913552122,0.45,-0.53323388,0.2995471250667088,(0.4285215900851662+0j),(0.211426680797845+0j),(-0.35867542580120154+0j),1,2,0.6931471805599453,3,0.7201907534007487,1.141155449672424,0.7028612019227192,0.2549,0.9899,0.9845,0.9973874543887544,0.0351701643052155
237,graph_237,100,8.01862546504575,1,-2.523403167196624,0.6135353535353535,3.828641396489095,0.55,-0.56659331,0.4282020368932278,(0.45186875256264447+0j),(0.13369459596142855+0j),(-0.2142507115275079+0j),1,2,0.6931471805599453,3,0.7019540079495775,1.139511201629328,0.736911657422049,0.2478,0.9899,0.9734,0.9990845831337428,0.0155665560671279
238,graph_238,100,8.059908334578276,1,-2.518268002415333,0.6393939393939394,3.970291913552122,0.46,-0.52902795,0.3790718755591675,(0.4265081140038257+0j),(0.14221725707125982+0j),(-0.25562932729734367+0j),1,2,0.6931471805599453,3,0.7331110751102055,1.1369863013698631,0.7081356435027595,0.2374,0.9896,0.98,0.9936953414274102,0.0586385187990977
239,graph_239,100,7.613324979540639,1,-2.5752701871272285,0.4090909090909091,3.6375861597263857,0.63,-0.59442469,0.281731029245879,(0.47102457231574923+0j),(0.27755848680178435+0j),(-0.4474355827250811+0j),1,2,0.6931471805599453,3,0.6402238837141305,1.1249059443190368,0.7382712333610614,0.2502,0.9899,0.9801,0.9978540139325194,0.0326926094545659
240,graph_240,100,7.7025561132685825,1,-2.5636179494537465,0.4472727272727272,3.6375861597263857,0.63,-0.60649336,0.342761182349679,(0.4796725504630567+0j),(0.24120672440882704+0j),(-0.38214807978248394+0j),1,2,0.6931471805599453,3,0.6255515895228887,1.1240728253540122,0.7529357161036111,0.2485,0.9899,0.9834,0.9990079929362042,0.0204715835838571
241,graph_241,100,7.766840537085513,1,-2.555306727585918,0.476969696969697,3.7612001156935615,0.58,-0.57357421,0.297797304880079,(0.45631595145535103+0j),(0.24721283692508414+0j),(-0.3834738513402033+0j),1,2,0.6931471805599453,3,0.6684085605441091,1.1240208877284594,0.7293521023495628,0.2492,0.99,0.9885,0.999809341702951,0.004627008935469
242,graph_242,100,7.977625098784593,1,-2.528529425488624,0.5888888888888889,3.871201010907891,0.53,-0.56239911,0.4048631552795905,(0.4493328847710711+0j),(0.15048952956529354+0j),(-0.26464285453362685+0j),1,2,0.6931471805599453,3,0.6964595375722543,1.1223097112860894,0.7334476567633402,0.2343,0.99,0.9899,0.9999958281265328,0.0001330508241544
243,graph_243,100,7.961718815981363,1,-2.530525277785734,0.5795959595959596,3.828641396489095,0.55,-0.5728569,0.3988704637521987,(0.45654126530697736+0j),(0.16528906875827068+0j),(-0.22781048009645663+0j),1,2,0.6931471805599453,3,0.6892368888735729,1.1217070600632244,0.7420704216605093,0.2588,0.99,0.9899,0.9993470926641372,0.014584488600123
244,graph_244,100,7.990576881743923,1,-2.5269072283476604,0.5965656565656565,3.970291913552122,0.48,-0.54126355,0.377655159164274,(0.4350976547597402+0j),(0.15482940385658456+0j),(-0.28895309823907406+0j),1,2,0.6931471805599453,3,0.7165081125663012,1.1197257383966244,0.7189299511903103,0.2585,0.99,0.9886,0.9999401102890956,0.0012352231284405
245,graph_245,100,7.832014180505469,1,-2.5469504701760424,0.509090909090909,3.828641396489095,0.55,-0.55137181,0.2881246097356531,(0.4406810856666549+0j),(0.23557831469192986+0j),(-0.38444876422173285+0j),1,2,0.6931471805599453,3,0.6951086825116661,1.1184538653366582,0.711904736020221,0.2341,0.99,0.9888,0.9998021545240456,0.0054298774966245
246,graph_246,100,8.050384453067021,1,-2.519450337553032,0.6333333333333333,3.951243718581428,0.47,-0.54179205,0.4098753434096307,(0.435266651049751+0j),(0.12707285050151335+0j),(-0.23883996008179734+0j),1,2,0.6931471805599453,3,0.7237079495524115,1.1183168316831684,0.7205740866989107,0.2716,0.99,0.9897,1.000000105444418,0.0
247,graph_247,100,8.07402621612406,1,-2.51651791658168,0.6484848484848484,4.04305126783455,0.44,-0.51603194,0.3863929407620521,(0.41718007110174454+0j),(0.12335224289747618+0j),(-0.2960855538746584+0j),1,2,0.6931471805599453,3,0.7468224322494923,1.1180866965620329,0.6990654210380904,0.2613,0.99,0.9894,0.999751781848534,0.0064932651934651
248,graph_248,100,7.7501841622578365,1,-2.557453580033189,0.4690909090909091,3.713572066704308,0.59,-0.58758423,0.3073691162445779,(0.4661825393221257+0j),(0.2519477431589457+0j),(-0.3838179214859052+0j),1,2,0.6931471805599453,3,0.6524771590167501,1.1180691454664058,0.7381567651298783,0.2536,0.99,0.99,0.9999964943806608,0.0001106428043152
249,graph_249,100,8.084254106307318,1,-2.5152519537013296,0.6551515151515152,4.02535169073515,0.45,-0.51673901,0.3715006595102417,(0.4178954930987226+0j),(0.13737761124013745+0j),(-0.2669783992252386+0j),1,2,0.6931471805599453,3,0.7462540542540378,1.115365733922435,0.7006623761563341,0.2617,0.99,0.9748,0.9944451110099052,0.0557896590395648
250,graph_250,100,8.199738960630786,1,-2.501067866294015,0.7353535353535353,4.174387269895637,0.36,-0.42212662,0.2758770467906786,(0.35297831522020306+0j),(0.13751876080629294+0j),(-0.2740605829463078+0j),1,2,0.6931471805599453,3,0.82376633327121,1.286109573879358,0.6385302209046918,0.231,0.9895,0.9791,0.988252122600842,0.0856236001152699
251,graph_251,100,8.17526610411206,1,-2.5040569187728257,0.7175757575757575,4.204692619390966,0.34,-0.43337255,0.3165611361687415,(0.36158111872002346+0j),(0.11246789968889347+0j),(-0.3197111027054944+0j),1,2,0.6931471805599453,3,0.8213770205267249,1.2335687126561652,0.6393579450514578,0.2566,0.9899,0.981,0.9992133768038872,0.0154051206590116
252,graph_252,100,7.707062655370473,1,-2.56303304955479,0.4492929292929293,3.6635616461296463,0.62,-0.61603493,0.3542484732517401,(0.48640486130312466+0j),(0.2407554510925638+0j),(-0.37763958139171877+0j),1,2,0.6931471805599453,3,0.6137084877487137,1.1928219563687543,0.7622525749106766,0.2603,0.99,0.98,0.9947295513686604,0.0484572112067726
253,graph_253,100,7.824445930877619,1,-2.547917259624424,0.5052525252525253,3.784189633918261,0.57,-0.58341152,0.3351419364706858,(0.46346830952929396+0j),(0.22668578697832148+0j),(-0.3587316280359143+0j),1,2,0.6931471805599453,3,0.6580528736609936,1.1812940422805895,0.7373050635367969,0.2522,0.99,0.9899,1.0000000195740084,0.0
254,graph_254,100,7.2991214627108,1,-2.617416192649959,0.2987878787878787,3.4011973816621555,0.71,-0.67260462,0.3974374766813278,(0.5326891441624376+0j),(0.2670223634739829+0j),(-0.5126332201881676+0j),1,2,0.6931471805599453,3,0.5029935503764422,1.1809908998988878,0.789891497123932,0.2424,0.9898,0.9736,0.9886706358773528,0.0579319020281425
255,graph_255,100,7.498869733976931,1,-2.590417878938944,0.3648484848484848,3.555348061489413,0.66,-0.63677026,0.3507069830210598,(0.5045557241683193+0j),(0.2666186956227562+0j),(-0.4860282237183084+0j),1,2,0.6931471805599453,3,0.5678854612661289,1.1781756180733163,0.7652265736569348,0.26,0.9899,0.9801,0.998682928300589,0.0219073310731646
256,graph_256,100,7.739359202689098,1,-2.558851292164012,0.464040404040404,3.6375861597263857,0.63,-0.61352251,0.3626313750441792,(0.4847246250034057+0j),(0.23198153160697121+0j),(-0.36652584637013+0j),1,2,0.6931471805599453,3,0.6184716651239329,1.1748818365968938,0.7576189946626763,0.2723,0.99,0.9762,0.9943940088590456,0.048694097259863
257,graph_257,100,7.599401333415815,1,-2.577100713717448,0.4034343434343434,3.6375861597263857,0.63,-0.61530331,0.3310158357603434,(0.4875767801206558+0j),(0.2603235002075631+0j),(-0.4698086725865472+0j),1,2,0.6931471805599453,3,0.605674947924605,1.1716535433070865,0.7451178780847507,0.2544,0.9898,0.977,0.9977248645030748,0.0310836538173372
258,graph_258,100,7.805882040228621,1,-2.550292628767288,0.4959595959595959,3.7612001156935615,0.58,-0.58840419,0.3484443579102627,(0.46694130232193054+0j),(0.2204707133722936+0j),(-0.34956011655116304+0j),1,2,0.6931471805599453,3,0.6521885711074901,1.1659192825112108,0.7413440750703189,0.2433,0.9898,0.9792,0.9997534591370684,0.0051827322577253
259,graph_259,100,7.719129840906732,1,-2.561468543212664,0.4547474747474747,3.6635616461296463,0.62,-0.61543017,0.3554321942090015,(0.486529245396259+0j),(0.23998373757818983+0j),(-0.39511876677989105+0j),1,2,0.6931471805599453,3,0.6127884065340368,1.16473000683527,0.7569969402997754,0.2484,0.99,0.9899,0.9997734081048844,0.0071597923940756
260,graph_260,100,7.761319180947987,1,-2.556017868696065,0.4743434343434343,3.784189633918261,0.57,-0.58091216,0.3016547386303057,(0.4614476042825191+0j),(0.2505361404341559+0j),(-0.422800360754521+0j),1,2,0.6931471805599453,3,0.6592238989836773,1.1629175187457397,0.726575257985826,0.2391,0.9899,0.9746,0.9985716837049724,0.0265539445813786
261,graph_261,100,7.550135342488429,1,-2.583604696730422,0.384040404040404,3.58351893845611,0.65,-0.62954565,0.3384274181900906,(0.4980927478720767+0j),(0.2678509711993127+0j),(-0.4623677457900101+0j),1,2,0.6931471805599453,3,0.5826388951859341,1.1624,0.764465901229352,0.251,0.9896,0.9756,0.9960036610886824,0.0398523699776785
262,graph_262,100,7.807510042216193,1,-2.550084089586964,0.4967676767676767,3.7612001156935615,0.55,-0.58691043,0.3435905386833713,(0.46595190061494196+0j),(0.22309539894837238+0j),(-0.36029037563536537+0j),1,2,0.6931471805599453,3,0.6524364030578867,1.161558109833972,0.739731520105647,0.2581,0.99,0.99,0.999688395822082,0.0080963005492652
263,graph_263,100,8.206037762778815,1,-2.500299990128964,0.74,4.158883083359672,0.35,-0.42342054,0.2800606922350805,(0.3537037535693873+0j),(0.13476904477185137+0j),(-0.2522626034182276+0j),1,2,0.6931471805599453,3,0.8220365053322395,1.160908193484699,0.6420967877237528,0.2589,0.99,0.9881,0.9998760487389512,0.002741944814908
264,graph_264,100,7.741533589281828,1,-2.55857037986312,0.465050505050505,3.688879454113936,0.59,-0.60728617,0.354952774844101,(0.4803007523275373+0j),(0.23238689059097006+0j),(-0.3717981484254175+0j),1,2,0.6931471805599453,3,0.6253868909036128,1.160320641282565,0.7546691080450499,0.2134,0.99,0.971,0.99293406313102,0.0553141685458786
265,graph_265,100,7.754052639035757,1,-2.5569545581325595,0.4709090909090909,3.713572066704308,0.6,-0.60039608,0.3319225017607012,(0.4754227591459007+0j),(0.24433473737157219+0j),(-0.39026716109940807+0j),1,2,0.6931471805599453,3,0.6350236682804641,1.1600000000000001,0.7464608205235352,0.2674,0.99,0.9888,0.9996044985217925,0.0103692016717405
266,graph_266,100,7.894318063841624,1,-2.5390269177119524,0.5418181818181819,3.8501476017100575,0.54,-0.54377645,0.2932921984908903,(0.43565646445616735+0j),(0.22528957237499306+0j),(-0.36649398180875437+0j),1,2,0.6931471805599453,3,0.7037014619866953,1.1577017114914425,0.7061893907519535,0.2481,0.99,0.9876,0.9997349809867734,0.006941201041737
267,graph_267,100,7.478169694159785,1,-2.5931821172381406,0.3573737373737374,3.5263605246161616,0.67,-0.65840551,0.3868235846918322,(0.5196227810127384+0j),(0.2581783556832837+0j),(-0.4502245067789774+0j),1,2,0.6931471805599453,3,0.5356397463674492,1.1574150787075395,0.7897116974137618,0.242,0.99,0.99,0.9995583445038242,0.0115483760528417
268,graph_268,100,7.505492274737424,1,-2.589535130150732,0.3672727272727272,3.555348061489413,0.66,-0.63954427,0.3498718187550542,(0.5068136809110952+0j),(0.2701200120134191+0j),(-0.4874798481731307+0j),1,2,0.6931471805599453,3,0.5632101930472161,1.1570247933884297,0.7700774720890254,0.2449,0.99,0.9877,0.9994322544439108,0.0130081443090658
269,graph_269,100,7.837948916025283,1,-2.546193003707613,0.5121212121212121,3.784189633918261,0.57,-0.58295994,0.3355954645324615,(0.46311970181853146+0j),(0.22588225803684808+0j),(-0.3488688103703071+0j),1,2,0.6931471805599453,3,0.6603242432538596,1.15679012345679,0.7392504821570972,0.2528,0.9899,0.98,0.9998820852339854,0.0032726992571706
270,graph_270,100,7.877017895622398,1,-2.541220793386484,0.5325252525252525,3.871201010907891,0.52,-0.5492048,0.3070130561642386,(0.4396188532730112+0j),(0.2192178284108171+0j),(-0.35031857527070115+0j),1,2,0.6931471805599453,3,0.697812246003793,1.1563458001226241,0.7154779546934876,0.2483,0.99,0.9898,1.00000005908164,0.0
271,graph_271,100,7.7279755421055585,1,-2.560323253924296,0.4587878787878788,3.713572066704308,0.59,-0.60512682,0.3285495536879954,(0.47846954007757697+0j),(0.2508002763218961+0j),(-0.390058117636562+0j),1,2,0.6931471805599453,3,0.6307248770179208,1.1544715447154472,0.7503302509812646,0.2531,0.99,0.99,1.0000000000126457,0.0
272,graph_272,100,7.758760544157663,1,-2.556347588241174,0.4731313131313131,3.610917912644224,0.63,-0.62929433,0.3934224967833117,(0.49526628837754516+0j),(0.22115168571183133+0j),(-0.3294129800029711+0j),1,2,0.6931471805599453,3,0.605605658592101,1.1537970644543714,0.7720944933649468,0.2604,0.99,0.9745,0.9955994336357592,0.0434265258422255
273,graph_273,100,7.81237820598861,1,-2.549460760680549,0.4991919191919192,3.7612001156935615,0.58,-0.59381627,0.3583781152514693,(0.4707817693315989+0j),(0.21742112414503273+0j),(-0.33775230085173114+0j),1,2,0.6931471805599453,3,0.6468696768459773,1.1536050156739812,0.7446373841347115,0.2557,0.99,0.9865,0.9996380562133528,0.0080004052382609
274,graph_274,100,7.457609289715606,1,-2.595935293681588,0.3501010101010101,3.58351893845611,0.65,-0.64299436,0.3825443076138475,(0.5103350367289825+0j),(0.24943871485759395+0j),(-0.5094508667361198+0j),1,2,0.6931471805599453,3,0.5564783538380489,1.152910512597741,0.7657219458751596,0.2507,0.9899,0.9769,0.9981280034346972,0.0260510245738525
275,graph_275,100,7.827639546366422,1,-2.5475091842228723,0.5068686868686869,3.828641396489095,0.54,-0.56968312,0.3191585698647605,(0.4537361768706321+0j),(0.22715474931807242+0j),(-0.4051510830557489+0j),1,2,0.6931471805599453,3,0.6739195050195627,1.1514376996805111,0.7182145568589436,0.2404,0.99,0.9893,0.9996946042950066,0.0081921738673319
276,graph_276,100,7.487733761436444,1,-2.59190400280863,0.3608080808080808,3.555348061489413,0.66,-0.64403112,0.3677391416330418,(0.5099596185928573+0j),(0.26042762721774565+0j),(-0.4793200149729349+0j),1,2,0.6931471805599453,3,0.5559780354356371,1.151085141903172,0.7721164193964768,0.2427,0.99,0.99,0.9996715554265938,0.010382852957508
277,graph_277,100,7.588829878307813,1,-2.5784927726962423,0.3991919191919192,3.6375861597263857,0.63,-0.61424061,0.3242996524614345,(0.4869646465748316+0j),(0.26472257594776344+0j),(-0.4834549830272815+0j),1,2,0.6931471805599453,3,0.6077201136070229,1.150943396226415,0.7408905949582727,0.2544,0.9897,0.9813,0.99810668306926,0.0248993760021561
278,graph_278,100,7.72356247227797,1,-2.56089446825176,0.4567676767676767,3.6635616461296463,0.59,-0.61554261,0.3665716572663211,(0.4862557730084974+0j),(0.2308293222716626+0j),(-0.3740900560869449+0j),1,2,0.6931471805599453,3,0.6139320449665278,1.1509054325955734,0.7589557939702183,0.2515,0.9899,0.9796,0.9990232802480278,0.0175225422940881
279,graph_279,100,7.675081857716334,1,-2.567191227071207,0.4351515151515152,3.688879454113936,0.6,-0.60260052,0.3186436002999728,(0.47739354125208655+0j),(0.2571383681245897+0j),(-0.4382576414270382+0j),1,2,0.6931471805599453,3,0.6269414326577994,1.1508620689655171,0.7437326134399097,0.2616,0.99,0.9894,0.9999837394826696,0.0004751144456944
280,graph_280,100,7.860570785538664,1,-2.5433109631583344,0.5238383838383839,3.828641396489095,0.52,-0.56649707,0.3458019721824958,(0.4516741785317939+0j),(0.2030535290902392+0j),(-0.3544398174888243+0j),1,2,0.6931471805599453,3,0.6777981100598616,1.1484422724496028,0.7250291485297549,0.2658,0.99,0.9876,0.9998613925228904,0.0024213749352949
281,graph_281,100,7.853216388156072,1,-2.544247007135293,0.52,3.8501476017100575,0.54,-0.55280289,0.3046549667747504,(0.441699781297977+0j),(0.22369840438196043+0j),(-0.38715900003705167+0j),1,2,0.6931471805599453,3,0.6932572431957857,1.1483343808925204,0.7097902029007742,0.2523,0.99,0.9894,0.9995829325265524,0.0095850999841839
282,graph_282,100,7.8119734296220225,1,-2.5495125742055027,0.498989898989899,3.7612001156935615,0.58,-0.6006324,0.3648205360560277,(0.47556213274192893+0j),(0.21841063508971473+0j),(-0.3465852596812592+0j),1,2,0.6931471805599453,3,0.6389397216214717,1.1477343265052762,0.7486840467797262,0.2461,0.9898,0.9879,0.9997476838458974,0.0037089155566814
283,graph_283,100,7.527793987721444,1,-2.586568150216369,0.3755555555555555,3.555348061489413,0.66,-0.63470862,0.3670286220959378,(0.5030572254276854+0j),(0.2521125672743572+0j),(-0.48649287275974984+0j),1,2,0.6931471805599453,3,0.5725550282148062,1.1476345840130506,0.7590114573778098,0.2617,0.9874,0.9712,0.984016823163867,0.0680644044152003
284,graph_284,100,7.446585099157725,1,-2.597414634634977,0.3462626262626262,3.5263605246161616,0.67,-0.64054681,0.3559105837148042,(0.507466991520214+0j),(0.26633157839005095+0j),(-0.4872826301863983+0j),1,2,0.6931471805599453,3,0.5609555710042343,1.1474694589877836,0.7673663486860112,0.23,0.9898,0.9896,0.9992671279381924,0.0033422881661045
285,graph_285,100,7.170119543449628,1,-2.635247858788964,0.2626262626262626,3.5263605246161616,0.67,-0.65133632,0.3455105511033465,(0.5247033252588572+0j),(0.2959826684042791+0j),(-0.616495398604472+0j),1,2,0.6931471805599453,3,0.5251923046672224,1.147295742232451,0.7669226506208136,0.2451,0.9898,0.9801,0.999359632736264,0.0118928635559101
286,graph_286,100,7.679251425953058,1,-2.566648114158105,0.4369696969696969,3.6375861597263857,0.63,-0.61141318,0.3304268022850158,(0.48332723427509927+0j),(0.25544314819899366+0j),(-0.40821582957788993+0j),1,2,0.6931471805599453,3,0.6181161872532431,1.1471830985915492,0.7531205432362432,0.2366,0.99,0.9899,1.0000001626642412,0.0
287,graph_287,100,7.586803535162581,1,-2.578759824897896,0.3983838383838384,3.610917912644224,0.63,-0.61799168,0.331346479506013,(0.48969880961622014+0j),(0.26273202493647774+0j),(-0.47419981812034245+0j),1,2,0.6931471805599453,3,0.601029301471539,1.1466252909231962,0.7494929162029986,0.2692,0.99,0.9899,0.9999417924556676,0.0018391059618939
288,graph_288,100,7.743269700829004,1,-2.558346145622371,0.4658585858585858,3.713572066704308,0.6,-0.60955018,0.3447931572281202,(0.48184006845884464+0j),(0.24236378950384083+0j),(-0.3777882742389099+0j),1,2,0.6931471805599453,3,0.624555488058754,1.146437994722955,0.7536931984576435,0.2495,0.99,0.9869,0.9990330841921236,0.0104943039986002
289,graph_289,100,7.853216388156072,1,-2.544247007135293,0.52,3.737669618283368,0.59,-0.57766829,0.333838685288035,(0.4596407157874055+0j),(0.22287653099547616+0j),(-0.33534189759825955+0j),1,2,0.6931471805599453,3,0.6681822945169591,1.146341463414634,0.7303808488873028,0.2456,0.9898,0.9886,0.9998173909679708,0.0021026015063672
290,graph_290,100,7.721348612617949,1,-2.561181146454439,0.4557575757575757,3.6375861597263857,0.63,-0.61791541,0.361211045383476,(0.4880207138343922+0j),(0.23734428109233305+0j),(-0.38016149703722996+0j),1,2,0.6931471805599453,3,0.6109852854289171,1.146,0.7619678758634061,0.2476,0.9899,0.9819,0.9985005650636092,0.0228024922052961
291,graph_291,100,7.907651594711089,1,-2.5373393389705705,0.5490909090909091,3.8918202981106265,0.48,-0.53885156,0.304339751359798,(0.4322459514636883+0j),(0.21218311099305592+0j),(-0.3592236589337647+0j),1,2,0.6931471805599453,3,0.7097242380261248,1.1452581032412965,0.7020785008455548,0.2492,0.99,0.9775,0.9934561145281624,0.0608807344636378
292,graph_292,100,7.813591552952433,1,-2.54930546190742,0.4997979797979798,3.7612001156935615,0.58,-0.58802023,0.3531096444030428,(0.4667603555565308+0j),(0.216489078269934+0j),(-0.3596929092287582+0j),1,2,0.6931471805599453,3,0.6517425214729983,1.1451814768460575,0.739692764261913,0.2655,0.9899,0.9781,0.9998825689640116,0.0028169797975508
293,graph_293,100,7.690743163541872,1,-2.565152766887388,0.442020202020202,3.6635616461296463,0.6,-0.61217456,0.3323778061585141,(0.48395661892151187+0j),(0.25472241126671813+0j),(-0.4160562618247975+0j),1,2,0.6931471805599453,3,0.6166665436045867,1.1451278507256393,0.7573126448263311,0.2505,0.99,0.9898,0.9999987526373392,3.814961977409136e-05
294,graph_294,100,7.68017564043659,1,-2.566527769241507,0.4373737373737373,3.6635616461296463,0.62,-0.6129265,0.3410788953622858,(0.48472849380361366+0j),(0.24893230420022708+0j),(-0.41172906781391816+0j),1,2,0.6931471805599453,3,0.6138527683776909,1.1446629213483146,0.7530027018929831,0.2484,0.99,0.973,0.9956136507457914,0.0449812556606848
295,graph_295,100,7.834392302910435,1,-2.546646875037521,0.5103030303030303,3.7612001156935615,0.58,-0.58116233,0.3281809256108901,(0.46188150781717036+0j),(0.23021950765974405+0j),(-0.36113403085663087+0j),1,2,0.6931471805599453,3,0.661791119839065,1.1440886699507389,0.7355506865755138,0.2608,0.99,0.9864,0.9999041796605804,0.0027415946248101
296,graph_296,100,7.804251383528112,1,-2.550501551607621,0.4951515151515152,3.713572066704308,0.6,-0.58852043,0.3341347672238592,(0.4670409623004891+0j),(0.2320097149878529+0j),(-0.34632353859597076+0j),1,2,0.6931471805599453,3,0.6537842996151559,1.1436672967863895,0.740615880034518,0.2502,0.9896,0.9797,0.991955088384324,0.0626478687086158
297,graph_297,100,7.912789220690681,1,-2.5366898468078496,0.5519191919191919,3.912023005428146,0.5,-0.54348332,0.3184712132876228,(0.43546387005451576+0j),(0.20474221973400772+0j),(-0.36150213931005876+0j),1,2,0.6931471805599453,3,0.7053111407155354,1.143534994068802,0.7057100663270968,0.255,0.9898,0.9898,0.9997469391957317,0.0067707261764856
298,graph_298,100,7.790282380703483,1,-2.552293077634885,0.4882828282828282,3.6635616461296463,0.53,-0.60568029,0.3676421511702927,(0.47909953524472115+0j),(0.22072277397261555+0j),(-0.34281498865283233+0j),1,2,0.6931471805599453,3,0.6317777933254041,1.14321608040201,0.7529994658434168,0.2675,0.9898,0.9866,0.9997199400961254,0.0041559648609544
299,graph_299,100,7.92443418488756,1,-2.535219265002278,0.5583838383838384,3.8501476017100575,0.53,-0.55095731,0.3290711772673769,(0.4410579783985942+0j),(0.2031690965033242+0j),(-0.32861595549707273+0j),1,2,0.6931471805599453,3,0.6975898493459062,1.1417867435158502,0.7167148739775747,0.2382,0.99,0.9895,0.99952856551456,0.010771273681065
300,graph_300,100,8.10258642539079,1,-2.512986863502213,0.6672727272727272,4.02535169073515,0.45,-0.50485101,0.3603548335483648,(0.40942039550377496+0j),(0.13591965392865418+0j),(-0.2989543940308493+0j),1,2,0.6931471805599453,3,0.7599548895634125,1.5443466486120514,0.6905840341860089,0.2429,0.9899,0.9843,0.9963072913768616,0.0439911754318273
301,graph_301,100,8.109525659752872,1,-2.5121308078878166,0.6719191919191919,4.04305126783455,0.44,-0.50080931,0.3517122248209803,(0.406811171872174+0j),(0.14002993285442486+0j),(-0.27508777359318903+0j),1,2,0.6931471805599453,3,0.7611013242018171,1.5178807947019866,0.6891912858304671,0.2413,0.99,0.98,0.9982278476221368,0.0300975456901906
302,graph_302,100,8.054522609537294,1,-2.518936437467144,0.635959595959596,3.951243718581428,0.48,-0.53552317,0.3942452487702603,(0.4309008258897155+0j),(0.1348784724698421+0j),(-0.27047887377057606+0j),1,2,0.6931471805599453,3,0.7277398583386993,1.3138515488018703,0.7141041801243216,0.2476,0.99,0.99,0.9997384523834164,0.0073604029554444
303,graph_303,100,8.074337694089515,1,-2.5164793395509384,0.6486868686868686,3.9889840465642745,0.46,-0.5229158,0.3867240365836868,(0.4221309081029258+0j),(0.12969767330211174+0j),(-0.28339299563744486+0j),1,2,0.6931471805599453,3,0.7407106217940698,1.3026467203682393,0.7050762104790852,0.2494,0.99,0.9878,0.9996591378327904,0.0069740456522022
304,graph_304,100,8.08886878916199,1,-2.514681292981105,0.6581818181818182,4.04305126783455,0.43,-0.50650402,0.379634627639579,(0.4105818266713102+0j),(0.12049944894694838+0j),(-0.3049216593453735+0j),1,2,0.6931471805599453,3,0.7565624655171709,1.2896393817973668,0.6916047426375199,0.2408,0.99,0.9748,0.9941265896892838,0.0556540963128356
305,graph_305,100,8.046869510959576,1,-2.5198870508174385,0.6311111111111111,3.9318256327243257,0.49,-0.53619726,0.3995093781482621,(0.43128256185033137+0j),(0.13078352909490257+0j),(-0.27192442371371167+0j),1,2,0.6931471805599453,3,0.7261077578902084,1.2857142857142856,0.7144685587957926,0.2502,0.99,0.9896,1.0000000996066156,0.0
306,graph_306,100,8.122371243406553,1,-2.510548049395452,0.6806060606060607,4.02535169073515,0.45,-0.49536066,0.3527004061949657,(0.4030213688453043+0j),(0.13421481168115998+0j),(-0.274423951078158+0j),1,2,0.6931471805599453,3,0.7675244527247321,1.2770419426048565,0.6868506359776999,0.2523,0.99,0.9897,1.0000000896245236,0.0
307,graph_307,100,8.1101268019411,1,-2.512056682725157,0.6723232323232323,4.07753744390572,0.41,-0.49614976,0.3627785258202758,(0.40356351937635127+0j),(0.12607901875893354+0j),(-0.27846273668992183+0j),1,2,0.6931471805599453,3,0.7648723530575896,1.2707059477487492,0.686898918605817,0.2611,0.9899,0.9791,0.999602974068887,0.0082036762408412
308,graph_308,100,8.102283624480073,1,-2.5130242350960392,0.667070707070707,4.060443010546419,0.39,-0.49887264,0.3582274542686829,(0.4054094308825425+0j),(0.13250877311796402+0j),(-0.2816990375513667+0j),1,2,0.6931471805599453,3,0.7615770138335249,1.2684563758389262,0.686856528754816,0.229,0.9898,0.9893,0.9997538545481,0.005415004254407
309,graph_309,100,8.146129510025405,1,-2.507627278284593,0.696969696969697,4.07753744390572,0.41,-0.46938067,0.3098799032281858,(0.38499407235960575+0j),(0.14818351758278436+0j),(-0.2794034049097098+0j),1,2,0.6931471805599453,3,0.7873137265928134,1.2593201754385965,0.66587110705895,0.2632,0.9892,0.9686,0.987065730525007,0.0822498746200652
310,graph_310,100,8.120886021092838,1,-2.5107309218690785,0.6795959595959596,4.07753744390572,0.42,-0.48552035,0.3478522345276227,(0.39615021361451924+0j),(0.12948347122469067+0j),(-0.2851102182148393+0j),1,2,0.6931471805599453,3,0.7736717225042565,1.2526084568918177,0.6780618294981133,0.2384,0.9899,0.98,0.9986926810877104,0.0285770402875225
311,graph_311,100,8.125926802707886,1,-2.510110396251967,0.683030303030303,4.110873864173311,0.39,-0.48483471,0.344720234319106,(0.3955942509885245+0j),(0.1315073717555185+0j),(-0.2928386868947308+0j),1,2,0.6931471805599453,3,0.7764505383242002,1.25054704595186,0.6762054180473577,0.2646,0.9896,0.9768,0.9869469604587492,0.0748751526141362
312,graph_312,100,8.086410275323782,1,-2.5149852770851613,0.6565656565656566,4.02535169073515,0.44,-0.50736165,0.3728126312292081,(0.4113556544936757+0j),(0.12755668504995565+0j),(-0.28166412306847954+0j),1,2,0.6931471805599453,3,0.7532406248589472,1.249169435215947,0.6942310429524252,0.2511,0.99,0.9787,0.9923617139942832,0.0667054605885017
313,graph_313,100,8.133587417660966,1,-2.5091681029686512,0.6882828282828283,4.060443010546419,0.42,-0.47724318,0.3187121762329858,(0.39037350167473656+0j),(0.14740257002094345+0j),(-0.2845605299332333+0j),1,2,0.6931471805599453,3,0.7805500674495657,1.2482230727173318,0.6703845322508006,0.2536,0.9892,0.9794,0.985242075357994,0.0881338805958984
314,graph_314,100,8.123854263105914,1,-2.5103654814872467,0.6816161616161616,4.07753744390572,0.41,-0.48789383,0.3571073712230688,(0.39764205144888704+0j),(0.12328239706868284+0j),(-0.31091882570614393+0j),1,2,0.6931471805599453,3,0.7765749289979116,1.2456427015250544,0.6778307430814741,0.2469,0.99,0.9878,0.9995448505750336,0.0096886458941068
315,graph_315,100,8.123261319121745,1,-2.510438472164445,0.6812121212121212,4.07753744390572,0.42,-0.49135402,0.3495698103836766,(0.4001997258522085+0j),(0.13326512102912197+0j),(-0.27892582576379055+0j),1,2,0.6931471805599453,3,0.7703106760723967,1.2331189710610932,0.6824586069497988,0.2458,0.99,0.9801,0.9957777638890788,0.0492253207130102
316,graph_316,100,8.139148678884066,1,-2.5084845963467024,0.6921212121212121,4.060443010546419,0.42,-0.47876951,0.3371653012922939,(0.39164718954097394+0j),(0.13300032074651524+0j),(-0.2619712467290869+0j),1,2,0.6931471805599453,3,0.7791149597708987,1.2259259259259259,0.6763717505491492,0.2676,0.99,0.9741,0.9958573227030098,0.0471490424236805
317,graph_317,100,8.151909872940905,1,-2.506917945950557,0.701010101010101,4.110873864173311,0.4,-0.47029815,0.3276260546789249,(0.3857480197525354+0j),(0.13373335346473725+0j),(-0.2629372876131577+0j),1,2,0.6931471805599453,3,0.7870611835506519,1.2225144660704892,0.6697404340864963,0.2501,0.9899,0.9799,0.9986930691967356,0.0281229351119921
318,graph_318,100,7.43307534889858,1,-2.59923050321861,0.3416161616161616,3.49650756146648,0.68,-0.66311074,0.40218077983956,(0.5241754957353197+0j),(0.2522244548716356+0j),(-0.46630723388910833+0j),1,2,0.6931471805599453,3,0.5228967211725832,1.211764705882353,0.7918393173607432,0.2412,0.99,0.9866,0.9996263737488515,0.0112359443555768
319,graph_319,100,8.205491613120236,1,-2.500366546955725,0.7395959595959596,4.204692619390966,0.33,-0.42025102,0.3040421921064649,(0.35212845326499875+0j),(0.11158519500349455+0j),(-0.2881330449348069+0j),1,2,0.6931471805599453,3,0.8289147154332592,1.2082687338501292,0.6386232938521794,0.2813,0.9898,0.9898,0.9998533452478168,0.0035292494527972
320,graph_320,100,8.025189321890835,1,-2.5225849257374104,0.6175757575757576,3.912023005428146,0.51,-0.54380076,0.4090966137784608,(0.43673460196787806+0j),(0.12975435199024338+0j),(-0.2658258536270527+0j),1,2,0.6931471805599453,3,0.7179662112425717,1.2036026200873362,0.7212952716663732,0.2567,0.9899,0.9861,0.9989833805693829,0.020869495315997
321,graph_321,100,8.186185994226083,1,-2.502722087161329,0.7254545454545455,4.127134385045092,0.39,-0.44619516,0.3049625554502113,(0.3691656968405676+0j),(0.1323998768975329+0j),(-0.24837736837192953+0j),1,2,0.6931471805599453,3,0.8057971831780181,1.1891074130105899,0.6566413935935095,0.2507,0.9899,0.9859,0.9987988781586654,0.0251773758290441
322,graph_322,100,7.351799869057777,1,-2.6102250225976795,0.3149494949494949,3.555348061489413,0.66,-0.66158932,0.3794505383475284,(0.5272394737944176+0j),(0.27368326262459763+0j),(-0.5382822831484877+0j),1,2,0.6931471805599453,3,0.515032664155262,1.187015503875969,0.7857590167498401,0.2687,0.9899,0.9745,0.996496887311531,0.0363408788772324
323,graph_323,100,8.117312461601975,1,-2.511171064234916,0.6771717171717172,4.060443010546419,0.42,-0.4949611,0.3708625107920937,(0.402746814229128+0j),(0.11784133192380826+0j),(-0.2798791835331773+0j),1,2,0.6931471805599453,3,0.7674369460152229,1.18448098663926,0.6876491794025765,0.2518,0.99,0.9898,0.9997709113465816,0.0050145390280203
324,graph_324,100,8.032035314398824,1,-2.5217322263353825,0.6218181818181818,3.9318256327243257,0.49,-0.56627622,0.4644437961321774,(0.4513818015089069+0j),(0.1007833414566007+0j),(-0.26628033919886546+0j),1,2,0.6931471805599453,3,0.7070225611693677,1.1799792531120332,0.7391162151762488,0.262,0.99,0.9899,0.999884522924859,0.0036539041184576
325,graph_325,100,7.772331575169614,1,-2.5545999925973373,0.4795959595959596,3.6635616461296463,0.62,-0.61760766,0.3671385958258879,(0.48748702026518+0j),(0.23196912814709397+0j),(-0.35622556262184457+0j),1,2,0.6931471805599453,3,0.6184447756725268,1.1794368041912247,0.7587409929806495,0.2529,0.9892,0.97,0.9898775261480324,0.0629433488798732
326,graph_326,100,8.21554741194707,1,-2.4991418010588964,0.7470707070707071,4.158883083359672,0.36,-0.42415414,0.2973815408154787,(0.3540657932616229+0j),(0.1199738678423871+0j),(-0.24038547133730742+0j),1,2,0.6931471805599453,3,0.8229631724611624,1.1788537549407114,0.6452136305659105,0.2504,0.99,0.9842,0.9992455968866986,0.0228369304991375
327,graph_327,100,7.679713639966372,1,-2.56658792598638,0.4371717171717171,3.610917912644224,0.64,-0.6145875,0.3314859238795,(0.4855941280355567+0j),(0.2574710348813175+0j),(-0.4102928007592714+0j),1,2,0.6931471805599453,3,0.614690054265835,1.174910394265233,0.7573937177216242,0.25,0.99,0.9894,0.9996808998487178,0.0096887783568743
328,graph_328,100,7.734121303328305,1,-2.559528308502879,0.4616161616161616,3.6635616461296463,0.62,-0.6158872,0.3551750873177342,(0.48571205231858117+0j),(0.23914038178216515+0j),(-0.3459217297196952+0j),1,2,0.6931471805599453,3,0.6215966009188573,1.1723675385647216,0.7649889563839452,0.2457,0.99,0.9888,0.9993645506370532,0.0128899544139009
329,graph_329,100,7.752335163302292,1,-2.5571760766141534,0.4701010101010101,3.6635616461296463,0.61,-0.60775592,0.3407805260243588,(0.48021280706046715+0j),(0.24344630827576508+0j),(-0.3575550928305526+0j),1,2,0.6931471805599453,3,0.6309502957463722,1.1681005956320318,0.758487280333398,0.2572,0.99,0.9889,0.9997745601370768,0.0054167270954616
330,graph_330,100,8.103796712981794,1,-2.5128375041315354,0.668080808080808,4.060443010546419,0.4,-0.49480232,0.3585180131285161,(0.40256060138336813+0j),(0.12850890533412318+0j),(-0.2931996983513245+0j),1,2,0.6931471805599453,3,0.7654707498170739,1.1660649819494584,0.6837023620171147,0.244,0.9899,0.9758,0.9994760242167076,0.011127666269333
331,graph_331,100,7.911690520708339,1,-2.53682870761112,0.5513131313131313,3.688879454113936,0.61,-0.61731076,0.4536880962788749,(0.4849490543084316+0j),(0.15734913356261893+0j),(-0.20169076561645935+0j),1,2,0.6931471805599453,3,0.6495734582209818,1.162880886426593,0.769146172214862,0.2585,0.99,0.99,1.000000045748283,0.0
332,graph_332,100,7.302496423727326,1,-2.616953920441102,0.2997979797979798,3.555348061489413,0.66,-0.64612267,0.371908568601389,(0.5249976269134499+0j),(0.2765298177217195+0j),(-0.7017898511093507+0j),1,2,0.6931471805599453,3,0.5436194985140681,1.161594963273872,0.7459567520035906,0.2403,0.9899,0.9847,0.9982856185348123,0.0236273650268965
333,graph_333,100,7.775695749915245,1,-2.554167246406738,0.4812121212121212,3.688879454113936,0.61,-0.61075814,0.3662163814752193,(0.48261263119519987+0j),(0.22640681902383544+0j),(-0.34713254576052466+0j),1,2,0.6931471805599453,3,0.6255649057191834,1.1599229287090558,0.7581863980921557,0.264,0.99,0.99,0.999999999858519,0.0
334,graph_334,100,7.44716835960004,1,-2.597336311807326,0.3464646464646465,3.555348061489413,0.66,-0.63730552,0.300305879152283,(0.5067406382961199+0j),(0.30716579993717275+0j),(-0.554308739439344+0j),1,2,0.6931471805599453,3,0.5679823176507736,1.158450704225352,0.7673468362013811,0.2671,0.9899,0.9801,0.9998998297089742,0.0024046975014734
335,graph_335,100,7.676473646389156,1,-2.567009904901442,0.4357575757575757,3.6375861597263857,0.63,-0.61514814,0.3347222003651982,(0.4857741093715885+0j),(0.2551929072900193+0j),(-0.39948782341880196+0j),1,2,0.6931471805599453,3,0.6141078525266389,1.1559633027522935,0.7598518252730896,0.2639,0.9898,0.9718,0.989420754717096,0.0648730124680596
336,graph_336,100,7.540090320145325,1,-2.5849360252408573,0.3802020202020202,3.58351893845611,0.65,-0.63515026,0.3591651704348699,(0.5028455845278715+0j),(0.2579347435917064+0j),(-0.48586269934105675+0j),1,2,0.6931471805599453,3,0.5741630743831972,1.1526104417670684,0.7624880600697197,0.2565,0.9899,0.9804,0.9989773334739817,0.0203634349394555
337,graph_337,100,7.982416346827733,1,-2.5279290200067965,0.5917171717171718,3.8918202981106265,0.52,-0.56648055,0.4217262754295219,(0.45198020168659325+0j),(0.13949630827835183+0j),(-0.267367923339944+0j),1,2,0.6931471805599453,3,0.6936797967448614,1.1490947816826411,0.7367701697578072,0.2416,0.99,0.9897,0.9997730179518838,0.0041997205370425
338,graph_338,100,7.889459149404524,1,-2.5396426023513063,0.5391919191919192,3.80666248977032,0.52,-0.56608243,0.3406201471891363,(0.4515571404103367+0j),(0.20712475099422228+0j),(-0.32961386030587797+0j),1,2,0.6931471805599453,3,0.6805540985959817,1.1481261154074955,0.7232110337984323,0.2543,0.9897,0.9792,0.9865845119208556,0.0758676668832537
339,graph_339,100,7.710653323501202,1,-2.5625672648431546,0.4509090909090909,3.610917912644224,0.64,-0.61249697,0.3375525806940616,(0.4838896376118262+0j),(0.2506186355123134+0j),(-0.39037691887587067+0j),1,2,0.6931471805599453,3,0.620685947747554,1.1466575716234653,0.7531361763403556,0.2527,0.99,0.9892,0.9990488128236608,0.0159724774270469
340,graph_340,100,7.962763930168115,1,-2.5303940189932304,0.5802020202020202,3.80666248977032,0.56,-0.60454507,0.4858198758771546,(0.4760550554486443+0j),(0.11679744882572697+0j),(-0.20180792318163815+0j),1,2,0.6931471805599453,3,0.6684562581298932,1.1461377870563674,0.7646239552894379,0.2567,0.99,0.99,0.9996716759602003,0.0073804378291937
341,graph_341,100,7.384610383176974,1,-2.605772029260139,0.3254545454545454,3.555348061489413,0.66,-0.64672447,0.353101010955557,(0.516892979035541+0j),(0.2804373834246483+0j),(-0.5570785813736968+0j),1,2,0.6931471805599453,3,0.5388680023841181,1.1428571428571428,0.769707734343474,0.2518,0.9899,0.9799,0.998477289269055,0.0238923709102304
342,graph_342,100,7.38770923908104,1,-2.6053524802619097,0.3264646464646464,3.555348061489413,0.66,-0.65270588,0.3732460875684276,(0.5197337754820968+0j),(0.26875443815775735+0j),(-0.5318642403064288+0j),1,2,0.6931471805599453,3,0.5323643565257971,1.1419472247497726,0.776608906600131,0.2468,0.99,0.99,0.9998788899867316,0.0038280941337414
343,graph_343,100,7.862497197230545,1,-2.543065920434658,0.5248484848484849,3.7612001156935615,0.58,-0.57453322,0.3391911454177667,(0.4575353835960389+0j),(0.21590422007086416+0j),(-0.3186314140344828+0j),1,2,0.6931471805599453,3,0.6717112253395744,1.1392707710699341,0.7336421442579177,0.276,0.99,0.982,0.9999615473798616,0.0011114783868929
344,graph_344,100,8.035602692918582,1,-2.5212881811587677,0.6240404040404041,3.9889840465642745,0.45,-0.54702827,0.4425104864542697,(0.43849719334969567+0j),(0.10243479912544948+0j),(-0.2961342220152611+0j),1,2,0.6931471805599453,3,0.7207242182536882,1.1387047424783274,0.7228876795189256,0.2421,0.99,0.9899,0.9997165060358064,0.0089597877743179
345,graph_345,100,7.909856667269403,1,-2.537060524819052,0.5503030303030303,3.7612001156935615,0.58,-0.60183181,0.4364523784290628,(0.47538129139083934+0j),(0.15886104683559565+0j),(-0.2228576059269955+0j),1,2,0.6931471805599453,3,0.6590205080141698,1.1371365880416895,0.7610132754745962,0.2601,0.99,0.9898,0.9994673601995644,0.0123344615051829
346,graph_346,100,8.019941687677365,1,-2.5232390349992726,0.6143434343434343,3.912023005428146,0.5,-0.54827817,0.4171456607522363,(0.4394794064504845+0j),(0.1264153927670089+0j),(-0.28640502123662814+0j),1,2,0.6931471805599453,3,0.7139969613109772,1.1368094992256066,0.7241038377088747,0.2411,0.99,0.9897,0.999833891684462,0.0048286078942236
347,graph_347,100,7.834392302910435,1,-2.546646875037521,0.5103030303030303,3.80666248977032,0.56,-0.57020393,0.3165671454538084,(0.45409927056255567+0j),(0.22967193179679232+0j),(-0.38090553273783057+0j),1,2,0.6931471805599453,3,0.673014005366823,1.1366459627329193,0.7244655711630767,0.2696,0.9899,0.9778,0.9990699274713308,0.0191229283898847
348,graph_348,100,8.065893546964274,1,-2.5175256873720504,0.6432323232323233,3.970291913552122,0.46,-0.51438184,0.3606113833851005,(0.4163762086156476+0j),(0.14483157620937803+0j),(-0.2719686646098191+0j),1,2,0.6931471805599453,3,0.7434262340895811,1.1365030674846626,0.6981783702404762,0.2474,0.99,0.9883,0.9998362884134064,0.0036379306734805
349,graph_349,100,7.311218384419629,1,-2.615760252459699,0.3024242424242424,3.555348061489413,0.66,-0.64151896,0.3531606037749424,(0.5168545896503237+0j),(0.2803437305800854+0j),(-0.6298774049965756+0j),1,2,0.6931471805599453,3,0.5478431221910652,1.1350806451612903,0.7521716938896112,0.2652,0.9897,0.9872,0.9991447381212604,0.0134838576523986
350,graph_350,100,8.137688184977605,1,-2.508664053070708,0.6911111111111111,3.9889840465642745,0.4,-0.49527456,0.359449533634554,(0.40353995991404523+0j),(0.12897837504856333+0j),(-0.21266075999566897+0j),1,2,0.6931471805599453,3,0.7684456971405191,1.582380632145259,0.6878109896490915,0.255,0.9899,0.9812,0.999960732879413,0.0005709296668207
351,graph_351,100,7.998671361015776,1,-2.5258947379740726,0.6014141414141414,3.871201010907891,0.53,-0.57227613,0.4296745230417735,(0.45565374159762456+0j),(0.13761146391135623+0j),(-0.2306172867781336+0j),1,2,0.6931471805599453,3,0.6933805036563199,1.346976175931582,0.7406784232303263,0.2393,0.99,0.9898,0.9996436888545556,0.0103759609595355
352,graph_352,100,8.112227958349724,1,-2.5117976381596274,0.6737373737373737,4.007333185232471,0.4,-0.50334937,0.3734543756472783,(0.4087015265192838+0j),(0.12346297753937927+0j),(-0.2604715187431266+0j),1,2,0.6931471805599453,3,0.7596076932473275,1.2931323283082077,0.6944527701890658,0.2471,0.99,0.99,1.0000000049306843,0.0
353,graph_353,100,7.905441649060286,1,-2.537618847303459,0.5478787878787879,3.7612001156935615,0.58,-0.61530993,0.4507278168046424,(0.48358984075271405+0j),(0.15799339633903559+0j),(-0.20940997221407864+0j),1,2,0.6931471805599453,3,0.6503733840384963,1.27084601339014,0.7699115036911841,0.2459,0.99,0.99,1.0000000009528298,0.0
354,graph_354,100,8.106514516255185,1,-2.512502186288414,0.6698989898989899,4.007333185232471,0.45,-0.50352624,0.3421282513816603,(0.40887215801247384+0j),(0.15099516874525348+0j),(-0.2558233594311834+0j),1,2,0.6931471805599453,3,0.7576830083033754,1.2662983425414365,0.6911942158755211,0.244,0.99,0.99,0.999725558534999,0.0084694545878663
355,graph_355,100,8.101374671228582,1,-2.513136426211879,0.6664646464646464,3.9889840465642745,0.47,-0.50929687,0.3565256052262389,(0.4129498150011529+0j),(0.14387830699855464+0j),(-0.24567435833060253+0j),1,2,0.6931471805599453,3,0.7529472086139006,1.2653061224489797,0.6953621823227341,0.2522,0.99,0.99,0.9999782739816097,0.0006889050451216
356,graph_356,100,8.119993827725105,1,-2.51084079194717,0.678989898989899,4.04305126783455,0.44,-0.48856537,0.335818010607706,(0.3985518696695204+0j),(0.14310235170813287+0j),(-0.2567926067860918+0j),1,2,0.6931471805599453,3,0.7691836583434432,1.2622589531680442,0.6816432365756736,0.2544,0.9899,0.9694,0.9982715350995408,0.0244229631762945
357,graph_357,100,8.102283624480073,1,-2.5130242350960392,0.667070707070707,4.007333185232471,0.44,-0.50341867,0.3458456208892737,(0.40867853474077814+0j),(0.14754226824831543+0j),(-0.2660655577160153+0j),1,2,0.6931471805599453,3,0.757257415555351,1.2605321507760532,0.6889763830617529,0.255,0.9888,0.9787,0.9902817508984784,0.0672674906940392
358,graph_358,100,8.074649075066652,1,-2.516440776019786,0.6488888888888888,3.970291913552122,0.46,-0.51977677,0.3611634980621077,(0.4200206396731918+0j),(0.14913481050627986+0j),(-0.2673227548605395+0j),1,2,0.6931471805599453,3,0.7416181715787498,1.252508361204013,0.6996419056203564,0.2639,0.9892,0.9783,0.9886533304651264,0.0748520220556562
359,graph_359,100,8.102283624480073,1,-2.5130242350960392,0.667070707070707,4.007333185232471,0.45,-0.50975848,0.3569851442043554,(0.41325200633548076+0j),(0.14387590168539086+0j),(-0.24558546275082535+0j),1,2,0.6931471805599453,3,0.7531466601607026,1.2406706327744728,0.694806185348651,0.2507,0.9896,0.9757,0.9900250522908858,0.0732863503953914
360,graph_360,100,8.083328608786376,1,-2.515366441752916,0.6545454545454545,3.9889840465642745,0.46,-0.5217411,0.3745746569087789,(0.42145652326704663+0j),(0.1394186541555+0j),(-0.2508967368334097+0j),1,2,0.6931471805599453,3,0.7422231362467866,1.2404787812840044,0.7037840343752921,0.2717,0.9898,0.9895,0.9996665857027418,0.0018408505489727
361,graph_361,100,8.117312461601975,1,-2.511171064234916,0.6771717171717172,4.04305126783455,0.44,-0.49440988,0.3506281913700453,(0.40235786591309164+0j),(0.13515847488428023+0j),(-0.2738757326668506+0j),1,2,0.6931471805599453,3,0.766658186728244,1.2386609071274295,0.6846655827088047,0.2512,0.9892,0.9766,0.9914553196075953,0.0668514129047527
362,graph_362,100,8.161375023197486,1,-2.505757523463121,0.7076767676767677,4.04305126783455,0.38,-0.4684018,0.3124287261802205,(0.3846475088619174+0j),(0.14554316453404817+0j),(-0.239361977395195+0j),1,2,0.6931471805599453,3,0.7879046308361273,1.2285864424592747,0.6680700940580382,0.2445,0.9895,0.9777,0.985072301523456,0.0910881447373544
363,graph_363,100,8.131236549696116,1,-2.509457176860375,0.6866666666666666,4.04305126783455,0.43,-0.48409514,0.3286782175701053,(0.39538112493363875+0j),(0.1452008784221868+0j),(-0.25683144324689267+0j),1,2,0.6931471805599453,3,0.7741716599004037,1.2154171066525872,0.6772579502445901,0.2505,0.99,0.9892,0.9998011412134984,0.0045645649661094
364,graph_364,100,7.945909598613133,1,-2.5325129056282942,0.5705050505050505,3.7612001156935615,0.58,-0.60391963,0.4535221901107231,(0.47599144070771493+0j),(0.1450410690352413+0j),(-0.19067664799526174+0j),1,2,0.6931471805599453,3,0.6663713758051681,1.2081930415263749,0.76239376655029,0.2495,0.99,0.99,1.0000000015150865,0.0
365,graph_365,100,7.7025561132685825,1,-2.5636179494537465,0.4472727272727272,3.6635616461296463,0.62,-0.62115588,0.3404519587317043,(0.48845740422479184+0j),(0.2541368180074283+0j),(-0.3543332123402521+0j),1,2,0.6931471805599453,3,0.6230517439465869,1.1801925722145803,0.775067650053639,0.2664,0.99,0.9891,0.99969884773552,0.007910348343904
366,graph_366,100,7.793586803371584,1,-2.5518689951841678,0.4898989898989899,3.6635616461296463,0.62,-0.59382139,0.2993718380969501,(0.47016930085123215+0j),(0.2630511503771278+0j),(-0.3660155348722888+0j),1,2,0.6931471805599453,3,0.6613222260260946,1.1736604260813428,0.7496906276661711,0.2706,0.99,0.9885,0.9994275180302866,0.012904828011077
367,graph_367,100,8.040768994367578,1,-2.5206454613053904,0.6272727272727273,3.912023005428146,0.51,-0.54374115,0.3949694295920862,(0.43658014624266017+0j),(0.14187868026754433+0j),(-0.24105828012801872+0j),1,2,0.6931471805599453,3,0.7195499691129502,1.152656008251676,0.7198870659833412,0.2471,0.99,0.9801,0.9964176972405636,0.042867362422787
368,graph_368,100,7.739359202689098,1,-2.558851292164012,0.464040404040404,3.7612001156935615,0.58,-0.56034207,0.2385698379312879,(0.4476664018484337+0j),(0.282232352732215+0j),(-0.4015000337245109+0j),1,2,0.6931471805599453,3,0.6947678845860966,1.1492434662998623,0.7274706138604538,0.2661,0.99,0.99,0.9999999999775808,0.0
369,graph_369,100,8.201111644442758,1,-2.5009004745107197,0.7363636363636363,4.174387269895637,0.36,-0.41251853,0.2618835516866755,(0.3471405030966713+0j),(0.1424816959514617+0j),(-0.28863035122860237+0j),1,2,0.6931471805599453,3,0.8308288148721921,1.143996013951171,0.6299766917406632,0.2623,0.9897,0.9671,0.9937372031819192,0.0566338208991184
370,graph_370,100,7.972810784121404,1,-2.52913308482994,0.5860606060606061,3.80666248977032,0.56,-0.58474675,0.4364807358816498,(0.46392160877727767+0j),(0.14307606567822817+0j),(-0.23249483031442775+0j),1,2,0.6931471805599453,3,0.6802089967000521,1.13517745302714,0.7497414627656993,0.2438,0.99,0.9899,0.9997301225343672,0.0085302466205357
371,graph_371,100,7.767687277186908,1,-2.5551977136381034,0.4773737373737374,3.713572066704308,0.6,-0.58635308,0.2935612677853596,(0.4653428503087614+0j),(0.2615938425659403+0j),(-0.3612113649307954+0j),1,2,0.6931471805599453,3,0.6684246656721541,1.1337620578778136,0.7460854840708674,0.2108,0.99,0.9896,1.0000000006469314,0.0
372,graph_372,100,7.716015266642587,1,-2.561872112377024,0.4533333333333333,3.610917912644224,0.64,-0.61440538,0.347257003432587,(0.4849226424138232+0j),(0.2443509702621112+0j),(-0.35832092868114274+0j),1,2,0.6931471805599453,3,0.6215474913132145,1.1335548172757477,0.760246840621524,0.2756,0.9898,0.9717,0.9921254640634052,0.0565401387789675
373,graph_373,100,7.8119734296220225,1,-2.5495125742055027,0.498989898989899,3.610917912644224,0.64,-0.6123966,0.3510318028963917,(0.48237655280604264+0j),(0.23814081041096846+0j),(-0.311189319002257+0j),1,2,0.6931471805599453,3,0.6500825320463652,1.1325734853029394,0.7643724331484744,0.2532,0.99,0.99,1.0000000477347843,0.0
374,graph_374,100,7.705262474866325,1,-2.563266652271722,0.4484848484848485,3.688879454113936,0.61,-0.57674069,0.220835572503369,(0.45838117565982583+0j),(0.307981744916723+0j),(-0.4498751749574228+0j),1,2,0.6931471805599453,3,0.6843037864373792,1.1262068965517242,0.7355856034208046,0.2605,0.9899,0.9801,0.9999546603843288,0.0006902481341445
375,graph_375,100,7.903965634032166,1,-2.5378055734730087,0.547070707070707,3.7612001156935615,0.58,-0.59268797,0.4012250685716243,(0.46962388363306307+0j),(0.18079326772064597+0j),(-0.23412353877709663+0j),1,2,0.6931471805599453,3,0.6676309403275317,1.1249312052834342,0.7548007331407779,0.2571,0.99,0.9896,0.9995854279914514,0.0108820978425834
376,graph_376,100,8.0323601479245,1,-2.5216917849099354,0.622020202020202,3.912023005428146,0.51,-0.55284387,0.4124677282346387,(0.44267195808088994+0j),(0.13487507015910946+0j),(-0.24113640476001016+0j),1,2,0.6931471805599453,3,0.712494185917739,1.1244979919678717,0.7275072224293543,0.247,0.9899,0.969,0.9988380607257727,0.0184163897413405
377,graph_377,100,7.339537695407674,1,-2.611894329622144,0.3111111111111111,3.5263605246161616,0.67,-0.64218486,0.3346698015095437,(0.5124831106059461+0j),(0.2887527245052457+0j),(-0.5544290471537048+0j),1,2,0.6931471805599453,3,0.5488003353635983,1.1228571428571428,0.7655836952171763,0.2776,0.9899,0.9779,0.9973970368769388,0.0308182960235807
378,graph_378,100,7.984121958702927,1,-2.527715371706953,0.5927272727272728,3.8501476017100575,0.54,-0.56989275,0.4101303584919287,(0.4542417298771928+0j),(0.15259087456773826+0j),(-0.25919240523523307+0j),1,2,0.6931471805599453,3,0.6910634490832172,1.1204756980351602,0.7385821858170801,0.25,0.99,0.9898,0.9999787110362356,0.000670936838271
379,graph_379,100,7.928766321626695,1,-2.5346727334870565,0.5608080808080808,3.784189633918261,0.57,-0.60107641,0.4478699079294537,(0.4746089214272282+0j),(0.14800229082725927+0j),(-0.2500807243721105+0j),1,2,0.6931471805599453,3,0.6612274494476786,1.1189846641988366,0.7622478656690855,0.2575,0.99,0.99,0.9999905127142396,0.0002987425343744
380,graph_380,100,7.661527081358517,1,-2.568958864225031,0.4292929292929293,3.6635616461296463,0.62,-0.59402831,0.2946315459809256,(0.470662792922949+0j),(0.2672932229969134+0j),(-0.41825647046433356+0j),1,2,0.6931471805599453,3,0.6418020564754123,1.1188612099644129,0.7397646599062656,0.2574,0.99,0.9899,0.9997735990312128,0.0071578110097703
381,graph_381,100,7.993957547573565,1,-2.5264842362492668,0.5985858585858586,3.8501476017100575,0.52,-0.56302049,0.406674184697787,(0.449626429790187+0j),(0.14932669352039707+0j),(-0.25496031842105377+0j),1,2,0.6931471805599453,3,0.6973543979905632,1.1184346035015449,0.73312457378543,0.2573,0.99,0.974,0.9944665104970613,0.0533691243132277
382,graph_382,100,8.09162741160107,1,-2.514340311786019,0.66,4.02535169073515,0.45,-0.51565963,0.3786440546489886,(0.4172807358817847+0j),(0.1303126620566152+0j),(-0.25230181202986085+0j),1,2,0.6931471805599453,3,0.7478238607270865,1.1179912237932716,0.7018670229860094,0.2501,0.99,0.9884,0.9997202074935648,0.007299702582241
383,graph_383,100,7.868636894184167,1,-2.5422853413321365,0.528080808080808,3.737669618283368,0.59,-0.60292548,0.3965918519020692,(0.47636492468871283+0j),(0.1936065266730897+0j),(-0.2511036923681741+0j),1,2,0.6931471805599453,3,0.6546430446046089,1.117051209904333,0.7593726091938758,0.2532,0.99,0.99,0.9999999997819692,0.0
384,graph_384,100,7.708410667257367,1,-2.5628581587989734,0.4498989898989899,3.610917912644224,0.64,-0.60649899,0.3168541513690461,(0.4792996936800098+0j),(0.2608931058431633+0j),(-0.38179345381609436+0j),1,2,0.6931471805599453,3,0.6325333756006888,1.1170212765957446,0.754378382911581,0.2364,0.9898,0.9892,0.9996615127850508,0.0061295448234101
385,graph_385,100,7.511524648390866,1,-2.58873172505253,0.3694949494949495,3.58351893845611,0.65,-0.63754692,0.3364547174457415,(0.5047689907633979+0j),(0.27774390323486714+0j),(-0.48612359444527226+0j),1,2,0.6931471805599453,3,0.5693608716864531,1.116205533596838,0.7720065500367609,0.2251,0.99,0.99,1.0000000141520995,0.0
386,graph_386,100,7.838737559599282,1,-2.5460923901530985,0.5125252525252525,3.7612001156935615,0.57,-0.5842284,0.3473933856509705,(0.46424136915888675+0j),(0.2178604283045484+0j),(-0.29208720599425547+0j),1,2,0.6931471805599453,3,0.6689596688588558,1.111957796014068,0.7478316230000484,0.273,0.99,0.9753,0.9962140824931256,0.0427454746917677
387,graph_387,100,7.503289630675082,1,-2.5898286441869858,0.3664646464646464,3.555348061489413,0.66,-0.63569155,0.3319104353400166,(0.5015083449502117+0j),(0.2771009534949587+0j),(-0.44418994314160737+0j),1,2,0.6931471805599453,3,0.5776585820895522,1.111816019032514,0.7728882827697774,0.271,0.99,0.9877,0.9991845013062772,0.0098040692017851
388,graph_388,100,8.114324709155339,1,-2.5115392036220827,0.6751515151515152,4.04305126783455,0.43,-0.4928946,0.3392526561724145,(0.4012123319833245+0j),(0.1435648976265497+0j),(-0.284352717570478+0j),1,2,0.6931471805599453,3,0.7673773760781584,1.111273792093704,0.6814032644917778,0.2582,0.9897,0.9751,0.9921243990708156,0.0596249774009842
389,graph_389,100,7.934155233536322,1,-2.5339932984790483,0.5638383838383838,3.7612001156935615,0.58,-0.60674096,0.4369439176853895,(0.4781507031702031+0j),(0.16224183931217231+0j),(-0.22273225585112655+0j),1,2,0.6931471805599453,3,0.6588241883009435,1.1104166666666666,0.7638839128408171,0.251,0.99,0.99,0.9999999996535082,0.0
390,graph_390,100,7.6577552711348655,1,-2.569451290725578,0.4276767676767676,3.610917912644224,0.64,-0.62362426,0.3512690711802766,(0.4919257516507168+0j),(0.25013098292845937+0j),(-0.39195989907819123+0j),1,2,0.6931471805599453,3,0.6016378990348924,1.1098976109215015,0.7680680249669829,0.266,0.99,0.99,0.9999999945540572,0.0
391,graph_391,100,7.607878073278507,1,-2.575985886993492,0.4068686868686869,3.58351893845611,0.65,-0.6299471,0.3470047610475932,(0.49621654919069774+0j),(0.2588893410383597+0j),(-0.4008885733044045+0j),1,2,0.6931471805599453,3,0.5930911692763365,1.1095305832147937,0.7745779793243366,0.2437,0.9899,0.9803,0.9990659933896294,0.0169678906666869
392,graph_392,100,7.9976631270201,1,-2.526020796102922,0.6008080808080808,3.871201010907891,0.53,-0.56935411,0.4172538280911135,(0.4537963197377616+0j),(0.14585074836007272+0j),(-0.23490757266600432+0j),1,2,0.6931471805599453,3,0.6947681869230303,1.1090909090909091,0.7383994631945868,0.2571,0.99,0.99,0.9999999983876589,0.0
393,graph_393,100,7.726212650507529,1,-2.560551398111969,0.457979797979798,3.610917912644224,0.64,-0.60734961,0.3193588655643715,(0.4796391011999454+0j),(0.25938475517211323+0j),(-0.36410657753321285+0j),1,2,0.6931471805599453,3,0.6399187191255299,1.108160621761658,0.754851843462199,0.2387,0.99,0.9765,0.997178593667853,0.0371007321042533
394,graph_394,100,8.087640287778983,1,-2.514833180063729,0.6573737373737374,4.0943445622221,0.41,-0.49012894,0.3314566663296465,(0.3990972768976365+0j),(0.14757648942461457+0j),(-0.3151601025547744+0j),1,2,0.6931471805599453,3,0.7677361641710813,1.107808564231738,0.6757835800449504,0.2584,0.99,0.988,0.9995471716368072,0.01016091869073
395,graph_395,100,8.07215530818825,1,-2.516749662761588,0.6472727272727272,3.951243718581428,0.49,-0.52957549,0.3725384596275405,(0.42694423272137483+0j),(0.14844477430434094+0j),(-0.23670224277535376+0j),1,2,0.6931471805599453,3,0.7347796275701756,1.107421875,0.7079461600620656,0.2474,0.9898,0.9867,0.9993900623624477,0.0082841488718512
396,graph_396,100,8.014004994779459,1,-2.5239795505176,0.6107070707070708,3.9889840465642745,0.46,-0.51720955,0.3240584345858592,(0.41784983477487203+0j),(0.17784000284578466+0j),(-0.31108798347087735+0j),1,2,0.6931471805599453,3,0.735243474068462,1.1047368421052632,0.694343426487036,0.2444,0.99,0.9872,0.999310539234207,0.011458120265101
397,graph_397,100,8.006700845440367,1,-2.5248913892240865,0.6062626262626263,3.9318256327243257,0.5,-0.54842475,0.3815422578886673,(0.439703883833227+0j),(0.1576063424108306+0j),(-0.27267777053515235+0j),1,2,0.6931471805599453,3,0.7095765658842056,1.1046986721144023,0.7208428384482175,0.2604,0.99,0.9801,0.992210163789322,0.0641059503725352
398,graph_398,100,7.917536353943631,1,-2.5360900949742105,0.5545454545454546,3.828641396489095,0.55,-0.56278454,0.36280951853546,(0.4497051100094239+0j),(0.18651297349889046+0j),(-0.28740410317940035+0j),1,2,0.6931471805599453,3,0.6889260112917891,1.1043956043956045,0.7322405350333013,0.2395,0.99,0.9899,0.9998720056557092,0.0040412875411399
399,graph_399,100,7.894318063841624,1,-2.5390269177119524,0.5418181818181819,3.9318256327243257,0.48,-0.53450915,0.2998258149000263,(0.429456833256188+0j),(0.2123632102534426+0j),(-0.3488874429286214+0j),1,2,0.6931471805599453,3,0.7139174831876539,1.1041544763019309,0.7035794532601999,0.2559,0.99,0.9899,0.9998028120692154,0.0062309427687833
400,graph_400,100,8.07215530818825,1,-2.516749662761588,0.6472727272727272,3.9889840465642745,0.46,-0.5322132,0.4225021926034409,(0.4285563323264798+0j),(0.1066435710156912+0j),(-0.26149539379601644+0j),1,2,0.6931471805599453,3,0.7346887623599002,1.346447445684087,0.7156677783168354,0.2444,0.99,0.9895,0.9999051191588644,0.0030049362718481
401,graph_401,100,8.091933455979893,1,-2.514302490149438,0.6602020202020202,4.007333185232471,0.45,-0.52206938,0.4171921494244193,(0.42163669171622814+0j),(0.10189068765702111+0j),(-0.26339221169770477+0j),1,2,0.6931471805599453,3,0.7456715618878439,1.331034482758621,0.7086902264540166,0.2546,0.99,0.9879,0.999745828955902,0.0080382136933798
402,graph_402,100,8.11102783819368,1,-2.511945588752688,0.6729292929292929,4.060443010546419,0.42,-0.50625199,0.4027779246949405,(0.410454541012628+0j),(0.09959636876150782+0j),(-0.29263178107175364+0j),1,2,0.6931471805599453,3,0.7618493461409496,1.286189683860233,0.6961873302571991,0.2492,0.99,0.99,1.000000001256261,0.0
403,graph_403,100,8.165932137321585,1,-2.5051993035193627,0.7109090909090909,4.143134726391533,0.38,-0.46555225,0.3526095279173575,(0.38233685098004433+0j),(0.10714550025611828+0j),(-0.29160678185586086+0j),1,2,0.6931471805599453,3,0.7969781716485672,1.276480173818577,0.6678033336233302,0.2529,0.99,0.9899,0.9997413059411304,0.008177460855013
404,graph_404,100,8.12355783506165,1,-2.5104019707499683,0.6814141414141414,4.060443010546419,0.42,-0.48444661,0.3446845574912296,(0.39544202520080446+0j),(0.1313404186676452+0j),(-0.2889035507909626+0j),1,2,0.6931471805599453,3,0.7754103639446149,1.267590027700831,0.678402293534041,0.2559,0.99,0.9774,0.9949057439870485,0.0541804240451637
405,graph_405,100,8.122371243406553,1,-2.510548049395452,0.6806060606060607,4.007333185232471,0.43,-0.49922707,0.3646149872848285,(0.406067114700082+0j),(0.12776706844245106+0j),(-0.236629837315885+0j),1,2,0.6931471805599453,3,0.7628829178387816,1.2648970747562296,0.6930839963640877,0.2547,0.99,0.99,1.000000006959053,0.0
406,graph_406,100,8.117312461601975,1,-2.511171064234916,0.6771717171717172,4.02535169073515,0.42,-0.49017601,0.3465361416992421,(0.399404642413553+0j),(0.13488105116193558+0j),(-0.28082996293786394+0j),1,2,0.6931471805599453,3,0.769437721750981,1.23714131023281,0.6816864114765877,0.2577,0.99,0.9878,0.9997296070920656,0.0031183086890503
407,graph_407,100,8.220133957151859,1,-2.4985836805622954,0.7505050505050505,4.219507705176107,0.33,-0.4168362,0.2996896212730959,(0.3492615187130361+0j),(0.11183682244607057+0j),(-0.26654518940844285+0j),1,2,0.6931471805599453,3,0.8308128733911603,1.210285132382892,0.6398383412043861,0.2374,0.9899,0.9824,0.9990969970205442,0.0218981181318162
408,graph_408,100,8.043020885298283,1,-2.520365441364535,0.6286868686868687,3.951243718581428,0.49,-0.54064522,0.4070199391651585,(0.43456006858114665+0j),(0.12862501857657052+0j),(-0.2451100539387732+0j),1,2,0.6931471805599453,3,0.7227621148260576,1.2041912950026867,0.7201157817095625,0.2682,0.99,0.9895,0.9999878122818618,0.0003808067090184
409,graph_409,100,7.99598047476376,1,-2.526231211228387,0.5997979797979798,3.688879454113936,0.61,-0.61300725,0.5072764658447673,(0.48022401473334947+0j),(0.1036029733238876+0j),(-0.11762111628383685+0j),1,2,0.6931471805599453,3,0.6768635561998504,1.1428571428571428,0.7652413059214296,0.2397,0.99,0.9872,0.999901216048088,0.0031022658018625
410,graph_410,100,7.874358824729881,1,-2.541558423673028,0.5311111111111111,3.688879454113936,0.61,-0.58639934,0.3446721949868292,(0.46596000474938865+0j),(0.22223999837309313+0j),(-0.2894771866852335+0j),1,2,0.6931471805599453,3,0.6749065016453464,1.1399416909620992,0.7436282934477548,0.2409,0.9899,0.981,0.9990778595417108,0.0204438908927809
411,graph_411,100,7.78155595923534,1,-2.5534138730337506,0.484040404040404,3.80666248977032,0.55,-0.52283151,0.1815375843470659,(0.42208921336050786+0j),(0.29535778679578323+0j),(-0.4423425663233204+0j),1,2,0.6931471805599453,3,0.7372282254914725,1.12559081701553,0.6957435783526102,0.2573,0.9899,0.9747,0.9989876352134568,0.0165164950373205
412,graph_412,100,8.071843149609158,1,-2.5167883345416864,0.647070707070707,3.951243718581428,0.48,-0.52787913,0.3987434135415835,(0.42593077698284515+0j),(0.12422568290531535+0j),(-0.2416886797499252+0j),1,2,0.6931471805599453,3,0.736653643109925,1.1245059288537549,0.7105836887219845,0.2531,0.9899,0.9769,0.9987146065252432,0.0275205881475666
413,graph_413,100,7.934155233536322,1,-2.5339932984790483,0.5638383838383838,3.7612001156935615,0.57,-0.5764386,0.3912376624300295,(0.4592973016715929+0j),(0.17540065201052044+0j),(-0.2145776767343323+0j),1,2,0.6931471805599453,3,0.6898217224777345,1.1225596529284163,0.7416692765630499,0.2528,0.9899,0.9849,0.999398091053651,0.009723863715678
414,graph_414,100,7.81762544305337,1,-2.548789329325866,0.5018181818181818,3.7612001156935615,0.57,-0.57962621,0.3526838299063413,(0.4610226420445262+0j),(0.20945908410968678+0j),(-0.3511678265941127+0j),1,2,0.6931471805599453,3,0.6625327092470423,1.1163076923076922,0.7303755244608063,0.2742,0.9897,0.9783,0.9890027438677323,0.0652550263006819
415,graph_415,100,7.917536353943631,1,-2.5360900949742105,0.5545454545454546,3.784189633918261,0.55,-0.56635591,0.3594488786750642,(0.4526116966568524+0j),(0.19306745877236273+0j),(-0.25040676871079814+0j),1,2,0.6931471805599453,3,0.6918719042921874,1.1152149944873209,0.7369761836215976,0.2353,0.99,0.9886,0.9999566860812804,0.0010966960934183
416,graph_416,100,8.048468743668883,1,-2.51968833082917,0.6321212121212121,3.9889840465642745,0.44,-0.51752181,0.3415046621669861,(0.41825679534858734+0j),(0.1636534826214481+0j),(-0.2884682344953379+0j),1,2,0.6931471805599453,3,0.73868782709701,1.1145780051150895,0.6963884559808713,0.2387,0.99,0.9885,0.9994068476028828,0.0127535684062828
417,graph_417,100,8.064321960910803,1,-2.5177205497479034,0.6422222222222222,4.02535169073515,0.44,-0.51926663,0.3756758503247932,(0.419789878006289+0j),(0.13624789821157693+0j),(-0.27428653706187756+0j),1,2,0.6931471805599453,3,0.74165122363907,1.113216957605985,0.7021075535383399,0.2591,0.99,0.9892,1.0000000391136294,0.0
418,graph_418,100,7.507141079727608,1,-2.5893154744836835,0.3678787878787878,3.58351893845611,0.65,-0.64356354,0.3618898843100135,(0.5072140960068123+0j),(0.2614164505328895+0j),(-0.4272866319957907+0j),1,2,0.6931471805599453,3,0.5653031381678949,1.1128526645768024,0.7799550514952495,0.2494,0.9898,0.9857,0.9985255569229188,0.0103763538813141
419,graph_419,100,8.152198015861787,1,-2.506882599898767,0.7012121212121212,4.143134726391533,0.35,-0.46352415,0.3377369267994938,(0.38124679782795406+0j),(0.11900182411759612+0j),(-0.3054911775606492+0j),1,2,0.6931471805599453,3,0.7968050430275986,1.1123432979749277,0.6646498876140148,0.2582,0.99,0.9896,0.9995297962630528,0.0105396678978655
420,graph_420,100,8.046549357283078,1,-2.51992683772402,0.6309090909090909,3.951243718581428,0.48,-0.53829575,0.411958543326552,(0.4328762247494494+0j),(0.12197587170512647+0j),(-0.26440047434781877+0j),1,2,0.6931471805599453,3,0.7253443406474038,1.1115518096182448,0.7178994265357403,0.258,0.99,0.989,0.9991472305313746,0.0124767234324256
421,graph_421,100,7.87359778968554,1,-2.5416550755833125,0.5307070707070707,3.6635616461296463,0.62,-0.60679237,0.3991888105018293,(0.4787607177618781+0j),(0.19464864826941475+0j),(-0.2437366006156791+0j),1,2,0.6931471805599453,3,0.6552378075386835,1.1096345514950166,0.76284735479518,0.2625,0.99,0.99,0.999999999477576,0.0
422,graph_422,100,7.999342952713282,1,-2.525810778592023,0.6018181818181818,3.8501476017100575,0.54,-0.56787447,0.4099429394355609,(0.4532161755412593+0j),(0.15136508926243097+0j),(-0.19259477292986973+0j),1,2,0.6931471805599453,3,0.7014303239837172,1.1064044377206252,0.7365728848047794,0.2522,0.99,0.9796,0.9961378049793452,0.0465029329730761
423,graph_423,100,7.930925372483388,1,-2.534400464528533,0.562020202020202,3.8918202981106265,0.52,-0.53848346,0.3114963854863504,(0.43244576720754296+0j),(0.20662833367413852+0j),(-0.3317712894623868+0j),1,2,0.6931471805599453,3,0.7099222336737562,1.1006749156355455,0.7038106888760437,0.2457,0.99,0.9688,0.991395646090992,0.0638497990341722
424,graph_424,100,8.03689677268507,1,-2.5211271508508117,0.6248484848484849,3.9318256327243257,0.48,-0.53050333,0.3603033161183437,(0.4273848405155636+0j),(0.15951280870293566+0j),(-0.27317802625266496+0j),1,2,0.6931471805599453,3,0.7272192853733138,1.100150225338007,0.7103127564764029,0.227,0.99,0.9805,0.9994081213716112,0.0107480573609101
425,graph_425,100,8.03947991910045,1,-2.5208057915685385,0.6264646464646465,3.951243718581428,0.48,-0.53665827,0.3915689327044325,(0.43193728001672677+0j),(0.13860438195936797+0j),(-0.2502107308611591+0j),1,2,0.6931471805599453,3,0.7250796720807051,1.09822309970385,0.7175105696480418,0.2294,0.99,0.9897,0.9996677409497908,0.0089272816535575
426,graph_426,100,7.965545573129992,1,-2.530044748659228,0.5818181818181818,3.9318256327243257,0.5,-0.53599497,0.3347531418455376,(0.43179399097218846+0j),(0.186699196813467+0j),(-0.2785622274500927+0j),1,2,0.6931471805599453,3,0.7173382504474213,1.097547974413646,0.714930532904567,0.2707,0.99,0.9896,0.999809647995352,0.0039224897461512
427,graph_427,100,7.935229539816907,1,-2.533857904914953,0.5644444444444444,3.912023005428146,0.51,-0.49932854,0.2423780424367461,(0.4071151033614819+0j),(0.23119028409148287+0j),(-0.32363411190256325+0j),1,2,0.6931471805599453,3,0.7512607389093768,1.0965714285714283,0.6868289737886923,0.2495,0.99,0.9898,0.9999795973098022,0.0006102665580552
428,graph_428,100,8.106816038947052,1,-2.5124649918710333,0.6701010101010101,4.060443010546419,0.4,-0.49304946,0.3670575629212564,(0.40203434017965395+0j),(0.12027335687608583+0j),(-0.2668496905406563+0j),1,2,0.6931471805599453,3,0.7661974857634039,1.0950095969289828,0.68797112627704,0.2421,0.99,0.9888,0.9997369737942444,0.005706288232033
429,graph_429,100,7.375255778009754,1,-2.607039602599572,0.3224242424242424,3.610917912644224,0.64,-0.60055112,0.1884262084241408,(0.47919845561731045+0j),(0.35512108751826815+0j),(-0.6239257813498531+0j),1,2,0.6931471805599453,3,0.638154756225551,1.0941828254847643,0.7424812534202309,0.2433,0.9899,0.9739,0.999376303452737,0.015538494334428
430,graph_430,100,8.128290171607052,1,-2.509819595542273,0.6846464646464646,4.04305126783455,0.37,-0.49097567,0.3688852075652395,(0.4002944056130476+0j),(0.11634089075290859+0j),(-0.25353356238114005+0j),1,2,0.6931471805599453,3,0.7702487416688473,1.0919755983106525,0.6866331215827949,0.2508,0.99,0.9887,0.9999855397296232,0.0004618121378885
431,graph_431,100,8.105911197986508,1,-2.5125766129386378,0.6694949494949495,4.0943445622221,0.41,-0.49363263,0.3672234970778933,(0.40203309647474617+0j),(0.1201245671549014+0j),(-0.28587363718720227+0j),1,2,0.6931471805599453,3,0.7671707812780202,1.091127098321343,0.6864815750012808,0.2469,0.99,0.9894,1.0000000265695637,0.0
432,graph_432,100,8.066207568006265,1,-2.5174867561702445,0.6434343434343435,4.007333185232471,0.46,-0.54524067,0.4507393488290045,(0.4372036642265162+0j),(0.09315517215065909+0j),(-0.25656095893760994+0j),1,2,0.6931471805599453,3,0.7276886139925239,1.0882075471698114,0.7243328098496996,0.2419,0.99,0.99,1.0000000002725211,0.0
433,graph_433,100,7.995643604287271,1,-2.526273342093254,0.5995959595959596,3.8501476017100575,0.53,-0.56170171,0.4081507184275694,(0.4489863241450764+0j),(0.14718865451180782+0j),(-0.2285561037175588+0j),1,2,0.6931471805599453,3,0.7004341534008683,1.0879560219890054,0.7334905686569373,0.2629,0.99,0.99,0.9999999964291272,0.0
434,graph_434,100,7.7501841622578365,1,-2.557453580033189,0.4690909090909091,3.713572066704308,0.59,-0.58293739,0.3145026951530003,(0.4630422614510225+0j),(0.2424737494524713+0j),(-0.36835860764524603+0j),1,2,0.6931471805599453,3,0.6579232072506073,1.0879541108986617,0.7351421033879713,0.2479,0.9899,0.9857,0.9978336472497286,0.0332776641909605
435,graph_435,100,7.882314918980268,1,-2.540548553816489,0.5353535353535354,3.828641396489095,0.54,-0.56470707,0.3296663737539942,(0.4504155964784982+0j),(0.21454487419610677+0j),(-0.3521068867490875+0j),1,2,0.6931471805599453,3,0.6822140831230319,1.0853242320819112,0.7199996504102059,0.2508,0.9899,0.9855,0.9979265851635828,0.0301777327110368
436,graph_436,100,8.153349757998892,1,-2.506741329926731,0.702020202020202,4.110873864173311,0.4,-0.46221467,0.3331448726713473,(0.3805216756034336+0j),(0.12213157058747433+0j),(-0.26913820246332615+0j),1,2,0.6931471805599453,3,0.7927204628050137,1.0851661207299954,0.6674097803319688,0.256,0.99,0.9768,0.9929899778992466,0.0638213596422088
437,graph_437,100,7.914252278742441,1,-2.5365049660067243,0.5527272727272727,3.80666248977032,0.54,-0.55767294,0.340278134858035,(0.4469707427584453+0j),(0.2015442921751338+0j),(-0.26460565776458345+0j),1,2,0.6931471805599453,3,0.6987986361173959,1.0821098423056008,0.727339263221222,0.2537,0.99,0.9883,0.9998843094737042,0.0031461095651696
438,graph_438,100,7.98139158158007,1,-2.528057406072786,0.5911111111111111,3.784189633918261,0.56,-0.58117745,0.4187842069518999,(0.4616203573608171+0j),(0.15517183653803776+0j),(-0.2204973303672576+0j),1,2,0.6931471805599453,3,0.6842807642996382,1.0818858560794045,0.7450444295114088,0.2553,0.99,0.99,0.999999999655788,0.0
439,graph_439,100,7.629003889652957,1,-2.573212901029171,0.4155555555555555,3.6635616461296463,0.62,-0.61407326,0.3214769114137101,(0.48449333602705386+0j),(0.2638058363665099+0j),(-0.38851768171877143+0j),1,2,0.6931471805599453,3,0.6221320241104413,1.081786941580756,0.7651920455807473,0.2559,0.99,0.99,0.999632758738418,0.0106853472984769
440,graph_440,100,7.931644021454311,1,-2.534309855125533,0.5624242424242424,3.713572066704308,0.6,-0.59274801,0.3983276542922185,(0.46964519866601123+0j),(0.1832369373269362+0j),(-0.22867730397985644+0j),1,2,0.6931471805599453,3,0.6735417073245888,1.0808709175738724,0.7489224846548951,0.2626,0.99,0.9896,0.9999999053816744,0.0
441,graph_441,100,7.931284761525891,1,-2.534355150661231,0.5622222222222222,3.912023005428146,0.51,-0.52722449,0.2848721965380434,(0.42676068716742604+0j),(0.22107238843289703+0j),(-0.2925174948405363+0j),1,2,0.6931471805599453,3,0.7319019422811693,1.0798250410060142,0.7096657827621977,0.2524,0.9899,0.9839,0.9989377855384084,0.0205791525035827
442,graph_442,100,7.565793282428515,1,-2.58153298206056,0.3901010101010101,3.6375861597263857,0.63,-0.58029594,0.2035304797535975,(0.4612687916136579+0j),(0.3239329766818062+0j),(-0.5198123274062053+0j),1,2,0.6931471805599453,3,0.6666666666666666,1.0778625954198473,0.731228012737351,0.2532,0.9899,0.9771,0.9987703321484692,0.020857477820738
443,graph_443,100,7.878534196140362,1,-2.5410283151396014,0.5333333333333333,3.6375861597263857,0.63,-0.61593933,0.4255289033804266,(0.4846428771170342+0j),(0.1807087393702557+0j),(-0.22434743900585596+0j),1,2,0.6931471805599453,3,0.6475240943835161,1.0777836973894512,0.766287422593322,0.2412,0.9899,0.9843,0.9992675251959818,0.0124667911820906
444,graph_444,100,7.805474625270857,1,-2.5503448234569084,0.4957575757575757,3.784189633918261,0.57,-0.54695539,0.2785509344533434,(0.43779230065513164+0j),(0.23959323393640433+0j),(-0.3772541484744538+0j),1,2,0.6931471805599453,3,0.7003234983132772,1.0775,0.7025263191392151,0.2664,0.9899,0.9772,0.999926573551075,0.0017805511956241
445,graph_445,100,7.829630389150193,1,-2.54725488155035,0.5078787878787879,3.80666248977032,0.55,-0.56311399,0.3117240821372733,(0.4489999285262615+0j),(0.22715187769470993+0j),(-0.39137894262783146+0j),1,2,0.6931471805599453,3,0.6817884564148521,1.0774774774774776,0.7137034651097565,0.2682,0.99,0.9765,0.9916853799443892,0.0671140949351711
446,graph_446,100,7.759614150696903,1,-2.556237575877523,0.4735353535353535,3.737669618283368,0.59,-0.55030637,0.1908462032196682,(0.4407758876520898+0j),(0.30973672757047443+0j),(-0.45725916583531556+0j),1,2,0.6931471805599453,3,0.7206683715138775,1.0772200772200773,0.7141656040019654,0.2597,0.9899,0.9708,0.9988828129537164,0.0180228446879907
447,graph_447,100,7.971085753505607,1,-2.529349472413547,0.585050505050505,3.80666248977032,0.56,-0.56778657,0.3956639605868577,(0.4532399372471183+0j),(0.16359539346030508+0j),(-0.2298992023700841+0j),1,2,0.6931471805599453,3,0.6925420862330391,1.076728924785462,0.7365331484667119,0.2499,0.99,0.99,1.000000000956588,0.0
448,graph_448,100,8.146709052203319,1,-2.50755613755906,0.6973737373737374,4.110873864173311,0.4,-0.46097177,0.3154253482772446,(0.3795122597665872+0j),(0.13640518435597504+0j),(-0.28149544304575286+0j),1,2,0.6931471805599453,3,0.7929284600623651,1.076525821596244,0.6642526862182908,0.2514,0.99,0.9889,0.9997704872381497,0.0072504403156983
449,graph_449,100,7.9157131993821155,1,-2.536320389401572,0.5535353535353535,3.6635616461296463,0.62,-0.60723275,0.4153329366388669,(0.47878349333465936+0j),(0.18130161649184737+0j),(-0.2274895863725463+0j),1,2,0.6931471805599453,3,0.6581996318072391,1.0765253360910032,0.7598540172794039,0.2564,0.99,0.9899,0.99999999647187,0.0
450,graph_450,100,8.213652703029998,1,-2.499372452449373,0.7456565656565657,4.158883083359672,0.37,-0.42102533,0.2664462045526339,(0.3519806434307979+0j),(0.1444767200285466+0j),(-0.2507944021593126+0j),1,2,0.6931471805599453,3,0.8245813677851579,1.1752988047808766,0.6394607580006179,0.2427,0.9896,0.9711,0.9926479566587036,0.064326594937491
451,graph_451,100,7.898782356970309,1,-2.538461570423752,0.5442424242424242,3.912023005428146,0.51,-0.53993552,0.299520745790744,(0.43314605620489993+0j),(0.21719042009592876+0j),(-0.35197790755118835+0j),1,2,0.6931471805599453,3,0.7082905067028232,1.156648451730419,0.7071269803153033,0.2447,0.99,0.9874,0.9995747585651996,0.0100354750977449
452,graph_452,100,7.757478766584179,1,-2.556512805798177,0.4725252525252525,3.7612001156935615,0.58,-0.58968238,0.3481130472709557,(0.46786412168847175+0j),(0.2219167190802184+0j),(-0.36895569317030474+0j),1,2,0.6931471805599453,3,0.6475841077223891,1.1229773462783172,0.7417700147787961,0.2612,0.99,0.9899,0.999999962785244,0.0
453,graph_453,100,7.773594467360194,1,-2.554437520166952,0.4802020202020202,3.871201010907891,0.53,-0.57328846,0.3147690396177822,(0.45602065121756225+0j),(0.23350083931008406+0j),(-0.39114024878476134+0j),1,2,0.6931471805599453,3,0.6705633775004443,1.1149870801033592,0.7261251953640196,0.2557,0.99,0.9886,0.9997783375021472,0.0037363276465399
454,graph_454,100,8.092239406724211,1,-2.514264681514181,0.6604040404040404,3.970291913552122,0.48,-0.45612211,0.2225524483035128,(0.37985539178563765+0j),(0.21472477106761537+0j),(-0.29507413193314114+0j),1,2,0.6931471805599453,3,0.7936751337170284,1.1101159114857746,0.6452279920975222,0.2506,0.9887,0.9758,0.9725578770819328,0.1300467855976159
455,graph_455,100,7.848933726364071,1,-2.544792494456069,0.5177777777777778,3.828641396489095,0.55,-0.55412552,0.3103078638501437,(0.442750990697739+0j),(0.2204813857516711+0j),(-0.3750104403660944+0j),1,2,0.6931471805599453,3,0.6923973784469712,1.1088145896656536,0.7117634862583708,0.2462,0.9898,0.9798,0.993504280400114,0.0526296473834632
456,graph_456,100,7.83399634170946,1,-2.546697417720632,0.51010101010101,3.80666248977032,0.55,-0.56213519,0.3043723854887354,(0.44901091714282554+0j),(0.23300625549997692+0j),(-0.33665683570423804+0j),1,2,0.6931471805599453,3,0.6868060267950974,1.0990453460620524,0.7295059112875842,0.2567,0.9899,0.9721,0.9988944498810616,0.0204367011137337
457,graph_457,100,8.164510268747042,1,-2.505373440697374,0.7098989898989899,4.007333185232471,0.43,-0.46678558,0.3016446179278598,(0.3858638224235906+0j),(0.1563537408320744+0j),(-0.1982070280941982+0j),1,2,0.6931471805599453,3,0.790823251159829,1.098677998111426,0.6622789234186623,0.2565,0.9892,0.9755,0.9871723447019136,0.0879949006941617
458,graph_458,100,8.117610746466228,1,-2.5111343181585144,0.6773737373737374,4.02535169073515,0.45,-0.49242564,0.3373598732293159,(0.4014875629780512+0j),(0.1455587250475311+0j),(-0.24163874009627812+0j),1,2,0.6931471805599453,3,0.7662199923293075,1.094897472579876,0.6847599302306079,0.2499,0.99,0.9892,0.9998061646104968,0.0038660400156966
459,graph_459,100,7.918992488165245,1,-2.5359061993440206,0.5553535353535354,3.8918202981106265,0.52,-0.54717985,0.31340525864136,(0.4390373279344853+0j),(0.21334201784014792+0j),(-0.3105785982859677+0j),1,2,0.6931471805599453,3,0.7050865200082476,1.093715545755237,0.7217170283200952,0.2378,0.99,0.99,0.9998492384903078,0.0035465965238616
460,graph_460,100,7.952966790923131,1,-2.5316251456884613,0.5745454545454546,3.970291913552122,0.46,-0.50878038,0.2688614338914237,(0.41182896516368306+0j),(0.21568765727409817+0j),(-0.3484723058323322+0j),1,2,0.6931471805599453,3,0.7411451290641587,1.0931015143017386,0.6853026589713253,0.2557,0.99,0.9875,0.9999539445462547,0.001080290921577
461,graph_461,100,7.877017895622398,1,-2.541220793386484,0.5325252525252525,3.912023005428146,0.51,-0.52332911,0.2280932598928875,(0.42197013466488037+0j),(0.2599534535504458+0j),(-0.38270815223330307+0j),1,2,0.6931471805599453,3,0.7307093015378362,1.0930094786729858,0.6999241266091049,0.2494,0.99,0.99,1.0000000012240648,0.0
462,graph_462,100,8.18088094199639,1,-2.5033703465515,0.7216161616161616,4.158883083359672,0.37,-0.43452114,0.2940549672310888,(0.36153884920374857+0j),(0.1323272631913773+0j),(-0.2847862573701315+0j),1,2,0.6931471805599453,3,0.8148887996331827,1.091725768321513,0.6464163793767177,0.2557,0.9899,0.9845,0.99846197132989,0.0256540950047452
463,graph_463,100,7.646831391430482,1,-2.5708788211516302,0.423030303030303,3.713572066704308,0.6,-0.59303772,0.3020354759679455,(0.47056377594809723+0j),(0.26148773413019855+0j),(-0.4602514474496644+0j),1,2,0.6931471805599453,3,0.6403466270581974,1.0872340425531914,0.7320916455125309,0.2548,0.99,0.9899,0.9994690764818628,0.0119693348405988
464,graph_464,100,7.789040401657477,1,-2.5524525170490358,0.4876767676767676,3.80666248977032,0.56,-0.560858,0.2434027920355401,(0.44735197164701856+0j),(0.278208806437123+0j),(-0.41396650266997104+0j),1,2,0.6931471805599453,3,0.6932670251932381,1.0859616573902289,0.7274234120522197,0.2411,0.99,0.99,0.9998028948342496,0.0062277949138465
465,graph_465,100,7.994969522697877,1,-2.5263576517547333,0.5991919191919192,3.9318256327243257,0.5,-0.52802114,0.3275313948843983,(0.4266581845542541+0j),(0.18614546301375967+0j),(-0.26215090227880294+0j),1,2,0.6931471805599453,3,0.7262094530225714,1.0838075530263838,0.706423059346933,0.2589,0.99,0.9764,0.9945286769222542,0.0589385263479684
466,graph_466,100,7.895436006942965,1,-2.538885314100117,0.5424242424242425,3.9318256327243257,0.5,-0.52589,0.2841777454992675,(0.42367477143560506+0j),(0.21783907527347823+0j),(-0.3458940953060332+0j),1,2,0.6931471805599453,3,0.7231752457113942,1.0813148788927336,0.698417528145003,0.233,0.99,0.9744,0.9934621751130932,0.0569418749197456
467,graph_467,100,7.906547232368036,1,-2.5374790061591423,0.5484848484848485,3.871201010907891,0.53,-0.52608646,0.2683863328943487,(0.4242422183174442+0j),(0.23114777604910294+0j),(-0.3419072606463099+0j),1,2,0.6931471805599453,3,0.7250621151560981,1.0797962648556876,0.7027624317063077,0.2431,0.99,0.99,0.9999999989084772,0.0
468,graph_468,100,7.949444420250626,1,-2.532068144009073,0.5725252525252525,3.912023005428146,0.51,-0.52251451,0.2992743246245093,(0.4218713272172136+0j),(0.20337991950087242+0j),(-0.31853384148925157+0j),1,2,0.6931471805599453,3,0.7276631954293123,1.0760456273764258,0.6993646291512448,0.2456,0.9897,0.9744,0.987597191238826,0.0738931114872167
469,graph_469,100,7.8383433155571165,1,-2.546142685746441,0.5123232323232323,3.871201010907891,0.53,-0.54576791,0.2787466033337953,(0.4371357952011048+0j),(0.23863864514793026+0j),(-0.3670993999333561+0j),1,2,0.6931471805599453,3,0.7017179332107807,1.0750893921334923,0.7113564652661789,0.2599,0.99,0.989,0.9998647472751762,0.0030746965498877
470,graph_470,100,7.853993087224244,1,-2.5441481099925483,0.5204040404040404,3.8501476017100575,0.54,-0.53849593,0.2638060808775777,(0.43198890315401184+0j),(0.24413131254545614+0j),(-0.3770156295481856+0j),1,2,0.6931471805599453,3,0.7106828831674827,1.0744240992321323,0.7061335371033423,0.25,0.99,0.99,1.0000000046299014,0.0
471,graph_471,100,7.956476798036782,1,-2.531183897425947,0.5765656565656566,3.951243718581428,0.47,-0.50915055,0.2602496894638237,(0.4118513935803549+0j),(0.22263173431483027+0j),(-0.36434274134120403+0j),1,2,0.6931471805599453,3,0.7428998580222449,1.073036792970895,0.6847407326265882,0.2435,0.99,0.9797,0.995038479895786,0.0538069466066393
472,graph_472,100,7.823245690685523,1,-2.548070667580495,0.5046464646464647,3.80666248977032,0.56,-0.57368887,0.3244082232601599,(0.4565712394954485+0j),(0.22653272340683953+0j),(-0.3728489239398296+0j),1,2,0.6931471805599453,3,0.6683142940831869,1.071976401179941,0.7273818743557333,0.2528,0.99,0.99,1.0000000428505127,0.0
473,graph_473,100,7.3031700512368,1,-2.616861678500468,0.3,3.555348061489413,0.66,-0.64100162,0.3298384204386184,(0.5121676369563773+0j),(0.2919726818957568+0j),(-0.5663337244066179+0j),1,2,0.6931471805599453,3,0.5515421601970212,1.0719016083254491,0.7629627613751964,0.2368,0.99,0.9843,0.9996207407275368,0.0096144487745444
474,graph_474,100,7.677400430514807,1,-2.566889181737746,0.4361616161616161,3.784189633918261,0.56,-0.58497373,0.3067477802634186,(0.4644007995383616+0j),(0.2502237571712605+0j),(-0.44852131305226783+0j),1,2,0.6931471805599453,3,0.6538034805076374,1.0718728403593645,0.7202407909710468,0.2411,0.9846,0.9755,0.9788753244365612,0.0852692699338995
475,graph_475,100,7.806289289267033,1,-2.550240458056384,0.4961616161616161,3.8918202981106265,0.52,-0.54686062,0.2688747968785865,(0.437268325394755+0j),(0.24654496474919763+0j),(-0.4156914952985056+0j),1,2,0.6931471805599453,3,0.705105716818499,1.0707635009310987,0.7023616625985545,0.2449,0.9899,0.9866,0.9983894243767368,0.0255936360898981
476,graph_476,100,7.656810091480378,1,-2.569574726113173,0.4272727272727272,3.7612001156935615,0.58,-0.57782395,0.2689423934258244,(0.45928791337400343+0j),(0.2730789605373638+0j),(-0.4605504696075994+0j),1,2,0.6931471805599453,3,0.6623055357044693,1.0707282913165266,0.722931324868703,0.2516,0.99,0.9881,0.9996921176104436,0.0078583760327417
477,graph_477,100,7.761744984658913,1,-2.555963007915167,0.4745454545454545,3.784189633918261,0.57,-0.57717803,0.2985104087452184,(0.4589767988403995+0j),(0.24993626259192464+0j),(-0.37034611137681894+0j),1,2,0.6931471805599453,3,0.6675516618738715,1.070500927643785,0.7369093231186874,0.2537,0.99,0.99,0.9999999999966512,0.0
478,graph_478,100,8.027802848370312,1,-2.522259313356261,0.6191919191919192,4.04305126783455,0.44,-0.47100716,0.2616862439251435,(0.38678979684879344+0j),(0.19108367694129055+0j),(-0.3186825904474385+0j),1,2,0.6931471805599453,3,0.7750043920699488,1.0701476793248943,0.6620750775905339,0.2454,0.9898,0.9896,0.9996466136546726,0.0020772243227665
479,graph_479,100,7.98139158158007,1,-2.528057406072786,0.5911111111111111,3.951243718581428,0.49,-0.51289935,0.298590536651125,(0.41490984990432905+0j),(0.1952737221247999+0j),(-0.32434648657923715+0j),1,2,0.6931471805599453,3,0.7368682892429855,1.0693121693121692,0.6907040560138076,0.248,0.99,0.9886,0.9997322771508048,0.0044293800695365
480,graph_480,100,8.108021221376747,1,-2.512316340063733,0.6709090909090909,4.07753744390572,0.42,-0.45154237,0.270567619005845,(0.37360338632216+0j),(0.16754048046704276+0j),(-0.3187555115503313+0j),1,2,0.6931471805599453,3,0.7965928273401918,1.0674268715914723,0.6482985290099403,0.2372,0.9898,0.9839,0.9991646932973534,0.0159661520334325
481,graph_481,100,7.87359778968554,1,-2.5416550755833125,0.5307070707070707,3.912023005428146,0.5,-0.53454744,0.2896745028606735,(0.42889591471516647+0j),(0.21984748035065121+0j),(-0.39171502487001647+0j),1,2,0.6931471805599453,3,0.7163237108595407,1.0673302107728335,0.6940425741422249,0.2625,0.99,0.9799,0.9924602531408984,0.0644730244680265
482,graph_482,100,8.133000218583613,1,-2.509240299927318,0.6878787878787879,3.970291913552122,0.48,-0.4817378,0.3053427966793305,(0.39619566479710105+0j),(0.1662068102883851+0j),(-0.21235899420039536+0j),1,2,0.6931471805599453,3,0.7770919355393178,1.067321178120617,0.6705577637511038,0.2487,0.99,0.9801,0.9933545643338514,0.0687239881148615
483,graph_483,100,7.902487437162855,1,-2.53799261061119,0.5462626262626262,3.912023005428146,0.51,-0.52810489,0.2964394505449235,(0.42490790959331526+0j),(0.20945842771741732+0j),(-0.3568775679120389+0j),1,2,0.6931471805599453,3,0.7211417560704779,1.0656851642129106,0.6960060057589268,0.2574,0.99,0.9886,0.9998516261760936,0.0046856222468614
484,graph_484,100,7.782807262839695,1,-2.5532530821823425,0.4846464646464646,3.871201010907891,0.53,-0.55474411,0.2416082772095933,(0.4429882443256308+0j),(0.274403614600713+0j),(-0.4163282460967995+0j),1,2,0.6931471805599453,3,0.7008207898803881,1.0649350649350648,0.7177989875501871,0.2639,0.99,0.9879,0.9996958355386109,0.0069603963564321
485,graph_485,100,7.85748078694253,1,-2.5437041414885737,0.5222222222222223,3.871201010907891,0.53,-0.53619993,0.2715696855271503,(0.4316229373990284+0j),(0.23758653653467768+0j),(-0.33163471247092885+0j),1,2,0.6931471805599453,3,0.7157005686801856,1.064702484113229,0.7129593274137005,0.2533,0.99,0.9883,0.999678317195327,0.0093508477376656
486,graph_486,100,8.075271546297458,1,-2.516363689420328,0.6492929292929293,4.060443010546419,0.42,-0.46466245,0.2742779431362065,(0.38229955468191323+0j),(0.17510652332769253+0j),(-0.31244449580412936+0j),1,2,0.6931471805599453,3,0.7824808344853588,1.0633802816901408,0.6578314802967894,0.255,0.9896,0.9801,0.9897731255651088,0.0704230323803409
487,graph_487,100,7.965198290612176,1,-2.53008834769275,0.5816161616161616,3.912023005428146,0.51,-0.55792836,0.3585989611595488,(0.4464774138086473+0j),(0.18581414091277515+0j),(-0.26672930548680296+0j),1,2,0.6931471805599453,3,0.7006084255637028,1.0621526023244063,0.7302018375768127,0.2651,0.99,0.9742,0.9943574340677456,0.0547672294434633
488,graph_488,100,7.48324441607385,1,-2.5925037425776587,0.3591919191919192,3.6635616461296463,0.61,-0.60824196,0.3122679916026285,(0.48461335184064286+0j),(0.27100311449667497+0j),(-0.5618622471799412+0j),1,2,0.6931471805599453,3,0.6202440775305097,1.0612076095947065,0.7221596260950283,0.2455,0.9887,0.9778,0.9879082418757368,0.0670926874959371
489,graph_489,100,7.763021309018518,1,-2.555798583621965,0.4751515151515151,3.784189633918261,0.57,-0.58349051,0.2973283875989445,(0.46340734992543337+0j),(0.2563092759670359+0j),(-0.3634248388581461+0j),1,2,0.6931471805599453,3,0.6674761964961775,1.061101028433152,0.7457482659021614,0.235,0.99,0.9896,0.9999778099181142,0.000532229439963
490,graph_490,100,7.776535028185241,1,-2.554059316131939,0.4816161616161616,3.8918202981106265,0.52,-0.57653378,0.3521709136333237,(0.4584357493193247+0j),(0.20654830443195+0j),(-0.39214409270550854+0j),1,2,0.6931471805599453,3,0.6706367384333486,1.0605504587155965,0.7273489997572651,0.2521,0.99,0.9896,0.9998875343601008,0.0035544160268772
491,graph_491,100,8.052296499538647,1,-2.5192128557962685,0.6345454545454545,3.970291913552122,0.47,-0.49107828,0.2742629651464567,(0.4016619689132864+0j),(0.19888623535142838+0j),(-0.27886665130668525+0j),1,2,0.6931471805599453,3,0.7602407812398502,1.059850374064838,0.6765361152897169,0.2408,0.99,0.9887,0.9999873232349246,0.0001775003731196
492,graph_492,100,7.73718007783463,1,-2.5591328958002477,0.463030303030303,3.828641396489095,0.54,-0.57108964,0.2774358293990169,(0.45425161161576827+0j),(0.2604843485856035+0j),(-0.43043071069829864+0j),1,2,0.6931471805599453,3,0.6747359338686558,1.0594629156010231,0.7229494404752622,0.2452,0.99,0.99,0.9996100678796276,0.0095067801114632
493,graph_493,100,8.232971790593437,1,-2.4970231440601047,0.7602020202020202,4.158883083359672,0.36,-0.41211956,0.2697786545329725,(0.34742839903384876+0j),(0.13596719210647376+0j),(-0.1920695933088856+0j),1,2,0.6931471805599453,3,0.8303197794353597,1.059449866903283,0.6345998650279789,0.251,0.9899,0.9843,0.9970894915575238,0.0442567675195864
494,graph_494,100,7.96693349840484,1,-2.529870522756012,0.5826262626262626,4.007333185232471,0.46,-0.49925469,0.2634376162126672,(0.40518730125858565+0j),(0.21199825774058553+0j),(-0.3568336688574658+0j),1,2,0.6931471805599453,3,0.7508932498480363,1.0592391304347826,0.6758842802697604,0.2523,0.9898,0.9799,0.989727196828058,0.074365240970538
495,graph_495,100,7.68937110752969,1,-2.5653311863700576,0.4414141414141414,3.80666248977032,0.55,-0.57766088,0.2908245859827323,(0.4590085548884952+0j),(0.2559434294847485+0j),(-0.44365629197685386+0j),1,2,0.6931471805599453,3,0.6630906100478469,1.0589417280643,0.7236841666199948,0.2515,0.99,0.9767,0.9906429059526548,0.0685750627393978
496,graph_496,100,8.101677747454572,1,-2.513099016442634,0.6666666666666666,4.07753744390572,0.4,-0.47832245,0.3059520038311714,(0.3911495676039036+0j),(0.15933236506434184+0j),(-0.3018688737320119+0j),1,2,0.6931471805599453,3,0.7760574473386002,1.0583173996175907,0.6709090287489023,0.2672,0.99,0.9884,0.9998632362694528,0.0041439989653024
497,graph_497,100,8.213923595622743,1,-2.4993394722229727,0.7458585858585859,4.158883083359672,0.37,-0.40904167,0.2637923158637953,(0.3459803671159766+0j),(0.13939887739386422+0j),(-0.20623695977712814+0j),1,2,0.6931471805599453,3,0.8287279954379655,1.058160504959423,0.635766323205117,0.2622,0.99,0.9801,0.9968715443298108,0.0476322803926059
498,graph_498,100,7.229113877793302,1,-2.627053719183051,0.2785858585858586,3.6635616461296463,0.62,-0.59966789,0.3108081369559377,(0.49707038337428167+0j),(0.28749961640466815+0j),(-0.8024784481160622+0j),1,2,0.6931471805599453,3,0.6819308391360793,1.0580865603644647,0.6736769244663865,0.235,0.99,0.9828,0.999848784965835,0.0032160458684346
499,graph_499,100,8.201934351194222,1,-2.500800163049985,0.7369696969696969,4.127134385045092,0.39,-0.41220898,0.2314727601544903,(0.3480742456089451+0j),(0.16962854233697122+0j),(-0.24454203104432454+0j),1,2,0.6931471805599453,3,0.8266271111279172,1.0578168362627196,0.6286321292964293,0.2627,0.9789,0.9698,0.9698598027070328,0.1082012602378863
500,graph_500,100,8.01102337918644,1,-2.524351670373845,0.6088888888888889,3.912023005428146,0.49,-0.55665374,0.4191973392779411,(0.4452066929230154+0j),(0.13244430510816474+0j),(-0.2719850057365844+0j),1,2,0.6931471805599453,3,0.7061392066129321,1.35239852398524,0.7295951843195773,0.2513,0.99,0.99,0.9999350224890208,0.0012337579277916
501,graph_501,100,8.045588280803528,1,-2.5200462844379747,0.6303030303030303,3.9889840465642745,0.45,-0.53008168,0.3937915776337315,(0.42693061625958517+0j),(0.12993533784235506+0j),(-0.29274498568408+0j),1,2,0.6931471805599453,3,0.7312508174565113,1.2988843217850852,0.7089743400508569,0.2609,0.99,0.9896,0.9993363738707708,0.0126660965750805
502,graph_502,100,8.135639903354386,1,-2.5089157878876938,0.6896969696969697,4.04305126783455,0.44,-0.47578624,0.3137213321796706,(0.38948916645744375+0j),(0.15057729980170528+0j),(-0.2753507194230598+0j),1,2,0.6931471805599453,3,0.7809548483451505,1.2823529411764707,0.670547261857837,0.252,0.9892,0.9749,0.9858004257360272,0.0802691057694759
503,graph_503,100,8.156223323194624,1,-2.5063889521899063,0.704040404040404,4.07753744390572,0.42,-0.46373702,0.3035360516468879,(0.38111505896690717+0j),(0.14874752108204964+0j),(-0.2782918369331707+0j),1,2,0.6931471805599453,3,0.792619958884948,1.2797783933518003,0.6628407949618946,0.2579,0.99,0.9791,0.9994678916227232,0.0125406737681384
504,graph_504,100,8.120886021092838,1,-2.5107309218690785,0.6795959595959596,3.9889840465642745,0.47,-0.4950496,0.3283536232073154,(0.40323805940396323+0j),(0.15555784997247754+0j),(-0.2440840144487104+0j),1,2,0.6931471805599453,3,0.7652765778597613,1.2774694783573808,0.6843787037621348,0.2567,0.99,0.9768,0.9960343317986288,0.0482146431943362
505,graph_505,100,8.055157731819678,1,-2.51885758769865,0.6363636363636364,3.970291913552122,0.47,-0.53169027,0.3928041386936902,(0.4282298039984865+0j),(0.13254863665057123+0j),(-0.26777975411913+0j),1,2,0.6931471805599453,3,0.7305953714793494,1.2623873873873874,0.7117460413422915,0.2548,0.99,0.9898,0.999998202396002,2.8152959188770838e-05
506,graph_506,100,8.09925056179696,1,-2.51339865182518,0.665050505050505,4.060443010546419,0.43,-0.50151497,0.3514050886128008,(0.40730065157744355+0j),(0.14093582271906643+0j),(-0.2772975167264228+0j),1,2,0.6931471805599453,3,0.7589482960512814,1.2609905397885364,0.6886391796486606,0.2694,0.9898,0.9798,0.9910312404965308,0.0697196105758324
507,graph_507,100,8.076826031298808,1,-2.516171208536816,0.6503030303030303,3.9889840465642745,0.47,-0.51489081,0.3665114523614672,(0.4166261642581978+0j),(0.14004356123620967+0j),(-0.27233665927217754+0j),1,2,0.6931471805599453,3,0.7455621301775148,1.248888888888889,0.6983535534209244,0.2577,0.99,0.9898,0.9999848360940328,0.0004780412101879
508,graph_508,100,8.142063283104147,1,-2.508126563510078,0.6941414141414142,4.060443010546419,0.42,-0.47085805,0.3150564068290662,(0.38613822927565095+0j),(0.14516611783415098+0j),(-0.2754538964572598+0j),1,2,0.6931471805599453,3,0.7853119281631421,1.2474226804123711,0.6690909782025727,0.267,0.9899,0.9695,0.9995430175479444,0.0100565111854508
509,graph_509,100,8.129174996911793,1,-2.509710743972063,0.6852525252525252,4.04305126783455,0.44,-0.48031752,0.3172259705411022,(0.3927643401236702+0j),(0.15172776039536665+0j),(-0.27087102446739897+0j),1,2,0.6931471805599453,3,0.7768039551391801,1.240238611713666,0.674233487874186,0.2587,0.99,0.989,0.9994879795041915,0.0114773295245268
510,graph_510,100,8.11162807830774,1,-2.5118715885251754,0.6733333333333333,4.02535169073515,0.45,-0.4973878,0.3429664293782164,(0.4044868784787974+0j),(0.14459108383880045+0j),(-0.2678465157652593+0j),1,2,0.6931471805599453,3,0.7630372730395234,1.238353196099675,0.6859430931302775,0.255,0.9898,0.9766,0.986131721127822,0.0869697274086207
511,graph_511,100,8.156223323194624,1,-2.5063889521899063,0.704040404040404,4.060443010546419,0.43,-0.4667154,0.2933193206982853,(0.38337073632729085+0j),(0.16033372051921874+0j),(-0.2646843005144246+0j),1,2,0.6931471805599453,3,0.7898640296662547,1.2358591248665955,0.6645623328945557,0.2441,0.99,0.9894,1.0000001165209431,0.0
512,graph_512,100,8.151909872940905,1,-2.506917945950557,0.701010101010101,4.07753744390572,0.42,-0.47115416,0.3138860798800869,(0.3865222617449482+0j),(0.14666595287570727+0j),(-0.24903167864901724+0j),1,2,0.6931471805599453,3,0.7851936878705479,1.235262878385555,0.6703169689247602,0.2379,0.9899,0.9817,0.9986883566967024,0.0284835099100533
513,graph_513,100,8.08886878916199,1,-2.514681292981105,0.6581818181818182,4.007333185232471,0.46,-0.5089163,0.3539706046586737,(0.41258040988058886+0j),(0.1456060573138367+0j),(-0.26779113347681655+0j),1,2,0.6931471805599453,3,0.7515415010072366,1.232824427480916,0.6939840938531968,0.2527,0.99,0.9881,0.9999915180131768,0.0001573921760225
514,graph_514,100,8.104401307921613,1,-2.512762900534107,0.6684848484848485,3.9889840465642745,0.47,-0.50257191,0.3388234195799517,(0.4081407523897197+0j),(0.15288881624527467+0j),(-0.26359565672481894+0j),1,2,0.6931471805599453,3,0.7580899401011217,1.229978354978355,0.6881233303402855,0.2396,0.9894,0.9789,0.9841492760169476,0.0833920449774071
515,graph_515,100,8.150179269682326,1,-2.5071302626971947,0.6997979797979798,4.04305126783455,0.44,-0.4734414,0.3123518140672043,(0.3880204167698122+0j),(0.1498913923168081+0j),(-0.2571241695049451+0j),1,2,0.6931471805599453,3,0.7841838330577774,1.2072727272727273,0.6709007020231487,0.2601,0.9899,0.98,0.9987951670525544,0.0262018582816354
516,graph_516,100,8.162801353492073,1,-2.505582772803081,0.7086868686868687,4.04305126783455,0.44,-0.46813928,0.3012515059611396,(0.3847697134478399+0j),(0.15531379345982033+0j),(-0.23339463525151669+0j),1,2,0.6931471805599453,3,0.7886273264029621,1.204018547140649,0.66626287114139,0.2461,0.9898,0.9758,0.9863740935315652,0.0889935975927084
517,graph_517,100,8.149601735736155,1,-2.50720112671018,0.6993939393939393,4.04305126783455,0.44,-0.46768707,0.2931093851311157,(0.3842744489564366+0j),(0.16164173127933948+0j),(-0.2566965843369984+0j),1,2,0.6931471805599453,3,0.7871049540394907,1.1935651271406331,0.6643551709550164,0.2373,0.9899,0.9783,0.9984266932090008,0.0221878421289392
518,graph_518,100,8.175547596021026,1,-2.504022487225362,0.7177777777777777,4.0943445622221,0.41,-0.44828159,0.2884307422607266,(0.3706829600845803+0j),(0.1486725207085489+0j),(-0.26031023323521324+0j),1,2,0.6931471805599453,3,0.8032554239146795,1.189769820971867,0.6546580290802819,0.2537,0.99,0.9886,0.9996887457741614,0.0073757961403107
519,graph_519,100,8.17948018535889,1,-2.5035415844147737,0.7206060606060606,4.060443010546419,0.43,-0.4488626,0.2830578193759974,(0.37125040554404726+0j),(0.15399768205887288+0j),(-0.24993366483390675+0j),1,2,0.6931471805599453,3,0.8030191340021153,1.1828774062816616,0.6546119106311242,0.2407,0.9898,0.989,0.999331612521102,0.010731756671683
520,graph_520,100,7.648739788956242,1,-2.5706292851894674,0.4238383838383838,3.610917912644224,0.64,-0.61634648,0.3343498003761833,(0.48656168572573116+0j),(0.2564728216387496+0j),(-0.39510065595141625+0j),1,2,0.6931471805599453,3,0.6124682554034611,1.1697147037307971,0.7621544279269281,0.2556,0.99,0.9899,0.9992063853666056,0.0153481500997742
521,graph_521,100,7.91644286012226,1,-2.5362282148755093,0.553939393939394,3.828641396489095,0.53,-0.57401333,0.3880031052478834,(0.45732124975791844+0j),(0.17549264234932097+0j),(-0.2745729482529651+0j),1,2,0.6931471805599453,3,0.6783580315397416,1.1470588235294117,0.7396061202827207,0.2319,0.99,0.9898,1.000000008966854,0.0
522,graph_522,100,7.813187267521416,1,-2.549357204551985,0.4995959595959596,3.7612001156935615,0.57,-0.57029874,0.3086046589114291,(0.454276249550353+0j),(0.2362006398197364+0j),(-0.35794193694164406+0j),1,2,0.6931471805599453,3,0.6735555376480725,1.134845620667927,0.728265263052345,0.2478,0.9899,0.9742,0.9968006687713744,0.0398899467600048
523,graph_523,100,8.068716192714781,1,-2.5171758002877214,0.6450505050505051,3.970291913552122,0.47,-0.52316577,0.3750267778624514,(0.42243017710936165+0j),(0.14031649441159041+0j),(-0.25766755233036975+0j),1,2,0.6931471805599453,3,0.738171502169768,1.1334340382678751,0.7049804515839614,0.2542,0.9899,0.9698,0.9980943682863512,0.0275496682627449
524,graph_524,100,8.07961802938984,1,-2.515825588162885,0.6521212121212121,4.007333185232471,0.46,-0.51558348,0.3697923053630347,(0.41701010841916336+0j),(0.13769506541252738+0j),(-0.27807424594642155+0j),1,2,0.6931471805599453,3,0.7461261582175979,1.1324636226793778,0.6991942296298365,0.2419,0.9899,0.9792,0.9991856561447746,0.0184781831629061
525,graph_525,100,7.911690520708339,1,-2.53682870761112,0.5513131313131313,3.784189633918261,0.57,-0.5936317,0.4030755937936254,(0.47003829553677545+0j),(0.17980161209316262+0j),(-0.22929690097861577+0j),1,2,0.6931471805599453,3,0.669594387242193,1.12896174863388,0.7570539830845844,0.2277,0.99,0.9895,0.9998284996210172,0.0054157127557501
526,graph_526,100,8.045908742270779,1,-2.5200064545244705,0.6305050505050505,3.951243718581428,0.49,-0.54954951,0.4267548658160356,(0.4403315807469073+0j),(0.11908643997206506+0j),(-0.254158161903389+0j),1,2,0.6931471805599453,3,0.7185705113744816,1.127363184079602,0.726049343132188,0.2481,0.99,0.99,1.0000000000372644,0.0
527,graph_527,100,7.989560449333865,1,-2.527034440322172,0.5959595959595959,3.8501476017100575,0.54,-0.57884491,0.4434944391671813,(0.4598262924274223+0j),(0.1312952478839937+0j),(-0.2346349121729029+0j),1,2,0.6931471805599453,3,0.6885229695951194,1.1262135922330097,0.7471186086078776,0.2577,0.99,0.9897,0.999996871418527,0.0001003850904314
528,graph_528,100,8.12058871174027,1,-2.5107675329967614,0.6793939393939394,4.060443010546419,0.43,-0.48923951,0.3316339311397251,(0.39874367052508725+0j),(0.14696871111301954+0j),(-0.2793894741249655+0j),1,2,0.6931471805599453,3,0.7707139378591604,1.125677673730902,0.6794529632473313,0.2571,0.99,0.9791,0.986659382410007,0.0838748357205454
529,graph_529,100,8.057060681965766,1,-2.518621375638204,0.6375757575757576,3.9889840465642745,0.46,-0.52816745,0.3946623855135922,(0.42575330339258943+0j),(0.12758436874896215+0j),(-0.27858967103993176+0j),1,2,0.6931471805599453,3,0.7344502833061377,1.1224899598393574,0.7084917202121502,0.2484,0.99,0.9897,0.9993399512182382,0.0117840716233248
530,graph_530,100,7.999342952713282,1,-2.525810778592023,0.6018181818181818,3.871201010907891,0.51,-0.57036169,0.4342376799771934,(0.4543679275737083+0j),(0.13185227554140805+0j),(-0.2378166053063499+0j),1,2,0.6931471805599453,3,0.6950374710197785,1.1180942726811962,0.7405169604068057,0.2515,0.99,0.9892,0.9995589188391548,0.0099709289020381
531,graph_531,100,7.731053144007127,1,-2.559925091529398,0.4602020202020202,3.7612001156935615,0.58,-0.55028745,0.2210608862725356,(0.4402786037447013+0j),(0.28674086656933256+0j),(-0.42841818475855237+0j),1,2,0.6931471805599453,3,0.701140941012717,1.1155950752393982,0.7159789772926327,0.2517,0.99,0.9899,0.9997405823151376,0.0081972677550189
532,graph_532,100,7.892825526251117,1,-2.539216000377406,0.541010101010101,3.784189633918261,0.57,-0.56975154,0.3481629789140223,(0.4545739640565142+0j),(0.20484844429079774+0j),(-0.28299619920001073+0j),1,2,0.6931471805599453,3,0.6827794893159816,1.115319389485585,0.7367439224250399,0.2443,0.99,0.9888,0.9999978589691958,6.40789815835015e-05
533,graph_533,100,7.87359778968554,1,-2.5416550755833125,0.5307070707070707,3.713572066704308,0.6,-0.59964632,0.3890785779292529,(0.4742185485834137+0j),(0.19694701926135513+0j),(-0.25442483327972376+0j),1,2,0.6931471805599453,3,0.6585981119806265,1.1124161073825505,0.7571375212829016,0.244,0.99,0.9896,0.9991346062453988,0.0161704242031618
534,graph_534,100,7.872836175025724,1,-2.541751810458284,0.5303030303030303,3.784189633918261,0.57,-0.5720313,0.3421247016218622,(0.4560808022618346+0j),(0.21168060938766917+0j),(-0.2924853456098635+0j),1,2,0.6931471805599453,3,0.6792241764077763,1.11200459506031,0.7375237085594979,0.2399,0.99,0.9888,0.999905612090032,0.0016708344612517
535,graph_535,100,8.097426298597213,1,-2.5136239157139624,0.6638383838383838,4.007333185232471,0.45,-0.50855015,0.3593877734936408,(0.4121871672307674+0j),(0.14039589861117718+0j),(-0.27270392843520247+0j),1,2,0.6931471805599453,3,0.7538757346361283,1.1094357976653697,0.6941569828960849,0.2439,0.9898,0.9851,0.99916929157184,0.0166393207066028
536,graph_536,100,7.99598047476376,1,-2.526231211228387,0.5997979797979798,3.912023005428146,0.51,-0.56681008,0.4291179134224265,(0.4519571555283529+0j),(0.13301462912319162+0j),(-0.26685621040862617+0j),1,2,0.6931471805599453,3,0.6975726521300071,1.109367088607595,0.73795890766509,0.259,0.99,0.9899,0.9998247389967124,0.0055395130719732
537,graph_537,100,8.058643712215618,1,-2.5184249175478564,0.6385858585858586,3.9889840465642745,0.47,-0.52375305,0.3762090676812943,(0.4226788920151173+0j),(0.13961856220614022+0j),(-0.2776360474193848+0j),1,2,0.6931471805599453,3,0.7364788587848933,1.1090637450199203,0.7045237705619862,0.266,0.99,0.987,0.999328406381206,0.0108265595294976
538,graph_538,100,7.964503363551548,1,-2.530175596917645,0.5812121212121212,3.871201010907891,0.51,-0.5652273,0.3885138571652318,(0.4510981507828359+0j),(0.1668030295541466+0j),(-0.27673361065962543+0j),1,2,0.6931471805599453,3,0.6913130657859817,1.106862231534835,0.7344456792097956,0.2553,0.99,0.9898,0.999955883068189,0.0013911249845097
539,graph_539,100,7.899524472032198,1,-2.538367621740458,0.5446464646464646,3.80666248977032,0.56,-0.57707895,0.3529307123644276,(0.4595529036827391+0j),(0.20736792573673674+0j),(-0.2717553302818781+0j),1,2,0.6931471805599453,3,0.6819281019232329,1.1056105610561056,0.745548994917303,0.2576,0.99,0.99,0.9999999550760972,0.0
540,graph_540,100,8.040768994367578,1,-2.5206454613053904,0.6272727272727273,4.007333185232471,0.45,-0.52427348,0.3851575287113755,(0.42333485957159794+0j),(0.13268305692653742+0j),(-0.28449122795048554+0j),1,2,0.6931471805599453,3,0.7347102968912805,1.1048387096774193,0.7059581541433205,0.2598,0.9899,0.9735,0.9979470490537652,0.031434275076392
541,graph_541,100,8.022896869601457,1,-2.5228706236427705,0.6161616161616161,3.951243718581428,0.48,-0.53871205,0.3848935607547321,(0.43295018507951033+0j),(0.14574907361085707+0j),(-0.2850591450557224+0j),1,2,0.6931471805599453,3,0.7200054135745382,1.1038500506585611,0.7144262643104984,0.2514,0.99,0.9897,0.9999985745080912,4.351577749270513e-05
542,graph_542,100,8.064321960910803,1,-2.5177205497479034,0.6422222222222222,3.9889840465642745,0.45,-0.51922869,0.3685270634945177,(0.4197090222667227+0j),(0.14236004232348132+0j),(-0.2731861809352274+0j),1,2,0.6931471805599453,3,0.7405151867276228,1.1034653465346536,0.701242874490603,0.2421,0.99,0.9755,0.9943666740741492,0.0560450045001802
543,graph_543,100,7.794411205726601,1,-2.551763221196346,0.4903030303030303,3.737669618283368,0.57,-0.59273375,0.3584237136454355,(0.4699610136047083+0j),(0.2163268525511288+0j),(-0.3333333428745129+0j),1,2,0.6931471805599453,3,0.6477582017396379,1.1033434650455929,0.7478374970236078,0.2584,0.99,0.9857,0.9997787300710208,0.0066245452179829
544,graph_544,100,8.059908334578276,1,-2.518268002415333,0.6393939393939394,3.951243718581428,0.47,-0.52938527,0.3743587089679974,(0.4267474299325778+0j),(0.14661397820803676+0j),(-0.2512856510686832+0j),1,2,0.6931471805599453,3,0.7321106549514638,1.1005888125613346,0.7086888245585633,0.2406,0.99,0.9894,0.9998644094024686,0.0034462968328136
545,graph_545,100,8.190077049719049,1,-2.5022468803872626,0.7282828282828283,4.158883083359672,0.37,-0.42369677,0.2775548954871099,(0.35452275321698623+0j),(0.1379736321759636+0j),(-0.2894398608853271+0j),1,2,0.6931471805599453,3,0.8231984782829539,1.0978053435114503,0.6382799239717085,0.258,0.9899,0.98,0.9970942509961442,0.0410752849927322
546,graph_546,100,7.948031990637284,1,-2.532245836314512,0.5717171717171717,3.912023005428146,0.48,-0.55332035,0.3718229479696462,(0.4431548867846046+0j),(0.17040974320859006+0j),(-0.2985281702235919+0j),1,2,0.6931471805599453,3,0.7004114061599733,1.0967914438502673,0.72473511096178,0.2515,0.99,0.9887,0.9997043569408984,0.0078536543354675
547,graph_547,100,7.957877358489813,1,-2.53100788519914,0.5773737373737374,3.8501476017100575,0.54,-0.57425208,0.4130968739780087,(0.45734735982292085+0j),(0.15424841873411238+0j),(-0.23884841376360663+0j),1,2,0.6931471805599453,3,0.6860229006121358,1.0965909090909092,0.7428272069071141,0.2551,0.99,0.99,0.9999613013026646,0.0008833914630222
548,graph_548,100,7.758760544157663,1,-2.556347588241174,0.4731313131313131,3.784189633918261,0.57,-0.56995878,0.3002184421088565,(0.45374598669523813+0j),(0.24214557375658236+0j),(-0.38401546585482565+0j),1,2,0.6931471805599453,3,0.6724879947736013,1.096587250482936,0.7271562133714695,0.2565,0.99,0.9897,0.9997158827022246,0.0089828365127147
549,graph_549,100,7.980365765111246,1,-2.5281859403498026,0.5905050505050505,3.951243718581428,0.48,-0.55062223,0.3909893237544695,(0.44119095174288586+0j),(0.15149131460450244+0j),(-0.29591349814757084+0j),1,2,0.6931471805599453,3,0.7063839816075147,1.0959046137895283,0.7232294191568672,0.2518,0.9899,0.978,0.9984661339540964,0.0270410217559057
550,graph_550,100,8.121777419161074,1,-2.510621161782944,0.6802020202020203,4.060443010546419,0.4,-0.48501795,0.3450246400303274,(0.3958572591943267+0j),(0.1315830194424334+0j),(-0.28321448582833686+0j),1,2,0.6931471805599453,3,0.7731018864400448,1.295854628052243,0.6777548662731229,0.2551,0.99,0.9889,0.9996232977640244,0.0067532875273396
551,graph_551,100,8.025843344150903,1,-2.5225034328797187,0.617979797979798,3.912023005428146,0.43,-0.54083407,0.3951072997158638,(0.4345967118429418+0j),(0.13909460632228152+0j),(-0.27293185343973086+0j),1,2,0.6931471805599453,3,0.7169393855074545,1.2886537330981775,0.7165742344329346,0.2543,0.99,0.9889,0.9998094967977834,0.0040140041294873
552,graph_552,100,8.047829357457841,1,-2.5197677759546715,0.6317171717171717,3.951243718581428,0.47,-0.53041516,0.3727010679071409,(0.4274002094057389+0j),(0.1489070404497502+0j),(-0.2627020807563492+0j),1,2,0.6931471805599453,3,0.7287898471070251,1.2670097198399086,0.7086662917217015,0.2674,0.99,0.9896,0.9998088924591968,0.0060047952844609
553,graph_553,100,8.137688184977605,1,-2.508664053070708,0.6911111111111111,4.04305126783455,0.43,-0.48499211,0.3436014660130828,(0.39596332078856217+0j),(0.13296791692197946+0j),(-0.25835728106633915+0j),1,2,0.6931471805599453,3,0.7754337113093093,1.2621885157096424,0.6810874227107019,0.2488,0.99,0.9881,0.9999312991037383,0.0021704350397961
554,graph_554,100,8.11552088154677,1,-2.5113917995834045,0.675959595959596,4.02535169073515,0.43,-0.49949104,0.3498457808792992,(0.40598578840559596+0j),(0.14057504035887863+0j),(-0.26161618360557437+0j),1,2,0.6931471805599453,3,0.7625048536835045,1.2517634291915356,0.6894799769782887,0.2611,0.99,0.99,0.9999128725751648,0.002753792459815
555,graph_555,100,8.13593277200489,1,-2.5088797903038857,0.6898989898989899,4.110873864173311,0.4,-0.47822758,0.3435890292605468,(0.3910257211678383+0j),(0.12655116067147565+0j),(-0.29291591587731153+0j),1,2,0.6931471805599453,3,0.7824458569634225,1.244312026002167,0.6726205751936339,0.2547,0.9899,0.9801,0.9989715868337496,0.0221806204217576
556,graph_556,100,8.177234885510194,1,-2.503816126075868,0.718989898989899,4.174387269895637,0.34,-0.44804665,0.3374165749634226,(0.37054668622515824+0j),(0.10535925704208322+0j),(-0.285663644354887+0j),1,2,0.6931471805599453,3,0.8079470671878014,1.231822971548999,0.6569261269366468,0.2444,0.99,0.9896,0.9999499205460946,0.0013282155603959
557,graph_557,100,8.09009578318096,1,-2.514529615286796,0.658989898989899,3.970291913552122,0.42,-0.50551324,0.3425563538007525,(0.4104027649172914+0j),(0.15260815951436443+0j),(-0.2472745138676685+0j),1,2,0.6931471805599453,3,0.7518488890340065,1.2214401732539253,0.6916798929732695,0.2693,0.9898,0.9896,0.9996552653754436,0.0020615607014753
558,graph_558,100,7.639642287858013,1,-2.571819404866791,0.42,3.58351893845611,0.65,-0.65388059,0.3737842892799603,(0.5131078557361154+0j),(0.25981520385310763+0j),(-0.4005916723823124+0j),1,2,0.6931471805599453,3,0.5651762016238265,1.2120322817314746,0.7946127944131354,0.2466,0.99,0.99,1.000000000251266,0.0
559,graph_559,100,8.135346948906706,1,-2.5089517973135966,0.6894949494949495,4.04305126783455,0.41,-0.47661279,0.3311942060518138,(0.39034603362990145+0j),(0.13653741115143114+0j),(-0.25182962727761454+0j),1,2,0.6931471805599453,3,0.7784081161144216,1.2076560041950708,0.67484614136085,0.2603,0.99,0.9771,0.9904483310077744,0.0773319376714325
560,graph_560,100,8.207946941048617,1,-2.500067361877768,0.7414141414141414,4.23410650459726,0.3,-0.42295621,0.3133366388024332,(0.35412167964338964+0j),(0.10579315179279315+0j),(-0.2925732825919547+0j),1,2,0.6931471805599453,3,0.8300765696784074,1.2050230650948233,0.6406675498074674,0.2441,0.99,0.9779,0.992400676876507,0.0701126408016228
561,graph_561,100,7.638679823876112,1,-2.5719453956629184,0.4195959595959596,3.58351893845611,0.65,-0.6447974,0.3880444719703753,(0.5070643591630348+0j),(0.24087752658174857+0j),(-0.38440461598235864+0j),1,2,0.6931471805599453,3,0.5727816432505694,1.1956043956043956,0.7857486848454119,0.2468,0.99,0.9898,0.9997708220467536,0.0072432618733158
562,graph_562,100,8.204945165019208,1,-2.500433144586077,0.7391919191919192,4.174387269895637,0.35,-0.43118026,0.296804848828561,(0.3586956288403137+0j),(0.12632968960299074+0j),(-0.25643576698446524+0j),1,2,0.6931471805599453,3,0.8183787965400269,1.1894472361809043,0.6469689827948105,0.2428,0.9898,0.9894,0.999369520730136,0.0064560799491834
563,graph_563,100,7.717796211013582,1,-2.561641327598879,0.4541414141414141,3.6635616461296463,0.62,-0.61503803,0.3511689511191136,(0.4857286728880771+0j),(0.24231066794267017+0j),(-0.3780001165031469+0j),1,2,0.6931471805599453,3,0.6161467370135618,1.1753782668500687,0.7602314841003276,0.24,0.9899,0.9809,0.9989202013743392,0.0198934745278894
564,graph_564,100,7.7437032581737535,1,-2.558290155682179,0.466060606060606,3.6635616461296463,0.62,-0.62825854,0.4018536538502477,(0.4944818110601601+0j),(0.21333134256362274+0j),(-0.3306502124142884+0j),1,2,0.6931471805599453,3,0.6042705060136526,1.1733420879842416,0.7745987097338567,0.2372,0.9899,0.9797,0.996478328992114,0.0394446801764481
565,graph_565,100,7.843848638152472,1,-2.545440574353115,0.5151515151515151,3.7612001156935615,0.57,-0.58042484,0.3167694906016594,(0.46112184878212803+0j),(0.23829426388077704+0j),(-0.3634822528958825+0j),1,2,0.6931471805599453,3,0.6667748330304675,1.1716981132075472,0.7305878806529473,0.2228,0.9899,0.9864,0.998034837658518,0.0336424118492345
566,graph_566,100,7.79770203551669,1,-2.5513411065300358,0.4919191919191919,3.713572066704308,0.6,-0.59819035,0.3314762909871369,(0.473469815142184+0j),(0.24222374447665426+0j),(-0.36107451957207404+0j),1,2,0.6931471805599453,3,0.6453778651940388,1.169993560849968,0.7462012683007273,0.2556,0.99,0.9871,0.9999971996081324,8.697567342420023e-05
567,graph_567,100,7.53689712956617,1,-2.585359609944041,0.378989898989899,3.555348061489413,0.66,-0.64434731,0.363570848445204,(0.5068691463156517+0j),(0.2596796770407678+0j),(-0.4083981612705248+0j),1,2,0.6931471805599453,3,0.5698799061335297,1.1697211155378486,0.7825165352307863,0.2558,0.9898,0.9825,0.9993766897431056,0.0071096561727572
568,graph_568,100,7.716460800176355,1,-2.5618143726427176,0.4535353535353535,3.610917912644224,0.63,-0.63063395,0.3793089900408037,(0.49674620530171787+0j),(0.23432591365795175+0j),(-0.368472701459094+0j),1,2,0.6931471805599453,3,0.5970569994925862,1.1676727028839704,0.7755012043317345,0.2558,0.99,0.99,0.9999246388803036,0.0023782374729266
569,graph_569,100,8.22040309993373,1,-2.498550939200993,0.7507070707070707,4.276666119016055,0.29,-0.40726848,0.3050174336436106,(0.3443167675265864+0j),(0.10075722508678336+0j),(-0.29605141052441203+0j),1,2,0.6931471805599453,3,0.8411741549793832,1.165589259075087,0.6307857459418659,0.2547,0.99,0.9898,0.9999992184641192,2.6968398912101377e-05
570,graph_570,100,7.919719760924575,1,-2.53581436450942,0.5557575757575758,3.6635616461296463,0.62,-0.61641955,0.4247791646354819,(0.4841695047354578+0j),(0.18069317713232383+0j),(-0.21968138968867018+0j),1,2,0.6931471805599453,3,0.6549800921064942,1.1652846876727474,0.7662663936572539,0.2635,0.99,0.9819,0.999800356176041,0.0033473438546828
571,graph_571,100,7.742402021815782,1,-2.5584582077956712,0.4654545454545454,3.6375861597263857,0.63,-0.61963123,0.3632908245045854,(0.48921057383641375+0j),(0.2372336664220481+0j),(-0.37735937608120784+0j),1,2,0.6931471805599453,3,0.6114253047224321,1.1647840531561462,0.7608506106576517,0.2605,0.9899,0.9753,0.9993811710925892,0.013637349260425
572,graph_572,100,7.871692664323645,1,-2.541897068625836,0.5296969696969697,3.6375861597263857,0.63,-0.62095296,0.4264558541194836,(0.4879250059923135+0j),(0.18438345552070326+0j),(-0.23671690863143066+0j),1,2,0.6931471805599453,3,0.6390084159467102,1.1617731721358664,0.7696415309489943,0.2485,0.99,0.99,0.9999999533457588,0.0
573,graph_573,100,8.19946419761216,1,-2.501101375607364,0.7351515151515151,4.23410650459726,0.32,-0.42258528,0.3127288949558306,(0.3545005985408973+0j),(0.10682517292165637+0j),(-0.31556843984642335+0j),1,2,0.6931471805599453,3,0.8321982256474595,1.161712846347607,0.6336908785947466,0.258,0.99,0.983,0.9992297890921504,0.0115004115732487
574,graph_574,100,7.836369760545124,1,-2.546394499609041,0.5113131313131313,3.737669618283368,0.59,-0.59004378,0.34167116738599,(0.4680991281419513+0j),(0.22736226458143655+0j),(-0.34733608333894733+0j),1,2,0.6931471805599453,3,0.6536233006008563,1.1613904407200497,0.7396283508195342,0.2363,0.9898,0.9751,0.9934527990699068,0.0574247637204207
575,graph_575,100,7.714231144849085,1,-2.562103362320009,0.4525252525252525,3.58351893845611,0.65,-0.63833923,0.3854738149743704,(0.5016802545695075+0j),(0.23587816550756477+0j),(-0.35447287869060484+0j),1,2,0.6931471805599453,3,0.5907632419624409,1.1613545816733069,0.7808035723024904,0.2579,0.99,0.99,0.999999998880744,0.0
576,graph_576,100,7.9561263512135,1,-2.5312279438739167,0.5763636363636364,3.7612001156935615,0.58,-0.60076211,0.4350701268005503,(0.4741065158276547+0j),(0.15829178825524876+0j),(-0.20611491519677175+0j),1,2,0.6931471805599453,3,0.6684286566634287,1.1603217158176944,0.7584998252796075,0.2557,0.99,0.99,0.99999999929634,0.0
577,graph_577,100,8.0702808933939,1,-2.51698189719998,0.6460606060606061,4.007333185232471,0.45,-0.51670252,0.3762518412167985,(0.4180358485115743+0j),(0.13341426032077344+0j),(-0.27035354353893626+0j),1,2,0.6931471805599453,3,0.7434971735978313,1.158057851239669,0.7010598974678571,0.2466,0.9898,0.9705,0.9993744163076532,0.0094964733930228
578,graph_578,100,7.695757990554761,1,-2.564500919252863,0.4442424242424242,3.6635616461296463,0.62,-0.61805416,0.37137109696822,(0.48791938768050175+0j),(0.22916732105458526+0j),(-0.37148908273517806+0j),1,2,0.6931471805599453,3,0.6113052760879738,1.1526351813826146,0.7658025758593996,0.2643,0.99,0.9899,0.9997488929044588,0.0079392789130716
579,graph_579,100,7.768956044538332,1,-2.5550343878375466,0.477979797979798,3.6375861597263857,0.63,-0.61538889,0.3556198004908695,(0.4858029386950719+0j),(0.2389065361263018+0j),(-0.3588891321679589+0j),1,2,0.6931471805599453,3,0.6219207870209659,1.1514762516046213,0.7582411951123397,0.2479,0.9898,0.9801,0.9990966171463596,0.0129903672762719
580,graph_580,100,7.661527081358517,1,-2.568958864225031,0.4292929292929293,3.610917912644224,0.64,-0.61594329,0.3306260132434602,(0.48639828565839544+0j),(0.25914496867445047+0j),(-0.41089532636998494+0j),1,2,0.6931471805599453,3,0.6125295927573895,1.1506751954513148,0.7618823118458464,0.2134,0.99,0.99,0.9995435993129832,0.009490057943769
581,graph_581,100,7.75833346749091,1,-2.556402634201009,0.4729292929292929,3.713572066704308,0.6,-0.59517537,0.3133468202828182,(0.4713703266848187+0j),(0.25374366796875536+0j),(-0.39687930130760124+0j),1,2,0.6931471805599453,3,0.6450333610225354,1.1489080079417604,0.741563431712085,0.2578,0.9899,0.9795,0.99736060273342,0.0326317502464731
582,graph_582,100,7.6251071482389,1,-2.573723811365295,0.4139393939393939,3.58351893845611,0.65,-0.63980921,0.3686731903800189,(0.5032079833536659+0j),(0.2510276653802491+0j),(-0.3918119756659498+0j),1,2,0.6931471805599453,3,0.5811065930874237,1.148890479599141,0.7833089374920903,0.2605,0.99,0.99,0.9999999919493502,0.0
583,graph_583,100,7.681560362559537,1,-2.566347487256915,0.4379797979797979,3.555348061489413,0.66,-0.65227361,0.408032843232408,(0.5110694747054438+0j),(0.23034975711045874+0j),(-0.34545744556844893+0j),1,2,0.6931471805599453,3,0.5719743816254417,1.1487658438959307,0.79428042681466,0.2465,0.99,0.99,0.9998722617081236,0.0035608893110645
584,graph_584,100,7.83241092718792,1,-2.546899814415642,0.5092929292929292,3.737669618283368,0.59,-0.59046397,0.3362775748950677,(0.46841230718264276+0j),(0.2320464701195144+0j),(-0.3546305056410237+0j),1,2,0.6931471805599453,3,0.6528262783691023,1.147239263803681,0.741871160704072,0.2351,0.99,0.9709,0.9935505147848688,0.0545672353504935
585,graph_585,100,7.968665700466235,1,-2.5296531224503687,0.5836363636363636,3.828641396489095,0.55,-0.5415101,0.3119290287911318,(0.4347940386552117+0j),(0.20921975176774493+0j),(-0.3173833534218292+0j),1,2,0.6931471805599453,3,0.7116358497232363,1.1455981941309257,0.7027516860037428,0.2365,0.9892,0.9795,0.9900496861778958,0.071920364407302
586,graph_586,100,7.743269700829004,1,-2.558346145622371,0.4658585858585858,3.688879454113936,0.61,-0.62913218,0.4006341359328838,(0.4951707589097214+0j),(0.21522770892586715+0j),(-0.34783033128290136+0j),1,2,0.6931471805599453,3,0.6031035673421303,1.144955300127714,0.7775368555586032,0.2484,0.99,0.99,0.9996464088555173,0.0111761369558161
587,graph_587,100,7.794411205726601,1,-2.551763221196346,0.4903030303030303,3.688879454113936,0.61,-0.60820543,0.3598276150395763,(0.4808298478041656+0j),(0.22919595018395156+0j),(-0.35270522237455587+0j),1,2,0.6931471805599453,3,0.6303257987119586,1.1448189762796503,0.7556653171452151,0.2584,0.99,0.9899,1.0000001501028375,0.0
588,graph_588,100,7.647786045440933,1,-2.570753985860309,0.4234343434343434,3.58351893845611,0.65,-0.63853145,0.35443387108572,(0.5028854714075925+0j),(0.26163446583534405+0j),(-0.4175274502732762+0j),1,2,0.6931471805599453,3,0.5819405810990861,1.143356643356643,0.7800572080949143,0.2438,0.99,0.9899,0.9996294139443594,0.0109755995027875
589,graph_589,100,7.967626739333816,1,-2.5297835117661798,0.583030303030303,3.7612001156935615,0.56,-0.58682832,0.3933988163523099,(0.46549285505963867+0j),(0.18182159697616795+0j),(-0.24011796812687258+0j),1,2,0.6931471805599453,3,0.6792144503778925,1.142324093816631,0.7425498746090637,0.2591,0.9899,0.9779,0.9975520575262834,0.037054366520388
590,graph_590,100,7.734121303328305,1,-2.559528308502879,0.4616161616161616,3.6635616461296463,0.62,-0.61378884,0.3406301270929586,(0.48488628410905976+0j),(0.24948179271953608+0j),(-0.3879191195474982+0j),1,2,0.6931471805599453,3,0.6196174893593499,1.140882159315339,0.7584243820028362,0.2462,0.99,0.9882,0.9991686594834516,0.0149676752035873
591,graph_591,100,7.710205194432532,1,-2.562625384703119,0.4507070707070707,3.58351893845611,0.65,-0.63059542,0.381534038330831,(0.49663616384608983+0j),(0.2324208015733901+0j),(-0.3596410062084953+0j),1,2,0.6931471805599453,3,0.597667763017385,1.1408730158730158,0.7731959734492682,0.2354,0.99,0.99,0.9995929178683618,0.0110237810588053
592,graph_592,100,8.225770799348734,1,-2.497898179521025,0.7547474747474747,4.219507705176107,0.31,-0.39788799,0.2711258588448721,(0.33770960505305736+0j),(0.12275512467288209+0j),(-0.2892540359443733+0j),1,2,0.6931471805599453,3,0.8443466318071252,1.1406173444390004,0.6231932163749755,0.2712,0.99,0.9751,0.9952827844714228,0.0518150683809407
593,graph_593,100,7.679251425953058,1,-2.566648114158105,0.4369696969696969,3.58351893845611,0.65,-0.63303556,0.3435372393267908,(0.4964628609150527+0j),(0.26187381855979425+0j),(-0.36920342340482876+0j),1,2,0.6931471805599453,3,0.607150314709304,1.1401617250673854,0.782246771482359,0.2639,0.99,0.99,0.9998594759165932,0.0040890217526637
594,graph_594,100,8.029107054619736,1,-2.522096865380882,0.62,3.784189633918261,0.56,-0.56382131,0.3956713489268513,(0.45019390648399765+0j),(0.15951765633816772+0j),(-0.20232759399622244+0j),1,2,0.6931471805599453,3,0.7078325164741901,1.1400102197240674,0.7272726621429265,0.2415,0.9884,0.9789,0.9881878125099908,0.0770374993944404
595,graph_595,100,7.633369649679584,1,-2.572640806507379,0.4173737373737374,3.555348061489413,0.66,-0.64512361,0.4086374488660016,(0.5059575079060459+0j),(0.22309187650170623+0j),(-0.33732302486539834+0j),1,2,0.6931471805599453,3,0.5794559770937724,1.1394533987386124,0.7870281746573322,0.262,0.99,0.9898,0.9998701052798764,0.0041015178161048
596,graph_596,100,7.894318063841624,1,-2.5390269177119524,0.5418181818181819,3.828641396489095,0.55,-0.56990457,0.3425861095803104,(0.45420570213689676+0j),(0.20891140863606775+0j),(-0.3231209105454767+0j),1,2,0.6931471805599453,3,0.6780911918006219,1.1373690337601865,0.7285607811923543,0.2519,0.99,0.99,0.9999999922426334,0.0
597,graph_597,100,7.5652752818989315,1,-2.581601450526959,0.3898989898989899,3.58351893845611,0.65,-0.64325381,0.3823136087773668,(0.505713645363546+0j),(0.2436164118055787+0j),(-0.3849031163101854+0j),1,2,0.6931471805599453,3,0.5741343279633891,1.136431784107946,0.7854922285813176,0.2726,0.99,0.99,0.9999999992335468,0.0
598,graph_598,100,8.016647877057803,1,-2.523649821925331,0.6123232323232323,3.784189633918261,0.54,-0.58137148,0.4578479795772627,(0.46108405375804756+0j),(0.12039664643397953+0j),(-0.17600017071635557+0j),1,2,0.6931471805599453,3,0.6936441976599542,1.1348370927318296,0.7469482797499477,0.2507,0.99,0.9898,0.9998797544639032,0.0031841359395838
599,graph_599,100,7.693937325509272,1,-2.564737527582865,0.4434343434343434,3.58351893845611,0.65,-0.61898,0.3541991546092755,(0.48860642316492536+0j),(0.24360783540333084+0j),(-0.37842671325713817+0j),1,2,0.6931471805599453,3,0.6106103169305921,1.1336499321573947,0.7613898638662495,0.2522,0.99,0.9791,0.9940195980888432,0.0515018787140223
600,graph_600,100,7.858640655620791,1,-2.5435565390811217,0.5228282828282829,3.784189633918261,0.57,-0.56630045,0.2883888445208395,(0.45208378941024463+0j),(0.24935289063842564+0j),(-0.3407673117454536+0j),1,2,0.6931471805599453,3,0.6927786906512151,1.139354066985646,0.7360895998592859,0.2512,0.99,0.99,1.000000060663609,0.0
601,graph_601,100,7.870547844507712,1,-2.542042514227091,0.5290909090909091,3.828641396489095,0.55,-0.56352836,0.3170888424113482,(0.4501158240832449+0j),(0.22426692163341388+0j),(-0.31780139825212234+0j),1,2,0.6931471805599453,3,0.6894312634805313,1.111625216888375,0.7338678957269171,0.2339,0.99,0.9898,0.9999864625866076,0.0004275655487189
602,graph_602,100,7.857093864902493,1,-2.54375338520642,0.522020202020202,3.871201010907891,0.52,-0.5402702,0.2450557810421927,(0.4341311831553485+0j),(0.2612602482753497+0j),(-0.36931870706138686+0j),1,2,0.6931471805599453,3,0.7173481816599965,1.1017251635930994,0.7167184859979756,0.2441,0.99,0.9889,0.9997351146499124,0.0083625303824469
603,graph_603,100,7.886832998955056,1,-2.539975526012839,0.5377777777777778,3.8918202981106265,0.52,-0.54459458,0.2877071024157707,(0.43754891083775554+0j),(0.2320628182558598+0j),(-0.3222660628014108+0j),1,2,0.6931471805599453,3,0.7121677515219392,1.1001717229536347,0.7220134407817718,0.2649,0.99,0.99,0.999930916037295,0.0021871625025813
604,graph_604,100,8.21554741194707,1,-2.4991418010588964,0.7470707070707071,4.127134385045092,0.39,-0.41745916,0.2430411318257235,(0.35086476442531966+0j),(0.16318469848154213+0j),(-0.23078132363399756+0j),1,2,0.6931471805599453,3,0.8256049913680831,1.0975494816211122,0.632234129528836,0.2182,0.9843,0.9673,0.9642319306151642,0.1240443512559257
605,graph_605,100,8.228710798793687,1,-2.497540830131595,0.756969696969697,4.0943445622221,0.41,-0.41558248,0.247660659804928,(0.3501485460626635+0j),(0.15838544454852005+0j),(-0.2097251992163735+0j),1,2,0.6931471805599453,3,0.8286943828443956,1.0952380952380951,0.6322391949715889,0.2516,0.99,0.9886,0.9999990445089524,2.668379716520629e-05
606,graph_606,100,7.914983005848394,1,-2.5364126397391145,0.5531313131313131,3.951243718581428,0.49,-0.54005529,0.3123448887029274,(0.4335906190719855+0j),(0.207373667749134+0j),(-0.33930629476521246+0j),1,2,0.6931471805599453,3,0.7131194713844187,1.089335566722501,0.7125638984692607,0.2435,0.99,0.9899,1.000000023573124,0.0
607,graph_607,100,7.8009820712577405,1,-2.5509205536466077,0.4935353535353535,3.871201010907891,0.52,-0.54279546,0.2462364028545378,(0.43486123280181116+0j),(0.2612192097396161+0j),(-0.3982113562482339+0j),1,2,0.6931471805599453,3,0.7102238546053257,1.0863039399624763,0.7110109349126724,0.2507,0.99,0.9893,0.9995292376935516,0.0097458067204809
608,graph_608,100,7.809135398120538,1,-2.549875932730689,0.4975757575757575,3.8501476017100575,0.54,-0.54382886,0.2446139205927806,(0.4357263690258916+0j),(0.26349574666917686+0j),(-0.3909954320993683+0j),1,2,0.6931471805599453,3,0.7100526256578207,1.0838471023427867,0.7137636057343334,0.2428,0.99,0.9897,0.9997891006973354,0.0050184506149797
609,graph_609,100,8.158516244806831,1,-2.5061078662899146,0.7056565656565656,4.02535169073515,0.44,-0.47127133,0.3040003303307375,(0.38724226721405713+0j),(0.1560742197683328+0j),(-0.22461774865139567+0j),1,2,0.6931471805599453,3,0.7859025105571298,1.08364312267658,0.6676209677237043,0.2495,0.99,0.99,0.999984545343792,0.0004879290676091
610,graph_610,100,7.884199933676039,1,-2.5403094375980517,0.5363636363636364,3.9318256327243257,0.49,-0.52196784,0.2503912094377618,(0.42221758261397563+0j),(0.24290630855119413+0j),(-0.3338806981680215+0j),1,2,0.6931471805599453,3,0.7357515552879791,1.079355951696377,0.7069679243294424,0.2623,0.99,0.99,0.9998269370684516,0.0046788598856747
611,graph_611,100,8.046229101075378,1,-2.519966638956426,0.6307070707070707,3.9889840465642745,0.46,-0.49404604,0.3110087140416064,(0.40303922400774445+0j),(0.17004388530453385+0j),(-0.27456278456063715+0j),1,2,0.6931471805599453,3,0.7560068762493821,1.076108870967742,0.6838566355570082,0.2689,0.99,0.9851,0.9999412570564262,0.0015939771743328
612,graph_612,100,8.249052274171293,1,-2.495071868098264,0.7725252525252525,4.143134726391533,0.35,-0.40110517,0.2559637453969601,(0.3391650170865526+0j),(0.13785684845312265+0j),(-0.19641696904178377+0j),1,2,0.6931471805599453,3,0.8383417836298387,1.0754801250558286,0.6297068752873638,0.2402,0.9899,0.9853,0.9987516228266068,0.0259714364299352
613,graph_613,100,7.816819965764552,1,-2.5488923681313325,0.5014141414141414,3.828641396489095,0.55,-0.55345852,0.2596553328139723,(0.44294997280337695+0j),(0.2605465307012749+0j),(-0.36824526687569903+0j),1,2,0.6931471805599453,3,0.7017509272151509,1.075223880597015,0.7256244776446485,0.2381,0.99,0.99,1.0000000258112067,0.0
614,graph_614,100,7.990238185720363,1,-2.5269496161760885,0.5963636363636363,3.951243718581428,0.48,-0.51453379,0.3123245182977665,(0.416973982161786+0j),(0.18651152960011644+0j),(-0.29054107981297606+0j),1,2,0.6931471805599453,3,0.7370680423950238,1.0751173708920188,0.698170701711642,0.2559,0.9898,0.9897,0.999961712054266,0.0001308776196497
615,graph_615,100,8.03268487596762,1,-2.5216513582516,0.6222222222222222,3.970291913552122,0.48,-0.48855117,0.2739876132909382,(0.40043750178420046+0j),(0.19761230772260244+0j),(-0.2714638662183463+0j),1,2,0.6931471805599453,3,0.7616997738333683,1.0747185261003072,0.6818181346413277,0.2605,0.99,0.99,0.9999434025221364,0.0013390049520899
616,graph_616,100,8.161660452056282,1,-2.5057225509410976,0.7078787878787879,3.9889840465642745,0.47,-0.47186834,0.3008299556210787,(0.38796280888575363+0j),(0.1596881842612293+0j),(-0.22003124491674037+0j),1,2,0.6931471805599453,3,0.7867327688325363,1.0740911182696733,0.666381278738093,0.2515,0.9898,0.9799,0.9906903637294316,0.0769274222098088
617,graph_617,100,7.874358824729881,1,-2.541558423673028,0.5311111111111111,3.80666248977032,0.56,-0.57495852,0.3226996872424372,(0.45799008940971025+0j),(0.2296770797824463+0j),(-0.30707904718318474+0j),1,2,0.6931471805599453,3,0.6840207867001113,1.0737073707370737,0.7424875438419483,0.247,0.99,0.9885,0.9996860897345836,0.0099257529229172
618,graph_618,100,7.802618063442671,1,-2.5507108594508057,0.4943434343434343,3.828641396489095,0.55,-0.53579084,0.2243614135593354,(0.43099154777521914+0j),(0.273396363544918+0j),(-0.38829585387641796+0j),1,2,0.6931471805599453,3,0.7186025385450049,1.0727048675292667,0.7114834420793923,0.2527,0.99,0.9899,1.0000000098976032,0.0
619,graph_619,100,8.28121766128665,1,-2.4911801678613985,0.7977777777777778,4.204692619390966,0.33,-0.39375563,0.2832957226679835,(0.3328947948926775+0j),(0.10589469916740427+0j),(-0.17259251481622073+0j),1,2,0.6931471805599453,3,0.849928904276961,1.0724511930585685,0.6259810183581573,0.2436,0.9899,0.9847,0.999273850245801,0.0171293516211467
620,graph_620,100,7.89655270164304,1,-2.5387438886314766,0.5430303030303031,3.8501476017100575,0.54,-0.54185415,0.2958733566205311,(0.4361468101350791+0j),(0.2238333117434521+0j),(-0.30163954486353406+0j),1,2,0.6931471805599453,3,0.7145190275130137,1.0695364238410596,0.7209821922821649,0.273,0.99,0.9899,0.9999049882137068,0.0030008671170774
621,graph_621,100,8.276903481267057,1,-2.491701263229656,0.7943434343434344,4.143134726391533,0.34,-0.4037018,0.2914304570859052,(0.3403872540891968+0j),(0.1080121763800863+0j),(-0.15042401404381103+0j),1,2,0.6931471805599453,3,0.8447408890082261,1.0692640692640694,0.6281790146183839,0.2573,0.9898,0.9895,0.9994951880415804,0.0107417540583451
622,graph_622,100,8.238536930171769,1,-2.4963474148498137,0.7644444444444445,4.110873864173311,0.39,-0.41400821,0.2545064759429378,(0.34928618066419614+0j),(0.15147436704678655+0j),(-0.19529959485293483+0j),1,2,0.6931471805599453,3,0.8315271862704712,1.0674408217954443,0.6316728069667973,0.2426,0.9882,0.9779,0.992717120686426,0.0608154394535526
623,graph_623,100,7.763446388727362,1,-2.555743828127383,0.4753535353535353,3.80666248977032,0.56,-0.56112416,0.2626320180016426,(0.44739453744612473+0j),(0.263593744799845+0j),(-0.41039108325485074+0j),1,2,0.6931471805599453,3,0.684808151951956,1.0669614655716992,0.7179135078679224,0.2469,0.99,0.9761,0.9928592685765796,0.0632659567476211
624,graph_624,100,7.721348612617949,1,-2.561181146454439,0.4557575757575757,3.828641396489095,0.55,-0.5618797,0.2683413239967855,(0.4477378977574986+0j),(0.2596121644257147+0j),(-0.42649949244540536+0j),1,2,0.6931471805599453,3,0.6837265093962415,1.0667547918043625,0.7154252737261009,0.251,0.9899,0.9823,0.9982779315184984,0.0268567240054216
625,graph_625,100,8.022568946988255,1,-2.5229114978208087,0.6159595959595959,3.970291913552122,0.47,-0.52389664,0.3693471394582885,(0.42362308680093946+0j),(0.146814075155684+0j),(-0.26832058727028935+0j),1,2,0.6931471805599453,3,0.7336563056426757,1.0667325753830943,0.7077729307015219,0.2565,0.9899,0.9812,0.9983263826374348,0.0261488654572222
626,graph_626,100,8.127109185346375,1,-2.5099648994178434,0.6838383838383838,3.9889840465642745,0.47,-0.48250531,0.3170035542193463,(0.39530681994757705+0j),(0.15515258797008102+0j),(-0.2274457101380995+0j),1,2,0.6931471805599453,3,0.7732812114102248,1.0656424581005586,0.6762926388169267,0.2527,0.99,0.9767,0.9927087132690244,0.0684836116262719
627,graph_627,100,7.703459047867175,1,-2.5635007310049547,0.4476767676767677,3.80666248977032,0.56,-0.55007284,0.2473333417389338,(0.4396032001407355+0j),(0.2660174948168035+0j),(-0.4750104971592436+0j),1,2,0.6931471805599453,3,0.7016502329135501,1.0628453038674033,0.6944945834989793,0.2501,0.99,0.9894,1.0000000019273956,0.0
628,graph_628,100,7.350516171833998,1,-2.6103996477687708,0.3145454545454546,3.610917912644224,0.64,-0.60909471,0.3121681466350017,(0.4897523425043051+0j),(0.27743767839707+0j),(-0.6554802544388622+0j),1,2,0.6931471805599453,3,0.6331197634302612,1.062135922330097,0.7027939849723703,0.2654,0.99,0.9798,0.9906600571982532,0.0691012450323527
629,graph_629,100,8.045588280803528,1,-2.5200462844379747,0.6303030303030303,3.970291913552122,0.48,-0.52383538,0.3612331372439532,(0.42307086500454977+0j),(0.15307239046684437+0j),(-0.26326150420932215+0j),1,2,0.6931471805599453,3,0.7335431407382834,1.061411992263056,0.7035255993225151,0.2502,0.99,0.987,1.0000000592773397,0.0
630,graph_630,100,8.159946655578548,1,-2.5059325543399944,0.7066666666666667,4.04305126783455,0.44,-0.46808124,0.304654802700494,(0.38468014742304146+0j),(0.15228282273615742+0j),(-0.2369205964804493+0j),1,2,0.6931471805599453,3,0.7881756955041671,1.0613357564743298,0.6678096907747622,0.243,0.9899,0.9793,0.999448930107938,0.0100177295072665
631,graph_631,100,7.604396348796338,1,-2.5764436389964285,0.4054545454545454,3.713572066704308,0.6,-0.56145714,0.2106118647196366,(0.4477889683249713+0j),(0.3032378737800066+0j),(-0.493015205654342+0j),1,2,0.6931471805599453,3,0.6883344686648502,1.0613313388182497,0.7070255174617707,0.2634,0.99,0.9898,0.9999913928513492,0.0002672892727443
632,graph_632,100,8.227909837597483,1,-2.497638172254809,0.7563636363636363,4.060443010546419,0.43,-0.44488946,0.3181558840716849,(0.3700168219143777+0j),(0.12186631833403301+0j),(-0.1508833493908179+0j),1,2,0.6931471805599453,3,0.8157591367816395,1.0610021786492374,0.650373918158946,0.2436,0.99,0.99,1.0000000207034527,0.0
633,graph_633,100,8.21959545417708,1,-2.4986491929513983,0.75010101010101,4.07753744390572,0.41,-0.43060912,0.2718864217836565,(0.35980256177234504+0j),(0.1494195284391511+0j),(-0.20048700786699225+0j),1,2,0.6931471805599453,3,0.8192502072358745,1.0609701824655096,0.6421357820779958,0.2408,0.9896,0.9779,0.9950361086014232,0.0571730799654518
634,graph_634,100,8.122668023346407,1,-2.510511511479476,0.6808080808080809,4.007333185232471,0.45,-0.4434303,0.2314340603245206,(0.37107697551896257+0j),(0.19709568734471028+0j),(-0.2687975443800032+0j),1,2,0.6931471805599453,3,0.8021196610406456,1.0607843137254902,0.6424330825917414,0.2468,0.9879,0.9774,0.97843487327099,0.1106161789455091
635,graph_635,100,7.980023592310645,1,-2.528228818100839,0.5903030303030303,3.9318256327243257,0.5,-0.51660903,0.3048516565476953,(0.41837268820331225+0j),(0.19444379069975432+0j),(-0.2935935073303731+0j),1,2,0.6931471805599453,3,0.7342955472632007,1.0601659751037344,0.6995207828722518,0.2409,0.99,0.9871,0.999282912060622,0.0112870965886458
636,graph_636,100,7.754481547470383,1,-2.556899245563418,0.4711111111111111,3.828641396489095,0.55,-0.56025626,0.2774092506004326,(0.4466668083090567+0j),(0.251290990811079+0j),(-0.4170028926695099+0j),1,2,0.6931471805599453,3,0.6851414133181188,1.0601023017902813,0.7110902603279164,0.253,0.9898,0.9896,0.9996686368479172,0.0018416585813833
637,graph_637,100,8.207401833376355,1,-2.500133776265905,0.741010101010101,4.0943445622221,0.4,-0.42666205,0.2486474113051775,(0.35688928548681825+0j),(0.16570954850684402+0j),(-0.23578889306342782+0j),1,2,0.6931471805599453,3,0.8197025832245487,1.059782608695652,0.6379496746465865,0.2517,0.9896,0.9789,0.9985707660462472,0.0276779801705141
638,graph_638,100,8.256347772918016,1,-2.494187854478356,0.7781818181818182,4.110873864173311,0.4,-0.41111677,0.2775193890206062,(0.3468657463471029+0j),(0.12848767361929028+0j),(-0.16238090958633075+0j),1,2,0.6931471805599453,3,0.8364378724343412,1.058311575282855,0.6313603748947757,0.2607,0.99,0.987,0.9998761660878472,0.0019706148994644
639,graph_639,100,8.046549357283078,1,-2.51992683772402,0.6309090909090909,3.9889840465642745,0.47,-0.49829709,0.3215943966818764,(0.4063543053692366+0j),(0.16529406876520922+0j),(-0.2600198392956243+0j),1,2,0.6931471805599453,3,0.7537050383279827,1.058128078817734,0.6878089963588203,0.2469,0.99,0.9891,0.999556106413658,0.0037566358512487
640,graph_640,100,8.24143968982973,1,-2.495995137688879,0.7666666666666667,4.04305126783455,0.38,-0.44109621,0.321262696730461,(0.3674558733172019+0j),(0.11581966861321727+0j),(-0.13436239493221386+0j),1,2,0.6931471805599453,3,0.8215733537854717,1.0578833693304537,0.6453227114560176,0.241,0.99,0.9881,0.999734303773802,0.0066024723139686
641,graph_641,100,8.204124932574041,1,-2.50053311764256,0.7385858585858586,4.07753744390572,0.42,-0.41910808,0.2457829533738711,(0.3532179353893602+0j),(0.1636978896278135+0j),(-0.22378011412732116+0j),1,2,0.6931471805599453,3,0.8226940151266031,1.055,0.6348468326518554,0.2593,0.99,0.9893,0.9999995604587788,1.361782032908927e-05
642,graph_642,100,8.207129168071326,1,-2.500166998696084,0.7408080808080808,4.127134385045092,0.39,-0.41483424,0.2403922663139039,(0.34947411055486755+0j),(0.1637579865030258+0j),(-0.23597798017766708+0j),1,2,0.6931471805599453,3,0.8255601405040413,1.0547195622435022,0.6313744832578706,0.2442,0.9828,0.9691,0.9702571112136588,0.0977908184847949
643,graph_643,100,8.05356916913454,1,-2.5190548177715235,0.6353535353535353,4.02535169073515,0.45,-0.45835096,0.2378222510704726,(0.37884762646602044+0j),(0.20112549182286485+0j),(-0.30661309719932994+0j),1,2,0.6931471805599453,3,0.7852799501426043,1.0547034764826175,0.6560416243956867,0.2433,0.99,0.9795,0.9944573349387232,0.0606162793058537
644,graph_644,100,7.974188669286011,1,-2.5289602767512718,0.5868686868686869,3.9889840465642745,0.46,-0.49337881,0.2552630144680436,(0.40211465356702897+0j),(0.2148853165542601+0j),(-0.3258426184356266+0j),1,2,0.6931471805599453,3,0.7557792036565,1.0537806176783813,0.6812393232877737,0.2478,0.99,0.9896,0.9998715340470428,0.003389447926887
645,graph_645,100,8.247743887225516,1,-2.4952304912558416,0.7715151515151515,4.127134385045092,0.38,-0.40712894,0.2607446119501615,(0.34357580265505144+0j),(0.1390971882052293+0j),(-0.1896679000538814+0j),1,2,0.6931471805599453,3,0.8356410182599768,1.053735255570118,0.6316444052645696,0.2626,0.9896,0.9799,0.9914536288342208,0.0784170440016128
646,graph_646,100,7.751045117971802,1,-2.5573424977829644,0.4694949494949495,3.80666248977032,0.56,-0.55061855,0.2561873024965655,(0.43999883617025+0j),(0.2596822934493399+0j),(-0.40952558165566966+0j),1,2,0.6931471805599453,3,0.6972949705172967,1.05360561582642,0.7104130753509835,0.2547,0.99,0.99,1.0000000078039455,0.0
647,graph_647,100,8.197814032221203,1,-2.50130264869347,0.7339393939393939,4.07753744390572,0.41,-0.4406996,0.274825825951442,(0.36644588222319824+0j),(0.15509808998276028+0j),(-0.2190906488280407+0j),1,2,0.6931471805599453,3,0.8098587407409971,1.052702099151407,0.6488439383608648,0.2369,0.9892,0.9797,0.9991303306647088,0.0195751835361767
648,graph_648,100,8.12533508671429,1,-2.5101832171809364,0.6826262626262626,4.02535169073515,0.44,-0.48580346,0.3276529279921367,(0.3967046968894126+0j),(0.147785188209246+0j),(-0.25231268776066657+0j),1,2,0.6931471805599453,3,0.7715582450832073,1.051834862385321,0.6786806921333158,0.2811,0.99,0.9656,0.9926841947021748,0.0587253467533429
649,graph_649,100,8.126222529458525,1,-2.510074003926912,0.6832323232323232,4.07753744390572,0.41,-0.47012343,0.3079187033721431,(0.3860273759902037+0j),(0.15118019263261578+0j),(-0.2674045323261364+0j),1,2,0.6931471805599453,3,0.7817890557890094,1.0517482517482517,0.6677316869463386,0.2392,0.9896,0.9796,0.9992403183222252,0.002561504411783
650,graph_650,100,8.08301991917133,1,-2.515404630910418,0.6543434343434343,4.007333185232471,0.43,-0.51623594,0.3672654908945978,(0.41744816901083204+0j),(0.14047232237448748+0j),(-0.28382427194100057+0j),1,2,0.6931471805599453,3,0.7470131089612909,1.3197199533255544,0.6983636347965492,0.2404,0.9898,0.9824,0.9994762099010096,0.0088306832029595
651,graph_651,100,8.121183242078828,1,-2.510694322962719,0.6797979797979798,4.060443010546419,0.41,-0.48496114,0.3357719029102941,(0.39563184835532056+0j),(0.1393709877796075+0j),(-0.29695042544967837+0j),1,2,0.6931471805599453,3,0.7750451685253256,1.2578859988931932,0.6754828439148258,0.2388,0.99,0.9897,0.9997752882423566,0.0068329328995014
652,graph_652,100,7.807916628926408,1,-2.5500320145820514,0.4969696969696969,3.828641396489095,0.53,-0.57587515,0.3415955764285048,(0.4581450852705955+0j),(0.2147426099225609+0j),(-0.38970109773553235+0j),1,2,0.6931471805599453,3,0.6660069674229275,1.1744262295081966,0.7280489168693794,0.2636,0.99,0.988,0.9995375012040728,0.0099306786293004
653,graph_653,100,7.684783943522785,1,-2.5659279234431254,0.4393939393939394,3.6635616461296463,0.62,-0.60775493,0.3255639945955619,(0.4801654940807229+0j),(0.25524504475885174+0j),(-0.3926763215747222+0j),1,2,0.6931471805599453,3,0.6266888613528806,1.1735419630156472,0.7586206488835765,0.2792,0.99,0.99,1.0000000537443794,0.0
654,graph_654,100,7.725330037917135,1,-2.56066564076193,0.4575757575757576,3.6635616461296463,0.62,-0.60536659,0.3353873134558429,(0.4786374763834244+0j),(0.24567707268648611+0j),(-0.37144534005240637+0j),1,2,0.6931471805599453,3,0.6303022213479831,1.1704312114989732,0.7549670712510661,0.2529,0.9899,0.9851,0.9987763649858694,0.0224075896105907
655,graph_655,100,7.858254182186029,1,-2.54360571844369,0.5226262626262627,3.80666248977032,0.53,-0.56988461,0.3331926978136377,(0.4540627491771967+0j),(0.21632363445047081+0j),(-0.3470275783471327+0j),1,2,0.6931471805599453,3,0.6744031254521777,1.1701863354037267,0.7282566706373912,0.2534,0.99,0.99,0.9999999963169156,0.0
656,graph_656,100,7.894690850425624,1,-2.538979696687999,0.5420202020202021,3.912023005428146,0.49,-0.55930652,0.3399406635161204,(0.4465773940219961+0j),(0.20131747204357628+0j),(-0.3652431673407315+0j),1,2,0.6931471805599453,3,0.6892952539751318,1.1588447653429603,0.7179463788634057,0.2582,0.9896,0.9799,0.9928326367156002,0.0593825524947102
657,graph_657,100,7.959974528080536,1,-2.530744386126802,0.5785858585858585,3.80666248977032,0.56,-0.58808128,0.4351704304777661,(0.46615171411494577+0j),(0.14728001064667345+0j),(-0.21022685684829084+0j),1,2,0.6931471805599453,3,0.6791492750844382,1.1582618025751072,0.7538407078741525,0.2581,0.99,0.9899,0.99965410494436,0.0105757822940754
658,graph_658,100,7.630461261783627,1,-2.57302188881208,0.4161616161616162,3.610917912644224,0.63,-0.63521098,0.3561040483778988,(0.5005714510160684+0j),(0.2573978406520058+0j),(-0.41330750577633646+0j),1,2,0.6931471805599453,3,0.5843159573871152,1.1552346570397112,0.7766990375347566,0.2575,0.99,0.9898,0.9996137391781826,0.0104616126776797
659,graph_659,100,8.0925452638913,1,-2.514226885871749,0.6606060606060606,4.007333185232471,0.45,-0.50761236,0.3543623542843808,(0.4115709651267888+0j),(0.14394834052297958+0j),(-0.2842253369763695+0j),1,2,0.6931471805599453,3,0.7543810475517317,1.152317880794702,0.6918195247696808,0.2652,0.9896,0.9778,0.9856930718531692,0.0768485427911823
660,graph_660,100,7.767687277186908,1,-2.5551977136381034,0.4773737373737374,3.7612001156935615,0.56,-0.57502751,0.3119953681206311,(0.4574001678336667+0j),(0.23741375723800368+0j),(-0.3893641189867097+0j),1,2,0.6931471805599453,3,0.6654893811948562,1.1514745308310992,0.7270414507962134,0.2467,0.9898,0.9838,0.9998341394610598,0.0018976103798414
661,graph_661,100,7.792761720816526,1,-2.5519748676474383,0.4894949494949495,3.7612001156935615,0.55,-0.59167134,0.3529878261515886,(0.46925096770038305+0j),(0.21978461115495862+0j),(-0.34864570721976024+0j),1,2,0.6931471805599453,3,0.6471838469713072,1.1473015873015873,0.745769486270157,0.2643,0.9899,0.9741,0.9990777721495476,0.0129601180256735
662,graph_662,100,8.190908881182514,1,-2.5021453197769685,0.7288888888888889,4.189654742026425,0.32,-0.41911724,0.282259382473687,(0.35157201902566093+0j),(0.13018643593726154+0j),(-0.2881344690595375+0j),1,2,0.6931471805599453,3,0.8258339689715257,1.1447105788423153,0.6358813290829006,0.2152,0.9898,0.9896,0.9992586561884088,0.0100660073817114
663,graph_663,100,7.951207156472972,1,-2.531846425267415,0.5735353535353536,3.9318256327243257,0.5,-0.53895131,0.3335565361030062,(0.4327730245699478+0j),(0.18894106301826205+0j),(-0.32622147674624746+0j),1,2,0.6931471805599453,3,0.7119016027888627,1.1422902494331066,0.7097569646275005,0.2509,0.99,0.9899,0.999928524776248,0.0022587604815063
664,graph_664,100,7.754481547470383,1,-2.556899245563418,0.4711111111111111,3.784189633918261,0.55,-0.58819944,0.3448038964265671,(0.4667115983832394+0j),(0.22309356179362103+0j),(-0.37357367746525794+0j),1,2,0.6931471805599453,3,0.6506907588218612,1.141347424042272,0.7409943306012111,0.244,0.9899,0.9766,0.9988218863422768,0.021198964306256
665,graph_665,100,8.09712193091871,1,-2.5136615046203308,0.6636363636363637,4.0943445622221,0.41,-0.47532276,0.3107833774228334,(0.3892935982116285+0j),(0.1528536473368616+0j),(-0.32748093954601215+0j),1,2,0.6931471805599453,3,0.7809580833478301,1.140830267997898,0.661186454900687,0.2392,0.99,0.9665,0.987784284145984,0.0796061624731941
666,graph_666,100,8.210668031162976,1,-2.499735897848203,0.7434343434343434,4.23410650459726,0.32,-0.41423495,0.2913576799806048,(0.34811117224753724+0j),(0.11781150123681612+0j),(-0.27555312664713055+0j),1,2,0.6931471805599453,3,0.8314510713631647,1.1386861313868613,0.6359375809338518,0.2545,0.99,0.9801,0.9951268896976032,0.0563310746880411
667,graph_667,100,8.034306936339489,1,-2.5214494461082038,0.6232323232323232,3.970291913552122,0.48,-0.53556216,0.3954457196939183,(0.4309595476721766+0j),(0.13390795741753514+0j),(-0.28194644003887787+0j),1,2,0.6931471805599453,3,0.7247748306797631,1.137984496124031,0.7137762959517682,0.2516,0.99,0.9896,0.9999982411392244,5.741501013864479e-05
668,graph_668,100,7.841492924460013,1,-2.545740945715864,0.5139393939393939,3.784189633918261,0.57,-0.57741407,0.3504889731537364,(0.4594206529406634+0j),(0.20918056011007782+0j),(-0.34225705027883985+0j),1,2,0.6931471805599453,3,0.6650107005448089,1.1341463414634143,0.7312300245554388,0.2227,0.9898,0.9768,0.9902372313127794,0.0649676838437473
669,graph_669,100,7.833600223661103,1,-2.546747982980822,0.5098989898989899,3.784189633918261,0.55,-0.57896889,0.3481894404627903,(0.46047147523539134+0j),(0.21239120933455957+0j),(-0.3425891895350338+0j),1,2,0.6931471805599453,3,0.6628517958684229,1.1317876754118366,0.7349444925720428,0.2417,0.99,0.9896,0.9996663615711864,0.0104788453657789
670,graph_670,100,7.692113339595466,1,-2.5649746236333133,0.4426262626262626,3.713572066704308,0.59,-0.58760859,0.3201184138922024,(0.46627940611567514+0j),(0.24210968077172734+0j),(-0.41385985824748045+0j),1,2,0.6931471805599453,3,0.6473061409438349,1.1314125087842586,0.7348241923695723,0.2527,0.99,0.99,0.9996827294761194,0.0100317758723521
671,graph_671,100,7.862497197230545,1,-2.543065920434658,0.5248484848484849,3.871201010907891,0.51,-0.56637979,0.3303261724151354,(0.4513793670844908+0j),(0.2152329721803285+0j),(-0.3834863659958291+0j),1,2,0.6931471805599453,3,0.6808467788339816,1.1302774427020508,0.7213241164372224,0.2501,0.99,0.99,0.9999999709157406,0.0
672,graph_672,100,7.86288203464149,1,-2.543016975680405,0.5250505050505051,3.828641396489095,0.55,-0.54573151,0.3005987979113071,(0.43748105810163124+0j),(0.22170424658357962+0j),(-0.3398977677404745+0j),1,2,0.6931471805599453,3,0.7020518321165358,1.1288753799392095,0.7145056805130419,0.2452,0.99,0.9881,0.9996546776724016,0.0079871818085887
673,graph_673,100,7.816819965764552,1,-2.5488923681313325,0.5014141414141414,3.8501476017100575,0.52,-0.56631856,0.3344595349493777,(0.451303472232061+0j),(0.21179802135563852+0j),(-0.4246377761837792+0j),1,2,0.6931471805599453,3,0.6797368274874555,1.128122998078155,0.7095085126432442,0.2409,0.99,0.99,0.9999999270979428,0.0
674,graph_674,100,7.77485576666552,1,-2.554275279006051,0.4808080808080808,3.713572066704308,0.56,-0.59957488,0.3641773470652207,(0.47486541049923175+0j),(0.2180268377581598+0j),(-0.3548410690638179+0j),1,2,0.6931471805599453,3,0.6367491534933486,1.1262626262626263,0.7496837584006697,0.2468,0.99,0.9726,0.9936469878879745,0.0525835601890706
675,graph_675,100,7.76004068088038,1,-2.556182609425213,0.4737373737373737,3.7612001156935615,0.55,-0.57914607,0.3111702815799733,(0.4602339954821002+0j),(0.2415918603201814+0j),(-0.3800293417235093+0j),1,2,0.6931471805599453,3,0.6612469216161264,1.1232876712328768,0.734328261139381,0.2391,0.9899,0.98,0.9997149985849462,0.0083514732066835
676,graph_676,100,7.804251383528112,1,-2.550501551607621,0.4951515151515152,3.784189633918261,0.53,-0.57050832,0.3120492014712939,(0.45418073304028783+0j),(0.2333579293674225+0j),(-0.38870109865070956+0j),1,2,0.6931471805599453,3,0.6711824131059325,1.123018389346861,0.722562302092798,0.2528,0.9898,0.98,0.9937909648940958,0.0566307110159822
677,graph_677,100,7.913155185928068,1,-2.5366435980370907,0.5521212121212121,3.912023005428146,0.5,-0.55483181,0.3317949473337178,(0.4435486269963484+0j),(0.20410917179499674+0j),(-0.35054326207003805+0j),1,2,0.6931471805599453,3,0.6938185310674172,1.1214899713467048,0.7160630079158907,0.2356,0.99,0.9833,0.9994597851171468,0.0107301464750268
678,graph_678,100,7.733245646529795,1,-2.559641534859024,0.4612121212121212,3.610917912644224,0.64,-0.60901275,0.3458338154191704,(0.48123620763710157+0j),(0.24077883212132983+0j),(-0.35777146087787454+0j),1,2,0.6931471805599453,3,0.6275819032761311,1.118600129617628,0.7560228333115269,0.2436,0.9899,0.9802,0.9993939001318874,0.0074895383239137
679,graph_679,100,7.711548979629146,1,-2.5624511133219454,0.4513131313131313,3.688879454113936,0.58,-0.59751878,0.3257087298972829,(0.4732441629269065+0j),(0.24645728894886101+0j),(-0.3857781396464179+0j),1,2,0.6931471805599453,3,0.6379481427153889,1.1173708920187793,0.7457474931782431,0.2575,0.99,0.9868,0.999676530736723,0.0080692118323162
680,graph_680,100,7.597396320212795,1,-2.577364586838661,0.4026262626262626,3.58351893845611,0.65,-0.62285893,0.3344531828497412,(0.4912641624098342+0j),(0.2623087665962216+0j),(-0.4117130182436253+0j),1,2,0.6931471805599453,3,0.6023400737631948,1.1170446232626188,0.7661817421778953,0.2256,0.9899,0.9839,0.9999677720015012,0.0001413673773666
681,graph_681,100,8.114922974204593,1,-2.5114654768466718,0.6755555555555556,4.060443010546419,0.4,-0.48118773,0.3250926147094171,(0.3930549478429934+0j),(0.1453179379908004+0j),(-0.298328815436233+0j),1,2,0.6931471805599453,3,0.7757890056620329,1.1160714285714286,0.672846881884099,0.2507,0.99,0.988,0.9998009008774228,0.0061268774486369
682,graph_682,100,7.968665700466235,1,-2.5296531224503687,0.5836363636363636,3.9889840465642745,0.47,-0.52350268,0.3264012376933836,(0.4219442338527799+0j),(0.181089335847486+0j),(-0.34374956108570776+0j),1,2,0.6931471805599453,3,0.7298131144637006,1.1157894736842104,0.697127039025404,0.2587,0.99,0.9899,0.9999999921825264,0.0
683,graph_683,100,7.975564658495202,1,-2.5287877362505715,0.5876767676767677,3.951243718581428,0.47,-0.52895405,0.3328981171994176,(0.4256617155130459+0j),(0.18040705123554576+0j),(-0.3387693563498364+0j),1,2,0.6931471805599453,3,0.7232992700729927,1.1155751238304898,0.6968029915842076,0.254,0.99,0.9841,0.9993054254631634,0.0117387491510951
684,graph_684,100,7.920446505142607,1,-2.53572260483893,0.5561616161616162,3.8501476017100575,0.53,-0.56052623,0.3560327118534654,(0.4477267173581164+0j),(0.18956054702563863+0j),(-0.3286390075082571+0j),1,2,0.6931471805599453,3,0.6878346473291455,1.1139169472502806,0.7210320472587507,0.2501,0.99,0.9848,0.9997379215204004,0.0075346338950165
685,graph_685,100,7.793999089503996,1,-2.551816095891699,0.4901010101010101,3.784189633918261,0.56,-0.57473188,0.3281002200898504,(0.45732101446340534+0j),(0.2245311744859213+0j),(-0.37192685821805016+0j),1,2,0.6931471805599453,3,0.6659351595493576,1.1132194813409235,0.7254740343059997,0.2569,0.9898,0.9773,0.9979170413572144,0.0285868327462273
686,graph_686,100,7.955074273262696,1,-2.5313601875652845,0.5757575757575758,3.970291913552122,0.46,-0.53110853,0.3267676505667902,(0.4268955222761691+0j),(0.18708095574873224+0j),(-0.362484572928227+0j),1,2,0.6931471805599453,3,0.7218492500665324,1.1131019036954088,0.69754387563438,0.2613,0.99,0.9879,0.9996911239718757,0.0077303097795976
687,graph_687,100,7.742402021815782,1,-2.5584582077956712,0.4654545454545454,3.80666248977032,0.53,-0.58081881,0.311582279138392,(0.46144530075424633+0j),(0.2427758303453063+0j),(-0.4263757420639706+0j),1,2,0.6931471805599453,3,0.6583409147299645,1.112806901128069,0.7278646709889925,0.2474,0.99,0.9898,0.999908645235427,0.0018231262153194
688,graph_688,100,7.752764808851328,1,-2.557120656713615,0.4703030303030303,3.7612001156935615,0.56,-0.57695882,0.3218010384702099,(0.4587101732682356+0j),(0.23129510308572176+0j),(-0.3876052909763609+0j),1,2,0.6931471805599453,3,0.6626947754353804,1.1098039215686275,0.7293813818384036,0.2545,0.99,0.9899,0.9998722868444776,0.0040392880866014
689,graph_689,100,7.795234929002173,1,-2.55165754551016,0.4907070707070707,3.7612001156935615,0.57,-0.56759808,0.3089892043387665,(0.45226598691253717+0j),(0.23339544895702405+0j),(-0.36844826159822885+0j),1,2,0.6931471805599453,3,0.6750884574925887,1.108942065491184,0.7249895071280512,0.2387,0.9899,0.9786,0.9989554154895268,0.0202408389372319
690,graph_690,100,8.014996894348302,1,-2.523855787406588,0.6113131313131314,3.970291913552122,0.47,-0.52696259,0.3524445346339191,(0.4246503145873191+0j),(0.16263835998409507+0j),(-0.31294462644107346+0j),1,2,0.6931471805599453,3,0.7282618646550462,1.108843537414966,0.700264349782745,0.2444,0.99,0.9897,0.9999089558991752,0.0028787842124458
691,graph_691,100,8.000014093678072,1,-2.5257268826000483,0.6022222222222222,3.951243718581428,0.48,-0.51950328,0.3232281226388049,(0.419207267025556+0j),(0.18025893268187293+0j),(-0.33117389761151944+0j),1,2,0.6931471805599453,3,0.7327244067892026,1.1079330814894766,0.689039137031173,0.2512,0.9897,0.9756,0.996075673436069,0.0411160133357685
692,graph_692,100,8.204124932574041,1,-2.50053311764256,0.7385858585858586,4.204692619390966,0.34,-0.42375392,0.3051611930882529,(0.3542314766584862+0j),(0.11326067329292402+0j),(-0.2802531084497276+0j),1,2,0.6931471805599453,3,0.8256945800655778,1.1076487252124645,0.6416847533011957,0.2469,0.9899,0.9833,0.9981668972452744,0.0326498331068455
693,graph_693,100,7.8724551500639794,1,-2.5418002090498315,0.5301010101010101,3.784189633918261,0.56,-0.56844779,0.3328828138358581,(0.4531762368829507+0j),(0.21544892102070487+0j),(-0.34117197044814407+0j),1,2,0.6931471805599453,3,0.6773097056357498,1.1072886297376092,0.7237042221528147,0.2537,0.9898,0.9818,0.9971827913269784,0.0333832765453863
694,graph_694,100,7.005789019253503,0,-2.658433375960631,0.2228282828282828,3.4011973816621555,0.71,-0.626973,0.2822637201970936,(0.5175574445358032+0j),(0.33336777787603683+0j),(-23.025850929940457+0j),0,0,0.0,3,0.5597046799682714,1.1054054054054054,0.74161360990582,0.2565,0.9896,0.9795,0.9982104987004452,0.0249971422636613
695,graph_695,100,7.954021087278037,1,-2.531492588052217,0.5751515151515152,3.871201010907891,0.5,-0.54214343,0.3229504127492482,(0.43509915471784066+0j),(0.20062456690367292+0j),(-0.31629516275214836+0j),1,2,0.6931471805599453,3,0.7079944574974396,1.1049180327868853,0.7102227638516652,0.2685,0.99,0.9783,0.999900985030184,0.0020049821704195
696,graph_696,100,7.701652362642226,1,-2.563735287599203,0.4468686868686868,3.6635616461296463,0.62,-0.62023968,0.3643065735387476,(0.4893596505982689+0j),(0.23662406219364332+0j),(-0.37327442608544276+0j),1,2,0.6931471805599453,3,0.6087787918296392,1.1043705153294194,0.7653706574502517,0.2503,0.99,0.9898,0.9999055556468154,0.0029870727213011
697,graph_697,100,7.787796878181171,1,-2.552612180202294,0.487070707070707,3.828641396489095,0.54,-0.57480083,0.3280826149739555,(0.45728680823459483+0j),(0.22450206712783677+0j),(-0.4065684025277596+0j),1,2,0.6931471805599453,3,0.6656961389314747,1.103994927076728,0.7221067744765218,0.2486,0.9899,0.9823,0.9992409915605672,0.0125752347441229
698,graph_698,100,8.21959545417708,1,-2.4986491929513983,0.75010101010101,4.219507705176107,0.32,-0.41776085,0.3042156048501232,(0.3500652373283204+0j),(0.10880464846213149+0j),(-0.25575428138491874+0j),1,2,0.6931471805599453,3,0.8292926015980093,1.1032407407407407,0.6417990817678836,0.2662,0.99,0.9879,0.999841380358522,0.0038782263931374
699,graph_699,100,7.86940171257709,1,-2.542188147722102,0.5284848484848484,3.8918202981106265,0.51,-0.56150192,0.340750780626186,(0.4481783089687698+0j),(0.20270165238015983+0j),(-0.3596637031748215+0j),1,2,0.6931471805599453,3,0.6852345780331008,1.1031048623315758,0.7198011939125821,0.2495,0.99,0.9895,0.999851341855167,0.0031322897661998
700,graph_700,100,8.022896869601457,1,-2.5228706236427705,0.6161616161616161,3.951243718581428,0.48,-0.54913361,0.4202104837486251,(0.44003822564378625+0j),(0.12447710397439846+0j),(-0.28237274648417376+0j),1,2,0.6931471805599453,3,0.714477929628613,1.3658838071693449,0.7245901840322639,0.2478,0.99,0.9899,0.9999990672858156,2.8603584056001063e-05
701,graph_701,100,8.112227958349724,1,-2.5117976381596274,0.6737373737373737,4.0943445622221,0.39,-0.49598284,0.3838924816325415,(0.40317597200374505+0j),(0.10676948977703857+0j),(-0.32088196771007804+0j),1,2,0.6931471805599453,3,0.7711927213094074,1.29498861047836,0.681859076255431,0.2536,0.99,0.9883,0.9997115130579196,0.008883870762185
702,graph_702,100,8.034306936339489,1,-2.5214494461082038,0.6232323232323232,3.912023005428146,0.5,-0.54497804,0.3960946164387984,(0.4373823607295344+0j),(0.14197990665170318+0j),(-0.2522241181855026+0j),1,2,0.6931471805599453,3,0.7174360313084878,1.291279069767442,0.7199350010667481,0.2562,0.9899,0.9857,0.9989011801602062,0.0229272256544583
703,graph_703,100,8.065579427282092,1,-2.517564632319325,0.6430303030303031,4.04305126783455,0.43,-0.515363,0.4005497456856526,(0.4165019352793073+0j),(0.10983794867005907+0j),(-0.32805809258018925+0j),1,2,0.6931471805599453,3,0.7494030381547528,1.27492795389049,0.6949418091088432,0.255,0.99,0.9899,0.9999413298343356,0.0014819042777512
704,graph_704,100,8.111928063310739,1,-2.5118346071136517,0.6735353535353535,4.0943445622221,0.4,-0.49516878,0.376262966540553,(0.4026415877899104+0j),(0.11288905882723863+0j),(-0.3136576234297325+0j),1,2,0.6931471805599453,3,0.7703278494496391,1.2476712328767123,0.6829634922324453,0.2542,0.99,0.9897,0.9999919705310936,0.0002229327639315
705,graph_705,100,8.127699852817772,1,-2.509892223390673,0.6842424242424242,4.04305126783455,0.43,-0.4814652,0.3292353038840359,(0.3932787814430764+0j),(0.14201690670420636+0j),(-0.2891890917169373+0j),1,2,0.6931471805599453,3,0.7775571577283418,1.2360584731997837,0.6741216171478667,0.2508,0.9898,0.9792,0.9961940577708736,0.0434888853495243
706,graph_706,100,8.140315540159985,1,-2.508341242577534,0.692929292929293,4.0943445622221,0.39,-0.47876436,0.3443599518458622,(0.39140827190143995+0j),(0.12637032390454656+0j),(-0.28942897026995346+0j),1,2,0.6931471805599453,3,0.7828009493718726,1.233974358974359,0.6734693723575677,0.2471,0.99,0.9896,0.999979243641752,0.0005237372614691
707,graph_707,100,8.053887083618223,1,-2.519015343570416,0.6355555555555555,3.9889840465642745,0.47,-0.52195001,0.3812406562706469,(0.4212832884271901+0j),(0.13337224010840792+0j),(-0.2975099121056935+0j),1,2,0.6931471805599453,3,0.7382574631207416,1.1985892566467715,0.702161520607149,0.2435,0.9899,0.9794,0.998722886533996,0.0206179548116042
708,graph_708,100,8.003028666384733,1,-2.5253501326547387,0.604040404040404,3.8918202981106265,0.52,-0.5639548,0.42688091477017,(0.4501431279938955+0j),(0.13247962635364197+0j),(-0.2623283928143816+0j),1,2,0.6931471805599453,3,0.6998380903918212,1.1872638963842417,0.7357860074247814,0.2357,0.99,0.9897,0.9997140172028592,0.0077217803535014
709,graph_709,100,8.060855752934316,1,-2.5181504622848547,0.64,3.9889840465642745,0.46,-0.53127537,0.4061181142164543,(0.42785235074711625+0j),(0.12030559536522503+0j),(-0.2877531055314421+0j),1,2,0.6931471805599453,3,0.7341873907440252,1.185068349106204,0.711569206708944,0.2411,0.99,0.9766,0.9938399737503464,0.0549730739173117
710,graph_710,100,7.747164966520335,1,-2.557843220319488,0.4676767676767677,3.6375861597263857,0.62,-0.60562654,0.3431557013001887,(0.47885110554110544+0j),(0.23985361185277562+0j),(-0.35516097634403415+0j),1,2,0.6931471805599453,3,0.6328322505232827,1.1744107744107743,0.7534558222529727,0.2443,0.99,0.9761,0.9955085409263218,0.0466396003892609
711,graph_711,100,8.055157731819678,1,-2.51885758769865,0.6363636363636364,3.9889840465642745,0.46,-0.52229169,0.3803545348163308,(0.42157435920154906+0j),(0.1345352829341813+0j),(-0.29216506591548824+0j),1,2,0.6931471805599453,3,0.7378817397138323,1.172578083642139,0.7031745738322936,0.2356,0.99,0.9898,0.9999977843919052,7.134754532158989e-05
712,graph_712,100,7.735870319952567,1,-2.559302191168842,0.4624242424242424,3.610917912644224,0.64,-0.61767247,0.3593770923414101,(0.48751711858997127+0j),(0.2381435327586165+0j),(-0.36199416641376664+0j),1,2,0.6931471805599453,3,0.6158506778295684,1.17002688172043,0.760593777265509,0.2214,0.9899,0.9784,0.9994232299555132,0.0163381067042071
713,graph_713,100,7.935945103353701,1,-2.5337677334495936,0.5648484848484848,3.737669618283368,0.58,-0.6054843,0.4448977513211967,(0.4772873122232222+0j),(0.15426383311488912+0j),(-0.21382947627958043+0j),1,2,0.6931471805599453,3,0.6601079070901664,1.167579408543264,0.7626070744806237,0.2507,0.99,0.9793,0.997252019251546,0.0371151655988417
714,graph_714,100,7.731930721948486,1,-2.55981158459569,0.4606060606060606,3.610917912644224,0.64,-0.61876419,0.3695569902256208,(0.48861867070239506+0j),(0.23151324358262876+0j),(-0.3703410027687674+0j),1,2,0.6931471805599453,3,0.6111972211074053,1.165211551376763,0.7610746386159177,0.2384,0.99,0.9801,0.995567108333723,0.0442528519197274
715,graph_715,100,8.074337694089515,1,-2.5164793395509384,0.6486868686868686,3.9889840465642745,0.45,-0.51296996,0.3555875892874087,(0.41519385173541434+0j),(0.1476237772271931+0j),(-0.28864455371247083+0j),1,2,0.6931471805599453,3,0.7469226590899595,1.162754303599374,0.6942542655621262,0.2581,0.9898,0.9777,0.9951600562709934,0.047155017057695
716,graph_716,100,8.070593539949519,1,-2.516943157470364,0.6462626262626263,3.9889840465642745,0.47,-0.52643055,0.382159513234249,(0.4245569881377762+0j),(0.13693484538236156+0j),(-0.2741396236250062+0j),1,2,0.6931471805599453,3,0.7375605829378322,1.149390243902439,0.7070961315385185,0.246,0.9899,0.9853,0.9996125001819788,0.0077931798852633
717,graph_717,100,8.098946748943339,1,-2.5134361637591103,0.6648484848484848,4.07753744390572,0.41,-0.50088506,0.3766813541923592,(0.40659807418164556+0j),(0.1177999759490119+0j),(-0.31615726666900146+0j),1,2,0.6931471805599453,3,0.7641342009634075,1.1440162271805274,0.6855059782390703,0.2651,0.9899,0.9858,0.9995934511020016,0.010042784990275
718,graph_718,100,8.22764270790443,1,-2.497670639070169,0.7561616161616161,4.262679877041316,0.3,-0.39962075,0.2809881636926241,(0.3386174440329935+0j),(0.11512916198367304+0j),(-0.2825582745960535+0j),1,2,0.6931471805599453,3,0.8431528504762345,1.1395235780262518,0.6262358576738799,0.2697,0.9897,0.9841,0.9996592086196696,0.0026976888454408
719,graph_719,100,7.852050207265889,1,-2.544395515393366,0.5193939393939394,3.871201010907891,0.53,-0.54340112,0.2837499722293435,(0.43530787599950665+0j),(0.23245115447182432+0j),(-0.3722249115807427+0j),1,2,0.6931471805599453,3,0.703483731630593,1.1389236545682102,0.7078956851265582,0.2413,0.99,0.9889,0.999931974465084,0.002153441545515
720,graph_720,100,8.041412909393047,1,-2.5205653832376678,0.6276767676767677,3.9889840465642745,0.45,-0.52461291,0.3773939242842203,(0.42314102645082574+0j),(0.13920149716114605+0j),(-0.2989538838074729+0j),1,2,0.6931471805599453,3,0.7341478523321867,1.1383975026014568,0.7042162462824072,0.2522,0.9899,0.986,0.9989909153001116,0.0207426206309846
721,graph_721,100,7.773173680482536,1,-2.5544916519162344,0.48,3.58351893845611,0.65,-0.61001749,0.3226481166410198,(0.48097821271027946+0j),(0.2585168136933411+0j),(-0.35020185420000677+0j),1,2,0.6931471805599453,3,0.6494817150638165,1.1352201257861636,0.7596796428424047,0.2487,0.9899,0.9842,0.999314774407583,0.0149936213588877
722,graph_722,100,8.207674424355282,1,-2.5001005639951037,0.7412121212121212,4.204692619390966,0.33,-0.42123005,0.3126128778354526,(0.3528084789610559+0j),(0.10476146071735937+0j),(-0.29320542072370975+0j),1,2,0.6931471805599453,3,0.8300430792283199,1.1340106434446058,0.6388662390612491,0.2545,0.9899,0.9856,0.9982985363811911,0.0304518910550421
723,graph_723,100,7.987524479848767,1,-2.527289301519336,0.5947474747474748,3.8501476017100575,0.54,-0.56685852,0.4127926897621028,(0.4522036181462943+0j),(0.1475396759551598+0j),(-0.26139330529765703+0j),1,2,0.6931471805599453,3,0.6935015467995699,1.129822732012513,0.7360732992960901,0.2392,0.9899,0.9829,0.999866269886777,0.0019240428401222
724,graph_724,100,7.987184748233473,1,-2.52733183520311,0.5945454545454546,3.970291913552122,0.48,-0.52596886,0.3299385842640217,(0.4234826329265703+0j),(0.18009628708105754+0j),(-0.3493413014364799+0j),1,2,0.6931471805599453,3,0.7275522108323134,1.1267293857221914,0.6918962545490513,0.2532,0.99,0.9764,0.994231713575478,0.0545695353331808
725,graph_725,100,7.77485576666552,1,-2.554275279006051,0.4808080808080808,3.6635616461296463,0.62,-0.59701448,0.3002022553927885,(0.47238583932786504+0j),(0.26514027262410195+0j),(-0.3686384855961645+0j),1,2,0.6931471805599453,3,0.6591095810023082,1.1254728877679698,0.7500003704496109,0.245,0.9899,0.9757,0.9997916630328352,0.0047843034575579
726,graph_726,100,7.419979923661835,1,-2.6009938345184147,0.3371717171717172,3.58351893845611,0.65,-0.64370829,0.3625219857976767,(0.5120280262233745+0j),(0.2670837947566569+0j),(-0.5242212877062331+0j),1,2,0.6931471805599453,3,0.5504400812457685,1.1241197183098592,0.7651283256545567,0.2654,0.9899,0.9801,0.9994986876031492,0.0118009277561227
727,graph_727,100,7.496652438168283,1,-2.590713606663441,0.364040404040404,3.555348061489413,0.66,-0.61876098,0.2960631152166131,(0.48905943138672786+0j),(0.2887204240324363+0j),(-0.46092270946049574+0j),1,2,0.6931471805599453,3,0.6038030634140553,1.124075595727198,0.759156562502066,0.2447,0.9898,0.986,0.9994114579277888,0.009410905830424
728,graph_728,100,7.880048200971577,1,-2.540836165262446,0.5341414141414141,3.828641396489095,0.55,-0.57170312,0.3473565471592423,(0.4554388128935152+0j),(0.2066146040819572+0j),(-0.32528994642067294+0j),1,2,0.6931471805599453,3,0.6750725821338868,1.1205797101449275,0.7310892974697709,0.2429,0.99,0.9885,0.9999999469684072,0.0
729,graph_729,100,8.14060704285845,1,-2.508305433464505,0.6931313131313132,4.060443010546419,0.43,-0.47940771,0.3293817840006414,(0.39211307567260434+0j),(0.14039068538393196+0j),(-0.2567782227423949+0j),1,2,0.6931471805599453,3,0.7787241761107059,1.1201157742402317,0.6767705768583143,0.2489,0.99,0.9885,0.999726593780316,0.0081168515434886
730,graph_730,100,8.100161446936607,1,-2.5132861927877634,0.6656565656565656,4.127134385045092,0.39,-0.49374338,0.3610393012410611,(0.4016404764953579+0j),(0.12507611701014892+0j),(-0.3217926774050072+0j),1,2,0.6931471805599453,3,0.7696525773278766,1.1197394789579158,0.6783004053183205,0.24,0.9898,0.9893,0.9999593577044518,0.0001286841748975
731,graph_731,100,7.587817219993427,1,-2.5786262222400484,0.3987878787878788,3.58351893845611,0.65,-0.63870925,0.3615755444658459,(0.5031808164826027+0j),(0.25649968246927723+0j),(-0.4147090363593161+0j),1,2,0.6931471805599453,3,0.5767151944669769,1.117732558139535,0.7791286801807311,0.2445,0.99,0.99,0.9996625392250909,0.009423828463875
732,graph_732,100,7.929126487306799,1,-2.534627309333356,0.561010101010101,3.912023005428146,0.51,-0.54022949,0.3158028431586424,(0.43356253038480774+0j),(0.20452405843266994+0j),(-0.3355148443237116+0j),1,2,0.6931471805599453,3,0.7079270965990939,1.1175799086757991,0.7051677730031773,0.2291,0.99,0.9759,0.9934590069163256,0.0598637102738402
733,graph_733,100,7.776954403322442,1,-2.554005389308746,0.4818181818181818,3.688879454113936,0.61,-0.58230566,0.2878474558987389,(0.46260566933958036+0j),(0.26264075264806547+0j),(-0.36433739156806993+0j),1,2,0.6931471805599453,3,0.6743954174893941,1.1146817895400123,0.7417190622720862,0.2475,0.99,0.99,1.000000020622428,0.0
734,graph_734,100,7.630946580890459,1,-2.5729582879815407,0.4163636363636364,3.6375861597263857,0.63,-0.6217253,0.3357185322408589,(0.4898241786139623+0j),(0.25952231984481516+0j),(-0.39030611509846463+0j),1,2,0.6931471805599453,3,0.6091573142414861,1.1129032258064515,0.7700145726932485,0.2535,0.99,0.99,0.999999978373797,0.0
735,graph_735,100,8.029758520440822,1,-2.5220157306558417,0.6204040404040404,3.912023005428146,0.51,-0.54100202,0.3707239743575969,(0.43483472489688935+0j),(0.16040288976400077+0j),(-0.24613570110412974+0j),1,2,0.6931471805599453,3,0.7188003265510058,1.1090909090909091,0.71515787122571,0.255,0.9896,0.9799,0.9915065115349077,0.0680119035154628
736,graph_736,100,7.92443418488756,1,-2.535219265002278,0.5583838383838384,3.784189633918261,0.57,-0.59543284,0.4234903495595652,(0.4713022365999326+0j),(0.1643177667312724+0j),(-0.24993103338695816+0j),1,2,0.6931471805599453,3,0.6623734334799568,1.1088688263409452,0.7554265559329062,0.2191,0.99,0.9836,0.9999008617348508,0.0025399746486961
737,graph_737,100,8.106212902619962,1,-2.5125393933082405,0.6696969696969697,4.060443010546419,0.41,-0.4956217,0.3602471683610062,(0.4031250305718713+0j),(0.12773056703812136+0j),(-0.28558754699223915+0j),1,2,0.6931471805599453,3,0.7642527394177417,1.108345534407028,0.6853696388865599,0.244,0.9898,0.979,0.9898752863838716,0.0725416242105355
738,graph_738,100,8.117312461601975,1,-2.511171064234916,0.6771717171717172,4.02535169073515,0.43,-0.48638216,0.3299113055172746,(0.396916439928419+0j),(0.14610728642977103+0j),(-0.26887144268520163+0j),1,2,0.6931471805599453,3,0.7705250783699059,1.107647345348271,0.6784740395335015,0.2641,0.99,0.9665,0.992842028604763,0.0602795203635741
739,graph_739,100,7.327780538421631,1,-2.613497507424217,0.3074747474747474,3.555348061489413,0.66,-0.62486529,0.2950037794765308,(0.4991614210788773+0j),(0.3018330887466595+0j),(-0.5745078848808209+0j),1,2,0.6931471805599453,3,0.5822360910267144,1.1067961165048543,0.7490148256586417,0.2347,0.99,0.9884,0.999938978405266,0.0013088227245
740,graph_740,100,7.988203597022576,1,-2.527204282899721,0.5951515151515151,3.871201010907891,0.53,-0.5659262,0.4245531887620359,(0.451746851863219+0j),(0.13671469556226948+0j),(-0.23808334430720302+0j),1,2,0.6931471805599453,3,0.6966073059576824,1.1041137633316405,0.7379497747709958,0.2621,0.99,0.9899,0.9999751442159855,0.0007850855010698
741,graph_741,100,8.06117135969092,1,-2.5181113100424675,0.6402020202020202,4.04305126783455,0.44,-0.50612691,0.3471059006985013,(0.4100300819294667+0j),(0.14821068414532787+0j),(-0.32633581580541526+0j),1,2,0.6931471805599453,3,0.7527733891284855,1.1023421588594704,0.683497248028633,0.2412,0.9897,0.9676,0.9898274465682436,0.0654406727563413
742,graph_742,100,7.717351272185329,1,-2.5616989802813506,0.4539393939393939,3.610917912644224,0.64,-0.61344115,0.3416222136402631,(0.48418710378036517+0j),(0.24782293139674766+0j),(-0.36052265923529764+0j),1,2,0.6931471805599453,3,0.6238040864958404,1.1018041237113405,0.7610146234965586,0.2646,0.99,0.9857,0.999105930337524,0.0157469785372326
743,graph_743,100,7.853216388156072,1,-2.544247007135293,0.52,3.828641396489095,0.53,-0.57694681,0.3443153777755359,(0.45905586973866447+0j),(0.21371018939121467+0j),(-0.32847248321082606+0j),1,2,0.6931471805599453,3,0.6680582727780883,1.099767981438515,0.7366923342461209,0.2644,0.99,0.9735,0.995944583101386,0.0440434153069029
744,graph_744,100,7.788626065625031,1,-2.5525057132107856,0.4874747474747474,3.713572066704308,0.6,-0.58439974,0.3089545988839259,(0.4639273719392563+0j),(0.24791644666389553+0j),(-0.36914331355445423+0j),1,2,0.6931471805599453,3,0.6596316562638321,1.0996904024767802,0.736012703047657,0.2427,0.9898,0.9808,0.9998977181352332,0.0019972101701937
745,graph_745,100,8.07558263667172,1,-2.5163251663340835,0.6494949494949495,4.060443010546419,0.43,-0.49185585,0.3239378413989291,(0.4002853581209178+0j),(0.15556050379796402+0j),(-0.31771291880216557+0j),1,2,0.6931471805599453,3,0.7637620433560819,1.099290780141844,0.6750394119279566,0.2513,0.9897,0.9693,0.989794866073378,0.0674148788630283
746,graph_746,100,8.119100837637486,1,-2.510950772227096,0.6783838383838384,4.04305126783455,0.44,-0.49397266,0.3478687347814839,(0.40207000254086156+0j),(0.1371910248741087+0j),(-0.27159759407823497+0j),1,2,0.6931471805599453,3,0.7670070018499872,1.0942857142857143,0.6844102597821522,0.251,0.99,0.98,0.9930727054251056,0.0636215637422384
747,graph_747,100,7.971085753505607,1,-2.529349472413547,0.585050505050505,3.9318256327243257,0.5,-0.53026758,0.3465772623840042,(0.4272925528808196+0j),(0.1710278952046545+0j),(-0.3049240140686506+0j),1,2,0.6931471805599453,3,0.721080408898637,1.0942688805570433,0.7054558270206405,0.2426,0.99,0.99,0.9997126407096388,0.009081392842486
748,graph_748,100,8.006700845440367,1,-2.5248913892240865,0.6062626262626263,3.9318256327243257,0.47,-0.53189048,0.3605331301571337,(0.427956878568307+0j),(0.16006469687716357+0j),(-0.32261102879843473+0j),1,2,0.6931471805599453,3,0.7230982378262663,1.0937823834196891,0.7035151659839637,0.2415,0.99,0.9772,0.9938960240891512,0.0568125704363138
749,graph_749,100,7.585788821732034,1,-2.5788935810034035,0.397979797979798,3.6635616461296463,0.62,-0.57314341,0.1937570574495684,(0.45617111679130734+0j),(0.32516807753721527+0j),(-0.5270992434509223+0j),1,2,0.6931471805599453,3,0.679870146870173,1.093558282208589,0.723861264689502,0.2455,0.9899,0.9669,0.9979876031048462,0.0240184449545595
750,graph_750,100,8.092239406724211,1,-2.514264681514181,0.6604040404040404,4.007333185232471,0.44,-0.51357747,0.3730645371935353,(0.4156309947081295+0j),(0.1330105638585877+0j),(-0.2812421629822903+0j),1,2,0.6931471805599453,3,0.7504293631620618,1.573103448275862,0.6977668951271209,0.2419,0.99,0.9898,0.9999912406090612,0.0002109813155652
751,graph_751,100,8.09437844497296,1,-2.5140003843916072,0.6618181818181819,3.9889840465642745,0.47,-0.51314076,0.3710219522744689,(0.4154823511605038+0j),(0.13460031633346675+0j),(-0.2585085271735891+0j),1,2,0.6931471805599453,3,0.7496569561996819,1.529058116232465,0.6987945270692858,0.2493,0.99,0.9795,0.9958554692277276,0.047233759777418
752,graph_752,100,8.047189562170502,1,-2.51984727822688,0.6313131313131313,3.951243718581428,0.49,-0.54107828,0.4093155488332769,(0.434620666061723+0j),(0.12668689116982967+0j),(-0.26816010972530696+0j),1,2,0.6931471805599453,3,0.7234181004190635,1.521680216802168,0.7187199398972198,0.2539,0.99,0.989,1.000000083624757,0.0
753,graph_753,100,8.098946748943339,1,-2.5134361637591103,0.6648484848484848,4.007333185232471,0.42,-0.51314415,0.3709343129840281,(0.41552244786856785+0j),(0.1347300114056425+0j),(-0.2538651767591127+0j),1,2,0.6931471805599453,3,0.7506027097831852,1.3391608391608392,0.6985791285135347,0.2696,0.9897,0.9781,0.9933702681999536,0.058407389628037
754,graph_754,100,7.886457270977689,1,-2.5400231670529783,0.5375757575757576,3.688879454113936,0.61,-0.61512035,0.4154814011763241,(0.4839742960461911+0j),(0.18816158642524805+0j),(-0.2453742409863634+0j),1,2,0.6931471805599453,3,0.6443883915869646,1.2971428571428572,0.7677564917153892,0.2457,0.99,0.99,0.9999999880300292,0.0
755,graph_755,100,8.09437844497296,1,-2.5140003843916072,0.6618181818181819,4.02535169073515,0.44,-0.50634936,0.3542963597724498,(0.41046794930928143+0j),(0.14256384354380452+0j),(-0.2966044612237898+0j),1,2,0.6931471805599453,3,0.7563017039515796,1.2687991021324354,0.6901706551159247,0.2667,0.9899,0.98,0.9982392446687158,0.0313462006985813
756,graph_756,100,8.068402958569699,1,-2.5172146218570712,0.6448484848484849,4.007333185232471,0.45,-0.51971679,0.378889972018207,(0.4196940414388934+0j),(0.13331161642926725+0j),(-0.3022012170542221+0j),1,2,0.6931471805599453,3,0.7431411782051012,1.2627406568516422,0.6986997427358436,0.2543,0.9898,0.9794,0.99368699407162,0.0554918036283342
757,graph_757,100,8.08825472712243,1,-2.5147572103145217,0.6577777777777778,3.9889840465642745,0.46,-0.51699068,0.376151063025258,(0.418145359063859+0j),(0.13364800009851902+0j),(-0.25807346073906057+0j),1,2,0.6931471805599453,3,0.7461064979516483,1.2611816675869685,0.7014744141113717,0.2453,0.99,0.9871,0.9999467196542304,0.001195067315372
758,graph_758,100,8.062432791583195,1,-2.5179548398286102,0.641010101010101,3.970291913552122,0.44,-0.52721544,0.3945769064579196,(0.42510708348089093+0j),(0.12678886414295004+0j),(-0.27041789300710756+0j),1,2,0.6931471805599453,3,0.7352181595759141,1.2609182530795071,0.7097385241316716,0.2554,0.99,0.9897,0.999970987095908,0.0009122789406325
759,graph_759,100,8.11701408773731,1,-2.5112078226263144,0.676969696969697,4.04305126783455,0.43,-0.48914187,0.3295587948782232,(0.3985370896104683+0j),(0.1484933580032792+0j),(-0.2948718740142643+0j),1,2,0.6931471805599453,3,0.7710497860937426,1.2258238789843328,0.6771114924365232,0.2406,0.9897,0.9851,0.9989710839462485,0.0185625588098685
760,graph_760,100,8.145839612936841,1,-2.5076628660132965,0.6967676767676768,4.060443010546419,0.41,-0.47504195,0.3226519304681368,(0.3891574447157462+0j),(0.14244091554477784+0j),(-0.25084674964636494+0j),1,2,0.6931471805599453,3,0.7817518494493834,1.2118997912317329,0.6732383683852204,0.2464,0.9899,0.9854,0.9985972722750188,0.0255383728313902
761,graph_761,100,7.974188669286011,1,-2.5289602767512718,0.5868686868686869,3.80666248977032,0.55,-0.578571,0.440378881924661,(0.45989941921496186+0j),(0.13412502710627022+0j),(-0.24674144265726022+0j),1,2,0.6931471805599453,3,0.6854882258779965,1.202104097452935,0.7473320963003424,0.2409,0.99,0.9899,0.9999204330846608,0.0017815275399909
762,graph_762,100,8.070593539949519,1,-2.516943157470364,0.6462626262626263,4.007333185232471,0.46,-0.52625587,0.3979293943083715,(0.4242740565707602+0j),(0.12270515296897148+0j),(-0.29805504319143167+0j),1,2,0.6931471805599453,3,0.7398955390303407,1.1996813595326608,0.7061581907334666,0.2554,0.99,0.9887,0.9998530092303262,0.0043221321892085
763,graph_763,100,7.989899374942939,1,-2.526992020163687,0.5961616161616161,3.828641396489095,0.54,-0.56601663,0.387503984553593,(0.45168464589804225+0j),(0.16843599566921016+0j),(-0.23970390590122806+0j),1,2,0.6931471805599453,3,0.6955846241027578,1.195472114853672,0.7336496072889432,0.2432,0.99,0.99,1.0000000041063872,0.0
764,graph_764,100,7.909856667269403,1,-2.537060524819052,0.5503030303030303,3.610917912644224,0.64,-0.64175938,0.4910524855043572,(0.4990823058311143+0j),(0.14510110480563101+0j),(-0.16713295383383653+0j),1,2,0.6931471805599453,3,0.6367510864051624,1.1920935412026723,0.785976505926247,0.2576,0.99,0.99,0.9999999989990206,0.0
765,graph_765,100,8.157370441186774,1,-2.5062483188002798,0.7048484848484848,4.07753744390572,0.42,-0.46725369,0.3190672911943641,(0.38368546261863457+0j),(0.13855811935951362+0j),(-0.2556658295387151+0j),1,2,0.6931471805599453,3,0.7889711218599306,1.19120654396728,0.6678129030952125,0.2537,0.9899,0.9801,0.9984763003908328,0.0308506883758654
766,graph_766,100,8.044305406990638,1,-2.520205747743389,0.6294949494949494,3.9318256327243257,0.48,-0.53896423,0.4045526003816151,(0.4332487037194696+0j),(0.12901495492134143+0j),(-0.26985717419543886+0j),1,2,0.6931471805599453,3,0.7241640906692942,1.186737400530504,0.7179076273604716,0.2344,0.99,0.9899,0.9999976902749914,7.06458625414213e-05
767,graph_767,100,8.085178748074537,1,-2.515137584598028,0.6557575757575758,4.02535169073515,0.44,-0.51222373,0.3718521548509219,(0.4148169620121523+0j),(0.132992493299336+0j),(-0.2696031584156065+0j),1,2,0.6931471805599453,3,0.7492913424644028,1.184196755625327,0.6971657465345771,0.2609,0.99,0.99,0.9999999941443936,0.0
768,graph_768,100,8.066207568006265,1,-2.5174867561702445,0.6434343434343435,3.9889840465642745,0.47,-0.53481483,0.4207830389846883,(0.4302159856102712+0j),(0.11047331433303047+0j),(-0.2870780715624273+0j),1,2,0.6931471805599453,3,0.7334341791459849,1.181723779854621,0.7146779773591104,0.2617,0.99,0.9778,0.9931253762534696,0.0594386507724217
769,graph_769,100,7.893572073504902,1,-2.539121419299028,0.5414141414141415,3.6635616461296463,0.62,-0.63018737,0.4604946261733851,(0.49272797624857045+0j),(0.16235742043515677+0j),(-0.19933953638657345+0j),1,2,0.6931471805599453,3,0.6379424546438554,1.180327868852459,0.7791044967387369,0.2481,0.99,0.9898,0.9998357034236623,0.0050417489338951
770,graph_770,100,7.669961995473577,1,-2.567858525579015,0.4329292929292929,3.58351893845611,0.65,-0.62710958,0.3284948340125799,(0.4920980081473415+0j),(0.2679253832179284+0j),(-0.3673466300604709+0j),1,2,0.6931471805599453,3,0.6228949342060408,1.1790516631280965,0.7774148795199703,0.249,0.9899,0.9854,0.9987202360743108,0.0231028071485012
771,graph_771,100,8.026823576217629,1,-2.5223813058745543,0.6185858585858586,3.9318256327243257,0.5,-0.54933662,0.4176019898924665,(0.4403535889688651+0j),(0.1272090009689402+0j),(-0.26110822260728295+0j),1,2,0.6931471805599453,3,0.7141145115996208,1.1786850477200423,0.7259960884983904,0.243,0.99,0.99,0.9999999896616864,0.0
772,graph_772,100,7.890956716138919,1,-2.5394528016829776,0.54,3.737669618283368,0.59,-0.6039142,0.4060442902226064,(0.47676411126807183+0j),(0.18632115343443423+0j),(-0.2367673378499582+0j),1,2,0.6931471805599453,3,0.6570626396990678,1.177662037037037,0.7613168268457724,0.2556,0.99,0.9899,0.9999990770718122,3.106335444811517e-05
773,graph_773,100,7.913886714856082,1,-2.536551157651437,0.5525252525252525,3.7612001156935615,0.58,-0.60410929,0.4210497000778541,(0.4766990721514281+0j),(0.17370029352987496+0j),(-0.23711533941124618+0j),1,2,0.6931471805599453,3,0.6565094329696229,1.1708825182686902,0.7616087751998898,0.226,0.99,0.99,0.9999999999175716,0.0
774,graph_774,100,7.788211557847076,1,-2.5525589342545008,0.4872727272727272,3.610917912644224,0.63,-0.60894458,0.335641857106266,(0.4803754716372471+0j),(0.24767181800547197+0j),(-0.33352474182969993+0j),1,2,0.6931471805599453,3,0.6471851266629288,1.170280612244898,0.7607793747100947,0.252,0.99,0.9883,0.999703078013759,0.0078737072431657
775,graph_775,100,7.827240901752812,1,-2.547560113339197,0.5066666666666667,3.610917912644224,0.64,-0.61679745,0.349975659782757,(0.48482744869476946+0j),(0.24209806982970053+0j),(-0.31751895142938025+0j),1,2,0.6931471805599453,3,0.6490232691755242,1.167878787878788,0.7683414263171195,0.2575,0.99,0.9899,0.9999998457689206,0.0
776,graph_776,100,7.962763930168115,1,-2.5303940189932304,0.5802020202020202,3.80666248977032,0.56,-0.5828942,0.4367333131925055,(0.4628142024441847+0j),(0.14133015147840924+0j),(-0.22897812156526703+0j),1,2,0.6931471805599453,3,0.6808908109380286,1.1668472372697725,0.7499999151289096,0.2334,0.99,0.9899,0.999683957136832,0.0085411028714274
777,graph_777,100,8.101071503119543,1,-2.513173848722753,0.6662626262626262,4.02535169073515,0.43,-0.50680413,0.3617399993919123,(0.4109863214783101+0j),(0.1367702767123953+0j),(-0.27171416540669846+0j),1,2,0.6931471805599453,3,0.7557273940807908,1.1647118816930138,0.6925408059971677,0.2513,0.99,0.9837,0.9999909902878896,9.242122030309565e-05
778,graph_778,100,7.88193748927207,1,-2.540596438067324,0.5351515151515152,3.6635616461296463,0.62,-0.61325183,0.4082566249389285,(0.4826308311487619+0j),(0.19233376170921948+0j),(-0.2369373878293975+0j),1,2,0.6931471805599453,3,0.6528339746204646,1.1631368059530625,0.7670819340904917,0.2441,0.99,0.9899,0.9999374786402564,0.0015491318189251
779,graph_779,100,7.936302693201959,1,-2.533722674948378,0.565050505050505,3.784189633918261,0.57,-0.60386478,0.4533027160514185,(0.47610896808200703+0j),(0.1453944906172143+0j),(-0.20773778237458818+0j),1,2,0.6931471805599453,3,0.6637712962116363,1.1608695652173913,0.7636753951086036,0.2393,0.99,0.99,0.9995622284252385,0.0109416305704392
780,graph_780,100,8.022896869601457,1,-2.5228706236427705,0.6161616161616161,3.8918202981106265,0.51,-0.55375062,0.416306345739923,(0.44327433709291486+0j),(0.13233731067660687+0j),(-0.26065853364112895+0j),1,2,0.6931471805599453,3,0.710152288827358,1.160313315926893,0.7285245815137792,0.239,0.99,0.99,0.9999626581377083,0.000871521312314
781,graph_781,100,8.065579427282092,1,-2.517564632319325,0.6430303030303031,3.9889840465642745,0.47,-0.5367852,0.4021129568969062,(0.43170399389729885+0j),(0.12906693424607618+0j),(-0.260739772937316+0j),1,2,0.6931471805599453,3,0.7305660154586358,1.1596124426313106,0.71442078329052,0.2651,0.99,0.9867,0.999490610147576,0.0115088143548631
782,graph_782,100,7.973155433444133,1,-2.5290898576816967,0.5862626262626263,3.784189633918261,0.57,-0.60185925,0.4761562434813717,(0.4742555336548247+0j),(0.12280267133120643+0j),(-0.1909370551092389+0j),1,2,0.6931471805599453,3,0.6723537370577567,1.154649947753396,0.7615434404601611,0.2228,0.9899,0.9864,0.9983094724898836,0.0269666434791418
783,graph_783,100,8.209308411646937,1,-2.4999015033865404,0.7424242424242424,4.219507705176107,0.32,-0.41517226,0.2763167084041755,(0.348448786795422+0j),(0.13151171597257522+0j),(-0.2805808923229322+0j),1,2,0.6931471805599453,3,0.8306426396215129,1.1536936043629151,0.6331973656600438,0.248,0.9897,0.9827,0.9994369064799544,0.0098349878017431
784,graph_784,100,7.930925372483388,1,-2.534400464528533,0.562020202020202,3.737669618283368,0.59,-0.59327227,0.4321524752195496,(0.46973751167612215+0j),(0.15479772186659535+0j),(-0.20122496068776058+0j),1,2,0.6931471805599453,3,0.672788511400802,1.150437636761488,0.755930896510864,0.2643,0.99,0.9899,0.999574534380481,0.0108562033436472
785,graph_785,100,8.204124932574041,1,-2.50053311764256,0.7385858585858586,4.204692619390966,0.32,-0.41681397,0.2799685994203242,(0.3500465198652637+0j),(0.1302955076384338+0j),(-0.2994767579551194+0j),1,2,0.6931471805599453,3,0.8318413446391145,1.1482587064676617,0.6312910685744149,0.2535,0.99,0.9897,0.999982172138022,0.0005614754459393
786,graph_786,100,8.087332926473351,1,-2.5148711846157736,0.6571717171717172,3.970291913552122,0.47,-0.52048983,0.3763439733272358,(0.4207068429674407+0j),(0.13688280198171532+0j),(-0.24011953112940526+0j),1,2,0.6931471805599453,3,0.7434232849439727,1.1457915831663326,0.703366226958343,0.2424,0.9897,0.9776,0.9928575276355374,0.0563696605984795
787,graph_787,100,7.194436851100335,1,-2.631862118190734,0.2690909090909091,3.555348061489413,0.66,-0.64176584,0.3312301080320519,(0.5162854377837067+0j),(0.2960676663089775+0j),(-0.625341047898433+0j),1,2,0.6931471805599453,3,0.5518586507572281,1.1456200227531286,0.7560056990518544,0.2407,0.99,0.9895,0.9988017958024116,0.0191262422701752
788,graph_788,100,7.853993087224244,1,-2.5441481099925483,0.5204040404040404,3.713572066704308,0.59,-0.59021201,0.3392630062744308,(0.4681231885480371+0j),(0.2293093959117958+0j),(-0.2986135436894894+0j),1,2,0.6931471805599453,3,0.6718598195697433,1.1449704142011834,0.7511645762082152,0.2472,0.99,0.99,1.0000000267119582,0.0
789,graph_789,100,7.950149887652018,1,-2.531979403706875,0.572929292929293,3.784189633918261,0.55,-0.59621434,0.4443074529743602,(0.47125378657860606+0j),(0.146430138365003+0j),(-0.19883178444202362+0j),1,2,0.6931471805599453,3,0.6724869939604138,1.144456289978678,0.7571407655280602,0.2341,0.99,0.9767,0.9921992308345308,0.0632911411016746
790,graph_790,100,7.970394907191429,1,-2.529436145205029,0.5846464646464646,3.737669618283368,0.57,-0.61381432,0.4973498137519665,(0.4811696481223874+0j),(0.11387847407323208+0j),(-0.14548133076836356+0j),1,2,0.6931471805599453,3,0.6680708597119883,1.1440329218106997,0.7684864510729604,0.2544,0.99,0.99,1.000000094691939,0.0
791,graph_791,100,8.20685642839965,1,-2.5002002312915548,0.7406060606060606,4.127134385045092,0.38,-0.42196419,0.2675998058381448,(0.35272621817157446+0j),(0.1443961519339718+0j),(-0.2584850217060019+0j),1,2,0.6931471805599453,3,0.8232495272682591,1.1433447098976108,0.6396617645301684,0.2703,0.9899,0.9839,0.999307450427431,0.0215653003978846
792,graph_792,100,8.192016914536875,1,-2.502010052930269,0.7296969696969697,4.204692619390966,0.33,-0.4250086,0.2828937477284416,(0.35581418233661766+0j),(0.13492290569221063+0j),(-0.3163580117154123+0j),1,2,0.6931471805599453,3,0.8281603762066067,1.14321608040201,0.6310429536421218,0.2534,0.9894,0.9769,0.9742190810158212,0.102406573832377
793,graph_793,100,7.912423121473705,1,-2.53673611465047,0.5517171717171717,3.6635616461296463,0.62,-0.61471733,0.4393419946476284,(0.48313593555100465+0j),(0.1670456954550257+0j),(-0.20206510685516418+0j),1,2,0.6931471805599453,3,0.6542368603697394,1.1427015250544663,0.768216770764788,0.2615,0.99,0.99,0.999992849876726,0.0002259792271981
794,graph_794,100,7.822845290279774,1,-2.548121849745589,0.5044444444444445,3.688879454113936,0.6,-0.58709701,0.2898813621261074,(0.46567640366868956+0j),(0.2648304787608461+0j),(-0.363359803767868+0j),1,2,0.6931471805599453,3,0.6765506826218014,1.1424186617556784,0.7452941894813161,0.2519,0.99,0.9891,0.9993494941424956,0.0141543048896642
795,graph_795,100,8.054204897064407,1,-2.5189758834721494,0.6357575757575757,3.912023005428146,0.51,-0.55281963,0.4195664118111353,(0.4425536787646033+0j),(0.12849082590548852+0j),(-0.22470211644590302+0j),1,2,0.6931471805599453,3,0.7181272940391344,1.1383773021403685,0.7267235848959193,0.2598,0.9899,0.9799,0.9981407418887166,0.0329844041617482
796,graph_796,100,8.05579245097777,1,-2.5187787941884947,0.6367676767676768,3.9889840465642745,0.45,-0.5287752,0.3950282237685709,(0.4261143356772047+0j),(0.1277488762714886+0j),(-0.2818783135100596+0j),1,2,0.6931471805599453,3,0.7337449742760168,1.136965376782077,0.7085179273466049,0.261,0.99,0.9743,0.9943004520291308,0.0543976757270659
797,graph_797,100,8.028129059431759,1,-2.5222186790208183,0.6193939393939394,3.9318256327243257,0.5,-0.56198764,0.4603780120945688,(0.4485729409326241+0j),(0.10047653431283869+0j),(-0.2852974533013888+0j),1,2,0.6931471805599453,3,0.7092378978824073,1.1367995961635535,0.734507447428964,0.2637,0.99,0.9897,0.9995897718093356,0.008596971186028
798,graph_798,100,7.914617709040679,1,-2.536458793374239,0.5529292929292929,3.6635616461296463,0.62,-0.61698069,0.432748385042355,(0.48446523726025+0j),(0.17442236324777238+0j),(-0.21205136286240306+0j),1,2,0.6931471805599453,3,0.6527552292271114,1.135309973045822,0.7694556091989485,0.2563,0.99,0.99,0.9999999988710722,0.0
799,graph_799,100,7.237059026124737,1,-2.6259552739780783,0.2808080808080808,3.5263605246161616,0.67,-0.64916746,0.3495596742003348,(0.5203340295027752+0j),(0.28745448370932547+0j),(-0.5860639474438686+0j),1,2,0.6931471805599453,3,0.533816218069604,1.1352502662406816,0.7670864644336531,0.2507,0.99,0.9798,0.9934628986168954,0.0494251175835884
800,graph_800,100,7.682021510826875,1,-2.566287455908591,0.4381818181818182,3.6635616461296463,0.62,-0.59862491,0.3096079179400084,(0.473845421036517+0j),(0.2597074857016763+0j),(-0.41025753211329685+0j),1,2,0.6931471805599453,3,0.6365126015679613,1.1649928263988525,0.7487312580139558,0.2637,0.9899,0.9689,0.997812128822526,0.0281658072762222
801,graph_801,100,7.823645930834952,1,-2.5480195085184656,0.5048484848484849,3.784189633918261,0.55,-0.58904816,0.3264080345486007,(0.4672592706659755+0j),(0.23839230499387087+0j),(-0.3795861747731931+0j),1,2,0.6931471805599453,3,0.6544530590685278,1.1594475831763968,0.7390957668035505,0.2737,0.99,0.9885,0.9999998260736238,0.0
802,graph_802,100,7.837159650001675,1,-2.546293706809088,0.5117171717171717,3.80666248977032,0.55,-0.57913467,0.3366275936661405,(0.460449116222312+0j),(0.2216688520270431+0j),(-0.3372852449668413+0j),1,2,0.6931471805599453,3,0.6661199806771352,1.1562693020382953,0.7390446576232866,0.251,0.99,0.9889,0.9999753644461088,0.0006972911298984
803,graph_803,100,7.966239776559467,1,-2.529957601686723,0.5822222222222222,4.02535169073515,0.45,-0.52121236,0.3354449611021817,(0.41997136031635685+0j),(0.17098504622878194+0j),(-0.38481187142286843+0j),1,2,0.6931471805599453,3,0.7377515494209733,1.1556077510275984,0.6828591779903219,0.2644,0.99,0.99,0.9998312241145184,0.0053320682585716
804,graph_804,100,7.696667081526462,1,-2.564382797388569,0.4446464646464646,3.6635616461296463,0.61,-0.61896886,0.3482118689469666,(0.48878246961692984+0j),(0.24851352724739617+0j),(-0.4041650394426514+0j),1,2,0.6931471805599453,3,0.6088232074438971,1.15521978021978,0.7641980962644263,0.2564,0.99,0.99,0.9997294828327408,0.0085500400048672
805,graph_805,100,7.904703913873747,1,-2.537712171578576,0.5474747474747474,3.912023005428146,0.51,-0.55550748,0.32993472087592,(0.4439522858132562+0j),(0.20613686061289935+0j),(-0.3581663305392276+0j),1,2,0.6931471805599453,3,0.692907640420288,1.151838671411625,0.7166048740549535,0.2413,0.9899,0.9862,0.9988222401540172,0.0250517710658442
806,graph_806,100,7.801800401908973,1,-2.550815658169997,0.4939393939393939,3.688879454113936,0.61,-0.59766923,0.333356253109256,(0.47352294711995224+0j),(0.2408141628532758+0j),(-0.3805828990848513+0j),1,2,0.6931471805599453,3,0.6428960670462446,1.1491116751269037,0.7411038791739394,0.2518,0.9898,0.9735,0.9931247287187815,0.0561908538690115
807,graph_807,100,7.845416036592485,1,-2.545240769138821,0.515959595959596,3.828641396489095,0.54,-0.5640878,0.3153812922863348,(0.4498750500962292+0j),(0.22532911721556692+0j),(-0.3618427295078114+0j),1,2,0.6931471805599453,3,0.6800612300381801,1.148724331051649,0.7227876568245746,0.2372,0.99,0.9886,0.9997201107146376,0.0051363233731413
808,graph_808,100,7.681560362559537,1,-2.566347487256915,0.4379797979797979,3.610917912644224,0.64,-0.61320139,0.3246177207133849,(0.4841018138105164+0j),(0.2609009878731343+0j),(-0.40052150852611523+0j),1,2,0.6931471805599453,3,0.6202961065803959,1.1479413817166784,0.758878975154598,0.2529,0.99,0.9792,0.993516717452724,0.0548985844128675
809,graph_809,100,7.743269700829004,1,-2.558346145622371,0.4658585858585858,3.688879454113936,0.59,-0.59974381,0.3380581100537145,(0.47493892979226426+0j),(0.23890499552396213+0j),(-0.3822197053563943+0j),1,2,0.6931471805599453,3,0.6347599808258577,1.1477272727272727,0.7450128393664452,0.2674,0.9869,0.9776,0.984587535723401,0.0709633273617907
810,graph_810,100,7.690743163541872,1,-2.565152766887388,0.442020202020202,3.688879454113936,0.61,-0.60044283,0.3144858300453845,(0.4754795844853551+0j),(0.257969800673581+0j),(-0.42258947545542663+0j),1,2,0.6931471805599453,3,0.6319126217911643,1.146375791695989,0.7445154763345013,0.2385,0.99,0.9897,0.99974471316448,0.0047598344503731
811,graph_811,100,7.784473235736469,1,-2.5530390469944644,0.4854545454545454,3.784189633918261,0.54,-0.57840611,0.3154619132646055,(0.45975882266590784+0j),(0.23762228676012784+0j),(-0.3813901033848049+0j),1,2,0.6931471805599453,3,0.6644713029989658,1.1458333333333333,0.7324178304287483,0.2575,0.99,0.99,0.9999999735680222,0.0
812,graph_812,100,7.825644732219989,1,-2.547764059062137,0.5058585858585859,3.713572066704308,0.6,-0.60153051,0.3583815123007319,(0.4760817065790365+0j),(0.22424136914836862+0j),(-0.33852213906921275+0j),1,2,0.6931471805599453,3,0.6410797768059117,1.1458206223306897,0.75009957408804,0.2475,0.99,0.9793,0.9925865361600408,0.0634454737697061
813,graph_813,100,8.182559264068665,1,-2.503165215838517,0.7228282828282828,4.204692619390966,0.34,-0.43240313,0.3016143544657794,(0.36041961184509586+0j),(0.12426564764783149+0j),(-0.30621652017382084+0j),1,2,0.6931471805599453,3,0.8205169988982688,1.145,0.6400223855968173,0.2681,0.99,0.988,0.9998724473130088,0.0026682163549711
814,graph_814,100,7.756623334538858,1,-2.5566230837943658,0.4721212121212121,3.688879454113936,0.6,-0.59844597,0.3354019538911366,(0.4739017822380242+0j),(0.23968381440031208+0j),(-0.3692742394987584+0j),1,2,0.6931471805599453,3,0.6390378818901338,1.1383812010443863,0.7462558330602959,0.2305,0.99,0.9899,0.9998693337859242,0.0041321030132511
815,graph_815,100,7.868254265520613,1,-2.542333969572587,0.5278787878787878,3.80666248977032,0.55,-0.57626866,0.3568938061229796,(0.4587006846841586+0j),(0.2030414951233288+0j),(-0.31266081321940786+0j),1,2,0.6931471805599453,3,0.670533616290118,1.1371158392434988,0.736319520988384,0.2584,0.99,0.9698,0.9990317538842745,0.0191901174442701
816,graph_816,100,7.934155233536322,1,-2.5339932984790483,0.5638383838383838,3.871201010907891,0.53,-0.54873549,0.3313513409852988,(0.4394186327080114+0j),(0.19922246729873133+0j),(-0.33792748289929475+0j),1,2,0.6931471805599453,3,0.7003196176999938,1.133867276887872,0.710229622869808,0.2547,0.99,0.9748,0.9958255145582964,0.0447611267154465
817,graph_817,100,7.81762544305337,1,-2.548789329325866,0.5018181818181818,3.8501476017100575,0.53,-0.57205613,0.3200872694192729,(0.4552857106323775+0j),(0.2283591324515389+0j),(-0.4045141058515157+0j),1,2,0.6931471805599453,3,0.6722135007849294,1.1322418136020151,0.7238323603885806,0.2583,0.9899,0.9865,0.9979029009570112,0.0323924654574128
818,graph_818,100,7.805882040228621,1,-2.550292628767288,0.4959595959595959,3.80666248977032,0.54,-0.57519816,0.3208682247938046,(0.45756444518224104+0j),(0.23059758538076935+0j),(-0.3825814154356091+0j),1,2,0.6931471805599453,3,0.6659399725610329,1.1318960050729232,0.7270872073680963,0.2672,0.9899,0.9792,0.9996139526955736,0.0103581517528943
819,graph_819,100,7.922261058353247,1,-2.5354935337396496,0.5571717171717172,3.912023005428146,0.47,-0.54597124,0.3305209480429547,(0.43725226193919936+0j),(0.19714916077781583+0j),(-0.3604065331003192+0j),1,2,0.6931471805599453,3,0.7039683794466404,1.1309385863267671,0.7077591533431344,0.245,0.99,0.9899,1.0000001306760598,0.0
820,graph_820,100,8.235095497258357,1,-2.496765225915908,0.7618181818181818,4.276666119016055,0.29,-0.40856331,0.3033435266188777,(0.34417046437630044+0j),(0.10208317555339838+0j),(-0.27380167439274034+0j),1,2,0.6931471805599453,3,0.8407426488330083,1.130619971604354,0.6337960287739063,0.2732,0.9897,0.9795,0.9960997281679326,0.0428695637429169
821,graph_821,100,7.853993087224244,1,-2.5441481099925483,0.5204040404040404,3.8501476017100575,0.54,-0.56839844,0.334923315833834,(0.4529427210911493+0j),(0.21350587547797278+0j),(-0.3684622299282995+0j),1,2,0.6931471805599453,3,0.6752872055814929,1.130382049727107,0.7236021692056586,0.2515,0.9899,0.9861,0.9981039756364872,0.0288808701172664
822,graph_822,100,7.820439515262181,1,-2.548429429012536,0.5032323232323233,3.737669618283368,0.57,-0.58653214,0.3351654423474706,(0.4656381399439767+0j),(0.22941583821597542+0j),(-0.34245178512010865+0j),1,2,0.6931471805599453,3,0.6564372583393907,1.129210042865891,0.7403652555403294,0.2602,0.9896,0.9799,0.992689248943346,0.061172646168754
823,graph_823,100,7.936660155225426,1,-2.533677634582954,0.5652525252525252,3.912023005428146,0.49,-0.54060677,0.3191987572649548,(0.43357187886985615+0j),(0.20176421902134364+0j),(-0.35347420607078+0j),1,2,0.6931471805599453,3,0.7089231912171365,1.1285878300803671,0.7026443607987196,0.2509,0.99,0.9769,0.9988789813205394,0.0235042322889626
824,graph_824,100,7.8961806086154915,1,-2.5387910106869573,0.5428282828282829,3.828641396489095,0.53,-0.55178772,0.3053088092280822,(0.4414421321597061+0j),(0.2228548966108785+0j),(-0.34768887275653854+0j),1,2,0.6931471805599453,3,0.6961183399534311,1.126694166175604,0.7116676728764877,0.2687,0.99,0.978,0.994140917273818,0.0569833336309859
825,graph_825,100,7.788211557847076,1,-2.5525589342545008,0.4872727272727272,3.80666248977032,0.52,-0.57208916,0.3194267527320507,(0.45526122616802756+0j),(0.2288539533437593+0j),(-0.39748520803924825+0j),1,2,0.6931471805599453,3,0.6693116240725474,1.1262135922330097,0.7213926236789195,0.261,0.9898,0.979,0.9962965448355056,0.0398990769560841
826,graph_826,100,7.830425617820331,1,-2.547153320142081,0.5082828282828283,3.828641396489095,0.55,-0.5683968,0.3196820356926311,(0.4528460793180145+0j),(0.2256205198921032+0j),(-0.36602811087318426+0j),1,2,0.6931471805599453,3,0.6747815683573215,1.1260037059913526,0.7246619164207195,0.2406,0.99,0.9801,0.9930347533135658,0.0610984929393585
827,graph_827,100,7.576609766973037,1,-2.580104346678324,0.3943434343434343,3.610917912644224,0.63,-0.59840947,0.2210100211494774,(0.47270202626577157+0j),(0.32448152335056046+0j),(-0.49369434285345676+0j),1,2,0.6931471805599453,3,0.6605818897361116,1.125478194338179,0.7535861353713551,0.2349,0.99,0.9897,0.9992194859697184,0.0141353992785667
828,graph_828,100,7.821643126239982,1,-2.54827553505765,0.5038383838383839,3.8918202981106265,0.51,-0.56454058,0.3174891713147032,(0.44999034623051976+0j),(0.22378964185214756+0j),(-0.4159544394108991+0j),1,2,0.6931471805599453,3,0.681337607335266,1.1253958201393286,0.712509699531873,0.2399,0.9899,0.9801,0.9994450247148732,0.0161496353602493
829,graph_829,100,7.961370201719511,1,-2.530569065051072,0.5793939393939394,3.912023005428146,0.51,-0.54073303,0.3331256703545311,(0.4339308956009434+0j),(0.19077451666280926+0j),(-0.3303732114065094+0j),1,2,0.6931471805599453,3,0.7098500911171911,1.125208681135225,0.7051079031120288,0.2739,0.99,0.9787,0.993047115916792,0.0619566135594244
830,graph_830,100,7.747164966520335,1,-2.557843220319488,0.4676767676767677,3.713572066704308,0.6,-0.59759866,0.3289717904795808,(0.47326034971245695+0j),(0.24392409752183053+0j),(-0.3667832934405673+0j),1,2,0.6931471805599453,3,0.6404609161116332,1.1248374512353707,0.7473002990052992,0.2553,0.99,0.9896,0.999805669271724,0.0061386923716969
831,graph_831,100,7.727535110475448,1,-2.5603802473993262,0.4585858585858586,3.6375861597263857,0.63,-0.60989114,0.3563281910295104,(0.4817717617046654+0j),(0.2331826290738625+0j),(-0.350104736493754+0j),1,2,0.6931471805599453,3,0.6256090144625645,1.1223162003903708,0.7599267990218965,0.2505,0.99,0.9894,0.9987618597746424,0.0108719347973019
832,graph_832,100,7.938445551164788,1,-2.533452704307854,0.5662626262626262,3.8918202981106265,0.52,-0.54476663,0.3207500719962359,(0.43662530193692334+0j),(0.20434888090478032+0j),(-0.3378460310259237+0j),1,2,0.6931471805599453,3,0.7050168874631791,1.1220897217490062,0.7053157258065654,0.2511,0.9886,0.9765,0.9824355185649964,0.0905692686112837
833,graph_833,100,7.8160138391590275,1,-2.5489955006300598,0.501010101010101,3.8501476017100575,0.5,-0.55177049,0.279830755870323,(0.44085990018997334+0j),(0.24232811321250933+0j),(-0.3974936332615603+0j),1,2,0.6931471805599453,3,0.6954402739675128,1.1176844783715012,0.7088709020534463,0.2493,0.9892,0.9793,0.9886053248300204,0.0741073145886075
834,graph_834,100,7.942717540573791,1,-2.5329147097683653,0.5686868686868687,3.951243718581428,0.49,-0.53959684,0.3394681265750074,(0.4331415415994729+0j),(0.18450778957606695+0j),(-0.3349549271954215+0j),1,2,0.6931471805599453,3,0.7111912988367101,1.117152466367713,0.707992924304028,0.2385,0.99,0.99,0.999895091867915,0.0025464960788806
835,graph_835,100,7.906178840394815,1,-2.537525600525173,0.5482828282828283,3.8918202981106265,0.5,-0.54696873,0.3194952163691631,(0.43789841826675124+0j),(0.20697537797568716+0j),(-0.36240548113419907+0j),1,2,0.6931471805599453,3,0.7009998541541752,1.115049389889599,0.7070743768966463,0.2582,0.99,0.9899,1.0000000735291883,0.0
836,graph_836,100,7.831220214604293,1,-2.5470518497355674,0.5086868686868686,3.8501476017100575,0.53,-0.56220597,0.3109935586784111,(0.44824568420107935+0j),(0.22679266431059544+0j),(-0.3947041192436103+0j),1,2,0.6931471805599453,3,0.6829899087558161,1.1122763726095004,0.7160445025615628,0.2596,0.99,0.9893,0.9994153869015922,0.0130591445213283
837,graph_837,100,7.70210434005105,1,-2.5636766035498924,0.447070707070707,3.688879454113936,0.61,-0.60026638,0.3147425476770862,(0.47525991627718195+0j),(0.25749833206877737+0j),(-0.40698374134807336+0j),1,2,0.6931471805599453,3,0.6331392425357635,1.1115591397849462,0.7474017129388064,0.242,0.99,0.9829,0.9996076234962428,0.0120770737944877
838,graph_838,100,7.7057128238944275,1,-2.56320820703779,0.4486868686868687,3.6635616461296463,0.62,-0.61801283,0.3652011787086344,(0.48748901807483136+0j),(0.23350683951801643+0j),(-0.3628019925634065+0j),1,2,0.6931471805599453,3,0.6130954525475389,1.1107491856677525,0.7676721944912207,0.2811,0.99,0.9898,0.9999795050051908,0.0005488730443913
839,graph_839,100,7.928045600874777,1,-2.5347636371007134,0.5604040404040403,3.8918202981106265,0.52,-0.55486271,0.3485569542167808,(0.44375697700609124+0j),(0.19061599718826508+0j),(-0.33004781615007395+0j),1,2,0.6931471805599453,3,0.6959831087245523,1.109938922820655,0.7206200915839904,0.2564,0.99,0.9899,0.9999999329394796,0.0
840,graph_840,100,7.913886714856082,1,-2.536551157651437,0.5525252525252525,3.912023005428146,0.5,-0.53844312,0.3132992723283685,(0.43225430897869715+0j),(0.2049206084353341+0j),(-0.34045527029238076+0j),1,2,0.6931471805599453,3,0.7094272873503022,1.1096440872560276,0.7067640561890955,0.2374,0.99,0.9898,0.9998397859667596,0.0040323228403279
841,graph_841,100,7.639161171659173,1,-2.5718823831229445,0.4197979797979798,3.6635616461296463,0.62,-0.60116542,0.3107815004603547,(0.476106738928131+0j),(0.26160500253431934+0j),(-0.4368513415764273+0j),1,2,0.6931471805599453,3,0.6295316221222546,1.1095890410958904,0.7406158691321137,0.2428,0.99,0.99,0.9995706457747346,0.0084037006588842
842,graph_842,100,7.976938756959434,1,-2.528615462541318,0.5884848484848485,3.970291913552122,0.45,-0.52173375,0.3112520186841532,(0.4204905514352315+0j),(0.19182320656988602+0j),(-0.35036600613496516+0j),1,2,0.6931471805599453,3,0.7303748128851649,1.1091412742382272,0.687264393701446,0.2376,0.99,0.9801,0.9987741371592402,0.0152053785433218
843,graph_843,100,7.85243908535751,1,-2.5443459909440884,0.5195959595959596,3.871201010907891,0.52,-0.55159022,0.3108651446327106,(0.4408331123217351+0j),(0.21763737401853245+0j),(-0.3936376278349992+0j),1,2,0.6931471805599453,3,0.6952538379024742,1.1090018371096142,0.704521041390755,0.2579,0.9897,0.9801,0.9943659160953224,0.0502513034337679
844,graph_844,100,7.833203948641057,1,-2.546798570837257,0.5096969696969696,3.784189633918261,0.56,-0.5666699,0.2971647979259264,(0.4513582740194822+0j),(0.24159548849516663+0j),(-0.40071960910527915+0j),1,2,0.6931471805599453,3,0.6793369035441362,1.1087891825445606,0.715021800139091,0.2496,0.99,0.99,0.9999800433753372,0.0006307375854787
845,graph_845,100,7.887959336599945,1,-2.5398327237974003,0.5383838383838384,3.912023005428146,0.5,-0.55065872,0.3197307040409156,(0.44036923353924656+0j),(0.20989613602861548+0j),(-0.37395149211689294+0j),1,2,0.6931471805599453,3,0.6971325468424705,1.1079178885630498,0.7088177153250816,0.2608,0.9899,0.9863,0.997340278751215,0.0353476528858096
846,graph_846,100,7.905810312658931,1,-2.5375722142348565,0.5480808080808081,3.871201010907891,0.53,-0.55865112,0.3437169395595301,(0.44630249680448436+0j),(0.19787260502222248+0j),(-0.3408520585197538+0j),1,2,0.6931471805599453,3,0.6889303509415241,1.107770845150312,0.7198673388873159,0.2433,0.99,0.9898,0.999973840041514,0.0008253737581011
847,graph_847,100,7.855932199718614,1,-2.5439012453552188,0.5214141414141414,3.80666248977032,0.56,-0.57803344,0.3356678026790414,(0.4597468133215788+0j),(0.22154640988486846+0j),(-0.3325389710877298+0j),1,2,0.6931471805599453,3,0.6677370553491419,1.1077460687245195,0.7369236068164248,0.2543,0.99,0.9896,0.999929637641845,0.0014974580857439
848,graph_848,100,7.970049304976135,1,-2.529479506884383,0.5844444444444444,3.951243718581428,0.49,-0.52459548,0.3077542339693271,(0.422522584897417+0j),(0.1972524060063505+0j),(-0.3455812825291555+0j),1,2,0.6931471805599453,3,0.7263040040856013,1.107717934480844,0.6899410829007546,0.2738,0.9888,0.9756,0.986281283082938,0.0789984901474351
849,graph_849,100,7.796880342783522,1,-2.551446488349695,0.4915151515151515,3.7612001156935615,0.57,-0.59027988,0.3371426758773463,(0.4682235736647922+0j),(0.2311210610531295+0j),(-0.3584574771380548+0j),1,2,0.6931471805599453,3,0.6495780564025354,1.1072303921568627,0.7428071451124946,0.2669,0.99,0.9789,0.9953792861770632,0.0489732132713992
