Run Index,Point,Objective Value
6,"[-1.5517177501527377, -2.100943096213694, 3.2718675604548433, -2.1781204507819463, 3.41062512701191, -1.173162518973735, -1.273630080298911, -2.4032992802040947, 2.2959867774648957, -1.3073397596157081, 0.43213400190430734, 2.6902087651947095, 0.4092371876700496, 3.1397077947604846, -2.847662862800984, 2.1348513669739813, 0.38699196053746576, 2.849843015964741, -4.088247164475676, 2.1523442148427057, -2.026367411962556, -3.558242634240694, -0.04526621290354127, -1.539063671796808, -3.7712059643940954, 0.5952859642231572, -2.250098296447149, -0.7439305893853991, -1.806911230364673, -0.32241064368823014, 1.5812720699886766, -2.449022945882074, 3.5847454152273937, -3.8142226080507364, 2.5083950086905373, -1.0574552168144338, 1.156545654588011, -2.3263074222768036, 1.0094441354070591, -1.3317126297821447, 4.085647201021212, -0.18594981181629833, 3.247455854761392, -2.874575997408643, -1.9979275037297244, 1.7476295659800787, 0.14576072443951282, -0.9975528342763367, -0.06758205212732608, 2.0530828239939574, 2.75510688657048, 2.2855234951185044, 3.0459603061983116, 0.5680714471031845, -3.3307081373313894, 2.342977498485735, 0.08729044245279582, 2.244063272045925, 1.1856239601308483, -2.5901711633564903, 2.0442007607783688, 1.3574720970245713, -2.582272708553869, -2.04139268014043]",0.6860759493670886
6,"[-1.1172146321224665, -2.443805017911645, 1.6071710718227574, -1.1722922181955382, 2.3946544834729595, -2.020879655302705, -1.9304294875279586, -3.037598656740607, 2.2985767682756517, -1.9129521900260964, 0.14776584004711513, 3.2804653257287395, -0.45860584104984703, 3.0013361812850183, -2.661652642030299, 2.252495871233899, 0.01115055955651384, 2.5003894701701017, -1.1334931512202033, 2.1548485247435316, -0.8182445500418928, -1.5203615582349346, 2.4454736037950147, 0.8677158646561992, -3.121270190936958, 1.0138749464215584, -1.3136737431338172, -2.178398109834345, -1.8307605052525733, -2.5052254933982283, 2.331195213108429, -1.4972256479680175, 2.6079643443148757, -3.367976771860138, 2.1578503288440607, 2.0712337078377825, -1.0965818861117358, -2.4706771126651597, 0.17970877643736394, -3.1515830638838227, 3.438342055256039, 0.7083620940818447, 2.2376011300290597, -1.4270109112622147, -2.6276915796101292, -0.5508912067585001, 0.848417137800608, -0.8785721458802794, 0.10989551924042296, 2.408692447875063, 2.279613424400386, 2.282826103773316, 4.051846671386464, 0.32730925107145403, -1.8500933071962815, 3.0936735798805324, -0.79997944979468, 2.275134928912591, 2.2523666850261326, -0.9001308264846308, 1.3875097374254155, 2.1175867828486132, -2.540705520570482, -1.7681745791347172]",0.7637001315212626
6,"[-2.587660374669281, -2.7344509152247682, 3.2896507082063198, -0.6612351246681507, 3.547167725913517, -2.6985456370413736, 0.20808988304970844, -2.217457553023728, 0.10239702329810019, -1.0813888666375764, 2.0624994070660447, 0.6158011325289081, -0.48863387893794935, 1.5464217171072692, -2.6379568161834293, 2.0814397846961015, 1.1337431209805027, 3.4970031653155678, -2.3519642237336953, 1.520738901188277, 1.0541987810275257, -3.601072796041415, 3.65255036008948, -0.3600305342452853, -3.096113831922742, 3.496145688938673, -0.025878935044620355, -1.042893118008122, -0.9531336173166847, -1.6595644562120155, 1.2162302200762216, -1.7549249154323463, 0.16299527151548882, -2.5996258916312596, 2.0887169509563672, 2.617474750093993, 3.496638127766119, -3.2335385041472, 1.8326660615906172, -2.5280338358974843, 2.3837964656736377, 1.9870573042365454, 3.2427108771731556, -0.9179776155810705, -1.0471211644169731, -0.934836202688683, 0.8840027115685931, -0.2212319148990337, -0.2563219973683961, 0.21005117668946016, 3.2014110913042235, 0.04436393267149508, 3.0475654971321946, 2.3028486568880995, -1.7936773596630038, 2.99686049018294, -0.420759966716465, 1.84634894409797, 2.6482480680618723, -3.0005496901579356, 2.3416622094811723, 1.8374776597562374, -2.5219190253943435, -2.332296949856066]",0.771797153024911
6,"[-2.8998419661998778, -3.029913912116919, 3.251230433197946, -2.068279560804047, 3.3839744256609534, 1.1379908381366415, -1.9096883910438025, -1.4116503046015327, 1.2234506387548136, -1.1435050040748655, 1.450257660162161, 1.4214417981425491, -0.069770026414822, 0.5044781460428971, -0.9786813248684358, 0.6440001667564013, 1.7757406866100014, 3.5406675156836753, -3.8096430142782847, 1.1853819946993027, -1.1617987156516818, -1.9560152153942698, 0.5606441732996208, -1.1633407737014534, -2.6998842145342072, -2.9516235812155682, -3.0500949834364084, -0.15166521546633727, -2.4950429822082407, -3.014400180423158, 0.24130376653542585, -1.4244693593265638, 2.5549694882217775, -3.859973816513361, -0.3368656021521028, -0.24051427318119512, 1.2056436040552323, -2.5353802025682066, 1.9322071349052092, -1.5262796376340433, 3.4201281329801763, -1.135273819224276, 2.1220687193133423, -1.3334351743170274, -1.2639189628307728, 2.166693970223241, 1.5539627909461153, 0.07490406020570939, 0.9214707738424611, 2.3705078274428772, 3.6228141117063566, 2.6023422119597965, 4.6911456641540745, 1.700909231676719, -1.4800673214833937, 3.258664573098024, -0.2464518379995549, 2.2825755623337693, 3.268981513459053, -0.14409951486603578, 3.0424616075324353, 1.2397620373059965, -1.973151615195352, -2.47905176372158]",0.7792485055508113
6,"[-1.3515006395734646, -2.248502057932022, 2.02834097536691, -1.602251625683415, 1.8537643350005117, -2.5946942696034516, -1.923659222297971, -0.7083415604133574, 2.204111933526684, -1.6792417123612184, 1.5093022435414085, 2.531793877974495, 0.6372936928878323, 3.7826311185305572, -1.7450366865659028, 2.207454810015362, -1.251024087393608, 0.657769956936384, -2.1618786586293184, 1.679237309312108, 2.437823804351788, -2.961848493501701, 1.721071519591457, 0.7914255510138903, -2.46523012600345, 0.08960287469826422, 2.267234098753785, -2.5851536848084167, -2.7803096246961347, -2.8073112329935475, 2.947771572918953, -2.267019608257921, 3.127052855188757, -3.632638389833735, 2.41880064162148, 2.3799660319856093, -0.2879943260031168, -3.2152329029573576, 0.2544408414122187, -1.8429948096837332, 3.7406531833706382, 0.39634556895074396, 2.7837050345177854, -1.2109507780262139, -0.06715754981319155, -0.8360621480137447, -0.36540734952488174, 0.21957852374286146, 1.4249339237843455, 2.237435668733752, 2.350490029801372, 0.9442785586647124, 2.1698680207389827, -0.44198061614956763, -0.8655216454778614, 1.0228443627752593, -0.5824114521165592, 1.4921560983859576, 2.8572327892548786, -1.2377919528114536, 2.2742117041270564, 2.8010899352112832, -2.7515855011759194, -0.0367477438834547]",0.7796985815602837
6,"[-0.5971361411543975, -1.5898744814935835, 1.9009190787315453, -2.534187068396769, 3.4879912422509816, -2.185060075210793, -1.1309247808733534, -1.6779540087744724, 2.3610918922225625, -1.4120866326330184, 1.5124095271955287, 3.6310283766296134, -1.1858678882039522, 3.1966405399631346, -2.1909921533176027, 2.2794456734601023, 1.184792468027949, 2.979584837842534, -2.223832777802684, 1.9892429712796362, 0.7409971262045296, -2.06097016532206, 2.874429275739443, 0.36243944067802303, -3.3475393180417425, 1.6283861963737065, -2.7638164694835994, -2.5022644277306263, -2.7220078792423825, -3.3027699096429153, 3.429222114524622, -1.835251941212531, 2.5906699611154655, -1.8918600586468337, 1.2489400415390954, 1.4778702930127086, 0.06968296872677726, -3.144590869394869, 0.13598318017793715, -2.6621253043157327, 1.6690019135666354, -0.44731636086282445, 1.8474933631888788, -0.48549170086784077, -0.9691036627593552, -0.8803765332503068, 1.1301337857059672, -1.6906794114648163, 0.642522793220468, 2.2982838657091613, 3.432492539394081, 2.612736139730194, 3.009632634322738, 0.30333629275827845, -2.098759213176191, 2.496903654971951, -0.6327209088535477, 2.056961206241688, 2.8175246221416774, -1.550583148020333, -0.5496242617325882, 3.403335727063463, -2.7111522083105686, -2.9421003841361557]",0.7853470437017995
6,"[-1.8873374689568008, -2.3179330218745986, 1.3506470944623403, -1.8916697529666375, 3.531798626411776, -2.6783499862261517, -1.473103060521741, -2.239559245141991, 2.891958786521649, -1.2524143530876564, 1.2037288231958816, 2.8449834350052483, 0.13909483817929014, 2.76706782133466, -3.468664449583315, 2.404306507054619, 0.05958239138192606, 2.700777764560821, -2.4090861394471696, 1.6020565489189043, 0.28727433307107786, -1.9502634358875, 1.9809130331500735, 0.06204291666974904, -3.7047379299637058, 3.5072619005600605, -0.3425781887076056, -1.1304370277193363, -2.5190414716344876, -3.001027220446914, 2.3695450730017575, -2.0144890990387427, 1.226674759632283, -2.4115963245229777, 1.8449438570539471, 2.0620336039801934, 0.3513863475691321, -2.657779572445163, 1.4908134718890835, -2.392657833747185, 4.27567508322102, 2.5514944168447484, 3.2494329529000083, -0.7033566980159192, -1.4666393526533903, 0.2829892698231722, 1.3216218399216635, 0.9351361690612761, -1.4804073425235909, 1.5707303987769827, 1.633763241935458, 2.3251726355338467, 3.4855309550598745, 0.7065183514809015, -2.4742614482168666, 3.3370112275245134, -1.4515007894463594, 2.28465002853603, 3.4066172156901544, -2.464149870243446, 1.482663521689739, 2.694454553013851, -1.989324975103984, -2.335612432483736]",0.794973544973545
6,"[-0.27544642291340726, -0.4167353548173858, 2.1187079557379396, -2.0540787391974824, 2.5714826231225723, -2.657604835771809, -2.5174906676739592, -2.045172556556892, 3.6223166216187224, -0.26815361259229875, 1.1576507911048002, 1.8266045933890152, -1.362308965184626, 1.2093736511233244, -2.316585123076117, 2.019709128155125, 1.0347169753781915, 2.0956909131726693, -3.567221961542314, 1.4868835981621085, -0.8824604837970021, -2.035472674410764, 2.944550765842284, 1.2561135891726327, -3.787112013443778, 1.339923634327635, 0.4357900295676047, -0.40516659631552354, -1.7342445248830645, -2.1952346441252923, 2.7965876492349313, -1.030626024276175, 0.3821206714961649, -3.651301059580713, 2.507683630628988, 2.0728391915034665, 1.1661805787078565, -3.010313393568715, 2.438284075227691, -3.4851672457923026, 2.3924155572074826, 0.6297870760043174, 2.8843397063680647, -1.8109155031092112, -2.43504390257988, -0.1491176264588429, 0.36490206168772255, 2.046438408824227, -1.0365544748239293, 2.1973380754112553, 0.15727217307507746, 2.620489011547697, 2.74919757168849, 1.6163096844209042, -2.192798730791409, 3.15682986692949, -1.1375122880673285, 2.0633595328146215, 3.2737588651634497, -1.6810525940972891, 1.9940646789257848, 2.438869844678504, -2.3034796245539404, -0.9338516791544706]",0.7960834397616007
6,"[-1.9552308635176285, -2.235789229250223, -0.04045826173520384, -0.38578734580724644, 3.274448372177019, -0.8877109399509793, -1.3725054971671526, -1.6564768214720993, 2.0778084224935642, -2.5989527321831725, 0.4260829943741104, 3.65707990705271, 1.1646621520474256, 3.297695928290095, -2.567326003898793, 2.0611159831047408, 0.35720117477765145, 2.143043415716532, -2.938165347539396, 1.8318338061825306, -0.5896839421529455, -3.1045599540861017, 2.862115542727659, 1.3662156261426774, -2.957075719232167, 1.413141060894378, -1.546656192835985, -0.22835162396596664, -1.6587207007342104, -0.8608067237224557, 3.29338844488527, -1.7810398554510452, 3.4434457455565997, -1.8537549835574656, 1.7779328016810196, 2.611857437430484, 1.0857293054160257, -1.030192411513351, -0.7837205609624331, -1.862346695105502, 3.8347117692235724, -1.4093633650663804, 3.1281485032154954, -0.7379156021988232, -2.384854323016375, 0.07770966956983727, 1.4681398131888952, -1.7364704910854996, 1.949616963754148, 2.2395712796151197, 1.9836238116900098, 2.5619652522637084, 2.9664588992848815, 1.2982345953981185, -2.2578309945037205, 2.7874002590546776, -1.3427545742917397, 2.251432288297807, 1.7737573206650046, -2.109324679891211, 0.8247444792632335, 3.041804002085918, -2.2724814947299654, -2.3441890558013396]",0.7988013698630136
6,"[-0.07869050815924927, -0.8286028915886354, 0.9890049393503697, -2.582062469786126, 1.7386869997082786, -2.3965569386069268, -0.7930669335474354, -1.5977286462004816, 1.6294135139793064, -0.5393005360714738, 1.2088607428859879, 3.188648681678805, -0.19428352719979947, 2.3883953216020517, -3.5132405873029415, 2.3864681926346174, -0.9967923110556735, 1.5751124333023356, -0.5606445158195631, 2.0600917221116672, -2.0305386334735447, -2.3398841675195934, 3.0349144357342848, 0.2594302353178609, -2.140869797634199, 0.29077363930561606, -1.3491342657944307, -2.3930717396517545, -1.7900420149113254, -2.008386607417735, 3.614571628068327, -1.892883152780516, 2.377738196126181, -2.516042356772611, 1.9790503092955638, 0.9879173338954881, -0.8369341833898316, -3.242055039264521, -0.06696377627587753, -2.327077697871891, 2.9990381101371315, 0.584951342979771, 1.5989539194007345, -2.209083931278274, -0.8216262726052797, -1.2597110854912061, 0.7296543704656203, -0.7457232352089895, 0.8080896707633838, 2.201355217214031, 2.000681620206102, 1.0082913198669223, 2.2705360402158328, 0.46786233909151675, -2.6194755875204616, 3.12982015727728, -1.2781133696662788, 2.2166390300546146, 1.830699765633874, 0.507948238421052, 3.5187641126923337, 3.518446183969935, -1.8522837160919774, -0.49554230077511807]",0.8042259594652867
6,"[-1.814392092479209, -2.997819334407372, 2.967958805249438, -1.9868459027019476, 3.4185091359155892, -2.315276368958413, -0.6353917551015125, -2.4739132289365653, 0.208152401144734, -2.392003215163439, 0.8259697729650803, 3.1626806454175678, -0.6600311118322859, 3.694524532934369, -2.636602738313208, 2.136271289904066, -1.502865317795164, 2.573393778403422, -1.1388750890421895, 1.779198500317532, 0.6867666233160301, -3.2852958911292687, 2.2905242772868095, -0.37313755896731593, -1.0079774172043945, 0.7613113531502143, -2.338594060010602, -1.8832792819045496, -2.6870357373298455, -0.6423832370142353, 0.568957719561503, -1.8624440525046202, 2.661744769811937, -3.6523943657320963, 2.46482893308712, -0.8567344031532769, 0.5676839814507397, -3.119834768077649, -0.7064587037261176, -3.2392463451000255, 3.8060247886450043, -0.46531211486361845, 3.162345714351939, -0.7649892423090338, -0.3589713206031737, 0.43196790523974915, 0.24804261352350876, -0.5380564921739601, -0.20290794835888287, 2.3326036541364683, 4.153517363728645, 1.7824230766058067, 3.337842870129135, -0.09377696743428265, -3.4189532755313605, 1.4643611507088063, 0.2958262615228967, 2.247966478658967, 2.175027663165791, -1.7177604216976206, 1.5841413658616803, 3.218302675025947, -2.4821485210297274, -0.729845659025117]",0.8069948186528497
6,"[-0.9303141722142361, -2.172757758873346, 2.8015449076147583, -2.794472412075527, 1.9771221669870536, -2.6901447907787692, -1.9382800543483345, -1.5520112989119426, 3.4622063766221345, -1.1926341441779342, 2.085218457400266, 3.4668214355660876, -1.249290166631682, 3.7921439342440295, -1.537345948219217, 0.7735102089981525, 1.1931344894377043, 2.2539843905060657, -3.4700880676770103, 1.8526526264476946, 0.44269573579151517, -1.2561653328494469, 3.024658919917851, -0.5333697799248602, -3.0396797271071283, 3.1477710694802323, 0.05694908203745297, -0.5949448324834039, -1.136427195663119, -1.6520285805816763, 2.0487252654003667, 0.35469326564626713, 1.5070938171010178, -2.293692430480067, 1.677087731208498, 2.5255724733320757, 1.1476769177029278, -1.9913718552705384, 0.7309639488900336, -3.3921202633029175, 2.5844987224133567, 2.390701744692878, 2.4723548066956296, -3.1936223069520815, -2.6821329986920093, -0.26406581911149585, 1.8843959771342655, -0.049297518387570904, -1.0711477164125949, 0.4630017988958963, 0.9223604076428799, 1.9701146808568104, 2.1117949022046156, 0.2556998174407832, -0.9001920689897032, 2.1008847331273386, -1.3487402270649222, 2.1920235090211397, 3.410872885071901, -2.933630815344749, 2.6672240268664105, 2.2251336764339564, -1.9148829992143206, -0.9724430298912519]",0.8072186836518047
6,"[-0.6256559703575149, -0.6537633564505441, 2.221199061040111, -0.2396517766952746, 3.555788867201521, -0.9823423221628116, -0.22867544697469255, -0.33482258062372594, 3.2015810107288076, -2.558553125750295, 1.4964652177363817, 1.3225062971650343, -2.2932585578033424, 3.762755270814041, -3.4609992675287646, 0.44050421248414384, -0.08537716877117008, 2.968957213003583, -2.712341753032688, 1.1910516193130178, 2.243713824568321, -2.8491092204140056, 0.4080372738419886, 0.6844363545684216, -3.2198784901150335, 3.17891058267208, 0.9203439682680156, -2.2176580040609317, -1.3385542831124226, -2.244448623281653, 1.7347253236983382, -1.2297598397196292, 1.1266500281504241, -1.6439495901502397, 1.367129059246676, 2.079279446716916, 0.10575492233218639, -1.093296635532752, -1.3520069349597923, -1.9794619304468395, 4.199300737167001, 1.4923766834549421, 3.082008648312239, -1.8860544949210887, -0.7357669677331834, -0.24014574402278227, 2.0366627639886685, -0.036785715760106474, -0.6278762432854371, 0.9017290428762239, -0.5373633964426041, 1.8279774865472787, 2.4083065172920914, 1.3796189758644313, -2.10368370705693, 0.9675063890223465, -2.072680231525407, 1.6607168528827247, 3.3967930954195, -1.8520842676943718, -0.3065643759179093, 2.9973107641617887, -2.7367684157467838, -2.244296470562849]",0.8074798130046749
6,"[-1.8585089872882055, -1.513165703604127, 1.989740633183089, -1.1474203509488035, 2.355993215493475, -1.1130837730607106, -1.5647080076952733, -0.4581291774156351, 3.436733560638469, -1.056046171116151, 0.8285492179209448, 2.4781831737673645, -0.5817735323588153, 3.798322167693667, -1.6522578945921507, 2.358867078248739, -0.18258506554354553, 3.479267230635613, -1.4777718259544248, 1.0953836683654155, -1.3075385545177434, -2.570955255367484, 0.02766190641208599, 2.08252854508159, -3.3486079914919253, 0.4534756096401207, -1.0262804076050154, -0.7189518524552403, -1.4960089393292222, -3.156417769262459, 3.5575579502611157, -2.4187745058521744, 3.602883711696178, -3.669092983938737, 0.4072502828797273, 1.8778675917067011, -1.497760295875373, -3.239706440823, 1.2331638191109067, -2.284088521859238, 4.0866392912790666, 1.4588258035512998, 2.1311642348928697, -1.3472165299886412, -1.0489951453921886, -0.25290553837220503, 1.3595795035659661, -1.239557667406986, -0.7742430965992285, 0.835576790406821, 1.4444423319764448, 1.9972646069879998, 2.444316166245378, -0.8105565601579735, -0.7067300543368318, 2.836852231120103, 0.08297135454553461, 1.844838370740678, 1.6764689299107496, -2.0458918054959554, 1.38685882877252, 3.506717222003085, -2.392860816153706, -2.606649666131769]",0.8124180148666376
6,"[-2.1303999799688924, -2.9799622087941042, 1.3969227206991672, -0.9386232873637619, 3.4223534862630682, -2.1312264044150524, -1.62554409906502, -1.9223680949566229, 3.403278183410028, -1.8634321356657528, 0.7066374891816047, 3.4406736306491448, -1.2528663904504103, 3.46299580338803, -1.269444889111896, 2.2317984730369798, -1.4163168146083545, 2.583094486696196, -0.6681876894111308, 1.4554768336074573, -0.07764269854588574, -2.1113631740123404, 3.3383240302033976, 0.5503387633308466, -3.2360984960903574, 0.47106342414897034, -1.2707803297138471, -1.7526990272814609, -1.9468706162069929, -2.5062977416409327, 0.027388732845408104, -1.975930121893021, 3.5210949873742416, -2.6260559663562204, 2.393013396436791, 2.3014950626874158, -1.682731469461327, -3.1908802494998456, 1.4973259875618234, -2.3390204326971404, 2.824846124694903, -1.3320178602436674, -0.8391894944301719, -1.9347774411607248, -2.580394723539595, -0.36358041226141175, 1.7676312670609327, -1.754337812535883, 1.5295402968794, 1.4463668533408587, 1.0225365988623245, 2.2005653248382067, 3.1267691970174196, 2.222041623294625, -1.5335015268933827, 3.155665273083963, -2.166248993403823, 2.2137946174997416, 3.286511743151247, -0.38598360047306457, 0.7972634842803812, 3.231087775200761, -2.3240984520086316, -2.0016270589217457]",0.8176344086021505
6,"[-0.4595639930685438, -1.6365027566413932, 1.5607482599148004, -2.2008231047818234, 3.095575445278529, -0.8361258591058606, -2.356488457985296, -2.3852795161352245, 3.372148257482257, -2.0485764006042957, 0.41336278468345033, 3.9274855603302923, -1.0823617300803692, 2.920875631598881, -2.0998143520506676, 0.6293895870117274, 0.908261212085193, 3.1701335003930247, -2.340897615850155, 2.0056678668449175, -0.8447909727850977, -1.429284048988449, 2.566023169307966, -0.876274133868136, -3.452939776446632, 0.9659025298820527, -2.351758472519834, -2.1879908905885483, -2.6609021054825064, -3.2019413896501705, 2.9449140346828613, -1.0323442366091085, 3.495344802026987, -3.696956153495794, 1.4146232291592358, 1.7499834861564523, -1.756984616772782, -1.9712111900567164, 0.1388057587300948, -1.4475801248365163, 1.5140209992190885, 0.14591978341224338, 1.2540577320382793, -3.338697378831055, -1.3401334259300688, -1.8916589409894013, 0.6256107835336084, -1.5276992572278414, 0.009594909322257454, 0.30371367219950995, 2.361815979416329, 1.7335547762105703, 4.394273729096836, 2.5388116141785293, -0.4029588889852127, 2.6458554962128678, -1.8883626257471287, 2.266377926047533, 0.7814422159304462, -3.450901120563, 0.6896141710432663, 1.7331435625844893, -2.4132543160541107, -2.4160170126932274]",0.8257034859302814
6,"[-2.6270629095996236, -1.8195945553387718, 1.3055170499839595, -0.12770002647608858, 2.781120680807402, -1.6364645522190893, -1.226468183323087, -2.289640467037345, 1.924694286158231, -1.328367458179164, 2.1154045936655477, 3.5985097047699606, 0.20838222511797055, 1.9075052421519034, -0.9584483732685678, 1.2036353170391332, 0.6671152758403519, 3.0504012848171853, -0.3172642482436715, 2.134106458578686, 0.1511537649642697, -2.3505288824737174, 3.7460717587242236, 0.2790884720458219, -0.230702212877254, -1.1568812150041432, 1.179948286149958, -1.4859781964935772, -2.355136954866656, -1.7097541413117467, 3.4466632868884877, -0.2919599787782776, 2.097295818637327, -2.9322032466651065, 2.470495460985932, 2.639998287044361, -1.1928005782978117, -3.1261632295193227, 2.0024088251691015, -3.379758944840977, 0.29865773810976304, 1.1226677237724854, 1.9358976052122072, -2.9996111078611922, -2.6375293960419675, -0.5639988097394901, 0.6142589331098401, -0.6564865034113438, 2.8839484048914352, 1.9888992007824364, 3.8068424034693056, 1.841952326527994, 4.679760232195963, 2.4969695628448663, -1.688085389910586, 2.3312860060749925, 0.7032936965684271, 1.8910766315840437, 3.4113139921195104, -3.2196398440593166, 0.896275376995872, 3.060100397296633, -2.4381021603740476, -2.3646965740856465]",0.8464264619019493
6,"[0.4997859729776959, -2.598030565223944, 1.7317530405201826, -0.5164969646123965, 3.5237176092505176, -1.4868455522728952, -0.4025036163231961, -2.4893191053732444, 0.948267321107783, -2.6327077270446497, 2.117713858633391, 3.0533365073074625, -0.4357948672407369, 2.6816809268594124, -1.8808604508659919, 1.0374125802798226, 1.557860240713296, 3.2329954648533112, -3.8743821112991315, 1.7367461465135485, 0.7380197391585301, -1.5149683393932356, 1.8677765123199255, 0.15842587306817324, -3.101109550011399, 3.4015418383624585, -1.4914885853140174, -1.706936779914985, -1.9916734240300373, -1.9746271407002358, 3.1016216565756225, -2.2233932058294394, 0.06192713819119, -0.5381032711115403, 1.0161855739716632, 2.0390041116733655, 0.6536559576071356, -2.616347557534603, 0.9556768476669735, -3.188134150456958, 4.050056079249546, 2.3152803165331193, 3.0888342055470432, -1.9955142770462801, -0.3323412095583036, 1.966141086374008, 2.541810297652001, 1.035645926431587, -0.7491985401169718, 1.913335780792094, 0.7492918473058459, 2.120952176942482, 3.0412514293262953, 1.833037660464877, -1.5481288402385265, 2.7123618397831484, -0.8211995050091506, 2.2353419676247968, 3.2399908253209344, -1.880192188801395, 3.2273852677806034, 1.6365578780421388, -2.179213744527136, -0.4915956493952911]",0.8546284224250326
6,"[-0.7258763679110719, 0.16420360779227217, 1.4339793749918635, -2.7977403510491183, 0.42612237709792744, -2.260683681899426, 1.1329971384128985, -1.5634870389483053, -0.0005205261786482285, -2.6694234681099176, -0.1510943854603377, 3.560204236978739, -0.4644162664439718, 3.8096036882141595, -3.513115787482719, 1.6997031254647252, 0.18096330089926804, 3.30317533530467, -1.9034302341660223, 1.047544022658822, 1.6428389271331318, -1.6395313354154726, -1.9208072350422727, -0.9237094710547716, -3.790021495029629, 2.014015921510102, 2.2847133229166543, -2.588174840674449, -1.7035981597774623, -1.607921380303023, 3.242524194457398, -1.095385175407948, 2.646234343013092, -1.5185030690086299, 0.41159067543201977, 1.8940776708835272, 1.5603428169316627, -2.717479943737717, 1.3144035786946477, -2.8564392439328223, 3.4485048094660944, -0.566841063068576, 1.6817230448521325, 2.5283140219291522, -1.2114678483876855, -2.759685591993983, 0.9638466499914564, -0.7093236838439017, -2.7503602687284303, 2.3202406599738237, 0.8925847202872125, 0.7633389948386398, 0.09115107640327214, 1.3679362072021182, -1.8502582725634977, 1.6101760660321753, -2.1435787271323083, 2.0044412952632173, 2.633384918652429, -2.505066574700112, 1.736550070378604, 0.768026003315888, -2.005018818984731, -3.010328005493208]",0.8646525679758308
6,"[-1.2191676439785843, -2.064685827104645, 1.8491584204572256, 0.5020286321406991, 3.198648244065254, -2.6346199848595457, 0.007868961743482394, -2.5088842832102394, 1.7935337818256207, -2.6783900552594067, 0.6706250593199341, 3.0265861107458965, 0.3293961494130649, 2.485238661563231, -2.111949240891789, 0.1761801470444242, -0.6485015379071937, 1.8794382998279777, -0.9336529192426255, 1.145914634828753, -1.5797295212573133, -2.8796606200719816, 1.9176690128666678, 0.6874773822639487, -3.470737734815959, 1.7295414334253323, -1.281583095476604, -1.7613325705801586, -2.557386101355168, -1.273274291807547, 3.6126465486453667, -1.6522440434261567, 2.7491847203564617, -3.720643509868242, 2.5006677408435394, 1.949686104450006, -1.5028658878822556, -1.8340033461252705, -0.6025028126292871, -3.411051535926877, 2.7754040626759897, 0.5140424568400087, 2.039699987108703, -2.371089590792379, -2.5067850202218596, -0.8708397845516189, 2.643045638859433, -1.9994296742725672, -0.8262081577250147, 1.8076158407323886, 1.9554692963530491, 2.296852806449093, 4.672879308222134, -0.9889974383557143, -1.1842998623075558, 2.128169660989376, -0.5293835751408364, 2.2820094943435607, 2.684561953391177, -2.2531146573445215, 0.6154720078233711, 0.3206546496678879, -2.2355223233389294, -3.0300099941218566]",0.8653079308817013
6,"[-0.79514837306159, -2.9219198646018123, 0.9893825146223283, -1.5454498314205247, 2.4830840815773594, -2.1377625032596335, -2.218917375578065, -2.9669049498143742, 3.7734802466183774, 0.33124328381801194, 0.6971804820346827, 2.07059006663265, -0.3431146365803141, 1.7025254404638233, -3.4897520651812672, 1.0733217427349238, -0.9591748610649702, 1.6226839737411214, -0.7384583143044068, 1.7374483721365133, -0.21308183820304916, -0.362449072978938, 3.0062184505044276, 2.167715054602301, -1.9126960420028212, -0.06966963770128154, -0.0023603682823565286, -2.310282947823359, -1.99922035461533, -0.0955678221607208, 2.9217601834865774, -2.225812136019443, 1.049798380907253, -0.6253241321479037, 2.378179181613967, 1.9689635032635449, -1.7437165040227967, -2.558362393769921, -0.8168668391825271, -1.2041412739556148, 1.6823037753696137, 1.8477548833349315, 2.765383499018277, -0.05339527926555099, -2.591013437402095, -1.9883188440214936, 1.4935911649342017, -0.9191363962192696, -0.2512011509430288, 0.29593070136089206, 1.5098918502115395, 1.7408070571957015, 4.404909370924473, -0.019165906673966504, -1.8276061592652997, 3.3559067893062444, 0.16999180563011196, 1.9965679216179293, 1.3282024142603825, -2.311487708335458, 2.5199074560153876, 0.45025149949498156, -2.7400779491803187, -0.9367092335245681]",0.8665458937198067
6,"[-2.4901774214362744, -1.1320018020641638, 1.1679505496262408, -2.4901991887094814, 2.8840132796175633, -2.6885482741945705, -2.023033904661818, -1.773468357557305, 2.7443997542300123, -1.5392529078484465, -0.24364628638045627, 2.274976875692005, -0.14106241895784194, 3.45402618163849, -1.381243691789205, 0.6972679011350098, -0.9054334501634316, 2.845151501666604, -4.05198539424734, 1.991647069988995, -1.8803927183922609, -1.0779676081083722, 2.3942080536423873, -1.0244939393558634, -1.333869236816982, 0.4649541899679478, -1.5683827281492353, -1.7244298413610264, -2.527562505476412, -0.623106900226444, 0.4565845974549849, -2.3376784212871864, 3.61189351480551, -1.8969153156940326, -0.46017678252293437, 2.231273357452185, -1.6304415142239272, -3.001726772950069, 2.5237729994136924, -3.0844649690973394, 2.9060278833063475, 0.22764324419320126, 3.252720998413389, 1.5531854310377988, -0.864952512653262, -0.1598851007240959, 1.2280866494150844, -2.225548752552103, 0.0006428995194819875, 0.9088314314084539, -0.4461457244123599, 2.5938883674032973, 4.866500864462394, 1.6099816713488295, -3.911208517072475, 1.3789764078663822, -0.3170358540984872, 2.078884592773789, 0.30166434573100576, -0.14453352614648307, 2.278598359779516, 2.886103904588608, -2.384739768105147, -0.7718289821161758]",0.8681092220504895
6,"[-1.2500083476673411, -1.1312667821794151, 2.1877680731216875, -2.7222936138364555, 2.7454259573041444, -2.6529677970711125, 0.3208995861210707, -0.7963967102406345, 0.7873698311244802, -1.2950171647579345, 0.8848118368809309, 2.163334207605235, -0.6720030536792699, 2.7271570344927736, -3.2974111900394467, 0.5839488095549226, 0.13526668074717818, 2.9931868662459196, -0.9055245506852412, 1.378224999436942, 1.6010943119423673, -0.6742231956332914, 1.8110588362504543, -0.06661784113489833, -3.0008515043315365, 3.409189852385016, 0.64175315809081, -1.8699671762562957, -1.2262517787253926, -2.9825659614052693, 1.1381660405219591, 0.5822760281470147, 2.0311414554823006, -1.7135067224912863, 1.5919605970740316, 1.2179147092002962, 0.506511133565353, -1.625062819278833, 1.5994757587145554, -3.4537820879903816, 3.707537676251054, 0.8186819548819249, 2.471323831280627, -0.44877596976006917, 0.07007693303555354, -2.0018940065173108, 1.2969846478835971, 0.10400255615090392, -2.0911549741181292, 1.6794757812260566, 0.8706401347857771, 1.9907528299790718, 2.2694936351519166, 1.2365011744433103, -1.1761965334475688, 2.9726927267183187, -2.2130880710054663, 1.5977923513366719, 3.271293091481094, -1.866123748133527, 1.7391075501917792, 0.30503755251388487, -2.7036333717871304, -2.2924973327563336]",0.8692515779981965
6,"[-1.389574377592199, -0.7628720956077462, 2.998891714582414, -1.5129705060929113, 1.909223343110772, -2.140947368214304, -0.32032032806915134, -2.373836465177386, 2.54496551487882, -1.8891429265864819, 1.676111722805849, 2.482881887756915, 0.98314281338666, 0.8717969802496333, -1.6234934142979616, 1.66303093424306, 0.179713014875805, 3.18561395236632, -1.453281812459928, 1.0599984677458454, -0.44853692440304077, -3.569101857649612, 0.12773652747645214, 0.6244468186064791, -3.6900410062125313, 1.5865671523295597, 0.8489386669423842, -2.5348809818479077, -2.262211010594264, -1.8381477118398772, 2.705956262316807, -1.9050418056210026, 3.5416004250605795, -3.7500451777256854, 2.0050338716675076, 2.080711229798414, -1.3283105401677364, -2.514945732495995, 0.6199138613862436, -3.4408664160285425, -0.06341637715797965, 2.1221968595469507, 2.6932363782656683, -0.6808973476120977, -1.86959506383997, -0.43995038091886, 0.10014370284945873, -1.4337103128298392, -0.032776806423986615, 1.1527629207724792, 1.021930933004662, 2.0973744529199077, 4.767572940687658, -0.8227153603001567, -2.7166223868739117, 2.8247510356940233, -0.015017750828884457, 2.196699845596705, 3.089906861118829, -0.8056470701969656, 0.9894213910573305, 3.5387252028480245, -2.7463518454505356, -2.2394580925066743]",0.8706401766004415
6,"[0.4350265381458136, -1.3790589207671367, 2.0250794018682274, -2.096183226542162, 3.3977167506267336, -2.710300328196213, 0.617682997440742, -3.187152916546951, 0.32829455341074554, -0.5503046678229523, 1.9934193854525581, 0.9365301478400787, -1.2603223930176948, 3.2583319502547416, -3.20255707565282, -0.44053838647338495, 1.048359995755633, 3.361475185908346, -1.5443990001181103, 0.5704666979286852, -3.1661115181916952, -3.2565520583830967, -1.7438153231185054, -0.7760499283670275, -3.4732267358591056, -2.24662821804131, -2.360217632354196, 2.985573818818331, -1.5118513313470991, -0.9729811460167263, 1.8100257596750926, -2.0070034860527506, 3.220696214965083, -3.3069593185781043, 2.361190452312902, 0.1709006117752948, -0.15399122209486182, -2.715820521229429, -1.0310379098712565, -3.429821621188787, 3.810624867308388, -1.4411710210634605, 1.090415157801801, -1.6589809601026488, -1.9399535657373732, 2.5860535942353486, 0.1770819728358672, -1.8467955477769846, -1.5735648387375147, 2.2600343807585466, 3.3259288074831583, 2.4679899416100297, 4.589189327683164, 2.6056923686693088, -3.9413788407480514, 2.3741711552912186, 1.17663740976709, 2.086391286489013, 3.377384562061019, -3.0883598508347787, 2.919134503406192, 1.0454945445947268, -2.673506287474742, 1.8171416597052206]",0.8723549488054607
6,"[-2.4330561011441167, -1.5477293934778182, 0.7192405610025182, -2.0358334385542576, 3.390630472644378, -2.025113990445984, 0.32627522737669945, -1.3034965984752735, -0.6045247916008863, -2.221399514538041, 0.46564856425960355, 2.1872988580748483, -0.9305727766797655, 3.4323615338161417, -3.460166342109702, 0.24822129944674917, -0.5762250774023783, 2.7423164389626753, -3.0536597094352897, 2.155132876088345, 0.3454060660427114, -1.834463206596233, 3.326425084176215, -1.6963249613069942, -2.1831391921226775, 3.3783406700876117, 2.737561015916044, -2.600406983562257, -1.5478413362407926, -2.427041959320452, 1.8416809739949493, -0.35274084132855804, 1.8407484401095897, -2.1738643393346417, 1.9226402217068215, 2.6584738145917575, -0.5686972667450769, -0.09043600829020715, 0.8071372459871211, -3.2999379520595946, 3.5667596555940433, 2.5865676455763307, 1.0578918205558834, 0.14378056541877884, -0.9570715455229092, -1.1147476043450513, 0.8206309601484791, 0.3517564941182894, -2.05711154639937, 2.0720724475257994, -1.5311465101297743, 2.613822913800234, 4.545145574011755, 2.2615058779364032, -1.8808255495692983, 3.3400474717248483, -0.6176081730413991, 2.2360523089553768, 1.9124212772283693, -3.1476073209101663, 1.3768746265411118, 0.8680009969661923, -1.8932053476885797, -2.49072091530616]",0.8763944667559126
6,"[-2.503267685059841, -2.9801109720601935, 1.6762491482443522, -0.16082275863855272, 2.4830875735590765, -0.33196965258348055, -0.9902383920274064, -3.2682546535346595, 2.4643876051541747, -2.6775909110874885, -0.029805900017247894, 0.8055925770952803, -1.4939560427176843, 3.2483460167622975, -2.6113900849668505, 1.0042503512810321, -0.6246089843058353, 3.097377902414018, -0.7971595176547076, 1.598141050460042, -0.44984310719589854, -0.9667414479300609, 2.0368890291175172, 1.9187780530109526, -3.1070295475171714, 3.175409344569863, -1.291382888327472, -2.196394719243939, -2.0212858488572047, -3.296609090976205, 1.4761419486956298, -2.475957027204323, 2.2347247028605395, -3.7036695105257484, 2.327390243220965, 2.0268734419928087, -0.7918254024149012, -2.9748760210135448, -0.251673394387499, -3.407766791648857, 3.624040785237657, 1.1604189931796443, 0.7181958907888877, -1.5394986235148944, -2.1743094627948873, -0.6468758479784245, 1.2552854471864354, -1.7856182053479064, 0.45941384450907913, 1.3041891651808368, 0.9036122503550721, 1.9007060243321225, 4.570199491745646, -1.8050584672879777, -0.7604800210800381, 1.601208380251265, 0.823360076499453, 2.2130207537411093, 2.1416763399145013, -2.495560240073013, 2.9894205919287016, 1.0473466994296325, -2.51131899590961, -2.998782790576719]",0.8767303889255109
6,"[-2.498338779561122, -1.756717618534961, 2.2967222891118824, -0.4592486976769289, 0.39176286396013493, -1.197215662069234, -0.9151928486643908, -2.760216860209245, 1.8883333966490348, -0.9771107988042955, 1.6978239105371395, 1.8285317222323065, 0.9240681232561789, 2.964903092319312, -0.9480694691300655, 1.706947182674163, 0.6969558469936712, 2.846300751728715, -0.9958630242032055, 1.5716153732401712, -1.580374846748429, -1.6046421805508668, 3.002407241315703, 1.5719657533695621, -3.808208540862286, 0.8955986188721035, -0.39416071941245157, -2.5071469565084294, -2.5989468335009653, -2.643334009737476, 1.710050460582873, -2.3219975354785722, 3.3380529816634548, -3.5353710434175722, 1.1318000344546006, 0.8131541791087749, -1.5266783559628825, -3.1582816919473298, -1.4650143714533965, -1.776447739159074, 3.627005657379913, 1.7140885939713857, 2.6262480034282003, -0.7164354384561287, -0.902769747335145, 0.1641270554745664, 2.788453308592696, -0.4332578562549627, 0.4553112870173986, 2.1160377207605374, 2.5898415001955066, 2.611417389723933, 3.4898472061656185, 1.6783315270485848, -0.9546929405527511, 2.689894588253795, -1.3450145832036726, 2.2397227316281683, 2.562409999016774, -3.306271551691368, 2.2120634174651794, 1.2900189106637434, -2.758150155990238, -3.0006091812611686]",0.8769395398608881
6,"[-1.0963974908796439, -2.9929672809198227, 0.9958850612264322, -0.644297951842357, 3.129885739703837, -2.2656352632451284, -1.8475044133131748, -2.0072991599454744, 2.7472938929602444, -2.475606213817313, 2.0369857746133655, 3.17139005646724, -2.0536448907232354, 1.4997840473294173, -3.4760265307252274, 1.5816657558572156, 1.19498219381296, 2.0054206892160966, -1.3709162079869146, 1.7382165071865598, -0.08494395232717655, -1.9470914168874456, 3.944138928564974, 1.76702652319481, -1.7458745528993127, -0.3514738578021841, -0.7293599799526918, -0.7403877085688815, -1.1900523649284511, -0.3421458907245605, 0.08650356437678264, -1.0033526073751515, 1.4461196635529157, -3.2691535644663348, 0.38728600016155057, 0.8399845179675332, -0.6032438756517724, -2.566793193353436, 0.13763485134369347, -0.6387234447204371, 4.2187717081626275, 0.6880840329609406, 2.984756455602696, -2.6434161066552075, -2.7130316803975942, 0.13190588979515255, 1.0809200892228281, -0.8193271623081548, 0.8381777206676368, 0.3993658699086369, 3.10603082570879, 2.593829145044537, 2.9398617097289987, 2.5793651387131873, -3.107513760480942, 2.276539451034464, -0.40114160744663024, 2.2620424851767122, 0.27848562393621856, -2.172037913563175, 3.004944852965334, 1.9731886340661453, -2.1589056012309302, -1.782861410706446]",0.8793796668581275
6,"[-1.8315608600578162, -0.942799709030409, 2.2525679103538696, -2.8144795137598746, 3.5526916414548313, -1.6933618228998824, 0.7586620096896768, -3.0825147437889244, 1.840970782341166, -1.6925292589137313, 2.1452327482787923, 3.5075450012623337, -1.2393824541617042, 3.708153072894165, -2.0480126781391355, 2.3691015630656587, 0.12772296029127178, 2.6553007993115822, -2.84226914631142, 2.010161014499802, 0.6079045648025702, -1.4803523938167964, 2.3852851898967207, -1.5277519311414276, -2.8787785111212805, 1.2462930418972031, -1.0067628021608406, -0.5012671623506662, -2.281204941620005, -3.160168577667695, 1.9710672770495505, -0.9810529994664097, 2.4334192729622672, -1.7577309783032193, 0.7023846176240396, 0.5224154776923371, -0.8254446324489868, -2.3746942984137203, 0.4487616974235329, -3.498058615339314, 4.001574832152324, 2.556017961294886, 3.190677053536319, -1.6237774762619779, -0.7454961323920544, -1.997518883164536, 0.15930046863530145, -1.9346296658709412, 3.154019771890612, 1.2046546779358454, 4.18943250102533, 1.9542832512128228, 4.850892983510158, 1.8102270626622885, -3.3030637412605253, 1.4476528325884621, 0.16122163523254163, 2.048309029161387, 3.060245426249585, -1.51034151691126, 2.784862569166692, 2.239782496424005, -2.317403465648315, 0.0010191060186752754]",0.8798235942668137
6,"[-0.574018067856259, -2.4520968085035535, 1.0964578024948017, -2.8118765005985233, 2.000017890841726, -2.6694572468114743, 1.710337868243152, -1.2796139668520934, 1.1344287655528102, -1.4231847191373668, 0.5454034783286626, 2.486621589861655, -1.6382973428488108, 3.5639347835045956, -3.507845517251229, -0.05560148911045104, -0.459989371078826, 1.7906372548518292, -0.6180991159592971, 0.3682611769058387, 1.1910552954056592, -0.23232996135116035, 1.7533487274221842, -0.7008778173946951, -3.143619617451879, 2.5466082517037463, 2.6438220061417788, -1.761885306906596, -0.5329746841798476, -2.1898184420247966, 1.8512820814431252, -2.0704240798707683, 3.1570167007495815, -3.2955387459402625, 1.6887864081194088, 2.2324111299747664, 0.21361815575475568, -2.1422496719598816, 0.9556536907170714, -3.1090587913934273, 2.592651341488456, 0.21881522292160294, 2.0945541030115415, -1.4155025085497077, -0.424626356713946, -0.6792061100898097, 1.3968757821385196, 0.2397280194350483, 1.181761738781268, 2.194583132527308, -0.8810643772830942, 1.5407113112469615, 0.7722118511311862, 0.902978212950678, -1.6542287499006663, 3.2907019734544702, -1.0333092218576634, 1.8824244712053098, 2.0844507314367924, -2.6055246430815737, 2.363870479794321, -2.0093739017764496, -2.575916390430274, -2.4066833682494324]",0.8804086538461539
6,"[-0.320288058089365, -1.0599340637172057, 1.1178630855588902, -1.9754572758532134, 3.1537424418524904, -2.0054792715689422, 0.29466992083940036, -2.7327431637295447, 3.0582740578581546, 0.5337492713358492, 1.9918465690375942, 2.092176160715536, -1.8792341506403805, 3.2150705020009798, -3.321111437433359, 0.3463915752454083, 0.5429776484635774, 0.6514342862064368, -3.188253914948525, 1.8091112918060694, 1.550002856459456, -2.9740443568772745, 1.323370405691815, -0.7421413948283744, -3.768939694114378, 2.1140044324244167, -3.198399343706492, -1.3894767241825887, -2.7724639340869617, -2.544411085729032, 2.5012056260917825, 0.5070416497523327, -0.1902327062619773, -2.7376254204553603, 0.4748467790405806, 0.8772046173856674, 0.3445181218011604, -2.7362098328801645, 0.9470612494793079, -3.2718667098220404, 3.117350189873223, 2.2404278076192483, 2.9230241528908074, 0.3887668852045061, -0.29022690639213433, 1.1248529304804635, 1.616283678965593, -1.50155874323397, -0.33174334925684046, 1.3790360060679816, 1.3348713304583775, 2.3163606418200082, 1.6742572137417717, 1.6157290486753029, -3.299263782865294, 3.3519159972370414, -0.470973238030278, 2.2150856282551765, 2.9791838751659707, -2.313594312634923, 1.0772284004352217, 1.156724222787719, -2.0536274030826966, -2.574470590286636]",0.8809073724007561
6,"[-3.2416050346524816, -2.622890999570317, 0.49839173883458177, -1.2831299079440512, 2.9138285247547477, -2.156827550464941, -1.174354514389518, -3.310277238232533, 3.036677480072087, -0.5373961426357415, 1.2579824689324584, 2.3389716405445293, 0.3651317659304946, 2.0057475350098013, -1.0571510832220197, 1.8678640128077921, -0.8060485537279414, 2.432523988193854, -2.828666933491967, 0.3775548604432226, -0.20122506926791667, -1.7646619357171798, 3.482142377387927, -1.5507572345107057, -3.1994530253139866, 3.5049540873432994, 1.02945950378362, 0.6184675027130471, -2.549770237614417, -1.7865507184023393, 1.5297785647559514, -0.5898575251444536, 0.9329076155156046, -2.719551089100267, 1.2375595556421146, 2.5686715282853423, 2.0482051509411163, -3.0385248372887697, 0.12561788014834452, -2.4503066591549527, 4.220673656846948, 1.4912077313673073, 2.8975990106619385, -1.027676658229256, -0.8630373712040926, 0.9671094000600806, 1.0286293231623644, 0.15594879137598805, -0.4577514836506742, 1.0966559839754, 2.9447968083485963, 1.0021401956161897, 3.933095480460608, 0.7563971286279716, -2.9085551720007152, 2.4318919799074727, -1.2193867503887643, 2.2550117567982526, 1.5996862304667827, -3.453958692804904, 1.1067275793711833, 1.6428180649627162, -2.4272882451927007, -2.5225614829416583]",0.8809234507897934
6,"[-0.8999335531421992, -0.05325014894400937, 3.2549840771359895, -0.9437700716708769, 2.57327449514365, -2.2441124163904282, -2.1420534252562566, -2.0181145663249147, 2.5777456849897273, -1.3425411724207292, 1.9984990330405554, 3.9280765656685412, -0.7009531810468703, 1.071517246746916, -3.2598562529302773, 0.6635829941319364, -0.9136728668820261, 2.276944365245971, -0.3579892453235318, 1.502679864913668, 0.3972917113803646, 2.3678536537604433, 3.166379065896246, 2.372917276488334, -2.8169543876464807, 0.6120007817208734, -1.8587186242306493, -1.8657175074388483, -0.7281760251487195, -3.2583483713618517, 3.6147819955408496, 0.23584209368441278, 3.008645766959146, -3.231338303931688, -0.0112164072421852, 1.8427757012604977, -1.6752718437952137, -3.044679262230273, 2.3064962589847395, -3.3880389682328316, 2.671912427857185, 0.26729492389817494, 2.01473012768916, -2.012030126611147, -2.539245369822243, -1.5347525967385378, 3.7409074387681738, -0.9810585427460701, 0.6454028448756975, 2.392485617610409, 1.7899267883820738, 2.4223190260854874, 2.0483747266192243, 1.2448993244023965, -3.683272801064117, 2.4314829783497793, -0.6977115709438367, 2.052405536526856, 2.0909921179763944, -1.652948638803696, 0.817156488145234, 2.3868101572312637, -2.6878879297366094, -2.9043003711855206]",0.8835390946502057
6,"[-0.035846078686464944, -0.5927734220080529, 1.7909778073672151, -1.0751217597456164, 3.5357217103640686, -2.253606979520809, 1.7132406011988766, -3.144860885631234, 3.10139120731268, -0.9107946237863072, 1.8017420637871908, 3.7185538971190475, -1.513238442886343, 1.577243620505984, -1.405886156884181, 1.5696889580275961, 2.219968438974491, 3.530081637740519, -2.3135896812534753, 1.7613009334781236, 0.1052759669837175, -3.6037044837451777, 1.6655481311725506, -0.9285480634579897, -3.8175849634689563, 2.01779562262945, -0.036520437983922904, -0.2081205029390445, -2.7234243075124436, -3.081378085212167, 3.613583447299644, -2.4947313570099503, 3.322208775123343, -3.5925190701676897, 2.5171115847672447, 2.6546483911044985, -0.3581135278828178, -3.07081962326367, -1.734637524702553, -2.7158626536950905, 2.3205957975997187, 1.6382569751682716, 2.2194097894911997, -3.2782070187060732, -0.9424908257353611, -1.5750525544765388, 0.5922093160623074, -1.7515247630530673, 0.8008075289015593, 1.0890914720847205, 1.3246721063692277, 2.620895996341093, 3.8444177815286347, -0.9511705738460423, -3.9119875060438547, 3.0278591158071624, -0.1519581099119528, 2.2734957265843123, 3.4133098471173193, -0.7617483147541488, -0.11250142676739405, 2.4794902697534495, -2.689763273234032, -0.6767639833094852]",0.8839541547277937
6,"[-3.2918438316654264, -2.979357691156833, 2.1255599512363466, -1.4228129652005816, 3.5066664504369065, 1.784245731705629, -0.040509596939464654, -1.8792686209567881, 3.2007967079642423, -0.9413555919143932, 0.20530621362734758, 3.380694026841109, -0.4254147964607097, 3.7744767149044924, -3.314135394290603, 2.192186425500694, -1.9602377751397535, 3.2235769080542473, -2.13203667634952, 1.955910248839598, -1.771385627310408, -3.4492106285798365, 1.2722765494709694, 1.0749614682538997, -3.3093271293708346, -0.877629935155033, -1.2078718487389957, -1.7462919490458804, -1.9258930492205344, -3.333862258327934, 2.9529480320020056, -1.7782553261182648, 1.5734348369019424, -3.78571605250837, 2.2843058270894407, 2.6643730190743433, -1.108739615971917, -1.0533566813759454, -1.7990153709883967, -0.5426564103229741, 2.252281644087381, 1.0585159271934717, 1.472359357025675, -2.5659525507462293, -2.7167870089702033, -0.4469748873328915, 0.35700651001397954, -2.0761875679357877, 0.20981582214104005, 1.3338625236443507, 1.2250201436288382, 1.8041288629089645, 4.868932522365645, 0.4298727464580687, -3.3230374005663563, 2.0542408359346624, 0.9646316339824528, 2.189211619587832, 1.604077243367041, -1.770234581427659, 1.3581822105160284, 1.447251422215236, -2.1819872704831536, -2.392110561466147]",0.8839876488751655
6,"[-2.013762440977415, -2.881096756754792, 3.320974723881055, -2.6661756037259265, 1.9335176015360624, -2.1148298074107883, -0.47463920765464007, 0.3503798210479595, 1.5774736441309445, -2.5061341196629234, 0.294068085140043, 2.0563983839290656, -2.0385224912007547, 3.800073406415728, -3.1849937129296197, -1.7849070559056852, -0.4520393487247658, 2.552875830822879, -0.603172523273923, 0.32901378775733825, 1.0553749794854155, -1.4449288528845377, 1.0384040350044086, -0.5460457994718697, -3.1140391233515934, 3.2679073402195042, 1.517653798579152, -0.7074902707888064, -2.778833006165624, -2.9628318240349754, 2.7266844042866314, -1.1257970516698592, 3.5475072298743555, -1.0641577617392444, 0.9153811887406172, 2.5765108422794993, 0.3359850961653509, -1.3918505910306962, -0.0387086852934051, -3.47147603503538, 1.6156093212845455, -0.8192504529428498, 2.343883448026217, 0.8191611084951459, -0.45485069884217055, -0.9738805292467045, -0.4310212774382798, -0.3293315262343063, -1.601197657758549, 1.563454792824681, 0.04660046666822535, 2.602514825710446, 2.0947863423822612, -1.1062341638451179, -3.078242159035166, 1.7880358627473742, -1.5646044999476572, 2.278051125095188, 2.8320889009996564, -1.9775677600763246, 2.428316396821875, -0.07494620630627219, -1.0631763254497315, -3.032068205156453]",0.8857486470234516
6,"[-2.514254617896555, -2.9407144373583285, 1.6824121082605856, -1.7659810631916129, 3.3249176847728887, -1.9289801969881823, 0.5825378826718178, -1.0516511560625967, 0.856080348266617, -0.5533358054034871, 0.3016721427500609, 2.64790158655599, -0.20448161505257517, 2.945208812524731, -0.20186267867521313, 0.24422226706222755, 0.5559374379430497, 1.720418812578246, -2.6598299346356256, 1.2865836489873157, 0.8427539886447798, -2.073533097113539, 1.495488592606562, -0.4467524411646768, -1.0825424557088754, 1.6832281539352527, 2.591109546145999, -2.5492992605257805, -2.300734415123431, -2.097223361106186, 1.6334735445884256, 0.9739417541011783, 1.9270067530342168, -1.1115984934693022, 1.4153391486881113, 1.4913214682955964, -0.20957793430783567, -1.1833804778888577, 0.9831030788055797, -3.373584322260642, 3.027758222385449, 2.452612001180215, 1.6340685187331827, 0.30554849724384553, 0.9796239354902652, -2.6136105859295395, 0.8458300794785683, 1.1737487595456777, -2.5027162562966176, 0.37797164589262566, 0.7980901360731261, 1.8889605726389236, 3.0363353537368925, 1.6020646098680063, -1.8555890266587722, 3.3097503641466623, 0.3254060979525599, 1.718764187789858, 1.3235255457740371, -3.278042285356551, 1.0661228328874097, -1.3751591681561854, -2.695334792825667, -3.033690936980553]",0.8868995633187773
6,"[-1.8040706582675141, -1.974319359557829, 0.9755108986286841, -0.5389627485578085, 3.431317705612682, -2.7253823560936787, -2.113849750649069, -2.630013332852119, 2.8648789943172814, -2.6116580476839633, 0.8478845181919585, 3.261664782558625, 1.7178847931883856, 3.7742355382953585, -1.2456069002572276, 1.6610616290208307, -0.11249694454868148, 1.8375225351508668, -2.4373965988048183, 1.12680800065228, -1.9523700702214208, -2.3869953251198455, 3.031914484936852, 0.6107363567887296, -2.177261107785287, 1.6863953636914621, -1.540736119162273, -2.6033850996713923, -2.695280979866222, -2.6322888250510244, 2.0221110626274053, -1.7600910999124018, 3.5754478619653667, -3.8146295102428622, 2.2621996105416975, 2.1903050889631412, -1.1077110174498421, -3.0713335794297825, 0.07022915170540228, -3.3894924072729262, 3.849417215913923, 2.6516838127945856, 1.8667175422536986, -3.041456331017324, -1.6629881869184384, -0.8166205828844127, 1.4252989565105108, -1.897522513121828, 1.2668639312227543, 2.0555255131992114, 2.4032728128988037, 1.766060821327522, 3.0914751473432123, -0.19941774694919787, 0.8297712203020846, 2.1882481032759205, 0.4732023582961012, 2.285319412695894, 2.10665555622954, -2.248135975592153, 2.1275336357558206, 0.5538887647636703, -2.291089278565575, -2.331062073144031]",0.8896265560165975
6,"[-0.37977540868116866, -3.026194288582898, 0.5732043143942528, -0.28528118619949294, 3.141426830960541, -2.2115178762038354, -2.0812092013319536, -3.019799870944402, -0.12801081611037546, -1.036721589672669, -0.6006583312718026, 2.3112196947455796, -2.2526158051929124, 1.823288708075927, -2.097329163319845, 2.0381603434407305, 0.643157170735738, 3.4364337115213432, -2.4053054388761, 0.7150045639041189, 0.323234402004812, -3.329234401931712, 3.452734194063467, -0.319418214659172, -3.817495268008766, -0.24716702524401457, -2.529339373608343, -1.9477414505413138, -2.172288095493043, -0.07962614389926159, 1.4784618511649013, -2.112379418039753, 0.6681745699873027, -3.0278944221302178, 1.8806692658291477, 1.4831994222553107, -1.251756266845266, -0.20471915333685153, -0.23313600501986503, -1.2553764640255456, 3.1754901572436496, -0.8975602029633928, 1.8412123784703358, -2.762099798097319, -1.5944461796825822, 0.2944329588760034, 2.0193407917994732, -1.8564904057036058, -0.026361116984250726, 2.3943012991419854, 1.296677766718299, 2.557266718128415, 4.283516768180765, 2.0963630362266317, 0.6754269479028996, 1.7815051288159574, -2.2273144323096177, 2.2844337903549414, 2.8705951923381763, -0.9128349024614381, 0.6176489534387973, 2.312294832856548, -2.7575416989572443, -2.3551047187970866]",0.8900287238407879
6,"[0.7457866796347776, -2.030399860958346, 1.0991214168847596, -1.8194781257118993, 1.3929538574743108, -2.772930898302059, -1.818709394033091, -2.651673521426723, 3.9579044533394274, -1.5047411895801792, 1.1926817483285235, 2.46912010520746, -0.04992957523091357, 3.0050878017961526, -2.869184780054567, 1.9923693001487894, 1.2526133179673227, 1.143149509544314, -1.1201324702150033, 2.1022783710915527, -1.6266065605295599, -1.7482959666478248, 1.5220850344504195, -1.3675312334281116, -3.232434598998798, 1.203718556514391, -1.0658336757757905, -0.16207325908208015, -1.7942012064400208, -3.2244571604577072, 3.006052415252194, -0.777289264702673, 2.504650468393925, -3.732409694371644, 1.6468555771680013, 1.919906462887574, -1.7251311183448876, -3.209064947206959, -2.615439173193593, -1.554426224716408, 2.1124353463147822, -0.47009542827865247, 3.158156171741051, -1.4910397759956973, -2.3923560708019864, -1.2403861723847396, 0.7001939822668133, -0.9872256840463278, 1.1887840267071987, -0.2715169132594608, 3.411022559556975, 2.117974367905232, 4.659523822473635, -0.7604638774219128, -2.2053321427388553, 0.9639428282395694, 1.7561398681811111, 2.119009759753717, 3.3634673577509435, -2.352235431518039, 0.9950614207349997, 2.8404743900220972, -2.758742806776791, -2.0552588629687083]",0.8914405010438413
6,"[-3.354864463857001, -2.532643263406214, 1.8065278819684667, -2.4625258742905176, 2.1859574963367816, -2.040834253899675, -1.973323474783022, -2.46469822959175, 3.031112233526015, 0.11894929511038743, 2.130911642500358, 3.947874355143125, -0.864733824165721, 3.737247115421959, -2.4072535622674427, 2.3928444665102266, -2.999331175937751, 2.0459932232131095, -1.0515907282926906, 2.144517561693146, 1.0946045647650404, -2.348977702395929, 3.678333511213525, -0.06711142325917335, -2.2245402836254726, 1.5881740523268693, -1.2115409235865533, -0.6093140981171385, -2.7871495215822435, -0.3898147392521665, 2.4951344527328936, -1.4663725689265463, 1.2947830987346434, -3.8033102424594563, -0.8785352691302213, 2.5605972946820454, -0.9097779191517343, -3.2273171636256364, -0.7227148632269326, -2.3777807691442674, 4.082649121058514, 0.07221465483956746, 2.47280893318591, -2.151770874844464, -1.907342918666071, -1.8406712563020613, 1.986684587115231, -0.07422412652631316, -0.07368053896252691, 0.9787344236687963, 0.07523736831978844, 2.1071799288266617, 4.7906770865607875, -0.44720630861973, -2.1977710318993906, 2.4611325091605165, -1.9968998433693135, 1.9392677837310126, 1.9869086923881587, -1.959082471285567, 3.252985714861445, 2.025022774685016, -2.4634946271811713, -1.97728085677321]",0.8920505871725384
6,"[-0.08188256831533036, -0.9606484547579633, 2.291371567476149, -0.9162248533618843, 1.809093758956553, -2.7510022028924492, -1.8077563930562102, -2.4822464149990937, 1.7752614299872838, -2.0972603609088387, 2.145060816162933, 3.428292729015521, 0.3137945299643327, 3.0916544792867486, -1.3185309918802348, 1.9113721976355125, 1.0839162997307672, 0.8370655904123767, 0.8146160742591958, 1.5933218017035027, -0.2559779838115225, -2.33081694763501, 1.9285573087921914, 0.19797240848912911, -1.6651214575669977, 0.7164285894004887, -2.161886409924233, -1.5095796232024945, -1.8596898837672835, -1.3540237578330336, 1.5321336544459816, -1.4190252737029199, 2.8529588646744033, -3.768480306328338, 1.4604861469116468, 1.8231802068585934, -1.3179198280398232, -3.21558320355907, 1.3007544486623739, -3.4914470887499034, 3.9865235131489185, 2.087407933123801, 2.2279640202796123, -1.3516353881950163, -2.348490456230512, 0.5184950616589648, 2.2927987637554876, -1.1992481979235008, -0.3498693217292327, 2.4104361801003287, 1.3411434695721347, 1.19616877887512, 4.193413664009916, -0.8153550086609878, -1.2420827832705725, 2.5596751440050927, 1.013774183605071, 2.2664047954646245, 1.7478972834081525, -3.1081179825093814, 2.799376060297722, 2.0491769191238265, -1.9548994037081542, -1.9069568028943995]",0.8955555555555555
6,"[-1.4232728392820675, -0.7163624496264394, 1.1157830397002741, 0.5751098759097831, 2.9497934276387365, -1.5222994413784825, -0.38276253260361726, -3.2848946431558383, 3.872858945297311, -2.1149393448269125, -0.3724079514443975, 1.220538122864629, -0.883654000123121, 2.6890361405015577, -3.508886457330493, 2.169267394341764, 0.4798530019302386, 0.8170458887158825, -1.2931134575476855, 1.704242462248605, -2.041048456427622, -2.6565533477319017, 2.440459082273325, 0.46637050806311026, -3.4548158580410373, 0.7473608050863545, -1.0872851298595396, -1.8291626828101724, -1.4813737057768679, -3.3361657163122, 2.698558809740354, 0.1467281904796991, 3.1720130166714444, -3.509243457240653, 1.8354097144591441, 1.2868071181279328, -0.272455804821798, -2.927720274398989, 0.17110287584046294, -2.9783255319567594, 3.522141541674746, 1.2765539101190642, 1.26795185858759, -0.9136613095212279, -2.4670243739058355, 0.37572424068667093, 1.5527560249438028, -0.5519807101460479, 0.5147938338042762, 2.3431467908338335, 2.6212167496333634, 2.3873956079048595, 4.047562267611665, -0.753053195136483, -3.7222188366897315, 2.413003303334952, -0.22320557568304916, 2.2360886892932768, 3.3677941957306547, -1.6250736789557398, 1.3277151395119573, 1.9321972626685795, -2.604859185604808, -2.9270230208931287]",0.8955659276546091
6,"[-1.2470334278913664, -0.8122683758686473, 0.7094290943997241, -2.7906844616557342, 2.4365924986820895, -2.674687409673616, -1.0263409484650063, -3.1004216690285804, 4.005100424290794, -0.6712626402839365, 0.5616250954426352, 3.9435327710712564, -0.43478245469042387, 2.6659743738874555, -3.318298700022944, 1.7427515656065244, 0.34018181837655415, 2.9671267179816008, -3.8779859222413315, 1.855324729424435, 0.7491864881968291, -1.6404240683175098, 3.2156787440012797, -1.2501956470436393, -2.5020221028937435, 3.2045146560275897, -1.3329157820964803, -1.8228655025692304, -1.564540523817854, -2.8610398340636554, 2.835624904553851, -2.4943498397103383, 1.5390330854143475, -1.8099338595959837, 1.57669632157775, 0.9593386682753859, 0.721032693045918, -2.8635280466352175, 2.513449679214912, -3.168924055400467, 4.047660641391392, 2.376439594503504, 1.72532397108132, 0.2883290524913489, -2.6921127126494726, 1.1066776193832604, 0.521070818951548, 0.9041646314075776, -1.1047326058414606, 2.3771313187166343, 1.2604882368551715, 2.5872254845402245, 3.163917232451327, 1.4907769520507403, -0.8775281637037904, 2.3582605101104432, -1.1484823459356213, 2.0063808586031833, 1.114605801045622, -2.5810022411907028, 2.85873879399253, 2.2159089298810355, -2.7085304370281476, -1.697897698899503]",0.8964187327823692
6,"[-1.9767625738244248, -2.7008978102766896, 1.0483068952589039, -1.866791451888353, 2.816254654139715, -1.8453055562051974, -2.1087340697454584, -3.294588090951206, 1.5729561379216, -1.8478799044429632, 1.4798781216623298, 2.9517661948774045, 1.433661343483438, 2.0716250662527, -3.275938273750988, 0.5053231146138515, 1.2530571830623833, 2.4495021798018852, -1.7918136597367804, -0.010842041608172703, -1.1732643088430206, -3.574924310620561, 3.9014876451450315, 1.1688437958710072, -1.763596989106735, 2.5592117746679754, -2.1189878930604604, 1.4979289433364031, -2.779993496296395, -1.1877218615579384, 0.23723480436057942, -1.5646205147129435, 3.419690637708033, -1.1890357235047153, 1.2811247644708252, 2.4402352409085695, 0.2670972704691319, -2.6589656575031215, 2.373512506088651, -2.065014192883248, 0.9853261539063451, 1.8108475872190408, 0.8508025958122571, -2.3164406570686267, -2.5782176922988453, -2.837127617827064, 1.6713761039249313, -2.2620579530203377, 0.186338471262934, 1.7036172908612173, 2.64700583586746, 2.2952602229035, 4.862518172126017, 2.1891384585870237, -1.8872691343191141, 2.486603061691779, 0.03739565207844775, 2.1272042561980578, 0.8147759154574458, -1.6060403506602579, 3.0490090907156775, 1.4878650092081218, -1.861051597678479, -3.0092047756708964]",0.8975069252077562
6,"[-2.9959448561883457, -3.024133818135416, 3.282627916978668, 0.7767814181473564, 1.8252752462797899, -2.3144577354527613, -1.7107435478670174, -1.188998544906155, 1.9554747363613358, -2.1538871901082857, 0.7353340809413655, 2.0013549847248258, -0.2500153671878362, 2.90082830414467, -1.708103709158179, 2.275079598961212, 2.1836745155267243, 3.5400964985600627, -0.14614085187151993, 2.1183747029442586, 0.5839543454618079, -1.8378539836021697, 1.6509237326583694, 1.8468714746871118, -3.8176745118069215, 2.3671175209982396, -0.7167306218930128, -2.1709317796823573, -2.2835133018787603, -2.9268030167996475, 3.5142705943914856, -1.0098500896425626, 1.4912038629336395, -2.6036897159586583, 1.9722960011050468, 0.9819405883719732, -0.5351876119276298, -3.0192569610678843, -0.11161667978460355, -3.2617412018976504, 3.3855751578338125, -0.8250017300535368, 2.37994977542428, -1.620365781926087, -2.1932555855356055, 1.204316254262085, 0.6112565341635287, 0.2944537766673676, 0.7099599869208372, 0.7833905443799853, 3.081157685710474, 2.100054824187964, 4.344319965180944, 1.3110605206012222, -2.743592003058448, 2.942885474399339, -1.5414674846323289, 2.2831001110202163, 3.252278459102946, 0.444142407493441, 2.9215816609594256, 0.8455411193383429, -2.0947517804750437, -0.45909760090487994]",0.8990825688073395
6,"[-0.7135450518016384, -2.229478875493343, 0.7265336487723312, -0.9552825775873215, 3.384754073529623, -2.2133993488867065, -0.8076271800073661, -3.3099778114348783, 1.7900752806417204, -1.8078535836773142, 1.5149938270028585, 1.8184624195982686, -0.7642621260458917, 3.2316621649044155, -3.0370860697414197, 1.6250555813742804, 0.5908640162104385, 2.440200754020674, -1.7095063216655495, 2.091635370521707, 1.736571641850308, -0.833676862548941, 2.6688929106335855, -0.7559719040524371, -3.4948177064610304, 1.0934559740522047, -1.7543031259029256, -2.236533026675791, -2.470096072046278, -2.694537028511693, 3.5902633641892865, -0.911842290104107, 3.6104391226512877, -3.811925372313709, 2.477236682664261, 1.960039967350211, 0.3309897129544124, -2.5500127729541733, 1.6930673901280602, -2.7076070065138307, 3.9116399303983442, -0.10941930291113733, 2.4286862879447737, 0.37492291064921557, -0.24343130498097043, -1.6131054994202059, 2.1176295137935557, -1.8148269987560655, 1.696908810416153, 0.8230675556211338, 2.442944925558694, 1.6118821129282583, 3.496081555035658, -0.04370275601252227, -1.5947937754115902, 2.1477568100172495, -2.1515090285848175, 1.9343487001733373, 1.8707758025291439, -0.5920641754380114, 1.2490157306926057, 2.3803030501476456, -2.410983135956622, -1.2283217252642582]",0.9002375296912114
6,"[-1.5179371324870634, -2.628422606338605, -1.030755959842458, 0.6427583512441215, 3.5265166078510854, -2.772830919340194, -2.464148306775967, -2.8311036599200925, 2.9638355774041476, -1.5948275385947794, -0.08701472723828421, 3.260992394058534, -0.8130216830328121, 3.795216609177802, -1.8628311072460386, 2.370997704342889, -0.5008709671562137, 2.5126524685319094, -1.9328662085691874, 0.17691851014412663, -0.6901171813250067, -3.4421267669167563, 2.193545628904838, -0.6972667364250225, -3.604347010530762, 0.3962986026159697, -1.504084108877441, -1.2807412054579959, -0.1452205859988569, -3.322015942425523, 2.663777630249876, -2.4982066691930958, 3.046796494404356, -2.7296937448445817, 1.9298949131839538, 1.890342940235025, -1.7569652351368747, -1.7680454100385974, -0.5868611105681509, -1.6499601235347663, 4.18091236450712, 0.6250903647432886, 1.6047069303754151, -3.30966266687692, -1.590910179293981, -1.0313120677079162, 0.49737749614669524, -1.3268053607189385, 2.2891635264587618, 2.386861274537481, 2.203992904760592, 0.08465785071085552, 4.692133217465214, 0.1724352173594479, -2.6982316036176703, 3.038203334467085, 0.9754379748706214, 2.197916795916828, 0.7227878750644017, -2.022489868306794, 0.9524588342890206, 2.6483938690351274, -2.478479168661002, -1.1359702497177229]",0.9003741814780168
6,"[-1.603591851298098, -0.8820489680581127, 0.7955575253776395, -1.2921360891700697, 2.935084828100843, 0.15088187099655315, -1.6281464819049412, -0.3021807532544747, 1.9925574052263049, -0.7153239671972847, 0.7761082316155634, 2.881863098499975, 0.9591016605274332, 2.7593526614816057, -2.5953504515248262, 1.0930115681435946, -0.3824479816947995, 2.4715010106590194, -2.8559718726785075, 1.675148534761735, -0.7130148439311569, -2.934618896919458, 1.3353562195432005, -1.7489110930871488, -3.812634894921298, 1.2377156544066428, 0.2571365140283204, -2.070640717872173, -0.5322300412362424, -3.1245758784512745, 0.00011578080547436365, -1.3804842444785859, 0.1342481944227426, -1.4916887302731903, 1.7619783966556597, 1.9456446109515082, 0.8686495871508962, -3.2280313474605644, 2.516358030163314, -2.9727488669299094, 2.290749914209801, 0.6256961901014568, 3.1246031874673625, -2.0036445296735845, 0.8014266826067475, 0.5143200665160033, 0.44584669393272847, 0.659977137647024, -2.025563940557816, 2.064696263746982, 2.825120786852258, 0.1612723179290474, 3.6262458283698082, 0.5781764571936043, -2.4171549653938116, 3.354950721999224, -0.7311820837429436, 1.9931454415287422, 3.3799560837700273, -3.0655300642113894, 1.7011856106803127, 2.6522472962857835, -1.97875939468074, -2.9616898239656306]",0.9018627896410722
8,"[1.3257348001582923, -2.464967560710169, 2.7291252482301243, -0.9316168435726981, 3.421225295626781, 2.9024519117906116, 2.853042084889897, 0.9438693021522884, -0.7776495159682131, -0.6264844119720192, 0.09238536433466438, 0.37919736811843785, 3.247428559771188, 2.9262008550219205, 0.1296149334014, 2.236133522206161, -3.646974256773396, 2.4266259161656434, -3.1239262398878562, 1.700480030701129, 0.9681310272333608, -3.5531532589363817, -1.2896189978455057, 2.342255143572926, 1.608759472947395, 1.168603750768681, -0.2514184439501902, 1.5498310508509505, 0.15033161093301284, -0.6571518396782827, 3.566598474532252, 3.3801868683254934, -0.7294249093653775, -2.154211982636852, -1.2475638162940754, 0.9323187347164845, 1.95576898466979, 0.6558413578829232, 0.35249985090484315, 2.1272964301217256, 0.4008611895874126, 0.2224360761747235, 3.1955749874818418, -0.9313883258801186, -1.4835975804452564, 1.1659606720749902, 3.0912771705984103, 2.8405198696574074, -3.0759702992769973, -2.2984555340634065, -0.4687721940990245, 2.6162514381235975, 0.6439721162399623, -1.4496449755331433, 0.7289497455520841, 1.055076663242645, -0.18170099539413453, 2.1091916367752495, 3.1026770955151077, -2.3321338600751687, 1.7206614237054207, 3.51642147309082, -2.7397803314945777, 3.503853493434828]",0.7640597539543058
8,"[0.931706577670243, -2.7127260843377443, 1.727696067125605, -0.4648404858355662, 2.6748760527037327, 4.2916945414666685, 3.472288955892996, 1.7211275769764967, -0.4542752771012798, -1.5462716504849687, 0.9738253261032308, 1.162414333827921, 2.5554522313182657, 3.3158946767425905, -0.36398733008533823, 2.369662653343894, -2.224527918020634, 3.535329276297926, -3.900652010695323, 0.42760166426098395, 1.6459964455334852, -1.9493868628814834, 0.36382752713546246, 2.029679718656447, 1.2409947883155488, -0.32754410291595115, -0.39321636515537794, 1.9855020016291995, -0.8512690886076443, 1.377028444006935, 3.6127374996841133, 3.8068269474339576, -0.3098151930523847, -1.6583113130501648, -1.9278336606150785, 2.6300823731530993, 2.2065203574302323, 1.2812627284839002, 2.337969956221854, 1.6236487628841312, 0.1267443254179938, -1.1774390128662788, 2.7244978048676454, -1.9002793422181115, 0.16498337685547737, 0.3063692237171206, 3.6666243335197732, 2.1065581722877833, -2.9830691969567846, 0.5325177038168292, 0.7091084280547186, 1.6838816505039014, 2.1992079564789435, -2.9327998108153315, 1.3778224616667856, 1.5181212620618898, -1.0193219691917055, 2.165805437041261, 3.0314692941865564, -2.0561567148566002, 1.9187622299177636, 2.5017731077403123, -1.6456224789011602, 2.4662737662600733]",0.7735191637630662
8,"[-0.43232356617471923, -3.0296601962560064, 1.6659273743083736, -0.2536197554821256, 2.069461126384103, 4.973488540598418, 3.2891368536031487, 0.2017071692702317, 2.277297475643688, -0.1827432790389253, -0.33378693837654216, 1.6443039007578601, 2.951428486367109, 3.4020888895164374, -0.8855100015166022, 2.0237407700178416, -3.180082899677797, 1.380931915275033, -3.435527211768364, 0.23739110273788963, 0.6784605126952709, -2.8112706622553487, -0.5620556042694307, 2.424943433077184, 0.7743895460845335, 0.7726463786540496, 1.4246279256760304, 1.1602142508435787, 0.5984931947758707, -0.7382504555570928, 3.5129386656334898, 3.633067405582815, -0.8498328084307071, -0.9254221383067995, 0.5136997008664459, 2.415376640360148, 1.5007934713804962, 1.221262986840697, 2.540623184849809, 2.533256516998049, 1.6780907211066949, -3.528259806488394, 3.2626784820615415, -1.9805409424597138, 1.6964785984909057, -1.4437455347499686, 3.3955550501499747, 0.6962380625143241, -2.327823595728695, 1.6910818914833055, 1.5530252642934803, 2.395370687555795, 1.084722603038185, -2.97576550535783, 0.9158208755555242, 3.115204682815529, -2.1933875756123986, 2.155165452487525, 0.8285661847298669, -1.2591604862480388, 2.5463783191499134, 1.6129183436110073, -1.9562774555456348, 2.5284422087496727]",0.7754749568221071
8,"[0.5770111477009794, 0.6553572016178866, 2.3944887538998954, 0.5496946361919437, 2.0097371865756744, 0.9483067007332908, 3.0912020836110434, 0.3095724901062631, 2.1103502260262657, -2.6602250547782362, 0.7330795134150272, 1.3290526218197218, 2.0848289636252373, 3.4920410769386097, 1.88799113497105, 1.9412926437000886, -3.483469252170052, 3.070319582131747, -2.42344505440584, 0.48505810341872246, -1.5967541425502114, -2.7547840928577294, 0.3733366038617165, 0.5249775534995724, 1.429222152161698, 0.8009716234922519, -0.3069741795532466, -0.20386368049488812, 0.9356751014517334, 2.3725878333236263, 3.5621909809058536, 3.1833723101154074, -2.1743705741463795, -3.840681847049345, -0.07067031154351311, 2.0714739662378205, 0.7725153499224361, 2.641066997575292, 2.7489807292224047, 2.7296220706225665, 0.38250186774674777, 0.1128298331247733, 0.8208259863995226, 0.9157424254259654, -0.5682030275344512, 1.570710895087602, 2.6670581770241397, 3.466246852994105, -3.0712379895772677, -2.726338730504338, 0.3778428606890417, 2.419540160680862, 2.9507343616233452, 0.16117704225796414, 0.8169754519103442, 0.002340795420857855, -0.8862689844862481, 2.2304267793227996, 3.3694353694384698, -0.789424822763462, 3.853600343025078, 2.691501762062351, -2.3693794209003403, 1.5911343220820897]",0.7806167400881058
8,"[-0.20009250348528673, 1.341877628317868, 2.3132588261630467, 0.6243907828923222, 2.810077701228763, 5.064788090288029, 2.8930054428473904, 0.95134227206691, -2.5054921765089913, -1.8834432151001872, 1.2463034303588023, -0.43859975329519263, 2.580079713909551, 2.714003243908103, 0.14782722759209233, 0.5729380454354227, -2.4809290634210264, 1.3435178706216295, -3.8692449728502636, 2.0295545867460842, 0.5070516541504556, -2.558232585797745, -0.3353851432277808, -0.12087465853393997, 1.6291919699822914, 2.093645257558889, -0.6328666212145718, 2.4249894577787243, 0.8203993300502244, 0.2942727481891042, 2.784255092813745, 1.6281862988603089, 0.39654404046537295, -2.621937216660314, -1.4816483490914238, 0.8986917638233697, 1.5986506363941866, 1.1946041942557992, 1.5736288192347216, 2.380779984337346, 0.8483374466512184, -0.02160012040058218, 3.12539956469543, -3.1503303812321652, 1.1225201789001686, 0.5431535883177638, 1.234079825959078, 3.1225574617643215, -1.4177876715955733, -0.21716525335549797, 3.1303535057058998, 2.576538565241214, -0.40123219058768655, -0.17156892804358548, 0.34945649810136814, -0.0363885800774264, -2.072710565014799, 1.6568703408159395, 1.927687114769034, -1.7840467133925766, 2.427977072764638, 2.90457433925152, -2.48438995280232, 3.574160207654907]",0.7902397260273972
8,"[-0.42964943424349455, -2.290075409280257, 1.2413704521706634, -0.63605950493301, 3.3339794016927726, 4.336095081778559, 1.8107746096602146, -0.3980282985754455, -1.7695649232198303, -0.07073434007326829, 1.8460908602497077, 1.6359153821223953, 2.667869820659682, 3.118276202459784, 0.5355663465017784, 1.3194723445592067, -2.7762703585841564, 3.5151869111186262, -4.095036123022525, 0.1894596911388916, 1.1691447706589517, -0.6967325158578053, 0.18400449411874156, 0.5055469291027728, 1.275654494723141, 1.7251721376454858, -2.0454607057607346, 2.7494448735046193, -0.8764996103313742, -0.028083603325443685, 2.878887993399383, 2.815517133430987, -0.4401280274403548, -1.4068874251394041, -1.6665318890257002, 1.273544825677753, 0.8921054243604525, 0.983790116062904, 2.5352237476039385, 2.756164798632989, -0.9073741192743532, -1.3898625304346508, 2.3889324914649417, -3.219677330727175, -2.271815578106256, 0.5451821403992024, 2.378924143046851, 0.8822914593890938, -2.146414999629658, 0.43918363213719636, -1.0676099725437829, 0.8352033636608716, 2.4755278264647735, -2.794389205064712, 1.4834458714911778, 3.336586662155187, -2.1149512610281493, 2.2121864231522848, 1.8275291341448376, -1.8751300051011974, 2.9719918213063306, 2.0886523541186386, -1.6847888462395955, 3.1310601685801367]",0.7938234014789038
8,"[1.2410228325232546, -1.43142800519931, 3.3043572267976877, -2.543968607777709, 3.5551534156813984, 5.038388478459818, 3.288084921849413, 0.9287872653507988, 0.14161556165531453, 0.0171937792868333, 0.8657574061344793, 1.141900476071432, 2.160314151935796, 3.6850549684538674, -0.15302098288820493, 1.4466691768428812, -0.42411563877648795, 1.2150599755937455, -3.895955603962843, -1.0291550915363885, 1.2356708547242619, -1.7527862233120333, 1.7566295414145403, 2.1680680912498183, 1.7179733723895954, -0.8928238329219899, -0.5583024855310201, 3.8242087863729393, 0.39697507008821276, 1.8750636483540484, 0.46780581065791926, 3.2080580329041832, -0.38096954999527965, -3.2125071099173867, -0.7507704172158003, 2.6643934931186517, 1.7160438782866474, -0.4258004850424415, -0.791192392579338, 0.5332009093255317, -0.673685956411566, -0.9896852040992528, 1.2728203555097104, -3.340717071779233, 0.302773265605683, 2.391618827928339, 3.6391849224491626, 1.4199074151992357, -2.8193100793485666, 0.6903485419267252, 2.1742875386507916, 2.4683753365700407, 0.9146461690236247, -2.96730160108163, 0.8685977934897777, 2.216906372899166, -0.7501673822024588, 2.2838408708029796, 3.1844922030437806, -2.1224493600594543, 2.3348276807970736, 3.3094585402319825, -2.3241226356967943, 2.44156421145896]",0.7947277441659464
8,"[2.5757082245137317, -2.5946712669418166, 1.8724882243447776, 2.336576058517136, 2.7286429563033185, 4.479318089630792, 2.9587786338016677, 2.58326930419372, -0.6897689321040801, -2.6740703525029232, 1.2215694083903677, 1.9579342227951595, 0.43679949630122383, 3.3253977801604515, -0.5250396837325146, 1.0710271985714628, -1.6145695888417708, 3.5032643328191915, -3.927865013812441, 2.0813977638207386, 2.0212427433632487, -0.9615473601043991, 2.3092927329517074, 2.7671569705764023, 0.4982714044915657, -0.26941605437677807, -0.2886839193995735, 1.6349192656725418, -0.9869230891492721, 2.4325427792655585, 3.612838734947501, 3.5011429751678995, -1.9620443228189979, -1.3549080980495063, -0.8096963427585615, 1.6420446396959614, 2.0631636401269366, 2.114285364235596, 1.601510494115927, 0.9994936413274278, 2.159246630623184, -2.874703930357482, 0.5425732426825578, -2.6521950441351114, -1.4419599152567797, 1.8154323889141568, 2.1803788090168386, -0.20097615290106408, -1.5470591373225773, 2.345785616056922, 1.1665547174088242, 2.0105091107692172, -0.45949425512504627, -2.9395286996178016, 0.6413011054823357, 2.397545715354262, -0.917121795293611, 2.2705621132921223, 1.9825747188263128, -1.6243532280433937, 2.304611197844638, 1.9600696729014493, -1.893553969231494, 3.525629966571909]",0.798951048951049
8,"[0.13054832766196628, -1.779904900288419, 3.0219173610168575, -1.9988945855777083, 2.509328366221365, 2.612423954259663, 1.2212204015057142, -0.043103850742469474, -1.6420845677490936, -2.150580942980647, -0.9492792200280546, -0.5520810380068106, 1.7820912372385536, 2.2435933054968693, -0.8202458350176596, 1.8878355037303756, -2.051572505519297, 1.8083791169041403, -4.02695799246802, 1.8773666743747133, 0.7206723426837967, -2.424808795917574, -1.6446670248496311, 2.20114042200515, 2.247574758652422, 0.6513784962403761, -0.18630310184329812, 1.0610349629505564, 0.5351773255776131, -0.9932488941650003, 3.6120473716434245, 2.8933625128282223, -1.5256849716104317, -1.9963428553662, -1.2064148269242256, 2.5252518158000443, 2.08840318205852, -0.6569823247886305, 0.38639609954684484, 1.6935729794863223, 2.157636017762919, 0.3608545118870091, 2.20137416901064, -1.6604132980822761, 1.1136128797627896, 2.2076787503865116, 3.6044458901403953, 3.0858946089655466, -1.576079840981219, -2.907432683159172, 1.1416411369334205, 2.509517229935769, 0.0830442192801184, -2.480413948033081, 0.6822277731930065, 3.3507590670413427, -0.5739752840180053, 2.2234430449068587, 1.5726208132556185, -2.1769938126907364, 2.649489702961273, 3.225656795477177, -2.749799056952173, 3.3665823355504187]",0.8245462402765773
8,"[0.7289942993518845, -2.4032750835303354, 1.4360802361624732, 1.1082284962248896, 2.95355094291953, 4.865128460629352, 2.0147386359082917, -0.06391760033357063, -1.581511116128798, -0.3684351516402602, -1.1319967820248658, -0.07911381127433204, 3.4675204399981197, 0.616544484444554, 1.4648335466968676, 0.712933438918655, -3.2089456901756535, 2.7105359057529057, -3.6182183967914145, 1.4789961986774909, 0.5916597919077707, -2.408053483205651, -1.3031206309034715, 2.562131837109254, 1.2829781635708062, 2.8024149502797044, -0.5414275155491802, 1.4207547541176777, 0.5879189797210185, -2.756131719644933, 3.590035451990303, 3.2715303645325866, -0.4881511663513023, -2.460396369212048, -0.3608006591653774, 1.5896016608848944, 1.2817389097817533, 0.8941973062659134, 0.8348240047307145, 1.2925779623012719, -2.1495294114002084, 0.7711523122392714, 2.0831104548796007, -1.564979550407554, 0.4090871188017995, 0.9220177767315476, 2.3180578702656085, 0.8920984357385533, -2.006008899000025, -1.6775606125783575, 1.18441206821322, 1.4061129176457847, 1.9382381544547247, 0.10329771968743562, 2.2975035962007566, 2.969888041317679, -0.3753569479556538, 2.2248452609519487, 3.3831943705034053, 0.5251752089069446, -0.7961143912247612, 1.853066822357547, -2.7576155157164215, 1.3513111561951865]",0.8267611874169252
8,"[-0.502356485768049, -2.5165925588667477, 1.0971996467932468, 0.3739242964409951, 3.555915858093983, 4.143122187718585, 2.4538601821397554, 2.5884512511686077, 0.10172259416674123, -0.7603402792062427, 1.5961893927372803, -1.6132984070579757, 2.070605828303402, 3.3568448956855637, -0.13494262538929475, 1.966431074776787, -3.8511014461260964, 1.5060171666967435, -2.686459294681697, -0.06847073011219917, 2.0599136648012117, -3.102889078901823, -0.39631876598587606, 3.108904044604204, -0.9902521582571981, 0.6458623507262012, 1.0600991352696494, 2.3138192328809417, 0.5586593024867962, -1.5415194760363322, 1.8508626257559966, 3.752464258304754, -1.4666079202622626, -1.7796251816703839, -0.7012725640712689, 2.3206602067330397, 0.09593164197939785, 1.8556152418006995, 0.9672172644583397, 2.253508024489112, 0.567001738196873, -2.0554746995811497, 1.9269754555045906, -1.7094404459721655, 1.6137167563831265, 2.5147704673283924, 3.4649051235323234, 2.4036109586666674, -2.3916122075726776, -1.49411389519958, 0.49239749363794116, 2.4019610106727503, 2.6635085075956777, -2.885942149700543, 2.3010424384056294, 1.805244620506119, -0.31724484407851405, 1.9771043764131448, 2.0843169398513615, -1.9325896750732452, 1.141352786057007, 3.371744981145855, -2.254338309328337, 0.9220051975914569]",0.8296232876712328
8,"[1.5373233922158338, -1.2992853814771417, 1.0557835132517954, -0.3348345227832601, 3.0684482991003406, 3.6829286720496888, 3.027383843659378, 2.396648538148612, 1.8796814479697566, -1.4912671481098472, 0.24453393646469973, -0.3522641842832659, 3.554138589560719, 3.021242293292711, -0.37633448155874205, 2.0506027922777297, -3.1608139858194435, 3.540927968967483, -2.635772713445361, -0.1338428090502723, 2.3649519843625453, -1.261075588517245, 0.1410271893207109, 0.8006755161759429, 2.0044762927293007, 0.03914291421791738, -0.6395389653886449, 2.770811068202176, 0.17583196864131656, -0.7634681823859024, 3.6019314191300706, 2.5872894032670057, 1.1338388629079241, -2.0480096728520563, 0.6991638550840316, 2.1263193649267484, 3.53400612578075, 1.4312052719531725, 1.1804009643510125, 2.7794952176977117, 0.4434290520381334, -1.6271687727922743, 0.48208241556473164, -2.5451030743071272, 0.9770843415296455, -0.6638585098311747, 3.7476199719314263, 1.7072464794635362, -3.043813510993333, -0.8088620108623861, 0.8493647952309816, 2.3994513331518723, 0.20059541198874253, -2.818152792063638, 0.9172822007082196, 0.6713883691699702, -0.8031913849580555, 1.4548777282939593, 2.888002152350453, -0.13413117784731377, 2.067576849209132, 2.926453146352608, -2.7575208606654376, 2.669027770847289]",0.8301535597952536
8,"[-0.2867403744687953, -1.9850445312106275, 0.7852293933491343, 1.1422884067012238, 3.55071381313744, 3.7399276707846933, 2.8661477138265568, 0.7647647657074588, -0.2752372204365854, -1.635355132460486, 1.8071647350377091, 0.5090660157354427, 2.458362618172047, 2.0304381461890006, -0.59029058958246, 1.5792955417177206, -2.4608210355980664, 1.8159287365900205, -3.1175733904229506, 0.9971250526069855, -0.061699517274466986, -2.5727660785142215, 0.9146299245125298, 2.072362082103184, 1.13702673768735, 0.4973785887888953, -0.5811367038049848, 3.3047119728498533, -1.3358797078116327, 0.8196152958316563, 3.557130714888853, 3.436191167813131, -0.6615757573871005, -2.8784191087452826, -1.680868688483391, 1.8801695818151445, 0.4059663550742767, 2.26629318175296, 0.3594983120619377, 1.1687961703160026, 0.8685205276904838, -1.7011566247523857, 1.720514055601664, -1.5985837727158458, -1.1333694482726455, 2.4404078701502767, 2.0726420361015307, 2.6854043183191663, -2.4734722594617873, 0.8308197727771096, 0.0024619571539180873, 2.4118356237548433, 0.2945831715698177, -1.8814239099468908, 1.5366631003851567, 0.9507677612355526, -0.3142125622923092, 1.8998570686104579, 3.25505425776786, -2.25074162789025, 0.5873427770815637, 2.793808282795529, -2.3178494751392344, 1.5572342620982236]",0.8390658174097665
8,"[-1.3698702618307914, -1.24884006267868, 1.5436697691212649, 1.4114444198301357, 3.495034882688323, 4.905377884144453, 3.1434362680044146, 2.2232430219952746, 0.623534837469751, -2.2011078605989285, 0.32488951094997676, 2.105121126991867, 2.20056880410622, 3.275191541822685, 1.7801351156899192, 2.374434306048198, -1.3531714790859999, 3.0790793684477564, -2.7870446983178674, 0.7120658414293372, 1.005810107678021, -2.3829363410539304, 1.2989908499752851, 3.4843708779866187, 1.3187763869435658, -2.785808559623888, -0.8109409214116335, 0.7852613065857137, -0.49998684090239826, 2.5294696030921013, 3.269975098902397, 3.373336356171596, -0.5621680653203183, -2.4267566408472665, -1.086767593092984, 2.6652380498781407, 2.8711296806414808, 2.1588070771567045, 2.444130719908928, 2.7474251985630134, -1.6969436143617922, -1.6955578649778906, 3.1215541501785458, -1.5306020659021071, 0.1832414669031388, 0.7104244481312054, 0.7422275971297383, 0.4303546458741079, -3.058636070031535, 0.1834733544927521, -1.2595572076538792, 1.879479258751862, 2.74128292678926, -2.3946303309131176, 2.1794412048618534, 0.22427074903002042, -0.8419678660193812, 2.183885406882458, 3.383306688892963, -3.2178024736432613, 2.396306550459723, 1.9372089129156844, -1.9359954425666068, 0.6318113528413705]",0.8393470790378007
8,"[2.1686600262094395, -2.59358615636789, 2.3476642047798175, -1.4745894020917953, 2.6076822528127384, 1.930407182713807, 2.960402031247555, 1.711270007147409, -0.041007750136437426, -1.3804239132144325, -0.5967096747187922, -0.2360877413570348, 3.1149811877774356, 3.4570341918377463, 0.5629189731945806, 1.400100842144345, -2.6546899467367147, 2.6937593597174643, -3.560441345486165, 2.1025366503413165, 0.19594752957404615, -3.406138697999483, -2.248312319188814, 1.0645620465578092, 0.5823455489120934, 2.067535964526741, 0.4592481528082447, 2.0092291212273254, 0.8740670323136305, 1.5353393817597252, 3.3109404972304235, 1.3946847445843507, -1.034162838102817, -1.017664547809822, -0.40382119700935415, 1.2206027306665115, 1.869104747145908, 1.3177945612754365, 2.2466604815485107, 0.5416859655402273, 0.42735123953974197, 1.3690159350801359, 1.3995557848301532, -0.1698048801854386, 0.22555754078281054, 0.64284593152171, 2.0841899328526274, 3.0428702975347317, -2.3187107608976727, -1.7380907931972351, 1.1293660836784585, 1.4222295289998392, -0.16449498721122602, -1.3539308322276526, 2.2291625676252877, 1.7515771721376239, 1.0827972865111257, 2.2257977382156082, 2.4295464859016147, -1.029116707060544, 0.5510068970762385, 3.3198627333470316, -2.390349471544752, 3.286241091285267]",0.8416751787538305
8,"[2.2172799100532665, -2.126041412719156, 1.2449775694240144, -0.3777982065262777, 3.539619284276632, 3.2836225164417936, 3.393398859856699, 0.7895584520563774, 1.378198999706226, -2.2987230556615295, 0.5762393098645064, -1.449864246708037, 2.672279082717899, 2.4643100225440127, -2.201249868389133, 1.08238835654222, -3.1638147499250566, 3.483142294529583, -3.4344122524233445, 0.4108893618600546, 0.7880042891775226, -2.7813377693081227, 1.711246386521068, 0.08822800953029186, 1.7988873512760373, -0.24471911359961945, -0.4532052095034408, 2.862348179706296, 0.858200997274435, 2.4540651554094826, 1.7779407080651732, 2.6331406728316717, -1.560321970431512, -0.1392836156576076, -0.31410932427528615, 2.6653002170377253, 2.401715075059788, 1.7331475525556976, 1.7278982133388574, 2.07676366676652, -0.6728142182645063, 1.0082071514805886, 2.8599294393387784, -3.0914683645645438, -1.4092044904417234, -1.179628642415906, 3.739315029147071, 2.1621773492103764, -3.0620510192091985, 0.5136022008231274, 1.1140480980613492, -0.025801290788916464, 1.9457390859995458, -2.9436719488433174, 2.3989700180901234, 0.6543703133929399, -1.8706221462698047, 1.9113804028376495, 1.8223157583881218, -2.5220686880737113, 0.801176520953069, 2.6735844631532446, -2.747329296942708, 2.304660149046276]",0.8463842533162174
8,"[0.0654045816965424, -2.9896886473408304, 3.05747329455913, -0.20571943951099636, 3.5354915157708695, 3.33205738245856, 3.030719139901641, 2.5922953768329897, -0.14120125980244141, -1.6564183796897611, -1.2175010043632088, -0.8998621954936634, 2.132954285099811, 3.2387069082166136, 0.5259827875083563, 1.3884657516768177, -2.4896641660391596, 1.4691879495991582, -4.098442198446946, 1.8287004473975026, 0.42606050188474764, -1.6443143695145113, 0.3461546887909838, 0.5658820153389905, 1.0815033312293625, 0.6389483184585001, -0.9617101895130622, 2.659323870465011, -1.8581741570843713, 0.3110061963477604, 3.6125888282225267, 2.273514123339316, -0.5763100779000903, -1.8310998204085662, -0.9115850880638173, 2.4749330828743443, 1.481763068424374, 2.637174029860243, 2.5863765000928556, 2.7460386131920633, 0.26525493845107245, -2.5027060334565965, 3.0046387059795205, -2.551301504601131, 1.779289859805075, 0.14964910872602422, 3.7473526017099816, 3.463144236520558, -1.9856734072210624, 0.28497491273643405, 0.7691961820435069, -0.6627845932111145, 1.6381261680453207, -2.9506603247286756, 1.6679281210360066, 2.1002470998044434, -0.9097439763015358, 2.271542503407212, 2.2583417565126256, -2.0311443565023395, 3.4782111732632917, 3.532535749174144, -1.4927901014600224, 2.334911231929267]",0.8533218291630716
8,"[1.9121741087251753, -2.5107636996662177, 2.991454556074834, -2.0126711004342375, 3.098003009490951, 4.2916485513916065, 3.133049876823698, 0.58294444950974, -2.5686940975796477, -2.6111990635498223, -0.19997545796257243, 1.1238979013213204, 2.9374030321519484, 3.6301243204918494, -2.098246210424786, 1.8194711405218396, -2.4750663949258005, 3.455841550952045, -3.507836755300494, -0.4907259852684256, 2.438182282997453, -3.3772454437043464, -1.7167146203553076, 0.32352064108497913, 1.6450091356769363, 2.111729355697016, 0.4670839543918123, 2.581807171081814, 0.9111486160379287, 0.8628443159368872, 0.6843662704408713, 0.6724470303623185, -0.05569776734235021, -3.575692366627069, -0.6390549971849272, 1.8088763889328445, 0.9378385212575057, 1.9027656283598844, -0.3227105654681228, 2.2391322846646426, -0.03962149615509025, -3.1123026100794924, 3.1242381301230937, -1.6398631918890305, -0.440080749830277, 1.599485076495115, 1.9843879907690638, 0.5569549025965757, -0.17858265149545716, -3.2593360638538638, -2.5716949362442763, 1.3725576761638836, 0.3456111770654031, -0.35406168157003304, 0.7686842079546914, 2.0869447414344102, 0.4556397850902809, 2.222339363052753, 3.351719742538264, -1.3477619282038886, 2.4343254845312137, 2.2041329339889226, -2.6752103574230084, 3.3924193730548327]",0.8539526574363555
8,"[1.0950830371166824, -2.004889765892981, 3.329290177985653, 0.4026591157560213, 2.320993995662082, 4.018021996961114, 3.4034789280425226, 2.0040281768421173, -1.403388595004619, -2.021960560502633, 0.5723283955078033, 0.7810738247025688, 3.146404902723737, 3.1491540197157075, 0.2121986306064094, 1.1850943573499162, -3.277113443503192, 3.4136366567127165, -2.876217276400216, 0.14559272478765295, 0.296656327825237, -3.597512960372608, 0.8349593948989174, 2.0284047332310404, 0.9949139193984242, 0.040394620639511436, -0.48346675321893917, 1.6722606205921644, -1.8589388415965948, 0.664734458996846, 1.5862169551619294, 2.811151251661879, -0.8848586311172988, -2.694847228029639, -2.382884199098898, 1.8935446705587407, 1.7770707465369548, 1.1379404486156797, 2.3386375943121243, 2.1650147778781044, 0.1149475216453737, -0.9273479090943946, 3.082679227335124, -2.4469468151607385, 1.4499614421437068, -0.26561948162644955, 3.6677591581355777, 2.295252689744574, -2.8468024548053337, 0.0519118324210813, -2.7377244399735727, 1.751434645064261, -0.9742970485398335, -2.62567380481689, 2.311479746170096, -0.03983354094983527, -1.1308439189925128, 2.2765852114686105, 2.6737173935030083, -2.6992346835073633, 0.22818618864145246, 3.497371127506311, -1.746378338329123, 2.459661333194744]",0.8547794117647058
8,"[0.7709484114210698, -2.588544292187768, 1.366363323121984, 1.3108989226123424, 3.469729206315218, 2.5607846211915977, 3.075741423800401, 2.494192272423115, 0.2423510840581823, -1.9997783498668278, 0.3413742749360995, -0.011616576636209075, 2.452676217272849, 3.8057883923747653, -0.3665064176311684, 1.8993143513360449, -2.818806635640078, 2.265390803916172, -3.9890987848629265, 2.085681404558713, 2.407947725260249, -3.5257704825217155, -1.0965172556914011, 1.2646407554135608, 0.7066439911284323, 0.4651721000454573, 1.3949334550526498, 2.1691321391883327, 0.2398371233296227, 0.9544791002540911, 2.9766913207404, 1.5799595884194715, -0.43212455530714444, -1.9704171942495619, -2.2208568714891417, 2.196747450665953, 2.0784128517681917, 2.3634794296207784, 2.7486939969934183, 0.43897307680545383, 0.3885760082363211, 0.5775910823749748, 2.3075913513279285, -0.21087265078119843, -0.3049197049679886, 1.4337870039112184, 3.719889593794307, 2.1545730303765773, -1.4064948931192118, 2.3885744620096467, -0.4445743805666159, 2.610494505853667, 1.7810198500355858, -2.116187442575324, 1.479195692442993, 2.534830403477226, -1.7994923495838027, 2.0534164522920246, 2.6675199661925744, -1.2641903808901738, 1.670280197379257, 2.243267045272874, -1.9707112315690205, 2.0701508417794607]",0.8572806171648988
8,"[0.04220086180761651, -2.101395270501312, 1.3901819466440153, -0.9757505444075045, 1.977531537278193, 1.114405178133592, 2.86352333272087, -1.0765672148405985, -2.3906388889438177, -0.2595943366532609, 0.14922957794362257, -0.8646159979968927, 1.0010569343516798, 3.7672790374502325, -1.4498784699403187, 1.1584623810966768, -0.5800595989973073, 2.060528752938705, -3.8490584281369062, 1.5418576573708986, -0.6978249228764142, -1.7083800178001662, 1.6529469299889845, 0.18252021124760331, -1.6429261415951482, -1.6991042544328099, 0.8340619247998988, -0.953742143478348, -1.484202165061273, 1.4031312755468206, 2.643787507527329, 2.681685629453639, -0.7572473297278277, -0.5105948104801772, -1.4706798594959474, 2.6630135218477853, 3.0570211737797224, 2.9425940971002573, -0.22917769489732187, 0.12739261667498192, -0.8495943004588866, 0.5799380209666436, 2.2021016598520995, -0.24836783253075634, 0.5626558475191604, 2.5909566265557853, 3.2163953078220944, 3.4530231034891767, -2.038475565237615, 1.5840833951759323, 2.553730844686953, 1.5588437032718214, 3.847404866145798, 0.10232418850601777, 1.3927288188032692, 0.7746157464125683, -2.053532851300424, 2.25885246609623, 2.961612069981731, -1.063237756554997, 2.366618900594867, 1.4479347058148475, -2.298889571654773, 1.8326582098741797]",0.8574673480976718
8,"[-0.08139410266914915, -1.8195053608377965, 1.1791533955730236, -1.920083961503575, 2.3757516624906496, 4.666629683375516, 1.3894397083753658, 1.903865333297786, 0.5133475255851495, -0.24328139514740021, 0.4581082813187757, 0.47962220796843, 3.0235001419575833, 3.7736299208599826, 0.0014802623883944377, 1.7062075919078512, -2.0568132497248324, 1.7220216997272741, -2.5081448947517124, 1.0377191187266448, 1.409394161600525, -2.5340022062244305, 0.03240961641962736, 2.9572251807073204, 0.5738805957522758, -0.9601801154525583, 1.1197767823324556, 1.2482407529323212, -1.1818972390844986, 1.7461327337876225, 2.332931311058155, 3.8033819168445335, 0.19233625387615716, 0.28733303261160015, -3.212374175202515, 0.9672231950179297, 1.7912769019688943, -0.17766759321895131, 1.8481687174378143, 2.7223092939232334, 1.5774391827447005, -2.2637403242427117, 1.5879317297769502, -3.269493772311372, -0.13555681738975284, -0.34056436707712734, 2.530179119336518, 0.5524065043484476, -2.809375021169612, -0.04329318899601342, 1.1944934491508565, 2.621326293180203, 1.517860352265341, -1.5427033444515936, -0.17297420621657555, 3.159421542878675, -1.8671752717849608, 2.2610489835220324, 2.5582421653820813, -1.3428535312518526, 2.940733181935435, 2.8109628763158843, -1.4132605158288718, 2.976770533995342]",0.8583143507972665
8,"[0.569704037140064, -1.3286040185836923, 3.3360445825636122, 1.1022858148147887, 2.48882772273027, 0.18137429164321528, 2.472868757881789, -1.3256775727811232, -0.14625089820830217, -1.592842597328538, 2.1462725792158297, 0.48894059216666197, 0.6582183145719283, 1.669322857975166, 0.5909380008090395, 2.009431120729329, -3.7409131071991606, 2.1972134724745, -4.0614696327029405, 1.8484520899875139, 0.07720924454702938, -2.6842326287032043, -0.8416957205863922, 2.064557965191218, 1.8172406705677853, 2.0194066571511478, -0.9326941975519603, 1.7712915733887504, -0.2685023766734954, -0.410820059875535, 3.4668083351355845, 3.685293812037573, -0.6482818716308151, -2.6466373056141803, -0.5759984969366521, 0.942648081360523, 1.2063030239582, 0.06897160922567852, 0.26806872424905237, 0.7279175450704644, -0.9173171348833238, -0.2888445936014779, 3.2536581678094456, -2.8918720929879043, -2.5625318002605155, -0.34956329732980673, 2.0034460700864876, 2.6782913873783047, -1.1848243322652596, -1.8448545178921383, -0.7741040869711062, 2.203066145683175, 0.32853286749325206, -1.3586470123635432, -0.7006529016275793, 0.533505877822588, -1.4080806978894786, 1.7693860844151033, 3.410094007804323, -2.749774650839081, 2.13246854818014, 3.3619791904559837, -2.639388444248989, 2.346120033715787]",0.8646048109965636
8,"[-0.15960414932202643, -3.00646742394164, 1.8908718201347843, -2.7990296274896456, 3.2245939337702083, 2.3757616364203407, 3.079940504149107, -0.46454374528982356, -0.5975386361144714, 0.3158191101753514, 2.14223770312369, 1.5453944149359824, 3.51076562098688, 1.3381084533011216, 0.7171060471122043, 0.6637529964236015, -3.0081055037248716, 1.9322241707698853, -2.0663862626710907, 1.0793215251924644, 2.225057604450354, -2.736414471724731, -2.183088173831554, 2.9893171492029342, 1.5053145603461573, 2.1778322592671806, -1.1184372126244242, 3.1312827657952766, -1.128752384894867, -2.1189643227283157, 3.6150158434527233, 1.9811207460269014, -1.7355768210228215, -2.202205222112601, -1.5412112986605175, -0.9784103252162917, 0.7013505606404715, 0.6207261165928928, 1.4392585724580234, 2.6243254691666826, 1.612500179039198, 0.4011889262580403, 0.5125974466798331, -1.0583246050041262, -2.2799745942250977, 1.4436078973327304, 3.5627686745545715, 2.0401336535013277, -2.7452299513566043, -1.7361164558880522, -1.8186653192205222, 2.1816226765491593, 0.4095033732083552, -0.40216524516446883, 0.16337020175291112, 2.0371419028922855, -0.14104545590124856, 2.0351444673456585, 1.645607320426449, -1.4345654324054125, 2.5428392042376045, 2.797659945373111, -2.6437203994511207, 2.563155566286214]",0.8665207877461707
8,"[-0.6258945126353336, -2.0034244089040003, 3.1885500161651548, -1.4720360424963266, 3.148240074571068, 3.8831031201675015, 3.2780903876349963, 1.3347132559464032, -0.7640610743948876, -1.659485238309679, 0.5696628157845824, 1.488321808157174, 3.332562329923059, 3.555592366745336, -1.0475892446302095, 1.8563790284402506, -3.7567019026116797, 3.381144234727686, -3.428975838395238, 1.7383952158780003, 2.4437874804302364, -1.361007911095002, 0.8598961454235537, 2.242883755435272, 2.035611963561646, -1.7097550777865669, -0.05685515293928195, 2.8499216786112584, -0.9199774255540709, 0.6287312996661455, 3.4193976632882195, 3.3801940264536645, 0.6242308706910144, -1.5771118708773313, -1.0450675981048532, 0.5522992685947294, 1.9039559863191449, 2.9528158052997493, 1.1302400482668424, 0.018732672555143548, -0.6632020693324883, -0.13184846172028442, 2.795378646132809, -1.1129165048352694, 0.40397476324174564, -0.8227710515764317, 2.853356209309496, 3.3951832128400814, -1.6261884567868385, -0.13426542985557854, -1.6626655589402768, 0.8173383762196116, 2.6445045714537976, -2.2569380437313242, 2.2366096845821963, 2.6915819296082466, 0.2963693451701701, 1.8394773113946243, 3.3847563609209415, -1.7065563364741456, 1.9506806121970444, 2.666754631163719, -2.454674241437034, 3.1324429263486935]",0.8684957426679281
8,"[2.351559765594654, -1.6144894222973858, 0.7457473501674021, -0.48178254875246534, 0.09881374132202358, 4.298504732833144, 2.0755413759199812, 2.2777600634066664, 1.960468709238152, -0.37718904146502236, 2.128284559982644, 1.8152253506559197, 3.552341993821829, 3.1501898151796146, -0.6032287570782067, 1.803657944510073, -2.3884261834159943, 1.996291811725115, -3.8868043887484696, -0.37617527203856205, 0.11912270328385877, -3.3135561886114218, -0.3610283542088072, 0.4433654765892343, 2.0709151457259747, -1.8515414171763744, 2.5102691337271823, 2.605910707342179, -1.2288600068737772, 1.6413496781446977, 2.4546666154988017, 3.712548106942267, -1.7893016705602016, -1.9402971403248208, -2.744732876142119, 1.6073231063817972, 1.896755555628644, 1.7498763720924484, 2.011272991256021, -0.19913552420995417, 1.9144809311292796, -0.03906856052415275, 0.7537387258521857, -1.549788401108819, -2.088851619666072, -0.9813863129228371, 3.3420591378518463, 1.0190286090720257, -3.0800013330750646, 0.9533554106802777, 2.6495837918755623, 2.5932380980393965, 1.4107764920769525, -1.8701912614728897, -0.47644819130478866, 3.149550002692925, 1.385640783932938, 1.8581498657897195, 2.9709084415220026, -3.1965690790246546, 0.7027450311306782, 1.5003822034093255, -2.024436806222275, -0.72257922047706]",0.8696791093647676
8,"[1.96562979713339, -1.3784366945149622, 1.9841589297913722, 0.5703964450540102, 3.483548320430783, 4.904939598296293, 3.208344194875462, 1.8593330361068778, -0.20959699208918636, -1.206799841431807, 1.314978266516965, -0.20108544300028552, 1.387061576555787, 2.8774875885305335, -1.1318304331661981, 1.6510866355053728, -2.934262166627443, 2.6040328998738644, -3.295146626676914, 0.9330713495942133, 2.2180913543272016, -3.133299901529194, -0.1972463915176919, 1.7195183729208994, 1.7460554279705107, 0.1582034228704098, 0.761149240254238, 3.3721968269523277, -2.387973578302017, 2.257439761623682, 3.102981914747593, 3.7896801897093177, -1.6919259294273146, -1.8067183162197975, -1.1190918790611337, 2.239318040442146, 1.9928929336030101, 1.216416745731886, 1.2198773267308929, 1.6812564220934254, 0.2856121596679391, -0.7556217691443042, 3.1786621217813567, -2.2166292831785643, 0.2698791606540107, -0.16154049708942264, 3.3074813789386788, 2.197113097012916, -2.118982137250374, -0.050308825763219045, 0.971235750899258, 1.0523872078015044, 2.2729653372090315, -1.5220974947888308, -0.8361762545925271, 0.7243337947743219, -2.115186497404967, 2.2230605289224408, 2.246617612027267, -2.032396488356751, 2.808516756058441, 3.2636842898162937, -1.2910276895754667, 2.651172034318493]",0.8711779448621554
8,"[0.18694900294035122, -0.8493020320531508, 1.462764451117386, -1.3626711100833753, 1.4213952423535177, 4.055632983743631, 2.6422513981067444, 0.1825489246406149, 1.4611134462762618, -1.205884737585279, 2.095212187963427, 1.9554610783738717, 3.5000648648712156, 3.5120692232281976, -0.4961680294606179, 2.217725682960042, -2.280888277034509, 3.4805639904801478, -4.012224386506686, 1.3281932437227688, 1.2117857952450113, -2.7070905672577146, 1.6552473721687682, 1.8330653342832022, 1.1774006801697907, -0.8917049941928474, -0.8075564188176712, 2.0881689211919605, -1.5535949156428592, 2.2772111083927737, 2.284790693169191, 3.6814202554077196, -1.8681752508562912, -1.6982420687433941, -1.3073594141605518, 2.2519865412183253, 2.8243519609293557, 1.637640113464745, 2.736981157659345, 1.854969346512674, -0.23376784537393613, -0.624122819876918, 0.29992478472042894, -1.7287416137254812, -0.3976229331677519, -0.24015508326493495, 3.4835743701695057, 1.494659019496257, -2.4792615507773443, 0.715365944929508, 1.251920799479338, 0.6547277006756972, 4.062290936734538, -2.0843869466572578, 0.5372247741016902, 3.3192332893632694, -0.27334477000763513, 2.2683728104375747, 3.3658579359442915, -2.860852828267206, 2.0111468255382707, 1.9561302463447174, -1.5940995753782166, 0.9755659270294217]",0.872502937720329
8,"[2.8704109266530473, -1.9503752882387664, 1.7169082264333684, 0.03524655035402935, 1.9918940128764833, 4.562403666906819, 3.349646273360489, 2.534401306505306, -0.621850673482709, -1.1392872221168564, 0.956126542138453, 0.022073521543731545, 2.8080678217805795, 3.18382596110004, -1.5242802351452904, 2.176586492518729, -1.823030157512683, 3.2770919835013164, -3.8949034798830158, 0.6372676982306715, 2.066180273244372, -2.1964058773131594, 0.08543720155064377, 0.8052848737951334, 0.38771227504849226, -1.8256743207192425, -0.684660351339445, 1.4766763771689948, -0.9978388114474966, 1.4795656050507882, 1.9156051501569626, 2.9959063176889886, -1.9949233712678005, -1.3264531875605787, -0.5628306535801058, 2.0249861287276874, 1.0648148472862646, 2.8479425650451353, 2.6701863435658444, 2.5398285717334796, 2.128586377712, -0.1019651938423598, 2.488586306310076, -1.7371084105916994, 0.3330844264626502, 0.7938738823545417, 3.3786444169932928, 0.7939731381701629, -1.7496993546438384, 0.5741879327675892, 1.3608255491595473, 1.4633292865650191, 0.18787633362168932, -1.8404157246482402, 0.27486261837513803, 2.6525615307498622, -1.227191864711622, 2.1153861718929594, 2.586638451058416, -1.596684945315851, 1.6723396263750123, 2.592512652455691, -1.665605021129891, 2.3035401185159037]",0.873191899710704
8,"[-0.015718587061464673, -2.5439998440824407, 1.8333762029066403, -0.7086755536208619, 1.3887134729195934, 1.9613441044259095, 2.608565787731532, 1.4722998360873223, -0.6873437092562771, 2.8337894067950202, -0.8177870634896958, -1.0814038346636528, 2.907256832644614, 0.6536803087805589, -1.1748987010178633, 1.2867603436736164, -3.6950129413891686, 2.53497758311701, -3.5973825671868562, 1.520091968408189, 2.19495744246907, -2.582991051929673, -0.7321046296665691, 2.2037526971344126, 1.3115436120862276, 0.7689050737025961, -1.766061154815811, 2.4342703873464826, 0.3528141732984374, -0.6309691273996049, 2.8591167608863968, 3.7866071696093044, -1.0844167318977083, -1.9460142278382406, -0.6880796809762305, 1.4275482751021085, 2.1327904600742005, 0.11558357573557831, -0.9069285500076841, 2.583763600686868, 0.9821561310787998, 0.3324600756392735, 2.3621137080546126, -0.05676057767015663, -2.3697382936175213, 2.157074006661302, 3.523174940175145, 1.8530319637703738, -1.7630423213033417, -3.471094259386036, -1.593099116266539, 2.321026257955227, -0.296856449744733, -0.727095208212589, 2.3916385959946926, -0.19964538244140484, -0.7921260627474357, 2.2759272687030188, 2.8584047609146888, -3.4349674615090584, 0.7875593286947804, 1.5904934712776484, -2.653242151348803, 3.497820241113379]",0.8754406580493537
8,"[-0.15216231348023757, -0.08280162718931772, -0.2514366440836018, -1.9138604730310287, 2.705778917876623, 2.9763806900589524, 0.7042691511645893, 2.21102402095722, -2.300074486524638, -2.068892447727419, 0.22414849395573877, 1.0787806882962345, 2.3735213044744508, 2.866174256854004, 0.8034140659080778, 0.6560243866274864, -1.5215456738198299, 0.6554345879296335, -3.643037022269186, 0.5639813170808889, 0.47176012222865515, -1.7537277082036302, -0.43835427526212994, 2.45577744632946, 0.7305598684383329, -0.6222951116500091, -2.558604070108662, 2.0188916071691647, 0.356507140131021, 2.1122910954889065, 2.8876429163326565, 2.6848770698264124, -0.7325626783335479, -2.7678076628752937, -2.4578255692947053, 2.0916622967981287, 2.7766411680419107, 2.9554134348474452, 2.356902633477465, 2.2869609465370315, 1.5605944935264873, -1.2081037952790918, 1.9375087020063182, -1.5939244948373916, -1.0392117247556174, 0.3072255793640736, 3.7607276365845808, -0.18659640381884035, -2.0532533057715607, 1.6596469175449968, -0.583637884531985, 2.3540842768144437, 2.5143753342984265, -1.8559902890397488, -0.24391332799315557, 1.940001536703658, -0.12026997776380544, 2.244991684668335, 2.2448134559210535, -2.882985503848886, 2.9438549764105195, 1.3040473664984313, -1.7426006315894313, 3.6655187971889105]",0.8755980861244019
8,"[0.5961682655647796, -2.8437709134083797, 0.7619338668323428, 0.14319515529861437, 3.2418712890900268, 2.8656205204036693, 2.8893357770666412, 0.026517324254362262, -1.3444397005800912, -0.9094543376596472, 1.74965461093908, 1.0170446928817547, 1.5380856060607973, 3.039393317576767, -1.4208447527177186, 2.3160412996174227, -1.4436315796862982, 2.5805078935873564, -2.697875051117065, 0.4026831782146844, 1.8414426104021526, -0.7866633781838914, 0.3496169036485873, 0.7302301576600373, -0.6714111638887483, 0.56140397632922, 1.5853628036798233, -0.242456367025414, -1.1181282871054683, 2.199193190577085, 3.610393746468614, 3.750708491583085, -2.019332268128639, -0.5937918941280667, -2.130015973734775, 2.5807521138598135, 2.851162604263836, 1.9948847828613476, 2.012647126557101, 0.8949215925578023, 0.32676838511803785, -0.603353271165292, 1.6156488444145556, -1.2239097118870552, 1.4830728673822213, 0.7233425481520135, 3.0865895541573236, 0.98122947324585, -3.0555042026408104, 1.9145904033621548, 0.5664340205695367, 1.3099680229944415, 2.007935667476221, -0.521062711812916, 2.3971125940265283, 2.0989503534586014, -0.2494121899536314, 1.658609512245437, 3.411808995055529, -1.676500048515488, 2.5549157302508143, 2.363027480633566, -2.742715317717715, 2.6135658462219333]",0.8779527559055118
8,"[1.1639824340690728, -1.2555415246627655, 1.2982342385726746, -0.36306340895865485, 3.4369424930681522, 3.783446496171399, 2.7949567560970063, 1.437582470215037, -1.4821895814010486, -1.0704139417700056, 0.11268817963313049, 2.599228097516312, 3.538846828782053, 3.79189662991788, -1.2102160139160794, 2.38734245885756, -2.6350905034468224, 2.7775957226734467, -3.210301105727323, -0.6022946460072326, 1.423553356073912, -2.6733593891346943, 1.1955396279942034, 3.155312250575704, 1.9289411679439206, 0.3428161003015646, 1.220757881989568, 1.3355666209294075, -1.68045496004336, 1.8324281175409634, 2.5810318291359424, 3.7966744566288853, 0.07751065569491487, -1.5283443384508404, -1.777852977138203, 0.6490381680409578, 1.8060978100491396, 2.3371812317268255, 1.7322016712526198, 1.0013775914648368, -0.7320434804053022, -1.3881116627423584, 3.065888401598728, -0.0075076337122956804, 0.0048798867933411705, 0.49827769233317765, 1.1372439570429846, 1.111304081200728, -2.0592551598542355, 2.2553399663257725, 0.8701098646016739, 1.1088582424154023, 1.3333675871435806, -1.761410132035185, 0.5336843589908911, 3.353728041238338, 0.4220605469986083, 2.1648422733385266, 3.010229283119676, -2.09158063668685, 0.5478299282856154, 3.2546861464682513, -1.9787796998677878, -0.11609830705153135]",0.8781190019193857
8,"[0.7274192459138766, -1.8466173482553585, 2.785130413861782, -0.18227741753649984, 0.7118450086157888, 2.328124231954316, 3.167614719911376, -0.8215325579855584, -2.1507638578199537, 0.7285268245255656, 0.2950774254501084, 1.7917355477960086, 3.2762233323261367, 3.2268883076510475, 0.8365529839392284, 2.07468818695713, -3.2325012701471856, 2.5899974088483546, -4.039293839671579, 1.988981677856056, 2.0932201574994402, -2.867207046091745, -2.3317665079359746, 1.0690935566654172, 2.224640643787943, 0.8491344221497887, -1.6984138408542382, 3.7514362183417935, -1.746941477709729, -1.0935724978050563, 2.4429292927613884, 3.031756312878587, -1.0877404231691812, -3.0963260355522073, -1.6248951687095052, 1.90543005044128, 1.6695812677286566, -1.41043467921192, 1.300113833095255, 2.3824278014552025, 1.685908468602059, -0.8307637434149703, 2.3039503450122694, 0.0529698423335927, -0.260262139955842, -1.16482345383654, 2.7783821860766515, 3.042766769183046, -1.7150717881491018, -3.2604551327637488, -1.277698216495879, 2.3831973897333514, 0.8783685616066973, -0.7823538866797404, -0.3935472308146929, 0.28396930501138995, -0.04104065049471514, 2.284340399954165, 2.0500499749037404, -0.15882853153798715, 2.0732793100196094, 2.709531177574535, -2.0155124214180926, 1.808218161585195]",0.8810172570390554
8,"[1.6176157098663981, -1.4451251825668199, 2.3571932503467248, -0.667386855515289, 3.087031617619627, 4.613945711033316, 3.09886915033114, 2.5724421944742475, -0.5122285307071822, -0.7471412026036566, 0.536690927008907, 3.843234055640422, 3.0014189408286285, 3.7314902570896527, 0.9003677741349378, 1.7077325877122722, -2.3839788482237654, 3.4903981061030867, -3.1204521659255904, 0.09498199330863877, 0.7254163269525127, -1.6394348759755966, 0.8658696051508945, 1.2327069845639569, 2.1743452009487507, -0.6013014459205264, -1.3319321123842576, 2.039208800522703, -1.310720934515098, 0.01915651006726138, 1.760233596720011, 2.7604417583542626, -1.183855050410716, -0.007996822227303468, -0.8585898042511511, 2.2265089479681346, 1.5559846789212715, -0.42311224482904297, 2.462984453044848, 1.0205879095816857, -0.4725937477942854, -1.229054090715045, 1.370891632759364, -1.4629493841505155, 1.7160452074287311, -0.40083009979355, 3.6592603159340635, 2.8453842980255257, -1.93403523490597, 1.9722761761080094, 1.175835881581411, -0.631674785459665, 1.295233103654889, -2.654198687823146, 1.6774968548344087, 1.5803110654817163, -2.1525311036069508, 1.471288989194015, 2.6900641799243608, -1.2602187044003985, 1.5978725084462861, 1.1946554188855971, -2.758622006095281, 0.28496537831100444]",0.8828671328671329
8,"[2.0557609003250885, -1.915281949153587, 0.9497409359958646, 1.0800097504846373, 2.938645783130168, 4.406469058681857, 3.40402405988164, 1.7737609532635517, -1.257434029247908, -1.545132820313731, 1.942654597560711, 1.8827074907158234, 3.46939171824638, 3.368973519997895, -1.1277829014271368, -0.4142618296130127, -3.1224729364654964, 3.403531133483349, -3.7285002372700773, -2.2499904532662103, 0.6208626361964587, -3.020788078795907, 1.9115542556161078, 2.404366655060036, 0.39485923508304366, -0.21394827999124227, -0.9913934741904891, 2.490216846678368, -0.47138469536713834, -0.8525939429922589, 3.3408615005054196, 3.7916602073815726, -0.6822699490301045, -2.7063872309530783, -2.1451505124225654, 2.6484544555569633, 1.0997316576991152, 2.8992799317237488, 1.658919150141293, 2.3091558381928707, -0.06837800329487254, -0.5636436710038529, 2.046490985640846, -1.6032508511427428, -2.691299742901451, 0.6533157218143837, 3.381851174473403, 2.899705391200484, -2.52733060884154, 1.9763722908747974, 0.4160523186194712, 2.6044159988253996, 1.1110036242573589, -2.4250336443306795, 0.35366021207448683, 0.12625084976403644, -1.5594470355597503, 2.2487983940332907, 2.811012423982736, -1.3018083241324516, 3.025729952180262, 0.5623198438700114, -1.3912685074536357, 3.109239882721758]",0.8832050701674966
8,"[0.8548286684550624, -2.2008115065245066, 2.9259505754053317, -1.482410548476041, 2.6459127005337257, 3.3850414860185802, 2.2015594765011954, 1.0467583613773022, 0.4350694218302349, 1.6385032212409163, -0.2734462919162286, -0.6808713737930263, 3.5383599134495562, 2.7033671587038692, 0.415277583033979, 0.7322585824793875, -3.5889995805214734, 1.7745242327371669, -4.004847448175625, 2.146871966857907, 1.5209359593194185, -2.090497416410649, -2.3662842931204064, 1.5643584078027828, 2.2309524582194546, 3.187989934804011, -0.3692221763946171, 2.8782697081731214, -0.19092284136264245, -1.2279316423289468, 1.5725757133965308, 3.3654703427034236, 0.3689315518508256, -2.2355481127024395, -1.0482301731989843, 2.615749041322479, 2.8345934680124474, 2.617031472020657, 0.7108309711136764, 1.2796260755405378, 0.4200228788464384, 1.193992928183916, 2.998443747326893, 0.10989974682187076, -1.378919844365144, 0.04820109948004281, 2.7068698600742547, 2.306066033847515, -3.026914878552729, -1.3299363164153302, 0.630681027031908, 1.2918237775251518, 1.7716352138909661, -2.870071495601957, 2.3774908470804745, 0.07681508562257755, -0.016229326073565864, 2.167687844713612, 2.6951286439016937, -1.5884875357711976, 1.0416917591681978, 3.5273918107958226, -2.2456647414137016, 2.569545110859139]",0.8835192069392813
8,"[0.32230842607436316, -1.040950786960817, 1.4941532177088512, -0.2361865496128499, 3.503449572002949, 5.0813959159135615, 3.134147566735778, 2.5933662711893404, -0.32395821440733363, 1.0481176938530536, 1.3477445179380285, -0.10651156378637938, 1.533279623405937, 2.342239411330465, 0.40822185029119107, 1.8714049659802754, -2.223371296373185, 2.2865496473083384, -4.09605561577071, -0.5626730102794835, 1.5598528181057802, -2.1275791885797535, 0.38402010695464894, 3.213205111642481, -0.026228246850296344, 0.6264547114619368, -0.12605880474276063, 2.3028468301263265, -1.186874543619397, 2.5101808761980795, 2.9353580927111427, 2.426818701789804, -1.5062969086128941, -1.6427414367158089, -3.588749103071988, 2.6588750116711743, 2.618255102573725, 0.3566294370890555, 0.7667686038012873, 2.3743252427170347, 1.5738342743856226, -1.9656760086800502, 1.782148425713217, -0.8307548721282851, -0.7193625847097508, 1.5181242873200977, 2.103856388319612, 3.2668314393436413, -2.8324371762418323, -0.7138350343212152, -0.06544613063316353, 2.0965078326113122, 1.0298856514547357, -2.7816336067044722, 1.7121672992765669, 0.8112476278343135, -0.028432761558844888, 2.1613235710036314, 2.953375580349784, -2.3940951649224935, 1.2329295031681866, 3.412692540646134, -2.135042721258713, 2.0481410935336135]",0.8841220698805838
8,"[0.9039666756074054, -2.627000176032143, 1.5219648787759612, -1.3199896370622552, 2.1425648483615367, 3.7776175260079894, 3.458932987607473, 1.8707491839786592, 1.3735837207096642, -0.8055323443793898, 2.0876866185642315, -1.209804369574097, 3.5550024312018698, 3.777010207053014, -0.6153897204023339, 1.788059706876243, -3.833388897639201, 3.3392900139252575, -3.245055529279637, 0.874633450052965, 2.006059768775166, -3.2890443542361076, 0.23004645889386446, 0.7847410677227182, 1.5386000912998734, 0.3249117801674503, -0.7052523539361717, 2.8115915079197116, -0.6347602257178199, 2.126909789085694, 3.6089679812965865, 3.353089667448551, -1.2776582882226168, -2.234128630637586, -2.874011596389315, 1.6926022849168865, 1.9773799798679361, 0.1399111122263179, 1.2902102263329986, 1.2518179824012785, -1.653646292880755, -1.5836300836870945, 1.781140307508828, -1.987168923370689, -1.2983356791341996, 0.8424354420611255, 3.2992619794892386, 2.4831399803987964, -2.5767837889577416, -0.08483605493021429, -1.2238629873022888, 2.494466472531684, 2.863818637128288, -2.9580638830087826, 1.0302197752711515, -0.1928160806794159, -0.633512448270755, 1.8480426388575202, 3.112942227935997, -3.232177169346037, 1.2953998972311707, 3.5145779707787104, -2.3860451081108964, 3.063193141297578]",0.8845807033363391
8,"[1.0614901622107376, -2.998867293527481, 2.151964222143027, 1.6730124432795284, 2.0825968903047785, 3.611914243840769, 3.4488355989660255, 0.8284102411432877, 0.5597865596759503, -0.002001336047552371, 2.145484990132391, 0.6968175797316071, 2.4698886828452045, 1.0841741344040967, -0.2734243655527224, 0.8109414013363394, -2.8485350703721717, 3.4989416997060068, -3.74036260224677, 0.13780485374139895, 2.0735410746321703, -3.6036756683104625, -0.5091542371538031, 0.74684245946827, -0.6552345568291642, -0.8263554534693368, 0.6087977662013798, 0.9593954292755849, -0.5445707094698465, 0.806973287725118, 3.062414846772952, 1.5980107696864376, -2.2092066364439176, -1.7062253650365424, 1.0837779080409442, 1.4465174002271142, 3.088669232713892, 1.6102356412717365, 2.7438118529037605, 2.7752609733485083, -1.4925495817174488, -1.637714996763291, 2.9696017031315525, -2.000217246958812, -0.4931293943986387, 2.5011401680457888, 3.7633580164408573, 1.0682432096390075, -3.0757557230881414, 1.1698393824602313, 0.483364755935322, 1.6536547081859283, 0.3776336687527735, -1.6203002594168, -1.1749238867739193, 1.66832493968963, -0.8131914613780957, 1.734581343890854, 2.591739434335831, -1.3170015864650715, 3.025293746964504, 1.7754230901513708, -2.6258044348547025, 1.871430241880443]",0.8846153846153846
8,"[2.4684740804958607, -1.850240872515217, 1.5752268791388733, -1.6497756955706897, 3.540504578058328, 2.481959289259608, 0.23723162963277122, 1.7948776187762043, -1.409116194301718, -2.0467933370635745, 1.524626050348158, 1.2554970247648596, 3.0235160285934355, 2.715153163652657, -1.8300587050972028, 2.2149013397442623, -2.9701763464376, 1.3514959350028208, -2.053802167680522, 1.847220709229381, -0.4187757497560771, -0.2812734849213131, 0.9889179247605162, 1.3280577221187562, -1.4002456517822373, -1.6712062305619457, 2.047105209957537, -1.2075684248272893, -1.7507190061906883, 1.4923806490357552, 3.4296165096377274, 3.7716967464987756, 0.6547798519920882, 1.3349255863266078, 0.13105601124381794, 1.4210647079725842, 3.520780400446728, -0.8730380064987489, 1.5723157274981563, 0.5730890854123888, 0.16510439064646837, -1.098492991445803, 2.3423058789447415, -2.811657292277151, 0.723937704319864, -1.711443170404026, 2.4781521149028496, 1.4868170603801312, -2.004294052314287, -0.004247085286706476, 2.0732005528419526, -0.34520523123490787, 4.184142850790993, -2.829364090222829, 0.5471728831127316, 2.881461703588408, -0.829012279038122, 1.8656380946924698, 2.8182935082344103, 0.059017310710937965, 0.8864955482576566, 1.18314256105933, -2.0577957487795135, 2.664082488092427]",0.8848991637973438
8,"[1.483745084523151, -2.3826258227700463, 2.4670198027555985, -1.049416435496497, 3.0782779865109124, 2.210217831614937, 3.40875338520642, 0.25400658328381437, -1.4176608935232453, 1.083858142943575, 0.3108891780165528, 0.2948331047718642, 2.983197148696227, 1.2836304248791917, -0.6911986831379829, 1.1931996446215751, -3.82478478636604, 1.1421489108639897, -3.336940875338664, 2.126735956787501, 0.4722944059100239, -2.5483151068006378, -1.0435887475084673, 1.6631490404582914, 0.8188196775093516, 1.233175805164008, -0.8600691180486665, 0.9045825983991239, 1.0782059400069635, 0.42611722999853746, 2.0361079073391695, 3.795028216930591, -1.5719760184970477, -3.033457605398647, -1.2803703394549455, 0.744382938966591, 1.2470510491797298, -0.34372156978013874, 1.6203129318710596, 1.1770578171574104, 1.9345402763385973, -0.6521687558358904, 2.6632156497344854, -1.1583343958591124, -2.405924229075912, 0.3697953515762009, 3.3302512256889027, 2.172417280303548, -2.2771036273633563, -1.8340938750140396, 0.8505777300173119, 0.4542292513313364, 1.193433500882453, -2.1352970530710182, 0.8237962605294145, 0.8160238402523041, 1.1172456642763269, 2.111501914620847, 1.6573426080213283, -0.7681008460883154, 2.4369045186765614, 1.4026395332658264, -2.58890433953746, 3.6411084697358076]",0.8858895705521472
8,"[0.28005171134294027, -2.9059862531494387, 3.2764103870035495, 1.1692838997017558, 3.546985217266526, 4.009791632850887, 3.1627574426406886, 2.2142156764199465, -0.4814053725986938, -0.4493470232829967, -0.15497861382054268, 1.5195109134286926, 2.7508926295783223, 1.4266300815464712, -0.6535229962349901, 1.975713398405401, -3.27633686221442, 1.968536442855445, -4.05512858848878, 0.04510361140960012, 2.414579469819417, -0.7158088627385686, -0.40079653451610897, 2.020542509655744, 0.17828098918818502, 0.0516544093895801, 0.2572431734485581, 2.8803056005850434, -1.5138009358902997, 0.44913018076238626, 1.9621609992857847, 3.8074489526068307, 0.2799725670311991, 0.11644150440022694, -1.951684313330421, 2.6392057053416473, 2.8802337421845237, 1.4769856512149961, 0.14252602423988292, 1.6542838395666026, 0.973648330802851, -1.121608895803789, 2.9464385709501317, -1.6595906338175375, -0.3035230361152922, 1.484507397864086, 3.7442176015546393, 3.297018626951778, -1.8906363916877797, -1.8886523082251931, 0.2765171532345449, 1.7921083863345977, 1.3706937062275597, -2.7793311173731903, 0.021606939135604408, -0.5633457188670443, -1.2001167214670139, 2.2780846286861394, 3.4053625067659654, -2.236206152298198, 0.3304252096171931, 3.4592200437667753, -2.0912581251479603, 3.53671258207428]",0.8863316110850165
8,"[1.8689288118508616, -0.4133070776527026, -0.10132243006513542, -0.9442007695278984, 3.0235417792070844, 4.277245907103845, 2.3140672114384926, 2.1326739303240467, -0.6301970742593541, -0.2987222570757069, 1.6001502272733223, 1.3030497956064249, 0.16360842411882048, 3.5549720294214193, -0.2238794288967867, 0.8532307073852317, -2.258108203991643, 3.0574950766777995, -3.977604088302707, -1.3554137463742164, 2.063327419039677, -2.5123049308996688, -1.218895766196967, 2.233431588437694, 1.1098919841311035, -0.3540017716782962, 2.53605862395454, 1.0897602010030099, -0.31830013438658744, -0.27864580028538355, 3.4119699019491283, 3.7458791791671353, 0.07409817996655688, 0.26994052123994283, -0.5671855752924677, 2.483711276596567, 3.0274872517372864, 1.1181264132523014, 2.1171663007514367, 2.0045797760813766, 1.9762072482336248, -1.6871583552619078, 2.000318183266791, -1.7657731265294156, -0.29615689222144775, 0.6300321559540958, 3.094746936992557, 3.4688818849532272, -3.0132990945230205, 0.6830422823966937, 1.4024765903883145, 1.6172347929229358, 3.331429067182752, -2.13036975534419, -1.3667754524467803, 0.5759859701898117, -2.2155137376884833, 1.7161523983317082, 1.946222379212964, -1.1122895414000946, 2.5483855837300187, 1.9952353402730896, -2.2739167474000452, 2.468673747022415]",0.8864035087719299
8,"[1.6628947617595462, -2.678268596205222, 2.7887821794118537, 0.8612499765710225, 2.751881395186376, 4.549404533699695, 3.123368590477736, 1.4380971060582075, -0.9113391636762382, -0.44344861871913377, 1.2185799993453696, -0.4679299441065268, 2.4877205305278096, 2.1755483977796537, -1.693672763981996, 1.2117789222685966, -0.8902760608119102, 3.2241756015371066, -3.9533916504889843, 1.1529093369028, 1.7805911908775598, -2.3980768999017212, 0.36200970157291157, 2.7365107464872347, 2.144796243707404, 1.0467876855913683, 0.47021206189828246, 3.4092291549284788, -2.2712109707596952, 0.42771121406504276, 3.1611813383645915, 3.526784626931906, -0.8306431853452486, -2.6642755362304786, -1.4987945699202085, 2.5471697592766094, 1.4896976601839405, 2.1049692183912354, -0.1501967964037716, 1.9218661835964195, -0.8899808945833583, -1.8550158003686672, 3.04269101115459, -3.2790606314191106, 0.6592142389100871, 0.6565457263480512, 2.9888105521591175, 0.5508635959634203, -2.893616441753891, -0.02875412259901549, -1.4181216777761625, 0.6809717719643744, 3.649817932897573, -2.972324402354652, 2.1321951422388046, 1.4243170988698093, 0.6946420816238639, 1.6458798078314665, 3.28175232985313, -1.0766747374717607, 0.30669864507776934, 2.8631381560241644, -2.745571805866741, 2.553727027200338]",0.8870370370370371
8,"[2.829812979002984, -2.993870181929463, 3.3310453493444654, -1.2033888432421607, 3.4050019027729315, 3.0107593105863453, 1.600179391269761, 2.524564588867814, 0.7829993509581793, 0.6171628011052481, 0.34026343573108386, 1.10091430632799, 2.292934990931249, 3.2303945486742096, 1.242078275266326, 2.3952350584066227, -3.040670963704147, -1.2404929670843736, -3.2202696947905367, 2.1354871316926585, 0.8408467907827517, -2.0351850694539095, -2.5841662179709415, 2.5997421354745804, 1.0874070951923414, 0.08755513274022508, -0.6886769998742792, 0.30717941596710563, 1.0740280268211153, -1.9050778250435547, 3.2592059336116677, 1.5423952697515033, -0.8368187309543584, -2.0861309066889846, -1.8516716184206095, 2.1103293908036465, -0.40482535399209807, -0.20458087664766, -0.39444263518785355, 2.702470231904304, -0.4082052347355666, -2.3066417725776107, 1.6662036814335983, -1.443957081266902, -1.2281504398678225, -0.3570843975286778, 2.0436334274334262, 2.434350041581441, -2.9233812895457962, -2.9080658315902514, -0.6116123924377083, 0.6967819526251666, 0.7850410225183908, -1.0420718707211833, 1.4720116017590437, 0.4034257777111354, -2.2283005868288477, 1.8362425277443721, 1.8979236051129433, -1.7853608984677423, 0.8959780963567959, 1.5559273614604916, -2.6129270876456316, 3.372828677598111]",0.8872620790629575
8,"[-0.15782523137603022, -1.7580583978516149, -0.18215210651621289, 0.45782088398135856, 2.398870705800222, 3.1140598759454745, 2.3703487098978275, 0.6985430888944825, -2.422857761335834, -1.1091090919606281, 0.39635507245968293, -0.1162685049780996, 1.9724296930382745, 3.151292635621082, 0.1266502245983241, 1.4888946255367101, -1.1232337112985225, 3.06636628469595, -4.092060437903323, 0.8872950430299869, 1.7564062961702969, 0.5933254395284883, 0.5800539382178557, -0.7376162357791691, 0.6494251997255318, -2.9481760215195036, 1.6682961005963686, 0.04007408209810438, -2.4916731289575376, 2.4789168687298724, 3.0081400250760675, 3.7889099157583845, -1.6182039432046995, 0.024305126405732125, -3.403560486730043, 1.9224184873592054, 3.0282309018443376, 1.85379251666687, 2.7351664585665727, 0.7471397974180121, -0.6910965034049625, -0.20046072544199034, 0.9088631450562217, -2.834918879373788, 3.59246493423282, 1.4608229463147862, 1.3070802005678828, 0.8664589997428311, -1.986543461128203, 1.8828426901177822, 0.5154471237643012, 1.6449196974441214, 1.0370899784905985, -1.5613692888494926, 2.34628731925489, 1.3020012307877968, -1.5378063060675395, 1.8442719051723164, 2.4918849492079715, 0.4106149588076462, 2.694016707579304, 1.9825754535320648, -2.6363282683393128, 3.372917702389393]",0.8877297565822156
8,"[0.19941907201856818, -1.8803405417958527, 1.7266823328880592, -1.0904418722679996, 3.156189014570976, 2.6059543733919908, 2.277033879928041, -1.5191040821834387, -0.65693163662585, 0.08876231740502294, 1.4222744771132236, 0.6148892085555338, 2.419507015328142, 2.507946078649742, -0.021218768217163064, 2.221201303853128, -3.589190988179705, 2.5506309968000296, -4.095372191612048, 1.8216975430466253, 2.095168956047375, -3.5964128951511363, -2.5092210044545995, 3.0788106700971505, 0.9399790712825706, 0.8455679950765388, -0.7968256901992026, 2.5822827884281843, -0.5726283295020791, -0.2900412047121456, 3.3328768918440526, 3.462756808160966, -0.18459505807024446, -1.2000683435845958, -2.729281689714213, 0.46146356912669945, 1.5063413028904953, -0.47776932341732303, 1.4690659204617436, -1.3693345070582217, -1.030017189171668, 1.2307625320350803, 2.385348739728004, -1.2796971256186866, -1.5286668302167534, 1.0766473962364107, 1.3965199580467302, 3.269534751993773, -2.3772246241296706, -2.2309665234740064, -1.557376015017489, 2.267246312830135, 0.8615284090832196, -0.509620923781243, 0.331947650124205, -0.315388078682997, 0.3177574512065484, 2.2814874172500903, 2.6075639923490224, -3.1808508819178227, 3.2200578900428036, 2.2742202363990494, -2.0234059578355197, 3.680050089801192]",0.8893421723610403
8,"[2.261539944637073, -2.3307427978235027, 0.2557270419180444, -0.39948841979708094, 3.448622160111431, 2.923264977713912, 2.972208310711868, 2.170707019183446, -0.4579081662797839, -0.18901116717588606, 2.143569836004753, 0.18609589455034975, 2.9299918967197582, 3.76292578462029, -0.07616966683658057, 1.625959091130962, -2.4848124049110663, 3.436684267101804, -2.563424787946743, 1.6851031209476095, 1.1842683372458072, -2.142537949399987, 0.2600881848820693, -0.1769256000693067, 1.2014740348340895, 0.9344915261798412, 0.7606011376105379, 0.13645649047021424, -0.9597787511205003, -0.5376255719086692, 2.144017065983232, 2.1948936270640047, -0.8240839061262754, -2.6671304204673794, -0.8329432477565171, -0.1263659934399064, 0.7465555639726595, -0.15388939661286813, 0.835904045060812, 1.40871670092816, 1.7259291451301484, -0.7597217191144812, 2.834176024988014, 1.2285214527478379, -1.450670245210164, -0.40532080835769657, 2.054849526435916, 3.4466262969690455, -1.5918466522588508, -2.8258626336729193, 1.2060287991696046, -0.1470511292505965, 1.6328416883964592, 0.5145689124503761, 1.2882948275038306, 0.997522154665095, -1.0769465827593199, 1.6767722156183882, 3.060053617764643, -3.1560783168831907, 1.3428283113202126, 2.4287797093220056, -2.757730750107294, 3.4635448030038973]",0.8895424836601307
8,"[2.603061469539696, -2.9244233298584863, 2.905261903918443, -2.0908366224649044, 3.116463078229291, 1.8192492997724463, 1.6182426503723926, 1.4990721636478734, -1.7320532464883176, 0.9258151569580849, 0.9194998070743968, 0.9757772486065039, 3.225618296186723, 1.2370959085742868, -1.462449041134939, 1.2381816551973213, -3.6317578543525966, 0.7381079225971852, -3.7000099297152085, 2.0731790087112207, 0.9676306086864841, -3.4042296549821853, -1.7737994981704444, 1.877694587663214, 2.1878783615268533, 1.5643775579479884, 0.22936436297485063, 3.128138594907897, 0.12871307398154805, -1.4440515237944522, 1.8285623722665267, 3.7009579253948868, -2.202154255496169, -3.786382215711214, -2.110532575843869, 0.2453517636873188, 2.6562720458767766, 1.945993930376988, 1.657210295749724, -0.39955360771302306, -0.7941781691990276, 0.06095579676260257, 1.6857847017124141, -2.6376079962968446, -1.4770957985238322, 1.582793921857963, 2.8815298379798495, 0.6735609240517406, -2.053851673603371, -1.1387486677968381, -1.4501431279009653, 1.9472682420907708, -1.7919008851384945, -0.4735331198717606, -0.38754269490462234, -0.03878079535102663, 0.825923045917507, 1.8466487461542762, 2.1329805027569257, -2.532016076176734, 0.5316654486970787, 2.2615317160667545, -2.7524404161391414, 2.1028008075684363]",0.8897777777777778
2,"[2.171104959930271, 1.6249916372471531, -2.665743090845763, 2.274230169347505, 2.8893752872630567, 3.336581426165665, -1.2822974969789893, -0.24225490496521473, -2.557670916543114, 0.2690495554989756, 1.9807530399341988, -1.013379316264936, -0.3718914551919934, -1.3382174641916778, -0.45984434714282174, 1.9242239997486772, 1.8843362775642207, 2.8982012536969664, 1.4018373283661196, -1.942535077892176, 1.996180026567738, 0.7813703543886722, 3.435530885115793, -1.7782326471752354, 1.5706138108052836, -2.807187965729391, 2.2978176458759303, 2.212697846048618, 2.436927581191897, 1.0610040561039606, 2.439494417215291, 0.6240547461113592, -1.0987673042294865, -3.39898931586697, -2.4008235101596727, 2.1327439757353632, 1.0121839513712767, 1.511374360147411, 2.6726364042217448, -3.035731965252165, 4.16843563671129, 1.3826494434371384, 1.583240337213381, -2.640158745737237, 2.3787073811723647, 2.301631978328613, 3.7330894365823424, -1.6906944912455575, -2.2218712781478955, -3.474270184742938, -2.8105248875855193, 0.9759429381762494, -0.25808907864677444, 1.0945574478274271, 2.3801138165138136, 3.218458712928415, -0.2548984563426997, 2.2094029460394733, 3.4068291237993735, -1.3787850908889687, 0.8572924571502163, 2.2574176997455795, -2.5858165874980465, 2.2413015735049955]",0.6706792777300086
2,"[2.1820104000358578, 1.0179479273140426, -2.4277621620621623, -0.16549985694306146, 3.36941776949739, 2.465478816669635, -2.0550039578209125, 1.134193080284008, -1.7834330651466235, -2.4301709009825636, 2.143068734376008, 0.5598361736965028, -1.8721982392830696, -1.7043337971087862, -0.1630491753377497, 1.820187880450933, 1.8472745460304107, 2.519829470850248, 1.7642558631202483, -2.629950621054505, 2.446854064518151, -1.1352285445839438, 1.0021409930819658, -0.4649495790655582, 1.5303821294743787, -2.3429437325689766, 0.7255537839194572, 1.2276284144141771, 3.4562424207929836, 1.9019406114844348, 1.7455244833596144, 0.38840833368101624, -0.5802246032602028, -1.8411757499016195, -2.3725994435799267, -0.7865235577089082, 2.8346545527735283, -0.2761933773051639, 1.8373948111425173, -1.7610677961491368, 3.7697556031559656, -0.09331556404453378, 2.6586754895382194, -2.8363581512340748, 1.2332096857483863, 1.7017706396457375, 3.368618253026895, -1.2640738398552698, -2.228912927755463, -3.2101695143430984, -0.8602160649520671, 2.2001718897835336, 0.20943966027241503, 1.8482191543738844, 1.2493556212477568, 1.8323026687763087, -1.633840285231843, 2.052214957301177, 2.9355908804928568, -1.9441044205897473, 1.3846656773351436, 0.3393531340629785, -2.738966396458451, 3.683433102734258]",0.6841880341880342
2,"[2.0877194723336756, 0.5882394909482795, -1.8114143643303797, 2.793690863708484, 3.444835541596332, 3.1624365180572194, 0.19824398597828052, 0.5844799779695828, -1.8551404194655676, -0.8097905430849541, 1.845310073346576, -2.7460871537080562, -2.0550884367042315, -0.6774532654460953, -0.722236908460826, 2.381708098052864, 1.1023197769379895, 1.648013363608541, -0.6291737402010518, -1.7018297290388762, 1.087117365187865, 0.9007813769718097, 3.896731036378424, -1.721894374453827, 1.9483550234129163, -2.4441337185750562, 2.9614791736237835, 3.706914771708333, 3.1403616435509414, 1.8480413358555015, 2.215101156243079, 1.651711301681051, -1.4817185436403404, -2.249939019911377, -2.931734169637484, 2.3228501927639815, 0.7900887161432109, 2.1430021817752856, 2.7351506317706833, -0.5942011638005296, 3.716450449998973, 0.4172647003965669, 2.903021665087972, -3.326823598710042, 1.4941035187647935, 2.578270791005174, 3.1128414780601723, -1.4503685549928274, -3.0481130727588033, -2.05598694966065, -2.466808050273419, 1.1062919837915597, 0.9616500688066234, 0.3331403535014353, 1.349631040747583, 2.9987281445301788, -0.5726863176701642, 1.9425571628818636, 2.9126581891563648, -1.1751938948195897, 1.4666060505148761, 2.043881308968366, -2.355455980689768, 2.1823668084086876]",0.7632829373650108
2,"[1.7165902797557062, 2.1044528384490713, -1.2410201229258, 3.2381224316851793, 3.5368139948814936, 4.792248589069034, -2.6333673423879107, 1.3520795755161856, -2.0148158239303844, -0.29880766228721134, 2.1462081106446, -0.17161681817646124, 1.8541042747353325, -0.7560727672062295, -1.525413097326287, 0.8447524064932934, 0.20002877889542936, 1.5327140244676758, 1.0833530504919677, -0.9878350042700674, 1.3536253238131484, 1.975684443189935, 0.8829171764747227, 0.4424929468083809, 0.316614936780194, -2.457372774672817, 0.8893689687429985, 2.2862630156418335, 2.6673722259123682, 2.5414110512651784, 2.5033570695879543, 0.04623908684262615, -0.066922353653289, -1.2264884473342343, -1.5462638090307692, 2.5908597317853657, 0.5501465351809205, 0.45321503007795116, 2.469484081679384, -1.9473549214314947, 3.083706554566635, 1.0206420125530427, 1.1879568378044838, -2.5799254378409553, 2.5285658519994034, 0.715302517326891, 3.7129074890920424, 1.0209080517226865, -1.159744469041775, -3.359266339624517, -1.655369720239278, 2.1843166583321247, -3.410686116918132, 1.65674661028602, 1.1184847557398288, 2.9891187585508163, 0.80020537281449, 2.285215481414803, 2.974894259804615, -2.0942976189613494, 0.724249600484735, 2.240115582527821, -1.5930584230967217, 0.7008171477050162]",0.7667676330592818
2,"[-0.46719451434479287, 3.5411674784540246, -2.616076918026209, 2.7088744593046785, 1.4917578774419906, 4.54312818995962, -0.6936732044988044, -1.5042393143689838, -2.5614017638156286, 0.7830876058139926, 1.5225642491641893, -1.1359408077699622, 0.8948672923265163, -1.4220097782593446, -1.0458894279781688, 1.0128585765372007, 2.1468927413040735, 2.5761700289341776, 0.19414080184491733, -1.1280337864739034, 1.752922709268169, 2.5345411157200686, 2.045878660749076, 3.0667485986938035, 1.410995634420631, -2.7519497974990257, 0.12891375621543766, 0.6035574229832972, 3.4440548151654853, -0.4704232224140168, 2.091461888194297, -0.15362705800640095, -1.9374444185183268, -2.3157764853462552, -0.2018360496377838, 1.279329876566159, 1.1379030225481188, 2.7208856738309777, 2.298522623705257, -3.2833814489111237, 3.5720564947035918, 0.38769058115718485, 0.9303755991120836, -1.369496920002932, 3.564531579272745, 1.763565788231612, 1.7172779891118335, -0.22415654415604802, -2.0232319467903634, -2.9541347186396587, -0.03857046500161676, 1.695855568772397, 0.0748449144698885, 1.664714223482736, 2.16340756053825, -0.9598567405893004, -0.6372804107142992, 2.1577660864240187, 2.5220357341726998, -1.6513001048770057, 0.05692479844288523, 3.4836353902251544, -2.6608844376610445, 1.4829415448705083]",0.7668258792878854
2,"[1.922186840073444, 2.20606227188118, -2.6615324842313806, 3.3335999931236264, 1.5667334855979862, 3.0877812011785077, -0.7376442483186851, 0.6249690703137829, -2.1093513250682316, -0.20150387580872067, 1.7631922023803162, -0.2778640176193461, -2.0444239678873517, -2.1217943187876225, -1.6178110150083866, 0.6489891155812935, 2.1895130298695338, 3.2567253155102973, 0.3715304379248796, -1.1780104170693564, 0.31929486173809596, 1.2212343334982372, 3.926528497600853, -1.0434438962946668, 1.6638794816796307, -2.214643068216472, 2.4215826451092113, 2.744939876906913, 1.6778499489337642, 1.9407861241038984, 2.9083433881751093, 1.088938200661101, -2.2063824878092513, -2.7053707536029012, -3.362098324827007, 2.2078199785721413, 1.9328530416639644, -0.23039399283178508, 2.5618448636993922, -3.4961508721905976, 3.5644558689960646, 1.5724484120352584, 0.738236807916392, -3.1038732053988793, 2.9710757510232026, 1.1522630437887773, 2.907781021871954, -1.328523652427278, -2.48474652448005, -3.4969559096604086, -1.8567413958315373, 2.2030907092632717, 1.5503099209928217, 0.21191987961815983, 1.7739694030440216, 2.7565985245767144, -0.6294998233761113, 2.0607453117522896, 3.3847697416872387, -2.419656359358154, 1.2113581501427773, 3.4714235728087037, -2.742983921042425, 2.428205993228034]",0.7790178571428571
2,"[2.770645731494749, 2.56044338564646, -1.4159893890751343, 2.088477447810058, 1.5367084868890855, 4.460139930675984, 0.5091583294150236, 2.4081039885186586, -1.2446997899563286, 0.7683549396458499, 2.0178267290113703, -1.9843696274735152, -0.1986930748118621, -0.8936232429279233, -1.8663797655101497, 2.1964149029804774, 0.40282130155564744, 1.1356821738099032, 1.9845390748041536, -3.713796699296773, 1.2642319034131622, 2.536636777907918, 2.79301195154198, -0.17854017595075256, 0.22714652051080697, -2.326312643631609, 2.9487022472026174, 3.44611444817044, 1.3030394376548533, 1.8751996461549494, 0.019548246735259234, 1.1325689263154366, -1.9268458762225604, -2.000065588391217, -2.6853706508107655, 1.351063744545948, 2.3859298450545143, 2.3047401492066495, 0.8961516503734064, -2.774861315227225, 1.2659471255603183, -1.978343489197508, 0.8288372767639828, -1.757931886065312, 2.779520233531518, 0.21856610904816076, 2.543432875332751, -1.7906333522161157, -0.47637328520700106, -1.271947741871533, -2.2699117227889034, 1.9745276780954522, 0.20330258557422587, -1.2510297810652171, 2.122036180516998, 0.5075981982745663, -1.864846725848742, 2.284172824150827, 3.2456011818370545, -2.410282191354257, 2.7337698095742047, 1.3222377013295392, -1.6703481097130553, 3.1617236254133285]",0.7869796279893712
2,"[1.6693721276803728, 1.0373746319854693, -2.1150973092154484, 2.625694696422176, 3.547172042448932, 4.116662141127161, -2.0432260359601635, 1.1637759571142279, -1.9517888469562665, -0.4962798513707269, 2.146061594063625, -1.0783116731761802, 1.4315783637849535, -1.5456590046140932, -0.9284870127302354, 1.7683763879671015, 0.0059726744009897526, 3.4043105942689738, 2.3284906519909256, -0.7142339413379352, -0.6115590475653296, -0.5313491476890015, 1.647608661100826, -1.0915910938759068, 1.1721774204261255, -2.936574364809583, 0.776235639970512, 0.9575476904025635, 3.325691980065742, 2.252399759863807, 2.65017682637207, 0.01393180565109503, 0.5320841187958707, -0.8983519670233128, 1.0724485234396133, 2.6625507008691507, 0.22819130757100914, 0.44706621842640293, 1.7235067867009022, -2.7952698451966733, 3.2891744197213386, 1.3496064296897183, 0.8486304566510985, -0.8543556173740348, 3.2078838565328778, 1.1029977838092615, 2.6025696443275255, 0.9227782552773788, -1.9722221779553468, -2.681187303423447, -2.7855925801980965, -0.19081673199038773, -1.385634718962629, 0.7789165079241239, 1.7328332235426456, 2.426361960094138, -1.3266749362717705, 2.2854832062837644, 2.9393010034958875, -2.894731882351885, 1.239793617647357, 1.983737760667498, -1.7097651353694747, 0.4437768123922985]",0.7884866986480593
2,"[1.1493968772603194, 2.384406708910984, -2.605177828577579, 2.704260434412316, 1.7990306244582404, 2.7936719265439853, -2.2478165189474737, 0.6625729478568213, -1.8178066875366763, -0.014366573665667182, 1.4235251461150586, -0.7864686789846631, 0.5304572649333351, -1.4546281636704648, 0.8798714349395967, 1.9619044862839576, 0.9593563814351702, 3.259894306227226, 0.4371400469223128, -1.5429835797527818, 2.446344045972683, 2.0759280156822078, 3.9268543415578216, -1.4746966928841863, 1.7454972290759463, -0.9795922012430118, 2.9551087431536156, 3.65974671767989, 0.5444807384405017, 0.3254041555581333, 2.2931908382238086, -0.6764333510716813, -1.474412559681891, -2.154566867446566, -3.391328335263119, 1.2446611305223454, 0.1914387545838907, -0.30890200680598956, 2.7231206966073134, -3.162300842137859, 4.0166224495909955, 1.2633789903709176, 0.9605981084304784, -2.6550797902191845, 3.5202333128336365, 1.3878411015518046, 3.3056320461762514, -2.2099091619726985, -2.8777630807691748, -2.3107511726955856, -2.775591751011178, 0.35742184935431665, 0.009686690243304874, 2.594949420686885, 2.2735097158124473, 2.864429361973909, 0.07812006466857063, 2.141550406496513, 2.01136315647296, -0.21819262457059296, -0.6761602605139085, 1.9735493050299304, -2.3162142671301233, 2.8512311678449533]",0.7919723780750971
2,"[2.3120963109113855, 3.248718466292794, -2.1910416446429504, 2.0945054070956184, 2.242533969424854, 4.514394471849758, -1.7214140247017715, 1.6670116004917874, -1.9094521721787898, -2.2332469589157498, 0.48999445120084206, -0.11663679757455483, 1.5757497349418381, 1.531885533326749, -2.7936614760216094, -1.4788547134640841, -1.0919183845003881, 3.435814474467928, 1.0881012091624687, 0.37128772648935493, 0.38135249386091574, 1.6321877167903964, 1.2390386126019755, -1.2162888125084346, -0.13231359669624254, -1.3947798394901996, 1.3080479861346195, 3.0178153224786928, 1.6945221430036277, 0.7515278520715356, 3.579125136100287, -0.20613980811807875, 0.88507024247064, -1.7267081452489907, -2.0314519888628477, 2.087259949774572, 1.8203592209058768, 1.02923059549492, 2.7028225519214297, -1.6550961774532857, 3.476160457351612, -0.9874704953079302, 0.4044141592780972, -1.574084777679594, 3.541858803194834, 0.011996285731396661, 3.206935206211887, 0.9091586270808752, -2.1057380446350233, -3.506294892030559, -1.4116479620924665, 2.377147127321783, -3.353427753231348, 2.1784017306513865, 1.8077389385213571, 3.296360897324362, -0.7934117404597065, 1.8915078409704746, 0.5900126215727886, -2.5743126651441885, -0.4878901113226432, 3.539223509609036, -2.5260176023625704, 0.32940473806703374]",0.7997416020671835
2,"[1.632736394148219, 2.4117990619343144, -2.615941640452507, 1.242633463029815, 2.713795355972407, 5.06189318648633, -1.6479189863734303, 0.32460831592351297, -1.7426851266742587, 0.14181096323811354, 1.8759443803539209, -2.499893668663561, -0.431782418878775, 0.2180947627041112, -1.4826807510148394, 1.1673916974555545, -1.6644410999235708, 3.321824068837929, -1.9163043452658814, -2.2518061228005646, 1.5473059118982042, -1.6074060449230059, 0.5356693905359182, -0.7443979343312286, 2.2381320494547996, -2.6186635832178253, 2.8533554610688503, 1.5040440479457151, 3.277511211482456, -0.4072128373235281, 1.9629516096585045, 0.567735608724764, -2.032679644781312, -3.8675249143186408, -1.6319843030832204, 0.4796805027896023, 2.1556048565147625, 2.6269070166489583, 2.6747276072579522, -1.4696072222450942, 3.5612129478870247, 1.8599697029132147, 2.3835917599376852, -1.9647688692140501, 3.5924778977163556, 2.156741280581861, 1.9183965583484324, -1.6378334988701122, -2.7401558928943905, -1.4368292356155834, -2.846473047425199, 1.6738676051551904, 1.2674044761633425, 2.3255754444086123, -0.04377632137355336, 1.1621636847535948, 0.8738136050011822, 1.9435161812623807, 2.969987545604366, -1.5979487210876775, -0.6251857615711333, 3.0290790498715925, -2.6334922201239, 1.4887187002857454]",0.8025641025641026
2,"[2.345062071242327, 2.1409544226029245, -2.2914595600379943, 1.000083138143311, 2.371177934017528, 2.1619521714674885, -2.6341085220216267, 0.9956157605292348, -1.6409493011846048, 1.6130209617967592, 2.121203013760356, -1.6810077691577316, 0.19151596285624084, -1.0780006686766146, -2.7457266600974948, 2.305117956722535, 0.9569617223532494, 3.1327147662498867, 1.0917172365687593, -1.4561101542783121, 2.38794818601146, -0.12518721837839766, 3.1605509594880044, 0.4928371830894007, 0.49207967068113545, -2.067387241914313, 1.4203343426886719, 3.361357294034789, 1.6892199029420496, -3.0443804860905175, 2.8875266485025435, 0.5766050368798772, -2.2197275812167327, -3.8672624190180773, -0.39390899005209756, 2.461122939820104, 1.2024859060074762, 0.08793125225821541, 1.6550030001758498, -3.234094434584054, 2.750977633641218, 0.959014622243936, -0.5050638105644277, -2.4667336843989682, 2.6688955498987874, 1.4567017960623825, 1.1579205376865738, -1.0841119269434296, -2.5865311460991256, -2.5845685987952205, -2.3210077950269072, 0.37044260093727266, -1.0297654538780416, 0.1289425610148882, 2.3137340001557853, 1.087636948912651, 1.6108799107199152, 1.495541926031359, 2.5919548800129633, 0.09794355819319156, 1.464075822398121, 1.0707213788808154, -2.601354259058722, 2.3861541297762403]",0.8068875326939843
2,"[2.7346853798884894, 2.373804254322036, -2.5744704994364183, 3.388471012090081, 3.5559289977550903, 4.404626548469846, -2.0524732259962466, -0.20359331574561468, -2.4261245622383103, 0.8369582878991655, 1.4666946223217505, -0.6364268207017667, 1.1631497691447312, -1.808004920809346, -1.7046238772358642, 2.1201834552182706, 0.7012516480258728, 2.0670308830532917, 1.7294311001779779, -1.1369531005590283, 2.131407958155093, 1.4314493201111733, 3.933852561541641, -1.487947352795678, 0.6128919265487248, -2.067192349705841, 2.664300040367091, 2.373981309002572, 1.536661060396912, 1.0516144252307176, 0.49988231607590095, 1.337492881201467, -1.0425984697110886, -3.0296756805008265, -0.36752425863170934, 0.49404999235169855, 1.7913509169377237, 1.7426892636004296, 2.135181272790214, -3.076320486735396, 3.7481078660223317, 1.823190631569429, 2.069327541824082, -1.7272092706219506, 3.575051648025008, 2.2331112319769715, 1.1616134968277976, -2.096055540436769, -2.74324776476785, -3.0168161307646653, -2.705293634874092, 2.614404839662467, 0.5231730311083196, 1.4785655503377866, 1.6979462569785806, 0.9839079645705513, -1.9447446818687655, 2.2205564641693805, 3.38694760728662, -2.656832755054115, 1.165472393140718, 2.1576367403747216, -2.367226635314491, 2.4269400486568635]",0.8070628768303187
2,"[2.675995154297852, 3.375652994149247, -2.3843304567128927, 3.5480244600256294, 2.919805448172693, 3.1271443854405, -1.8483918835059472, 2.496208720352566, -2.5331040194655197, -0.7697741387954744, -0.6246970956244118, -0.0373119656555867, -0.7328708020474521, -2.701568046946303, -1.7647409447936413, 2.392073845939929, 2.221727909142869, 2.43018785463703, 2.0434899270648366, -2.9561730947919975, 1.4202203156429587, -1.51730771812414, 1.0955188539245162, -1.5795775296887529, 0.3804237401335576, -1.4539112851410554, 1.508805100231433, 0.8627133431005038, 2.470689194323499, 2.1288284644911966, 2.7907642777483233, -0.6870950179151, 0.538353586154424, -2.8885155999022087, -0.7071284106576377, 2.0089108607478865, 0.7578386207674088, 0.7047143345002262, 2.745930170087627, -2.5293966232702347, 3.3332800176568576, 0.9140479330784094, 2.839589877444657, -1.716903143626895, 3.054167860943653, 1.6631460340895883, 3.582528867060735, -2.236110501747963, -2.171168585464464, -3.23431451223047, -1.2389817851172054, 0.3047499353579513, -1.8456062623338707, 2.4041394361469712, 1.4501495299449014, 2.2920862821662285, -0.8626724297325343, 2.254461336527892, 2.1913586314686695, -1.3162187827165506, 1.7619871124648454, 3.4564582843269944, -1.8642943378465713, 3.6209079531714]",0.81028522039758
2,"[2.925818263790434, 2.1424268610836616, -1.9089983584333314, 2.919881879868185, 3.55567481229319, 4.521032844415565, -1.239449674232699, -0.41940002574117297, -2.482334835573645, -1.960617030491545, 1.577918247299441, -0.9451143608009114, -1.2692217662765524, -1.3377462243961953, -1.6449859881201045, -0.6102166607665462, 1.858749915609848, 0.3038887057411386, -1.6395356627671334, -1.5873622049250198, 2.2878520056319056, 1.207641549641032, 2.565809909966278, -0.31582074777338853, 0.5791044495515852, -2.194349928972337, 2.0684840180016115, 2.893577116193384, 3.10016989303732, 1.4670354854084402, 0.8351722887088993, 0.2354026071213831, -2.181380866494539, -2.297564817275007, -3.15504174805819, 1.7702790811217515, 2.06954900766256, 2.470291916382714, 2.748760373132078, -1.8019043628653133, 2.0039415148472832, -0.07682800117183197, 2.5800036756465854, -3.34036754645467, 3.4716112947875066, 2.4654448201272703, 3.6069554742350585, -1.2666605937503528, -1.1216199674101468, -1.3347133729207186, -2.805937289438515, 2.3714164541189255, -2.1149981204208266, 1.1765940180309569, 2.3688088802530345, 3.3551253859881376, -1.411232239049423, 2.2820300021122764, 1.205315523102871, -0.7402562830827087, -0.15269145914389787, 0.8553868025469704, -2.6727326075920717, 1.006231688949406]",0.8184916915210908
2,"[2.8084683005196114, 2.8782989111465334, -1.5966852170772476, 2.674293891151211, 2.4644711254014, 4.473840803063461, -2.633925493093652, 1.6290502400490856, -2.3697974525618903, -1.5970624169005694, 1.9564208636111946, -0.10919162642262592, 1.381608074386953, 0.9522490489349611, -0.2136450838312629, -2.762249116998084, 0.09167598319222126, 2.885547256961897, 2.4696357796533377, -0.2342105765760506, 0.5768542273698256, 1.3686864463541464, 2.8671230349231016, -1.1702718503299185, 1.3819675013487194, -1.6502698217685072, 1.0225074674489973, 2.9129705784518913, 3.4707903540965765, 1.4060616592533879, 3.40807283364976, 1.8914261436258137, -0.6312718379652662, -2.356643737705202, -2.1939773516523644, 1.5254426107654266, 1.931700264744658, 2.144984627665209, 0.21021244345470702, -0.5173174477372886, 3.782947179766728, -2.447836910789059, 1.3094000277506808, -0.9261087535833183, 3.1729496461702333, 1.6151867730535765, 3.4615354542323344, 0.9131525583129704, -2.736994964486195, -2.661489829740777, -2.049608282574347, 2.619337880719976, -3.3393127405417857, 1.17911254993931, 1.2626621760748122, 2.7698527434250138, -1.622281297832033, 2.040425018287799, 2.56313834112263, -2.965988760437704, 0.27870243242106957, 2.2533162154026627, -2.7588828099602516, 0.8134644481051951]",0.8186528497409327
2,"[2.7282467750258834, 1.2649687655822992, -2.6223331982871887, 2.496906303567959, 1.4917585985732162, 5.079310884105285, -2.598282155616575, -0.00881018821299652, -2.362040753793141, -0.9290454391781195, 1.9110373632030642, 1.2798254457904874, 0.936465990267151, -2.8797766510505265, -0.7046295084914058, 1.0302179728138814, 1.8414679028957979, 3.514735760214058, 2.250130274744083, -2.3645541635031453, 1.4971014638978155, 1.1274682322672613, 2.0335043057876185, -1.597166352956894, 1.0582069235595677, -2.658813967776805, 2.5731645351773387, 3.2367769729700315, 0.7068404929716814, 1.610556411472789, 3.4370284312128208, -0.5865468288659897, -2.220909276828767, -3.172195521243486, -2.2168106762238, 2.5936471318415633, 2.1951263626113184, -0.2028020760418403, 1.5119665818477142, -3.35779936193459, 2.0273428787788768, 1.2162718934694967, 1.0383335385522396, -1.1813867275877605, 0.6828640160926049, 2.038517395235934, 2.5468137912286917, -1.9947327915178004, -2.0219708531434275, -3.5180823107012347, -2.7429907266396336, 1.3991196422480356, -2.042099001358659, 2.058044184799093, 0.8500442086667044, 3.177527711977001, 0.05468800367948923, 2.215093733445393, 1.9357925940962968, -1.1473381473306539, 2.3232413033569617, 0.24521036014122144, -2.722826532773576, 1.8606925182596719]",0.8186596583442839
2,"[1.667398399499963, 0.5585466820413689, -1.1176982432872644, 2.357418144817082, 2.356256295861415, 3.907303333243279, -1.1000003735870498, 2.427681230160083, -0.811838305855729, -1.4789486385689463, 2.090209243914552, -1.9173062247456842, 1.556329813410274, -0.4557277572613436, -0.16835141578770152, 1.1251165917110422, -1.641899417281513, 1.8030792361864998, -0.07813258157168113, -1.7097115189520942, 0.4264376082231103, 1.3564999388868944, 0.12561094497849878, 1.885857567239479, 1.8985813067590454, -1.4012068038254284, 0.22432763197011935, 1.7329429967475698, 2.533093504528588, 2.4676013355585273, 1.937570443576125, -1.7628789546544823, -0.8643335219370485, -1.2737372229772415, -0.45576375344443365, 2.23705666600189, -0.23411139750178867, 1.6822613321586455, 2.0642625777176677, -3.44190914782782, 3.26425053503811, 0.562102747678326, 1.6385720101421413, -2.3920403294120005, 2.014541303640075, -1.0352304084152655, 2.7015110917796727, 1.1465967086704092, -0.20100070017631366, -3.5193707520821897, -1.400853828942054, 2.105569924543755, -3.4349045397384956, 0.44818042805261116, 1.7601267225079897, 1.8829073240234835, 2.0151888093964736, 2.206228698121731, 2.459720258851527, -2.886072138015052, 0.10100894975667551, 3.473433001528228, -1.903197865459933, 1.9345956529182557]",0.8319088319088319
2,"[2.1790405259642616, 3.735574486274311, -2.5095291912462647, 3.217354812414485, 2.4149347942191293, 4.918574312078631, 0.5788642101823842, -0.47430334855756995, -2.510732652427306, 3.9044713761953154, 0.3017136960100393, -0.5238132112487122, -2.2865769761545147, -2.241512879794517, -2.69759250199999, 2.1849895652039257, 0.1737233946526171, -0.38463647270712764, 0.32744311026433104, -1.6752968152690002, 2.395580273763936, -0.5318939118113235, 2.829656227421898, -1.5695918387134429, -0.16422109072183688, -1.748286176294954, 0.7753113572210042, 3.619276814259618, 1.2386188198039072, 1.3305896965999406, 3.2529249659613573, 0.9164584633463604, 0.6093693395008588, -3.0966924312343536, -1.7068865700290883, 2.4291819939200305, -0.4218491779406097, 0.7875646336778894, 2.113579465022603, -3.3460064389298183, 3.832350675315332, -0.9878429992362281, 1.6238234637792173, -2.748663819035076, 2.3860366359641976, 1.7879157056687016, 3.494188492989608, -1.8141525744146647, 0.10793432771466294, -1.5477078224716356, -2.730600706818061, 2.5041679683041274, 0.9947795584566984, -1.7164021068561617, 2.0408780225897516, 3.181180646157612, -0.2983169434103232, 1.8030722510065378, 2.1670017868765754, -1.4010159264406359, -0.13029389572016292, 0.278035587247075, -2.7505435967403673, 1.5055851993654183]",0.8477751756440282
2,"[1.529813709363977, 2.754265280736603, -0.40822464220713917, 3.1064477652183577, 1.788673894470114, 2.561052473832037, -1.850726731503708, 1.0110255270340986, -1.7896624760763937, -2.0321775481052033, 0.534989942713, -2.9771326515016456, 3.3680767723606424, 0.11767470576209949, -2.6460128337305333, -1.5530825180036083, -1.2165057009844118, 3.5408257080129775, 1.8554684317156265, 0.9034035311798875, 1.7819588952722603, 2.40785311395513, -0.2021526689187163, -1.031822826824392, 0.7780570734424825, -1.3246953189428647, -0.17316654890121086, 0.8745841648590584, 2.2263324751311324, 1.2270474661713184, 2.5171378545050076, 0.13243237715232492, 0.018815548137001148, -3.4500082089263318, -1.7960153898888318, 2.6651438457815955, 0.6675033430688073, 0.6976803715655386, 1.7617179424586171, -3.407060653971035, 4.214960870591198, 0.33462944105163794, 1.031862915659981, 0.6527896473936041, 3.4216250106478343, -0.5948833774382392, 2.8914942377301367, 0.33456158944624814, -2.738358596705412, -1.731200716002395, -2.774767515224464, 1.940143109490526, -1.7920438017659928, 1.3178683365001147, 1.4435016735194364, 2.533525512807519, -0.2176463737335138, 2.036514892851289, -0.4177301184534865, -3.3141363875226064, -0.1327122178831169, 3.491483948288933, -2.6949407382530515, -0.7261631167702947]",0.8483992467043314
2,"[0.6521069840721951, 1.0194063247119267, -0.875623105927861, 2.1916254170280096, 3.4821134713739488, 4.260327280857565, -2.050988965191482, 1.4819645682310345, -1.5221479130631481, -1.2864641270974264, -0.5040875988522864, -0.8877596037858826, 0.019120581642464107, 0.6579852113545419, -2.8243330207079556, 1.6087784440743218, 1.6514513445703578, 1.1857486421388623, 0.5654648465268886, -1.2726529662065529, 0.9823742456171257, -0.5223659102818348, 2.5582309075849397, -1.433206333665829, 2.1704706696538465, -2.6871600776660687, 1.5468938561620755, 2.252084068122221, 1.4754867924897646, 1.892981676092632, 1.1302299016852904, -0.17587639040843678, -0.3388579741904135, -3.8703847953793473, -2.4869942853070737, 2.1458441975197244, 2.7735268265088635, -0.8432305261546871, 1.3693753294141797, -1.9262722738483242, 3.2957066942037545, 0.1193107241478133, 2.0410784446335546, -3.210375406217818, 2.4812868648479647, 2.5495266206553078, 3.7492734932000538, -2.0703601740175435, 2.184752018581597, -3.0043921575715293, -0.6297147934040896, -0.33595949972422057, -1.1575783268449382, 2.137764470045029, 2.2070238188699056, 1.4777328566363432, -0.6801581554656566, 1.9634838170472966, 2.03706579822188, -0.6132887411574983, -2.0956615182782676, 3.4395819044630156, -2.5420296823149466, 0.9906035938782867]",0.8505503810330228
2,"[1.1366687339623245, 1.4124098999059425, -2.638395030732427, 2.0079801484322015, 2.354066014398752, 3.1690094507380975, -0.9029000038992464, 1.6280954348116428, -1.1000226206539974, -0.10711063696546286, 0.891250467537918, -1.4293043071803022, -1.0308728090445847, -1.2193213069704982, -1.8863063639542939, 0.17374405347174982, 0.8473738734129491, 2.720238729491526, 0.6353541692652052, -2.8749255960336155, 1.9965060041974412, -0.45398354900001325, 3.2397193552989436, -1.810249243846613, 0.9726677265712285, -2.945086179665663, 1.1868283347169568, 0.7420807661458395, 2.9935007818788764, 0.7602820074305048, 1.7248339135954522, 0.4680425367273647, -2.063384519669323, -1.987179023805826, -2.0146333592549692, 2.662133185596957, 2.2577846004576596, 2.518326563006811, 2.732459469707114, -3.3978319526229424, 1.3609093625892212, 0.658696165948544, 2.1742530191951532, -2.751144693671179, 2.672843041424404, 2.082516335461673, 1.6218070864984382, -1.7374544350658598, -1.6386776801863938, -2.849516519061753, -1.0515188465466845, 1.8881663374998652, 0.6244100820373365, 1.7983147325739948, 2.3989049975531676, 2.703581613941303, -1.3570781212100258, 2.2833450354057363, 2.427151041225379, -3.3123110914503764, -1.1511302595067003, 1.608169457264388, -2.4352248435214214, 3.6538854626032324]",0.8518518518518519
2,"[1.6894533125572218, 2.459192536194668, 1.459190999951725, 3.0546326175163894, 3.4334199124367015, 4.037085756966182, -2.5922285799673617, 1.7988841394826096, -1.6232174957399856, 0.8337808126037026, 1.78096269821477, -2.071507598911553, 3.3170630663451206, 1.501316266429373, -2.776562190547594, 0.8713921475489681, -0.27622599603083503, 3.0631967773120916, 0.7982722375613149, -0.2867138424645248, 0.26744545722380764, 1.9983226308928448, 1.614196777430166, -0.2156418244334919, -0.15370428735846803, -2.8913912606004555, 0.523327789386534, 3.126890339288627, 2.575083653951497, 1.6180893959336133, 2.9076230110784556, -1.3230485988763558, -1.5632158299720436, -2.5345259021989013, -1.8712916843305838, 1.9762972186289842, 2.3643698768627854, 0.39924333586953253, 2.617359910055298, -2.667384135720675, 3.699082268101113, 0.5664197604685252, 1.0386936168270509, -1.1733090344557329, -0.4886833998909643, -2.451844976132424, 1.94611264427006, 2.1214305071716693, -3.080037316506938, -2.068754513183295, -2.3294265596202237, 0.43498908710843476, -2.064281916401499, 0.5000773047156113, 0.17677347425590106, 3.0411698187327194, 2.0320968960771255, 1.5714612259023149, 2.392896071565697, -2.041029303486412, -0.8194441267550259, 1.7899746815862585, -2.2856615929667425, -0.3828131294884518]",0.8579361406756132
2,"[1.9910287994215583, 1.247512746615261, -2.6654554894468996, 2.4065359137416773, 1.202242422025441, 2.418262884972397, 0.12277192058190317, 2.533937875910085, -1.9561886848157852, -0.5287285236533462, -1.117833585972321, -0.43509395683325885, 2.7405953371118574, -0.9986119274491433, -2.0433866887616343, -0.10712280298020904, -3.003635060766797, 3.540204610476411, 1.1569735401567842, 2.10069923248472, -0.21709144061928243, 0.9495188083275221, 0.6021735966896911, 0.47889719005157827, 1.9630381422834489, 1.9248892206585047, 1.1591097733094426, 3.5183327806856206, 1.3378500074201416, 1.4479098962812404, 2.16681427170705, 0.21113319969038957, 1.228749372254681, -1.0065153188360276, -1.9796021184687014, -0.0434064626602344, 2.2310490668834837, -0.10180840006231895, 2.061043741500967, -0.9288044837541223, 2.607417268385125, 0.40582910614125967, -1.1679552702520615, -1.55724703803237, 3.5791692063100564, -0.9757806359647454, 2.3510547840957776, 0.9446219567513016, -2.3830196408697137, -0.6398732874892374, -0.28640966446682437, 2.4458760188898694, -3.0195563388253657, 0.1472712195001571, 2.3283733028318068, 3.237350773297191, -0.36384476787387693, 2.2600448526235657, -1.500317156288737, -3.445775473505464, -2.017213803216972, 2.867968506149147, -2.6265088264062477, 0.757686698342674]",0.8660113812726332
2,"[2.581834613628463, 1.6359313293349782, -2.1183880032304265, 3.571932456461567, 1.1665692878278475, 3.514690752706916, -1.278722864236618, 1.4178091151347505, -2.1879546807772265, 0.39934418197395904, 1.5185526362695831, -0.9511861681339915, -1.4597426201769723, -3.0166381611386224, -0.76352456467933, 2.260642606500875, 1.5876650463434072, 3.5004278879855075, 1.6546439247725158, -0.9148140291246096, 2.4433388086344134, 0.3461968110626241, 3.752222512748181, 0.08811904035707552, -0.6161651146217473, -1.7826116677471546, 2.3974454580141424, 1.8582847743001953, 0.06789423353812696, -1.0287991056450252, 0.40088686456330525, 0.8122385525989977, -1.6718356825402734, -3.483552116194639, -2.5302687206959416, -0.1254191743110904, 2.1879443889502745, -0.563489564760516, 2.7126803528271815, -3.387068328903603, 2.019118634967372, 0.05315311157033231, 2.7022953859198315, -2.6864367979744554, 1.8669917540104441, 2.5292793754095824, 3.7606821106308232, -0.9345812225815454, -2.532623219759967, -3.5059389238901733, -1.0292156601355784, 1.1324750470424865, -0.8270428966667283, -0.3483942211423634, 2.1578728215811145, 3.142993092653767, -1.3337237862242242, 2.2848849736105477, 3.2341386266921925, -1.971044183907133, 2.1035658720777097, 3.122974288943448, -2.22656081090542, 2.8973449330818375]",0.8685314685314686
2,"[2.71569194757226, 1.1707513282387283, -1.8665987342132233, 1.0101988900190195, 3.5399277266840974, 4.77491551755884, -2.3689683794332654, -0.5933180632391082, -0.3929427008582511, -0.23471159613175305, 0.4385631816196942, -1.9135470066521816, 0.7874569786407746, -0.7505886039326454, -2.5771224437795706, 1.73581179223372, -0.628711555115405, 1.2668468019535815, 2.089366136323225, -1.5720725713041663, -1.0658113755166259, 2.270801758165756, 1.353388708790273, 1.1947019735191522, 0.9175458477385713, -1.4647277012605153, 2.3225947014377466, 3.2793242790840056, 2.8689574856299958, 1.8122171422493172, 1.0158175647827181, 1.1456482635465395, -1.7526969470726166, -1.7573928266186172, -1.3239028520730776, 1.5032681124965934, -1.4348026199128334, 2.099472475155791, 1.3306560211639988, -1.4628431748519857, 4.123870106044157, 1.6763742489720166, 1.6165931949917736, -1.0656474935382745, 2.508434936909069, 2.5787118722868345, 2.4964418292910633, 0.0006525141665478795, 1.3999575674137605, -1.4760738505192825, -0.6557962013175589, 0.7658693031106472, -3.327287811668635, 2.608042760541365, 2.3899481243551066, 2.0175460239882352, 1.0184176161671359, 2.209028738484154, 2.161144697873626, -2.135039222942805, 0.2980061725793235, 0.26624894629837836, -2.757628376418221, -0.5535559194292649]",0.8732078853046595
2,"[2.487303991083295, 1.7177962836401115, -1.775008980209912, 2.768555097621096, 2.6193134249593215, 2.889076099818031, -1.950144143190694, 0.017989175700386228, -1.6604759788893437, 0.00497091945599859, 2.0671773184434543, -1.4807676280092528, 0.12161185845676467, -1.9478874648093767, 1.1248822111232186, 1.3076998724910867, 2.17207120317862, 2.4437490507333135, 2.386299169449998, 0.8093290184753921, 2.0724223115818576, 0.3384153553740967, 2.4496630281327954, -1.4711256088459552, 2.246412528236548, -2.9381106879692926, 2.9140674798726636, 0.9699629890375063, 2.9134136896991816, 1.5809732288137746, 1.2690653764117585, -0.9770705799090085, -0.08768312212742368, -2.7928524842400275, -1.015875449153906, 1.721110321909478, 1.1050653461836104, 0.7100680016563624, 1.6476053089251361, -2.4205448021999043, 4.236297999585677, -0.1544369307832758, 0.4257364702758927, -3.2416715533195934, 3.5419894931197122, 0.8129186242849111, 3.668535794381568, -1.1626292387943753, -0.9699710751790327, -3.4081101393509488, -2.3862580814949816, 2.13139612657346, -0.4619944726102359, 2.3605495767392037, 1.8986192496025414, 3.3153497339989206, -0.0798382103953067, 2.2545003380940174, 2.1532131943179595, -1.5910096592766987, 1.4657171477125586, 1.7394476762745499, -2.668423954717693, 3.112374669808286]",0.8736349453978159
2,"[2.947494023262916, -0.30111633513104574, -2.0786272186604, 1.4161113514484809, 3.448008675622564, 1.9383348606959738, 0.48609997231725255, -0.323520995672304, -2.021671128252072, 2.255571175626845, 0.8789914371077967, -2.9285262643420413, 0.8812413319867092, -2.716102422541462, -1.8513168062142984, 2.332783150455182, 0.10499567531845178, 3.5258442980013958, 2.408420517836366, -1.118019011050527, 1.4620666943298781, 1.2898608478038527, 1.7907238154301623, -1.34578572139121, 0.5920721661589883, -2.1065719796811244, 1.2937399579517372, 3.65932460835188, 3.003288034721153, -0.23934647530369224, 3.4057469605106823, 1.0452087886382875, -2.21864608135185, -0.8604347332801594, -2.938627448264389, -0.551708111859174, 0.5987718452537697, 1.7007115452860422, 2.2297089353161184, -3.0821022041449457, 3.957827119166629, 2.5330615182543377, 1.6304820298163314, -2.53434153111279, 0.4109947588298486, 2.31686580809665, 3.0015744693638644, -0.7993050341044261, -1.0379779597668592, -3.380853117645852, -2.6008699488071443, 2.508704106203309, 0.8401297651491717, 0.7643770109546036, 2.0219477796794276, 2.435342675720203, -1.10105027880767, 2.2644185265146, 3.305466464390487, -1.9376963150295774, 1.1287512473872434, 1.5473393208873496, -2.758354963505595, 3.1354283682192348]",0.874167776298269
2,"[2.655611718864369, 0.7968752034178997, -1.0428811669134235, 2.1678320612507243, 3.3851498471176735, 4.035278910066436, 1.4395000480166307, 0.47553534913178996, -2.5271420510271416, 0.19394401288891938, 0.5735488587712898, -2.9656574965012243, 1.2957618028335403, -1.83820546174958, 0.11735161145103032, 2.3227476407957224, 1.9224952983155283, 1.0951727294804072, 1.4366391306347637, -3.179635465353293, 2.441487052528769, 0.39382890009730986, 2.4872488789068363, -0.9378782348145238, 1.692681388370085, -2.5143479857415576, 2.916316949643507, 2.799558280922626, 3.1322138108865305, 2.4916777298475, 2.9664365790444034, 1.3849385139520294, 0.012180253852051237, -3.753292883417029, -1.5620627891863488, 1.2744422762267398, 0.7048623232523552, -1.5388635736532374, 2.2383520716745693, -2.014282999135723, 3.314213731060098, 1.8485448906463862, 0.46602936777813153, -0.6724349778771757, 3.197197939620517, 0.517005027237287, 3.4399286945568877, -2.283019276475655, -1.5244511426398955, -2.625060407045828, -0.883916140714768, -0.2956601664148555, 0.9920429868587021, 2.535549531621203, 1.5356200699277869, 0.9757249858349819, 0.4696985160015239, 1.9385531914017, 3.4121870278682884, -1.5383573598066773, 2.460808509956319, 1.907720404265957, -2.670570936545066, 0.17408236840959201]",0.8744730679156909
2,"[2.0130903959396402, 3.6376200105618626, -2.526523909533334, 2.6803811421664268, 1.7464410705581108, 2.3957501624036195, -2.1647973950405235, 1.665501122624286, -2.3088385125873834, -2.6738241144305928, 0.5217875229359531, 0.9500250591039832, 3.314039985745964, 1.3336837242043384, -2.9533787342991964, -1.4130863353123135, 0.3804416542743324, 2.222512661868599, 1.3519874628065764, 0.35540407416459585, 1.583329499107748, 2.4085967256276932, 1.4644168177455974, 0.07799536162719001, -1.423976337358456, -2.8110165644543623, 2.671570360332627, 2.8503228349734493, 1.6152578125004475, 1.379648957679279, 3.5865830758345902, -1.1871788396448513, 0.6510966986912718, -3.24849483624641, -2.2016380318701128, 1.6315805192518, 2.905174941706279, 0.2575150896842626, 2.315643920486538, -0.28247681734172625, 3.705571349249887, -1.2295107781640495, 1.0550279944045655, -0.21927202544460833, 2.1594358576487744, -1.2830963567070357, 3.729014962027049, -0.9655192573789123, -2.4479529090342895, -3.5112827966117206, -2.645825526743237, 2.606190955662048, -3.043014480935879, 1.6236403610841195, 1.054614635561043, 3.311094725742687, -2.1732368585036625, 1.7799897243058753, 2.156676757778602, -2.5864508019830135, 0.7193085465610446, 3.43119841973218, -2.4456221046501057, -2.7044688282933453]",0.8771186440677966
2,"[2.9433849722707053, 1.408873739620311, -1.8106378692432825, 1.1146257435010274, 3.5346932953187227, 3.889728439160201, -0.026885919749408016, 0.9400007866399522, -2.1202123738538923, -1.2861226653621824, 1.202355176523825, -1.4216076165435645, -0.29677220460428566, -2.4968697102601967, 0.08511169740950819, 0.9494263884488201, 2.1003767324752554, 2.890653925974986, 0.9458693202819989, -2.419704913129966, -0.23230071023050192, 2.535831527702936, 2.5073088107443664, -1.8392125671486979, 2.217467472452479, -2.733756527849716, 2.314551390930262, 3.8301396198768565, 2.7255936784475727, 2.4970645248643426, 3.5611195307008763, 2.794443913091703, -0.1574134658713554, -2.6937272669491827, -3.0130081907823385, 2.4694940037004622, -1.6328889002310156, -0.23550924390833483, 2.264052969222867, -3.4969923726661554, 4.131302843130981, 0.7887993256586192, 1.254002987182036, -3.1809912450678395, 3.500420749926737, 1.2358592121732774, 3.491384520588289, -0.6901126300988781, -2.2033515478793952, -2.160343886648773, -1.7568485425199905, 1.2589864205727808, 1.0610255593350588, 2.0664115728396872, 2.3890129194785508, 0.35772380230156653, -2.2167578940424115, 2.067640064423087, 3.3966794841769685, -2.3438257404297893, 3.11465961429291, 3.4659643397076123, -2.7522961082455693, -0.578373236766446]",0.8779015784586816
2,"[2.142532345720484, 2.314114835361051, -1.9754767335665964, 1.3658251400465666, 2.8228557911435583, 4.9726810354622675, -1.7581137318770501, 2.3358978698702644, -0.0350384586364787, -0.8430030442091923, -0.5034118470256428, -1.018157094573257, 2.6128998540594575, -1.1190668981255836, -2.320919882410171, 2.4033240440893118, -1.1492937896692121, 1.0984597824084226, -1.2844464056099656, -0.018831438686066515, 0.7904327403487545, 2.2004262111030695, 1.3058020630847094, -1.8559735744479613, 1.7291373092688582, -1.978664401272643, 1.8095282013040395, 1.9891536636722726, 0.40533791077666104, 0.7054361654218724, 3.3105750451579343, 0.2515839803658863, 1.8483828037928893, -3.006210858159217, -2.5215675074395048, 1.384720378504543, 1.8278619542215395, 0.3416369347528603, 2.7346455578190176, -2.8132874994424615, 3.497601482998916, -2.167290886015665, -0.06563088254833732, -0.9378520669042164, 2.9144800468639276, 1.0198090254545418, 3.4779771823731496, 1.1044826864558812, -2.380448561051563, -2.6507995834192872, -2.4278192808193513, 2.1204117686884087, -3.081855806169526, 2.3998325532492712, 1.2526866762979911, 3.3403117992966953, -0.6640616628336655, 2.1195338355453477, 0.781835184956601, -1.1041613652928888, -0.9205107829523462, 2.95171491263974, -2.0581069151417504, -0.05710886758636463]",0.8792583009918068
2,"[-1.0525019461250797, 2.109699222909564, 0.48928402853520936, -0.2302194490649696, 2.352443651901403, 3.928760204595823, -1.6560595474736193, 1.8805012017302818, -1.9081967691224544, -0.08834222267246392, 0.46153084381030296, 1.2641213360754904, 1.191813177241827, 0.3841823699961825, -0.565188873351129, 2.1799813007995414, 0.6136029777183036, 0.6754264774060547, -0.6257104149609813, 0.6568343212966896, 1.7021326304429594, 1.574342952833559, 1.2905723944332501, 1.2495283638526877, 1.0425687949703284, -2.951837913169928, 1.0272946782083976, 3.852103459107064, 2.6899107414345083, -0.18764642695793832, 3.460675898796412, 0.435569575422417, -1.5250588185942895, -1.9765268179146924, 0.14849040730761587, 0.16883510748200958, 2.041664231168766, 2.957906928005978, -0.8837464421374905, -2.313360424695238, 4.071553835510082, 2.557155945982011, 0.08908146535736172, 0.2885022862393398, 1.8485906059746873, 1.511695562759924, 3.6052994519269164, 0.5380445939623398, -2.128194216066165, -3.518950666819816, -2.0664690386686644, 0.6213686963819702, -1.5153910760549139, 2.501218475476381, -0.6283514196803051, 3.315853138376195, -1.1051172866905439, 1.86015476072444, 2.563833750769647, -1.8001347562516057, 1.5392606952298427, 3.52944440211388, -2.445882372786748, -0.7091784375842377]",0.8805429864253393
2,"[2.0511263339967885, 2.949815897631109, -1.5297613777923933, 2.0515140424141713, 2.0007428972031964, 4.328172735316933, -2.6085337836126588, -0.2961381325992195, -1.087046110753687, 1.4795862403086615, -0.0420061723390166, -1.305519061590537, -2.294041792946046, -0.8748374818574335, -1.0801742309463833, 1.6159319328945512, 1.929583213254613, 1.3953213600823535, 2.3719778838450716, -2.521336989402946, 2.349869700166389, 1.7314051118662972, 3.7389354558657693, -1.1090443062615831, 0.28236209472514484, -2.168932630915015, 2.9340236444507553, 2.5157440173120693, 2.664781926285, 1.2470214606222245, 2.1436110880498283, 1.6438941798141902, -2.213215473749849, -1.6731720899613625, -2.694225434775824, 1.617832099902503, 2.2670136630171016, 2.681268979395032, 2.1827365175757123, -2.2397403070835207, 2.475104561896323, 1.776300176218367, 2.8862677659435754, -3.0266301179091153, 1.2758054361108422, 2.594512553482981, 3.1910180418151386, -2.1146903817822538, -2.4434840913198386, -3.4640211208034635, -1.692553147291065, 2.3160325079507675, -1.0596946047861486, 0.8042678854309582, 0.944361776300306, 1.7275707825701807, -1.023031366408639, 2.2706140167333344, 1.4276209928417307, 0.046301021990393876, 0.549436377363488, 2.5325578851724293, -2.4786799970203233, 3.4177947680389122]",0.8825688073394495
2,"[1.5440014081027316, -0.13358507754273097, -1.9038788522602714, 1.7758649099600103, 1.7423133727260753, 5.033504010317157, -1.7316894075369011, -0.15057480004236173, -2.2748516931197367, -0.7996132492278132, 1.5761425687411508, -0.4026292006093861, 1.8824686782654618, -3.0279889772326585, 0.4379002214392903, 1.6015863671467225, 1.5495906203243304, 3.511738456351269, 0.8434160009728198, -1.1560782261417206, 2.0616963343060584, 0.5584553436772337, 2.875926895182824, -1.5300036788698679, 2.1522236989147183, -2.344895967706408, 0.9274639551501367, 1.370882007892372, 3.1352490499035177, 1.285049405655789, 2.3760424759572967, -0.7010126171445471, -0.23164438914233254, -3.8721823129139263, -1.417752149148575, 1.9032007559064612, -0.26402431508205293, 2.7757895941745327, 1.2573590394916028, -2.649730965894537, 3.817701365441979, 0.6118238951333577, 1.7949783682363518, -2.5347947476181636, 0.47859968784509976, 2.2912664501947866, 2.682523540308404, -1.9293612562748144, -2.57921186300752, -2.5604992494563312, -1.3144808793428333, -0.05678584538609921, 0.46286021159941537, 0.8371515387439766, -0.08816624618042912, 1.3809586789574946, -0.5361102387141455, 2.2759712083521433, 2.259783820058442, 0.30626994714779077, -0.44580055222451187, 0.4022792261764727, -2.4096197500336185, 3.6400797348450404]",0.8832951945080092
2,"[0.2169881257478501, 0.8780497052609262, -1.3188485376142447, 2.3354957804078995, 1.4533137827306455, 4.739620969692906, -1.963307064269277, -2.1582245733675465, -2.087401689424259, 0.8111845148821948, 1.7845966258412362, -2.791239283599442, 3.502570129044768, -1.790522520985228, -0.2501160061298462, 2.3907618663282895, 0.501794065581229, 2.027390507810555, 0.7883628531318385, -3.083754187691743, 1.989674153686098, 2.2834435995214566, 2.2255122438520027, -1.104504435870858, 1.2970390238030154, -2.330898300159653, -0.19576349302697826, 2.46665468067247, 3.113387010022793, 1.198716203003537, 0.9598414229865352, -0.9988519684116687, -0.5811497298557547, -2.80503721433385, -2.946370977690668, 1.381960906938195, 1.9800756906203802, -0.06460999657305555, 2.7255589224901087, -1.3695241967436504, 3.605300322650215, -0.2647376123857077, 3.13335681776188, -2.6121551579846196, 2.015653652393932, 0.029245113740941964, 3.1703800053604123, 0.857153684221609, -1.71712299187221, -1.054961163732612, -2.5205328944450462, 2.0512704343038584, -0.35727576057480315, 2.145098402131731, 0.9191896171670597, 0.8437324295911095, 2.4982566088074165, 2.004403792893144, 1.127997804740704, -0.8355858067901835, 2.304815018617533, 2.905663058630863, -2.6963980835989285, -0.0044799228956589054]",0.8841506751954513
2,"[1.5969569525234026, 2.237813293865532, -1.825377931369554, 2.3071695816724436, 1.8555614656677155, 5.027857144586429, 0.5128931399099299, 0.46283533552032896, -2.42756743111101, -0.3223850077219623, 2.1422158668411724, 0.18795238592805885, -1.523634781099778, -2.0310812217678498, -0.12925500803667345, 1.9758722061611478, 2.211191934430653, 1.0163338965543656, 0.7373921465136014, -2.095941518542606, 2.368237580293699, 0.9187985332491839, 3.1559349468685287, -1.4505134211045414, -0.12598824913571094, -2.756522816939426, 2.7588856524509806, 1.6189338590571256, 1.304480386931399, 2.169573967111835, 2.793403162900284, 1.4956274167697734, 0.09645060438695952, -1.7867188167220047, -2.013017107631552, 1.3750936161050662, 3.5188230577895907, 2.514940081344265, 0.8366475160082829, -3.483452923616932, 3.8654180935310323, 1.04635967413614, -2.171151913843568, -3.224019579542115, 2.7826938915504744, 1.870922841626252, 3.3090506641864863, -2.1601020228272705, -2.892077894932408, -1.4896161037032876, -2.143579939590209, 2.2453034048734226, 1.5868804207456295, 2.6194287007992525, 1.5768577219606603, 2.7317350248578682, 0.4722982519458443, 2.2825038300010885, 3.1610035833928727, -1.7337544782070275, 1.0275211334728183, 1.849035984038438, -2.6033771138467334, 3.672772597867619]",0.8850518006906759
2,"[2.079895090276772, 2.15959500483642, 0.27651680822970715, 2.4827776939254593, 3.4092745545499406, 3.651577025273048, 1.2114271073820708, 0.47182856160944864, -1.7178758368117477, -2.037558355168136, 1.967069579846059, -3.0001982527121713, -0.10580515690178177, -2.798142984792412, -0.4979235374765483, 1.2105016285357415, -0.10769607704889683, 0.24203180892141152, 1.1400536322388497, -3.512595885873517, 0.15203857452912728, -1.758722219445695, 1.6699582310237175, -0.8742955609086722, -0.08958105380524506, -1.5840346724954273, 1.1628652388277931, 1.7104796437621232, 3.0398635271389605, 1.944130695888296, 1.9884753262522423, 1.3331574096277747, -0.038834292824308614, -1.4004431815920637, -1.146251470046661, 2.658064577679803, -0.10005914165021734, 2.2202859029963435, 2.6071812544779456, -3.180515456422352, 3.0977802714793983, 2.4754265057989264, 1.0531988961455339, -3.221922468795145, 0.4612358992475747, 2.5945127000677703, 1.9766373590001356, -2.2423906326368686, -2.167211291848017, -3.471942660874637, -1.6329247346557998, 0.5522048968200519, -0.2014581114925456, -0.5327866835536185, 1.3068487817898193, 2.853178989828359, -1.8636226965153773, 2.2739861030349044, 2.501265658539398, -0.2614559656962997, 1.9758991704935358, 3.5321888611444603, -2.003136338002607, 1.3050465066367152]",0.885603490063015
2,"[2.7208157715457646, 3.5546027620999334, -2.281029324428645, 3.050368075774237, -0.5393440976985915, 2.954528818530096, 0.47924138006690203, 2.127542261344442, -2.1054526290023086, 0.6204041743507924, -0.9142567154735898, 0.19498667475632642, 1.7265247974029716, 1.1746033576123789, -3.5069963758270863, -1.4239449472706611, -0.8741178109267234, 1.55377874104211, 0.9643659690516118, 1.0172139726893805, 1.6205550969742586, 0.6277704793301028, 1.2387726864168016, -0.8834515857169571, 0.019156154493593647, 2.8249499077089633, 2.523706308538629, 3.852868642587112, 3.276935970329764, 1.0885896482781245, 3.228326816375332, 0.5769402313432725, 2.084326088878351, -0.13970835093040185, -0.050658618599951355, 0.43474642595411617, 0.9225610338148402, 2.6122862992608287, 2.477050109876421, -0.4797942966122417, 1.3071052545901543, -1.373721741131141, 0.19201288892095758, -2.2483142827915654, 3.515258042426668, 0.9131650608761909, 3.2652226861978173, 0.5841940126810964, -2.532708920805008, -0.5915896480148217, 0.9343254802933119, 1.5899898547881124, -2.899157631131402, 1.6265257720678763, 1.993659399453908, 3.0435853463045697, 1.3767516828777535, 1.8628181200937846, 0.02656804747172467, -3.415777884725336, 0.23549654210031673, 3.2237836586350803, -2.3397621465269, -2.0553136243014]",0.8872476612506155
2,"[0.21354914279746096, 3.029822769105352, -1.399812202086681, 2.791602272285774, 2.318181808989578, 3.7757239176401898, -2.212426633766386, 0.582233160374898, -0.23478728798476878, -0.029316214393745682, 0.9317984637665222, -1.2964020242606085, 1.989404330296451, 0.4999109814846603, -3.447401930618823, 2.174534369157094, 0.9720325140621556, 0.5914260185021696, 1.1317732027899678, 0.615876548534473, 1.4794449562371201, 2.4791455044851154, -0.2943264119424849, -0.23211750571381173, 0.9525814996703493, -1.711048953366852, -1.2939760506186007, 3.504838859668073, 2.33883578166147, 1.8751085224036017, 1.621495997156773, -0.07254015130483835, -1.054216297782565, -1.1344015980616395, -2.025897479677942, 1.1647311162462186, 0.6240036157510889, 0.7965137301043386, 1.0849218911422063, -1.7929220567012525, 2.812807791191006, 2.0027085386202015, 1.2235644745324352, -1.6685642024990681, 2.5780483198613613, -1.452452777470231, 1.7363978385860603, -0.8102435864537254, -1.395667212062293, -1.1878100650111154, -1.6906174581479207, 0.3427614949468447, -2.271274881569877, 1.370213795104657, -0.2463376367464012, 3.0122617886570597, 1.2020711445245387, 1.4966391659822755, 3.23640448159471, -2.0424804727475836, 1.887475073254235, 3.452532873320497, -2.3626224762662353, 0.8774957794073394]",0.8872476612506155
2,"[2.514002061282794, 0.6063071909864626, -2.663272472354836, 2.5353852883400747, 3.139055337295763, 3.4324597941329476, -2.2400990032620345, 1.5514964523001455, -2.547761693367277, -0.6635378226766997, 0.9227658738663194, -2.5253497104272675, -0.6946969283395145, -1.5338502010835824, -1.3807680597088958, 0.9292327608941189, 1.6896388326935083, 3.4138731384583667, 1.3785739802483588, -3.712639558477824, 1.457904530375442, 0.6469514784016821, 0.43415721629025494, -1.8606180711786824, 1.5450817749437369, -2.906990455547239, 2.9214520004076787, 3.181748207732211, 2.3172947674380024, 1.2424997660004564, 3.2591595620634064, -0.0764406006220566, -1.4043209656400348, -1.4112769612926555, -1.7806617162585623, 0.1414045806522748, -1.7563160374951043, 2.643670116357723, 1.5818463524872037, -1.635695463433498, 3.238004910690016, 1.5933766896862498, 1.2063779454067387, -0.8130329538054901, 2.6579124015205013, 1.924715355045501, 3.210656689282094, -1.5316545428878225, -2.6506370009703497, -1.5512345720956568, -2.5052528398757192, 0.7554883488024478, 0.40177238804665916, -0.5825016413958286, 0.6681437242703185, 0.5492313148711823, 1.2004511778752152, 1.7886040664609717, 3.34347400252394, -1.1214673057130038, 1.291446292867552, 0.6070990350476122, -2.5214792881770265, 0.6102832719924336]",0.8885135135135135
2,"[1.4575601719780802, 2.1902755578589854, -1.7777774275198457, 3.569106684994655, 0.6573180738240536, 4.838618676327618, -1.684149775549857, 0.9828435378442957, -2.373777973656588, -0.6326138349140762, 2.142003957356528, 0.2865250936407529, 0.1930372804608289, -0.5192001341860949, -3.5054670725128743, 2.315396637681898, 0.2094009345848994, 1.3607633523547737, 1.3171148591491457, 1.423340093494344, 1.7563266873315828, 1.8588851074047932, 0.3442100252215131, 0.794471988426773, 0.23206898077662153, -2.5145596365208, 2.957052039526679, 2.4299079395656036, 2.6986250104399803, 1.6082078927933505, 0.6950825242705174, -0.7907517885351472, -0.7806576188957427, -1.1271631074088333, 0.4500893035803428, 1.4325977455808088, 0.11723238506119918, 0.3233169549480285, 2.1879474545300077, -1.7892060920553527, 2.9888728702151246, 1.277598902142693, 3.1093094010002464, -2.578893225386927, 3.567803086479787, -0.7402051742134339, 2.5858511858240503, 2.0463730311277133, -0.46844075287410325, -2.999289357265452, -1.369942101352838, 1.413645732022002, -2.584240161719599, 2.0683152220935876, 0.6195365653617506, 1.9319620364137526, 1.8125405017284728, 1.4698322627399616, 2.234340561947674, -1.9623455402530312, 3.6655288624209112, 1.4035084166697418, -2.439522311277622, 0.5544980815394913]",0.8898537477148081
2,"[2.3338817160001537, 1.6310119531772105, -2.495954968005179, 2.4508756361821344, -0.38623511105827757, 0.9151032180259482, 0.5074054096369435, 2.5241521877201873, -2.544607635253126, -0.40387277514094977, -0.9974422540124561, 0.4662321132402971, 2.7877176064413427, 1.2660855370352029, -3.463544522284985, 0.7381409066329689, -1.5759314417966168, 3.2226054948429095, -1.5503101489473214, -1.0899841810671247, 1.4678396883919724, 0.7585887327482205, 1.247136826662965, -0.6346880866968967, 2.0031711647269073, -0.1761248456647322, 1.8896796244031626, 3.719416585500287, 2.0614597271908246, 1.2873609492854006, 2.851528681613897, -1.6408646746910582, 0.6072940693012089, 0.448392309597212, -2.003178079127699, 1.4766592775701213, 2.3181952770762457, 2.8890938286049903, 2.5998814557076693, -0.092139917908868, 1.388786095441291, -0.49790796708043655, -0.4228079480598256, -1.1901886874734438, 2.925400385782198, -0.016487446440374615, 3.7597199364506113, 1.4854574927756488, -1.7172126317283478, -1.2326311792689624, 0.4006502370206434, 2.5543520303817364, -1.3061329184267003, 2.2154983155086723, 0.5714482121201887, 2.662481778567136, 0.6286896657846783, 1.6696393579865476, 0.8296321003104471, -1.5940956771056047, 0.03770246783166353, 3.498287024770614, -2.703363054669299, 0.8939780384649996]",0.890279114533205
2,"[1.0340268055897737, 3.728710881329783, -1.8529261213231178, 3.047004203941522, 2.9681707032449434, 2.7127427716026764, -1.6600497321612597, 0.8293582844198333, -2.305221881610875, -2.62091020855611, -0.18991830361101325, 2.0782775204704014, 2.5405502008842613, 0.08561887555559866, -2.7121314444010114, -1.6791728597978277, -1.5895683224702326, 3.3463352527565404, 2.0859793468963725, -1.0790721475205287, 1.0952786022443433, 2.2657284566368996, 0.15335721267767033, 0.17643403996696305, -0.4014750625668406, -2.605955976375405, 0.6077281354640724, 2.0658901494643453, 3.44640396806503, 0.05670728310922568, 3.218689870051434, 0.5664041460051907, 2.660272559158469, -0.9401477353367751, -0.505016885917239, 0.3621805965542393, 3.351241657876405, 2.1347559500837754, 2.3953514033479593, -2.038120141504653, 3.2639481477354235, -0.8755311411008201, 0.1286405765998309, -2.8236285194985697, 3.451191408249657, -1.5728685487819904, 3.492558206181529, 1.0796445209468697, -1.8421522058863222, -2.8321463402824656, -2.517166015252989, 2.617073104876248, -1.78061703563331, 2.4268040152693633, 1.9661449302875627, 3.3097564391450676, -0.3231135044530719, 1.989770289068729, 0.038409356233569336, -2.3828507261988525, -1.2389522239914923, 2.7539945369568737, -2.7523106469044865, -0.5746350422866259]",0.8915178571428571
2,"[-0.2565344916332115, 1.4769727719648738, -2.6500675547285675, 2.840513254230496, 3.1138367208906397, 5.039288598212645, -1.2930797279092467, 0.23154985949301482, -2.1727193449785043, 2.3878379959668914, 1.049451211104291, -1.344109340139113, 1.442936346362782, -2.4326661795407647, 0.4028557666182399, -0.5921021995561775, 2.009161651257534, 1.5660750154386331, 1.8983594347906525, -1.7696478564913256, 2.1303284428306375, -0.5103221435057547, 3.8874380353042013, -1.304733357286214, 1.6306187628952962, -2.2233731808209196, 2.602054187885008, 3.613822651152947, 1.4377221393196629, 0.7093075899503025, 2.87932858699977, 0.7915291098931897, -1.4306012979702596, -2.8589955491098493, -2.580815065707928, 2.6627624063143296, 2.372056874671775, 0.7070736921717077, 2.646786882420829, -3.498868865262789, 4.0818940154033605, 1.3235754258664243, 1.5754201560639018, -3.3252196420209, 3.348813216990017, 0.6006645444298873, 3.6380551476183802, -1.2904428593843116, -1.5792113015937281, -2.9695280591357296, -2.736192067296773, 1.5960447765654877, 1.1216692091077063, 0.9234067659913368, 1.805592976883241, 1.38710021895749, -0.0012460415227631971, 2.276886961320076, 3.3752576385010817, 0.22695919696216849, 1.6307056928753774, 2.065672830532029, -2.035937252295347, 1.7942455331879996]",0.8922616502778965
2,"[2.119149022473683, 0.9480196457879343, -2.042545944251256, 2.018972012333802, 2.797165205536783, 3.4417648690057954, -2.012116593801829, -0.8835933117763248, -1.7858938449441952, -1.3343682143913023, 1.4262226102895663, -1.692511686190483, -0.6162381994980983, -3.0282962745217645, -0.8638683547602627, 2.3343075710609384, 0.46877246074456114, 1.5598190236355465, 1.2902992227837915, -3.0882196821444845, 2.4317668575512226, 2.4068160731126196, 2.6630783619557934, -1.1400969868301472, 2.2227947653501046, -1.75835464251284, 2.2151276938097433, 2.5186046050734388, 1.5789745700571907, 1.92182348644836, 3.1589635611348004, 1.2987946302715372, 0.7242358594988563, -3.3195285587953354, -1.7622535537657378, 1.8607375349305468, 2.728780120621898, 1.8182325450180545, 2.7476272168435307, -2.378450856122674, 4.157039693506255, -2.1170676436180536, 1.9868323854549685, -1.742479796833079, 2.892616142100029, 2.0759629605156107, 2.6684414616401835, -1.6149755091581994, -2.9691890004549153, -3.3044745632562034, -1.8120645292215327, 1.3375786291270824, 0.028795204568045712, 2.2353680808139815, -0.5322690566298336, 1.9050149948540824, -1.8346480579496984, 2.279131034259202, 3.033903432207197, -1.901661509424274, 0.4653942865440417, 2.6742257141157078, -1.8966670447421503, 3.427739941476581]",0.8928255093002657
2,"[2.064863820365644, 3.2435030388993535, -2.6314888375964416, 1.0945876785245128, 3.169022954401514, 5.08043030028152, -2.1471070515906705, 1.1200828671190322, -2.4921990757029233, -0.7185400807993244, 1.7033599018233927, 0.04670196021811157, 1.6800059101886813, -2.388502864086218, -1.9283859104014769, 0.002699936825285798, 1.115065986340712, 2.0717429021657905, -0.37104659916976623, -0.5562579660808371, 1.5473997748945785, 1.0964838405836224, 3.8250600637368595, 0.4696322219967345, 0.5806241254486272, -1.9227314528954182, -0.8526694785606693, 2.374146668456184, 3.102162850118228, 0.17235967570682398, 2.4814487327527246, 2.40610171884822, -1.2513026686739375, -0.5857944188330729, -3.1266054920030824, 2.1119976445210895, 1.2944115829046865, 0.8486285496446464, 1.7379788052400045, -2.6517202210589077, 4.281524261237816, 1.5132600525848119, 3.125744276005605, -2.695997923092897, 1.7298428002664017, 2.5732420928959328, 2.965613318474986, 0.6905270921728732, -1.5891613310545918, -2.935009348968551, -1.2525526637749815, 1.531076642064285, -2.144852218721623, 1.1471026441271563, -1.5068989179643506, 2.8413532285475864, -0.2496950981046996, 2.125485139256598, 1.53275761022428, -1.4799647425306688, 1.1739431780086016, 2.319705518066079, -2.7158336952329014, 0.5904780267882026]",0.893071000855432
2,"[1.306702057619179, 1.0740590150893272, 0.3340473068838583, 3.2925601022512376, 2.2809538617970926, 1.7796930023703015, -0.2122015484996156, -0.8797488862153791, -1.2125845780982978, -0.8405526207151461, 1.8523422373214575, -1.4120182394088854, -0.8391912063082501, -1.8704487898009547, 1.0643287340817489, 0.9808805465672248, 1.970270675909525, 0.5659279552412686, 1.1685688520403812, -0.7418264030307924, 2.406183119476716, 1.5554489530528468, 3.4403353497523654, -1.6346408525297083, -0.7077631803126851, -2.8276770680680836, 0.6377164364787544, 1.6868195410782987, 0.6042771580120754, 2.528370139276693, 2.850533429282418, 1.5722158694495945, -1.373713749953194, -3.8371709264623415, -3.5848567866189276, 2.522166309273048, -1.3962743227513252, 2.574107958739342, 2.720762641433722, -2.3646815896555644, 3.459512325570579, 1.1474486515820237, 2.620351687080717, -2.8152095200015768, 1.9029598494513311, 0.8432496509241556, 2.1361193470417574, -0.7435555211210989, -1.8244202503491818, -3.2090956009288476, -2.7800235509454283, 1.9704815599802, 1.4402477530632738, 2.2609925597263603, 0.1884588112784491, 2.9636674835426087, -0.5562956708714455, 2.000025526747665, 1.0066732568959007, -2.1915032884373824, 3.024113921597844, 0.7504665066749305, -2.7558599023674337, 0.3016235278912476]",0.8934147997284454
2,"[2.7322662493614636, 2.5826414458085907, -0.8008866032628074, 1.2784813222071274, 2.623011071383981, 3.7119857183197382, -1.2144322799523417, 2.5904815117439193, -0.035296828585974716, -2.36449606282678, 1.7087130582823815, -1.3712032371345213, 0.5293099097075424, -0.1096607299256096, -2.3067113424393013, -2.1364621326124524, -2.391340090056726, 2.9479974373375626, 0.8270610771782266, 0.7775331012779342, 0.9160804035098831, 0.7805014347297825, 2.394527841318392, -0.9147562400819362, 1.548559294869458, -0.4395911503697738, 1.200477348614791, 3.4644610057763523, 2.5723452639691198, 1.7585110416568175, 3.181753827263302, 0.4154054201558367, 0.49894426155463717, -3.05664528307426, -0.020673212044563627, 1.8437811475422559, 0.25229715083186743, 2.925311556800927, 1.8890560572203268, -1.1520492177176194, 3.24519603633072, -2.56051329681073, 1.8369622179017584, -0.142453360045939, 3.578102186639872, -2.4108337985687665, 2.793688926922756, 0.8624908234843081, -1.9075535405421118, -3.0008933955543906, -1.1925502426207264, 1.6001763636587425, -2.456262579495039, 1.5568518234041013, 1.1123325662039218, 2.5202125536267665, -0.5363519753959648, 1.6302146440961218, 0.933523568391793, -2.1252735234304296, 0.8265971066911101, 3.4576504248910473, -2.309753183788529, -0.8791967742972039]",0.893510054844607
2,"[2.366220260608736, 0.38284356708896294, -2.413644377761584, 1.715487317805754, 2.5512883712551293, 4.115908901440241, -0.9684862526241431, 2.4589000617018764, -1.3396957922699144, 1.4736824135409012, 1.2026886838022959, -0.7103055987887934, 0.006956267089581747, -1.1669874385965213, -1.7343112872084971, 2.398197678698042, -0.8590503421264475, 1.6364218872601772, 0.6239106257270728, 0.27494235474885564, 2.4020169867719705, 0.333745005389279, 3.4887035383883642, -0.6921783184920107, 1.5417900414532122, -2.3130696468540632, 1.2681340523392741, 3.7558098722862847, -0.8530245871267579, 1.1065542150982453, 2.619348693686258, -1.4991455619133953, 2.2002419017022294, -2.400288922630067, -2.9944522230350055, 2.415236311515427, 3.5109452437451365, 1.3717356337291304, 0.35426308413720287, -3.087168939237988, 3.55028967889683, 0.8802175394067492, 2.152558295492576, -1.4937461348482375, 3.232540784408541, 1.2646488223453518, 1.80754776672527, -0.6633589075395988, -1.8398512883976232, -2.340204795738905, -1.2446851518599875, 2.262234602449217, -0.9699353268475448, 2.3771827593777832, 1.846493216469298, 0.9091198532017879, 0.604882692173859, 1.6186565695829445, 0.8287219103462098, 1.6961356181898117, -0.9141917158037101, 1.2847781374585632, -2.5111150913316673, 2.938345629496168]",0.8938014737754659
7,"[1.2597178765183712, 1.1803050103664021, -0.26426726670150535, -2.749170933783385, 1.6927327900807787, 1.8634393595896155, -1.5307560053234543, 0.5365036917455477, 0.595431526242372, -2.322124849773033, 2.007281388504642, -0.22282008192660308, -2.2849100794960235, 2.563361598655945, 2.39113301848149, 0.9396946539897788, -1.9615459252535459, 1.0421705301062874, 1.0205149640008093, 0.6523112666577171, 0.4560657691082405, -0.7885688880932974, 2.705685083604491, -1.1273819053005623, -0.7839186244707972, 0.03538537722790014, 2.0219109870410334, 3.6489712901368825, 2.77090980246658, -2.471871572866366, 3.332262655596695, -2.1642069874878715, 2.615480998824857, -0.9933517732079571, -0.9764492678105668, 0.9573218607811413, 2.049258998048316, -0.5299627838265034, 1.2479480326299743, -2.4224792192140256, -0.15561102167254814, 2.6281377503404157, 0.7237239517508884, 0.031188124202657708, 3.5763312160630703, -2.93935160160224, 0.8793494862222387, -0.025412439294157263, -0.881039109670301, -3.5194113585994726, -2.734627199383695, -1.7224147365918208, 2.148155558431178, -2.1374799331586978, -3.7681259817879944, 0.15611019066155746, 2.919949540774251, 1.671110770563366, 2.2976547562921446, -3.2137936320684464, 1.0819897759201351, 3.0241864096671294, -2.298121882000313, -2.631092605736942]",0.6486721811057902
7,"[2.2859116490362736, -1.0487056446151266, 0.8973429423821047, -1.6382861499709875, 1.255304305504223, 4.340336725256594, -0.7383309638876447, -0.9054521061581342, 1.0212708035466704, -1.5533890528807834, 2.0007354799857318, -0.7888453690565411, -2.193985435150627, 3.0881775033140646, 0.6576770564841127, 1.896251754316276, -3.5078731573020088, 0.42017663166184066, 1.6375308548746332, 1.4707812588694362, -0.9954506887390375, -1.8622418991041698, 2.0836381216265787, 0.1666806859202026, -0.0713207454811825, 0.9684536806888298, 1.9101653700138308, 2.523677444470826, 2.649975567951462, -3.102157203767635, 3.0743058603083693, 0.03542091487754934, 3.4140690449062037, 0.12965108245289114, -1.0122479149871355, 2.025662484978661, 2.856213515413992, -0.3620490820628708, 1.6601450834968405, -1.146091074259581, -2.5375971563862536, 0.44063501770652347, 0.15827934055608045, 0.8424721095815977, 3.2566837675239535, -1.7738466017002383, 0.897045597123767, 1.1329157283651052, 0.2512518418744256, -3.51835116185703, -1.9101803508337458, -0.45606012037724586, 1.2795796711172338, 1.0942089105002024, -2.749308247235124, -0.7080215015643916, 2.2300930884920835, 1.9548720191271007, 0.5976021722995792, -1.6218780299115831, 1.4633056541059606, 1.906834065959379, -1.826938277212184, -1.054231447756195]",0.7094196804037006
7,"[1.2054305584357787, -2.4107901738103004, 1.1765650325058408, 1.9814321052676922, 1.5831259990531972, 4.948366781803347, -0.5698276321080111, -0.5767015356069554, 0.5067431058938308, -0.6177221896690315, 1.7699770959284713, -2.7824486949153826, 1.1450863964412352, 2.293991609276575, 0.42448179905582384, 1.7836209619311725, -3.6723161480459097, 0.5279658180297003, 1.0260024253118916, 1.1255724673737717, -0.9193183582231002, -2.973952297928773, 1.4042576125231738, -0.22334013361342558, -0.7198057245193872, 1.0107655547563965, 1.4527458254140786, 3.84237273452861, 3.4681111349539693, -2.7245200985981413, 3.4754338001567247, 0.3930554304603143, 3.607968245730415, -1.7737737045074404, -0.103407125536221, 1.6152033281668814, 2.198235536724051, 2.952666840641274, 2.6934440418887586, -3.158565285271982, -2.9435798443642973, 1.7546851686467566, -1.1438558503773457, 2.165186527359433, 3.161070482264917, -1.4508403362795783, -1.0190876339376547, 1.4278894408829765, 3.0053952027439172, -2.0985676195426066, 0.3381522551183249, 2.1778564456849896, -1.7666396803594675, 2.4195029527020484, -2.8850601497479684, -2.2131717240657407, 3.2206706442433726, 1.8713480026101283, -1.3012901193431292, -3.1887229827355363, 0.5524669192059719, -0.6639240238612636, -2.742227794738245, -2.599363297157855]",0.7533333333333333
7,"[1.266342361864051, 1.2045890653232767, 0.6495996859935305, -2.431148594142426, 2.3590802071139145, 3.593740313664493, -0.4941761694867579, -1.190341383429779, -0.05575324670050863, -2.6402846858529343, 0.933014150312296, -2.218821790208957, -1.9023827617964448, 3.45641522185161, 0.5908625803798776, 2.1530178097943997, -3.8135859170118978, 0.7030303891978701, 0.20861989772987588, 1.9520427697292, 0.26451245465764367, -1.2803790763302514, 2.183622238156958, -0.7788332560481923, 0.18581765754617313, 0.7856021987027191, 0.8358722578116562, -0.24957124340109127, 1.386846840388673, -0.9251891097751317, 3.0235645755519, 0.9777293374122731, 1.5856898151338719, -0.6803592251985756, -0.4062910917130953, 0.2794231169437058, 2.746825570783713, 0.12439255568808799, 0.31145384103829543, -0.22454297604903295, -1.8584133509422969, 1.5384228906079331, -1.0646347890981007, 2.3552639716879984, 0.7551315365770535, -2.082208824507787, 1.3545942304130967, -0.3061429668098141, 1.1962351350095224, -3.4944744985657676, 1.0523909526062085, 0.25606364249978325, 1.0032913142746576, 0.6675583686233897, -2.464881962866114, -1.5167395584227858, 2.2511265004005083, 2.0321692659744897, 1.102128785374605, -2.0571867811149187, -0.7696836257054335, 1.192833296547368, -1.9605250363328435, -1.1688088841289694]",0.755137735024049
7,"[2.863937215763233, -1.3097341008195558, 0.45556224182346194, -0.612479852945252, 1.9798556068227677, 5.069822510764433, -2.043793098328618, -0.48593092207503386, 1.9240276431286762, -2.1300767886124836, 1.0267906015781412, -1.0684840698635278, -0.9066395441691611, 3.412236762089511, 2.6907849702566393, 1.905476915277267, -2.3864202552227525, -0.005239854218801077, 1.5252567512795134, 1.244021841297784, -1.5976267318667217, -2.439962656388304, 0.2885512776828423, -0.40063380658860254, 0.7235763247281203, -0.20319231713149166, 1.6565605800571657, 1.7712289623441715, 3.0671695150325347, -2.8974856180436124, 3.5756221810565734, -1.1566427545407123, 2.9527221883245343, 0.32084062371379274, -0.645617564681887, 1.9059763984922402, 2.8153663830818987, 0.6999425359335859, 2.3022614680711415, -2.2860488840987974, -2.2924693418273474, 1.2843803868881163, -1.4721256066732817, 0.5620953015696588, 3.311159973516431, -1.4382213191735038, 1.2885940714367918, -0.15509370239247833, 1.9944073166185645, -3.4477092711154165, -0.21759720198685895, 1.7342642066751603, 2.0393448079320047, -0.6960556234047327, -3.6082085903638426, -2.294813905296162, 2.186234885050318, 2.1154998756238417, -0.8917990415312512, -0.017983398347118484, 0.1094811812745225, 1.148271845997316, -2.338591253892682, -2.1245073474828837]",0.7714033539276258
7,"[2.910015595807914, -1.9357129788009662, -0.5445549277142052, -1.6314803906034094, -0.33386912516993117, 2.235842929945437, 0.13953912283276626, -0.4596296681154639, -0.3213132439588535, -2.358527152461989, 1.7031854002731346, -0.6192533059935252, -0.1807555791557227, 2.0729033845268248, 0.6983114563225322, 1.5127823511639322, -2.4227792548930367, 1.538337933400399, 2.100226392609663, 2.142217121864746, -1.9845165074039481, -0.06527806215803755, 1.7485814044579562, 0.5594274153881267, 0.4363112495502479, 0.8652279384408461, 1.844521217640669, 0.5019219863788897, 0.9554479663867155, -3.1521850400170313, 1.4204570481838532, -0.45496187133031357, 1.9909418028810066, 0.6873135005303752, 0.9265349316334217, 2.0898547440257222, 0.869891160484177, 0.21819619172117366, 2.687119023191004, -2.532909737290556, -3.0170373479862365, 2.0850424024425314, -0.9321201655625541, 0.164736510913005, 2.6650133704048047, -3.151899937921339, 0.4265361230257375, -0.3180627053454125, 0.7094888472577625, -3.3787546322484348, -0.8487375693313723, 0.6008499900164855, 1.6081182989597496, 1.7585659699261444, -3.609454258785677, -0.7487500466008464, 2.921619423656555, 2.1430245381606783, 1.286129603549404, -0.5581526627119671, 2.2898386534584505, 0.9708130153830052, -1.723272367596659, -0.2686319831917965]",0.7875166002656042
7,"[2.1970908554335202, -0.43889147138725826, 1.1129557953760207, -2.4862100579087483, 3.551029382171555, 2.7134307197209946, -0.25320610439769253, 0.33787228189518137, 2.199821310008378, 0.656373977031798, 0.25743698774147306, 0.18414526317051905, -0.6374923093388631, 3.6217527016271367, 1.8482938840457828, 1.4106468022664014, -2.9329948129805423, 1.7726410832036805, 0.3454322123624447, 1.6092989307602559, -1.174922449338565, -2.5373575312895458, 2.4486407546520987, 0.2285808772353214, -0.2810374258472571, 0.15728106127731445, 2.038132599714511, 3.556788124588813, 3.0024048384221307, -3.3342420411733236, 2.7100216511826063, -2.4981032028806562, 3.3655334918864703, 0.0807683755049377, -3.551104496020909, 2.6115790078071246, 3.3814662113682283, 1.3367148544219143, 2.4366113220010206, -0.23271963389439174, -2.9820651242142335, 1.8892060128591661, -1.2715968030738307, -0.48656029489737485, 3.4372903472691942, -1.1827477614110316, 0.4436515827310508, -1.0337609312375102, -1.1326842311513199, -3.5101928538844698, -2.4481508619139287, -2.1837500845088957, 0.7673912844006283, 0.3974828553386298, -0.6284914487146067, -0.6880466899734083, 2.808402165795174, 1.9386584479347926, 0.18107660415349996, -0.31321990113025744, 1.682347324412596, 0.19123486958479274, -2.33192401261482, -1.3676162925249318]",0.8061578490893322
7,"[2.2066004375760433, -1.5087614683603827, -1.2820190836217757, -2.7052344606378593, 1.7944875957440782, 4.830057917890122, 0.8136009426807962, -0.1363335931076728, -0.14397894595637384, -1.1085135031356046, 1.2222040369006621, -1.3727567715204514, -1.3487557066474651, 3.0132330517856385, 0.8704870968836891, 1.2103280936002547, -3.390288453726807, 0.39756318464638285, -0.953619018679092, 2.1344543612970823, -0.3202567284505567, -2.500874579305761, 2.2398091407976106, 2.7191065949094497, 1.0978788562023396, 0.9229124270109323, 2.418179276550747, 1.5791954860870212, 1.3207177648090553, -3.244291029316036, 3.549549586524461, -0.6472792309289099, 2.5966881137299556, -1.4213727838952934, -1.2730733385303972, 2.404879112634334, 2.5349055864503165, 1.3634160304149954, -1.0703619406937834, -1.0149512897337707, -0.932959684694846, 1.2183154132917113, -0.39278783521637123, 2.1098036122206345, 3.330285073155314, -2.4875877030474376, 0.36389261589843475, -2.179616846009607, 1.1959383756113406, -3.3701351319616766, -0.259705026700911, -1.0522657165959812, 2.8439531399928017, 1.47547083349407, -3.4705511411027317, -0.9696705760670475, 3.224446303828276, 2.0658134367267342, 2.131459069358403, -0.3072090456176513, 0.6335704568765033, 1.9144129668827201, -1.982694521409501, 0.19523277567491037]",0.8099742046431643
7,"[1.4960195348682641, -0.5104867851297343, 2.3641561678770735, 0.8284621183681904, 1.3406365870599335, 4.3642097131178526, -0.9293279593648907, 0.4045167285324802, 1.7397088325020682, -0.14746630328355836, 1.4907023352642204, -3.388696860100364, -1.0247860751749513, 3.5534205770899625, -3.497056619708978, 2.2687581938118253, -3.7150163282787383, 0.7695985563023664, 1.6848974982966298, 0.7958805933420989, -0.5530247480867578, -3.5193446163036586, 0.723345121879231, -0.43198709902571897, 1.7191006949605134, 2.1294492929168864, -1.454294000225173, 2.675145604678038, 3.4702497688399974, -0.3348469987831917, 3.609953239948911, 0.9317436730596086, 2.997888638618218, -0.31005930625330536, -1.373035320322697, 1.212140300336804, 1.3807208794243555, 2.662883359407455, 2.1383424717320727, 0.2025069042683667, -1.0509018435532989, 0.26465682037480365, -0.5121977495571908, 0.34398254107653425, 3.58550980165517, -2.6041376280895046, -1.4876073654084783, 0.6583098445357569, 0.8240389294967518, -2.626648282559743, 0.3131145003340239, 0.647269037081585, -1.5608609169403682, 2.620910608205496, -1.7920664313034207, -1.5793932386802925, 0.9172098127361874, 2.2851680238161234, -0.3655038533641377, -1.5997755515707568, 0.5044523911262968, 0.3306532695817286, -0.548429086248376, -2.991988717535062]",0.8143047534429143
7,"[1.8465926278859999, -1.1403119230307377, 2.069174530772041, -0.7447879565925798, 0.8226242754943915, 4.476948474270882, -0.18105168723020137, -2.881894043098585, 0.738489917722823, -1.0238120322502113, 1.2396489555632852, 1.7547641803137828, -1.564759279993976, 3.794729604941749, 0.029116463184333585, 1.2893877252544812, -0.13455020804800455, -0.540339300627021, 2.117294950369562, 1.7705617811406664, -1.483497762715399, 0.3097955783979689, 2.1472811866675876, -1.2128765780271635, -0.2792685607161804, 0.07370813018461442, 2.414657998078618, 3.539319852348765, 3.2536151091435688, -3.3261671704223974, 3.5778985861179855, 0.09833473610531424, 1.990663107344817, 0.5290007918493332, -1.5123337330903301, 0.8507916466187095, 3.32118171011709, -1.9297350463662037, 2.678588609874541, -2.9359739928395303, -2.8122500985003906, -0.038708575586887284, 1.205551079716149, 0.02568220709350799, 2.5310090500157862, -0.2494775849560249, -1.7331967492829483, 0.8353568203580901, 1.4857241368218053, -3.1516234224744797, -2.5543847663601, 0.17905388341102546, 0.4668948694323445, 0.8585431407397692, -3.7089010178723023, -2.540725835164498, 2.867929661987461, 1.9839623305699339, -0.07354839823016457, -0.6193103911173532, 1.2114834271550323, 3.3409520713398884, -2.253603031506843, -3.033643331998499]",0.8178294573643411
7,"[2.406059580157738, -0.6317382053733145, -0.791401673058734, -1.5055193910050546, 1.2790084562392607, 5.035814055710463, -0.35278862922453613, -0.5608180434289392, 3.5262979495653908, -2.5968892750774897, 1.7990320461528355, -2.012172671805629, -1.655397967782021, 1.9830193405636474, 1.760579614568274, 0.9153859167669953, -2.1001551235535514, 0.579536682060497, 0.6115696470793529, 2.154852828806643, 1.215512205471966, -2.7011967296639408, 0.885476280665354, -0.9574351252687895, 2.0176175871560735, 1.1178544963680714, 1.5218899925591858, 3.82219166826326, 0.7801759264827945, -2.4110696073946434, 3.55552745998784, -0.5697915685303876, 3.296625361467825, 1.396256025037839, -1.116703732647859, 0.3004022931201995, 3.4311674431756947, 2.9423000326992907, 2.2333694516087235, -0.2238177633786651, 0.49957189046858597, 1.177590492949451, 2.3485514533907015, 1.0102801431796893, 2.2391340020989867, 0.4742642377221531, 0.859429426848398, 0.9553588427682288, 0.981255469410621, -2.502746455591261, -0.5617171833479532, -1.3742410757454637, 0.9673355212852586, -0.09716111662733895, -2.664772408639822, 1.1003350065282276, 2.458332901657824, 1.8119516744487263, 0.5694713981673247, -0.207181023954496, -0.6299521782508586, 3.2671685691677146, -2.058529777603289, -1.393212654129598]",0.8252536640360767
7,"[2.0695620365689336, -0.08816081600541958, 3.062561919504142, -1.8867525486542658, 2.831936362463984, 4.697516419420367, -1.739130840348392, -1.9556737958188402, -0.312490139986334, -1.7062133505334034, 0.5451835176211748, -0.6969838353430294, -1.5436571572668063, 3.767042315579072, 0.19347148219836047, 0.6949080312203422, -3.846577502850604, 2.491947667242787, 2.3451465213369542, 1.1875365337790729, -1.1185307699134055, -0.3964643134414296, 3.5422201559899715, -0.9198842124357403, 0.11476199002220644, 2.7082773635209474, 1.4732221399989582, 1.884109180639367, 3.1877444772089465, -3.082543454464842, 2.2756474040483594, 0.17591949979104854, 3.595869668557406, -1.2085135923461183, -0.9682772304166283, 2.4205638692472293, 0.7891999789409894, -2.0833623846097167, 1.8923016519734766, -0.6613758100287366, -2.3373045035063376, -0.38538503750871766, 0.9483171789368999, 0.44151969548506037, 2.5868757303703718, -1.598201830968105, 0.6649088243087753, 2.509893719558304, 1.1051745732586271, -3.398882244650695, -2.237536422951009, -0.37321534891611674, 2.6449313925647298, 1.0020581255899745, -3.8284838093844655, -0.2670974017258395, 1.5951788332513124, 2.088302295357507, 1.0756975087618483, -3.3820750781856863, 0.6039702855255132, 2.6736070300474415, -2.6791126379770795, -0.855916209819851]",0.8255664814023087
7,"[2.947121715839847, -2.451102153092739, 1.1833202233613456, 1.748368419775419, 1.9586714020626408, 4.2095196766258125, -1.6001634940514577, -0.1695351747013094, 1.6436022354108961, -2.4692350178157496, 2.0911289920852942, -1.7208784654513178, -0.4373242313508301, 3.74617477790815, -1.119873001492052, 1.1187435737831832, -3.8547626736597236, -0.2741267316263616, 2.3965702040597767, 2.1114458158417126, -2.480052646261303, -2.559128731437536, 0.6924032401519435, 0.19691952465386353, -0.09414956648747497, 0.03316916553248228, 1.4085608452150369, 3.6342941575956713, 1.9282960384074987, -1.7247522783663474, 3.0539120417141943, 1.2176014172838103, 2.0739621540805997, -0.5606587033061302, -2.7505089106755527, 2.030785713769472, 0.6046635775714287, 1.980160107380859, 2.7465458880664975, -0.7297345426366366, -2.799560050845337, 1.391358522823471, -0.11359773006101348, 1.6397504233926257, 3.1374732964138574, -1.277308568872524, 0.07439963602537647, 1.4362217034222748, 2.835424399652959, -2.5272771433666246, 0.5480100973972799, 2.1292180783747128, -2.0802910497981166, 1.9156228795322163, -2.960448302132469, -1.2072654591200416, 3.071978326440436, 1.6991687045117811, -0.6600360812121728, -2.848062732971284, 0.5400166714395251, 1.5570353304113094, -2.6861822476554527, -2.3946109459591733]",0.8266228430566968
7,"[1.3633251850660324, -1.6160409831538867, 1.7440546273789552, 2.8917322428610417, 1.8198694332574836, 3.157700739749842, -2.3099623935741804, 1.4738080910257008, 1.2056412140747277, -1.5631154178639994, -0.06499297941642856, 0.0856602876272452, -2.2720867855675135, -0.1242711974398274, 0.7228528634000189, 0.38894691079568816, -3.3814417967721173, 0.3947036211707746, 1.6838372391791399, -0.2289050885380557, -2.438513041284418, -2.0486175446836876, 1.6053674655321712, -1.8390214807616354, -3.4484912543514, -1.5937174543364432, 2.6336496908935576, 3.124607134055412, 3.4652674112122055, -3.0643618119003033, 3.5725729086302827, 3.6997573608331566, 1.1873651378629377, -1.904204950413909, -2.394539874851227, 2.2686353134470947, 1.6752389239083016, 0.6043639349120902, 2.378114749249399, -0.692859210444674, 1.0191820030039556, 1.8942298031166516, 2.424176836590636, 1.804809415070235, 2.1301668198873585, 0.6043991043770769, 0.949213769187021, -0.17118512196357294, 1.9374664411831395, -2.7120806112469533, 1.147965460221469, 0.17728978157636743, -0.5155926422611682, 0.506912796075024, -0.7784267255608428, -1.9557611529280081, 3.16539770868123, 1.7273821511998158, -1.5129108280163617, -1.5390335646901045, 0.202715339384335, 0.11209509895126463, -2.7183773142933205, 1.848535054022434]",0.8285899094437258
7,"[2.550401137383572, -0.949175944226718, 0.6049355430968187, -1.0630181155931666, 3.0812709129697864, 4.954893333888793, -0.009656524200897465, -1.8840074354682552, -0.25449231654133286, 0.2217773382593866, 1.951824707707292, -2.886213217985042, -2.2779914972760027, 3.770048682815133, -0.20442656412251797, 2.295761298911407, -3.854298248365442, 1.9598257992760504, 1.603621581661102, 0.49204426077426766, -0.3919682881613603, -1.2793228223328321, 3.9434762796178617, 0.9674401662871016, -1.5283645526108642, 2.1698452635907306, 2.358605290237518, 1.8729614525576666, 3.351524182599182, -2.355391402469074, 3.570666420481091, 0.6305814623535592, 3.4697500304120585, -0.2539418776866652, -2.451484280862322, 1.9075099175641885, 3.527705314179592, -0.5298119642147813, 2.31545673230268, -1.7529748185798208, -2.266470742729984, -1.0935303403636842, 1.759711885034657, 1.010852712729787, 1.9379608969765416, -2.061166491807875, 2.0093750678945455, 1.8546521983666195, 1.999301162993551, -2.455808115631374, -1.2851326204186972, 1.955851981388471, 1.629829557588439, 0.32823046057955757, -2.635240900174794, 1.5428113043462552, 2.3715934985371536, 2.283355840445335, 0.44569396832634023, -1.3847973283514985, 2.668353632728506, 1.9661007385762743, -1.965828711603284, -1.6790573351842042]",0.8308792595708877
7,"[1.0374205625211963, -0.33065826814595456, 0.853727104746923, -2.4220958338188425, 2.4788559606267166, 2.562398318294505, -2.604059703541368, -0.3026611109819748, 1.87374973966307, -1.878094388717372, 1.3952842312811458, -2.21519206061436, -0.7175300257631327, 3.717770785495346, 1.3817676666753458, -0.24598027593656302, -3.854077751398303, -0.2549747477571941, 1.556062014560494, 1.0115061655752995, -0.7754884896363252, -0.533019726544792, 1.9123812300350373, 0.15154974877119715, -1.788091417493113, 0.8765521029234251, 2.7867652176196884, 2.0285192384265383, 1.619753885300421, -2.6113019710655516, 0.627355437981767, -0.16505414004833824, 2.830709632837579, -0.001691967018440682, -1.8129880007556947, 2.382234495421148, 2.3009541256121224, 1.408946045983921, 0.40941113431526466, -0.8544270246306833, -3.047333206990733, 0.28774292259906653, 3.013644384706454, 0.3207367856185299, 3.585690428509882, 0.06523755439217727, 1.3399457356657125, 1.7253701181827863, -0.6952212134928398, -3.440740421000556, -1.3877403853735737, 0.5805630721827296, 1.2138384323643259, -1.0389423304010523, -2.4935671209228345, -2.28114244017398, 0.5585081773049283, 1.8317916619988481, 1.8147756652887974, -1.5719821448927664, 0.2554058031171468, 2.862348854708612, -2.477327281120016, 0.71817712296838]",0.8331388564760793
7,"[2.9054928766724806, -1.0703300585966447, 0.8422724226437216, 1.47740823349543, 1.5482873992228305, 2.4199896457107033, -1.5771117729238444, 2.5789372419596934, 1.4826644312761608, -2.301383463348241, 2.1047104880340166, -3.368235043475716, 0.2995772624040862, 3.53662643578191, -1.3149158493540647, 1.82899103815928, -3.7763267538953906, -0.3096537998574747, 1.5655269848077726, 2.0478434542274355, -3.1419927770284475, -2.142337351829382, 0.9791779980862931, -0.28898776719197167, 1.5041311213665622, 2.076961080864098, 2.3245852186696254, 3.3127162902410157, 2.5873654349931865, -2.5562018537222153, 3.209445130169563, -1.5283413181472758, 2.6709223802928137, 1.571947321758628, -2.0957123096907644, 0.9534849031907264, 1.9715728516362838, 2.4168863970920316, 2.3569333793395746, -0.5701308903367706, -1.6739583568021794, 0.497716775891772, -2.554028286777508, 2.0787479003564178, 2.095328658205628, -3.414057512923008, 0.3793774543058826, 1.8263633892661562, 1.2593895853403396, -1.3635825091984362, 2.9517295313842657, 2.1073352958522547, -0.7054483655126615, 1.3714139252946338, -2.2946518289883993, -1.906398654050804, 1.037038742658385, 1.8168883636522892, 0.08700258248976078, -3.4073905303446588, 0.9182980291782958, 2.7795820814929257, -1.6677851347079935, -2.0722575090360893]",0.8337222870478413
7,"[2.1552309655107718, -1.2083075945577555, 0.2582758062549797, 3.1843969087408825, 1.9722445721347084, 4.885715407443836, -0.7636641629440942, -0.9629350704403381, 2.4649812557536555, -2.0504340544564355, 1.6303398233964133, -0.38451021580770983, -1.8767507950874094, 3.5028687414524105, -0.3006829671092597, 1.8126776868173302, -3.6379425816040083, 0.03964477296798946, 2.2083493623376578, 1.5090211500967028, -1.202144801800722, -1.0004594209177653, 0.6536017221048304, -0.620141656100335, 1.343022842872303, 0.02505747034881839, 2.8032041403454633, 2.8128931243857678, 3.2955080785139863, -2.4049834498435456, 2.8966227234322126, 0.9475893140179034, 3.5652949705654744, -0.05805348986234371, -2.0392851332603725, 2.665077764234853, 0.8498150929791489, 1.6667304672787284, 2.67394645106158, -1.0453122938326769, -2.712749890438746, 1.4292501341182844, -0.2129865995047249, 1.405483248794841, 1.9880795271642688, -1.0181725407287257, -0.8406324159601458, 2.4658606370878964, 2.8142016267271246, -3.4669797017379675, 0.656812094148802, 2.6192886424010386, -1.995261798376395, 1.05398115164589, -3.725305499577369, -1.460817778014593, 3.1028042559591196, 1.8787452770035586, -2.0535476139937776, -1.142395408906688, 1.190468660709238, 2.200525080341453, -2.4195828516648827, -2.953423755407912]",0.8345209817893904
7,"[2.9465395215414696, -2.9698461796038322, 2.312900538897408, 1.592631112078686, 1.549601872876792, 4.979441165774673, -2.523601560546625, -0.55745127782752, 1.6988939212728853, -2.0650913646967473, 2.0475575892790543, -2.0828467733143747, -0.46318558790867054, 3.8033328199433587, -1.4124981228333142, 0.4993794564027434, -3.311585891175141, -0.010720581998722167, 0.9571951851356566, 1.472984222317813, -1.0660562028168907, -2.9852918713042182, 0.5783452584479285, 1.7190134844580367, 1.9728496576810464, 0.9394212177482736, 2.393796432247217, 2.319648424823402, 3.4655616769701094, -1.3457929462118154, 2.3342600593856737, 0.9258584487232999, 2.479427804507572, -0.4190264879579988, -2.0276562315377933, 1.4390143507295932, 1.6056244610381398, 1.7689921399628896, 2.0946965587084847, -2.2592326191874266, -3.1135094859642276, 1.590100906227208, 0.02533812352109581, 2.6684611929540787, 2.3011771877502705, -1.0160249147168823, -0.10370891707562535, 0.21592660890966697, 0.42136108783008686, -2.308642701284116, 0.8099640242620311, 1.254086551078477, -1.8067852756422118, -0.4678919611994701, -2.7419388938281153, 0.3432885265136705, 2.163488780599142, 1.5704705650341326, -0.5401259900282295, -2.9435566655805134, 1.7599399904530286, 1.8073930703401389, -2.703366092061301, -2.9184913208761927]",0.836045810729355
7,"[1.6250582130002023, -1.6602466485900196, 3.0165506127933694, 1.33426860931121, 3.535211461284414, 4.969648533853909, -0.51754061647975, 0.06654439091573497, 3.4678560815166355, 0.5089608760606268, 1.4041821722361352, -1.1126879732128063, 0.31895336259128865, 2.955232894000316, -1.2293758098623704, 1.6831625587742831, -3.386227250929396, -1.3371276315351643, 1.850653808967016, 0.9259018531039582, -2.9116238581425353, -1.9857320699515955, 0.8709135935067784, 1.110451257067294, -2.1576507188362264, -0.2765207646033588, 1.9982087903537216, 3.1497893649266904, 3.46764282575078, -3.2285011629087146, 1.9303065348304362, 1.6710472160929126, 1.627008304046862, -0.599486454217175, -2.0157461817280335, 0.29946254378199844, 0.2656397050605072, 1.7739154245873665, 0.7588216147893281, -1.1651911141678655, -1.779724475909252, 2.1979250614492947, -1.8238867841295776, -0.20343470372656647, 3.5849158033864637, -0.2504443606676961, -0.5930034959781015, 2.102954632116747, 3.101132909664523, -3.4231190728061622, -2.0115758434500592, 2.4707348858250446, -1.7020424290688312, 2.5000295070801717, -1.1424761659066975, -0.6709222526370702, 3.1933754066771964, 2.2138196098521394, -2.1426179581456175, -2.1534785649930877, 1.6699001419685184, 1.7275909410983283, -2.544556602432687, -2.789985380239545]",0.836076817558299
7,"[2.264063930576365, -2.5432266032886903, 1.3269416856360294, 3.370514421930027, 1.2276964227606206, 3.828599580955647, -1.3772292552324297, 1.5200573294899224, 1.922993479503853, -2.0212910949020486, 2.1238325230051984, -1.382955564304833, -0.17760938326065565, 1.4778993909553209, -0.7593897669927632, -0.8171179954056591, -3.8534991403707917, -0.559740179927299, 2.0917216026609413, 2.074278728438705, -3.0529603048794884, -1.4210850626828293, 2.6272426141684875, -1.2712074187218674, -3.418258848605924, 0.6339484031250312, 0.8713809002997253, 3.4674914263201475, 2.883995850578186, -3.333438536145097, 1.7617478352539266, 3.716170926369788, 0.7020271707164352, -0.8119932392098703, -3.5503972834661974, 1.9347294664813914, 0.9316274291848489, 1.8317682441512266, 2.578371642665587, -2.57268536089086, -2.8359348601496537, 2.649535783678756, -0.15580555521630635, 0.5527619004102138, 3.324230672108933, -1.7654787719267548, 1.0871359406113632, 1.5250487501649497, 2.8351984354820714, -2.9539392227691685, 1.3138697456252548, 1.2566712412739385, -0.7186131054984461, 0.3777863353305797, -1.5163365975640997, -0.9422757465220657, 2.9572342768109205, 2.281213280857752, -1.1772568658786986, -2.205758514036292, 1.2399329472078253, -0.39355855859738076, -1.7851085556287907, -2.051650423139761]",0.8405365126676602
7,"[2.8458648201509886, 0.3166055176573308, 0.13918300691815166, -0.04798195892697277, 1.878516771011565, 2.859392367500017, -1.6130109575158869, -2.0225059563802352, 1.4698890039336763, -0.10478353738228474, 1.2835628481738708, -3.3289336645927734, -0.4105245617159581, 3.481551008313014, 0.30977047787437156, 2.078508311514517, -3.783890741265392, 0.767028220730133, 1.7249098854647433, 2.123347691853988, -0.5520227173588244, -2.9187881068864208, 2.9454094886900384, 0.2306713696532377, -1.81395401041717, -0.012393117801513087, 1.2519828748160338, 3.462332741778853, 3.0453449545318234, -3.0479135340343566, 1.991905378947238, -0.5555808205726368, 2.8930011045550996, -0.43504311899625425, -3.3396899702351375, 2.191939663144265, 1.2661121390182752, -2.011525799341739, 1.8948019990005758, 0.37238185526307976, -0.3476654825429395, 1.9063589199948294, -0.785425094786076, 1.2779663333062157, 2.6172813409384115, -2.3766997936392342, 0.8183842740632171, 1.376380509094696, 0.4682397559528325, -2.536516683980411, -2.2612526787698033, 0.3596227882437766, 1.2649764490004054, 2.424041640003481, -3.15244801762003, -0.6178153649316647, 2.47439515324225, 1.982457585687631, 1.2877101047856212, -2.963799811716606, 1.033079217367272, 2.957339624067008, -2.6098884547801093, -1.1949623329638717]",0.8417890520694259
7,"[2.7891317389883135, -0.573635229380844, 0.724468650892132, 1.2237777647899575, 1.416728676702052, 5.0697596782774115, -0.8678223967538699, 0.7750559862489813, -0.18756440723259904, -1.3503547550379689, 0.6516057946170298, -1.1145195886302828, -1.3941578074160303, 3.077283216848973, -1.3925037998094258, 0.342092418254321, -2.3178543029139442, 1.1872589044732442, 1.8257519864990932, -0.2715577627056849, -2.144229292051687, -2.728484813725003, -0.2706735325164813, -0.18095988269519375, -1.0045773242310587, 1.6486743384570406, 1.0813295741195237, 3.59382467535356, 2.674108788070618, -2.2762879003724104, 2.2757489315465502, 1.0156229484286858, 2.82135213979806, 1.7862138766287998, -2.3914533209358764, 2.096743906149782, 1.3016901634740283, 1.7938538130451425, 2.7341871379453626, 0.028090048904770404, -2.220259630088711, 2.410955517497311, -0.07836667325165589, 2.472244492825806, 2.005906808004835, -0.8242159430316498, -2.746867130267187, 0.7876552986389572, 3.18792781030416, -3.4608410122342588, 3.5560591769901952, 2.604985033185199, 2.983383743303283, 1.7782804611848597, -2.8343078988016, -0.05609747226517847, 2.787226184316621, 2.2041978234504325, -0.27226265025049495, -2.185953364264863, 3.6000096319007002, 2.6409557258911276, -2.090679872520975, -2.403799192050291]",0.8421862971516552
7,"[2.92002692706584, -1.8781431959032948, 1.588093117257809, 3.1716761382123178, 1.0813015015396272, 2.9369348814259375, -2.6151816739311418, 0.4469348411155356, 2.128359186215165, -2.4751508157143114, 2.067607084525906, -2.1562064460843002, 0.48142737567521865, 1.6039834287089811, 0.8493029369810108, 2.0193936509301937, -3.8406719651351025, -1.1867177654213932, 2.0609569062294355, 0.7037657158182722, -2.2890698243509733, -1.7801392588402278, 2.2023456522610423, 0.2718495423672171, 2.051219946142584, -1.255336838359633, 0.6352668992586105, 3.24705745028108, 1.9407075001914835, -1.2577484938999857, 1.7557724465170308, -0.3453042919079796, 3.602916309110985, 2.1378514804097613, -3.0433220965039935, 1.270816334690147, 1.1697371134611454, 1.898778581030153, 2.672640057388317, -1.1774166534514068, -3.120609416943961, 1.8144142057364445, 0.0656517872336213, 1.9341942580751792, 1.687766504553122, 0.13997702687637215, 0.16216310007156504, 1.936701532775017, 1.403889194265591, -3.296840248244109, 0.558281152968568, 1.5097242808793105, -3.2311451595733827, 2.57339903135548, -2.4179177429569787, -1.5487771208742127, 2.242990036566367, 2.1461564230910892, -0.4655270641665217, -2.402504717041568, 1.5392065677211653, 1.1664161239310449, -1.9767385252036975, -1.4313620687261386]",0.8472826086956522
7,"[2.677804691940225, -1.9690761654286477, 2.338539894105318, -2.4266984964307414, 0.8961401854192002, 2.412991949542483, -2.0404304291229804, -2.742734816661782, 0.5111375239784475, -2.057382702494968, 1.4835050503473788, 0.13436304610264016, -1.4831573870412722, 3.809581488939568, 0.6648011009710072, -0.3268868482581646, -3.751342314759299, -1.2933055501486959, 2.4662905068906875, 2.135674062911718, -1.5770388880401307, -2.7495935503510496, 3.7373705313370267, 1.9219805593897206, -1.0904684455515836, 0.17285720097943502, 2.4294656071672707, 1.9800765716976383, 2.8615218412772645, -2.9696701026041525, 3.5074057704597177, -0.7810845454685886, 3.547414151792741, 0.15606683419853778, -0.5388137538331945, 2.2177872767908275, 2.9933989041727127, 0.20334809762628436, 2.284103682954327, 0.7328515614169884, -3.0084075264429937, 0.18499884122113225, 0.1155225431252786, 0.8585740569065224, 2.5266400047537876, -3.045198204957098, 0.8233424667572186, -1.890432496301123, -2.7531763471467765, -3.499754091499365, -2.4116269700375215, -0.11780029308638845, 1.9543249964537979, 2.5450215400500618, -3.2613587139807274, 0.6652934940639816, 1.0234834566023183, 2.2650330520139197, -0.4051827808974868, -2.8358502326478106, 1.5925399076430617, 0.7137653356072802, -1.627827677335653, -2.3713160634463493]",0.8480801335559266
7,"[0.38053186323771815, 0.3599642559627677, 0.26641078636913496, -2.241597249639004, 0.8066898948586034, 3.949296163410046, -2.478680846298122, -2.4811057076169396, -0.9157855223428709, -2.647740597703506, 1.9343096692422777, -1.3619650460716903, -0.8072089973379946, 1.666694832862152, 2.6145476184190652, 2.4044194501187524, -3.727299199591166, 0.5297802344112995, 1.250935492086738, 2.1532132666396406, -2.253603878522222, -1.4386866264520575, 2.5202304654848264, -0.59402173194988, -0.5373008809670609, -1.1129015666868116, 0.3449827341494862, 1.7385462732631844, 0.7213590318148781, -3.3330411712496435, 3.473656437230678, -1.1115055712046593, 3.5274158537110702, 0.6006015162802165, -1.5163119800336227, 1.8955765292064344, 3.0090778452206877, -0.15432638550124977, 0.5860103412877504, -1.0945598495702327, -2.0386427987394837, 1.5242079527088581, -0.5811543479127272, 2.41603942527022, 2.2272638569145538, -1.3254397292505018, 2.308239179669458, 2.682883230123941, 0.9079165366852923, -3.0146380170761597, -2.326458746488165, 0.4328794801299896, 2.023465349207046, 1.4284207975529672, -3.235870297890191, -1.272019904857864, 3.074934682461364, 2.2825754908483864, 1.1198159432716581, -1.3253370875566235, -0.15792105958335367, 2.484536155149084, -2.2238127807960515, 0.7029914041602328]",0.8486842105263158
7,"[0.358315409024129, -2.1061613311426606, -0.459850944034222, 2.703183101601427, 3.203292058104383, 2.5853855039184297, -2.486861527744778, 0.24739119155492717, 2.573722657181009, -1.2281873629585038, 1.814494263560844, -1.0762965073414774, -1.2400921619958467, 3.0860360708906533, -1.5595496618785594, -3.412713719849619, -2.5033206014255898, -1.9948649106956298, 2.3912393983699474, 1.4986481810672414, -3.1582242346675784, -0.24537707561072652, 2.2747500456590917, -1.2087880351410591, -3.4868415257389245, 1.0559733486073015, 1.3776894186466746, 2.0281964181256016, 2.0970462232341465, -1.7174358685107873, 2.0235612333934347, 1.6385425439871573, -2.1661451558350584, -3.6126225470230193, -2.7019175924869145, 2.2407629581584554, -1.7561852579724762, 2.9583061587089783, 0.6495656781194117, -2.955417792240249, -2.0896859644171344, 1.8254063395930151, -0.1308766226185869, -1.4463246341734024, 0.7908045523091904, -0.3842955121672582, -1.3448134921892245, 2.108059175853283, 3.4649471537034997, 0.4278336289670157, -1.1175014472245008, 0.8103471105455768, 0.3590333901492798, 0.4008170066402679, -2.6459329184323277, -1.94043014582443, 3.002124765669806, 2.2535160497170406, -1.4127134407691813, -2.4734970477764815, 1.7026024881445008, -1.082154242242504, -1.8325684049234434, -2.663144817400046]",0.8506538196834136
7,"[2.9323336546306695, -1.1298413282743134, 2.0053258297435304, -2.535666647152085, 0.38623315579575523, 5.007979373736968, -1.3458523825139812, -2.9168299433112903, 2.372689214461061, 0.20977648317688802, 1.9974507816354274, -1.594794391811678, -1.255834200491595, 3.137453480268465, 2.8478814026970434, 1.1079338661591778, -3.38247617671595, 1.6077570389815667, 1.8780479239613788, -0.5866185755641171, -0.9466650408306667, -1.6191324109799534, 3.4109210965214722, 0.37241998405146126, 0.47745209131815514, 2.3144889791440066, 0.9383306014998672, 2.3579747355267755, 1.8610720278561659, -3.3192734507281836, 3.6087981251346597, -0.17755521097009863, 3.3487970351522627, -0.14152534239475079, -0.5018456873350484, 2.0403549394203857, -0.8965888872750649, -0.5740188696312774, 2.651487109456116, 0.5035148770192079, -1.7987892492811384, -0.7500127900597711, -1.372200742939044, 2.6496401768703026, 3.423616695228785, -2.25739958746955, -0.6515685691829782, 2.270497016112503, -0.0474932137777313, -3.503544202654035, -1.332407212187361, -0.3602589681699586, 1.3260787250752726, -0.8153856749176049, -1.7102228115095583, -0.3756548497403351, 2.631547779427467, 1.9440636034594672, -0.3267962074402353, -1.6116025671834189, 2.2968932017815873, 2.373153826108051, -2.6547579714837006, -0.7487600823968014]",0.8516275548826646
7,"[2.2062680788487135, -2.1048733927583028, 3.1619404942605516, 2.7073904634153325, 0.9492473920981661, 4.048022432976936, -0.6290266169248038, -0.5586723084659526, 0.18240181985002246, -2.651499531342553, 1.5803898775957312, 0.550780152144333, -0.053037898076988776, 2.9252085750734786, 0.7900354947953482, 1.7260282693190088, -2.328825315127359, -0.40247305507794695, 1.3085653509693067, 0.56283200978711, -2.6240047028625626, -2.4768823240305107, 2.1438380054105948, -1.5591880565860787, -0.5018114143458463, 1.59187642032802, 1.7911085637824744, 2.4340159792841356, 1.8253165406032137, -2.4534239879295994, 2.853546063514496, 1.3156797113347918, -1.7286478290145655, 0.29734335447800997, -2.4399086108393075, 0.5646887279118176, 0.6287955587256557, -0.11070372335393786, 1.9136859529780703, 1.5511337952089082, -3.1111079556220425, 2.416922107342253, 0.515666381603786, 0.5685496368843939, 2.342565518321652, -2.538221585516425, 1.299809601052843, 0.5668666136116178, 2.467696694047644, -3.506338936188421, 0.4269072193683574, -0.1039341506363114, 0.026648190237962943, 2.4782616726876006, -2.4597859381622067, -0.2765581545238206, 3.062114959712831, 1.7514511527068242, -0.22249642505886874, -3.244739769349437, 1.801171144947507, 1.1746442039332359, -2.704222118669671, -3.000016349622455]",0.8525784753363229
7,"[1.2808860106663131, -3.025404214607246, 3.00766984031823, 2.4062895079303477, 1.042474024046056, 2.3583935556324684, -1.7506769664396007, 0.7209039503595047, 3.9123906498093186, -2.66738843780151, 1.8723550872840249, -0.6765221067082335, -0.3694954159669611, 2.26549358459885, 0.014996191592596547, -0.5177507918912063, -3.791077505544333, -1.8468670233583309, 2.421225568530029, -1.8211084489969132, -3.165021005413694, 0.46682557286968507, 0.8621800389022227, -1.153518229390841, -2.740659952357092, 0.3334820101857543, 1.3792556249272472, 1.3071002710044017, 2.23729612557814, -3.335910040227171, 1.6566303681478338, 3.021497602082811, 1.7126453993603699, 0.25636106607560094, -2.2981667941235973, 1.4037370068882962, -1.7554446383581317, 2.950055117814198, 2.6585841088689373, -2.3941871862816786, -2.069833670791198, 1.705404480479285, 0.638867690602265, 0.42631148769979155, 3.5588581526625607, -1.621722206214804, 1.4948072023589296, 1.4796490846389139, 2.541051704935963, -3.4662560138007987, 2.254718522254081, 0.025646265741718688, -2.6434722238134576, 0.41247978561897697, -1.7318624951053836, -1.9821077873628457, 3.12577964453944, 1.996618208570185, -1.3410397522032491, -2.7878475878302837, -1.9916300563430287, -0.9987213668001953, -2.5380381906399987, -0.1493072171736225]",0.8529411764705882
7,"[2.7030561799350976, -2.4483978535651203, 1.0201259384482007, 2.5582488799244314, 0.6687111712934946, 4.736927952523056, -2.629021744120399, 0.4789735603309464, 1.8131306288487155, -1.2836144086552865, 1.043673814630279, -1.5789707911586182, 0.9689431046656248, 1.9286911300785001, -1.2516874138140255, 2.1619218961114566, -3.6784707142348165, 0.3363230542716909, 2.3501679973174205, 1.3983867150608407, -2.5223429953293315, -1.7570329068215353, 2.3735412383483494, -0.3876292320694858, 1.9882014045203387, 1.7865609895727648, 0.5560863684050859, 2.0462475375285027, 3.336203771445394, -0.6203769347428734, 3.3033574675680972, 2.963191350046181, 1.6950198351336965, 0.4472141178308964, -3.562721759318175, 1.5043732862929193, 2.7713435146077305, 1.2852042177603435, 2.2612638828103213, -1.1490916864059446, -1.2072196883845188, 1.791480190932406, 0.13854973030874548, 1.0076371745585875, 2.573418922262013, -1.5763708003160397, -0.08882891343956409, 1.5253591242550917, 3.358713629321586, -3.247747832221936, 0.8773024780708067, 0.9200667693573067, -1.7799586521065598, -0.13853920587770552, -3.9042182580650127, -1.0551687962190424, 2.1625324150883016, 1.9992031072275447, -0.9688520761347874, -2.650686549329011, 1.5326289695976185, 3.286432011290723, -2.7023399057218502, -1.3261112392515797]",0.8541666666666666
7,"[1.3210264705562245, -2.417300990158135, 1.4352974861680576, 3.5311549553956647, 2.5532443582052036, 2.8554848121277594, -2.440063691712905, -0.8993109032877669, 0.7177727462016001, -2.383043141853627, 1.080681961313362, -0.5879731552169729, 0.12385303212751642, 2.289488423888364, -0.9399775812953612, -0.915419680657077, -3.3910420400105448, -0.9688555725783623, 1.429108081604245, 0.4862631132454591, -3.2323379124781932, -0.503065454942806, 1.9569199819266438, -1.5358368727289204, -3.220280560175587, -1.5077252374510444, 0.3923451278483283, 3.6291505860455056, 2.9427370673069446, -3.0151833458004043, 1.5034462671191158, 2.1171589251588268, 1.2179031579782624, -0.9266437630017499, -2.720704011678591, 1.5000139074017356, 0.1623829524518785, 0.9436134882333759, 1.440886575694596, -0.2838681965711787, -2.5763617910063945, 2.4679363591535144, -1.5344574896033483, 0.5172936772915597, 3.3655737627864335, -0.6743627475562994, 0.31127149525606934, 2.735031207283598, 1.4023031338395469, -2.125471067777882, 2.670506106234349, 1.9540213729832279, -2.153375917957452, 0.3162764876486642, -2.3505468866963604, -2.3414929094170245, 2.8445624931674414, 2.2733303493689396, 0.12565832547886768, -1.5292937138745102, -0.07946426566892684, 0.2801048662290666, -1.826657783955472, -1.3565034763377852]",0.8546099290780141
7,"[2.9454243534860542, -0.8127713991245559, -1.1098095072221592, -2.0386872501405735, 1.7896051330426763, 5.06346944481513, -1.5642310942551192, 0.7520390886645634, -0.20700281885438154, -0.24789051870945422, 2.0835444178029934, -1.9764120356552504, -1.8046525468420227, 2.153619825115443, 0.8767134293348089, -1.1294389907311544, -3.8477001003952593, -0.09233799963537695, 1.1120088538810808, 0.06132853475472633, -2.1583232483971417, -1.2830715759738327, 1.3771819081098728, 0.8135864933599842, -1.646479350997661, 0.9385848542792823, 1.1433891981859992, 2.7968883122665984, -0.6307113362226588, -3.206410896134219, 2.927443196001541, -0.6398392999707566, 3.149201875666912, -0.899882399785618, -0.9004996064228437, 0.10965778019421268, 0.5338665751850606, -0.033279179792295985, 1.4476505614755795, -1.3793724584956142, -3.0095673515916412, 0.9781185474928771, -0.9186818451856809, 0.4639158152975214, 2.44420161366456, -0.6539453154247676, 0.4541019343226615, 1.3406237886342685, -0.619677809710982, -3.4729419522850242, -0.9535532324972213, 1.767654877436358, 1.6775597375533657, 2.5966322663032, -3.8833585703376965, -2.1806408354360762, -1.029599047456025, 1.9974565615408697, 1.3814360843562512, -3.2632977833563177, 1.2240142169508172, 2.5928352130095984, -1.8252134533634545, -0.8058345099962976]",0.8546674119619899
7,"[0.6948269019073408, -0.8309168700105477, 1.4542487081178133, -2.6174728714301554, -0.43994592442975433, 3.574781051647486, -1.6978788498998627, -1.0619354122441635, 1.6382482758179702, -0.08388046411362238, 1.3643157849680516, -1.6850451988483428, -0.42527373594453355, 3.44784724093271, 1.8293575220988543, 2.0410762659979227, -1.5940459241689633, 0.7618633252720962, 1.3131807593721792, 1.135915709330605, 1.8434508803156284, -1.9025773884603958, 1.3687837017777447, 1.5988355796487057, -1.709949609569981, 0.7008814035098702, 0.38782545841934546, 3.5572249613083073, 1.5573500207446442, -3.34471476464827, 2.251512558899459, -0.2150162322198682, 3.52854169104357, 1.5001971990016312, 0.37130413070567303, 2.1228994820051446, 2.139446977146377, -0.0759086074230837, 2.621010317320095, -1.517467071638973, -3.109140967346416, 0.42726053450559726, 2.1068042871885764, 0.6929394523778528, 3.269046105309372, -1.236688358468328, 2.2126051691838935, -0.3564270272989536, 2.1598205505806685, -2.9567792660393417, -2.4034116786144244, 0.04541837526558137, 2.11989375841143, 0.7462721770041997, -3.180739883653057, -0.28192133433256716, 1.8876935540052677, 1.952833106573017, -1.4845165505565545, -1.689258095289359, 3.181011044505523, 0.627239593725196, -2.287061960541427, 0.4012979789563198]",0.8551120831055221
7,"[1.7539823146845346, -1.8791300453018183, 2.490462789507973, -1.5603769378580314, 0.5049232515540629, 4.541921174542507, -0.13573227822913458, -2.5592216049883776, 0.20719414888914478, -2.6740397182253397, 2.1196950576893148, -2.027260530764522, -0.8960516321594962, 2.6362395432106043, 1.119300346496039, 1.730585947478564, -3.3314306265555995, -0.566102990373221, 2.019566123151997, 0.4122126824744643, -1.6916821766719394, -2.8360358106482932, 3.107068260161565, 0.8693335845284691, -1.796493254528159, 1.0348486694668444, 1.8881670125854155, 3.4068549314775227, 2.5907276145521507, -3.3417955274958024, 3.3574545079284075, 0.5176451897087223, 2.916209595953162, -0.731365345552605, 0.40764502845124895, 0.39534699887871194, 1.8259685230971923, 0.3629879707197792, 1.677984412715097, -0.5747599768551572, -1.7438105694179014, 0.6913783265632469, -1.42646706025851, 2.605425050985355, 3.2483242250533917, -2.214291780699959, 2.5348599767251665, 1.760296607649173, -0.18160640509018355, -2.2236012069919973, 2.4405954973042734, 1.0086703278549516, 1.1481175268980945, 0.9591797240631832, -1.3219081458162654, -2.2447240669758495, 1.8663032451715502, 1.8025366571766077, 1.616983576391033, -3.010269443955302, 0.38705226890793054, 1.6422900627469876, -2.6879857264294147, 0.44756006942765814]",0.8562091503267973
7,"[-0.5372137541972264, -0.1461303143207564, 1.7370811894699028, 2.4573400852917295, 3.4318885797448933, 4.9020365760378555, 0.597278912769099, -2.3049186136413358, 3.147074175890386, -1.2011253325291078, 1.4222467303376227, -0.7150688919286852, 1.0249478889417765, 2.4554539605003534, -1.923250708626485, -2.504554855835825, -0.6396104551059545, -0.23228758628591084, 2.1441000247066784, -0.11110284360941247, -3.030189023458178, -1.3830562759681921, 2.6529070327957434, -1.5408982915414162, -3.782504180813572, -0.5773056136998238, 0.3341187127948749, 2.894775222708389, 0.3153044359093564, -2.2012514846831897, 1.7272952555256533, 0.6628280394398041, 0.743883023458916, -2.052814021987004, -1.9315206132916252, 0.40797169884459494, -1.11930462269205, 1.802971626158389, 0.7497698644843283, -2.762948993259193, -3.1202183900065115, 1.062629954599763, -2.5449689840144476, -2.092175041591107, 2.363766926528456, -1.2912394545550179, 1.8231633866003596, -0.3184691452489967, 2.7180657111073088, -1.2871233843037857, 0.9340528975743642, 1.2255211108730588, 1.6150305172578354, 0.6811519488864024, -2.6371343192082914, -2.305608189916506, 1.5863573136319136, 1.9879384198799979, -1.1284749953014455, -1.6012893325978002, -1.1352389793733582, 1.1708369704505404, -2.7011464471557343, -1.8977580442363167]",0.8565782044042913
7,"[2.9412734042955453, -2.91865391336151, 1.605139813024959, 2.2633704134691377, 0.870671588242381, 3.557273378414956, -2.605514138286443, 2.3596217968221485, 1.783288784621386, -2.445205755582757, -0.634123048226193, 0.7017937882604506, 2.6458677984062313, 3.046892374293315, -1.0216434098678213, -1.1823887220917904, -2.470315995007864, -1.9435061723199398, 1.1400102362172113, 1.74067574666157, -2.0708804365244697, -1.0145804689628757, 2.469513401818687, 0.4640109882297916, -2.817877801124639, 0.24499625851654017, 1.0530586565481237, 0.5864738776865939, 3.463790797117419, -1.2389202281790865, 2.2539467223466385, 2.970200205556115, 1.5086233725730378, 0.9861324442404102, -2.811947891623261, 1.5060625935961045, 2.9705154949741424, 1.2999097876764538, 0.605742533320839, -1.4511456610869167, -3.0764835734310614, 1.609293699857412, 0.5321943928544471, 0.7339929908936601, 2.0443141095199695, -2.8683883938937536, 0.6527969623966587, 1.2098515658529836, 1.08560589557917, -2.212281306898244, 1.646754312746506, 1.7787981977957572, -0.9217763684906946, 0.18820901562378797, -0.049011580342807504, -1.8526288220829366, 2.5967084241737526, 2.007972879965558, -0.9915602366732102, -2.0631849271455835, 1.6658473938209177, -0.7319861106038592, -2.746024384603876, -2.5796044200302783]",0.8567477876106194
7,"[1.2983714537867628, 0.8240508719564331, 1.7217413918391264, -0.08945965215893614, 1.1062357271658865, 1.9033477821450124, -2.5800355173041165, 0.736137106159536, 0.39515841246568084, -2.604474363290712, 2.0430801721901086, -0.8927024066009961, -1.8227007012380847, 2.624845337619437, 0.7100143949113601, 1.7809492048576265, -3.8544188406388162, 2.116050368058552, 2.2885493127771985, 1.7889972750946392, -0.4357074839796685, -0.38143024003932535, 1.2917914126058845, 0.4567971009412465, -1.8710342305787229, -0.333346508476573, 0.9930135635294935, 3.0232821451390612, 3.4696282274652828, -3.2895288063954387, 2.0782616715707523, 0.10877987119862775, 2.4521059336175357, 0.28261460480607026, -1.0110101740538562, 1.4960195476705378, 0.6219659424377235, 0.2956759806844079, 2.5522232764554644, -0.14973808930001375, -2.0351808836893697, 1.1412454299947088, 0.5617921374410612, 0.7309026280213408, 3.1190484232664795, -2.9928594099728416, 0.5988596888243707, 1.171967017808932, 0.8756953827501437, -3.5162779785026625, -0.9000590923943717, -0.7454707663480308, 1.138412209406467, 0.2105808296918844, -3.0419621562873917, -1.0328658202293868, 1.7070002652612755, 2.05616219867973, 1.0316210706217654, -3.3628709404619963, 0.5816150515017569, 2.147103149453841, -1.3058023388232243, -2.619685950543672]",0.8605042016806723
7,"[2.0429933144394092, -2.853322807924322, 1.1950339141078978, -2.807349755776146, 2.7932282656498555, 3.8830982918320345, 1.041549740182076, 0.3751914634366309, 3.0803607293523103, -2.3727457634047067, 1.8214940482499486, -1.069259249465741, -2.2936074628781986, 1.0111173902108619, 0.6184986152486374, 1.3990027896288482, -3.5241855711867376, -1.1485226803792037, 0.3571135292546659, 2.1073577649807667, -0.8786325594486721, -0.6244784960993823, 0.8896127396494096, 0.4322437662147375, 1.1621363234789372, -1.2848560537937914, -0.3448359534238685, 3.4970870526307682, 2.693447763776634, -3.1526972613528863, 3.518597889230573, 0.07800594801269056, 2.9771170784829044, 0.9815719022181539, 0.031244344591175865, -1.4229605156404395, 3.200632739595124, 1.195290805291204, 2.232245169372356, -1.3332224965913813, -3.1208528636077237, 1.3127900862131425, -0.2887471041743241, 0.6621325851610627, 3.59233674554161, -1.9103739846582588, 2.488880705589929, 2.6506691072713826, 1.1106030853109514, -3.2096780761178163, -2.2773480834881776, -0.578309551713845, 1.4778625110606458, 1.9399953106642842, -3.934507716641696, 0.18587793607479974, 2.4352359254425715, 2.2764699801684762, 0.22605834832611582, -1.7515046421120144, 2.377999880208503, 3.154335737627223, -1.3209332605729278, -2.9719638702769338]",0.8610540725530459
7,"[2.0955431229484227, -1.261416696526929, 2.5897762723344186, -0.53127723028071, 3.120934448603969, 3.1554874252555076, -2.1943542687463156, 1.1341201189162997, 0.017493458188673316, -2.1964568161287055, 0.21632196773402423, 0.6626361512937388, -0.1741297506811752, 3.7419565523657594, 1.088128487571494, 2.400417794639288, -3.68252724640156, 0.02007363376548832, 1.1673558722269561, 2.036818017196684, -1.2035906841587525, 0.2922348278266338, 1.6402818333782312, 0.7608575105428689, 0.12873918225841535, -0.28582695131124725, 2.4977447227157152, 1.9044427516788922, 2.687914091712134, -2.3257142515893925, 3.0573560080511917, 0.07170698680148413, 2.4683114426923964, 0.06976228705630166, -2.2998680431792553, 2.0930684900670706, 1.8930186312027637, -1.2440337175900922, 1.0395821099141784, -0.19729990013000043, -2.4362049699596944, 2.4145010536566223, 0.6861704460308753, -1.0000364194261662, 3.151332645596288, -3.4086564839965496, 1.862260137927485, 1.7974890500995528, 0.5021205226936082, -3.4252788459707193, 0.37412564639444934, 0.8607445439356473, 1.873786584577918, 0.8694582264982645, -3.222027632709162, -0.16266715812950122, 2.6281286790862954, 1.7120890716180743, 2.09672718488969, -1.9370720006176987, -0.7519373545714683, 3.2300258273341376, -2.7382139370524325, -2.1549167205528383]",0.8611481975967957
7,"[1.9260297114393699, 1.29262144862391, 0.42168167268209644, -0.26691675890084166, -0.3980088303717234, 4.9278307662410805, -1.9388674183073138, -1.5171296247144666, 0.9362663944397672, -2.062220094113977, 1.739313926473056, -0.7731617815257805, 0.6646021802969568, 2.7880962321592704, 1.7824361104927475, -0.7213664402529425, -3.7961579018677196, 1.3365226968071386, 2.3052173973373344, 1.029241222763237, 1.300038652063161, -2.9908688109759067, 1.8654274853226191, -1.8742946388906752, 1.9102804852963782, 0.4535704485190264, 0.8800960538199543, 2.525925966476802, 1.7560389537943903, -2.85857443982493, 3.200184503537443, 1.664640863248774, 1.118530980935013, 2.1039994047183685, -1.52037449369503, 0.911423634905025, 0.9828226381970331, 1.6878940737873953, 2.663446548673671, -0.8201813253601363, -0.8634891812039953, 1.6605297137815995, 1.4042931703294361, 1.2829892809672796, 3.5640447281316705, -3.0509668899044327, -0.8768422383241945, -0.7370720359658812, 2.2121885816161, -2.8680389323864013, -0.8869832120431641, 0.7433009142152022, -0.7954645566666243, 2.4674075612365827, -3.489737635859468, -0.6718914519725607, 0.7917130076391123, 1.856051836285207, 1.2272790538481557, 0.08278612238764316, -0.10607606159806832, 1.8175549447376351, -2.0406185538774007, 0.478878821097964]",0.8629227053140096
7,"[1.4017579285069797, 0.07687774988547313, 1.819475607959998, -0.7408925646792583, 3.1498214146902486, 5.077795433333384, -1.35888422847875, -0.8856552863582181, 2.058360548509674, -2.228824994051523, 1.4754117404442806, -2.2035614583351517, -0.8926103974403405, 1.8443296470323371, 1.5463188040350684, 0.9083146846279597, -3.8117874581408073, -1.1915291430235095, 1.791470025254207, 1.1996455753649218, -2.672364850359781, -0.4722825199301517, 2.2869423035727583, -0.2646683623822319, 0.4932211292628636, 0.5230287934411624, 2.105090132437827, 2.8111208402495977, -1.547538597332033, -2.867346415406672, 3.606818912704643, 1.1686514837542044, 2.5636903203511148, 0.9374769918570509, -0.16514222329431805, -1.0982172356273763, 3.5282137087344183, -0.6201413712616075, 2.0492317953673176, -1.4341970379400042, -3.1082492064343548, -1.8277300325887875, -1.939190625946045, -0.47626320172914716, 2.6276074401929095, -3.04520851157299, 3.1943252278343306, 2.4309432783455676, 2.053182852338072, -3.4170719060239207, -2.112917462626526, -1.1077409254886026, 0.3052502025409891, 0.1175072909950825, -2.8047415285929054, -0.4033636883674277, 2.744718747096301, 2.28528912440049, 2.255280056155345, -3.0405123478536837, 1.923334958458345, 3.387219097710957, -1.4165242097853614, -2.433733396118397]",0.8640179071068831
7,"[2.0535556721927395, -3.0261956907936893, 2.2313493140006093, 2.9708621652889358, 1.4610652554669645, 3.143601595313366, -2.3347354361936317, 0.8925378270767939, -0.4464321151209918, -1.6047511042087976, 0.8059075098224024, -1.3075809740838897, -0.5861726129059434, 2.447333889147844, -1.9114847131567192, 0.4175766915201997, -2.796758686911037, -1.547699343601411, 1.1882277289838006, 0.5762745445639035, -2.2709147768382674, -0.24140173200663506, 0.7775429793712445, -0.03932271464532934, 2.156201049433163, -1.3298815594624676, 1.1197450844416579, 3.156783216739998, 2.007635758915478, -1.4841743540493129, 0.5265806178730283, 0.35278045445996475, 2.509235312905526, -0.5759746847047263, -0.4882836793987937, 1.7618430356431154, 1.8002223243470195, 2.6367650807759744, 2.3441948651642868, -0.0636256305671673, -3.0320157848129123, 1.910217918916941, -0.8976774231890061, 1.6543401850734791, 3.0660760078305143, -2.873128031085977, 0.13751915899085487, 0.16727885868323855, 3.226191641167404, -3.1883708880191652, -1.483479277066587, 1.5748357829208217, -2.4144612613954872, 2.0036472789049538, -3.849240587965278, -1.185934456364453, 3.2003478810128145, 1.5208047345226394, -0.7231739196106843, -2.245277809742812, 2.4720392242964087, 2.916005166691928, -2.5487775916236286, -0.5440689178550084]",0.8649225840896957
7,"[0.6815169815345969, -1.839689336902632, 2.607743370519465, 2.6838912585411414, 0.6596810982359864, 3.882929010568298, -2.3239433061293684, -1.563402098491384, 2.1815792771506906, -1.1531442464747295, 2.141253428885146, -0.6685379751693731, -1.7452454196894034, 3.4609563506757324, 0.0621386594988772, -0.6057013656944652, -3.848022447857412, -1.07189778638811, 1.7599796209498253, 1.398236905795062, -2.8024462730354447, -0.7569734510033221, 0.3512061088993155, 2.497823831843612, 2.2486215634891513, -0.9293688978469317, 1.1876972730672375, 3.57104453244223, 2.3702942251300247, -2.0547318403409207, 2.9075495216042455, -0.10267100227631998, 2.138220989655748, -0.9188738425222922, -0.25106160556339185, 1.309284919550418, 0.38119832786446173, 2.8783651394126997, 2.247619012893999, 0.7347058694720845, -2.4758709776673125, 2.6464182064016777, -1.471373927588198, -0.06222693630953047, 2.278861400201393, -1.1768669968032448, 1.2176955353737573, 2.8328930442328533, 3.4486656494415455, -3.5015741493515624, 0.32931510541042475, 2.435702081341795, -1.526933104140476, 2.1749813551567616, -2.800767688674667, -0.5306809282334146, 2.6972297293988263, 1.958161826201155, -1.8907015227062978, -2.048783042645548, -1.9018727878145074, -0.8513638077186101, -2.4062397918291953, -1.2780817955853108]",0.8654292343387471
7,"[0.5244830372687943, -2.755305720040988, 1.0580993480454621, 1.7677006339043593, 1.7094796759916617, 2.6387572894489963, -0.9001292075545999, 1.2521391669657145, 2.519235516650095, -0.6098622030448573, 1.5874748734053346, -0.6253195016393204, 0.7699942602250622, 1.253613834708689, -1.4857377560339766, -2.6625243616055716, -3.004264246195654, -1.4235447492179671, 2.320595368116053, 0.9467668163007193, -3.0683966228750092, -2.100598758988291, 2.556882368752164, -0.6913907902566168, -3.5839528546209825, 1.1304283364800072, -0.08996425752561876, 2.20844626305881, 1.3538454378500782, -2.2851713538034053, 2.4341180569599143, 3.1266572662088334, -0.3024508761587541, -2.966547506645713, -3.2368254870780238, 2.3310300961581065, -0.3589575186393894, 2.5182379709027254, 1.3896055364985869, -3.4439859618275204, -2.835744697113556, 2.1972557394374492, -1.0059425588246933, -2.052537649833102, 3.5932454208029854, -0.7493236334456388, 0.10209379216700122, 2.1339311172171964, 3.4268418308143596, -1.8874422233405044, 0.26756028930398335, 0.39782879246674285, -0.4817646046729307, 1.262546341428786, -1.269281768229673, -2.029939421288948, 2.3859852748690824, 2.1472256080045615, -0.6057977610800607, -3.0681211567532647, -0.3827365267686973, -0.2409860012299483, -2.393174284662395, -2.698159428080358]",0.868259385665529
7,"[2.6048034130785327, -2.9686471935655794, 3.3381640372216106, -0.4095923119756498, 3.555949463213108, 2.008352217065304, -1.7206260717792703, -0.9794897784470693, 3.989674691678601, -0.11410439469426037, -1.5266735613304023, -1.4427095788227098, -0.9936204002391748, 0.7056160648204721, -2.934035017902124, -2.050458172330287, -0.9670719223256898, -2.2119226954278997, -0.587217484964941, 1.7958995327944658, -1.3848743357883213, -0.6982045494735362, 1.988857631813024, -1.647405568872772, -3.7230251359695155, 1.044460090632515, 1.4291566835285072, 2.27354172295138, 3.038932281068189, -3.3172560783791556, 3.179784339034669, 3.7457827265264254, 2.002202812553964, -2.8006284179383343, -3.532398832362349, 1.9062346565039132, -0.400988467918039, 2.4723802041888043, 2.1219597295373713, -2.247977538443647, 0.2741403595257229, 1.7072410632209136, 0.8223528396341027, 0.30775835943247176, 3.1292384606106407, 0.02869653542978584, -2.338982917656874, 2.419672256762373, 1.9501147960341192, -3.0650462413679427, 0.7121525349041942, 0.13926867277181137, 0.10090294847266246, 0.37189295730288374, 0.8358356088016277, -1.8500866513628267, 1.233530656615002, 2.2436035830666556, -0.5033546318822087, -1.0387993171664314, -2.1774300849327526, 1.5043292179679508, -2.6027981003871155, -2.70650144711787]",0.8689823278488726
7,"[-0.465577015335053, -0.2188246642740923, 0.6796590111466836, 1.4751901385746315, 1.1082371858213433, 5.070230519538751, -0.3402973193055596, 2.5610795044694465, 2.018522631742236, -0.27141646921632767, 1.9592075376759104, -1.3229770640204206, -2.2593048739766513, 1.8570061535764357, -1.7664820374134285, -1.0118168575601572, -3.7153522507350494, -1.727442211389246, 2.471540313468653, 0.5659422288802641, -2.460175713744596, -2.170579585778346, 1.5872274191057598, -0.9696499657516866, -3.816723826859424, -0.10938055801415425, 0.2290652078802231, 0.9220088295407223, 2.9553801711136414, -1.6599431532125237, 2.2168892654184726, 2.06294039129876, -1.52327327497166, -3.3979024081637093, -3.43332852501441, 1.2781488621636803, 0.6134478412447233, 2.3018388341858063, 1.8401150086110392, -2.094123834602227, -1.0139343654989488, 2.1599255886964936, -2.2673772959885428, -2.6992716795734806, 2.9995184232588614, -2.325210970002482, -0.4051219653724514, 2.9896534549393055, 1.7734680830500325, -3.425571851438141, -2.0802703319828364, 0.4063338340981778, -0.36389444706216395, 1.9624139045926694, -1.7574577572444097, -1.3512540134105602, 1.986214369958689, 2.2854972475543525, -1.8883061244360704, -2.704107711971921, 1.0040811111286692, 0.10051454046970265, -1.5970849124368105, -0.5113590575031892]",0.8702633269107257
7,"[2.5023994548628266, -2.5436720821146146, 0.024906770008222834, 1.040288863627779, 1.920413142636437, 3.5847215291513415, -1.6953974701389338, -1.208218349459551, 1.95037805480787, -2.5359065761248987, 0.5781116371891317, -0.805783519660514, 0.9189047996469467, 3.7891520289086147, -1.846913078893822, 0.2546374370816251, -3.7207143659763267, -0.6722659887688542, 1.7165395030500739, 1.5121893837941012, -3.2912378562637867, -3.5938909017516734, 3.960937069576581, -0.8037320532230594, 0.9524721422778342, -1.1527719620769166, 2.251916024473956, 3.4914738175726447, 1.3524123577285807, -3.2798631108237024, 3.41974227962813, 2.098987664251128, 2.871356159631335, 1.0718564707425084, -1.7281304533811657, 2.6355525286092174, 1.9881025949690687, 1.0306012027909612, 2.743116885778652, -0.8757434743515276, -3.1123984624450496, 2.558348311444548, 0.37408824009915703, -0.6150821124430672, 2.0303297500920214, 0.104912708327352, -1.1322983532094617, 0.791128157309356, 2.226671774166705, -3.0552988149986735, 0.32126225847019807, 2.186937088967981, -3.284727398072027, 0.6268359265179164, -3.6942058641292688, -2.362734952047902, 3.146403665464008, 2.2622497679627953, -1.5740739799413195, -1.669359460024255, 0.07302277364072968, 0.2842720385406752, -1.7813174070970565, -2.360267270178204]",0.8707964601769912
7,"[1.40324334255364, -1.2975225527897445, 3.308727333760477, 1.644605624462771, 3.5062888649656387, 3.977662657255388, -0.8986537389543623, 1.2656963548730669, 1.1029419772119287, -1.6757147122211336, 1.3429170478114592, -3.224677777811292, 0.9957669747514665, 3.513359841978123, 2.8333343148156187, 2.3574365698056, -1.9211430840337407, 0.28740927449315984, 2.3510049297760744, 1.3442054204712517, -2.166870277559576, -3.291747756661871, 0.9326840539114495, -1.342770018723584, -1.6289753079331888, 1.111555909398494, 1.7521803762264392, 3.5235693808851365, 2.6646818969275423, -1.9214074304352877, 2.638569794706995, 0.2232461352387045, 3.5129406663115215, -1.7288484761224012, -1.1011575929145694, -0.047792396469191534, 1.8060011213198899, -0.10657731047100039, 2.507804609443709, -2.4505668160480036, -1.30348936341412, 0.3618126857318531, -1.3322217800286675, 1.4114888050230265, 0.584632756838642, -0.6039533107639268, 0.19478279520780414, -0.13976322426225551, 2.169084000599491, -2.8098488617154906, 0.6122932501365458, 2.5644521777667664, -0.5226361765133671, -0.6497331341277095, -2.4931536956541107, -2.11577631778143, 0.9210066909095049, 2.1161849563252737, 0.7224625288088963, -2.896450528439023, 1.5949785105480543, 0.48427340255721063, -1.7661171980729138, -2.835906257433773]",0.8719182200841852
7,"[2.254788844761019, -2.459194589071131, -0.044952367911984425, -2.4342558019455245, 2.217119032068659, 4.982140965451766, -2.4979383738675818, 0.28271959105833155, 0.3841851731111663, -1.8339618230154977, 0.32934977073709737, -0.2884289700740431, -1.4818067886296733, 3.6810211902699472, 0.9309724962980499, 1.0523028496809195, -1.026942265679307, 0.7357995875705703, 2.0660031661050073, 2.1443536256173266, 0.33947788264386736, -1.2151316873863527, 1.8254586005274818, 2.7434195064179066, 0.4491153071316759, -0.2810543213650778, 2.186692383555533, 2.5796154325446925, 3.1481402124110396, -2.2913921025307946, 2.740310410210814, -0.04899016806635435, 3.030531585743257, 2.449821220328875, 0.6952783712222537, 1.1820432672713883, 1.9355183440319013, -0.5754385714425435, 2.6350759043884535, -2.217013718924682, -2.9919350325339704, -1.1843661189118873, 0.19134143941102497, -0.27152504878647443, 2.786533946129952, -1.7539048545891627, 0.7955318624311206, 0.12932800246165033, 1.5456378381130123, -2.93712115800283, -1.642940308316564, -0.06281849926243543, 1.6012612320467654, 1.4807981346852388, -3.67065745028273, -0.6112098791676384, 1.362473244789029, 1.9822739671149399, -0.4117120930275435, -1.8146282836368397, 0.5356086715822671, 1.5335437502640343, -1.986467733746488, 0.06728157829302783]",0.8731796116504854
1,"[-0.5753543049566298, 3.5782453325244923, 3.1426036843786735, -1.4693666678635027, 3.1077589251709345, 2.8307747348001975, 0.17957211118719013, 1.9204598014001788, -1.8378636226152514, -2.478429251807078, -0.2082726565497106, -2.5090332496589896, 2.1508805753795723, 2.9764159981534135, -3.512413470699314, 1.8588302003245656, 1.8872660334802713, 0.6455503764715117, 0.6788637610951924, 1.8348850004954225, -2.6820147215390504, -1.4161584294732044, 3.8698048172843844, 1.9621997691549822, 0.9367510048941332, -2.7279659435676265, -0.4294454807243119, 3.295336091467323, 2.564108200551515, 1.9856166182919495, -0.09994866914281741, 3.1189512320824755, -1.4290476790454072, -0.5908097746313548, 0.800696238012547, 0.07065319158643524, -0.6293922249999286, -1.1990494140009973, 0.39860327983252963, 1.0218918486118984, 4.247875131631709, -2.7235259933552847, 1.8841086450392743, 0.808996726476485, -1.0720458453137904, 2.5546754805302854, 3.2532000042365055, 2.991707738850823, -1.9631100881617454, -1.4498542791102764, -0.5686331677471095, -0.47070419085058457, 1.4793501271469105, -2.2802179075914895, -3.3037726400540794, 0.7313225672704909, -1.707254317731059, 2.1818311330026483, -1.9397710503703145, 2.8065158448007126, -0.5352918043742686, 1.9223477722049584, -2.649021366482565, -1.2365291424871403]",0.7276995305164319
1,"[-2.0224509860518247, 3.6682287790003705, 2.9150561739414584, 0.9223597934389953, 3.500402921844248, 3.683671869948588, 0.46702614057787023, 2.571005239328352, 1.6425363459841913, -2.2726209625676663, 1.3803863629439033, -0.3915255987415496, 2.1275399398881865, 3.035613528835705, 0.3271259404315088, 0.5328739038846717, 1.0096972923596321, 1.3447524705881615, 0.5296969534510632, 0.4770576728689675, -3.310535035764329, -2.049134459424151, 2.892544772057019, 0.19610131061680458, 0.4221581892427452, -2.0639209115875783, -1.544300306367401, 3.263416260490574, 2.9005227443734944, 0.0629956877170692, 0.018894284560029062, 3.085221381699951, -1.7038364925477445, 1.208126410175262, -0.0002470033094641444, 2.1964450501658987, -0.7886351764217101, -0.6962925503424158, 0.47729149796863457, 1.2253494729294099, 3.6910933178091985, -3.596530976147778, 1.7163210816943986, 1.547863327270047, 1.9495803521039687, 1.8533667507917786, 1.1693720201322602, 2.7214198055559837, -2.3232177842584916, -0.27475721088017063, -2.123450949705555, 1.1374250479815282, 1.185460545261242, -2.5458871397330083, -2.2875536767633253, -0.6473512243493605, 1.498508781552501, 2.2818383179851516, -2.1500852714648637, 0.18705526750815427, 1.2857417153554258, 2.7717277368352713, -1.4225888605457526, -2.1208293480646048]",0.7725303292894281
1,"[-0.816251065095149, 3.324556820255334, 1.005537840667102, -2.6879819789191557, 2.8229336578600357, 1.1656685418025772, -0.39382926941230445, 1.5429870928166267, -1.8356628996472593, -1.4748233924282648, -1.154554357137245, -3.226005737760492, 0.9497321898985317, 3.2721396359136508, -3.3723152764848274, 2.306998560212027, 1.3906681838383825, -0.6751335455455184, 0.20737534802064572, 1.6220470416608734, 0.3183400101867808, -0.25122105959602203, 2.558826350233293, 2.093155973543797, 1.146063602721149, -2.6159883863492657, 2.2242429595095543, 3.8491902730124936, 3.424389167265893, 1.5518060331364874, 0.48483543206194224, 3.6284044935598936, -1.300499808470924, 0.2803351856423557, 1.4187738212711625, -2.2214662521320063, -1.6208088916021859, -0.8060212035062477, 0.15876332819096295, 1.5516407927510727, 2.006302511383425, -2.2000887053358493, 3.1093344011007513, 2.5540863941888836, 0.7540206514339882, 2.155673252207812, 3.6364017446360557, 1.2264510141374378, -0.5773156550843148, 0.19856019833779293, -0.26251988168005197, -1.1767656034698952, 2.7773135257641064, -2.3567132268487883, -3.5088664424742175, 0.47229152006859215, -0.6827843384766732, 2.2814411059787685, -1.7342670020129987, 2.472339836478014, -1.3962870275526729, 1.8595147510499688, -2.5829364980326304, -1.8287650280831569]",0.7757548845470693
1,"[-2.2792533250956257, 1.2273702067829362, 0.0874787988027661, -1.1914346718305546, 3.283510580902685, 1.4606952310474348, -0.39131033841539903, 0.9667245249376549, -0.5178150287852465, -1.6816110804366673, -1.3779080493674292, -2.4103480352590267, 3.5493970181170615, 2.702573728797597, -3.3677365392587717, 1.3330133792539083, 1.8607598619259864, 0.436262642181402, 0.5299745263299303, 2.044196596429994, -3.305187686618404, -0.030165172869769163, 1.059740134936928, 1.3372159617281099, -0.29208752575744934, -2.8922608234491394, -1.5353789642439155, 3.2191434630967604, 2.977249061267661, -0.19490392022039016, 1.1790802540828982, 3.786964841191728, -1.1460764430432546, -1.2705864909513183, 0.10888920538451063, -1.1454967542902796, -0.8073196556167161, -0.3369759877945465, 1.2371400570724989, 1.6620627279828484, 3.85291655409918, -3.1742512081814236, 3.085088515383559, -0.6620887928802492, 0.970227671450975, 2.497266762009099, 2.911489102133817, 1.532244806611612, -2.769599307469605, 0.26677661547644815, -1.4759773941469123, 0.1694095766747099, 3.53152314539563, -2.119007010180165, -3.830211870484904, 1.9178607626825124, -0.4327799701414652, 2.26984475850947, -1.8295454826344208, 0.902041180999281, -1.629112527727202, 0.6029151803785002, -2.5402238085818207, -0.2995752617117473]",0.7795555555555556
1,"[-3.479079574085886, 2.975619931139277, 3.284525847185891, -0.25929622885700365, 2.6219913393164185, 2.0604669374664484, 0.00589060817869097, 2.352321686546415, 1.226750525363162, -1.0282993525270767, 2.1088976396910315, -2.0025584645839296, 1.8951638758788476, 3.3217066697136386, -1.805121204865133, 1.4156553535489431, 0.0794055924806698, 0.9951810670488046, -0.47538214361968434, 1.7656236768050975, -2.5905130253840856, -0.9295250288659791, 1.731355873109675, 1.7251249845969239, 2.1656527294226384, -2.88166010614993, -1.84643782097243, 2.2459186062291394, 3.2181529766900256, 1.8469874636499743, -0.7424777852486718, 2.4373349323872775, 1.2799249868650446, 2.4150223121497634, 1.2667918188815959, 2.2828821687885, -1.0614664827160158, -1.3152292553036986, 1.139166402485837, 1.8200239574691057, 3.0535181590231133, -3.685669486388356, 1.6456500041171715, 1.7269917553729914, 0.680976389439335, 1.959782624364496, 0.15005832571578015, 2.2536140172852663, -3.0426786480067105, 0.22770968577032025, -2.02462321469275, -1.0404462030119952, 1.0979782322872547, -1.0983935454731197, -2.3341074923117358, -0.6595364328302196, -0.1942603792899401, 1.6483084472617677, -2.2608553885751275, 1.3774810044404724, -0.8395062079285064, 1.2723976168044213, -2.205674375086184, -1.963160273014037]",0.7826660800703915
1,"[-0.2968751981343748, 2.5965564506238454, 1.6580876353161398, -1.6959829589431907, 3.1644471895410478, 0.9921159487058355, -0.37486349781562883, 2.5064991803363657, -0.4910521798155165, -1.913513001296478, -0.4818070341384521, -1.6497560906098179, 3.1189083110962317, 0.5289743877832094, -2.4321093707651222, 2.2038897162828515, 1.5363206746073572, 1.9254841071660027, -0.48034998139164276, 1.504777823625031, -3.3016000170379116, -0.7500044280977021, 1.5638999782416496, 2.031445341399261, 1.508010254143155, -2.925403611959637, 1.490370470126519, 3.7425839200126325, 2.941371360334798, 0.24865173989344602, -2.3200928993988144, 3.8074255041850247, -0.42367511525458257, 1.5747966094334958, 2.137805386957488, -0.9196432985708962, 0.9665832410989401, -0.3744356155618248, 2.6667731239307035, 0.8081512971519824, 3.9546496284299617, -3.7154292182523823, 1.6128715284439685, 0.6772334263300875, -1.0111243815031075, 2.563755376277657, 2.4296538946314667, 3.3946017690400905, -2.800194181547532, -2.678810488798497, 1.5332328502838324, -1.5835476643533797, 0.9237837227134287, -2.519525657220517, -3.909237540853763, -0.37790805601248245, -1.5987970227427255, 2.283962166319218, -1.2257764237624902, 1.9012332173746367, -2.228493851846739, 3.466101517418163, -2.7126478043471103, -1.1634354187222389]",0.78580814717477
1,"[-2.794126106212304, 3.6251396836380514, 1.7985774507890546, 0.6136477789034048, 2.4350717439781704, 2.97624300736099, -1.3579726552890836, 1.198450817007015, -1.3006399807333189, -1.7982404149947933, 1.6659720651276666, -0.4182907988409831, 2.8534705964270843, 3.0663626995289377, -2.2326940483935696, 2.396473852978271, 1.8324940901395694, -0.09193928416296343, -1.8986752918677254, 0.692996618169414, -2.84098966712647, -1.356871607212002, 3.2009245633907937, 0.7297298701361719, 2.2482237741193236, -0.9007741949813293, -1.8575240008728209, 1.6079181302457344, 1.5131441520487863, -0.11732241444957947, 1.5102570272939024, 3.4705412588110893, -0.9039620884749386, 0.6732479557282013, 1.8729307914193019, 1.319693874020947, 0.9663209908074113, -2.318195736582763, -1.090140055761229, 2.782116576657014, 2.6698335438724503, -3.345394645310199, 1.3678178753064651, 0.1137730000257905, 0.9528159247896512, 2.1993330600152885, 2.662063129273289, 2.2619336989660246, -1.035205944684981, -0.31034960922199734, -1.345001335009753, -0.07522804591620968, -0.8148927102829822, -1.3260441642235115, -2.3072833392240937, -0.2837269022955049, 0.15197749149342732, 1.7662360497412766, -2.392641971619264, 2.4203472704131226, -1.4560486814885947, 3.468667735241577, -2.1219800917014933, -3.009815422780743]",0.7892220773576706
1,"[-0.35619585930296394, 3.4393196652667393, 3.3400503794971126, -2.3200516390235544, 2.8347109650279854, 3.7581479413475796, -0.8329018604138544, 2.579008655492726, -2.342579922295442, 0.4485391209696994, -0.36563129496142427, -2.2404345985074445, 1.629805320566091, 2.318111582426185, -0.957459099027683, -0.35728558534912036, 1.2513357873551798, 0.3113530539201693, 1.5678896909019984, 1.0383287886800163, -2.9093182766708443, -1.3984663235677341, 3.0515353759253476, 2.691356807770369, -0.508361092932018, -2.8954077762707873, -0.37537539335843806, 3.096745321159921, 1.2383803934728643, 1.1259329159521072, -1.2446098131167322, 1.191319725035564, -1.0671734991792752, -0.8741088420156499, -0.28832709657402755, 0.6688854238389923, -0.4427583209317265, -1.1709708166007613, -0.2453933024332564, 2.133573069850356, 2.1247286778120245, -3.9245929015909864, 2.2485431122814483, 1.418642807511436, -0.20052342386526412, 1.3139619035527317, 3.372749752394447, 2.3995994713561677, -2.3180996748240172, -0.22468579106394193, -2.7933987742598516, -0.4805080948333101, -0.3883465810011002, -2.8974723295464866, -2.5791430484866242, 2.798180584773415, 0.056346985125804716, 2.234125246138344, -1.7916502587828331, 2.791449947088852, -1.4571188136203048, 1.3206707920968808, -2.3107835128238783, -1.354013716209722]",0.7894965277777778
1,"[1.203296327077314, 3.6103312293451832, 2.1472985626002328, -2.5064743917785672, 1.4145292014089168, 1.8305426922728234, -0.1209608399632646, 0.9029034052937519, -2.239780525507757, -1.734936217495333, 1.5559285398974279, -1.160775178376112, 2.6513705684830056, 3.2355716322221633, -2.3021059222730047, 0.6742204379768797, 1.4244519138061822, -0.2161181999884757, -0.06139276001603289, 1.8305665445429382, -0.8289191244257941, -0.3724622282257748, 3.0097445703159336, 0.3926625071356664, 1.5326435723616778, -1.6566850327388538, 0.7257317543196606, 2.0984619614886757, 1.4642244524070258, 0.9257283590674669, -0.5237205278304568, 0.49420220189788777, -0.9033193503546686, 0.5038505016954011, 1.931382623272721, -0.8665427908361296, -1.3549036892116528, -0.33630839039348254, -1.1047770290320218, 1.8181799907461944, 2.2863186138396685, -2.7513194353923573, 3.013746096504914, 0.5449835930069566, -1.5595268590828073, 1.7136403742898128, 2.486266607120944, 3.4392381140283477, -0.4612379827225035, -2.4089526748744055, -0.8285670460308753, -0.7819780625883285, 3.2810452343005663, -0.706309376577186, -2.498657434515332, 1.8039244517754267, -1.5921569207226778, 2.13473174576622, -2.3053931298810717, 2.1677163688418175, -1.413753210348403, 3.159405996731529, -2.313773338726002, -3.0175126792608533]",0.790112749349523
1,"[-0.9595432960845264, 3.6400643267028645, 2.4470013703800086, -1.6494938011437652, 2.7366457375288107, 2.0819071354982603, 0.9095396984529485, 2.08606004122126, -1.8392143804317294, -2.2674315088966948, -0.7261791572728713, -2.0021547321039743, 3.2944714744411288, 2.4415694467849764, -2.8703318381185, 2.206060272085817, 1.3588342965000602, -2.202159319050509, 1.1536709945633827, 1.7375723595307848, -3.08502887718983, -0.590693504897333, 3.9026057608574534, 1.2502211453152388, 0.8594353658702656, -1.820818870420589, -0.9711408610111115, 2.8439757107807995, 3.466799631091439, 2.51863654631681, 0.8111778838871221, 2.499406362039051, -0.4896030494561726, 1.1048408381503623, 0.7370276927072887, -0.5600956422185376, 0.9062071632839235, 1.3241360625162906, 1.670548414443084, 1.4187008376278714, 3.916029927191864, -3.58707288823064, 1.9690640798614125, -0.3352476486119993, -2.5021880151360794, 2.5129933653803906, 1.251182111950781, 3.2709628922009397, -2.093931902563348, -2.6043396244622397, -2.539792422931538, -2.18468990657217, 0.6377635067077585, 0.2728855577182543, -3.5477838029918862, -1.126430465074492, -2.2333814811939225, 2.1888164269931227, -2.454210301166155, 2.3053583984699255, -0.6627177505186121, 1.2448986124448131, -2.3579064739907842, -2.096221409803591]",0.7919755778456171
1,"[-2.805041183372058, 1.938134101715142, 3.080252884525958, -0.16383610887235844, 3.454968788579492, 3.271871905204856, -2.003244847005279, 1.2160518901268895, -1.3761428793892192, -2.086804977597703, 1.5976538115737486, -2.016696652740592, 2.2933473089258674, 2.9906671629308765, -1.6514946876582792, -0.20207521199691114, 0.3844843889551804, 1.5256686408798232, 0.599844970780121, 1.8783443388784589, -2.0019588789369944, -0.3344196190337999, 3.1914196974050975, 2.1765452302742787, 0.7404635154652308, -1.3146997274225796, 0.6531422043713223, 3.090307771363525, 2.6150143331847, 1.2659308227728996, -2.116542516161577, 1.8315912200037712, -0.3280821375620889, -1.0791283037364456, 0.08147266399706699, 1.989167433917185, 0.26689836944755696, -0.6782793841332468, 0.5347529910738205, 1.3225232013094121, 1.443469107246885, -3.5376982638890864, 1.1144382209388004, 0.43104093540277444, 0.2980453935687375, 1.690304657974779, 3.054343541866759, 2.7856724701534312, -2.1318418692788956, -1.6625867675108577, -1.0461026036274808, -0.08346508219773108, -1.219605097710232, -0.5353011098040705, -1.8698664968528442, 0.8183860009276975, -1.921092728319295, 2.2268569784215257, -0.6066742979094025, 2.2856924106688914, 0.6942773330354179, -0.10088948815091281, -1.1991351527699052, -0.23498820726938696]",0.799221116399827
1,"[0.44199097070683274, 2.4527236212528303, -0.20091465394796915, -2.144521668412551, 3.5467851712747187, 2.902550945117305, 1.402761496140851, 0.7588736235571285, -2.1444905643600833, -2.670714541170489, 1.16894502681911, -3.3591135441033777, 2.9362945918809764, 3.4379466489499144, -3.1938914904083147, 1.4580630564220771, 0.4619313869317603, -0.20158934135199236, 0.6491589185762485, 1.1581315555712588, -2.2807797731748454, -2.2160000310609904, 3.9472413873468843, 0.6531621632418383, 0.3101653209109668, -2.900991143233873, -0.44929492917563607, 3.299657820288917, 0.5808749971993494, 2.4819613123370594, 2.0841320757371005, 2.297342782219073, 0.5706298206049012, -2.1147182267750355, 2.165424649887036, 1.4286530928806656, -0.2503524662405195, -2.568388416086909, 0.269577557960864, 0.5324691398999901, 1.7183842928236013, -3.079631519548134, 1.0378760821235187, -0.0688496226026678, -1.1495565701792956, 2.481160486660603, 3.0659484187655965, 1.4457254162678408, -1.3411893103087582, 0.273818914036867, -1.785530463856739, 0.845450806630963, 0.8615523430338159, -2.703913225132871, -3.1303219146751813, 0.020178025010071043, 0.17217874058570493, 2.10250560197371, -2.1175379959396223, 2.7433224504334865, -1.516420954925742, 1.4533484312617824, -2.3156710116166876, -1.8796889267676726]",0.8006029285099052
1,"[0.9651183766782598, 3.0337052245383793, 1.7387542587781644, -1.7293803964935872, 3.554844880448912, 4.3157553724739115, -0.7569787836453853, 1.5378633411586864, -1.8320515895684408, -2.612880812907126, 0.9337162252097904, -2.4232444878429593, 2.4891969020651166, 3.5492162182988265, -3.4085851342222324, 1.8638311147779878, -0.35007938613981837, 0.8277426613259681, 1.6014884554933895, 1.4694800298937938, -3.305591475418158, -2.96751244156607, 2.839779411799519, 1.2897092997564354, 0.8953697167086542, -2.7606851921435207, 0.04832378230880116, 1.5196568630153449, 3.1247283880904684, -0.1660874122387912, 1.1033324296444353, 2.5256024608890506, -1.2758333412595169, -1.939241898302297, 0.8810597576659502, -2.1361829158075567, 0.015241435120153524, -2.8320791740316347, 0.10608619775308173, 2.004114423718394, 4.21749123234981, -2.328611176040022, 3.2145752253370303, 0.08934949838904738, -1.4100076304918145, 0.7895483751426959, 2.869689796070512, 2.7461559171375667, -2.2620933880827487, -1.4734798236391338, 0.7593359282124998, 0.13350980215083463, 1.7941829231300503, -2.3524431750459307, -2.5906132231682375, 1.9400052788256863, -2.0667735346228016, 2.237817342806105, -1.3461505716525428, 2.1296051241167637, -0.6329712096430141, 3.0484343529463227, -2.290898514984639, -1.1996078466020506]",0.8043202033036849
1,"[-1.3797186767252443, 3.6051341876809455, 3.267820087912591, -1.116679077319196, 3.5494762297986604, 2.434957489399293, 1.2953395533698249, 1.8122968491882852, -0.373602746846299, -1.304688413185115, -0.7381504406071951, -2.487457156559672, 2.3917380961943056, 1.6034224397711778, -3.3441541579488954, 2.0058290985765317, 2.103381043892497, 1.4543591021861642, 1.4970991974840293, 0.27619110703576766, -2.4451766326511972, -1.9534027310149797, 2.8838465885930544, 1.787008485881966, 2.2461397548808053, -1.094153458342337, 1.0847440794906271, 2.9551991831632556, 2.41952832519683, 1.8989944360712658, 1.2001964697310608, 3.723089747360188, -1.5336998653155272, -0.1539935241497437, 1.1690614939133641, 1.7985258668914503, -0.5791909521976892, 0.7778059347961497, 2.018510022182809, 1.327371705322128, 3.357578664083159, -2.143701008472307, 1.2184179276711948, 1.141712826948859, 0.5073409289737889, 2.0997142212925874, 3.7263857504862288, 2.516610286804101, -2.641364272654124, -0.40403713647527373, -0.655843601509524, -0.7551546006102638, 1.9765595938416407, -2.702205343507225, -3.8543312228912754, 0.5616928282643874, -1.8325918680746924, 2.283230959888545, -2.349985065585355, 2.2365539889729265, -1.8184244045816058, 2.9712941983602605, -2.2874280197753154, -0.4125725958737343]",0.8052173913043478
1,"[-0.3081371517334226, 3.1252687406793145, 3.232735664910171, -0.7974238926527604, 1.9606476980508476, 2.5570728593656726, 0.23430101616134014, 2.59277651377726, -0.5997450607758592, -1.0951771360300393, 0.04821105685434447, -2.5863884232173744, 3.5512580338172284, 3.422616320021856, -3.0830838666787255, 2.1736707428243083, 1.4636133617683353, 0.9408455800308942, -1.2936032451842705, 1.8651055496915987, -2.8164736785982267, 0.21431841492552817, 3.8112678084591702, 2.1704956175493866, 1.322912110329803, -2.186026980436682, 0.6754667497360026, 0.9067572070858825, 2.592454913690355, 1.9612224939872598, -1.672073108860385, 1.4178495047278437, 2.8932029221206212, 0.3170403228286874, 2.512286439620207, 1.6459316242411424, 1.0291550916173242, -1.7190276101287558, 0.008001546358523903, 1.2885156434701648, 3.001545921184047, -3.573350737418024, 2.6182990119591834, 1.3291543300700543, -0.10751640321879474, 1.0691198712182, 1.1309841304840467, 3.4652501433606613, -1.3818258314418466, -1.610326714657383, -2.02743304141515, 0.9921113869708862, 0.6385017188035906, -0.8838318140380874, -1.945155093556646, 0.9094954204266086, -0.07959493516266947, 1.8843868946914877, -0.7659253755925804, 2.789472054942836, -0.4424458403539858, -0.6341095112836019, -2.7347022358743334, -2.938452605041754]",0.8106225511536788
1,"[-2.233895815014909, 3.6222524938929936, 2.572500953597941, -1.8794336973068062, 3.5443437773675583, 3.6837970224255523, 0.6225376709802186, 2.5886888062654747, 0.5631047790449586, -2.425420291886768, 2.0887374841392914, -3.131349509958028, 1.5833948357802987, 3.2860500571977096, -3.227618978444199, 1.0911076735160568, 1.5853532803729151, -0.09111681041682806, 0.6284482592898689, 1.8573185047602667, -3.1070819959301605, -1.954184225137821, 3.3649803758084564, 1.2970253786341432, 1.0886856873462714, 0.22039475991944268, -2.996919708722946, 2.0622242511264703, 2.1387118317268996, 0.2732396788586029, 0.40820912999653997, 3.101291365896626, -1.082841146537867, 0.37292267114482125, 2.5041560622235277, 0.2814671871679443, 0.5955768173329812, -2.940739380831845, -0.1406823176102472, 0.3822625520602154, 3.1658760777162644, -2.7441413632037124, 2.920001918230851, 0.5856184199471947, -0.2727832430752166, 0.3763589296059848, 3.4066677285989684, 2.8012042775162262, -0.18653317310977946, 0.4541735717649591, 1.8002370093203397, -2.423506584429405, 1.7321541503303475, -1.6003621857030201, -1.2439495378920555, 0.7967128016198401, -1.2862304118806276, 1.9329373765202829, -0.841285436398955, 2.693723453128108, -2.08212773725426, 3.4399295792167357, -2.0725080471220783, -0.21979640695005243]",0.8111495246326706
1,"[0.5168159635705156, 2.831002528494685, 1.8759437870723068, -1.3374753386767426, 3.5557430984521354, 3.8168549062281656, 0.16550391367011533, 1.7717398541199612, -1.2671121402723964, -2.4810965280183224, -0.924711093703996, -2.2204733990020213, 2.1752938071381736, 0.9972363443649279, -2.690882574647648, 0.5128216067101097, 1.926043615986535, 1.5661830245240285, 0.17873978416849623, 1.0392710399923835, -1.1124625649182591, -1.8939843030659935, 3.868692791261464, 2.3876587384786734, 0.5419369338012235, -1.2838062902050327, -0.5529508140674833, 3.7897871790108035, 0.6162086978093382, 2.1279242725452403, 0.4233875978757061, 3.061621539211862, -1.1604859941660042, -1.4042469437211338, 1.3165272747909107, 0.7469103957702459, -1.0271933753882645, -1.8248187736399855, 0.7606440155230765, 2.154048113387386, 4.28100926878512, -4.255134674031189, 2.9043737446727653, 1.320862080627563, -2.3990160578477737, 2.0860812248731526, 2.5734206851604213, 1.7749805112756447, -2.5008274621836217, -1.3146198721586053, 0.6420432295286302, -1.4652453958836436, 2.828842816145945, -2.8317130209699886, -3.467723770781269, 0.7870302189171366, -1.1093922968036756, 2.2779250673349734, -1.7018062899775572, 2.8067728948474664, -0.7529461780578176, 2.4055866447694485, -2.556558706315676, -0.09154579737786794]",0.8131443298969072
1,"[0.08546506923182284, 3.532579284975049, 3.339413802246552, -2.6491224519800034, 3.4637523578977154, 2.214743631822716, -0.9173200553899503, 0.6147537973410899, -2.4015577687951386, -2.6474540277625387, 0.4821681212812755, -3.3837899046499547, 2.64868461079467, 1.2223762405927652, -2.06326235641284, 1.7089128713885837, 0.7684048750774934, -1.0424535173784433, 0.28035597238961124, 1.6015470612413085, -2.480678600706396, -1.249942532874717, 2.8177906387526006, 1.0873298351113858, 0.593778815304406, -1.6081776862064465, -0.7173804290290676, 3.1813716010381077, 0.9351722796832391, 0.17430949102239612, -0.19796679478298765, 3.547607928182306, 0.06766623149726958, -0.10560879861542716, 0.7302782215324573, -0.6958708318887917, -1.054057353246574, -1.3778812789361616, -2.3387308010908776, 1.515857010943694, 4.035326091896738, -2.838646490394526, 0.27064803748074917, -0.03756233628453687, -0.5273688591060948, 0.11282671448061432, 3.7642535565940762, 3.1208840277571195, 1.2099331661304225, -1.3278273754472882, 0.12244029091170672, -1.7196973429687359, 2.233100389444175, -2.076132695776841, -3.299698413089671, 0.9951164862926987, -0.1426748270941438, 2.284866430911952, -0.6585689307997025, 1.2509764654856652, 0.5170824363864608, 1.8295886910945007, -2.4743151943355204, -0.37469865679201214]",0.815114709851552
1,"[-2.0767405209708, 2.0559192028814763, 2.2821856295539016, -2.256310723002043, 1.9776685931968951, 3.8256721454528138, 0.5003895149946997, 1.8753015954909407, -2.465386989199193, -1.8738830738402315, -0.8986367422409458, -3.3017552799196577, 1.64102438865988, 2.7920725023278297, -3.5125233205186808, 1.8697187750897273, 1.2878381886855443, -1.237270721211619, -0.6102261258783693, 0.9044687860643839, -2.1297259171387224, -0.9374938781174977, 2.1976817856998343, 0.5753691893146669, 0.8876402403370992, -2.923713995473496, 0.672847356845339, 2.062517261692804, 1.6970645492774237, 2.411342320289266, -0.45913604552761506, 3.3249553330019164, -2.2033776788888764, -0.401868149330676, 0.8523603162425506, -0.009459437944259463, -1.044309146614309, -2.7906831485322408, -0.2213886907710476, -0.27369305067948435, 3.730172530534208, -3.8890480215205203, 3.2282974517822733, 0.854881480495223, -0.27988787622336225, 2.011852561193292, 1.9348539666032423, 3.0048548034345988, -3.0631234359523627, -0.7060843681796191, 1.1144000858189338, -1.5222707135754736, 1.8380111403559738, -2.5601633707554137, -3.035356835093445, 0.9812654192540167, -1.8052217482940793, 1.95008644394906, -2.4434963468122084, 2.051365507606624, 0.04834278086768362, 2.934446044237152, -2.6866925897149203, -2.1977645514343305]",0.8201906412478336
1,"[-1.6869867072119984, 1.580874855865373, 1.3037072837342545, -0.9511051265741486, 2.608503919731005, 4.430314113338479, -2.618883672918328, 2.0196942729130827, -1.0032635872483326, -2.67863632044705, -0.7682007242026268, -2.3924742259532694, 2.7922149900581643, 3.7154231609503494, -1.9559881127185461, 1.5845524379274285, 1.7210639546754818, -0.18037355254968124, 0.043954580315873626, 1.152384862346071, -3.3121800272686155, -1.6236541784697518, 3.3454289577511056, 1.8581071348250884, -0.9297517487489385, -2.547017804192947, 1.4358521148626813, 3.8528325312570746, 3.0980026688053974, 1.1231852015878505, -0.7654840471769793, 3.2185620686858334, -1.496048427496806, 0.395186382442437, 0.5709539879941268, 1.7916140157702292, -0.35720488087078056, -1.7024212244498416, -0.518460605968424, 2.769662036472578, 3.3168585466077527, -3.1599793961486777, 2.4423947473088776, 0.35187427476870414, 1.284461991634106, 0.8635810146387624, 3.6902942866038275, 2.369672935019177, -2.9669053815398985, -0.5160147515435252, 1.1261733388807686, -0.1779499349262602, 1.572045009662649, -2.5538241415087044, -2.378834639372173, 0.060786019994122586, -0.11841319604694633, 2.221019783860885, -1.5840062439250384, 2.596035842953693, -1.1992566930753465, 3.4844551124175323, -2.320707135187375, -2.642339415321241]",0.8229255774165953
1,"[-0.5849957112117381, 2.703881552671175, 2.3788610262181815, -1.7112733212827198, 2.532978054372789, 2.1383630858351594, 0.8337703588792515, 2.55754856135234, -2.411251484841154, -1.3299699197502055, 0.8200217794508877, -3.1524967370809356, 0.29069198026841403, 3.5852344554008098, -3.2437589375473554, 0.884251007959211, 1.9275099598457808, 0.6700769890570617, 0.015538388531914693, 1.5242307399178396, -2.8139572368648516, -1.010355308748119, 2.159534494625648, 2.9425845697177087, 0.7319780319581837, -2.363247455235979, 0.507552331587721, 3.823770414600743, 3.4564120505425264, 2.539541392872885, -0.36952111930489984, 2.789827838917288, -1.4994012088361122, -0.5508665919569828, -1.0538315916096168, 1.082417698764956, -0.3760626211085487, -1.7245124637475842, 0.5356146736019188, 1.4185638033891919, 1.9945005902267858, -3.273935882111966, 2.227735613132145, 1.1382044677125012, -0.8158055714867609, 1.950878761980229, 2.091614980859223, 2.454727810236534, -2.05490917841203, -0.34790145182938637, -0.3705115720441907, -1.6184835824614812, 0.7062223682658835, -2.6921761734051666, -3.0783082926796657, 1.8860213274842241, -1.4641384416397036, 2.267915526412298, -2.2555588860329188, 0.7987000547274983, -0.8781115762731515, 3.412699510077998, -2.0856506158038464, -2.793130963255553]",0.8237082066869301
1,"[-0.6048089690807972, 3.2782330431451916, 2.7913659158712907, 1.566598098356129, 1.2621716615552674, 2.3111438487821676, 0.0072244674696266, 0.5234273176639255, -1.4836070716977323, -1.3729637188175488, 1.8125917320913068, -2.827357332863732, 3.544502801854108, 2.7113676456882265, -3.422680220057803, -0.8352397747360949, 0.6471695092834189, 1.35495766234643, -1.1461001482371875, 1.3283015998099894, -3.303008939589898, -0.8307969570854599, 2.186409290580407, 1.557616586025523, 1.1350299509100361, -1.6399788872386853, 0.616160724940388, 0.9799197139831572, 2.277105309431909, 2.175558125494108, 0.5519854795566408, 2.3688147079396296, -1.0740393537261217, -1.518680805273493, 1.7839984204889423, 0.47129725325286353, 0.5231352523193915, -2.6385473447378853, 0.15811976309770184, -1.2272493353820184, 3.8440864144709206, -4.050647211625283, 2.3493100374694866, 2.581705598662002, 0.14872165679945615, 2.3505180696033596, 2.5939793955827097, 1.394178502231145, -1.80136495639883, -3.4305091040226108, -1.240913907221596, 0.02600655074567862, 1.6844644541150373, -0.9887923201832849, -3.931790872090648, 2.4321802004296336, -1.7605201453634804, 2.03597031601816, -2.3709813122731154, 2.0722728120602003, -1.4269060442729176, 3.411461298078269, -2.7283685264656166, -1.245603665017634]",0.8250319284802043
1,"[-0.9910422575749185, 3.3392801007046162, 3.326890589707932, 0.12098793644191086, 3.2268118327499553, 2.6941971126770192, 2.404872186058303, 1.9489736415471641, -2.139488484330167, -1.8124987749552157, 0.8529244702081278, -2.8198633325695024, 2.0367130293926707, 3.1148268519149465, -1.1906933564794322, 2.3223072909005085, 1.7382046785003316, -1.9570552130007575, 2.060995949161885, 2.1312386642426406, -3.2285507553083597, -1.1242974716097902, 3.0547228110417586, 1.2786828380270996, 1.325570121120225, -1.6672915498436074, 0.32623027178630687, 3.217054169199337, 2.362813214686791, 1.562411054612425, 0.3434121588004476, 2.9747287691952433, -1.337702675522249, 0.5510477345849253, 1.0461761591072833, 0.537619787416931, 0.9093284081158806, -1.4468108192276055, -0.08782663669740948, 0.8322093785193525, 4.269540036617663, -2.906827301629474, 2.5924097952250396, 1.0549634679569029, -0.9737381117676897, 1.9348276785477148, 3.7494523677180935, 3.03701956532704, -3.073198268584598, -0.014130922731280027, -1.6544728296522397, 0.5195542852533814, 2.302715485651739, 0.39086929337589527, -1.388136544265248, 1.2950428607547444, -1.7927895279755541, 1.9318222530534186, -1.0764461172778348, 2.783049479773747, -0.32782910754728384, 2.575347766646016, -2.6678400771908515, -1.896153456229379]",0.8261056247316445
1,"[-1.655623032663998, 2.3351501044273433, 3.3247297030883347, -1.9708423927565533, 3.4146435767303465, 2.3633990989301226, 1.8436192782522736, 1.9506729566446297, -1.1907252421690937, -2.0731942441544664, 0.17019088530521992, -2.8426776770225843, 2.814893736769749, 2.0601425621337657, -3.3099707396503044, 1.221814087780539, 1.9911724275655236, 1.8130585299664879, 0.5943601808356386, 1.6022894722269785, -3.2419064567941898, -3.43152923737614, 3.861254079428044, 2.4699479800575257, 2.162265575553923, -2.8655325074101503, 0.4290476477949139, 3.07458289297459, 2.3127876936613054, 1.8724532052902982, 0.7374601349202825, 2.050356787966301, -0.24769062919724427, 1.8031865427475524, 1.5844562225262737, 0.11248719365237228, -0.024924023968814442, -0.40637322421872046, 2.1462693493023695, 2.2485899758280556, 3.3008160955877983, -3.188221921465075, 2.9780555695708286, 0.577273503532264, -1.9758026278236422, 1.1113768081013629, 0.5901626976413448, 1.6875395359474752, -2.837482749407359, -0.1352585588662345, -2.0165083025029342, -3.600904362982199, 0.32552043070465464, -1.4407102291905174, -3.942746045566853, 1.583049886364839, -1.0241371092142224, 2.1316337998219717, -2.454735859537041, 2.36646887607703, -1.2949455878231528, 2.4590841776719796, -2.034744392221784, -1.3030680582904466]",0.8274526678141136
1,"[-2.1254969990517627, 2.516174286796601, 2.845225659925447, 0.393066772254936, 1.9686552005935196, 2.7645127129942884, 0.40934239711307624, 2.2014390150199166, -1.1207760631606432, -2.5531055598751644, 1.3784032810042863, -0.6466702104692339, 2.243727230733105, 3.6819780077071873, -2.353185723481256, 1.5545378881465264, 1.744053267670109, 0.06246463413764958, -1.3428968843110523, 1.809203156111343, -3.2806931622806057, -0.47164636133868526, 3.2815181091003924, 2.5170906791380254, 0.8748351777985933, -1.8316919652553996, -1.2130760949664388, 3.1882681564328563, 2.7393345426519957, 0.8427073476186351, 0.9552692530989768, 3.463727117905118, 0.006093397794934674, 0.9770417799911415, 1.3487085866638238, 0.6123915490045518, -0.2606654429894506, -3.1373287035264275, -0.39291996068943635, 1.9830995583063973, 3.55322438031087, -4.20990559400558, 1.6862914714006463, -0.3214587067690946, 1.2962092160379304, 2.5827821773619344, 1.8920727195655487, 3.156574544745987, -2.1866701073566612, -0.9631615657937247, -2.443368180416429, -0.8917844325513103, 0.15555038219083012, -1.2178350529467572, -2.537750023015013, -0.597585944157025, -0.4386173523554935, 2.2356523011362244, -2.2067478720271456, 1.1685067267994074, 0.24024451669216274, 0.5231907444535447, -1.535936237448916, -0.4764365486786903]",0.8343245539507221
1,"[-1.492028191472809, 3.357449950992768, 1.7522519202241964, 0.47348064877580276, 1.8590705888627255, 4.338727312131311, 0.08644084187891005, 2.0563531816198193, -1.1826304143564703, -2.1950522539683477, -1.0091889336027904, -2.2462995016682568, 2.291610284377342, 2.361979069466453, -1.9250456519123411, 1.7755422453087948, 2.0599418661506403, 1.4751881830820368, -0.30269249999359094, 1.1294324772847375, -2.647255510239166, -2.345119538711963, 1.1390644455587688, 1.9156666275905305, 0.6831057446141323, -2.6671778287957393, -1.894025519440339, 3.3162175522012274, 2.260476048737482, 0.7706963021312911, -0.4958697773893921, 0.43448637607028395, -1.7628427901157353, 1.295010240075061, 0.45908640758495356, -0.7739288074517984, -0.9877194495036639, 1.9551389809818116, 2.406965254140383, 2.6093564661492286, 3.122631229154419, -3.104488636889187, 1.3739275995980325, 1.2253171800851264, -1.1471851830596806, 0.7146446812067415, 3.764234177331904, 0.7383312378044766, -3.07075387090255, -0.42574416902039447, -0.9166930453305648, -3.3270836874825607, 3.1817981304223437, -2.0893286747041033, -2.1656059029931445, 0.11389522134454327, -1.9117823690396358, 1.886727114797142, -1.015626797240324, 2.506535176632035, -1.133524453623705, 2.765377926779015, -2.483768704711397, -2.1264889851389146]",0.8358778625954199
1,"[0.9879782682032812, 2.8265183448520608, 2.5476773343772585, -2.795096077459468, 3.302158939100425, 3.0451709639158735, 0.22392218318724588, 2.553571218479888, -0.44964505219090656, -1.2402190002876823, 1.3695949979434898, -0.7006437329613302, 1.4403738242149278, 2.4272470998832283, -3.1496323241134965, -0.12887694384303305, 1.0450128961720013, 0.11963141703182262, -0.4863853735161129, 1.2800650707070336, -2.784671120018012, -2.539834818055626, 3.9589030136819376, 0.11897151465304479, 1.2977390280393748, -1.9578047175222224, 0.28757269877363434, 2.290077476423266, 3.25415467445057, 1.3383980141516012, 0.5743432156133433, 2.866394333882225, -0.12845070960213567, 1.1311150505417562, 0.34909141941896005, -0.27382968466852353, 0.8251770948237579, 0.8434690704165725, 2.7466865712793624, -0.14048048040587013, 3.6191490995545466, -1.9499211046157283, 0.800080532726105, 0.0922133427681141, -0.8646828645038006, 2.111615708007187, 2.4476418912175832, 1.8361583057253243, -1.6756110394950723, -1.5154268119236964, -0.5685451198441941, -2.7404922574078405, 1.8606780795025397, -2.3755064099945122, -2.460918453081911, 0.45901289808802037, -0.7614049152526245, 1.700978803837994, -1.68726851546907, 0.876241783644546, -0.5578920098221523, 3.485490208901069, -2.516215001484748, -2.4068583904982326]",0.8408215661103979
1,"[-1.3913094638370263, 1.7379002916054063, 3.12357157959096, -0.2569172125177851, -0.1326129652802579, 0.3801826608024119, 1.5271014635350824, 2.4997990419650824, -1.181080909645569, -2.192606514405576, -0.5621042906526925, -1.0844211627351656, 3.109410218352906, 1.015135062665133, -3.463607577633357, 0.4190833627687831, 2.0912528096492, 0.17454101646000325, -3.1741927048819543, 1.2969391393808756, -2.73427442826965, -1.4355487531767361, 1.494289102468084, 2.4584309179728496, 1.3612885197165752, -2.3202996291658167, -2.3017091797223928, 3.6107800907132983, 2.5758086495079002, 1.1286599706801126, 0.7314573067794133, 3.805441674014503, 0.6283146979597157, 0.8330238510335833, 1.7110907855371726, 0.27321486139126683, -0.9582800130675928, -1.0267384900719319, -2.1613484724983505, 1.183403714339876, 2.7523192627983533, -3.3262583672086343, 1.3124322551359384, -0.06870994313231876, 1.0292037326785333, 1.7478601054252132, 3.496321204796182, 3.31326852215372, -2.538267797993435, -2.1346970526769096, -2.048826325014997, -0.852789854325594, -0.570058078119695, -2.5948170399442843, -2.95922195551103, -1.127391663953173, -2.0198169711092353, 1.9807165730903304, -1.0980581168746282, 0.5681703569362515, 1.6565977933848584, -0.23815856488743492, -2.7546240211530213, 1.4919639293351346]",0.8445887445887446
1,"[-1.2750969306631643, 2.80035779872459, 3.049744938043394, -0.6311481599274884, 1.9996449339363136, 2.9191098249700165, 0.27419567937723566, 1.3895029686538667, -1.2268059219002974, -2.6645165608835506, -0.23981581493103216, -3.194339220272501, 3.2306283287197313, 1.7528190229133007, -2.3214485160393905, 0.5695904278445475, 1.2345717146771558, 0.8583361549787379, -0.08791282560489025, 1.623241322837532, -2.258504696943313, -1.4612780591627603, 3.5838026093657827, 1.3563449346009562, -1.1338347154890989, -2.936917304410382, 1.873107165149572, 3.8519674304425813, 1.554664342835515, 1.5505286452686065, 0.4700946799865289, 1.5102671305542745, -1.4848518795427994, 0.33491174541040625, 0.2933599703786788, 1.3030105711970785, 0.38182348724187776, -0.6707256149756704, 0.03543516235388733, -0.32694830196961044, 3.752737883078855, -1.9922259691593902, 2.2014564427509455, 0.2452594286496126, -1.1062048738686605, 2.179571650801301, 3.4258070510012235, 2.6130310147215474, -1.8705633490552211, -1.695684738389046, -0.8354399651938365, 0.3332784653926548, 2.4806337970976884, -1.4111245603347364, -1.8181171457098921, 0.056846022146900654, -0.6093744708433535, 2.285358722703441, -2.254964969355798, 2.3304680652426466, 0.687654115496941, 2.3513635856386736, -1.956051082519317, -1.3069535827942733]",0.8456318914334181
1,"[-0.13590671318707692, 3.719696420083721, 0.686505927720801, -1.2354603811402982, 2.970662948061157, 2.5774911381776264, 0.7623210735172653, 2.279919721053635, -1.1369721851601864, -1.7779219249849794, 0.2053848579940113, -1.6089854211191832, 3.3075211068417274, 1.517383650550219, -2.5220156350302663, 2.344306352056012, 1.5851829136067694, -1.001021972255088, -0.05135825514003228, 0.9045439477447856, -2.7914937538183553, -1.7306050940825153, 3.3402291022888853, 1.4391157390653793, 0.5805420588690351, -2.6879395559822665, 0.5214772446761181, 3.763725270292847, 2.8631281764535492, 1.6242084076023346, 0.36667095249236104, 2.362078202617923, -0.8454483891008578, -0.5456211147211345, 0.7791287135072735, 0.09499660650056774, -1.756151310690136, -3.157830407980602, -1.7147192030693676, 0.5228483251805289, 4.282324407493072, -4.2228163155079175, 2.274492518888266, 0.296611006296001, -0.5997862497882516, 2.5935053410701845, 2.435796346280357, 3.212377407523786, 0.07244140404823751, -1.2765926993348895, -0.12022329131792175, -0.057830892713840204, 0.9460941773177632, -2.591796771394532, -2.6743358542615585, 0.25383359191740024, -1.4191306312120442, 2.2763647663609587, -1.8239912910444724, 2.1681265372573453, 0.01516911956396294, 2.743616472518149, -2.757749345362763, -1.8834292264332768]",0.8481745325022262
1,"[0.15663933682939013, 3.317920533925496, 3.3130468019422907, -0.851723613846035, 3.5518249564566515, 4.822574268400897, 0.005127434382301899, 0.09874089054629742, 2.7154723100305347, -2.2300685487300766, 2.1211617414264077, -0.8278746859261235, -0.4050722159483964, 3.361196007891869, -2.239814615820287, -0.24442013977426202, 2.152393961396318, -0.30183563647636324, -1.3015040562323905, 2.108717498442205, -2.305318957359556, -2.8480236884926486, 3.596120760115125, 2.382036749103108, 1.2652842726501836, -2.7215671805847483, -0.33535384755956515, 2.1709554209783515, 2.941235594290163, 0.6760648379559445, 1.2450379338486068, -0.24159786110589954, -0.026822574911337327, 2.4373635258773554, 2.2004997382613856, 1.3770883531206222, -0.2146605081913896, -2.5005412025965086, -0.4037638480859085, 2.786005832184271, 4.176366833802728, -3.624846105602429, 1.4442321638570046, -0.25213985700725583, 1.0630889196456563, 2.4136460085179143, 2.7998434605448037, 1.9922658075272328, -1.1930404613903647, -1.2115459385934746, -2.7873401285555106, -0.2839822878932946, 0.2048477872437373, -1.123226922792763, -0.41102942456533964, -0.06427622796334435, -2.0121763777254627, 1.869331798204478, -2.0983645804597817, 2.15895407988109, 0.7134735654706617, 1.4553211171007117, -1.9620998198154052, -0.7502557990843606]",0.8499234303215927
1,"[-1.4939671836979826, 2.4903001920321604, 1.603793882340057, 1.2691264473763242, 2.5654258449954694, 2.8268161113206345, 1.9289779914150436, 2.3195357850472114, -1.6534399208595199, -2.66174708832267, 0.2579001083239838, -0.18465383275124064, 1.3980248485427504, 0.9189035579400691, -1.971837524801717, 1.2297343793670665, -1.1364431491255846, 0.0900632326580395, -2.1442563758300723, -0.3752459468798719, -1.5246880993398646, -0.21038818329376993, 1.9640759246780357, 2.1252785830503944, -1.3734226817491022, -0.4363409189142682, -2.4852526942240907, 0.5021418209135164, 1.6262253652856051, -1.3188733448113599, -1.313547218538889, 3.666249570073219, -2.2210137733219533, 2.389917559037345, 0.05783797994311424, 2.0954252406835243, 1.5853820598932642, -2.9388734345485736, 1.216537299489386, 0.8087529217812859, 1.6637692087160134, -4.116289981270099, 2.1750673402927876, 0.8560718242719829, 0.7317592824016226, -1.8229656501217568, 2.2228135191295726, 2.0805909931216737, -2.560161176778866, 2.2082196945501065, 0.28615481671646537, -3.5521151652137606, 0.5889781720474383, -2.4046314286257524, -0.8608273231558807, -1.2522009688932032, 1.1160616237208736, 1.9393989040049926, -2.2008358213666317, 2.7487377256634398, 2.0124053345777435, -0.09423710479483782, -1.808066652291835, -0.6751261959043962]",0.8537515896566341
1,"[-2.750401632709003, 2.2445759042283733, 3.2397912962941757, -1.7525292532408563, 3.10709964520757, 3.620838429650786, 1.452014922675624, -0.18175712074763029, -1.8312709436717705, -1.7210037559660625, -1.8480343270615305, -1.460879784023163, 3.545013036369663, 2.7857858555950186, -2.164902092543586, 0.6017851848904867, 2.2012765326840382, -0.6486294718793739, -0.2708835542477058, 2.152947236311219, -1.6227983442262812, -1.1832549333548874, 3.585566515713081, 0.7003913791671478, 1.9574211201693625, -1.080022827658448, 2.2178116274361575, 2.1385760933191205, 2.1378826025259534, 0.8453333247350243, 1.5243752819817606, 1.2359083435300484, -2.0608893142402076, 0.10577461715140146, 0.9723270049001441, -0.9468285847024582, 1.6563679377400986, -1.8998418973114868, 1.063101348043728, 1.8194023068980876, 4.099281978766149, -4.22550173405433, -0.2679482892081022, -1.1948902795724001, -2.6004283178968, 1.514019869027794, 3.1848928157383445, 2.086998683098991, -2.051068192025482, -1.374561724107991, -1.8597123408103364, 1.0113868020019525, 0.7165192369119806, -2.3857077796792314, -2.0793978603132937, -0.30549036534049506, -0.9038879930291817, 2.283241105275366, -2.2513897905693163, 1.4400570487538271, 0.38150832763530507, 1.7954553394580306, -2.4388454457456357, 2.1246116075055728]",0.8583727938011192
1,"[-3.4492831098707164, 2.363711234817379, 2.953977033513123, 1.3708265562560062, 1.5346459246467412, 0.08687529966459517, -1.648827814329393, 1.8921669393529161, -0.534618537740669, -1.897957898096311, 2.052995891079863, -1.4620846568947425, 3.494015319416716, 3.8070770300338332, -2.004183096099519, 0.2807315803069965, 2.2223411356172362, 2.0380127457068022, 0.3917202442270882, -1.0980048949294379, -2.325002252588113, -2.1810257562705413, 2.98319745966237, 3.9052656360805194, -0.37057796657963793, -2.9507591911228874, -2.3933874027594895, 3.4410630272917393, 3.264932414861467, -0.8437008253433965, 1.8518781610312458, 2.9369532694046554, 1.749400811101281, 0.7461980002408852, 1.3618470647307064, 1.9189731513886055, -1.7319996397639652, -1.5684392251351742, -1.1974049525239576, 2.332929279733076, 4.204382542442635, -4.027405779714776, 2.5274920965295347, 2.1227825771886697, 1.931316961095307, 2.0401435727548725, 2.282131365726112, 3.3091087727129613, -2.347073952723333, -2.9518318591891672, -2.6155672301553228, -0.4788404093254278, 0.6278707233106574, 0.5181953322068069, -2.586701402060987, -2.4266815933026957, -0.7917510304432427, 1.768328483170312, -1.506186124399162, 1.3034328323970992, 0.43914282676942323, -0.3273315124050622, -2.372080215888747, -1.179943034583599]",0.8650306748466258
1,"[-1.2329465885293498, 1.7327398087491632, 2.4859937954380182, -1.2350430754337176, 2.993990003502444, 2.406491824840463, 1.0992010984141172, 2.1215070131705875, -2.1110393705699915, -2.57901698033746, -0.10442050585969137, -1.8291708347793105, 1.6658416858102365, 2.819744826480597, -3.501174843165942, 1.4741827634668812, 1.0773572723335278, 0.6050493124100663, 0.9003326750565892, 2.1492206381316796, -2.6226445374890086, -2.85000614219825, 3.389302012831704, 1.7515861963836346, 1.4615321028609538, -2.496507888115167, -0.6200145460821718, 3.7487646693397165, 3.3153221358025515, 0.6572844520034948, -0.3884751142044935, 2.0533301163675333, -1.870660714773633, 0.16915749329570862, 1.7005834277423317, 0.4092069562435319, 0.07148877151104566, 0.9369739808319272, 1.6872291847802596, 1.2937808156042498, 3.2231294923471516, -3.1523613071202155, 1.673228220428249, 2.47165841373453, -0.4134876688165442, 1.3522068330732542, 2.494832900784446, 2.7007675422491797, -2.4801666509694016, -1.4303327561413548, -0.029472269480020963, -1.3168573593709485, 1.4287565922771837, -1.725324475672866, -3.388296461974981, 0.012095376761110499, -0.7487756089058578, 1.891304207814386, -1.2353736307486536, 1.9404236855320969, -0.11313967367747635, 3.534463317430148, -2.538930789283409, -2.46408728664559]",0.8676671214188267
1,"[-1.0855912534346994, 1.3030822648009877, 1.602456933702791, -1.275464005981134, 0.43023578134801777, 0.38650150425652896, -1.7616112198288807, 1.6602724351840943, -0.8632569221818481, -2.3997738972328153, 1.4607584313999304, 0.5177050078162331, 2.460126272664222, 3.2721097928888585, -1.0994082129953544, 1.6851174106838895, 1.1449258426876485, 1.214098365705585, -0.1752382701710269, 1.749051757192034, -1.4131231617744513, -0.8585193126303321, 3.9336301954411685, 2.530269052551062, 1.2168641994476845, -1.599920997697897, -0.42319524879241954, 3.084019407194285, 3.4644836282678497, 0.8480507119585887, 2.3669447172993863, 3.752449324019673, -2.206037291092341, 1.7437009123998484, 2.109301315343205, 1.6208829851175823, -1.3431157738970927, -2.5905206549608484, -1.4456283916684614, 0.9004151231138989, 1.8127253728823653, -3.8254208587540663, 2.4249516705123026, -1.070320577538609, 0.06940188709455608, 2.397634080966063, 1.2708471428838746, 2.094980038285641, -2.622944193831727, -1.167557823795622, -2.6625710918178105, 1.5209450347258135, -0.15863975651812856, 0.28840026284755904, -3.7161086451799177, -1.3187853278142518, -1.3081946479479387, 2.2295181114537757, -2.4450721129012036, -1.2060730418138812, 0.4762135012429406, 1.1826394124041797, -2.017734286701934, -1.1745455538992513]",0.8716913414087034
1,"[-1.8504400720093113, 3.6884326822795677, 2.503211257717381, 1.2482736962209935, 1.332522750321356, 3.0956052116469106, -1.1612538763247184, 0.9034408281927516, 0.8266366156604348, -1.2334329761195266, 1.8158195210758608, -0.4555462665088455, 2.237963738951222, 2.674058512314863, -2.6041442174369753, 1.0551668214096313, -0.9164647344006938, 3.0634415599773037, -0.6057201164034276, 1.8180183510253656, -2.7603068443807373, 0.08463499010966624, 2.5913888907755065, 2.1655515349201617, 2.0161584543545192, -1.0290416629048955, -3.0722351437841957, 3.850220642258451, 3.3881375428090883, 1.327039682563637, 1.9734451630752248, 3.2793376640283776, 0.5928727965794784, -0.6718457510023421, -0.9731942893244794, 0.5319006937577335, -1.012793554610974, -2.6200225051293042, -1.1358182566449846, 1.8929786139894693, 4.282878848976396, -4.012420162193191, 2.663689934477516, -0.8774530227128616, 1.4452320865896136, 1.7062568857849074, 2.7645675935555825, 2.5521182085641847, -2.360120162445669, -2.0673502065397598, -2.286861280991034, -2.111730198358604, 0.4150845021394074, -2.3285290342264866, -2.8936416772904265, -1.8828637226314708, -1.581273911616371, 1.9029577629941963, 0.06173365139154452, 2.806236029990323, -1.5246298208293383, -1.5559459480238447, -2.6543631793594837, -1.559688027500504]",0.8763048016701461
1,"[-1.4798900241617914, 3.3290522435103673, 0.5358297212782661, -0.5554323181748241, 1.2409516297438419, 3.7619602859114867, 1.17786427781598, 1.4620190661851769, -0.5743925781871558, -2.6737659969138092, 0.17380175677928378, 1.1879175867788805, 3.2169602269743134, 3.4867156410458024, 0.21428278450715732, 0.8102949248562653, 0.39949237840325424, 0.8463653097289432, -2.13412299854319, 1.9398353849802925, -1.9747517504766352, -0.6592437547543248, 2.0349792783589242, 2.206858718783145, 2.223795808705175, -1.8411849623842507, -2.467214842263898, 3.6569221318725016, 2.3600239253835036, 0.16557224581622315, -2.2968395501171943, 3.584196741341444, -0.6968243478784356, 0.3202344375302073, 2.3830166313960515, 1.1566490162079015, -1.7562866653676426, -2.0563766691399934, 0.3831180899146238, 2.63644628127614, 2.8545119779235804, -4.2382026814959834, 1.2988821048983459, -0.849099174399808, -1.4763006461555273, 2.452051142825023, 0.7679783103713571, 3.1347160787259374, -1.0146270777842301, 0.9496681685456492, -2.285230964183089, -1.2527787594702726, 1.368496307162188, -1.727334487132146, -2.574296769519536, -0.793855624068683, -1.740927442916215, 2.0671565404306325, -1.9392262052135978, 1.546892214932196, -0.8644719471881928, 1.929964525675222, -2.70322647785047, -0.4617821386231708]",0.8775692582663092
1,"[1.3579344536671023, 2.0836394228483206, 2.057052800852463, -1.7822410082389628, 3.469144485041295, 1.6262724095728203, -0.7568990071777644, 2.0194664310206867, -1.9929371609689663, -2.642187829162612, -0.4133789242249677, -3.2291749652958757, 1.9121254599291162, 3.4983547355316773, -3.514369624293859, 2.247920005104113, 2.221279258930487, 1.8090952950035841, -0.25434316885567876, -0.07827131754350969, -2.8990237143253723, -1.6433267910726699, 3.883667539459788, 3.107234493234796, 1.9624298691946738, -0.3392968373413474, 0.0342484541883904, 3.143287880435896, 3.315787550442038, 1.8189935034455107, 0.967632471160162, 3.217597547144892, -1.2630665834524972, 2.3723489004647886, 1.4062938871147501, -1.633735587792313, 0.654522827467551, 0.08740964820066477, 2.7387106324549557, 2.428642579827082, 4.004068212711215, -3.1314214525242594, 1.627406359817419, 1.2268401417413635, -0.9486817170641187, 0.5912602754208693, 0.7896037191606062, 2.611377166687144, -1.8745667809962843, -1.417646288898252, -1.5613456860584785, -0.3505031791433233, 1.1912817586327087, -1.7916375277232548, -3.290738293299107, -1.6719145526219181, -2.2300747174652784, 2.2828241951719495, -1.7152464280721056, 2.746776429294824, 0.49577225556654664, 2.765948406673874, -2.242274963679443, -1.7817945794284644]",0.8795180722891566
1,"[0.29144534881114337, 3.5804344072745944, 3.287131133853372, -0.4408235603815228, 2.346779159827723, 3.1054993820106738, -0.45960509985447867, 2.4966984941886037, -1.395748091567003, -0.7939211620392967, 0.29762396810119474, -2.213271698278291, 1.5255727485760144, 3.7583659940054623, -3.4766258135775985, 1.5486560937202554, 2.1534851917585636, 0.10291394877018273, 1.0398526544560571, 1.5618618452448065, -3.2424376567333217, -2.7768431656988835, 1.3655468391562442, 1.453140393549077, 0.14397726526943033, -2.2495816145008867, -2.3783264951474905, 3.8421082157153763, 2.1775765968148937, 0.9891153894497484, -0.12127359511208269, 1.3043001682598263, -2.1159852831411667, 0.7241713186818335, 0.5768116256963438, 0.42572170642476814, -1.1206627160262694, 0.7459181077464483, 2.010602786192581, 1.5391660404669096, 3.083530726724907, -3.2133762629437066, 0.874240474949125, 0.9842269055099184, -1.4675637252683922, 2.291402574661618, 2.524335675496852, 2.9525735823577643, -2.6169207525926197, -1.939920342488318, 0.017221054151945636, -1.3273895485550375, 2.0763522939743875, -2.951910337551997, -1.4313371811604942, 1.3364263076679979, -1.6533984721792925, 1.6356484459081058, -1.7826992040073826, 2.7817667194737083, -0.13135068070564165, 2.841256716281232, -2.5462409599119473, 0.2337282609269704]",0.8889632107023412
1,"[0.4854430974831283, 3.732279850802125, 2.3056974508525476, -2.1450386199720297, 1.0077300780056089, 4.272807723244485, -0.19557431059565905, -0.013635932785854177, -2.3900510405414996, -2.3558169464940972, 1.0688638003728845, -3.194107572230805, 1.413537469357672, 3.615652133889759, -3.496216889327141, 2.1354564604319877, 1.4051758421875078, -1.9374839880582435, 1.202762730160553, 1.6213146082122976, -2.837875856801579, -1.6944549019861594, 2.4586257470105717, 2.171294200968934, -0.4701861402104388, -1.653570720517026, -0.48319445967054625, 0.7564829281941976, 0.6521576451006299, 2.249933466282005, 0.0019022090146496584, 3.8067536536117776, -0.9451888928678093, -0.21014938302985134, 1.834513639791448, -0.06640083286315371, -1.097831492190957, 0.5914354779042388, 0.557816999538654, 0.04203966730119202, 3.400396729332019, -3.6579281722109083, 2.29949454922434, 1.1144519448279175, 0.6463083414822539, 2.1888490771968945, 2.3227571929319573, 3.4329856529491907, -1.2324363284437303, -3.3649681471166017, -0.5838277191935309, 1.5595153074130088, 0.7628509815137198, -1.382167593987803, -3.473853304323184, -0.0771009769032388, -0.12517633364500336, 2.079387903622976, 0.3352382821654256, 2.7675266539658185, -1.8069085990770266, 1.5754112755817522, -2.7583963453868323, -1.114539664051335]",0.889622075584883
1,"[-2.602917363760996, 1.5788927207402152, 3.2521961723873996, -1.9706453272803812, 2.4440588689003775, 2.589741856527772, -0.8507148003237346, 1.6220106611709264, -1.0054518616804353, -1.799137438353473, 1.895117013459787, 0.6839591650280812, 3.1610407248589563, 2.593805757311543, -3.236138616856179, 0.4845431781770215, 1.951302814847741, 1.2133069564252237, 1.2040545494708568, 1.7135393773728145, -2.0656121040970863, 1.713003417048523, 2.9654857856132013, 2.911194180910637, 2.2196802413552312, -2.667474316608601, -2.8889643341450935, 2.919325272318712, 3.3274753212912977, 1.2754478746696947, -0.22610212018305353, 2.565544608122797, 1.4684029574885422, 2.10703170247115, 1.5211076250021107, 0.5424697962326156, -1.580317559404263, -1.3018876289462178, -1.3958992326799229, -0.018667625146075117, 3.460509850595605, -4.057738398734503, 1.1511579396619445, 1.4870449766264506, 1.7545289788939955, 2.25889192393682, 1.3952532866616765, 1.5031635506619963, -2.369393828522365, 0.19863413700938226, -1.7567624676938745, -0.767832704584155, 0.6791295834650033, -0.7580532161952631, -2.3006931580234955, -0.1107295327274464, -0.5169433582057693, 1.8725329651526474, -0.893562558372337, 1.352160439899802, 1.417234613595725, 1.2495385223373796, -2.4382132858047894, -1.7328718703317596]",0.8896631823461092
1,"[-2.8901947173921774, 3.110042100356462, 1.0155951693416403, -2.2666596807891284, 2.4615283573567064, 2.642916178724649, 0.05095293909185761, 2.5874956933582385, -1.6051472543285321, -1.9684711405668618, 0.20424568439661211, -2.4499222500723477, 1.8134507917582492, 1.6502740174440325, -3.514892948958029, 2.3439163542195867, 1.1350120342728633, 0.5773313532168997, -0.11805250418012947, 1.5999601281639046, -3.1382474605427797, -2.3350633257912454, 3.897861469788667, 3.877939337048415, 0.22378666190516844, -2.4303420680547045, 0.1459304044958049, 3.8083567329153887, 1.6054338083427018, 2.0259897560336415, 0.3317241010017238, 3.047947538765513, -1.7844536935525421, -1.0179036947185873, 1.1521020593510447, -0.863173745479992, -0.1251741162649314, -1.1172464872893237, 0.8332183710811949, 0.967308273466508, 3.5271400549353134, -3.0157201114224286, 0.6840490308030145, -1.2060582919209435, -1.0148094232306417, 1.7229737040830808, 1.76425859645405, 2.038085287146839, -2.995530642255805, -3.35129095066265, 0.030987583172774946, -1.657388526461312, 1.6052443316956568, -2.4320244826233774, -2.9785709830480833, 0.94900318114603, -1.1838163789718603, 2.139029244855226, 0.37904602128097054, -1.0444271587643392, -0.5636793189516629, 3.2911118899058476, -2.173508893085269, -1.6670290849009444]",0.8910196445275959
1,"[0.0651867458844082, 3.4863101026468617, 2.8847639601680135, -0.8958711882250114, 2.9677037418843586, 3.0057969150174624, 0.7688144467859193, 1.1786846853718016, -0.08954739034374848, -1.0209578009544171, 1.4467588577484989, -2.804265509921363, 2.4681899192337244, 2.34650642678158, -3.474988876795612, 2.082026849489336, 1.7882782326155873, -1.3135535762865547, 0.4545902410754073, 2.043407393906683, -2.328722323094536, -3.502033328163636, 3.456543057425495, 2.856780707335817, 2.0188755443366033, -1.8526307108273734, 1.435183231250092, 3.74150518312285, 2.252485941759488, 0.2697696243079919, -0.10677608259375902, 3.195095415332446, -1.5299846650594744, 0.14054230309482996, 0.4882411322084097, -2.363592798697918, -0.41784093242971543, -1.1703409984509765, 0.21489434064174245, -0.9590928794925608, 3.617669694698488, -1.5021935170915284, 1.7164873765847002, 0.14536386283124647, 0.6661281532687122, 1.3691977031736249, 3.010147794320499, 3.447557631346251, -1.3138027281490872, -2.4845122419034356, -0.8575722494756856, -0.2648843576473785, 2.0661727925744695, -2.3124959706371375, -3.9130072242385525, 2.149189136431851, -2.208866536449975, 2.2410036233727286, -2.1621703988444723, 1.3591879059794987, -1.230064654832497, 3.5133213356213386, -2.4581578400925865, -0.4140487240433042]",0.8914983560356975
1,"[-0.4117875300443835, 3.6550012338864213, 3.3297937596186262, -0.19779003821361862, 0.29290253692578405, 0.6808440596371959, 0.7870176917058332, 2.347528284437939, -1.6191294212972496, -2.3869537192677845, -1.293393551457307, -1.5572090813870731, 3.5035739301577267, 3.8090576546256214, -3.369483961633329, 2.40202915267085, 0.953511931472623, -0.744964836331686, 2.313401407541923, 1.6892606843770153, -1.514112760812347, -1.637274570489354, 3.9392867515092806, 2.3053105483504805, 0.762949388162924, -1.0954011695153691, -0.10728617923189532, 3.8475971380821337, 1.966781497363328, 2.446610111542028, -0.5782566106975899, 2.9745011889022064, -1.6084141070163103, -1.2290361320148795, 1.5196734467209179, 0.7819471076584493, -0.5926909417870461, 0.7949487216665798, 0.4575013514304487, 2.400138712705355, 4.25210771034358, -3.246688447387175, 1.5065928694872421, 2.035201792036757, -2.6024029314250137, 2.095941201567751, 3.6090314011383438, 2.6295711566231406, -0.9942039110390755, -1.2745494179607049, -2.8482472931787894, -0.6075749598568077, 2.540262997598303, -0.6664546319570193, -2.042092269270473, 1.6177513719502452, -1.5168494589557338, 2.2569609366133254, -0.6768505624803225, 1.1870020161877912, 0.4093186558906542, 2.6939752462101794, -2.5160521639446203, -0.20571273575686866]",0.8930758360810175
1,"[-2.4903251618151026, 3.5067180745924262, 1.3602426630547946, -2.0308200079527277, 1.37666572754314, 3.2892364882129317, 2.889834659982176, 1.7863194267605806, -0.026103732129382884, -1.8746455375805788, 1.5406441882372064, -1.363724045700409, 2.9251751429194393, 3.7815282214211217, -1.7762342727338114, 1.0443517862049405, 1.631384795965183, 1.4465169744373667, -1.7564321074858844, 1.5306266445669778, -2.738118529388637, -0.18724083759852103, 3.5226935197039677, 1.0962834148966418, 1.9720008089611945, -1.2371453442249265, -1.719511997405783, 3.656362462334454, 2.637063662594796, -0.059456703818654644, 0.2891806088421617, 3.671674674908649, -0.8459597328205058, 1.4772856390313014, 2.2559757966929914, 0.006655631589314204, -0.2342786400169588, -1.517142131498697, -1.8182316616797938, 1.8001951908537601, 2.7385217707094793, -4.250639940477198, 1.485546059112218, -0.9036451001273453, -2.3456543836051944, 2.5307193922649454, 1.6380972874201016, 3.253160782203786, -2.2853722333336894, -3.0306271291831606, -1.4435769869266055, -1.7534223384248793, 0.9411862241965057, -1.1432177525003073, -2.359897701709701, -0.7312781520348963, -2.157808060222506, 2.2635667400039816, -0.24488764761325132, 2.309471084929548, -0.07278308623427476, 1.059409947851163, -1.8202305860510808, -1.0941954177727924]",0.8940914158305463
1,"[-0.5888854488336441, 2.704399702627457, 3.0926619391661267, -0.14405035347698258, 2.5546375029243813, 2.6937623146098364, 1.4465765331533618, 2.570501839869242, -1.9942587012068087, -2.660688711308454, 1.3337179111984385, -2.995741515063182, 3.4613899557188024, 2.5710452410064146, -2.2427895640720283, 2.1616096174211834, 0.22530221556321162, 1.0727635294669613, -1.4165182838942494, 0.44137347584547837, -2.575125828871955, -2.7076078252868863, 3.5552362310666545, 3.4103507788473992, 1.082384391430399, -2.382840720495047, 0.4194021645590741, 2.5794407120033247, 2.893977354191162, 2.1911377505321603, 0.5205257666671094, 1.2598951380222867, 1.0990962023076931, -2.7521452776979247, 1.9587235395268552, 0.33620981561025354, -0.7364663523547861, -1.3885896640369542, 0.052652322984405545, -0.7860334917485381, 1.8491626393748741, -2.2005891047918142, 2.986094882830418, -0.4366041422382819, -1.8972887083150418, 1.4114285326237836, 3.559806695210244, 2.65388154751209, -1.753948720210746, -0.6856829178116708, 0.10331050750958465, 0.12110725122200444, 1.0600881783262532, -1.9289186928557136, -3.8101845581455254, 0.839080341617259, -1.9762573212860501, 1.9702627547143416, -2.3129308009619747, -0.5301732657509062, -2.2276980077035544, 1.687408564403972, -2.657743553073367, -0.9157824773053902]",0.8942009738822487
1,"[-2.4455914807809815, 3.4637029743375614, 2.822128298443287, -0.45366977959491517, 2.7787753935935045, 3.7380611960521772, -2.6105308680334676, 1.419943083613933, -1.1657463430058064, 0.3409453923710739, -0.059842775044023966, -2.767047320372542, -0.08835497231716949, 2.6769671421294476, -2.607898595659009, 2.2952849314606296, -0.8824846384569458, 1.9114800763043327, 1.0547561738017195, 1.9811301445191942, -1.7895422600244322, -0.5818483483576553, 3.835745730504013, 1.9952703798877702, -1.4553334065651065, -1.0307100299672212, -0.8793388698297022, 3.0643089922558198, 0.6498441021257721, 0.41037994293606594, 0.7616330765549908, 3.1773864017489424, -1.3425185303096168, -1.561216227589712, 2.399059231293414, 1.6238580052432923, -0.797526764501046, -0.8895272098533054, 0.3093163146754647, 1.032390405217779, 4.252265177020825, -3.6647323245372894, 1.88433350875125, 0.8025474404736982, -1.0841340071635157, 0.4488935333307773, 3.5869471715733665, 3.1500945855953315, -2.7560424202962603, -2.929316952127766, -0.9461423012637844, 0.7416581470032906, 0.4524521249938669, -2.945276112844325, -3.111741179820118, 1.0324029977896865, -2.1357886666382133, 1.6289897512270342, -1.9470915242179292, 1.237014055222864, -0.4094504455986604, 2.879068230424237, -2.755200950550757, 0.6947122231829568]",0.8943850267379679
1,"[2.098493890678331, 3.438386795904705, 2.5061319247447207, 3.2478232231097746, 3.083676393820313, 1.5354939002453545, 2.279614993553416, 2.5589348971214045, -0.3721308304584085, -2.4853465304878486, 2.063850762817383, -0.00447326556693084, 2.305625148044554, 3.798018615692185, -3.0127309489902947, 0.8825129057776762, 0.675136017607752, -1.3802854382328062, -2.428656669307065, 1.1377104182890423, -1.5765067252974152, -1.7381656502293767, 3.185744153693216, 0.9992500394365444, 2.2452909889978345, -1.6306590787932205, -0.707391572432146, 3.8038040337345373, 2.3448350406065375, -0.6666726368917604, 1.4878308674720169, 2.798581896831748, 1.4608141698566235, 0.5542665383167872, -0.2292990654479139, 1.945201490276959, -1.1592080168705756, -2.4364542171559256, 0.11828125011415402, 2.271482421967538, 2.942826875433228, -3.8953799297171576, 3.2106245874441512, 0.715894278150955, -0.7881177962130412, 1.2424150741376285, 1.4915206967990071, 3.384441472419883, -1.6329664031621627, -2.114950684290379, -1.256652723756821, -0.4169777321112226, 0.45468733739410927, -1.384485066107807, -2.4369933588167854, 1.2041003678508504, -0.6068629425227321, 1.14052730148489, 0.4427506206975753, -0.692224647292943, 0.6337930244519301, -1.2676001268590509, -2.5116848866166244, 0.07561910026264762]",0.8943990665110851
1,"[-0.3602749146814656, 1.1231562039559329, 3.3311814777084057, 0.7111092410017148, 0.6019554419862161, 4.092244504552588, -0.6698859896065922, 1.8285414845100687, -1.8171035909704076, -1.9789864726119628, 1.4640580481976695, -1.8570996806087186, 3.0294992240742404, 3.809604439067139, -3.172279794189082, 1.541839433161301, -1.4092333465273597, 0.5192797361544939, 0.25440902571351953, 2.08487781890803, -3.1595177257770826, -1.4335014571438216, 0.1597891198184047, 3.399517613204903, 0.9107351274806932, -2.818064943322922, -0.2513509937004794, 0.28652735590016015, 2.8199443517726004, -3.2650028785553276, -2.3187955919915058, 3.795412854783534, -1.5636245011505276, 2.2712753725232626, 1.3106976820230398, 2.26066420157139, -1.73339151041014, -1.9446386056235596, 0.11475018401183013, 1.5272158067311503, 2.167668359813541, -3.061582919754686, 1.7926374420237794, 2.1494140357961706, 1.4165148791357078, 2.3607581223101133, 3.7643066516262014, 1.580093015720696, -2.7375996087568755, 0.1956167599640225, -0.4606283269739422, -1.186764640355902, -0.4391285955884611, -2.3890192245135022, -3.4679250465880482, -0.2900681554928788, 2.655789939505725, 2.285317240220041, -0.6962087622491708, 1.740195331106757, 2.3410378938801846, 2.9982511010759856, -1.4522475057581514, 0.1675196133773948]",0.8965669014084507
4,"[2.0337777606055805, -1.3503863309117876, 0.03133356468135429, 3.132557892692033, 1.1320773064595362, -0.09588494594178937, 0.15682942981985398, -2.0740637953850576, -0.3064954055497136, 3.709837799334673, 1.1580268194232983, -1.368452369837003, -2.2158367105412875, -2.9787654094411575, -2.685904933711957, 2.4044004331755806, -1.156267698608295, 1.7843906185558187, -1.371426841063049, -2.942024809736941, 0.7036257677204436, 1.5978779454755454, 3.791035855269939, 1.9305709594529257, 2.1502474312976307, 2.4707581866161132, -0.8690520934979827, 3.4840074529201916, -2.6851906748671865, -3.286212896141438, 2.246369727774782, -1.595978838963735, -0.6668945131298698, -2.3660000865101836, 2.5197318326437936, 0.7106240255369161, -0.7849938761265627, -0.10515393401748274, 0.1655320148300381, 2.772811644433586, 2.7956820020571773, 1.8479877467566077, -1.1457113269598835, 2.2038403876729413, -2.151840177282591, -0.6937801603611311, 3.0460776718437845, -0.4312844255364162, 0.3782546688840124, -1.873451631614114, -2.681970451174996, 1.972649651123592, -3.083878700450113, -2.8992360684902256, -2.4472826437005883, -1.9463531339315265, 0.7524155510683935, 2.048236231980106, 2.7283411286191868, -1.9998434918793389, 3.785018148919829, 3.4475136019752375, -2.1707246883038556, 2.909965993659738]",0.7775387263339071
4,"[1.3860656385952235, -3.0250963313429127, 0.18532851640332693, 1.0337159467979347, -1.031438147204038, 0.7556830060265018, -0.5892294953047076, -1.0111229284032925, -1.4943382364823274, 3.868309110962055, 1.7670350563671962, -1.8876377781010725, -2.294583075669175, -2.755791090122251, -2.462399346412, 1.4310537318484313, 0.8426868478346023, 2.20263748312631, -0.7734452550683568, -3.3538641810768937, -1.5620804411844458, 1.9843730209667942, 2.6874050747626175, 0.2928459751793657, 1.7319529605979733, 2.7534881517908953, -0.5568100356168971, 3.7590043724362747, -1.9929900032074253, -1.9310433745124174, 3.270004020333352, -0.9672710384146779, -1.3255750581090011, -2.489696392724866, 2.3526068005099585, 0.4162631869201917, -0.8251768199580642, 2.9567825488216855, 1.8045616021607302, 1.5737041692104796, 1.9008877877355095, 2.355989741266622, -2.540016800583531, 2.830076538509494, -0.3416410754117378, -1.195067283191459, 1.6458839049967988, -0.16722325704494712, 0.8246577470416374, -1.3089452668083688, -2.810754804672734, 1.1338821726661508, -2.800334826780064, -2.782503837677509, -3.942511776665187, 0.3261424595760043, 1.628569110824356, 1.815213314987, 1.8431584598336075, 0.2811727971794369, 2.1228053067696897, 3.5379511511623356, -2.47628989813034, 1.7943633796073253]",0.8106560986349626
4,"[1.5409643490323897, -2.984928515879689, 0.3911006381159, 3.198413943784688, -0.8193753673049164, 1.962082398375231, -0.2936892159469162, -2.0312202670344734, -0.40297953734622416, 2.1246585119093577, 1.3014124660236406, -1.357044438168276, -1.7128846711158592, -2.0877537795152445, -2.9472860074408156, -0.061812024606368254, -0.2742421496955898, 0.6667056821339359, -0.7522801930142088, -3.4227239326240126, 1.6975829668296538, 0.9460919391684212, 3.547044415061068, 1.053260898279858, 2.227927054909363, 2.286328320795354, 0.24792299044346067, 3.306514540018908, -2.4735523802208936, -3.3012730718801633, 2.7581066395753204, -1.4917918418995164, -1.6469597056494543, -2.563837926874706, 0.8969002459155484, 0.08489781451537304, -0.6860570072313786, -0.9945033007709609, -0.754847226347729, 1.2408547059455834, 1.710798254352539, 2.5148546754009415, -1.3151929767610624, 2.6994852293252065, -2.659382417510622, -2.5723828304464895, 1.5351357579922738, -0.07942762770084588, 0.3450907482678686, -2.397680393799643, -1.3780955261536825, 2.5868938006186832, -2.9841132323840927, -2.597320781492093, -1.896516565646728, -1.8738885535330483, 1.6081117508716025, 1.7079779110356306, 2.136616361450917, -2.9274381232625606, 2.307062738116106, 3.1589898370654015, -2.744207862010482, 3.6478168756007614]",0.8383480825958702
4,"[1.0638173901795587, -2.322914489091789, -0.5312860297990164, 3.384128411957722, 1.3517670743629269, 0.8040553607911084, 1.01665566992856, -2.5717527262323365, -0.7501209098880475, 3.8554867954239858, 1.1287457621109758, -0.7833557089629137, -2.1447978081327315, -1.9274369297215268, -2.322269102544646, 1.4771305254875062, -2.2528166763655193, 2.2507385576959105, -1.6608356110887312, -2.3576063033160244, 1.0155242506465496, 1.9767445195994389, 2.918059481129487, 1.9914624102791465, 1.5918077353143514, 1.1905063062350876, -0.2655105027359022, 3.705244397974305, -2.54576432001721, -1.6627722706986745, 1.8780118755171875, -0.5054774534355712, -1.3933746593114655, -0.7837539227946819, 2.522907727797415, 1.1765753877678482, -1.4657396150039468, -0.6618684971796224, 0.4802720447920811, 2.758233074138778, 4.26030156336692, 2.5388508565913024, 0.4684678327961751, 1.3848678149390765, -1.956173125974841, -0.9015813386139477, 2.4189701095320006, 0.9963067113937762, -1.8131307509104395, -0.8246486209220049, -2.0805902001132197, 2.497179860376192, -1.6417691306273763, -2.5610353173998925, -2.0122872996323573, -2.221289841357498, 0.8244202088245973, 2.1193363942906753, 2.8345951199976036, -2.17275421153425, 2.3316821078957854, 2.440700020936171, -1.7964628501130935, 3.197718590262796]",0.846529284164859
4,"[2.706404878063077, -1.8529138524739843, 1.9426992379738481, 3.560554417635516, 0.0050989085547239466, 0.6904683135159438, 1.2775116123011054, -0.8610107803036537, 1.5093134031959887, 3.334257753733351, 0.47371026456920595, -2.952487887801868, -2.2658069389518083, -2.5136227567057183, -1.4037895785784156, 2.346196078643881, -1.6316847833072243, 0.767502805855406, -1.5368868788688106, -3.1795748087617013, -0.45979626356724657, 1.4934565139102831, 2.105543933017957, 0.6112073611672182, 0.4992451615065969, 0.9180410761971523, -0.6244294424134309, 2.5702100086842883, -2.441751889239746, -3.309115061056085, 3.5654318598117336, -2.216408535349217, -2.161867595218493, -2.4318845420595823, 1.737470961895335, 0.40473313285327245, 0.2619237189601975, 2.1562022380523893, 0.9389770120912169, 1.4521034609733512, 2.4060156301123614, 1.2105006151441149, -0.641069927481275, 2.0873003968433363, -1.5976325214421916, 0.8210901311427806, 2.1051853859685137, -0.8435893737319292, 1.6992961686513404, -1.5902636811657231, -2.6760927311208387, 0.9409355598390405, -3.3647014237148154, -1.4056772131237911, -2.2790911837373633, -0.8368953569527919, 0.7987663487353759, 2.264179551948224, 2.375752816050827, -3.340073690077941, 3.4823063392077493, 3.034556872190239, -1.7044249493976977, 3.2015406158821054]",0.8467465753424658
4,"[2.9031760018400283, -1.969664158159436, -0.6947663038857992, 2.486671157899132, 0.6202065869573954, -0.43562804773730945, -0.5965117489196992, -2.734356547986212, -0.050330929590555844, 3.878554933568226, 1.580164584085259, -2.5644677933416125, -1.3668220070136021, -0.8741346667104131, -1.257423910677491, 2.3722570907426586, -2.2294160730841477, 2.120680266547705, -1.7589408019456396, -2.3798929058714373, -0.012716139934371457, 2.4813305069623595, 3.241396409315133, 2.3792900838356568, 1.3722596431134901, 1.712034556678246, -0.6514443323173914, 3.079561690773433, -2.1902099875800882, -1.000787029371848, 1.5236967370766619, -1.5115464636578484, -1.2024272598235541, -3.7278370283402373, -0.8205819583173247, -0.7222068184472101, -0.7218174945365191, 0.7712529708723534, 2.120573872487782, 1.856776016933975, 3.1778411109094007, 2.639051126783645, -0.8159706883803375, 1.896223082486389, -2.3289394043390086, -0.2209334527463167, 3.707154292586762, -1.017633947568721, -0.43941724023011375, -1.1637575505959208, -2.4622363590795167, 1.5910314651175375, -1.5030954205670064, -1.2746024065380503, -0.6794366343276443, -2.0944874020556115, -0.6274910394455432, 2.122502215259032, 2.5555221690631695, -3.4536640346826193, 3.8400584882026774, 2.84958517947403, -2.292465142676198, 3.3369740840776494]",0.8487698986975398
4,"[2.61085835134259, -2.086437846000851, -1.3653093158724037, 2.4801069832949474, 0.39384930196107004, -0.6355079642963104, -1.5706741932469417, -2.670555537911181, -0.7347524405639534, 3.6876438886091285, 1.5828903048873604, -2.432028241591958, -0.9876119829143915, -1.647888647659902, 0.6371242242830464, 2.005515999820816, -2.969534975841834, 3.530889024388907, -2.255786120185933, -3.59726288939383, 0.9680013175421202, 2.535748212664366, 1.6427944771235659, 1.0228231130973677, -0.8605337640449784, 1.3929037023359245, -1.731815115349052, 3.6894882060217054, -2.6564534344447073, -0.8772578483397222, 1.9865908395425222, 0.20113704240594754, 0.5266649778190031, -1.804895191161437, 0.1559598768394137, -0.48550011352855266, -1.7569248043968646, 0.38446603184939876, 2.1933979993292367, 2.746818561144809, 3.698123372565528, 1.966661824992805, 0.14139248987109282, 0.5707414186962427, -2.4477627983563597, -1.5801718215691942, 2.7387348031304697, -1.3009290608307664, -2.5530631866050575, -1.782042446470319, -2.819061589462579, 1.4580188372486034, 1.0597619762376147, 1.6149199426165284, -0.9916767342444319, -2.2034528816077437, -1.257416545543847, 2.0875362716267176, 0.14538937925843842, 0.17321499119786832, 3.13790047385564, 3.424334220673294, -2.4350134799881413, 1.7265152122422893]",0.8511494252873564
4,"[-0.9418962387341874, -0.681790247515565, 0.02106013053168254, 3.5198032067032234, 2.3354866156778984, -0.43041292480129895, 1.6533479849333035, -3.0703264455598385, -0.034118524990157634, 3.0868285617969655, 0.4705707955855847, -1.6697874671726958, -1.5098518261114746, -1.2496727844290705, -3.3787257436068727, 1.5595282556868542, -1.335346725986632, -0.197607242910804, -0.9751123856429084, -3.59466384862189, 1.4058853109074971, 1.2304073893070697, 3.9236094814814853, 2.6466070064836, 1.5227275309545205, 2.23185792940887, -0.4666368830211309, 3.689578453682069, -2.287704716403186, -1.9646057026839272, 3.3973291691383922, -1.542431906971661, -0.16912414568865586, -1.8267636720849976, 2.4871531940762988, 1.0959304698147356, -0.5574296443263398, 0.8535683185999916, -0.7705595980748259, 1.8740725406949306, 1.9666763012228858, 1.9511457603513032, -1.3205946096761867, 2.9006254842195114, -2.0444320527260538, 0.3884140139661636, 2.698849265542387, 1.2774163807556835, -0.2139370652523408, -2.071620718406592, -2.0423311604104795, 1.9648856324408934, -1.526745977170606, -2.974773520313751, -2.7075635495052155, -2.574721051561992, 0.35936441269799724, 1.8040363203450565, 2.035911318808428, -1.9515471585639577, 3.7135091142045358, 3.1899280205715645, -2.438815988151916, 3.199058287687504]",0.853494623655914
4,"[2.3703689786026234, -1.5194674978006635, 0.5691073196335039, 1.843992166522022, 0.6408551228357453, 0.16669258781551677, -1.4564745423242633, -1.5089928541239568, -0.36373053943036293, 2.259560055450705, 0.9980179960636533, -2.8212190957499717, -1.3519796271874047, -1.4177565093375049, -3.4955622509102544, 1.1265913375224677, -3.8549310108200587, 2.197958961289492, -1.3162373142518504, -2.2726703086116364, -1.7768607614939795, 1.133989885082908, 1.9738818410942638, 3.456493193333916, 0.7843830606164688, 1.9112179161233465, 0.6183980657797248, 3.794041925965912, -2.70155116724515, -3.328950895640375, 0.11578097161407899, -0.7175329154732865, 1.27829654488469, -3.2747472424360184, -0.5099694325420304, 1.2779691326888187, 0.3208887809208517, -0.4009453055083191, 2.3851975942297727, 0.2954242196272301, 4.234909437089661, 1.7520532911209676, 1.2749267523894576, 0.3155996785168209, 1.0903819234568077, -1.0753774026058358, 2.9200489704689208, -0.6060500469637371, -0.0879040447372248, 0.7623228984151764, -0.41092484688486963, 0.2545376903192904, 0.3268251189888881, 0.3426649360266888, -3.811690971617028, -2.5488587346506235, -1.7552840841460355, 1.3685471912922713, 1.7007247910053866, -1.7159223872478793, 3.4023576216310976, 3.4834661478821465, -2.7386897507125045, 1.7927591745361702]",0.8576923076923076
4,"[2.2142755464540547, -2.7167593661921305, 1.4808118557209182, 2.2510336126022765, 0.4654398541126966, -0.5875929953964674, 0.78331646345696, -2.883418490103698, 0.6168030258883713, 2.6986161820400083, 0.38712485162808175, -3.3517746922724134, -1.6020112077650837, -2.2599190832672997, -3.1946617993029975, 1.7903973185682938, -1.213307299347617, 3.540974719125328, -1.8620220456284418, -1.1393224557271737, 2.3785362283908547, 0.7210916920216437, 3.626644320219746, 1.7996883996303208, 1.2239084877174786, 1.275294088449857, 0.24293400394911735, 3.596793709524555, -1.8171874671085788, -2.5713040020672127, 2.0403604201126884, -1.459117782407568, -0.21495691791979477, -3.2901555659039627, 2.4998836848170867, 0.625849447949282, 0.16037342823244505, 1.8271669492211577, 0.5628508125715217, 1.5657560461192945, 2.229437569874411, 1.792644216372699, 1.3857569517286417, 1.4181222030038168, -1.3216227954980848, -1.5132968023993905, 1.7362759158887409, -0.011247967667579045, -0.4073737508949945, 0.0944097068035814, -2.382044413895284, 2.097043520813656, -3.3364600493221817, -2.431320810523373, -0.3887035114584867, 0.3979766112747605, 1.4493094307471752, 2.0286787285087264, 2.2879696287381024, -2.3083299252854306, 3.006812315004126, 3.513061436271555, -2.4893977161733303, 3.505118537534832]",0.8585680751173709
4,"[1.89808580755725, -1.4976379676770812, -0.544184309630973, 3.3074401993446325, 1.0274751741784602, -0.5323336392954243, -1.297832360511176, -2.737810800803023, -0.6826472363264008, 3.1634027285080615, 1.5797219274211869, -0.31874276924975, -1.351326027156083, -3.0321290598618815, -2.903193389523117, 1.6347758295652532, 0.31246342376125436, 2.773917017608852, 0.8321035716105726, -3.6268086555813253, 1.62268234876851, 0.6369894546264608, 3.8955995766497447, 1.202438558933769, 1.6849380234914433, 3.467343959742118, -1.0408402252141977, 3.7835744749084, -2.7932313225222076, -1.0635156316382388, 3.0961738306040387, -0.6501110874970258, 0.6875388031741807, -3.872268336538616, 1.3384211092785647, 0.9722799795258958, -1.374821471143473, 0.006805638141099246, 0.400139963864087, 2.1738625705999177, 3.1015241626532526, 2.204115604122663, -0.5268889262362155, 2.9026035939437658, -1.4100571897844987, -1.6094485629338113, 3.038759279550156, 0.4039666093977363, 0.5474269963089151, -2.770168323209788, -2.021853713515804, 2.4347718111787158, -3.00865774841639, -0.4753666346857752, -2.814036521354455, -0.6378441172436728, 0.49954225764101073, 2.2285571182591712, 3.3954702069074294, -0.980727812936777, 2.8725229742252356, 3.5196237882506054, -1.8917897520988909, 1.6663424558346716]",0.8599062133645955
4,"[2.9299286962554705, -1.8415692676226854, 0.06635108113888477, 2.6160425046772424, -0.8644751184870623, -0.5009048114724499, -1.84350017626956, -2.3247007627676686, 0.4925362281725974, 2.5189172026887654, 2.1462159504878384, -2.7240803963618374, -0.6963500868696006, -1.741551614774559, -2.622036734400938, 0.8138815415818583, -1.9138350169747684, 2.880554699082269, 0.09610216032893482, -3.121485822345721, -0.24427892743669932, 1.7972839750161136, 3.3728521271366274, 1.0663211703185707, -1.288121470524017, 1.236661269379284, 0.045914866317659786, 3.271608030899082, -1.443913207361768, -3.186258491622809, -0.14483058251697903, -1.5262940524712212, -1.407653463546062, -1.9281055664829179, 0.05437809037990515, -0.8505576233995504, -0.37352149401859086, 0.5565474568385167, 1.4392671485182011, 2.3571861063275614, 4.283870144094584, 1.0079803844142878, 0.42299964372129745, 2.882073932505448, -2.709835016691255, -1.7680356851989851, 3.558541254441685, 0.24304719253377693, 0.05664027850918396, -0.6303702306804803, -1.2652123342119646, 2.0633436193443293, -3.434464928086778, 1.0737368010875892, -3.7368514153895207, -1.8027253253116324, -2.1592690867663187, 1.8304956268704458, 3.2804305417286037, 0.16672726258070936, 2.592506749861783, 3.090508774827406, -2.672586202834697, 0.5966883368022053]",0.8602890571231934
4,"[2.719205963633149, -1.298631788147007, 1.2501292941464999, 1.5816115209353496, 0.7107249513227674, -1.1041051717339982, -0.8305898179760174, 0.21393349866075662, 0.8406352948980244, 1.9319392458671816, 0.22233080100342062, -2.162878958274338, -2.134921277597126, -2.9812124255479056, -2.3799807402827304, 1.8963309742199046, -0.6392631356040568, 0.4881838636010045, -2.2890611418817772, -2.776044970018681, 1.94657964455524, 2.1828935088956296, 2.3153596883581415, 0.7977153398528762, -0.129334944868444, 1.2049201683715067, -0.4840623636974829, 3.4934176062923763, -2.6341671515258946, -0.4304128021011251, 0.30928795172685253, -1.4220059989710152, -1.076771578385252, -3.0355622607552557, -0.486131575438064, -0.1275379997171654, 0.5743672085011892, -1.4875948910377355, 1.2469593375461696, 1.3972696258149913, 3.9794555185506666, 2.471416708013484, 1.6985609738604956, 0.25227865803304006, -0.8393719762796559, -1.548750772393088, 2.2200695271735222, -0.010243166189097153, -2.1092917880240303, -0.7499376619756392, -0.33864918722753323, 2.5851601835697156, -0.8301888892604963, 0.6572529894960799, -1.885241949744722, -0.36692954207039663, -1.7450409425067859, 1.611985724146611, 2.4784771236256624, -1.9455658771645412, 3.180356340882516, 3.4051225180500526, -2.758874641100745, 1.791000105481126]",0.8609125893347993
4,"[2.947481428174172, -1.6946345630442674, -2.114343868375555, 3.1462742461469886, 1.2303111842517875, -0.5117489839700762, -0.8414777116289096, -2.875851663927042, -0.7843468628972344, 2.9061163355213533, 1.4916724575753642, -3.0953606938010854, -1.633215440628357, -2.5768025710695985, -1.3329034769279118, 1.5485148851562514, -1.0976931055208148, 0.41345169745640464, -1.7365955042582666, -1.6218368233258742, 1.3336893148263063, 0.030479916859971423, 2.3308276096038423, 3.6226890046112548, 0.4872428988773698, 3.50640108825463, 0.23686938821621584, 3.8006093660326585, -2.5219092959967258, -0.524232336836846, 2.22074529669863, -2.029661933600786, 0.5112739090368431, -3.6164066511218906, 0.7698287866221944, 0.13250495425708037, -1.7435661993423581, 2.435940029722878, 1.2438993296466925, 2.7350502678881377, 3.099465453328208, 2.0560457429243657, -1.4513388612832039, -0.32433804271835975, -2.594554169231461, -1.297647727277541, 3.489062188583044, -2.2359102197799414, 0.545782387594942, -3.517449861599966, -2.480059431255883, 1.3629517949194025, -3.350550919677791, -0.028944586415321938, -2.1438956929375648, -2.2817808854617967, 1.5324190210540793, 1.950486842265247, 1.3829640603381292, -1.1553704876767485, 3.4383710299902592, 3.4336226649111565, -2.7562413191134025, 2.5097586404314414]",0.8613945578231292
4,"[2.2179744523763034, -1.586554472583303, -1.2233378954973855, 2.5098942606240984, -1.3972160211341964, -0.41133975846002224, -2.2566735535470013, -2.8296495730772637, 0.733152671575799, 3.866118898231464, 1.0387647012013512, -3.2567222798522493, -2.055321756418166, -2.1147205710588626, -3.5152773803418604, 2.139863946149617, -1.3168858694586811, 2.858066088242968, -0.7097058720645906, -3.6522468401348527, -0.5405385415958426, 1.0742796561882102, 1.3340598149488718, 0.6436165656704483, -1.4716456035273484, 0.6207159419611292, -1.7466432380515469, 1.760909867054883, -0.702340298228951, -1.6178732302303827, -0.05753079663030086, -0.5883662211896539, -0.10806671618796171, -1.9352370097820824, -0.5432084179301998, 0.5510896621708861, -1.3288020605922286, 1.5919906489768825, 2.547965838284803, 2.7714617640545045, 2.8227231524828036, 1.751494764636209, 0.2131486125370619, 1.5700473925350127, -2.178872636319715, -2.3513379702986557, 2.1476395539121054, -0.437004875535987, -2.4601380909517716, -2.618017877326946, -0.6633757870074142, 0.6279561708730496, 2.1021715052358534, -0.1226833248680762, -2.7597798543775918, -2.4526209802075476, -2.2331758959001835, 2.1266279489901923, 0.6584924171186327, -2.5052039022483314, 2.8838763953724067, 2.627164646868527, -2.4099598149179093, 3.4748267179443797]",0.8618307426597582
4,"[1.2840845718405502, -2.8182826570646085, 0.8288982922048375, 3.572021481001177, 1.1418221958081312, -0.6034848747846387, 2.1569816343621997, -1.9503059177472386, 1.1249962329021468, 2.8898002781589813, 1.664489496814308, -1.9442250028628432, -1.1639760217169308, -2.4106086418972383, -1.796720236100572, 1.4338517824506272, -1.6857746935055018, 2.176223535006547, 0.9417667374490453, -0.8205216207246253, 1.2085296199624378, 0.630409750010986, 3.2712927260212736, 1.7940667227392673, 2.146579153024588, 1.638239894277692, -2.2922327294620364, 3.370885726964786, -2.291631383790119, -2.5389259243222586, 2.2898063669581035, -0.7757761045020777, -1.9393358440338213, -1.6276196412598833, 1.7186765427012491, 0.9679546581054979, 1.3857676753488812, 1.9290940527209428, 1.0584328772272262, 2.2106588396252316, 2.8428205666026374, 1.4000080716515084, 0.7789136732976332, 2.669230267603685, -2.712367871287636, -2.594656877526881, 2.3758586483249915, -0.6334888457975503, 1.686422691875094, -1.7959091187244296, -0.8390388567359546, 2.3718335645926243, -3.425887117838946, -2.9634534268600907, -1.1339221672048747, -0.8791064352974859, -0.5251725298025431, 2.2090061903400633, 2.7835205011132924, -0.5427114667151451, 3.239691378221738, 1.7145365303509612, -1.841086359044965, 3.6819245262892]",0.8620689655172413
4,"[0.23522610735560257, -0.5390369983367009, -0.5244195396789613, 2.1864839406622685, 1.3141581652867131, 1.107336179308032, -0.6692481017715736, -2.7202251556708967, -0.16581797136678483, 3.0671014629113715, 0.13848370073083183, -1.5122348380377324, -2.1252854483819386, -1.6993714428751678, -2.808432240994844, 1.6908273085173224, 0.6092919431666386, 0.7350147804419281, -0.9249213073025049, -2.937991876350492, 2.054771845531958, 2.0188142555166486, 2.9585403129533465, 1.5757715766323324, 2.1705213568206143, 3.1067360099319052, -0.5479971668077441, 2.7916382118330323, -1.8765675648465454, -2.37598554005612, 2.8702319037502857, -1.5041416355965362, -1.9199407401030801, -0.3889392670903289, 1.8556633457016654, 2.535081142148178, -0.8159912774512655, -0.871885562450934, -0.6046834183606461, 1.9781212695903783, 2.9433105571866762, 2.0299960980260567, -0.3539731311005464, 2.8711287039206916, -0.9815003785614556, 0.013747597999101802, 3.738024506054429, -0.9385727622611659, 1.5755232953184723, -1.925605062434043, -2.499207949440709, 0.6489758395120431, -2.2948885719906476, -2.8243888166567714, -2.7759684684798005, -0.20585044660811258, 0.25074734128652254, 1.725846718557226, 2.6385904642561147, -1.011738299148178, 2.4258261582588636, 2.4199460583440278, -2.5459420410273443, 2.194754279023883]",0.8637803590285111
4,"[2.618766473939415, -2.3897434007355014, 0.8575957279496982, 3.1574018245219513, 2.1717538672001275, 0.4665244939196972, 0.8294698638817448, -0.4879664048098833, 0.9496581847506361, 3.5473728931899364, 1.4323947802051877, -0.1566414320119025, -2.2931390277084085, -3.0314566634878317, -0.7021732831187759, 0.9964447467047344, -3.225991164808879, 1.7083826972992553, -1.8534260914373957, -2.3676460501828513, 1.9120842098715378, 1.8951349095660683, 3.115710539230177, 1.1788708114764885, 2.0190543604133557, 2.5060059578600242, 1.46763042140062, 2.35857831302999, -2.7890661670079164, -2.45848118783651, 2.962996705232983, -2.2232494290928133, -1.9233153258751252, -3.5542342197289187, 0.7573169540393017, 2.232716114493885, 1.163897180915142, -0.41215669256968507, -0.30426698400806657, 2.6462205497299847, 1.6798375735336637, 1.5272875743558774, -1.276414787341199, 2.844193768258701, -1.4894632127894818, -1.3396944415754808, 0.7567935294201376, -0.3807797546020642, -2.4812645126443202, -2.430581771792163, -1.1949646048739986, 1.974609014958761, -2.474551494934525, -1.0759022559291473, -2.812927543167989, -2.563159558707728, -2.0375188685793533, 2.129621660423903, 1.2676040180123178, -3.421121857125134, 2.4152157920222246, 3.476146565191918, -2.216085738262876, 2.98599853890886]",0.8639942734430923
4,"[2.6931742498453413, -1.430840447549981, 0.2927237118146843, 2.1887381775157353, 1.7779238619103255, -1.8065799063415606, -1.4310323446617659, -2.74752993067494, 0.6322233891222881, 3.329398125698187, 1.4516773157817917, -1.755014407459843, -1.8018168762024869, -2.913809826124551, -1.5086248395770643, 2.1524661065974793, -2.535184600067317, 1.9054712001565322, -1.3581393801239734, -1.4300015960052856, -0.020519628542072704, 1.7531402862244967, 3.2420532324710476, 1.972038392322545, 2.0255641834830116, 1.593026859067419, -0.646643454862622, 3.2640158865554176, -1.1681079558544676, -3.2000850566726484, 1.2864056936825685, -1.344218579866192, -2.1554859600100182, -3.261329641374786, 2.4003601376118953, 2.3607716429944317, -1.7015749083578202, 2.322639116384716, 1.8027119215796632, 1.7193482990094553, 0.6909659343506265, 2.0289330919902517, -0.612651835697715, 2.8537351319407604, -2.6004124322618716, -0.13395562832933194, 3.705822165253495, -0.8748009641360749, 3.2691398918887122, -0.2852542321484186, -2.212848662593616, 2.018601741837324, -3.4070811454789878, -1.6127534552890113, -0.7181018647311834, -1.4316939799202668, 2.468582165103754, 2.0608443915991983, 2.363196873026287, 0.34285704187355925, 3.8535975593042715, 2.554015009824647, -2.2600316779218232, 2.8769016681095416]",0.8642857142857143
4,"[1.2093290824576337, -1.5184206228558832, -1.3080811592362047, 2.170851781398242, 0.18286107708030092, 1.2520969940288897, -0.308284084712218, -2.108066696740763, 1.282568663617877, 3.4315522545760055, 0.0592231971526862, -1.6949066674228412, 0.13005911927340308, -2.9248565469717205, -2.824408980950509, 2.4004404925333778, -1.6115433473955045, 3.372787679011382, -1.805950693425398, -3.1665436907438846, 2.407724658735022, -0.07745988520443303, 2.596084409541892, 0.3420004656596669, 1.9581006955200888, 1.0934990538365807, -1.705451143068538, 3.8437284172196726, -1.921035227248562, -3.3048598778030853, 3.448372406353379, -2.3120067645632862, -0.14192832399054034, -1.5143390510248134, 0.906846429331575, 1.653326549546289, -0.5205783155788537, -0.6126186900567431, -0.6138881593962802, 2.238898762387972, 1.963397963532517, 1.7368395343117558, -2.2689018516329247, 1.2264409190266283, -1.560680401349889, 1.3067247763921213, 3.179815482459781, 0.3561785720182674, 1.2455556123316895, -2.471347460473792, -1.92097174854959, 1.794757491808864, -2.3208245872243753, -2.939362664598678, -3.414241101638249, -0.5005743078624064, -0.07123402850454696, 2.2850583340338835, 1.7076252228714934, -2.5972207738764554, 3.888193662618201, 3.4322926362739845, -2.2954258958865497, 3.510779430550766]",0.8644610458911419
4,"[2.4587790438780193, -3.0057598025311973, -1.0494618656992691, 0.7965202508614375, 1.9490292162269218, -0.5654692394988714, 1.2824366581603102, -2.891491177375009, -0.9968830498873458, 3.5011205681045894, 0.14913415887824666, -1.6595110933166053, -0.5153588784730547, -0.555214839830259, -1.4653293549263648, 1.4501259963936568, -2.2638680327085536, -0.49977424339189436, -1.5900307259052942, -2.870761802136604, 1.3360432636810218, 0.1705858765309216, 3.22320940764676, 0.6904498686316878, 2.2476448682308523, 3.507289410418565, -1.3758643751038755, 3.2441878848558763, -2.779039552201484, -3.168887321872579, 3.3450359153643756, -0.6876538078827783, -1.9415956247236528, -1.6454522492545807, 0.5225731593626355, -0.9028240276515415, -1.6499271187151814, 0.40536242472365724, -1.3570343669616773, 1.5617233549475724, 3.6807762413068676, 1.9628901715836844, -0.5607911300965692, 2.7197842492597974, -2.714516918965964, -0.4163663082742797, 3.337646144741013, -1.7650873634894821, -0.033974720404428504, -0.20194623100993891, -2.49021045616169, 1.2607524740737768, -3.375416609673876, -0.5206750532239821, -0.8607312056412275, -0.9830811537360019, 1.4291745138434266, 2.23340907673875, 1.720655165603759, -2.228299153609871, 3.2378827284428913, 2.956150730466073, -2.2478663466232613, 3.1502524209537643]",0.8647932131495228
4,"[1.9380135373524412, -0.7345701987324955, -0.5411341446769784, 2.5816025665526383, -0.1219381673907427, -0.39137560736719196, -1.238601838093763, -3.3132921758451213, -0.2480537449396237, 3.775861650133302, 2.123769771758952, -1.4284262755699348, -0.6967211835588922, -1.4797031153987446, -1.848465540893529, 0.454312698552233, -1.5602397145267028, 1.1812787462370935, -1.9174612038784762, -3.4281014848074056, 0.08004007227104104, 1.3754931209981875, 3.87135027584463, 1.5727443170352051, 1.8492120148592774, 3.472098434216663, -2.564745010491097, 3.2932432905548494, -2.7928308069597074, -1.628363548948565, 2.2767659199507406, -0.8548398067036107, -1.0860318767468014, -3.872062904552392, 2.053093830248816, -0.15846177583746346, -1.6488190850819706, 0.9591446573904572, 0.9243856143099167, 2.6271140101295534, 2.9415231476238017, 0.9041273788497792, -1.9332218698138135, 2.0599331954995677, -0.17032990751330623, -2.4354475050863753, 3.5056147265112365, 0.11819719482241509, 0.8212205947021947, -1.8235017322506502, -1.7997754805071762, 1.8186291167062438, -3.39601714292929, -1.2267516982873745, -3.880360068832789, -1.418963739608941, 1.2537719303014572, 1.8670830240208756, 0.29187771577495614, -3.331780340183657, 3.8784637127156807, 3.0140429557586432, -2.732405722437353, 3.453458602072823]",0.8661971830985915
4,"[2.8432357354128808, -0.8343002886275485, -1.5107206162613327, 2.858418032354467, 0.7091176370942924, -2.7720939168219383, -2.1804339640412103, -1.4909177617567395, 1.0547810917937104, 3.7354260795259746, 1.492781824511243, -3.0507078114552435, -2.264798355397247, -0.7370919375760695, -3.1943898903375167, -0.035180429505441424, -3.1696587081369723, 1.7469718809437926, -1.6452592461815887, -3.682501046542324, -0.26211696779899446, 2.4737489344249557, 1.491397671550633, 0.005821309414625775, 0.016249665559198823, 1.5668656058129806, -0.3699733802199475, 2.6726523053296964, -2.1565453078791776, -2.3811430054287057, 1.0241954668014508, -0.4752421530073425, 0.26084500617863904, -1.1498600158317753, -0.08880244254790892, 1.9617808886205228, 0.26395484760702775, 1.9089278519592208, 2.3344034034019723, 2.2037907809683204, 4.132080516622146, 1.285453844099343, 1.1562709547071492, 2.5593205721873815, -1.4779772606402288, -0.907786436841063, 1.672487779414273, -0.4726941126220353, -2.9572375329915195, -1.8140044931624817, -1.7942186331770458, 1.3538526275715907, 0.7101104184075124, 0.17321789108160973, -0.7339099951114263, -2.0134776497752154, -1.1994906009760986, 1.751991292330656, 0.26150690944341415, -1.8985023553062759, 2.0249803952936043, 3.4830033918114562, -2.454792248591205, 3.4149830218325836]",0.8667035398230089
4,"[2.826948599935854, -1.7100946245991406, -0.6336052615210929, 3.007430947223318, -0.023866943615565572, 1.182823798180396, -2.343343310350054, -3.107914245877713, 1.2369592436254186, 1.3794148610321142, 0.3953036896060087, -3.285180335351637, -0.111129847831414, -1.3939475524059732, -1.2194018319424265, 1.3666144459299305, -3.8262273665750874, 0.758484050644479, 0.6503260926169685, -2.425907936516425, 0.20083510939967275, 0.7162453785402219, 2.875372174982486, 0.2070211026093678, 1.6429451608036585, 1.7703969908342025, -0.005502445557184488, 2.3233097982881548, -1.4305636397433394, -3.3397934310459507, -0.48986338981609046, -2.4661235688051226, 0.8366988964715263, -1.3804752307222303, -0.6539667694502739, -0.34394693085855066, 0.2697577611303104, 1.2372182324362595, 2.031687665828203, 2.2318130835138823, 2.6314109936151184, 1.318074649332556, -2.2772082305998294, 2.6569626136899247, -2.554194239800661, -2.332870184666305, 3.7144877772177405, 1.2432127131181485, -1.030558935195479, -1.3759672854146727, 0.25042204250105526, 0.6625408808804766, -1.4841873257210854, 1.5331295907315883, -2.3245249943436654, -2.3200453123998193, -1.2575230233716987, 2.034956480024998, -0.4068352218894127, -0.8787255859132949, 3.831261090929329, 3.1929152403781362, -2.712302179989723, 3.484566248253244]",0.8668478260869565
4,"[1.1831474419790844, -1.9312506627501052, 1.6916785710405928, 3.5720948088097164, 2.421636919874943, 0.5439667188044496, 0.1559124004655372, -3.2707552235669803, -1.3952950593481983, 3.90374356689073, 1.7146078679049832, -2.3174010124883115, -1.3178650124775846, -1.976548805177646, -3.2517271802800836, 1.6850171226398225, -2.1723738433733115, -0.4974995507693647, -0.7329947694598682, -3.0000640802800103, -1.6450229060879753, 2.21309850962654, 3.789725085441568, 2.925407294551066, 1.4637355826101262, 2.184424844375219, 0.8430968560180401, 3.765702526701741, -2.2342265003917765, -3.2650464684205875, 1.9726861750901818, -1.6362392810048554, -1.9769352534579925, -3.721844565217808, 2.118292985824268, -1.6098477148769963, -1.7508308149943939, 2.0259930169134046, 2.6623034708616036, 2.19525653799538, 1.4526004466824376, 1.0350487703480973, 0.2016690801146872, 0.6711523634794934, -1.2509362860040554, -1.7667052715907876, 3.3780312697967325, -2.2288721084483267, -0.4271056317473231, -2.7439639736304344, -1.8975845153697621, 2.612831995428213, -2.8245151294037534, -2.279016193829884, -3.116808375719936, -2.570957137570554, 1.5869976415378146, 1.974076078442656, 2.2076195687686635, -1.2595618661939187, 2.4332314792277536, 1.9323789568129395, -1.476999510061936, 3.642361799636465]",0.8673700075357951
4,"[2.764013681332724, -2.781655463302633, 0.10832980025316719, 3.0280428064035876, 2.2016699071515067, -0.44306888691113033, -0.06005948692294416, -3.3122188034644164, 0.11767512033318396, 3.7169826229307144, 1.5668049586372372, -0.6371700008067589, -1.959368233943118, -0.9276040191609125, -1.800669756433125, 1.9279607648113228, -0.34094252242100875, 3.4804949703243593, -0.47872063882906457, -2.538921280133435, -0.4105141585727347, 2.213782992535364, 3.6282896036735006, 0.6016797369557134, 1.6856414769121582, 3.496259027462892, -2.4210614267481763, 3.840597120490258, -1.9717829453618236, -3.3398690788074687, 2.7293941845467966, -2.459650419986249, -1.1327377394784186, -1.6466490962363174, 2.0253777785061193, 1.6882464445777523, -0.05905106810413169, -0.41767964862013274, -0.15956417124841182, 2.2085827832776594, 3.0621260594480813, 2.313288502443554, 0.22386122396991948, 1.971895160114956, -1.9299709896969661, -0.5357384190489543, 2.198254514230443, -1.261273566324646, -0.45005042204240675, -2.584868028066399, -2.83974594377513, 1.329862975021007, -3.2794322348221407, -2.772476499795134, -1.1520540102503545, 0.14307216107328724, 0.0021132989657945966, 1.8968105926964838, 3.3633662652109964, -1.5613058838779565, 2.0859956216409, 3.5374699299640344, -2.748768361325919, 2.8787208299412623]",0.8684794672586016
4,"[1.777441262464046, -3.0135505875022512, -0.503064348458354, 3.3687297624646884, 1.6974371191233268, 1.1924949633486372, -0.5534857119647301, -1.5667457713487658, 0.1352150702743011, 3.142453009882094, 0.7159540881514953, -2.923190043516538, -1.8734922628605348, -3.032494932931615, -3.5116284246845066, 2.3915458312391507, -2.6511814198133634, 3.0096436800713104, 0.01254650445426364, -2.442709148164983, 0.8254207214411952, 0.6124066787293779, 2.4961211809651083, 1.2226015355190103, 1.2797775022749889, 3.3776243786759665, 0.7852088187801659, 3.8094066052842273, -2.273234135471371, -2.751135918303615, 0.7619271131107324, -2.400759861101452, -0.22191575729152824, -1.4181450700657696, 0.03880962961327672, 1.0314651015703453, -1.6365848257503546, 1.3375738432688289, -1.009861304778558, 1.1258104648600042, 3.5011010049835356, 0.8382601130013732, -2.3777087891593, 2.085196279473573, -1.9112259150469995, -2.2604436099609133, 3.7232972848440706, -2.1888051249040794, -2.0404438614974034, -1.2865278894862715, -1.642704758733676, 2.604705114134275, -3.4153506499430097, -2.0611985563625854, 0.6682612119679034, -1.5984034427443043, -0.7674136451896527, 1.798632940012427, 1.8116869767258623, -1.135468404546228, 3.4613061803224228, 3.537706983032085, -2.725403819937753, 2.0969136021624113]",0.8687454677302393
4,"[2.5419337418098364, -0.8084292659848877, -0.5814892540078149, 1.1616716620844212, 2.489763721452621, 0.2839599630770184, 2.0598118142228348, -0.6995183699283314, 1.1706302772006085, 1.6574247160173305, 2.0201005728886323, -0.9219735405192948, -1.6877695294488175, -2.370624056384025, -1.8854221300912035, 1.9766755317963796, -0.14045147826821114, 1.7181317460693282, -0.17796107443628573, -2.745981283541934, -0.305471520973545, 1.0144046057725573, 3.6937083779343287, 1.1018199804462294, 1.025901246012202, 3.052545321249275, 0.1862638928945778, 3.075152214341361, -0.8922502010360178, -1.8041425219911513, 2.4323312327556015, -1.3522985350679047, -1.3834847116768847, -1.0744048012296612, 2.5174380442579545, 0.8666544299927584, -0.9544245273051045, 0.04807692794865315, -2.0173431482984054, 2.1347293862986803, 3.3589679781441166, 0.36780240236296025, -2.5702908986996866, -0.1113979823876119, -2.242978848226006, -0.34902442541084655, 2.0645480692718503, 0.6943519462421738, -1.8235980484371774, 0.2813892805438569, -1.6712542828681123, 1.2604033379843413, -2.5989587510445, -1.9514997066007131, -1.6013804011302195, -1.4601981122540866, -1.2004498266092059, 1.7481986994683028, 3.3894657568434274, -2.129787924882724, 2.09800010105207, 3.180359305141283, -2.5764397474051197, 1.975924967720535]",0.8688524590163934
4,"[2.8125624493658883, -1.576521881638239, -0.8365306849364316, 2.831042288100389, -0.9107771146461369, -0.9841017045214285, -2.484234888845694, -2.999828534193495, -0.473112957847336, 3.7715447645738953, 2.138509718246653, -3.3880382082693363, -1.840308418713212, -1.7427142095660428, -3.318370597019199, 1.8408586911554818, -2.223753124084683, 1.8455918924543924, -0.6511256760379256, -3.661697092444769, -0.24253876195763913, 2.0972957633720855, 2.050586955526737, 1.4833130366975342, -0.15462283989424352, 2.2352421741912503, -0.5287397848401436, 2.463110497500989, -2.438653124309022, -3.3194381842045497, 0.3381990229779861, -1.454989825519281, -0.4088015453915711, -2.145290141032155, -1.1448329019593206, 0.16327928900309419, -0.6364593970340674, 0.718360660952696, 2.6415235581582737, 2.014490741200004, 4.283869166375534, 1.8841740827204536, 0.36487018994750997, 2.2031267427058188, -1.8356193902891134, -1.6281702867149432, 3.396774040036612, -1.87868355805952, -2.0820537820151603, -1.3887246775728377, -1.6079604141328805, 1.8271023804381716, -0.620185154109665, 1.0053488018772119, -2.375492789025894, -2.529625672680267, -1.1257003248216932, 1.789327721867596, 0.9987202153081634, -0.44957402796744605, 3.6705956975834066, 3.5130039632641865, -2.5284453885961438, 3.02051424854672]",0.8688811188811189
4,"[1.9268899293340158, -1.7092451381353002, -1.0275856748281158, 2.7849554828077787, 0.3508850464296226, -1.8271461998558087, 1.3420211476042994, -2.1839656636439453, 0.24981587635722907, 3.8635599242724528, 0.945173357349921, -1.1051047815521335, -2.158594872096621, -2.9164361323593013, -1.7591586711770097, 1.2089474948152819, -0.1947097982064916, 2.8842915074874647, 0.5442369892129748, -3.7337104721290224, -0.7002200613915932, 1.2164364181459497, 3.9323802982250062, 1.150404013990014, -1.0414473025138986, 3.4123544272790394, 0.917275610218892, 2.4894961260303745, -0.4176137111071334, -2.631449048268733, 2.485105910470498, -1.3313636102944484, -0.855704651009403, 0.7700218056713555, 2.4589170349970546, -1.3615988170312492, -1.7065535009459212, -0.4655495376114215, 1.3984550251336105, 1.496901672838004, 2.1059298204103714, 2.4595835467774716, -0.014857119069391744, 2.47261445595215, -2.1923141390065757, -0.027971561634134723, 1.140300762755722, 0.10915699909698048, 1.8093824193350394, -1.1130039213225253, -2.3819337964397915, 2.0743423116321065, -3.0111233398345396, -2.1265054270991675, -0.21686288585009872, -2.3238767793841655, 1.195985600438468, 2.076930489872174, 3.348102048682291, -1.45132715924483, 3.7644809676361546, 2.811599444604663, -2.475380739518099, 1.5208963157359128]",0.8689138576779026
4,"[1.8359025664478288, -1.2631040955011332, 1.86364368265767, 1.8598481415206765, -1.7773199278892509, -1.4567918063571885, -2.6102881062084085, -3.150263573033344, -1.1745621295486333, 3.0638462570072713, 1.906836695963104, -1.8594251774079131, -2.124389887287225, -0.3492326426578545, -3.316137591352134, 2.4034246536635537, -3.499123060778955, 2.6245187381271595, -1.2356880170200286, -3.6775156522534576, 1.4304557187291902, 2.4443249710966, 1.6449361562000009, -0.40682309014966833, 1.9735754913459995, 2.0581947727799803, -1.9089349722139237, 1.869250002177628, -2.409021439611249, -2.8194340621959366, -0.2907237693900797, -1.2721902809121937, 0.8036271738890823, -1.2175483111924004, 1.014365405251388, -0.2597800168088452, -1.4205600040700859, 2.092026120046795, 1.7644501388983695, 2.7852302951083447, 3.986630268413022, 1.402929248230365, 0.8639889936550591, 2.809370399072554, 0.49588336261179444, -1.419982843361854, 2.8203178142262457, -1.6066172557544853, -0.6798670925855026, -0.9714394906552443, -2.391010464797818, -2.144192608125705, -0.5226368131546137, 1.3328170265052695, -1.498436482854708, -1.4777054094980056, -1.8983970469262208, 1.4534512844614378, 1.0309978498910597, -1.4094246215931583, 3.1087857718238463, 2.101565956260005, -2.7284444487582538, 1.1186568133380166]",0.8707446808510638
4,"[1.3398210899281133, -1.6146471551167059, -1.7017925808186354, 2.931991648760867, 0.8709092326778739, -1.619746332895641, -0.4285354516074631, -0.610486906907957, -1.345563900934576, 3.8775295358634407, 1.4461446177532138, -1.7882967793461215, -1.6985625541716447, -1.248454869910101, -2.9972556257522354, 2.360766857067272, -0.21912821003167693, 0.8424904758715801, -2.6799228434696345, -1.9111840524814308, -0.5843047232544554, 1.9417163544542186, 2.86488975296004, 1.3542907348867632, 2.1542701107971745, 3.5080715220304794, -1.0771463941813173, 3.5611232052754995, -1.1523900935713982, -3.0728421088090454, 2.636633823890297, -1.7183257050668326, -2.211959481968296, -1.6369893994264648, 2.263512706005679, 2.0238580196625566, 0.9816965367739456, 2.9349240569050377, 0.6844112085325089, 2.770654338251853, 1.025614605670743, 2.6256605880149353, -1.017518941625694, 0.7354074898485756, -2.0117850683521534, -0.2472140117976731, 1.8139244544662692, -0.46144465709871973, -0.6152159420902515, -0.5255637884293081, -1.9228616970481465, 2.4347280344435136, -2.7279611744001366, -2.2016063801257224, -2.4333196056561857, -2.5696046344079138, 1.3620197758478159, 1.4198752547107598, 3.3981076248631665, -2.594713326234066, 3.451281366123106, 1.8765885108927995, -2.342880812558865, 3.5573220634475944]",0.8708264915161467
4,"[2.390321458961187, -1.371407567807462, 1.547126809310888, 1.815199321505749, 2.247730360110054, 0.46178932680654255, -1.5178175259114455, -3.0008994876532764, -1.0558242327755767, 2.7302739428629437, 1.1393228361586334, -0.9139940255732983, -0.9559516463216889, -2.971590945464186, -3.2160310847893374, 1.5228419954669108, -3.0144416902158193, 0.7316329737775848, -2.036469375329682, -3.5580933745321115, 0.001918514187804976, 1.891490017462587, 3.7564353260836563, 2.3004360354178424, 1.3697738593330335, 2.627796676845579, -0.8442705050463817, 3.844859053320681, -2.6866809203724977, -2.1660582564951527, 1.9318873949143363, -1.2090624458715966, 0.5390011650423825, -0.7850731855285884, 1.6711888285680905, 2.534374751656126, -0.48247366546593384, -1.1415824983342908, -0.7244407458538914, 2.224457300618286, 3.1588228116000936, 1.4032915034959546, -2.5243122907907942, 1.7754745495560478, -1.6581861629840557, -0.9525921584142802, 1.977346511403053, 0.9104343137693955, -1.9658156729327056, -3.1717656377157217, -2.017867366255258, 2.518065497909786, -3.43279834530185, -2.494179157085598, -1.9393468208613789, -0.6690134157805454, 1.2294247585736375, 1.816768729488074, 2.387699989820241, -0.5998196527739514, 3.6907040886026006, 2.4055662473244808, -2.5276859168519086, 2.2469140396083818]",0.871281773931855
4,"[2.9077551586017583, -1.8552264854357183, -0.30639993445752506, 3.1795519722551178, 0.8623402663932962, 0.9835029782517875, 0.6027387897095454, -1.9546602169688028, -2.529175841089208, 3.744824819842271, 1.6002304937168346, -1.069958988300426, -1.5725909480491749, -3.032299309958172, -3.51055281699632, 2.3399978563440005, -0.9597302459906939, 1.6086376446293764, -2.715026583801638, -3.321669323669015, 1.9410165154588153, 1.6283744627685741, 2.4711863483635055, 1.9512262605192985, 1.945200084397257, 2.0039824842570186, -0.6073558276514857, 2.824963441487677, -2.7802107177689583, -2.540313252059719, 2.2774475520369135, -2.079305959385296, -1.184582636217941, -0.9636280203593361, 1.146295142100183, 1.0156359842327343, -0.8897062946438776, -0.5532530576680406, -0.5217344909056462, 1.5663171913301792, 1.0345318298458872, 0.8990769184010308, -1.1824863952138855, 2.221512914295309, -1.5278667361545768, -2.8284703014828163, 2.754211065154932, 0.382439580732689, 0.31783915402523966, -2.9748918026731044, -2.7913140872534905, 1.4364542495421022, -2.6264178572546077, -2.378110937983496, -0.846256149112691, -0.33203299223345484, 1.9136269843415996, 1.9354914453545824, 2.045622932892075, -0.4087902947475708, 3.1026455985455232, 2.5957039815824756, -2.1638435381126992, 1.4248659612851717]",0.8713574982231699
4,"[-0.4436741379295861, -1.0140436181312236, 2.4357229067117787, 3.571980540423996, 0.5872738688811275, 0.7263336000176681, 0.13513424792296297, -2.547378147516588, -0.356763375556577, 1.7493532650323393, 0.48251796330794594, -0.39333505012934356, -2.294020877970177, -3.0283645837374684, -2.73482738613474, 1.533959331029544, -1.3206918106431478, 1.2180359470093831, -1.6775866365392584, -1.6891520004713625, 2.418435259834458, 2.4286709851613604, 2.325075547820448, -0.9480520991704449, 2.246466691356058, 2.1200508814463808, 0.8039105637893972, 2.6800610546304164, -1.8475604553307714, -2.479788003081338, 2.8028074571156125, -0.4488886745917169, -1.0126398760051945, -1.7540210352885344, 1.212111644334306, 0.8934405935511498, -1.014250920639149, 0.3995930073710483, 0.38319906234963236, 2.0022226539953625, 4.283935203364517, 0.9752207776059303, -0.479086098555477, -0.6398162031251435, -2.0299576022105597, -2.067104199426237, 2.2597879531284697, -1.3210719842622718, 0.9294984954762643, -1.1707571251984814, -2.0078032518965268, 0.14228992799527118, -1.9588783017364664, -2.6522445689810423, -0.4539796013526267, -1.6790822165157941, 0.5107186502126114, 1.8022454487505204, 1.956363904921528, -3.451446344272498, 2.678931868577582, 3.079259199915808, -1.9630743340639507, 2.672575603068376]",0.8714828897338402
4,"[1.5729759761792812, -1.1927122169167514, 1.1814739452052365, 2.443303653940049, 0.974059396710711, 2.2354132999748306, 2.302696980009189, -3.3136514879320877, 1.0834071736350368, 3.276274363086179, -0.3170752344846488, -0.5853434960635842, -0.9658183261780593, -2.7568348616545473, -2.8079771196965315, 1.7523331598533358, -3.2275100181349776, 3.476398662082121, -1.603268222708602, -2.5755956171025556, 1.7692137614124492, 0.3803981875036697, 2.9759030995569264, 2.715436179286577, 2.2434765186920695, 2.9155251930493145, -1.5873445747254036, 3.7734301991606896, -2.711753687691306, -2.6459754547342453, 3.0266178525771648, -2.146666915388557, 0.2919815268320114, -2.1215821205878482, 2.304509068839722, -0.21245551500854631, -0.06852188365487773, 0.14550327909419114, 0.33174774980714894, 2.3566006502967993, 4.237421149083089, -0.512795623109348, -2.558129808568616, 2.7459810381702785, -2.0112808008230014, -1.3818613297660316, 3.1500528755230337, -2.2359267347484315, 0.3511910903154207, -1.8830325654796853, -2.8513483454249915, 1.5825394018389543, -2.8612214315605975, -1.1532816598527145, -3.7366597161926864, -0.12990698931111622, -1.1566228293808152, 2.1617174245910165, 0.26449818536418856, -1.3431999643429564, 3.3991760044643726, 1.4758448781723392, -2.6908795152577873, 2.886537179147048]",0.8716148445336008
4,"[2.3022322015765604, -0.5353321923274967, -1.1665748124382689, 3.2997070412233067, -0.10766523281571994, -0.017819222848717176, -0.4202941666546097, -2.266561709613773, -0.8080396555368297, 2.937293516165461, 1.3800386605348047, -1.805464042166589, -1.449297037480835, -1.5552795026241018, -3.226465640539019, 1.042890218877022, -1.105143822330557, 3.4000514342645825, 0.182903384054582, -3.7363841966144733, 0.6167396392254765, 2.0550443456038603, 3.824886637607073, 1.5274154789247971, 1.5231856985074084, 2.423099342048724, 1.9498363464786064, 3.852830683414111, -2.6326753871501123, -3.254851988328933, 0.6722641911559868, -1.119150191973695, -0.14253519784221613, -2.2895241118850174, 1.8942658642623804, 0.4745243118663776, -1.317072281330942, -1.183122694815196, 0.1863309151489983, 1.2826663803863205, 2.881576299991451, 0.9734457426286731, -1.8699487353940603, 2.5902913850451252, -2.576177830110128, -2.0076525487570334, 2.635194373762655, 0.20872904255982883, -1.0852256757396115, -1.8665829649942969, -1.4165707322044188, 0.9386923496959856, -2.119500956228223, -1.1860343646604825, -2.3886217659882454, -1.0473878905396021, 1.3591391979625034, 2.2150019764260205, 3.288561019868858, -0.8248207767004014, 3.7444622751549455, 2.784418666248677, -1.5443740543391282, 1.1704341670102092]",0.8717004297114794
4,"[2.0354334279927673, 0.7339739726254118, 0.35134851350778795, 3.244389109218715, 1.8746078018644707, 0.25756504555817056, 0.8607980202045857, -1.8580939614911387, 0.5240543916015781, 3.758872590701031, 1.4839464661879305, -1.3053597644826833, -1.1869012574120086, -2.0802190851552123, -1.235328029286823, 2.0824103643917518, -0.40056475429178695, 2.8118861216334254, -0.3502142496895353, -2.113194472051994, 0.21098198833902237, 1.9940000782135885, 2.4217915059425175, 0.8876899145622816, 2.2252682112790967, 3.251685173671412, -2.790766743769236, 2.491441532948207, -2.7726178954771172, -3.078643046484374, 3.6123664062066236, -2.38094939730823, -1.266489904175272, -3.013260393616392, 1.199995374607497, 1.116662630675719, 1.5711360364375138, 0.3559330147549089, -1.8314180265334614, 2.112598242804462, 2.6106948168322575, 2.0643155884715716, -1.4113066825890166, 1.8935421130834609, -1.6801866195774338, -1.1541569379939196, 3.722922712468327, -0.6466489893523947, 0.5042953379656508, -2.5995557369073508, -1.9397148396288806, 2.2847951381511957, -3.41763861166759, -2.440267472441774, -2.011588638118897, 0.7206286000035564, -0.11660105572929202, 2.0094660492519303, 3.294914176948734, -1.4869781608027446, 3.2254848873513047, 2.667946378127734, -2.646759033277506, 3.127963239545386]",0.8721244925575101
4,"[2.901463996432941, 0.07428049695131556, -0.6394602617508934, 2.4348304107103544, 1.3339166480814775, 1.1719016736324437, 1.2364931973790907, -2.8049434502647603, 0.026497627742499946, 3.5963269287738155, 0.9078674597646277, -0.9508645236209248, -2.2896829174225743, -3.0298164539390404, -2.1072020452381133, 2.3484021648841065, -1.379648260650225, -0.19336186186168636, -0.01511320945847694, -3.12257599780292, 1.9528068051256469, 1.6820227311421883, 2.5570590513270677, 2.9784569760808846, 1.31251294921055, 1.9402363508397897, -0.4836406905976558, 3.0988366219278793, -2.7839311438360754, -1.8430114156218567, 3.5737172071894827, -0.5403567935298578, 0.43532208552442797, -2.5810191508504965, 1.2288272288261006, -0.5181277966063075, 0.9690317641223495, -1.4618361704511094, 0.90393378466881, 2.4986506732602054, 1.670478510554134, 1.5977327319613932, -0.214558560347619, 1.1958875662064719, -2.7153698604513647, 0.9942050284541115, 3.6554987629393043, -0.6799199803076625, -0.3265697951961062, -1.9776598335334927, -2.732942506796037, 2.4372462467422245, -3.292465017885673, -0.723365743172683, -2.6098689738867975, -2.12096438402341, 1.0673466049934353, 1.6669935797299986, 2.9648175937831116, -0.7326690475243207, 3.864058751388817, 1.8163570118311987, -2.758642872310168, 1.6657648770868396]",0.8722669735327964
4,"[1.9210308091228576, -0.486405614134622, -2.6253452461678615, 1.121584259471161, -2.824772262923134, 0.14537855197096883, -1.5156404409108253, -1.5507187610024624, -1.6999537880312854, 2.2727263095830343, 1.2649199794913324, -2.584975053463051, 1.5396581030290992, 2.8067609697549325, -2.298587938945503, 0.6733534571325781, -0.225866147265807, 2.2112712392571705, 1.8123668948635439, -2.125440436724929, -2.0035608159690805, 1.8115357244879589, 1.3283447318831731, 1.8173262845578764, -0.1047422786680654, 2.117217591571636, -0.6880106129963, 0.8367901226002126, -1.8277294703683995, -3.2868283766147837, 3.2736473100120556, -1.942530845556518, -1.944824166817899, -1.4208050104936876, -1.6437096971480474, 0.8617961026805148, -1.1909871927327886, 1.1063973411223176, 1.7968867777391844, 1.9301728351872294, 3.9365989471368135, 0.11287243708219119, -0.33378167645007817, -0.10354481694769202, -1.096087148924139, -2.0884123782301716, 0.8737148804175204, -1.3959562173288433, -2.311860530900862, -1.7493981710203461, 0.26197538322376346, 2.330853236239512, -2.4390546679194416, -2.3743350035923627, -3.924800098975936, -1.6899122382997303, -0.5315165697342841, 2.2740462700353667, 0.983912885233612, -1.3903951231994467, 1.758353263937345, 2.5821516042513473, -1.6190163034664113, 3.660099021446399]",0.8723404255319149
4,"[2.9402182439011217, -1.143128278149376, -0.4953965254318391, 3.1814425298676214, -2.3539599789917993, -2.0916214451717634, -2.172946026420968, -1.4835615099731667, -1.3080342200764872, 3.7647431582859534, 1.5731654366923233, -2.27553682008537, -1.2882579200362596, -2.335182161704987, -2.6683412066273116, 2.397693145071544, -2.2425649271384076, 3.496399673035459, 1.2149525901159692, -3.155762578348309, -0.9046846020136217, 1.2419555237913171, 1.1369922683002414, 0.7878724327826805, 1.6321181505382274, 1.9177800176546898, -0.201763172553737, 3.0078869896569396, -2.79331088953917, -2.372491584831677, -0.31619369862816693, -1.5415317179139731, -1.333061656346488, -2.9150311477982385, -1.2003035368042412, 1.8902108992719144, 0.3030672454109926, 1.5183512525842642, 2.64726779092141, 2.694576759823312, 3.6275498930836876, 1.3722793581525088, -0.7197795561279319, 2.4224685922814126, -1.8647423889870203, -0.45743400363012254, 3.395977953573909, -1.0579453948549888, -1.898991472970844, -2.9602984604413045, -1.4508938940804776, 1.3461477523161018, -1.2667971643634428, 1.6081055795973547, -0.4291795245921335, -1.6347866054342557, -0.9322942012443222, 2.1527441904621982, -0.5761987214680144, 0.6015295564679608, 2.70150221378115, 3.0311862817988495, -2.380336431362926, 3.466668721127087]",0.8726003490401396
4,"[-0.5073982307681042, -1.3377400362767096, -2.4990530489889613, 0.7296751761372073, -1.9193080314455, 0.8351919793919373, -2.0847617636048716, -2.5135196916956786, 0.011627674084536466, 2.765260651802536, 1.6086758519525544, -3.065095514898431, -0.8211359487218007, 3.0824009024936543, -3.0519794178949358, 0.9094254563041126, -1.3630757913575842, 1.710780034425391, 2.297778113804684, -3.54507697431541, -2.8757512587097485, 1.2553865635726462, 1.2423312169529641, 2.9651329033192546, 0.9185440450504271, 2.2222559290502053, -1.2617199809211588, 0.34589712333304656, -1.5156221785739472, -3.300615765319017, 2.0453795488344286, -1.780447815950347, -0.2630377587256121, -1.1053513220162008, -3.4104326857356493, -1.6514949235257357, -0.5485807956365925, 0.9877683560816668, 1.3494042799880162, 1.7260265575017497, 4.281667377694166, 0.511317939396293, -0.6658802674811662, 2.5691085599881793, 1.02506546209308, -2.105357476866728, 1.6252953192276967, 0.09830275090946639, -2.9282539921879804, -1.2585646238033257, -1.2559101286503473, 1.748951900268878, -1.3556140852203555, -0.02979964923353573, -3.6177254547191033, -1.742874613636622, -0.20487977185722595, 2.207999384648184, 2.2041212929561773, -1.7664266087448404, 3.743513464231736, 2.465719415166493, -1.7587940401040427, 3.593085080032672]",0.8731656184486373
4,"[2.6714771074475623, -2.1701830706366203, -0.7739383254740047, 2.0436188155243347, 2.3227238189136, -0.09307685304106433, 0.06973076485187243, -1.848484111987168, 0.8265810849481463, 3.41498891594497, 1.7323007443149974, -2.99698737624061, -1.7718388213446685, -3.015866557259828, -3.2136144694657247, 2.4044199369048935, -1.2435699981987232, 2.2668137283556664, -3.1376537673676173, -2.588749124884302, 0.35823059735764395, 1.429856633154412, 3.913288867662387, 1.3454901343722694, 2.1749561844210272, 3.207766254004223, -0.3813826911844154, 3.7657090548431627, -2.7436467624279577, -2.370898186277278, 0.1839685338131003, -2.218886452456742, -0.12362606759215411, -1.399423667335832, 2.3954125865851945, -1.006139961292016, 0.06344184215191462, 0.45969924116835925, -1.4274305333219537, 1.94396854529685, 3.0420750922216553, 2.5153417562314653, -2.073513887727717, 2.827494539384383, -1.5373868002197852, 1.149684752982115, 3.710458360380381, 0.7389891912114934, 0.5727174603128805, -0.43768673882584075, -2.150582919987965, 1.4941610158400462, -3.4268625504307404, -2.132014525584936, -1.5162615914314523, 0.06804745179503469, 3.1939829056803397, 2.226734424157763, 1.3001811526563147, -3.1730404117322566, 3.3218414531126816, 3.53262057318149, -2.5220468872653585, 1.0594758059022857]",0.8732240437158469
4,"[1.9958796246887158, -1.4057916205873564, 0.48364611679632374, 1.8817124259551936, 0.422251963689147, -0.9154327178280329, 0.027848291314342466, -1.644585944419391, -1.452343438646777, 3.80518752116229, 1.5355691084557168, -0.7642935631284573, -1.9298807402310123, -2.568942575327921, -2.605129733429815, 1.6966623174814566, -1.7629106483864634, 2.5731721920705577, -1.2798729896957775, -0.5524508911953927, -0.6432820583457107, -0.7641018905859767, 1.9592909888674044, 2.049308270403331, -1.0423373857046883, 0.4135856453589626, -0.024711392012121358, 2.963531739827709, -2.1840315214577846, 0.03668228474410651, 3.139722641476931, -0.9161643555168957, -1.7578694065955007, -2.635278125392146, -0.30813416171353064, 1.2495929301104975, -1.008910945561801, 0.030714173710355452, 2.7377678588832133, 2.410626278568411, 3.969552664946282, 2.5657940326945394, -1.7390664133939544, 2.8975776856991335, -2.703965796939993, -0.5863448661207886, 3.015574585823014, -1.6275170125422749, 0.16119348568351155, -1.9125721447125148, -2.768530873419451, 1.9834567795546791, 1.2077049034539284, -0.43591415784233833, -0.6782425142191127, -2.5655374476392203, 1.5299678254640592, 2.2619652764287164, 1.3901509551421571, -2.7375469916861013, 2.016798548500606, 3.532492057338397, -2.0099332796163223, 3.6762535203892455]",0.8732649366324683
4,"[0.5527759024676668, -1.1959819064552373, 0.185123536504938, 1.9052223894370375, 1.623867239509193, 1.0249637235124927, -0.22030182857356628, -1.5339901543698735, -0.18775171881203237, 3.888294185215307, 1.999965493467141, -2.691520219830262, -0.20538749526492062, -2.7882521486357144, -1.8845217191138746, 1.2364303683963658, -1.7501433302586655, 2.415642077941552, -0.16177769638088346, -3.458775411381813, 0.17278749595120269, 1.433634840004518, 1.9634157598046793, 2.2549813970068096, 1.5426785457368652, 1.7370032236659683, 0.8764835559882821, 2.7230205382728156, -2.1108129309712407, -1.9096035326311167, 3.011419346910759, -2.488422560483584, -1.794797913100481, -1.5553666549064635, 1.7387876725424976, 0.4159906833518794, -1.6551501653103136, 0.21250495005486508, 0.0073125568080077835, 0.9574613642965808, 1.361642039150792, 1.7394223410112368, -2.391483400877373, 1.865766662773683, -2.6872802769087576, -1.7597679015706098, 2.653497653346684, -1.5946292931639605, 1.335978606932764, -1.932969724377191, -2.7186356819498942, 2.6203995760137953, -1.883040776023603, -1.5196867703725223, 0.5623358659979147, -1.424059673451207, 1.4050723052731153, 2.2401160530197166, 2.3347692329293714, -1.4310283800381036, 1.649059105182232, 3.314081326652471, -1.6648467223323262, 2.3166600175247947]",0.8736196319018404
4,"[2.8682197559249727, 0.3271256545377015, -0.7672368385259676, 3.0002012382585317, 2.7781313033471786, -0.39575879171444506, 1.5210280085559154, 0.042799577182188964, -0.9149264309574374, 3.5679691208478523, 2.1348778949038145, 0.26930969482257505, -2.1026978517718082, -2.9915476758423534, -3.4056810313095807, 2.386794899529183, -1.3065778115701558, 1.279901474662526, -0.24972676919183812, 0.9128121509663436, 0.4789150794273288, 1.6316567710484806, 2.775905690117743, 0.8332653432936534, 0.9314103353865522, 2.107759298779865, 0.07946605993347533, 1.9220486553196408, -2.0463799930996833, -2.728569689119104, 0.3959622391388353, -0.871812217033264, -1.9315103336841264, -2.6590712245350767, 1.7027065206643506, 1.4647360952914126, -0.02762893253019949, 1.339359542099138, 0.3275508202111913, 2.68380762730903, 1.9024889726672412, 2.212464710574508, -0.07727849203121762, 2.4099198001559117, -2.0576235899402433, -2.613923379919971, 1.7502391563933715, 0.41533071118860543, 0.8453566616178212, -3.5188851688272105, -1.4278607145047182, 0.4210860882515888, -0.9534628368747904, -1.9346300631835178, -0.5666452879375399, -0.21433671099476825, 0.3625618432802047, 2.1626954583081877, 2.7441591311550417, -2.251306315065902, 3.19893300816518, 2.2442103158627282, -1.6055595395988933, 3.6672561659637686]",0.8740581270182992
4,"[0.9517067898029437, -0.7122084149240419, -2.1440441436981317, 1.3430654504129937, -2.12906719430692, -0.05756251349000896, -1.1791299799339865, -3.0486573068650102, -0.2924682601918659, 3.892580304226091, 2.106843402653573, -3.166194780511548, -1.2898257408840261, 2.0647338107664353, -0.7032560512980224, 2.403702937775562, -3.445601236691588, 1.4021781745543094, 1.8318127711285423, -2.196260814199088, -3.240134348569297, -0.013913796393106859, 1.0322537701241403, 2.348417204690893, -0.28078292269525323, 1.1714636706584334, -2.833213661156237, -0.14841022451940855, -2.3400486046165545, -1.6452528320800033, 1.9361032557810072, -1.092908281128778, -1.4796482633819428, -0.8464780660602895, -2.6747023816155115, -1.1900042333095608, -0.9407476137662336, -2.214582810650901, 1.148648525496342, 1.897634287692538, 4.283798002841543, -0.7001411272113973, 2.2602499565677796, -0.2225390142076087, 2.640475610838639, -1.7448309254125034, 2.2567433249287037, -1.6879815903541113, -1.9562865078461202, -0.9114156659492549, -2.035823353890816, -0.383091592302796, -2.2065048440095856, 0.6055807187016136, -3.8685098176576225, -2.3113466731275043, -1.2522758545854622, 2.1108139225169786, 1.4623463840716768, -3.353465226683703, 3.3912363060960233, 1.8693105962935115, -2.3172305073802977, 3.2661312888976273]",0.8743801652892562
4,"[0.04761189020020251, -1.8219265314409059, -2.6081508305606578, 2.005814103636303, 1.0544860086188323, -1.1411386640234882, -1.2568107497097583, -0.5630583670440557, 1.294386687510742, 2.3900977387142657, 0.3497015965790735, -2.2669948473820334, -2.219315652109233, -2.6410286085534826, -1.1698933495738078, 1.9120249724180214, -0.5103878122268238, 0.4472251682331845, 0.4610623849276483, -1.2240270814726046, 1.749487623519768, 0.33528417106036357, 3.051524677909104, 3.9740119928976037, 0.11892652457177566, 2.98163310356011, -1.7830799862227265, 3.2598529516751675, -2.3840360208139892, -3.344616165243661, 3.3156212228310995, -0.5336280493604935, -1.7019032962942924, -3.281723571224302, 2.4362691104045586, -0.013114153747031176, -0.6131508232960929, -0.057041714413522654, 0.4681817966357308, 1.7776159014775754, 3.269968504926801, 2.145222294546234, -1.2681935435667326, 0.3936930177925748, -2.1730905284308544, -1.685931320753804, 3.743331289163445, -1.542197270857816, -0.06802258352080581, -0.6008670311328372, -1.9137773604657333, 2.1493962886198714, -3.377062375034096, -2.9280942347868457, -3.1425468444133973, -0.8642830260553072, 0.9565321411746569, 2.1530845133229692, 3.201668283363229, -2.3262683572732823, 3.8514108590242255, 3.447067182693399, -1.5621619607604522, 2.566533175502027]",0.8744813278008299
4,"[2.681088668729799, -2.65235743844866, -0.8556350520576667, 3.564612290949333, -2.491933079757964, 0.059429265316629065, -2.462801323689931, -2.870703382388774, 0.9725090656495056, 3.01710338373375, 0.8490932235754278, -0.9077982741393402, -0.2810137175267511, -2.475858475004636, -3.4636079702958096, 1.1509203222076017, -3.4152692568631022, 2.9910031080471655, 1.4795135380457816, -2.213212117067555, 0.39203346139258866, 2.5294818162914052, 1.6693529768899453, 1.4775773927223015, 1.024249759067868, 1.3038676798963986, -1.946059827448852, 1.7138662015002921, -2.7638635131182587, -3.0692615204377525, -0.3565873675764354, -2.4966148867433158, -0.5168105105857617, -1.8392873331275914, -0.18657273071605862, 0.14094062993676082, -0.8806100477701041, 2.9419548835550557, 2.675776189750877, 1.9918701336155236, 4.180242350615773, 1.6677319294976034, 0.6569640578017774, 2.3023512170191043, -1.7760184411187796, -2.4644456549689493, 3.7628057854924006, -0.21476127630497266, -1.6119831189604135, -2.652998382844264, -1.3745649745787096, 2.571442581503231, 0.1873182741467977, -0.9580002898132347, -2.406595756775275, -2.382682851967692, -0.9137234647860071, 2.066101631425568, 1.9870286328019908, -0.12171646853035956, 2.7257220050024884, 2.1817218714256827, -2.4893607229386348, 2.993662475942081]",0.8747252747252747
4,"[1.5844475070600919, -0.6885690867557108, -0.20273543415416867, 3.2676995768598935, 2.6385670306664992, 1.436943596517932, 0.10784681663629836, -2.535860952848762, 0.9865032496808934, 3.895115017334042, -0.3094607323891505, 0.6636101290000047, -0.8449883571406757, -0.9502684952391798, -3.475452033862608, 1.0894826725537476, -1.6776240500277069, -0.7106031274225912, -4.0300389671147405, -1.5453764733639364, 0.674570168135967, 0.10380461586060474, 1.8684671142830465, 1.384053797624545, 0.9822293447815769, 2.4776392820209487, 0.32783061227752097, 3.6577696965936495, -2.7893584914712464, -2.542800777653369, 2.3054098381955974, -1.0673069749405273, 1.4572829151490025, -0.34274366519604893, 1.0221078223555407, 2.638591565776161, -0.8902997922738325, -0.09988019064967862, 0.9426043077392569, 2.7820299652373346, 4.228580690221485, 2.596097390668094, -0.43711586234056754, 2.452481388087233, -2.412713043699552, -2.5290761253860796, 2.961235682639338, -0.04774374666730191, 0.3802243616453864, -0.2736661773878286, -1.3971076601832066, 2.186040258726125, -2.544877746561877, -2.706519984722433, -3.894329944474723, 0.060508247134022364, 0.9149572305542151, 1.9541888103556495, 1.7345343917566336, -2.7532553118139704, 3.577094526610388, 3.2463796761992065, -1.8165665483866336, 2.5793250288349654]",0.8758202927814235
5,"[-1.4687464948985762, 3.6593028323253827, -2.0629657507920145, -2.31586636448263, -3.0847920384646472, -1.5862077431797799, -1.0800939025861729, 1.4591548748879264, 1.1237126849591799, -2.532239664321847, 1.8217520336758117, -1.0615021185375948, 0.7870642580482927, -2.8360742345836623, -2.3358049714454574, 1.7749969028486248, -3.0628069740980783, 3.3970402980544914, -2.552839202739512, 1.0594941903680057, -1.2223773890091998, -0.9058236917534132, -0.3052333889629344, -0.3590446322948435, 0.8825125448302302, 2.38089356500083, 2.3921093508719604, 0.7199164984727324, -1.2381849662591107, 2.253158740897419, -0.5056031577148905, -1.5026538536997207, 2.0917193549095887, 0.9013293728223896, -0.165134183035055, 0.19127494765082076, -1.4532247709475765, 2.525210155380039, 2.324968671613351, -2.025444358348573, 1.998507173747633, -1.0247469161232812, -2.570372233533418, -0.2999230278931777, 1.2690982364826864, -2.8917392050133217, 1.2022287184864933, 0.15998856508582887, 3.0194191450387846, 0.930957254328306, -2.394994143593343, 2.6210793978197087, -0.6299337081402439, -1.8568371884384895, -1.1412779048175106, 1.0850163695522816, 2.276216035142315, 1.8890988606368946, 3.2116844230264245, 1.9579482298089843, 2.710419960149524, -2.1195049436651368, -2.7527957434814803, -1.5843053089508454]",0.6475230162209558
5,"[-1.5053377274138502, 3.08812607896603, -2.5521141930842335, -2.661330250378134, -3.6831205474425053, -0.8647319666961325, -2.104365419995891, 0.33993343761549755, 1.357115555421493, -2.4498832791056007, 1.915463968048686, -3.3921046984710284, 0.8721561987321675, -0.8684036607774702, -1.7488619630151274, 1.1270040864269384, -0.9830559338166878, 2.419449722329248, -3.6688536179495217, 0.706688619322185, -1.5009697391051646, -1.3125843224142648, -0.5655606174701047, -1.8441006648363816, 0.13672786054341513, 3.463219791931721, 2.8399735994114446, 0.8169192226511381, -2.792713295113792, 2.0999341344136058, 0.07615691401221436, -2.4974077085208397, 1.8719885756729708, 0.7840010658553362, 0.7170896077871354, -0.14330389032425073, -1.7556477517120195, 1.8679703036313637, 2.4068700006090533, -1.8464765450806913, 0.23713039085740745, -0.8429283312836178, -0.6642359964145714, 1.9289092617797587, 1.121057518289823, -2.9875472177958997, 0.5917357356943167, 0.08898678206064314, 1.1899000304251603, -2.1301371767361355, -2.3941475521891373, 2.614300458414264, 0.3407597534199911, -1.7165719099211527, -1.5151274090152085, 0.4582580316572653, 3.126499768863978, 2.167438622522768, 3.3824721470877344, 0.9801500023537978, 2.8512944759888326, -2.359996873259626, -1.6205152299345702, -1.4645139770201143]",0.6588132635253054
5,"[-0.8845689528920608, 2.195928814447515, -1.76133784797647, -1.009469497525811, -3.079425927499913, -0.5697854829803009, -1.248575445147775, 0.19605873199555007, 1.5818156568354462, -1.3222269599865228, 1.2860953200780831, -3.3874987511777745, 0.8689239371648705, -2.4637455905506016, -3.4822574178544556, 0.9673280030286571, 2.1368418952195496, 3.3140511542526347, -2.618829117734373, -0.7473781748713766, -0.6521452516253234, -1.937676996128736, -1.7245450826505924, -1.598430098017603, 0.04611516001061755, 3.049818317574458, 1.1496155268772084, -0.6092645530890292, -1.608766630715953, 2.5398103231608125, -1.6550675338407193, -2.476800420656469, -0.9552923768870036, 1.965114238344389, -1.0047342230111784, -0.30097433911175725, -1.4308024638002053, 0.898279641327099, 1.8574202193396463, -0.0674960362894117, -1.4684072037804061, -0.7788001358427705, -1.0613687808057115, 1.3954166666420804, 2.3085452315844757, -3.1468889185939806, 0.4111952845463168, -1.3242019111421262, 2.6363826040394382, -2.021286710692353, -2.842876802654102, 2.299534489387118, -0.38234062007923447, -1.4659312288285817, -1.7100473167062433, 1.8641492085169826, 2.989305024675819, 2.0433044521053043, 2.6151852758506324, 0.37637031265014115, 0.819550527703442, -1.0288438211597413, -2.728693336729085, -1.37571371961019]",0.7611209964412812
5,"[-1.79643473840448, 3.3091724790766786, -1.6047136301806153, -1.444269445473478, -3.3582799176809672, -1.7234251322737588, 0.7780944297561827, 0.4749993123790096, 0.0649474333015232, -0.13637527662717508, -0.30666225721598384, -0.8055151042728919, 0.49509939010380566, -1.5806532007323861, -2.761665291645444, 1.830396239664179, -3.403745971615384, 2.934838659749598, -2.749840764119999, 1.3065006710571114, 0.8911676141627776, -0.9999103930856038, 0.7819442820502063, -0.7462862141870906, 0.38279574766677826, 0.681749821389203, 1.4363359216348197, 0.6265788654261302, -2.7295463281789187, 1.0683922063714648, 0.8542239664150839, -1.737060748719238, 1.4474319654195291, 2.2075350576745634, 0.4716640137897383, 1.7349788346822979, -1.237724331102993, 2.586925893237892, 0.36045863667137956, -1.2297408042135343, 2.2791684624276467, -3.2494899128092296, -0.4958190499829307, -0.777269072940144, 1.8927298364565557, -2.8618107851710857, 1.0357530311881085, 1.4224069068173315, 3.421974179870759, 2.197032202218847, 0.28225639669625213, 0.8507938858122797, 0.21588461592167965, -2.477130859376923, -0.5365061257843575, -0.17065227687719642, 2.02413659104731, 2.0645041845228334, 1.5286086711094562, 0.9109327100324682, 2.8726216893317953, -0.9079912734432087, -2.505396818235574, -2.8312313351597487]",0.7676678445229682
5,"[-0.8076966948555687, 2.9103356664337627, -0.493559064394528, -0.9100563232770511, -3.7254117053135665, -2.3413537874802213, -2.1662280610865494, 1.3363850679500904, 0.004530631497034143, -2.3276282477268104, 0.9979012444981008, -1.9093098360861687, 0.5320730397741029, -2.852639284710962, -2.6086940542342156, 1.8248434095258224, -3.833165942669476, 1.9164488959142627, -2.278118448236034, -0.014606937022973665, 1.5123585148240508, -0.2840437656309355, 0.47825098252825116, -0.3374292406699791, 0.5084171692769659, 2.2771782854877554, 2.412239143280257, 0.7125809826511857, -1.2881771320375186, 0.9211473276299527, 0.9036083621696347, 0.46946383714995554, 1.9819245615922694, 1.9582626390315578, -1.3300097459021663, 2.6083531984253683, 0.4544374344524335, 0.8483802184750786, 2.420737775410351, -1.3948733187201356, -0.06539438733693181, -2.8517264037020222, -1.9772349295208838, -0.09897902651485552, 1.7312345240746378, -2.1138066371602235, 2.7486473299196454, -1.767095780274266, 3.3478727838351654, -0.15908490636231942, -2.37124369080494, 1.8033766913620646, -0.58452023703859, -2.1399737686474554, -0.9742840827585357, -0.5915748245154873, 0.07614396624439035, 1.8578098510388072, 1.882477716539829, 1.3963342786030406, 0.48097257560811313, -0.796408726832081, -2.106578526731347, -1.604013023181424]",0.775410563692854
5,"[-1.6890692096783209, 3.4150409185824144, -2.5457436500602197, -1.6473505004398248, -2.892639533278933, -1.1456206268497364, -2.2024197028689976, -0.8080353618262369, 0.03541661019501505, -2.677760732340383, 1.9682754324975726, -3.347080279839265, 3.098866668292815, -1.381284838903875, -2.0138226956882024, 1.6849150684886696, 0.07288093423452614, 0.6018577087553576, -2.834433454149273, 0.8698093116038618, -1.5814136596235961, -1.9545413687564903, -0.7293045220941726, -1.1616137284963097, 0.7232874162428096, 3.039979961946817, 1.3699007014869045, 2.2422512730562447, -1.585613742030512, 1.7157523077559742, -0.36855237280175235, -2.240550067500973, 2.52599665487954, 1.4099327104713888, 0.3066364629055556, 0.7593180723169128, -1.745463587256739, 2.8103664938840707, 1.7628529433702789, -0.6241269124586971, 0.13051715619539506, 0.5375356726445053, -0.5476723044146213, 0.7981230239489987, 0.05876720656751944, -0.9830900140037289, 2.0780844901533824, 0.8511584258326432, 0.40976408287409416, -3.4864942932241605, -2.3433745026691684, 2.196102108438145, -2.425404848237446, 1.1740412934965383, -1.9646289265913843, -1.6460211963399134, 2.1216659429264615, 1.60810332174511, 3.243930443085802, 1.2077999991019885, 2.9312081529188556, -0.8186326111835849, -2.7005872021757757, -1.2338534429781247]",0.7777777777777778
5,"[-0.8711137549558217, 3.7314549896162554, -1.4518234574520907, -2.5652964496688586, -2.5151537910606825, 2.4551072979687794, -1.7611527653035701, -2.3933814692556483, 0.9011832975464331, -2.3108682641475555, 1.4412225099835438, -3.1121055127466315, 2.449334510787944, -1.9319692463802518, 0.289850064555778, 1.6228814958497184, -0.12868386128906412, 1.3261688317672071, -2.17802210155003, -0.9649919828300467, -0.7998363204161405, -2.372045331429282, 1.391129979594818, -1.7990207102643783, 2.237539409704202, 2.190864417341515, 1.250714807935943, 2.270774073611922, -2.4870798684681708, 2.4512602457448964, -2.1220253073164472, -2.3607163751700813, 3.2718684500022897, -0.5021519835686084, 0.5825161580730215, 0.9099989765706794, 0.19966550705059372, 2.899697707806631, 2.3223927612488495, -1.3860128422682818, 1.0252708742666694, -1.1676783418356942, 0.8284447034486776, 1.5134770986594037, 0.1595680023808097, -0.1519881962808297, 1.311611085174103, 2.242760527219686, -0.9063385829109127, -1.9077829455047743, -0.4638068349249509, 1.9177804809793249, -1.4714099471781408, 1.729667388670424, -1.9994959029248853, -1.6410311392165897, 1.6022105306714023, 2.2717555510128493, 2.809041568864713, 1.5524665376442117, 3.1372462543548982, 0.5729773270187768, -1.986398930750751, -0.8778342129209022]",0.7830596369922213
5,"[-2.4827591035836756, 2.9822236151812547, -2.6466939546946655, 0.08172267115678672, -2.074779846798845, -1.283081379005931, -2.206008462873779, -0.6209451628728675, -0.10470451851154838, -1.5548337062617177, 2.1361076600390954, -2.17354615635554, 3.0320679010927227, -0.6196090575619659, -2.1856292756167623, 1.6346954465066155, 0.558107869078901, -1.0241558875167827, 0.1465038578515483, 0.06305661357247838, -2.271442772960228, -0.5145946439665223, -1.0447158061589568, -0.4342617420834616, -0.3993954112609722, 3.1291357017264505, 1.5828200190781092, 2.4266212320546687, -1.6293527266593688, 1.3259952830585604, -2.0078807652200896, -1.5106587965341125, 3.056374405475638, 1.3401006853963384, -0.9762235009944255, 0.2152219509214287, -0.4282592041677652, 1.6747958517920336, 1.3779905096047784, -0.5561368147785426, -3.025781594974218, 1.2478047745351057, 1.973250581598275, -0.4035558827391419, -0.5243260434948116, -2.221676961540432, 0.6400092972478194, -1.090703549401668, 1.4553401078522348, -3.502865871487388, -2.350879371508218, 0.9257824985473802, -2.9048462667335837, 0.04108643403924034, -2.823481397347334, -1.285149544950062, 3.224248134266861, 2.124915252109095, 3.344363607933357, 0.9024113204567058, 2.760550601114289, 1.2790542345259444, -1.446328842058427, -1.8461710007417258]",0.7869641294838146
5,"[-2.2215517746683626, 2.575791659584645, -2.0790714654702844, -1.2869371220199632, -2.0366272440978843, -2.056556982011189, -1.2583221659125794, -0.5542636742508324, -0.7050171465533805, -1.32510734917481, 1.923034802554251, -0.9432877533867485, 1.5054229458674602, -0.36153705292635285, -2.5906465188552965, 2.194649288867108, 1.0233491848611243, -1.6363015896612696, 0.013213023203090701, -1.35945025340283, -0.5814927838558319, -2.2568479442325753, -0.6685821307395143, -1.5087915650101924, -0.02047498996600712, 3.169539918713346, 0.81647624669641, 2.8883976286048885, -2.4162832628037236, 1.6186960488894058, -2.330558037041334, -2.488482126891044, 3.053321608652605, 1.5075302709557297, -0.6132074799112479, 1.538791364679, 1.5034859389679034, 2.2815321398686903, 2.5829415811035012, 0.1515823025595553, -2.7047089749672293, 0.8757579449814156, -0.649803119774269, 0.8860184301635312, -0.9868192582346741, -2.9528003564880545, 3.046806344827135, -0.430226264190706, 1.4684832964488153, -3.4567094357063883, -1.214593799771486, -1.6269702398377506, -2.694156873790332, -0.6706419091333881, -2.6856852061212906, -2.5074158542613874, 3.1205238230994685, 1.622353627375623, 2.6054882457257533, 2.7756221004855934, 2.7138032444369524, -0.15369886211975414, -2.2866166758474638, -1.462074784764657]",0.7883597883597884
5,"[-0.6997389250932498, 2.2976220104450116, -0.9945401940713399, -2.2012895382989615, -1.8870696558284925, -1.6871160975826731, -1.0108422140655549, 0.4623351319767013, 2.520567447920049, -1.435104852777636, 0.6674809314068493, 0.24232527441668195, 0.8219345731876004, -1.5220869522164338, -2.1516852398586277, -0.10375823878096169, -3.239111087625137, 1.6450876205767049, -2.6414237815587414, 0.7092075752891424, -0.8735737496896885, -1.7891862058202372, -0.883785405258106, 0.8154477358582424, 1.3726730999823191, 2.4533594367062994, 2.487318940108938, 1.1726724812085225, -1.2707622388495974, 1.8433981882971524, 2.9511219071408528, -1.118577381074534, 1.7840702499990013, 0.2951746103063293, 0.6636300007014189, -0.3968251320076645, -1.5606158395347403, 2.3077691992384266, 2.375704788898232, -1.4345686265459963, 2.185211777407133, -1.7923263322229577, -2.0731578414570393, -0.02653003466455206, 1.239427225455023, -2.99776134897801, 1.0521099194115002, -0.48838488825268317, 1.7350164672689081, 2.2875407342740033, -2.027542586039664, 1.626777716048418, -1.3202318504577837, -1.1355149358705252, -2.2916409016653936, 1.725001392749805, 2.373383480899417, 1.657901585053808, 3.3147402503003565, 1.1525419631736298, 2.721956264444319, -1.6366574807202028, -2.647593195386502, -1.6784702508938365]",0.7940792337831954
5,"[-1.1225333333272505, 3.4887706143942667, -2.0154111742510152, -0.6714075017826995, -2.712970286350841, -2.553375052796076, -2.4277110217761786, -0.21741308603835857, -0.1156026185110631, -0.0654972908853575, 1.114216144212884, -1.7221644237059244, 1.4741673939981041, -2.3083713774193617, -2.6309131760299618, 1.9560200909033565, 0.8804503939188034, -2.1910478111744713, 0.3106194854657143, 1.2649192050320637, -3.0368975967042147, -1.2616047555645795, -2.5856156096817604, -1.7300422840833773, 0.24853170113766382, 2.3476818778268593, 0.5181167996449643, 3.0122259123807233, -1.8106072449925217, -1.0577102451826441, -1.3934419649562342, -0.9106099003193194, 2.4325290455632844, 2.4727886690995007, -0.6318040452954581, -0.7838893150956368, 0.6956890444449803, 2.8515243932827525, 2.229450503828053, -1.1266917299998647, -1.3445751153576315, 0.05928365872867203, 3.128109118967677, -1.0625588027174038, 0.10760234663100654, -2.8856873573770976, -0.8436721244374357, -2.22576513536434, 1.4517486859294375, -3.438974968346651, -2.8223693799497274, 0.11250624873959136, -3.1220276502097493, -0.9403676954053211, -3.037919750733199, -1.7016718740128303, 2.4190705828018624, 1.8967788625621438, 1.7153363765266931, 2.288570708825559, 1.9016073603120822, 0.15907866988322716, -1.8930239281348786, -1.333208471535966]",0.7983340640070145
5,"[0.4398009307011914, 1.7390999688670838, -1.9278420571099972, -2.786443881377594, -2.7932488336405052, -1.0493175610087786, -1.3695569732300443, -1.427379751906467, -0.8367555636730816, -1.5786778387477245, 1.0154600602611845, -3.332169699608152, 3.4147645375129763, -0.591619831236772, -0.0430407585426964, 1.2720573968750717, -0.25098602728911334, 3.400246165594365, -1.831187608150241, -0.4700593530933109, -1.8786358401540104, -3.29572955209109, 0.8660097634968114, -1.0057134125196092, 0.4445714638249286, 2.2813743964838546, 0.7289758881139983, 3.4550879933921816, -2.5602828840093976, 1.2350745007229775, -0.6537985951245608, -1.196172199559941, 1.5713748332943929, 0.6399532032216659, -0.2535350026133217, -0.4529936910815391, -1.6374803328470993, 1.3768011415485697, 1.9352211258421153, -0.6419145320077926, 0.07559449889942549, -0.7709243403769053, 2.3245592311630916, 2.7474322308759325, -1.0338713893958136, 1.9064549852014043, 3.6423446387548104, 0.08502971172265394, 0.24340311983256357, -2.7213728746167787, -1.6502697088815348, 2.5760575898458, -2.342184538934451, 0.8120711311991168, -1.9657831212113162, -2.4495873907893375, 1.2247283044923318, 2.131672335766754, 2.657795454118059, 1.9862640244635632, 3.2462559540944307, -0.4271581243243334, -2.4574698062145455, -1.1662945888735217]",0.799650043744532
5,"[-0.18660573702498828, 3.194764698796644, -2.084468511280644, 0.3442651786194828, -3.04436634978543, -0.6462346669361054, -2.3821777473772783, 0.25158857221839714, 0.4671307653928729, 0.04200909150532259, 2.116024732778007, -0.3258612599189661, 2.5843325712050653, -1.1457764347257435, -2.1271350923449734, -0.09115224204934336, 0.5612271508445578, -1.6090828995450572, 1.1198781055524805, 1.7033666991296674, -2.896191002414458, -3.0383502599259944, -0.6856298503205933, -0.9544287358649917, 0.4736012995033041, 3.0377627532724936, 2.616208129609661, 3.103384009855725, -1.9880747908429028, -0.34375217312108963, -1.009711417971297, -0.7316114950721704, 3.127145766382826, 2.5281511711193105, -1.3610290611445741, 0.47925269612929666, -0.4174046624207488, 2.5973007603191185, -0.07712837236994236, 0.36557650610840864, -1.913920194777914, 2.242765259614781, 1.3513240622668357, -3.1817545990073284, -1.774293448942239, -1.2171836572352954, 0.6406102976221758, -2.0766558846432432, 2.923391958388467, -2.5664003449442196, -0.35644509733736596, 2.133326853768873, -3.3589522448833824, 0.33517841411175686, -3.523015318127979, -0.3856665622290014, 2.3854544991822655, 2.019965830739252, 2.0914688059944804, -0.9413259623092439, 1.372943708913814, 1.7926669969238058, -2.4893317782418447, -1.9140790296600734]",0.800531914893617
5,"[-2.8567406854420767, 3.1797388696201883, -1.381000323509039, -2.016802598642945, -3.3158586103769925, -2.701247041381106, -0.6614515477728284, 0.843919761289663, -0.276774752550089, -0.7055841726742373, 1.3188197787977098, -1.8674409178304436, 0.6864690076954365, -2.2951988349871746, -0.8041016284864502, 1.9682899242872012, -3.781667861450437, 3.443526711336735, -2.9894912884785603, 0.3990765302124714, -2.1155966899245446, -0.11453232320160212, -1.9459320531154447, 0.5785124644395135, 0.7704298312400242, 1.7270717782893255, 2.257365161515067, 1.1991714878579347, -1.0687316641801006, 1.1596168777830496, 0.2893375267815606, -1.5216330478426756, 1.2314616221879686, 0.8666853089440916, 0.1985611393487151, 1.4818616039647565, 0.8203936793291849, 2.9234016789295274, 2.1617432108631736, -0.4534053437570207, 2.628110699028138, -1.2433897032813228, -1.5965415562411254, 0.8002684930020516, 1.3307274110424685, -2.8881861415656833, -0.12646293412547882, -0.32548121833548394, 3.3568149307697026, 2.365127486012006, -2.783711927160235, 0.9504496298743428, -2.557972687581513, -2.951654184155765, 0.4957587063676997, -1.1196860338023142, 2.389212402998409, 2.253832825171426, 2.9974001432298096, 2.527121810423046, 3.8397305150979166, -2.071141120700428, -1.7516274394308349, -2.2068812749823348]",0.8011388523872098
5,"[-1.0389206627029364, 2.4524591982794988, -2.2223950422115344, -1.2430829619325952, -3.8888194602018435, -0.6854629471424722, -1.2646144240548318, -0.8967556736340931, 0.3782562218049714, -2.6701293130552854, 1.3656645204117255, -2.022962479980409, 1.676582095090169, -1.755388466896214, -1.1993994996234008, 0.5564406110192557, -1.8452646599656048, 0.20193320790741076, -3.81996956839392, 1.6971569053018536, -1.4847163888056503, -0.2748582646230807, -1.483839836265009, -1.5645912017612589, 0.008918129719099888, 2.575816538602741, 2.0365831222416357, 0.06360380223562934, -2.7218502631025028, 1.9610124988281443, -0.5892838592212275, -2.1065158433650164, 1.9776390656739653, 0.4246901295368782, 0.3695800392395448, 0.3117886072976805, -1.7261412115960852, 2.7681504787503757, 2.3690083941856734, -1.8133114933204804, 0.8913562807275968, -1.0852902353516003, -1.5726036314924252, 0.8397201815186126, 0.9939598179786162, 0.40172268218309304, 1.4687633862579619, -1.3789456448983892, 1.9531709075205788, -1.2847011606713117, -2.7287815835302927, 1.5836816541410794, 1.5704455819792094, -1.1534178653827922, -0.6013112299850172, -0.3549142673067096, 2.471567620896742, 2.2089554482222544, 3.3364570934825406, 2.40729795379864, 2.018365759982519, -1.0545255382048013, -2.165478802079466, -2.6412265520356772]",0.8027984258854395
5,"[0.0104170936895438, 3.4368733782550938, -2.1891941361443923, -2.314561079732639, -3.2339772355441254, -1.8674841286883108, -2.608873530342756, 2.2485769245789826, 0.8972139167384309, -2.677071232152538, 2.077381846190851, -1.9476341828887005, -0.4694750547425868, 0.27458875798875615, -2.2236389306662034, 2.390154275054011, -0.26675696046364783, 2.269316114800849, -2.924110807086448, 1.0401525385461696, -3.290185365489983, -1.8682155357997385, -1.2308899393541592, -1.5455000087302335, 0.44572666478110673, 2.790330469492497, 2.636663074641672, -0.6260171161883481, -2.7901757616817258, 2.1501606786204683, -0.05825498329943765, -1.531814348451435, 0.6078674502405568, -0.9365838307315122, 2.5212070818690653, -1.4559862941679989, -0.17719149646747323, 0.6250849725874466, 1.0813829678323947, -1.645228244371899, 0.3506893835920551, 1.2333912015313413, -2.5300078369752286, 1.3725928185050198, -0.08878711204682488, -2.8257119439157004, 0.12081714078743688, 0.5591749553588745, 1.9777484749691365, -3.428640169580315, -2.6265707828909712, 2.0579877694821875, 1.3479049799148237, -0.8120129967524307, -1.2282229726339153, 1.8475286743799602, 3.1641032889149447, 2.147577356233846, 2.4437365962061905, 2.2333320321580494, 1.0697098900422592, -1.5118207390054543, -2.101736365285109, 1.016257983049695]",0.8109517601043025
5,"[-2.758046319023647, 3.5627653514233595, -1.6222732691515658, -0.07712330948660306, -3.300231226442105, -0.03932036672534278, -2.6341184836887885, -0.5468289403195845, -1.0984385391772247, -2.6640210929417516, 2.1275089742759676, -2.3849129475695783, 3.212323096150101, 1.3220350723859882, -2.4248897992481706, 2.404073805636159, 2.200502743326881, -0.9638915555870209, -0.42203713062168025, -0.42161841148918816, -2.5690412395067637, -1.4526862257703475, -0.4779307433294112, 1.067286486606759, -0.031096021343436253, 3.336614442255149, 0.25028802524021065, 2.4023361761436117, 0.17058187859621543, 0.17828108902410889, -2.097513990491034, -0.8938413973828203, 3.587353876333641, 2.0331613914661473, -0.1445447037740717, 0.18452668668649427, 0.5067989469394352, 2.2006507948502927, 2.49420175081123, -0.5852521643284523, -2.295916498994993, 1.73904780878911, 2.761530391327265, -1.3008079089893652, -1.8852397957269962, -2.989873188957545, 0.018067208639670485, -1.2581913010142654, -0.1609597694343763, -3.4190725057072444, -2.100796605253988, 1.274813014877072, -2.070886905890591, -0.3691380751490754, -2.4878669740275186, 1.8459844339661302, 2.5199166388246748, 1.611458841690625, 2.3654926705663692, -1.4282313061879073, 3.0229397088953123, -0.5773217701350997, -2.3093928841666473, -1.02056508075681]",0.8157099697885196
5,"[-0.008793147183070449, 2.4934761076059346, -1.7687936360866807, -0.3875015745443211, -1.867418129905363, -0.6660847737484564, -2.3064927335287977, -1.9432471131452762, 0.47831722731651377, -2.4571173589204647, 1.8113958232503993, -2.2881523522540257, 1.3499564777833875, 2.7869081830542046, -2.9222279919133043, 1.0008707192425201, 1.6148726449047826, 0.1604188282022243, 0.6509029413664355, -1.0964258124275126, -2.8329437692054498, 0.20264781972842572, -0.8748068408835324, -0.20196497617286152, 0.5640571676147209, 2.169068296746266, 1.7973265595379162, 1.4840091046472612, -2.7847427668667124, 1.176766350338916, -2.058600784145033, 1.2177736704880269, 3.605842324501936, 2.3797562576816405, -0.7083600479927347, -0.3878738728583474, 1.3403499719904886, 2.56179427003194, 2.3123764935258007, -0.0945972170576479, -3.0013844198438338, 0.774896126179182, 1.0885635515350585, -0.2569941865040057, -1.9208338716360216, -1.066378168794956, -0.003776868243788978, 1.5254934098425856, 1.318627130197244, -1.1129095645208498, -1.8010942189527221, 2.0597302439984224, -3.4169547321387648, -1.7700749003424798, 0.1350068893245422, -1.1411211816098819, 3.185073777092767, 1.498172251982385, 3.295700043969134, 1.7344224568234035, 1.632761224848602, 0.7873718125719229, -2.6264720822605434, -1.926387341101511]",0.8179862306368331
5,"[-0.9917768586077363, 3.399274867919601, -0.3405699627749974, -0.4615781330766626, -3.6800673709012237, -0.7024048600043336, -0.8090174016378977, 1.1166153529854586, 2.174345695386503, 1.081119384019655, 1.6797315774874357, 0.5690339743245795, 2.620684441351176, -2.3468566287359303, -1.757777750219947, -1.0768077962493579, 1.8013802613407557, -2.030454800595887, 1.8017121609952604, 1.4539066597405077, -1.149566085255392, -2.8592951169504497, -0.6722983839012222, -0.9247879846325154, 0.845422081422553, 2.773134594699767, 2.42100091306281, 2.873289937044935, -2.7847995174287994, -1.693716599070505, -0.45598987601711927, -2.498068307441589, 2.817294254986888, 2.3866563645619316, -2.57206309687549, 0.15375292985530586, -0.4484451814800633, 2.9598808506784904, 0.6304544368545044, -0.57419561418461, -1.2409652060978882, 1.7881971085199952, 3.019597173212801, -3.1404642812139127, -0.7527235014277511, -1.1920865336276179, 2.0660266528940836, -2.153223149105243, 3.368497218324829, -3.4411226541564135, 0.09376010856870187, 2.01066507267053, -3.2159374115739263, 1.4702253907340517, -2.783159888698771, -0.4931600338778762, 2.445287766134575, 2.1211817952430594, 2.36030500803605, -1.1852214267758479, 1.581595652002243, 2.1114031971925247, -2.277956776547039, -2.6192967356996943]",0.8252427184466019
5,"[-1.8155342706424489, 2.808195183191529, -1.7799398520229066, -0.5118711527759421, -1.211012504234613, -0.4104954016866027, -1.0828665925795415, -0.39668373373277716, 0.03761494561030915, -0.3739513412348529, -0.14234031724707652, -3.383164289521082, 2.4025686997855384, -0.06672958709127857, -0.9629387521359412, 1.376862043336249, -0.6027899809746717, -0.2891034785819746, 1.5026723101641037, 1.0759984928368813, -1.8848934090228988, 0.3545279930453036, -1.2853414425623633, 0.4515620702290932, 1.3967127236071335, 0.7035594044232436, 1.841534085753679, 1.3324122477575107, 1.5795042094573912, -0.6750447525504729, -1.5959818949175633, -1.4823848371128086, 0.7248562267145884, 1.7537028375820076, -0.9114824374415862, -1.870244773589051, 0.461043635546598, 2.073604391653838, 1.355008697777623, -1.868344295220743, -1.7797625015582363, 0.8196629147077329, -0.9127417058849647, -0.19645251946699177, -0.6207917241764713, -2.298573631219611, 0.42517461644557414, -0.34145273347736715, -1.1492497997408087, -3.5129292257828166, -2.1301372323082584, 1.637909762257027, -3.431479260467398, 0.28031749555759733, -0.7466647312255097, -0.8707095884786263, 2.1421334356202233, 2.272158012473303, 2.993869203177517, 2.5983567984931613, 3.585231237440989, -0.5338823031501865, -1.5394423117609282, -1.3532663676142893]",0.8276304533789564
5,"[-0.6532626862449791, 3.667118192886917, -2.302631884250892, 1.0623645246335363, -1.3067824281980216, -2.6089342855992306, -1.927557700780937, -0.7759748746716505, -2.564834123538434, 1.6380012063640756, 0.9953330433337579, -1.3536048947719554, 1.0170613812632658, -1.0471661048399592, -1.8935673651752165, 0.9726145042285537, -0.38457114654633406, -1.6018659885048228, 0.9495657587693809, -0.5135648915522307, -3.3126273297967983, -0.492033579982886, -2.427051283164242, 0.9071832349019768, -0.1709987308447431, 3.3618042173773617, 1.6759501675422679, 1.3773527721579635, 0.2607072604684634, 0.28299020422412957, -2.318891575304526, -1.7281244392130093, 1.5144473662660505, -0.7474663603154845, 0.09006497039414685, 1.6613576051610426, 0.5321420943864504, 1.2751415307086655, 1.5387922708830328, -3.3125538340955667, -1.9429276198459844, 1.6633281531107704, 2.487328978476455, -1.3988951539697525, -0.11615194447916322, -3.2552394534036853, 0.7601157311444758, -0.6497720664073334, 0.8908671334907582, -3.0588344303167654, -1.4226099458535382, 1.245318651088259, -2.7946170440682483, 0.46554433947050106, -1.5499221326710297, 0.8983236155646668, 1.6995622721943069, 1.966165480849879, 3.1295251435370806, 2.330451085841724, 3.1441827012817027, 3.412610921649533, -2.2840730914924854, -0.20370289727542934]",0.8308390022675737
5,"[-0.655051883821892, 3.7189202524511122, -2.6646268941985296, 0.2604531244244081, -3.245872185378931, -0.9578752096706729, -0.3426348825714344, -0.43098713406132294, -0.9634028977525811, -1.350944788894969, 1.7358148792822599, 0.5678132597392376, 2.556576648804258, -0.023005227997225708, -0.06174835278003332, 1.22735684310822, 1.8037502593547656, -1.8315499559414654, 1.5921622672773377, 0.9239172321088108, -2.446081325222999, -1.6522960440135726, -1.9552246003171394, 0.2965342084759122, -0.1341127299001041, 2.4504277981066194, 1.871531055343016, 3.825446954186225, 0.3112904929282654, -0.8175249151200976, -2.332089691794932, -2.2071300979958375, 1.0832387147228413, 2.0328858450632006, 0.888170594435312, -2.7349479404509824, 0.6006384420456266, 1.3629679171424136, 0.3627343024347429, -0.1843224980304351, -2.9032680307471783, 2.35810464216487, 2.0368150636694775, -2.9897652775070593, -2.166202940083093, -0.038237748113909786, 0.3764416772633249, -2.1576322992948658, 3.038398486007137, -2.1087132569515106, -1.2733395108820742, 2.5773438063407195, -2.234512278576994, -1.150920367392073, -1.7989861868369896, -0.09523107820455262, 3.2241342637759614, 2.212818899390658, 1.3281350602817201, -1.125174954312757, 3.870638086993369, 2.695031513720003, -2.7122681620987454, -3.017452969624492]",0.8409669211195929
5,"[0.542367184581898, 1.7595583785066071, -2.2341571426763522, -0.8345124944775479, -1.2282350908381918, -0.905315814726416, -1.3413118166277993, -0.9505593978570371, 1.2297965933126254, 1.3456018051655767, 2.1462724522103063, -1.9834139550023306, 2.2928352856301455, -1.1068455885816644, 0.7569651854687516, 1.5369293475442272, 1.0310483929682088, -1.4149122784370292, -0.6629634096036268, 2.0555649750252463, -1.310549072122361, -3.42451087390795, 0.19817627642270563, -1.7083761002710975, 1.4455115833936794, 3.007376814456586, 1.6259323152774647, 1.4657641843618219, -2.7772225150926477, 0.6513450823167205, -2.30388445718183, 0.3973907477495566, 1.3996122293921984, 1.2051778549265766, -2.2309891110929803, 2.1377221372534314, 0.10347695281660048, 1.7273811077811227, 0.24446439227653938, 0.4903821269307329, -3.1034006087328416, -0.07540385140261674, 2.689766876052201, -2.8708401217378507, -2.200857337171306, -0.6216194787020315, 3.402258993460654, -2.099710775388205, 3.3800413891435324, -3.243187258304813, -2.8512993832129903, 1.345603964005611, -2.775007859602479, 2.5879349490655357, -3.738928654120125, -2.109333670570127, 2.6113875993665054, 1.9747352547794228, 1.8596532052142718, 1.4746843419707076, 1.3434978585926063, 0.554076400859602, -2.7321818287480473, -1.9190897077063822]",0.8424489795918367
5,"[1.7977268208302115, 0.9605585121907367, -2.2201328814357253, 0.038952305610046825, -1.8335091966394108, 0.464958677303844, -1.7368910818127914, 0.3904295146233082, 0.4834618593583829, 0.1984249412686153, 1.7158637828447412, 0.351960192039657, 3.505604865838082, -0.8317973053640213, 0.1757778210399339, 0.4998760722911171, -0.012351167064498847, -2.1042935753375396, 1.3866375408222689, 1.5576215335814605, -2.8246773801214484, -3.602876776171268, -1.9291501100124413, 0.33207608021312485, -0.055912714486141546, 2.002469178650011, 0.6139764302237927, 3.608840529560394, -1.4566898366280387, -1.0260221237565028, -1.9762880672181231, -1.5281072847558668, 2.9688091790385056, 1.2190032249332803, -0.48167352777362915, 2.0724446522227233, -1.5943271570589719, 1.7649089524376265, 0.7803696554547863, -1.9831269551615307, -1.325240839550475, 1.78940868099233, 0.7824212254911767, -2.3966103088158293, -2.017907568767786, -1.2371678538712247, 1.7015706417227006, -0.2248572716239674, 2.750514806150338, -2.8337640917356666, 0.8007696435606088, 2.5688672996457607, -2.4427022716029727, 0.9434283080372385, -3.831254734017559, -0.5577618826207968, 3.1239928675367423, 2.091457730892438, 3.0474309851039685, -0.11957906531741491, 2.714974350129787, 0.5738309100990242, -2.662498043511434, -1.9884689313548567]",0.8442516268980477
5,"[0.6284989485599126, 2.315004237063576, -2.665602906931736, -2.4574245622820294, -0.2014428707137781, -2.45598724877491, -2.234442428373246, 2.005309644608845, -0.8521123278614859, -2.6021356763301555, 1.57151698780231, -0.43436972642259697, 0.9051114232521147, -1.4332388930434403, -2.846708736557721, 0.6271382878736551, -1.7213034973797456, 1.9884829927689065, -2.9416954693251576, 0.6504561028671411, -2.652855275894315, -0.03036109081409255, 0.8060693212292839, -1.873021206025907, 0.8571178178908783, 3.165169370551173, 2.780364295876138, 1.3864658380644013, -1.1567676268416776, 2.2527835082630165, 0.717733555424221, -2.4980740016264043, 3.0964565564934956, 1.4201246913816448, 1.3306558107259554, -1.0106149806414368, -0.16311966313662474, 2.2622731133531953, 2.3544394068073338, -3.130602407515335, 1.441897004522145, -1.2321511529255567, -0.07482905207146917, -0.4517902157804905, 3.3706636104795433, -3.3254542713611452, 2.553586237732476, 0.822365797075185, 2.3318193739189255, -2.204338143376994, -1.5896027919307767, 1.3332518249999081, -0.3421422205257445, -0.8404404218702932, -0.24566568760134277, 2.9689110940133396, 3.183194329239309, 2.024813658184701, 2.7811623309493507, -0.20323086121062156, 3.7870339359797605, -1.2463980249021152, -2.0492374892542022, 1.6184849448648737]",0.8474725274725274
5,"[-1.4455666933656, 2.26173972141591, -0.2894683168081358, 2.3167698063463096, -3.956698245512692, -1.2223813038479576, -2.633305611575455, 0.4192098920783142, 2.0511470990429856, 1.0003455496911093, 1.787888809074812, 0.6514682611510926, 1.3677892019508022, -2.2243368258577125, -0.6508909792980759, -0.7650919154933615, 1.804675551742576, -1.6930862706383174, 0.14022683325423468, 1.4495291029116455, -1.7388341146386208, -3.4776289390741866, -0.8962008215443176, -0.35314383346780504, 0.2908004589038824, 2.390736772107918, 0.9331997412007447, 3.0240222690086633, -0.908224092197065, 0.8174996679194659, -1.0148497539743886, -1.5340610736474938, 2.733183733629665, 2.4436324684119084, -2.6195050867699132, 1.6100330533392908, -0.8190982154635994, 2.023318466756202, -0.3276339063327735, -0.03762273269152627, -1.3736204239522496, 0.24109182433039944, 1.7072308120551467, -3.3278570289319354, -0.9478353353167314, 0.24791650941718668, 1.308972578530368, -1.2697141072974039, 2.518971478647431, -2.2635032083383213, -0.426226282307659, 2.5101503698037635, -3.2696974743730456, -1.1599025324514163, -3.8865761619075663, -0.6281088278635237, 1.2354885542841234, 2.1766694751703084, 1.5524552014071644, -0.4866835064953038, 1.7943237815215383, 1.3424849643736794, -2.0646092943001975, -1.1584802248415849]",0.8478622987229317
5,"[-1.6890047340706387, 1.8269032226670407, -2.4664630852057927, -1.5077461211739605, -0.8713503865945793, -1.9146806078991505, -1.9423853457549012, -2.6086908947061254, -1.7565465403686618, -1.3983783117194934, 2.1222591196422114, -2.7747026099169974, 2.977967161211904, 0.07754282010907726, -2.3919888663612148, 1.6211041466362885, 1.851503282799446, -1.8771022416704999, 1.4802232955801307, 1.657379736105536, -2.677487279578857, 1.1765979319124622, -1.59367355895681, 1.3343495887545185, 0.30253416432965713, 1.9950510596161593, 1.7125112266854696, 0.7752397279165624, -1.7494649279776695, 2.5378045119423915, -2.3311566197999913, -2.38249401159638, 2.929747466955392, 1.646111251050256, -2.006713489784298, -0.6191930280720888, -0.5646552480394301, 2.264233268089878, 0.8276717542174241, 0.4179247487184352, -2.649849763017465, 1.8656800396775655, 3.138898280456511, -1.3035280954544701, -1.5576089701649276, -3.0241837890408974, 0.0854354347189995, -1.6749764025879055, 1.6409958962139262, -3.5188278813928195, -0.5053705232484544, 1.2652921413172888, -2.729918123335952, -1.6556299495097124, -0.509611075898297, 0.2942555475853452, 2.830236847697118, 2.092524409597505, 3.1160822050685093, 0.1955408699136607, 3.575149091286709, 1.7162826932696498, -2.402554122904984, -0.5740068396649134]",0.8482816429170159
5,"[-2.5076668590128657, 1.4048955681255673, -1.466670060162551, -0.676011854224346, -1.0031369353578319, -2.2834282403621, -2.6061728353092235, -3.275473910109751, 2.365954844175504, -2.596154393465569, 0.46245684462136505, -2.791737636986227, 3.231021142001321, -1.6859821284523304, -2.0722233194465303, 0.863875515360166, 2.212769413967559, 0.5690717530821737, -3.5544836732882894, 0.12520149194751717, -3.21057367627682, -2.3420357604397153, -2.604975917403933, -0.06677463033612363, 1.4326731263298387, 1.7321953764577818, 2.3232849155279913, 0.3926689117344633, -2.0068028255676653, -0.39850694243648066, -0.32586481443526083, -1.923951887167123, 3.4939813703354514, 2.3344902534039136, 0.28145725995632287, 2.005284583179549, -1.7565504362990862, 1.8379914242294977, 1.9957280790689356, 0.6234139325810193, -0.2270442802064887, 1.7806249478040233, 0.1948508419640264, 2.582962881626116, -1.120831537953639, -1.5628068906375208, 2.8410306808915187, 2.00178666620957, 1.0366982609255748, -3.0103907818565085, -0.8857360189145262, 2.4248698124246677, -0.5744906654086883, -1.446701259469113, -0.517620044238517, -2.469649560840285, 2.760484253665543, 1.9876948691928324, 2.945666740999903, 1.481478912765678, 1.2324324820179948, -1.3806110827246538, -2.253932408426606, 0.06491019593257552]",0.8511287370347773
5,"[-2.443535600767384, 2.963776766881641, -2.6546407454776118, -1.4305211387401637, -3.14241529187033, 1.1069660759739124, -1.1712686415032145, -1.172289490282419, 1.3644404542501771, -1.934266263435707, 1.3279819475261794, -2.5124426514829814, 2.8240076594963606, -3.0119276747441828, -0.9071928464255654, 1.1929583292544548, 0.7455890002646695, 2.0725184591421186, -0.8453296010656168, -2.108168173973363, -1.1316608949480629, -0.49099562508181793, -1.0219492109005766, -1.5584231198736953, 1.0090246412578017, 2.1621303504183915, 1.042859879788252, 2.9437928979493826, -1.692844176476271, 0.9346273354155827, -0.9561926929772893, -1.35271718437848, 1.814334955402761, 0.8920408398278808, 0.9256522061125169, 1.2165884308706498, -0.7476918238405902, 2.345103373314771, 2.747525524123253, 0.37658583435856385, 1.2633496824698356, -0.1668460762622539, -1.3239455363970276, 1.2706151884723929, 0.6074324472090669, -0.08753299220953925, 0.8627368958319844, 1.9672685465937745, -1.6562967359848393, -2.2657881876362334, -1.5840924572863102, 1.7959802967165848, -3.3498288299831462, 1.2070184770552417, -0.3158456413412394, -1.6043346209969833, 1.9969804256916277, 2.1894676016299734, 2.882899193922931, 1.3706199863681656, 1.0669597995427773, 0.3979261925892823, -1.4863289871168988, -1.922879523638788]",0.852974828375286
5,"[-1.0379172934827345, 3.478475819267745, -1.8913295593923427, 0.7889017043213782, -3.9346399472220868, -1.4540357657570784, -0.37084545985180717, 1.0290190177796563, 0.2255543714937891, 1.3544297810502424, 1.6498643281059724, 0.8536654661509682, 2.765042164025394, -0.28202847175439894, -2.0690709491261594, 0.6161529005411193, 0.7691849853658775, -0.9706030925565295, 0.7676908303708252, 1.8310316201333197, -0.5364899898556024, -0.9838702322338655, -1.9522770131371483, -1.0038348507434904, 1.971808739439585, 2.5043746294899014, 2.626076341785793, 3.7487318813083896, -1.23835857133512, -0.00888678849455185, -1.8557956351995417, 1.1574355818549746, 3.1188886604494868, 2.194236628040479, -2.343936676684309, -0.11164731715001014, -0.20502977072043677, 2.9035338936283783, 1.7544715679305984, 0.7468642223126782, -1.4909318097991986, 1.5604167550165164, 1.902859811824872, -3.184370749123207, -2.083958849818822, -2.0757272290806146, -0.1299236801519803, -1.8898636105966937, 2.900910733820333, -2.782665568560758, 1.1357680352001982, 2.3994874817863625, -3.3465904816510874, -0.46872606601211264, -2.44204759074268, 0.8902533052260624, 3.1948771142812333, 1.707190327561029, 1.1484863102436447, 0.05232070650697196, 2.4219100733714454, 2.2870758038976637, -2.649970072838164, -3.028344348781689]",0.8560906515580736
5,"[1.6499123913195644, 2.5625837817336414, -1.957760606671515, -2.3386238678476414, -2.137409586947923, -1.6908827733760359, -2.626349758872559, 1.9551944431396024, 0.120806411716737, -2.0094642681370063, 1.4384956637921864, -1.3320691983674142, 0.9796129871050328, -0.8165901648826414, -2.258251376860555, 0.9743212756893639, 0.206415122955262, 2.2344856081341025, -3.1196489843546686, 0.9084152774051891, -1.7234362951940363, -0.5102823179501588, -1.4842541566995764, -0.708674487103198, 0.5510696979890626, 3.2952859168665505, 1.18012512948237, 0.33814494933085487, -1.0067703254583371, 0.7095720486760717, 0.2716188878531671, -1.0626629698974321, 3.5885796589819683, 0.2379674133188462, 0.7605144752236351, 0.008058326323772347, -1.7566325460079268, 0.022266840451101277, 1.9240154300869796, -1.433674267921278, 2.2309650420610487, 0.044630221038449935, -1.1515729313863459, 2.4480206910354894, 0.5359258603934766, -2.893660943947697, 0.3844842601639141, -0.15378470214688533, -0.11381524533547283, -2.6944970072391063, -0.6304991344673243, 2.043954596053709, -0.4440278479203887, -1.836522568123178, -3.464276596869052, 0.5105487780439908, 2.2702056372448673, 2.220604875266926, 2.01557881276847, 0.6585483956301172, 3.864428255413952, -0.9043970642678467, -1.2781734628695913, 0.5179510672476506]",0.8575851393188855
5,"[-1.2565999405271568, 2.712366689723362, -2.2609291425490774, -2.813206534665601, -2.959311081067147, -2.0194782533735838, -2.2463451659433193, -0.5076218099879416, 2.9481237650748304, -2.23120340035557, 1.736314765565275, -3.254987637159263, -1.6475639862657594, -0.003470376607622505, -0.8464301574575157, 0.49015786547890516, -1.7371950366391644, 2.0768268813500272, -3.2804399435543736, 1.341523957737799, -1.767221249932829, -3.237614865538127, -2.523832128592213, -0.8181222041496214, 0.8215955486133381, 3.3580893628806527, 2.919983596046082, 0.32641177310772884, -2.253252814282378, -0.5904225262882465, 1.1945134232882115, -1.3797713733125594, 2.2186904098145104, 0.07812110716996312, 0.9982277051108429, -2.4070225664565763, -0.6298042215181239, 2.6723091794264064, 0.6941139637701996, -0.7888190522081664, 0.6877705899447426, -3.2724990435770387, -1.5089263248493068, 1.2972019945786208, 2.9111606255513607, -2.413161805514934, 0.6741983167806872, 2.0822615443567836, 1.3162833101565088, 0.3402339070878728, -2.5151352979133508, 0.43715948378972147, 0.513770260916181, -1.1414026661083168, -2.121983586199258, 1.129932727328126, 2.8753800842186377, 2.284628607263525, 0.9108744668927073, -0.17977695902107715, 3.4843860536625946, -1.8079963767422633, -1.5295279559018002, -1.9074987530261032]",0.8599333015721772
5,"[-0.940880639776837, 2.0154806437161485, -1.7893653302964618, -2.2735803061097806, -3.952783614571295, -1.554901515971321, -1.5111720981569918, 1.9723506770721737, 1.8972513089950496, -2.603583181805801, 2.1459586632626517, -0.4188544453055376, 1.085241029963918, -2.5365762000265444, 0.23783317896311296, 1.7031793273934586, -3.0895523014355923, 3.5395381457327386, -1.8733445874030368, -1.0698770099116601, -1.142697636157771, -2.375211718374457, -2.1768640920000353, 0.6535036963873722, 0.17690949423416025, 1.3490213982227668, 1.5578557610904369, 0.14189846565801298, -1.1114949985338602, 1.6885471689724434, -0.4685525115280713, -1.030685863789517, 1.3544065290495855, 0.1920489878839705, 0.581312567336927, -2.123512541390237, -1.0606685811747683, 2.553865534114302, 2.714518705318725, -2.017425211774211, 2.5271648960048863, -1.0561392295470102, -2.1084862735037, -1.2317828758342892, 1.7001525840024367, -3.2698806007762684, 1.7005087624992925, 1.592972110637835, 2.4609156571667428, 2.2173549604436174, -2.1594526059931223, 1.8476520103623457, -1.5074333534268547, -0.685960373877998, -1.083097531710788, 2.0597693887926334, 3.187317278374108, 2.0871599860546572, 3.25086839483095, 1.1563728530683273, -0.0288375567942869, -2.3261966994393557, -2.4549540913322128, -0.8486435092025902]",0.8608852755194218
5,"[-2.182219091265878, 1.7549264976835903, -2.5438064334843102, 0.013315943536667624, -0.9521860533050512, -0.9967141381696619, -2.183204042534949, -3.3051718680820987, 0.3003845510839397, -1.8394579857805171, 1.4350132005762373, -0.3698265944018584, 2.8687634617646274, -0.7481470526458649, -3.498016945389277, 0.35007454732158827, -0.12271704168983594, -0.7067461526358577, -0.5666592248304159, 0.043869973163281756, -3.310812353359959, -2.10336687718098, -0.11793520563052162, -1.4588437506115393, -1.2429062054471032, 3.5069829707400366, 2.9298102364932013, 3.0422300036463588, -0.9545225603069075, 0.5047200975191013, -1.6887484227678962, -1.890596829178285, 3.5221934662924053, 1.727129739571233, -1.1948187248936064, 1.1516446893173422, -1.7568439416142188, 2.105468553138202, 2.492842845790944, 0.6497161705614961, -1.6470602169271253, 0.2676163080656089, -0.5911001621088616, -0.7118689816414339, -0.47780591893305807, -1.2901600276271632, 2.1179817494589575, -1.728523996506425, 2.54819503171729, -3.5124110368891714, -1.610244018035865, -0.09824253131724525, -3.39366792847709, 0.11312083850515836, -3.482813980130927, -1.7405100847561013, 3.080484362861813, 2.001953136678144, 2.2508708302905385, 0.7537390504409347, -0.6823963708384846, 2.205643837214182, -2.3437278323884483, -1.492621110096839]",0.8621262458471761
5,"[0.90368495364088, 3.7052812162324655, -2.179995902805265, -0.9908435161007967, -2.026870857539979, -1.326433153244349, -1.795500997261275, -0.022000628120597887, -1.592688267014724, -2.006879898798481, 1.1410325500164813, -3.1174441601044123, 0.17772166428967973, -0.5260129563176392, -0.49493661025421964, -0.17499717358307976, -0.7505962536415619, 1.8593343956073505, -3.038046054182499, 1.0192665517292059, 0.1879688293056483, -1.4650868295269546, -0.7531101302288264, -0.6572274984556241, -1.1384047790047975, 3.044410693645146, 2.9708243997453585, 1.6210226599760276, -1.9341380458916018, 1.117408982937557, -1.2748534248276606, -2.443290855167382, 1.627052890637568, 0.7740514550843671, 0.21061549775489952, -0.2975445054944234, -1.0341098549917425, 1.304930584225041, 2.7457082774363855, -3.497114144051808, -0.29363975939499065, -2.3511773264756712, -1.8440583160848996, 1.4477866957075927, 0.9886911324912351, -2.4944568262877644, 1.6972786312594548, 0.0014714193678875276, 3.4258769620705007, -2.1791533945063732, -2.610329828811225, 2.2238580767461222, -0.32388322323413266, 0.5207939548213993, -2.5236618650747746, -0.03756346114320763, 2.05636351170876, 2.282836317337871, 3.1205243303547476, -0.4413662120543492, 2.407954507744539, -0.6681281126383194, -1.8290183236640702, -2.234376758942747]",0.8632218844984803
5,"[-2.5641512730790486, 2.703851820502893, -2.0566023349649987, -0.10465648376062606, -2.8034204091121993, -0.486981311398372, -1.6965283720373303, -0.8343395501922637, 0.7100883882734381, -0.8042016153727531, 1.8407835730455038, -1.7171248116097466, 3.452521141170517, 0.24271694293062585, -0.6779780591329614, 2.394127705286884, 0.5360313910612142, 0.18708857219776565, 0.06627017724362527, 1.0235218530896195, -3.0975702967821244, -2.503569776496701, -0.9273448613645943, -0.8812892124364251, -1.2337879499792719, 2.9615962702454426, 2.9636142171377045, 1.6877752207138634, -0.9143337125389878, 1.0037686616599133, -1.6947926909104796, -2.003683649330872, 3.5677126240738635, 2.2746701383728736, 0.32452807235612824, 1.43402665334601, -1.443288584696456, 2.1793437951444528, 0.6736591450804809, -0.5010550289158557, -2.5991774688594003, 1.6831555485768943, 1.9884363863868715, -0.5288054880105082, 0.4337591218511886, -2.7414268942623146, 1.6998059229381957, -2.2231367117853544, 1.3016968049366058, -3.17890015779739, -1.768483001209109, 0.11153763142738327, -2.666334581789952, 1.4026725250759968, -3.7394528252089345, -1.0989910136912884, 2.954936949247364, 1.8708290417606714, 3.193641703448001, 2.7096497280658483, 3.0385816098684852, 1.5803843040022214, -2.585079200507909, -2.6618466603801196]",0.8650793650793651
5,"[0.14817881041697745, 3.7329737771046205, -1.7693339639445298, -0.941640891413243, -2.692841187209765, -1.5001747277587405, -2.3767005076139283, -2.4890704466954414, 2.102479472519309, -2.6733955003395433, -0.3803778842994068, -3.383940281771657, 2.1059481083874423, -2.3745913265268337, -3.209798289337932, 2.1281603177823216, 0.4524257885825699, 0.70387701349444, -2.472433218048725, -0.5476574732561175, -2.449970750472566, -1.9151559507484057, -2.5543421838669444, -0.731528383305567, 0.9075853669076503, 1.6480080446365712, 1.535877606881923, 3.220465545191782, -2.7104349221562565, 0.28024713641332344, -1.7471218965824185, -1.0368681296272158, 3.3310321986911404, -0.39612704480850636, -1.0314919433174565, 1.3486124532076746, -0.35281003450804294, 2.7157137659630695, -0.1555075482468693, -0.5227338277485356, -0.971017046275273, 1.5497786391340067, 0.15102156038284298, 1.3136024504182955, 0.23266892231022324, 0.13167881824941152, 1.979480516688503, 2.4019455377609593, 2.5881205435864305, -2.4274785147997857, -1.692758630645328, 2.474636853755722, -1.125999335125148, 0.289292440905461, -1.9671301875917038, -2.5642361174389228, 1.6655386195725637, 2.27616873086434, 2.4145562715804445, 0.3272500950900499, 0.9827793305050145, -0.7720994676166892, -2.7537961843083605, -2.661406852374093]",0.867595818815331
5,"[-1.8338676114653274, 3.374681926808723, -1.5226546804203553, -2.2262034345806345, -3.451431667542073, -2.724315634938509, -1.520448395612143, 0.848725404104201, 1.2362097014402131, -1.6445709937241189, 0.027267978100067758, -1.0767296161074793, 1.5013660990023154, -1.424311960631493, -2.806256104355851, 1.735475987018591, -3.758007120180595, 3.171970254739266, -2.525173630886672, -1.8414140593702626, -0.09901017884379903, -0.27467785737583095, -0.642057497889928, -0.10723835280530697, -0.6489478639981054, 2.1045434023987104, 2.8252114011203995, 1.0684187048610343, 0.4893813211576803, 1.4373567444614985, -0.3154018597162073, -0.8926268497009863, 2.0685415651288115, 2.498505386528717, -1.2159147489185866, 0.8161257407457251, -0.5778422182183807, 2.232477502549038, 2.080305866932015, -0.44427636036641693, 2.4088602771119714, -1.1672556860624652, -2.3203907329041775, 1.1114806392204548, 2.1892805422446324, -2.0914918481986904, 0.14722984512175652, 0.13485503385237352, 3.1094777388818224, 0.9540618300194013, -2.760727627330512, 2.620486713197036, -1.2126277939425907, -0.3029976817276494, -0.6398444964219681, -1.0801246575724803, 3.2178175904832913, 2.2846599497461835, 2.7811601138644324, 2.2150682065999483, 2.7689001942346225, -2.3594575088347725, -2.0255760344743767, -2.994563200632456]",0.8702502316960148
5,"[-1.8998018523509423, 2.6020404999240703, -2.063812261631524, 3.3505340019969543, -3.9047776202141558, -1.163498162384058, -1.9926536659127703, 0.8145136922196955, 1.1414959442302655, 2.3382376317768547, 1.5564128888546545, -0.5460823203418783, 3.0695323323773076, 1.0930939178864048, -1.4989464023542864, -0.9643010724896124, 0.6649236161827332, -2.220484939274084, 2.2450369289034047, 1.9087068160799858, -1.33527423334633, 0.6022165867442282, -1.4370885105691187, 1.6024079449195916, -0.1148877632009675, 3.1876098565502686, 2.332051801513403, 3.7142462047658413, -1.6156892909156988, -1.740466075413141, 2.0189145280089806, 0.5666312268636244, 2.210814538306913, 1.2332423077852428, -2.1305069272432937, -0.3687693610785614, 0.27485077957481896, 2.757663584624643, 0.24179317450679705, 0.6541510305740028, -1.3051730505569965, 0.9617805599881568, 0.6984879998800095, -1.2581848679025802, -1.3119343205134608, -0.5083219398493826, 2.0809019547547942, 1.6266369051661238, -0.6721725354286687, -2.506011978865061, -2.531523013739772, -2.8904554901753974, 0.5684000645442187, -0.4720302564776621, -3.3841696951104137, 1.0877666064180551, -0.8406934179999414, 2.2139783744630295, 1.003166713035502, -2.459244368444511, 1.5780369375852117, -0.7697595305492122, -1.2689412084929694, -2.28098858042837]",0.8709844559585492
5,"[-1.012917722143509, 1.2325919278905477, -2.5621935475489703, 2.5515838393692754, -1.675861244434242, -0.46691287159801675, -2.507291998547364, 0.80787516450304, 0.28060855052625855, 0.5273702767728218, 1.8796840354563515, -0.27795992368660183, 2.4295700052941127, -2.1236872160789293, -1.1572162300754512, 1.6164537361487308, 0.7196792074932732, -2.0471177591957406, 1.2120009597971726, 0.6644720282267749, -2.740078449590131, -3.4592913242271863, 0.09906159770753464, 1.8297558461003562, 0.018172852604511847, 3.0597745189974748, 1.5964339045741065, 0.99511666134303, -1.9459431680986894, 1.6267108209186514, -1.11015248944211, -1.7820980958552002, 2.1789255194864654, 1.114227904256058, -0.8066587896656991, 1.7445333919628614, -1.343068239274687, 1.8232733018018663, 1.1657931909554369, -0.7438687057999434, -2.4751822473255194, 2.2346848884685606, 1.2432529088829052, -0.5885901808211575, -1.3730785466067434, -3.04630114669033, -0.5579105149073966, -1.8312662474407189, 2.7506108025606544, -2.033251980673642, -2.142205596018802, 2.6110611863056907, -2.0276035976672877, 0.9241650480464838, -3.1608428987663473, -0.6166474769536834, 2.967730610501362, 1.731810047506946, 2.960886367795704, 0.8332775465752611, 3.8590921331301584, 2.1845148677851016, -2.4656755924003044, -2.53335469570052]",0.8720999405116002
5,"[0.3898537124497228, 3.0377335444202047, -1.6169641354417594, -2.2365338360684976, -2.0219910406659487, 1.3745909878769824, -0.5998725631437245, 2.3024634975090263, 3.2969955226587664, -1.5143253777383494, 0.5310841512146971, 0.02442047453596219, 0.6274416937000216, -1.5005326029916761, -3.497301302456477, 0.5141083016184362, -2.127852389739009, 2.242551758624309, -4.00798318189766, 1.1772388397643558, 1.023707467694925, 0.15969916578797239, 0.8737496348670222, 0.03068297386832347, 1.972011525179667, 0.5135275124009413, 2.893165605219003, 0.5385107821224101, -1.7477520443190677, 2.2915147931563444, -0.4918351233602095, -1.668655062387396, 3.459606491864895, 0.7949067357761617, -0.8652091552262466, 1.295571511512962, -1.3545638135938003, 2.7581694072458074, 1.4321049334494562, -1.1153885642167274, 3.0450952952497774, -2.486470884333194, -2.0437420319046344, 0.267048433640356, 2.5418609447747276, -2.9729184527693535, 0.2842676218911466, 1.467757839234686, 1.4977860379953865, 1.3363927959188724, -1.743965156259189, 2.0657997508039125, 0.6846750463606137, -1.756230612765182, -1.0786778169121254, 3.345422760495471, 2.3933780022415596, 2.1655897842288687, 1.4929496193765148, 2.66244293758339, 2.159354205937793, -0.8893250859606232, -1.9138778306441484, -2.0341776827821567]",0.8724954462659381
5,"[0.25317152996164755, 3.383233810964015, -2.4332824890960207, -1.1119514010983471, -1.1603787414022309, 0.5706907127824337, -0.36011226115798256, -0.3137247255623221, -0.1671665044471743, 0.8285737745641444, 1.6958724855352643, 0.40357226317339306, 2.3012681858517436, -2.7414205083925967, -0.3808660282410903, 1.6854030124301347, 0.3963185616920438, -1.8709958864368625, 1.2308209667183752, 1.9190872254670313, -1.6916846580623657, -3.0859242751597202, 0.28155501349371237, -0.9792114783440424, 0.5373279999132259, 1.6089834340829479, 2.471620951708872, 2.812783448184871, -1.8360084009473097, -0.6915920443383551, -0.8360024726671816, -1.8485614485622375, 2.7843724338251556, 1.9869971743464725, -1.4673641112891072, 1.4657333019797414, 1.363510887191955, 1.7061096526559334, -1.305250724688047, -0.3531040697942421, -0.6123884406860705, 2.339246908003947, -0.5181606414921502, -2.1090372141707006, -0.7408615345244625, -0.20289555445377783, -0.08308488787542934, -1.3397205235311311, 1.5074594003913642, -2.9049942168193494, 0.16386447195479414, 1.1954901161491338, -1.7384873303824966, 0.07164298834609584, -2.588646832235087, -1.2217643700518424, 0.5554371549948107, 2.285471230551174, 0.41854745345458766, -0.8923745192274626, 3.7553091100056437, 2.057295476607054, -2.302210182876795, -1.886151314609844]",0.875
5,"[0.7817663064504339, 3.410652538229937, -0.6323654865098973, -0.6233521921486661, -3.5766935285208117, -1.2596553820766705, -2.6336757307482768, 2.2666683640258256, 0.26147448535016027, 0.8949241428905723, 2.1425785339429892, -0.5578323679804891, 2.5187810053368764, -1.525814394876492, -1.0244179673481537, -0.012041175885521106, 2.221675930144122, -2.1797705275917867, 1.1799945035160044, 2.099983436082261, -2.520542809269282, -3.2769169017586672, -0.9359114775782158, -1.7108490911745085, 1.3234010369084142, 2.528093834984631, 2.5602086278444043, 3.4273264893639337, -2.793449867672229, -0.9893500468426659, -0.6480750927332201, -0.5166099537609535, 2.296028519548413, 2.47645089426342, -1.8779609169782143, 1.7549023051035229, 1.0730945268224228, 2.766643967559784, -0.3930226406020821, 0.21588719710137294, -2.2223445087821263, 1.3373066121641108, 3.1191086559573207, -3.2850914398752797, -1.1393651036564703, -1.8172903810475667, 0.4228708889190078, -1.8017786338632535, 1.8425360589273778, -1.494430265028114, 0.6189778493863496, 2.3094871067735236, -1.7431463649762087, 0.4707752589724412, -3.914201707723477, -1.2872730791366607, 2.6192255993437565, 2.2618722089489403, 3.3715196228962134, -1.4999406995540983, 0.18754447794468243, 0.18818250796323222, -1.5422256867246924, -3.031408772281757]",0.8756972111553785
5,"[0.14202039590768345, 2.5756831136899105, -0.8314635557710399, 1.2674429019396989, -2.6117166075366276, -0.43748193510580763, -2.18310496530398, 0.5004481199741292, -1.7132292129162325, 1.1244183379817017, 1.5962058485687207, 0.39721606106377094, 1.9543063501585753, -0.5005216194143058, -1.3456496473575756, 0.5322929622912685, 1.3474364183469665, -0.2405292677858053, 1.7262442396488413, -1.303894712117807, -2.8002731279300743, -2.4226629979950767, -2.575376120266688, 0.23661091035648618, 0.5458272529756105, 3.468029830740687, 1.9023010995149443, 3.5132572264981423, -2.3371310442450683, -1.2644193020861059, -1.1477133930255417, -0.908002772785131, 1.163078000717355, 2.404192013578782, -1.6374610116182764, -0.9979874163903977, -1.128829154347716, 2.867259659657502, -2.2280101737242965, 0.5798037121414479, -0.17355521876433389, 1.8048370023648204, 3.173065680924028, -1.6034891968025116, -0.8717294538046568, -3.4113290813393315, 0.764999702339158, -2.09515124072338, 3.398767054388939, -3.381363288442592, -0.8623284151370288, 1.6342230508801792, -2.588975194971006, -0.2836513428996754, -2.899365088398581, -0.26720098729870745, 1.233767195178742, 2.013775976648377, 3.3241823407497404, -0.6956824012560185, -0.6311824230518261, -1.3876900354705621, -2.122759989447642, -1.990849798041913]",0.8777544596012592
5,"[-1.5944424743945043, 3.389173866884078, 0.4834478825139963, -2.135026526346791, -2.0419880983267236, -2.4439909012010115, -2.591823802086026, 1.8588699679662504, -0.3906452514746539, -2.134365002254159, 1.3648770910340178, -0.9308071393197715, 0.5770596213841734, -2.901694393955726, -2.509180551845824, 0.752377693536713, -2.7772406757772585, 2.9782064225587215, -1.27305547377563, 0.7747085396443089, -0.21072973806405382, -0.752513414805228, 0.40231503487585785, -1.0221599006581943, 1.1466773988281638, 2.3019882075759845, 0.41241803611004046, 2.3155086647706153, 0.07088685969809116, 2.2372620473477043, -1.0683158971210454, -2.4713664884705118, 0.4693804240328474, 1.1046049478367161, -0.4289123082326982, 1.3951638053510542, 0.38503831585166887, 1.3705491031193824, 1.5684497677264861, -3.1875987161443113, 1.412985555913949, 0.16496812835385244, -2.521353546614131, -0.3146450801522167, 0.5876297357228919, -2.793616738803151, 0.8620656067248329, -1.9441775308870994, 3.335151261969283, -0.4169242814940013, -2.8277902997587585, 2.620572866026807, -1.5981710472700146, -2.9125793324708353, 2.2914930895201104, 0.3840739230060932, -0.2734224019188902, 2.185659420941055, 2.5328155495126845, 2.050263188296727, 1.4602092818574242, -2.359091385795555, -1.9671579437702371, -1.0301050859344227]",0.8781907747424988
5,"[-2.18602866839722, 2.5016787445671627, -1.3486831043387753, -2.559014450290341, -2.2075030302411043, -1.6995634538358049, -1.1578641466112962, 2.49912453321125, 1.8338301238517962, -2.6672218587885133, 2.1364728967748894, -1.2530327616422294, 0.464697104111085, -1.7041452758721443, -1.307940871652595, 0.30560830714019716, -3.823755280519091, 2.664368225952181, -1.9577986770639384, 0.9255215047858025, -0.2640048735112839, 0.5383816592075912, -1.2065993728644342, 0.34243494467593666, -1.435746876070993, 3.4223195140809977, 1.5053846265380528, 0.7320231638529363, -1.4144543162588272, 1.3407753535544353, 0.07384756842911751, -0.649181259141825, 1.2663954402480724, 2.5097795603671913, 0.2491597992771491, 0.1510870547894243, -1.38250982526497, 1.769338138845304, 2.2665733371767973, -3.180541005057517, 1.1472697604886917, -0.5830467723425196, -2.00519649842435, -0.17334296531274979, 1.8474404559967756, -3.3366576036835562, 3.309308926947281, -0.935975873650963, 2.5479078117388494, 0.6410048848051575, -0.9146843302843486, 2.620642002015213, -1.2846729537975352, -2.83384197638428, -1.3850845143623813, 0.9207583489162706, 3.2041169415569546, 2.277720114304407, 3.3867769206047753, 2.0190713269149363, 2.888094990604503, -1.1553270312133708, -1.458473203977821, -2.37583390656751]",0.879401833092137
5,"[-3.281500751091838, 2.7486632274917655, -2.066637994517611, -0.9724146456904391, -1.6624839778017981, -1.7064041417801108, -2.2936856995500596, 2.109647757901417, -0.9657666275359245, 0.9810343057872077, 1.3880469701773739, -1.1607285791863147, 2.4108082391406214, -2.3594126021912896, -3.1834983144123514, 0.7069500825121711, 0.2678560025382612, -0.32045589943734587, -2.137007405163909, 0.686266697570281, -2.6885635055958272, -0.5445773440031864, -1.6672153967051204, -1.354273514172757, 0.6383148390862246, 2.8902563250310656, 2.4792282961878516, 0.3776991834394905, -2.3176817758393886, 1.464080355525038, -1.3631936299576513, -0.6703401172989858, 3.576755604677103, 1.5076975540146031, -1.5757322059233236, -0.9473919692439807, -1.1292798995888862, 2.856843203253577, 1.7673254494385218, -0.9842510248996008, -1.1491374603187634, 1.1218475455991805, 1.203834592925577, -0.7313782923348047, -2.7170932521412476, -1.2992500510768195, 0.8466036916098512, -2.2670338501136094, 3.4113316269266365, -2.9418164732634238, -2.6338201150326443, 1.418106545330315, -1.4190796305075666, -0.7281193091760458, -3.880111696829638, -0.8833147036892295, 2.878410061779034, 2.0570243351004125, 3.3966525850181384, 1.318205571794056, 3.8911180304714725, 0.380695977427709, -1.465203795170813, -0.8864853159916841]",0.879654859218892
5,"[-1.2232961356570622, 2.8485405172980025, -1.6373724306166195, -1.538968569611843, -3.540499085748422, -0.0064389097681687435, -2.170841356912822, 0.08591438114571953, 0.5690296642772645, 1.7368811613885198, 1.7046587073440105, 1.4094852325905893, 1.0028631242877455, -0.03745215478176056, -0.848742302254384, 0.7174457383323558, 1.1731397171603954, -1.8602846626590281, 2.396429212279521, -0.4021984363047568, -2.7823098926754612, -3.106022624582839, 0.18940026792188863, 0.8314530922492369, 0.20123735643982896, 3.507009074276872, 2.973480919221055, 2.997496228723812, -1.6683201985421705, -0.7412131178888606, -1.2728316915463198, 2.191121384651791, 2.8332744030837547, 0.897958670274712, -3.361286007048474, -2.568848735002949, -0.49433430377916343, 1.9452860625493957, -0.8554586014652308, 2.5015222555072976, -1.4417201516490963, 2.6524941941449414, -0.6710061218199359, -3.129361081553989, -2.0662123608125764, -3.2506034976800837, -2.0647768796590453, -1.756527173278737, 1.9256206732012067, -3.3790380653016823, 2.16164965186893, 1.628150442630696, -3.3829960084902484, -0.338227458549946, -0.8159539814862216, 0.2738497863313592, 0.8900002859905454, 2.284579254177051, 2.3453088100514017, -0.21540015729409193, 0.4874739320888174, -0.5801870298379195, -2.5110243367977825, -2.983727700250991]",0.8797814207650273
5,"[-0.6519248363058154, 2.5086670485633746, -2.017550402323333, -0.9447929807101153, -0.2513508524513295, -2.081347166860734, -1.2561473174141171, -2.6131581600730462, 0.3061613228360683, -0.8338702646337398, 0.853346877143885, -1.5229514834484532, 1.714981211898416, -0.26498426334352276, -3.461118244755101, -1.719050823677117, -2.988192362529019, -1.5862514696043726, -1.1269931420195145, 0.31259126173691903, -2.170692748053537, -1.1122109765767838, -1.1959263455810323, -0.4848918768660398, 1.0495013060389946, 3.507938784455957, 1.0096346772667106, 3.1867486656002186, -1.3269677131568616, 0.9408318283850232, -1.4579625298359349, -2.424806245898331, 3.1307561289581, 2.5014899620656124, -1.903618555867534, 0.14974522349651745, -0.06284547876482266, 2.252357930328027, 1.2456687083748506, 1.5079341180947048, -1.9756088165032717, 2.338064382953079, 1.3566099660808333, -0.8780379371057132, -1.528760743354177, -1.1347069255550715, -0.4710062563326908, -0.3369976268244833, 0.33073608291070056, -3.512460184015859, -1.8213680751753307, 1.1724283007984209, -3.383008148270256, -0.9994230080011303, -3.0965104750049086, -2.2049159286483135, 2.8454693575752446, 1.920731145232903, 2.636002844502656, 2.0064297214341327, 3.72220838637264, 0.15009911133637432, -2.263019607241215, -2.9853092911158816]",0.8798920377867746
5,"[-2.020745763862286, 2.5733118911450905, -2.635078313071071, -2.264621875468159, -3.912201093059325, 0.13188455406572863, -1.2504288228079394, -0.3020721522003206, -0.13741067863657908, -2.1262740955204995, 1.946330957795366, -3.3901284703971033, -0.9950147385498163, -2.8107515423578167, -1.9677876484831822, 0.03724684760303032, -1.614813865418949, 1.824315338730998, -1.6512222706151611, 0.19743876104219638, -1.0993182160295532, -2.1301645828801385, -0.9774043167502255, -1.436744018863021, -0.3138380898506865, 2.377926417520117, 1.637010047143897, 1.4432358972407187, -2.7120600494460962, 2.176687025099984, -2.3292057159396578, -0.8361622031387022, 1.4946930562254899, -0.16134919818745508, 0.6990640702951789, -0.909635927586856, -1.1105791793726945, 1.019934232983425, 2.4309133814064987, -3.0360651274263133, 2.717956120321849, -1.424557826761303, -1.9910783248095256, -1.4470262059636507, 3.5932388035858684, -0.9006905444564328, 1.1774121571743237, -0.9029280638805679, 2.1757838459769956, -0.07259595052595302, -2.7597525209963942, 0.7895732999922753, 1.5479059707366496, -1.455624073160837, -2.516363980360415, 3.026973318841166, 2.091415841853393, 2.275371344760402, 2.9467138472042373, -1.0875944446732924, 1.832945017380977, -1.8588363319919727, -2.193688106738789, -2.1975587070023463]",0.8809946714031972
