Run Index,Point,Objective Value
1,"[-3.754064942893925, 2.6667459213594467, -3.2196190397312203, 1.5372709830227569, -3.439918099126786, -1.7970846044756543, 0.7568271302237104, -3.0624377337476494, -1.36238533141051, 2.3101781472758534, -2.0809696010995005, 2.0276273721344955, 1.9862641053854908, -3.521901893510511, 2.220839455043242, -1.6304421156625761, -1.2016087702334457, -3.797093330776837, 1.5119296028119582, 0.7762788458180027, -2.1114316353264746, -2.6328226267868615, 2.6744430337916874, -2.9123696176432903, -2.0888621128304123, -1.9914381617461074, 0.2737280136896916, -0.6997996102717174, 1.9188322034034462, 0.43989824256672994, -2.545680093163879, 0.7786750199343981, -1.0698622530319177, 1.0895693535437248, 1.1557289488273221, 1.5175690582228512, 0.06388395129397839, 1.5860569176689623, -0.2512475047916552, -1.3468626207303132, -3.892824427702279, 0.4634875107233416, -0.5706999628485225, -2.9542384038232314, -0.12496018241798945, -2.452271601366126, 1.1914902017265128, -3.520438197828655, 1.429837674569407, -1.1500039071326336, 2.2425223479616214, -2.8215206029778757, 1.9025189813280394, -3.101729332410038, 3.252606179304216, 3.5229925005082166, 1.0401241152559764, 0.20077098373470156, 3.0605515649226414, 1.6117079389230964, -2.171027505104163, -1.1073753800065689, -3.915305708301897, 2.2937973939770977]",0.72
1,"[-3.7916123633500467, -0.5013740173829173, -0.8912665994693258, 0.09504569042884037, -2.8288796998327412, -1.859671245430257, 2.834622023033687, 0.9497893649593045, -1.9328285647176302, -0.8679082321287621, -3.179363095063763, 2.222547401931615, 1.1388732155152255, -2.5894800966795932, 0.2495433921460298, -3.1618508189595156, -1.1609449219611658, -2.443963162004809, 1.3720719421327932, 0.3047667747825912, -3.1581007056363775, 0.2714567662705548, 3.3085298188031365, -2.031957560325004, -2.845008667758096, -0.7808625632577223, 0.285774328128128, -0.7945851470704248, 1.9000728102997075, 2.433863358202691, -2.4201439953344384, 3.497565772791301, -1.6798435410172987, 2.0717696965079697, 0.2025705261021784, -0.9777567785796588, -2.881794394687826, 2.7835230037614322, -1.7191321562994162, -0.41722295790038744, -2.78911144939705, -0.9755351460317859, 2.1433191417323068, -2.8007831395452345, 1.1273342125675487, -1.6992192565688318, 0.9864713083656279, -2.8820815496065526, -0.6167811276086932, -0.6070505511901698, 1.0475164802936607, -2.9450808363184082, -0.034875370901417735, -0.0944829943813783, 3.379094736293078, 3.214141786107448, -0.44872225601866067, 0.36270042651696277, 2.1882805862304715, 3.023101420731692, 0.9601381858965222, -0.1266597394473039, -1.8532671050922507, 2.496282500237138]",0.72
1,"[-4.500077568285849, 0.9340250959029133, -1.102381110239094, -1.3894052759797497, -0.5303706558119399, 0.32225686063317904, 1.8995420228676778, -1.7494546123593335, 1.9172579128410696, 2.3836844229934675, -2.964543407552593, 2.5012783258802425, 2.811704131681342, -1.6211338974114085, -0.2945325975847846, -0.6459230389477528, -1.0955204462419519, -3.711637446665054, -1.0334101116353671, -1.544847329550923, -2.5527176662766267, -1.1971501720607698, 2.6989433714010698, 0.3671532416741057, -2.630417823833089, -0.2900381215604272, 0.12262908688464336, -0.6536032859087989, 0.3936223077637945, 3.84026568467282, -0.4663176051490354, 3.3116054204174765, -0.8230564220105212, 1.0607933130097456, -0.02531380791607718, -1.9163109987060418, -3.3916591628813983, 1.8044886995815745, -1.6713682434365087, -1.4292236472717026, -3.069032903675044, -0.7352937732343415, 3.677460280654034, -2.2095185308615064, 2.3258706798354245, -2.540962439694499, 0.9350918130788303, -0.4125581412149366, -0.08187204302087692, 1.9673156567303356, 2.0161300557975284, -3.519955231774991, -0.9061227894869148, 0.583454292589116, 3.401253606526781, 3.5169938639600495, -2.854893946383173, -3.342422359812552, 2.9563513871274685, 1.280848330314252, 1.9390516214227436, -2.5251992877535683, -2.9231787657635433, 2.747858015697574]",0.72
1,"[-4.076637552336392, 2.3646551182061164, -3.235005063120032, -1.6729728315405552, -3.5466734539676623, -1.246812773973562, -0.0283790498295593, -3.4266077514944335, -0.6722957266691668, 0.932048902103817, -1.4579590858861085, 3.4276604209401142, 2.1789182857730145, -2.0808726018552806, 3.791329950733795, 1.0158630791894667, -1.0550794016972254, -3.945629857925388, 2.416868489423925, -1.6697917101714927, -2.9928923668048157, -1.0367964857505003, 3.167255181932931, -2.8153180983188615, -2.3041289393624678, -0.4130500988042265, 0.2929390523514912, -1.7984231209879764, 3.13135560431524, -1.4464447394440123, 0.13507297506659777, 1.2492568188764772, -3.2839053656545376, -2.641780437400664, -0.8428292053137212, 1.9159499715492379, -0.060848476150121664, -0.048249758825902545, -0.5442658851712001, -2.57050313790311, -3.367727087425691, 0.8607298492690034, 0.892731158529483, -2.6787871706761472, 2.72764206380728, -1.8255446812161775, 0.24178794367948997, -0.7122937120032922, 2.6179740886344085, -1.5967520157012975, 0.3345080622348675, -3.936732141040223, 0.9373282289858931, -0.6652077141664869, 2.088511078430251, 3.3197745071076548, 0.9664590208975328, -0.44980542548748315, 3.106492271323302, 3.633301879428739, -3.490091064998559, -0.22632208583515223, -3.9094877577775824, 2.3321397775814274]",0.72
1,"[-0.8486887894698705, 1.9300888390819937, -2.096093691180695, 0.9347227186382003, -3.2223973273519384, -2.2825314993085186, -0.024598602873808995, -4.480880667319965, -0.9121331284202823, 2.353031867416927, -4.213051617832734, 0.07435069229870761, 1.103373687054059, -1.823319508287403, 2.758538429516259, -0.6866202288605712, -1.0981972933756567, -4.105456697425759, 3.225091422612858, -0.7100090290786021, -3.1291825028738445, -1.4615530519091804, 3.1391484009399644, -3.382166118158734, -2.1558368157664782, 0.5457707899572275, 0.30798257279020547, 0.310209038919414, 2.37360353246435, 1.5026097250181243, -3.008460997034522, 0.29974160277680395, 2.1173876811702663, 2.313467992115693, 0.7973661787758561, -0.21661850580120312, 0.8363344023372015, 0.4123684071434248, 0.27857227191246486, -2.16502392123975, -3.5032439759733123, 2.0201503117103643, -2.1849954605582838, -2.5627091494740273, -1.796845969341589, -1.0151957487734178, 0.9654773959745889, -3.228674094883495, 1.8849467716176356, -2.248073865977441, 2.6042817219604557, -3.8077142445896617, 0.19519194512612636, -1.83382465628505, 2.3894963964739055, 3.5044617710400994, 0.07109851676591039, -0.3333647647216661, 0.48997856644966964, 1.810599538597073, -1.6734346081015719, -0.4734311943252375, -3.2549050780719897, 2.7734588075826037]",0.72
1,"[-3.9394766369408165, 3.7563724581507127, -3.092607682422586, 1.9461517629568204, -2.7549867020449943, -1.6657036476415938, 0.581702986265413, -3.4636223448625083, -1.6235898232773052, -0.2837033989826079, -3.1240245539153064, 0.736110944119317, 2.333176750528295, -3.6956206700756793, 2.8631968706908393, -1.69965516440938, -1.3408359073980862, -2.375235173777097, 2.9085628393034786, 1.368609303828268, -1.761501033901454, -2.8402532069756945, 3.08339240048282, -3.250362324650025, -1.0221270504798898, -3.8200891804430097, 0.2957999728487928, -0.7486299029284359, 2.7927436360045195, -0.21343700542712957, -2.6643427774371053, 1.3982327649957302, -0.6263664833617713, -0.1767205053589741, 0.9137716708035778, 1.123922344734811, -1.315716799084349, -0.6385778576329981, -0.11326323780273273, 0.02212478538738938, -3.7271142703824833, -0.10020114924625512, -1.8744193599437904, -1.2819034556463744, 1.2497876628097215, -4.23242206898639, 0.3630001761272881, -3.6026937372843735, 1.001579410941488, -2.5512731695371302, 2.3888934308864225, -2.8957067227705373, 4.131065180358249, -2.9231576215608253, 3.263024798387992, 2.638841377918471, 0.6649924722137347, 0.3872119896090171, 2.43463434802181, 1.4104286503296248, -1.194028821461328, -0.6261112284792218, -2.8313055949144648, 2.731664662468819]",0.72
1,"[-3.0554510357954827, 0.48322297155512706, -2.6876189876070096, 3.604110604922604, -2.2201239689868455, -0.7205539296805612, -0.4079408700782807, -1.694882583946929, -2.504480457396031, 1.8030689734643097, -2.530128525361477, 3.5482830324222276, 1.6762161154439545, -3.3766212222549536, 2.79271792572284, -0.8629426540305427, -1.1050170595017785, -3.977454746409033, 1.3189985011139833, 1.439654663939757, -1.9372930274325926, -3.0810565077635546, 2.3814674635527537, -1.8813085207370697, -2.7730575663232897, -0.4677194349871132, 0.31470774864744605, -1.232082444007303, 3.124788518823131, 0.7158524470599259, -2.3663102172972295, 2.967265102634805, -2.2201557703873984, 1.2945770647505097, 1.4477504641836427, 1.0912106609955186, 0.10010074181902115, 1.3945220291812541, -0.06768464521209128, -0.8498910875340038, -2.160301103958414, -0.28490137919536496, 0.4727029776425735, -2.035501114820141, 1.1597426632067371, -3.91359156469776, 2.7906889431612285, -3.2955538592018354, 1.1599478858263172, 0.8349751827267768, 2.585718681367804, -0.9499078265525953, 3.8815695714825766, -3.0471172520440506, 3.3058191085106725, 2.4026643119651494, 2.0313351066405696, 1.3010642030753787, -1.0077582509725551, 1.072334772561347, -2.1245427167614235, -1.5441331488726595, -1.189126774410688, 2.056300049741333]",0.72
1,"[-3.5988501379998565, 1.013820582057017, -1.9286580600865175, 0.05296535548329584, -2.677030712450068, -2.0810288046603724, 0.985294041279976, -3.6261175992413444, 1.1676776463904877, 2.191738577911757, -2.0525645205604985, 0.4834186310896418, 0.6311585501788555, -3.076308327090037, 3.6340455109678853, -1.442234803781752, -1.0958719847954883, -4.156063837498081, 1.9593233791662534, -1.2606989295384006, -2.348633586994998, -1.908185013651286, 2.2391390764239008, -3.693923881896203, -1.8400734633913882, -2.3408156171063355, 0.22211190974596126, -1.1948669896360966, 2.3087589976056404, 0.043115092749371364, -3.88432237314373, 0.6172837783641978, -1.3657516144979394, 1.0749760099879153, 3.092366136143294, 2.8339622412769367, 1.9938305951133528, 1.3350818395591815, -0.44915437117066537, -0.08015505610968332, -2.59263280910453, 0.7349866840249238, -1.5762457943904353, -2.741318635032928, -0.138584793665589, -3.888428499109174, 0.4016745816654972, -2.9283469888944085, 1.7232580434480202, -1.3910576018117846, 3.245588387752111, -2.864938729116492, 1.8220635999108528, -2.360426760941996, 3.400661794788897, 0.8107151994893878, -0.0959503064320052, -0.25043118439978934, 3.677260924131809, 1.897274527344151, -3.462045278707513, -0.4007732639538645, -3.5727609729970973, 0.6896853816930637]",0.72
1,"[-3.383996850484466, 3.429455076588752, -2.1613429973649065, 1.2708312471584482, -3.0550344798694047, -2.2861541932930987, -0.16912723788681894, -0.9708691889761418, -3.8454717196441495, 0.6314608446860281, -2.1402531048809674, 3.303851503083245, 2.113683528773371, -3.0329865837779586, 2.2863320923847956, -0.8495776980387988, -1.1530117602744403, -2.9914237205085232, 0.03690994949317283, 1.8171731313783963, -1.2796251187674432, -2.3397702140212693, 3.3120302734301936, -2.825094636530364, -1.3128995169411553, -2.713082336493781, 0.29116784557354686, -0.4135219558153442, 2.0471002547648616, 0.34433173403071665, -3.693693610558014, -0.2712021861327303, -1.9936459382279557, -0.7157201235983661, 1.3397385686024887, 0.7259065393819426, 0.004580511395319398, 2.2311389519631133, 0.2904858530111023, -2.2211317166547753, -3.617141761606426, 0.3005119965400927, 0.4151835764188495, -2.2902317609617073, -0.9125843165605206, -4.419924907393486, 1.1469367717037393, -2.1512677743327595, 2.167462792594533, -0.991753643869822, 2.420859632998247, -1.5144313415560764, 2.8530802439373293, -2.0182442069756945, 1.4210626944348477, 3.5250362189548716, 0.09524756439133086, 0.18543693617781482, 2.1585663136284543, 1.7372182620620134, -2.886454623660938, 1.8982613843330207, -3.419890958986537, 3.126322754627429]",0.72
1,"[-1.7904807352427945, 1.6929016944663424, -3.170978675652991, -0.15042534288794185, -3.0938917216043613, -1.741691853070672, -0.24317393312124058, -3.5285653827629977, -2.089385381141729, 0.33419683269043077, -0.47598887839891435, 1.3572651590410505, -0.2581345797925516, -0.17401997552573745, 2.4939452391485006, -1.3115597026312356, -1.1313241048773073, -4.223572897189356, 1.4796541543042077, 1.6815682463545134, -1.2580289903424, -2.980611696471163, 2.005761130857584, -3.4126623600076567, -2.452847333872636, -2.152719108770098, 0.3381601005500034, -1.6538754959833213, 0.3859443919449186, -0.1061126475913109, -2.2037781947632897, 1.7477197863230707, 1.288885162647894, 2.2208933181236, -0.38820688304195716, 1.7290545717296286, 1.1062566642431277, 1.9155097170861728, 0.36829115718590477, -2.152829456604424, -3.438587309586346, -1.0904555740436317, 0.6429188425737382, -1.64683512255609, -0.2763091701986691, -2.115492416267711, 2.425011082855382, -3.6456856346064566, 2.10177890059837, -0.25752572348940406, 2.9163099129979564, -2.106196034114604, 0.6624278277984426, -2.913158936102546, 3.4004926373403586, 3.4264439921210834, 2.016270345657518, -1.712051772134142, 1.424974167546761, 0.045802353750012736, -3.921150829749581, -1.8820742738887561, -3.0114512742789934, 2.2880633809590796]",0.72
1,"[-4.500841485062729, 1.2189931141037538, -1.560947654301569, 0.2319560829264684, -3.54706837365897, -1.0729414827926365, 1.10237403855555, -3.209007044316313, -0.956344965485138, 2.3962014573275394, -2.2016521246049208, 1.053207125195966, 2.2423992499394156, -3.5601549680407416, 2.7709615062297863, 0.8040506011375401, -1.177253594130758, -4.209226197729835, -0.22998550013861885, 1.7177698274576045, -3.098109764913426, -1.221170220995356, 3.0763565704849465, -2.1127983547921163, -2.7330555036700126, -3.6480494120925377, 0.23563175518715443, -0.2147402108822326, -0.044224169609844655, 3.110294659778325, -1.8383620527777695, 1.8124282108585796, -1.8850172338785702, -0.13456124882025056, -1.5823607698624578, 2.8749244815451758, 0.6743844889461406, 2.0447143793721434, 0.24160440661502378, -0.9273785632059723, -4.257088558864819, 0.9008910262601935, -1.8079858452690594, -2.8188456999230147, -1.4810183899015013, -3.229329312110327, -0.8972625574899584, -2.508502616412625, -0.06921195392228285, 1.4647461298341375, 2.4562888113923984, -3.494590280964067, -0.09104525306596933, 0.03281122319062746, 3.0167778833894605, 3.49592224153743, 1.0475477467064946, 1.956869227939604, 3.517870340626891, -0.0855576391600299, -3.0055546648587264, -0.16088007558012524, -3.794083521304702, 1.2569677443119431]",0.72
1,"[-4.43403255087395, -0.10013633166686597, -3.1494232061032132, 0.8343347993516996, -2.0080446348304806, -0.557941847636495, 1.4714229063533852, -2.8541392137728283, -0.011668384242032426, 1.750803670990168, -2.532618167751645, 0.5678693650656244, 0.37639698711732206, -2.5196864513471717, 3.6527511717838577, -0.8765568694450518, -1.1482086428463505, -4.123508382951198, 0.23889920356256278, 1.1418339134424236, -3.0344005072342632, -1.714803105775594, 1.815505522950005, -3.686876759029754, -2.373161180408354, -1.122750752829234, 0.40053239804496205, 0.4464019356889454, 3.37533844361462, 1.0326700855693054, -2.650826219694615, 0.9519904405853592, 1.2736289875596418, 0.9313590305047639, 1.0134947926439597, 1.3957873778773862, 2.1510546500643413, 2.825611471024483, 0.48689360502322154, -2.404443148255746, -4.066524060360387, 1.4195266252051995, -2.8776322342061755, -2.22804717216784, 0.7482199566743876, -3.254088322478282, 1.518798249707063, -2.0254885750291196, 0.35908314960725796, -3.641768982049058, 3.537304788477765, -3.9786401382139465, 2.817920814725621, -1.8499989293532542, 3.3837996628187823, 2.026291859441186, 2.05701412359834, 0.7940996792302532, 1.9608361125198923, 2.034038672032643, -3.5887683300078623, -0.15963689791993707, -2.88133001052039, 2.072819852377966]",0.72
1,"[-3.838091371793942, 2.869138902942942, -1.9836647231398312, 2.294944226178753, -3.583402855949312, -1.884780808916647, 3.0425418916873452, -3.772661808042098, -1.6430476272653314, 2.384322734447242, -1.9670326307324, 1.8932012724705276, 2.7585005375056575, -3.739920971521842, 2.5377392248706983, -2.8577960822775674, -1.255547598981311, -3.7612670105738557, 0.2050705777427292, -0.4181963282806529, -2.921347613768911, -3.049778066333411, 3.313913991200624, -2.1349938909737003, -2.043917977337391, -3.504994020812255, 0.23584349165336183, -1.398535782228552, -1.0042408275919839, -0.0618901684538361, -4.160458984775934, 4.179928532712665, -0.20513684931565246, 1.288939728110409, 2.2316226556354875, 1.7135308439145012, 0.7997719819480886, 0.17444260275544088, 0.7980746374288178, -0.5968032387958966, -4.2343793012420035, 1.4620726907105215, -1.6113557488761046, -2.7224260620661176, -0.5876291930944633, -3.3612067823155147, 1.160864097609829, -3.6109971193824144, 1.9129407912403185, -2.171723684315678, 1.6811396385055735, -3.3601782674196397, 3.192942033152759, -3.0212354865334605, 1.265855552413569, 2.777027991374385, 1.5885565583596846, -0.3984683911770674, 2.251725208159238, 0.42292844753561054, -3.3142775675320952, -0.12843534931283868, -3.241853173122612, 3.2368535612929463]",0.72
1,"[-2.2744923731623086, 3.016522684808139, 0.133528531480688, 1.7473149911800083, -1.0043279392478568, -3.0648217213262066, 1.3018279763232665, -4.258495142460949, -2.363536159333899, -0.2748593082414166, -1.9442818002713973, 0.7007613249749691, 3.090087834457738, -3.1200288957937765, 2.3612971965259693, -1.561906077180844, -1.0346866090612465, -4.201769097381079, -0.5859339613394685, 0.8603305321113452, -1.1402900539463021, -2.3940890732370477, 3.3194169277451384, -3.656522995427539, -2.739879084602109, -3.5724306415538174, 0.23378918929799564, -0.6390150351740571, 0.8375552050397161, -0.043643432003539706, -3.287414867220149, -0.16752376120847545, -0.6547843515421603, 1.7622457398748066, 2.7525179134725093, 1.212752716539679, 0.6873114556703424, 2.4363411345923334, -0.24858806143508758, -0.2984032787200803, -2.7700558802675497, -0.6173646388440072, -1.2590142094576735, -2.935592744597218, 1.8753241452959521, -4.590706295870191, 1.4180572553298356, -3.372073164316409, -1.1018391545715707, 0.9138644551758268, 3.0516385783083666, -1.7698573365871086, 2.477116737296458, -3.0203489018783416, 3.268294409955846, 0.5902478178260528, 1.7369915059090175, -1.9800558586149621, 3.5485104272880807, 1.914947540454375, -1.4442907610266742, -0.08942483817424424, -3.3656195119076884, 2.409777676353652]",0.72
1,"[-4.37726927377371, 1.5778376998950425, -2.5592971086344027, 1.2536538787089233, -2.2219788275631505, -0.5903269329859003, 0.19528532817500166, -1.7730757587231927, -1.8539926581064252, 2.3502046948449298, -1.5644977575073173, 1.2004897387599427, 0.36684447478254734, -3.325495197335334, 2.0880747712590395, -0.7400890216700513, -1.2507862237160532, -4.203900173579062, -0.9915150886099905, 0.023372667212440135, -2.1480186275071818, -3.243347976922137, 2.279791074072516, -2.7175841059362074, -2.6383877553296977, -0.39069230413261447, 0.4313264075903487, -1.5244091514570608, 0.92465127897819, 1.851558836921965, -2.521073683461392, 0.5994509324793977, -1.2253991165543487, 0.4908460884583786, 1.7539435764385496, 1.0166253671855245, 0.3882127297060403, 1.961385082756562, 0.056602397538504934, -1.8310970160093336, -4.225413657323005, -2.6880418788097895, -1.1744745470157667, -2.7401066195234316, 1.178453234289992, -3.9221496417577986, 1.4789105569044756, -3.402328511989885, 2.0805719161851917, -2.6025189346352824, 2.4850714944226495, -1.45556740895043, 0.4205148512403154, -2.255787268955335, 3.052535996286164, 1.1582269776298881, 2.356824596975975, 0.14413509727425997, 2.337525972367522, 1.6471483862421026, -3.5073887020847554, 0.35676493173298346, -3.6360861512452387, 3.2194477703278515]",0.72
1,"[-4.00237412813417, 3.0518664469414847, -3.1614596123222665, 2.896020223919107, -3.5161005696680854, 0.027063092376393705, 0.11084639891862336, -2.7911846422565842, -2.292702572138174, 1.6108153876776947, -3.927113664789994, 2.6449403248633447, 2.4756035658946445, -3.6150181403323884, 2.3980087095872555, 0.7973593632710135, -1.4200227607241127, -4.0285031486566805, 0.017584925041771338, -0.6226824496213746, -1.006361508397803, -1.776007175999455, 1.2857180214238435, -1.428643060490916, -2.3331865194438324, -1.8938990430071734, 0.48313868435026963, -0.1676115143002943, -0.11853547722367819, 1.5411238750803427, -1.1023887761359266, -0.19391670254201365, 0.24737755992528299, -0.34717847601635854, 0.30198377726678227, 1.7863394911912456, -0.024241337713243827, 1.5035761107580772, 0.30643802158378064, -2.210851899141617, -1.5213922760548133, 0.6959308670363646, -0.15345810516958425, -1.939302104522417, -0.04178401757220612, -2.3609959699638465, 0.64296412177122, -3.648388621771729, -0.005595882309399558, -3.440567780108302, 1.0236039100408298, -3.9714348033229494, 3.155744487749918, -1.2633332956042898, 3.1084973089619603, 3.1230120720504972, -0.2874913579519611, -1.0827877773594885, 1.290341433269662, -0.09791896286299862, -3.713283027138387, -1.8745769347743264, -3.734734245672308, 3.1066126932592932]",0.72
1,"[-2.6853729769858283, 2.116668300812333, -1.1276949509465974, 1.611616315320405, -3.319005778434115, -3.076064878553227, 1.841665001278698, -4.409446957923702, -2.0746660942489434, 2.038608722568912, -0.2438725489236493, 1.7849192602635242, 1.4776042474311553, -2.6288394828368125, 2.3147042657117463, -0.9709727004588918, -1.3577515677643732, -4.168008508822128, -0.14830181890696803, 1.5911108176402733, -2.1015687275677157, -2.4408475272404733, -0.32587021850312814, -2.2314708117017985, -2.099664008976391, -0.5672477254766739, 0.35824021722839244, -1.0686425525992074, 1.1866089386836716, 2.4068848790377775, -1.5784275146534061, 0.9928128699530054, -2.3838907631675887, 1.30815308927694, 0.3959204387677253, 2.554355039060229, -1.1863672583059761, 2.3146627600404113, 2.0579818098356117, -2.4060032639700983, -2.177053905320033, -0.33009021781394543, -1.6506673074349114, -2.9199659264598554, -0.9291625091986616, -3.439915347879147, 1.5521412833114359, -3.6318605104375443, 1.3683285415489146, -0.22364062133576867, 0.6547254848624733, -2.16709676821953, 1.9203655020315866, -1.8245928398073787, 2.985916287199197, 2.8617581428633807, 0.42465814153805925, -0.18925002205692715, 1.9510153054877062, -0.13462531375801023, -3.5587691050852266, -0.8591544910246056, -3.9202606443820165, 3.2245676794000895]",0.72
1,"[-3.6194743868996007, 2.2701816387113394, -2.9148511171117066, 0.5338370403466044, -3.026194694617526, -2.532380749768829, 3.6159900116938304, -3.96141266472768, -1.530256787790883, 1.74674019669883, 0.799474828820395, 3.265797460143518, 1.6815469683940143, -3.06967567911168, 1.9343933601271661, 0.5501403879484514, -1.0976323846263238, -3.6728205419339686, 2.9157295351044987, 1.4142329616119371, -3.1578497326111608, -2.3640186838068384, 1.5487839160163073, -1.7409669191356731, -1.0263688837052025, -1.7673366410168558, 0.3013053750211725, -1.664814603521434, 1.6424448488045467, 0.23762924013772457, -3.7980428145358096, -0.13859555613063868, -3.3702755387532046, 0.9143034750572052, 1.1213660697613186, 2.7022619040715803, 1.9009893875731971, 2.8665576154919603, 0.27774909520910834, -1.9443114352058584, -3.60755202633049, 2.577067326677406, -0.2797507056330444, -1.9466735739047367, -1.3320766055378863, -2.01735189437292, 0.7264362935662949, -3.5604133130309856, 1.1840188221513568, -3.432902700935072, 2.0850570196010287, -0.992530752474754, 0.4293313800181333, -2.5863544681486577, 1.9843095956854855, 2.979364893717878, 1.504644509728002, -1.5569769994925915, 1.5689155028361739, 2.243525936126866, -3.05987786550596, -1.558510859117181, -2.3178235818095585, 1.1745323614201113]",0.72
1,"[-4.477867298181988, 2.0289437429631834, -1.966647353983415, 1.2008695698276806, -3.350136882434057, 0.6028207910018464, -0.789664938908536, -3.014525720516314, -3.011069663034979, -0.2347848621665496, -1.991089478507103, 1.6421119496297631, 2.0376783594321153, -3.5606938529647216, 3.809701558804621, -0.28838420975123535, -1.0509394418782905, -2.597626499089813, -1.5690430561443551, 0.9419322916647062, -1.8985425938107339, -3.215669068219523, 0.7782387316619646, -2.8680962773463694, -1.4965583734591117, -0.9344469338856332, 0.2277836995769426, -2.650786589209344, 1.2530847008814736, 0.17820613979420474, -2.138039592297453, 0.17981894587820002, -1.8569140048824078, 1.601509924912898, 1.6583412936229855, 1.875489408074846, 1.055963903388562, 0.6270067650375266, 1.7918272862952103, -2.163584418810885, -2.968744963264116, -0.767703049068128, -0.6013930576863195, -2.6484232266485463, -0.28952468558000677, -4.323026816274278, 2.319608390289754, -1.7080378804192988, 2.112188785327286, -1.3743758340331804, 2.568575830258568, -2.830209966910155, 3.5589683527196243, -2.8248791065502394, 2.713257459430431, 0.9815260363914584, 1.4410825494390536, 2.145878945179059, 3.214403575547344, 2.2405610195685535, -3.341691826649912, -0.023289973971316824, -2.880639837278461, 1.3658910117276761]",0.72
1,"[-2.360162247447213, 2.4727986899456407, 0.1669638656632415, -1.0171968713599957, -2.4628454491448792, -2.141522526853696, 2.1601877763240838, -4.937145467907592, -2.698147217772395, 2.3931934014692526, -3.0654868920904454, 3.6129994479221916, 1.6671720860026134, -2.7777481290479433, 1.42781294451821, -1.4186450740166976, -0.34900632335562864, -3.4774658912854277, -0.8351257185324806, 0.32128243894247344, -2.902032493974814, -1.9198752776517516, 1.2774956695411168, -0.7988518257902957, -1.6494033444385319, -2.4875541379333717, 0.22190237807626367, -2.7143869507382186, 0.015550330073965002, 1.557764209663733, -4.036769249226166, 3.17611587461449, -1.7481202983309232, -1.4985785719642208, 3.275097237464201, 2.786187211742181, 1.3250701487227716, 2.571887446087007, 0.12638086991385822, -1.1431211774473833, -4.26108557379106, -0.6830367362114551, -2.1905049633510156, -2.7590129634509313, -0.31124008945076087, -3.510443565673632, 1.2714858860591416, -3.1259902399331274, -0.14751962208271996, -1.2916734731995274, 0.6687683380444627, -3.4460213755992477, 1.2511940661325742, -3.108805937522737, 0.9920489924681819, 3.5006890425373545, 0.05388536610065553, -1.5750720208091669, 1.769621143525916, 1.1233643531173267, -2.5270898906191333, 0.45318728368220507, -3.744640310228041, 3.1402263671378896]",0.72
1,"[-4.435656530183515, 2.3802730132698775, -2.9906584169555988, 3.112362750978865, -3.26734429858036, -2.980452635225174, 1.4076927286599275, -3.2365498361867626, -1.7103781302125054, 1.636332293371844, -1.130857401101169, 1.2333831162567628, 3.1881250921675477, -3.621788823711869, 1.500970305599456, -1.1434719051039597, -1.1259625224654934, -4.093630158614968, 3.3754364011407705, -0.7386022573027985, -1.4715812899228307, -1.5007181583314237, 2.9777812105437285, -2.3232864407460685, -2.0954571697023776, -1.7221786358469746, 0.14356731693788571, -0.42172537427415285, -1.5183404320092757, 2.37468166283796, -2.0991567337745147, 1.5768337000557018, -2.905209211285987, -0.8262701984770864, 1.7900254924878833, 0.8894449840390792, 0.24539252607327292, 0.2342900665452925, 0.23521398960330692, -0.0972403957905934, -2.3613233348068263, 2.131871055122301, -1.4700726349131863, -2.2998827495598464, 1.6725611470353043, -1.4938928928163482, 0.18249995154929777, -3.272876057441313, 2.57247217159647, -0.4350999803397959, 0.42848813538827746, -1.542222251837572, 1.3338700463779951, -2.5298668574424736, 3.269307079009685, 1.279944493103816, -2.4881163131896877, -1.0523527832765596, 3.6515699897629377, 1.6774451590309074, 0.36788772188416363, -1.460016295252772, -3.4448565402988027, -0.7328529259787779]",0.72
1,"[-4.168447974540188, 2.7301675685354567, -3.2384503643483082, 0.5391515221372721, -3.105072330346112, -0.3772749570027325, -2.2039944435406738, -4.214581903737264, -2.212662893498769, 1.9484706068951319, -3.072400454031903, -0.1484906897461351, 3.2788236985775474, -3.3077608984366766, 2.0110436385505546, -1.4347187152139615, -0.9578985768951623, -3.90126241891703, 2.5784663818595233, 0.9595067743801563, -2.389095117374476, -1.6427373067681548, -0.842547761763591, -2.8176980328793246, -2.674247433821103, -3.1620846699349574, 0.07808223257481364, -0.23677008009687067, 2.7187133539038593, -2.7302331933869315, -3.5221508800192503, 1.1347315166111338, -1.3466931725241496, 4.413249181828483, 2.27114815983352, 0.9230677307680937, 0.028919563394034266, 2.2391668846571533, -1.9127411833595125, -1.0141751337146099, -3.0798404408690896, 1.174048081709509, -2.254723704576559, -1.508780332839154, -1.6052100012092145, -1.7989508679972988, -0.9021488901476293, -3.5232704363053995, -1.341671631708616, -2.568191502766147, 3.084951099133436, -2.0725126094400452, 3.9768915068843116, -1.8079337968682232, 3.2452752050607785, 2.1094412240350935, 3.343225541965645, 0.811605271744214, 1.8866139280023817, 0.6762017618905004, -0.8719781337719235, -0.5367920832376624, -3.744607541274126, 1.970999838004225]",0.72
1,"[-2.7049592861206273, 3.731230897237594, -3.2375342352381913, 0.7172538708808718, -1.8015544581117382, -1.4370981542426755, 0.7526632958429831, -4.453386568179651, 1.5905036496058105, 1.3212837520316223, -2.2835046954382396, 0.24646912789673991, 1.173510929791961, -3.5557514800225496, 2.751985649071613, 0.15157687211524462, -1.028818686801129, -2.5320523996137956, 1.4569907728843459, 0.9962072848157824, -2.351606451022957, -2.488229984165197, 2.9619492010266835, -2.869862495565201, -2.8450829849429757, -2.5324797863363737, 0.30068671470373004, -1.1127400295891134, 0.4670339515678792, -0.5417002887694818, -3.860093415957154, 3.8796238195304955, -0.9360159432706464, 0.6137906252260681, -0.2756773243756738, -0.0649958076165551, 0.8770801014329169, 0.40870549727385785, 1.800029513083141, -2.5067762368061235, -2.8885611971785004, -0.9866927910731281, -0.28815040630541366, -1.5173003326850627, -0.5386373308757963, -2.867648923319968, -0.36874785908301355, -3.648746284898174, 2.022328325133159, -1.6678716411614403, 2.823811049610473, -1.1684244528594256, 1.4117654080661124, -2.6503168633219043, 1.6368701417228968, 3.3679586248772293, 1.569072788724518, 1.8494996458268305, 1.7425849197714989, 1.985556489683295, -3.6563164380032207, -1.0766842827899363, -0.5047904806149717, 2.8229890935818456]",0.72
1,"[-4.508994060495723, 1.9342760172966726, -1.276352050982259, 3.9256299312334484, -2.6831114599715864, -2.5213739143707006, 1.9336648660945683, -4.271741008631743, -0.014206096571261373, 2.4573889458036136, -1.6128744576443128, 1.482629770885648, 1.9767697501670236, -2.3401137386481183, 2.342206911940303, -0.4395446728275767, -0.9087317226606216, -2.5294062487307176, -0.10171142560100122, -0.019474459674252875, -2.320098201878244, -2.4328074085492175, 0.6192805798139722, -3.5228722410549267, -2.530440685766603, -0.8814598681745224, 0.30004138727296975, -2.7574879786069983, 0.7408266202862517, 2.3793769930214737, -3.8810728804520993, -0.45190188261603015, -1.8885303868456265, 3.9776978859481207, 3.5197987973775002, 2.21556124341848, -1.242021122243651, 2.131856904922016, 2.023513874548972, -2.3730099860560063, -2.1602935353001476, -0.1613908352657848, -1.4562313545233199, -1.7406514631469088, -1.1084775882708422, -2.9759874235023647, 2.4857935124300923, -3.644850161563763, -0.2547702115547026, -1.72719031811233, 3.569241137560892, -3.5112562880770035, 0.5845873702640167, -2.161028115334818, 3.414819818275367, 2.418450201299033, 0.4781247688606639, -0.36169881398147996, 1.2853590852549799, 3.3598491382498206, -1.7908802243973376, -0.2600110740052962, -3.4060037979603486, 2.8771656417708877]",0.72
1,"[-3.423692111130625, 2.830447253274061, -3.2087580754905902, 0.9301568431605853, -2.91289965587525, -2.609348584707272, 0.29888200403676624, -4.4927370703924066, 0.8220813935299838, 1.7287214403657483, -0.31417180752315077, 1.1885446749993178, 1.4733014461577927, -2.5018534347386305, 1.0599564793743987, -1.6273329490423258, -1.0618827720252988, -3.085546936002436, 3.5926516613438277, 0.019288965959579518, -2.327072217596168, -2.770933607249849, 1.0840615778257443, -2.318225961421381, -2.1714663796229643, -1.8881922096028165, 0.20297274162220014, -0.4247767118562764, 1.5422740251248142, -0.6856172110805435, -2.1869104238679045, 1.633088705281883, -0.485366016108567, 3.6689873808144666, 3.6230810471895913, 1.0743055933996688, -1.9714599967513116, 0.07221060962826265, -1.7998725884004916, -1.941901831519465, -3.891472954202859, -0.1886289998314319, -1.4858773866778556, -2.7415434593688657, 0.7462868422117717, -0.30502493948183274, 2.5612533425922894, -3.5240766659468803, 0.25606362194319, -0.7275469205121413, 3.085349775807087, -3.7840551668483364, 1.9043168972699842, -1.231149989856465, 1.3102542265128647, 2.850257634381113, -0.6811053362553804, -0.16317994136935637, 2.7368644016282926, 2.2039976409828763, -2.3804243391344033, 0.0845252221219347, -2.8278088332494136, 1.5868484625464199]",0.72
1,"[-4.145486688278053, 3.5368570031833735, -3.2328759253712316, 2.632915744571779, -3.536050574219686, -0.4676269310576897, 1.5282877330197902, -3.7738382203615766, -0.15321623612569635, 1.8456664319520826, -2.3288856078126123, 2.7197085921415125, 0.5529595051116598, -1.9302124601128186, 0.22327374101485686, -1.0388535126638918, -1.199642658563771, -3.108479982497311, 1.2961904607037407, 0.35095149160438066, -3.1544261079218825, -3.031995234901295, 1.9823137647561377, -1.7562684132833075, -2.749197717324465, -0.07002038643186848, 0.2670378566000128, 0.408668181955558, 3.594433960005486, 0.8044034378923788, -3.83345696370737, 2.8431166017640495, -1.151216665971995, 1.0457972287151809, 1.3123262705238923, 0.8612981903595283, -0.479394034320176, 1.8952510954852524, 2.3295035109008633, -0.26868074705987244, -4.232433146803714, 0.6572621211283126, -2.76935650639969, -2.46020925655161, -0.502514464436732, 0.059530838495407856, 1.6721872121655386, -1.047020256339065, -0.40083434570508625, -1.3386812487266353, 3.5570974831299775, -3.1185582413013475, 2.3109172079704714, -2.6448206113326367, 1.7198834276486572, 2.942533333572892, 0.5542343863755619, 1.2227771308812894, 2.1545652647819784, 1.5381822767474498, -1.6867923210885896, -1.4651197015527981, -3.6642261313649653, 1.4516441081465166]",0.72
1,"[-3.3650145736632107, 3.5086810209668537, -3.2317096046529, 0.6698991608030517, -3.579679394578376, -1.3839095923114988, -0.4906940391915108, -1.7618486082520322, -0.7510524191408621, 0.7926791240229754, -1.0029118142308784, 1.0828524010919969, 1.4983547813409934, -2.673848176694485, 2.918763823416076, -2.9638170299180153, -1.2619901899886385, -3.5675867988958245, 1.7391535129909863, 0.494197033570203, -2.562625325010458, -0.81864464604406, 2.545841296854436, -3.104426976667938, -0.8917325898838058, -2.0412353619378987, 0.30614841363328565, -2.635304518224462, -0.46061100676691624, 1.8048228609861336, -2.5934902722127866, 2.5272219969665874, -0.6592203475717292, 0.17824180844364546, 0.9868320726844122, 2.482823268831418, 0.16166925807059174, 2.631785228261389, 0.5134885037128822, -1.401076356759436, -4.129857111834471, 2.043295546952597, 0.11545494563251979, -0.6311481557643992, -0.8853520892699753, -2.508861166708321, 1.9250253010956375, -2.630778235618712, 1.9523265429423713, -2.000403047588027, 2.7194723876322433, -2.9281420774020894, 3.2039329699624597, -1.8437019261294667, 2.0112794568422725, 2.56389062935819, 3.163362754126109, -3.504305031426012, 1.6552739457557628, 3.694523791323261, -2.5595214879759, -0.9117667954390457, -3.897253348977227, 0.7527878893046045]",0.72
1,"[-1.8870486708108523, 1.3742013513795983, -3.19673680893935, 2.5642889293627507, -2.3688356028978905, -0.45872367030370986, -0.47531135722461315, -2.1595399437557075, -2.999210754262166, 1.987976104638431, -1.299972226810965, 2.0764389458762387, 2.9535752169965237, -2.6759801324514036, 2.4463539432577392, -0.23397907784933603, -1.214586986553809, -4.228509427099957, 1.6082173607649135, -0.7810943642471424, -2.906871562970405, -2.5691324978513403, 2.8848761723994394, -2.39555573075096, -0.602625331441524, -2.295579998775503, 0.32568839181434117, -2.4870931690926863, 1.4178514768188952, 0.7187192257106186, -3.5521227318320827, -0.9076638407589936, -0.4539008176788113, -0.11950073332259836, 1.6661863130142174, 0.8226070845215758, -0.479874915647398, 2.344008590288729, 0.8537327452725537, -1.5977520071312943, -3.366918469939721, 2.722765503646241, 0.29486036730588494, -2.9434660483351798, -1.3492929180756468, -1.901298176407514, -0.9032802105380521, -3.1402225816463347, 2.590256536737956, 1.6539538844583266, 2.6392969290267083, -3.0667532648337548, 4.030068196633175, -2.529473115839665, 2.517116635893702, 3.354889853529808, 0.27754157622125486, -0.7027645949807901, 3.3734713661593476, 0.869224659876967, -3.9450960189286377, -1.2148535913709553, -3.489280515753637, 2.263478501262138]",0.72
1,"[-1.9761364590546717, 3.926707444276465, -2.986163796908757, 1.748635460287307, -3.3764898392980456, -1.172863524362742, 1.800825188911698, -3.244003308034732, 0.8631512201588556, 2.1193777524811255, -1.2615222333382623, 2.9216965117495386, 0.6131442676450207, -3.050185414283141, 3.7159140605094465, -2.0048039595351224, -1.2486360590815713, -3.482951064280546, 2.56975029246684, 2.210240139908064, -2.2116590053970144, -2.9390967337801324, 3.324997198008907, -1.4877594121813171, -2.814726093337614, 0.37551925635640293, 0.3785185910050112, -0.8157001042682829, 0.5363531746318375, 2.0847726932724555, -3.1483891004675275, 2.491821894861145, -0.4046109488800322, 1.0661216826327284, 0.6890935325756267, 1.5950552866211152, -0.8401524956047117, 0.9249238621300557, 0.3440164976650709, -2.9004003960929863, -4.135063295422048, 2.1563045266089813, -1.9971989809696875, -0.6132297347864943, -1.650843846931382, -0.7372456272634615, 1.3716488062203138, -3.490179442159216, 0.8580244367334585, -2.9571714203471267, 1.8535114835952808, -1.342704441671236, 1.8751068991259043, -2.3306445270695915, 1.6460228111075081, 3.2962984065665637, -0.005764025053501043, 0.4582435028032362, 3.6943214385099634, 1.7719168693583944, -3.0287579918696172, -2.9564011183413452, -3.6936129502442414, 3.1068763405285518]",0.72
1,"[-3.10443150788565, 3.014889628082805, -2.377648892516927, 1.3696203341179072, -0.7002908829296413, -0.32595747502923444, -0.06777373542910414, -3.2620486790907153, -1.317028790075395, 2.2901557459260404, -1.1067503033814718, 1.5762366376260455, 0.7937949395391848, -2.539341066782824, 3.167247534450145, 1.7080764864127047, -1.1833737285258117, -3.3857153833988165, 0.8666980434293841, -0.6807677547748479, -1.5098491846264357, -2.621114473055113, 2.1171780855267652, -1.2342954575957399, -2.408035232067736, -2.419770730995852, 0.27828049273564803, -1.3490688531374184, 2.4477465226737816, 1.6122211900554406, -2.729961922931032, 0.6611985939512259, -2.4207384035003634, 3.185808965185145, 2.0439849396928174, 2.343267577206074, -3.360043259667641, 2.2358731153951887, 0.3800908567298464, -1.0346194669280422, -3.7106948290909907, 1.9668553105189948, -1.3194288334260877, -2.3678226220940357, 0.2882781402524204, -2.5514920165822303, -0.06085293063265329, -3.2941284651964526, 0.3933158974708657, 0.3149900593004984, 3.100425288976183, -3.7943843719599286, 1.6925321961396842, -2.812189623054615, 2.695239072095635, 3.5254447523385393, 0.581793586427739, -1.5829588999951634, 3.6124412101418053, 0.12469941014717878, -3.6895807054157257, -1.3275031193326383, -3.9879929428670784, 3.094670606879971]",0.72
1,"[-4.2979054520904585, 2.3268915797148204, -3.1276387430699018, 0.4290246736236276, -1.6639148127636076, -1.5207234146753075, 0.3829852417964473, -0.6148208126919839, -1.4917416012205016, 0.9768677852428698, -2.421056803477087, 1.6528828589423283, 2.331908414550603, -3.551536184045468, 2.794888640791579, -2.7293661711238997, -1.0707558872631493, -4.11507101543294, 0.781905404314979, -0.8268394547152653, -2.2819225212090033, -3.221928739327247, -0.028996716593885807, -2.2332168055266237, -0.3624090070954633, -2.202104921757105, 0.390936031616966, 0.690981475774882, 1.6477764798556565, 0.48073561456431024, -3.006607003082487, -1.1830705182142685, -0.5468705521691017, 0.8119613950947866, -0.08421514835866661, 1.9658103649948802, 0.8680964548117726, 2.929440493220649, 2.4679216812250324, 0.09539575252209032, -3.9867110744493726, 2.3262807859127816, -1.0334639164370691, -0.9378563011070866, -0.06987577661946326, -2.0040703738034953, 2.772253229265423, -2.275450067702042, 1.1097043361979195, -1.407994454596881, 2.8931934845965745, -2.9698209567603184, 2.796716846286615, -0.7291340986387134, 1.6438234502596822, 2.838387674176711, -0.43149144361777303, 0.5253416559583379, 3.6169058639208105, 0.8501932290862972, -3.933835209131917, 1.8684590631733697, -3.197458371438715, 2.38482842175406]",0.72
1,"[-3.748356569929782, 3.7483570741937546, -0.7124749910581749, 3.0085310971549672, -2.885749906424232, -1.719151495303044, 0.9878695511597859, -1.0361127724644952, -0.9950859734676017, 2.287631074125187, -1.4806620903203451, 2.0258559470530577, 0.8700388673320751, -3.3230687518864146, 1.3857167846583025, -2.0276138589679467, -1.2058782707817552, -3.769498744802004, 2.3577154539346195, -0.36128576366375165, -2.42804394419191, -3.20793683577149, 2.5939099902088207, -3.407218746015511, -1.8653965545799371, -0.9077983479007901, 0.29642062399860153, -1.5349218884398388, -0.2074066566149908, 1.5443484335041342, -3.7811025239269034, 0.03317491688467178, -1.902460792329965, 0.41748756813824583, -0.15870472684389303, 2.947222277164095, -3.167142706967247, 0.7567828958962803, 1.2689578537318664, -1.488017409798436, -3.032471874315908, 0.18273366932232737, 0.5040048784957791, -2.9533289900747897, -2.1329200094107814, -4.571689712174952, -0.18529175759349215, -2.831601496495425, -0.8732301338537309, -2.3619701048671082, 3.560907749382892, -3.1135933447140767, -0.41725806835643153, -3.101237255742917, 2.608366993657431, 2.4661980732541586, -1.2036847629645502, -2.4224025669567872, 3.686986364842621, 3.3099568417261187, -3.183341045333422, -0.9599280964123397, -2.4731878016151705, 2.6853496442517417]",0.72
1,"[-3.603280158297996, 3.4665729054159753, -3.2150919572482435, 0.3091469780565914, -3.5512323861666877, 1.2461729709528753, -0.16642777872627307, -3.1391171737018007, -1.7641439843723608, 1.8043998115657929, -1.2101721290185297, 0.12975465355826588, 2.3296044606836324, -2.969516519483637, 1.481823127943576, -2.905801859964064, -1.1755653156289427, -4.201649745195016, 1.6458797468099637, 0.07519071108557285, -2.7794316593106876, -1.1596028376188907, 3.287770393075424, -0.511529053758349, -2.4228726107077723, -2.400316603996858, 0.27439357674655235, -2.1027070038454525, 1.0021572035464374, -1.6617029162525583, -0.5579298032633817, 1.0084699915039175, -1.0603924858973384, 0.026809675226866725, 2.2450406592531196, 0.18571589727678228, -1.3669290323395875, 2.8489542771041823, 1.082937107487079, -1.819855192051346, -2.917254385842119, 0.1961543449637756, 0.9571315772631344, -1.685905646306571, -1.0907881486531252, -3.7514427896668394, 2.345040483046169, -3.462419898243701, -0.6695745823661372, 0.6221030279441513, 1.5864593513977279, -2.7771411560518993, 3.1760120605582967, -3.096100401722076, 3.2638133928720694, 3.5246662292271447, 1.491467064754987, -1.1936807324182934, 3.1821547305128464, 2.6360092131394977, -2.5854228653427955, 0.6769283484026909, -1.7947975568208658, 3.237188279089695]",0.72
1,"[-3.501130873210471, 3.066913667590701, 0.4395755664039571, -0.413496701645665, -3.5837928179161516, -0.6326551531667834, 1.3372606594773107, -2.7646149104604314, -1.7650702573932966, 2.0460021265114854, 0.035015663427054866, 1.4307850470109198, 3.4202154726516016, -2.5835843547431905, 2.2752158360325057, -2.4176568756676033, -0.7415590629749289, -3.2472502244074435, 1.5393960134618687, 0.7688873603779738, -1.6419722089030782, -1.1188599172932636, 3.145614058816166, -1.0026378790687367, -2.368739134764222, -1.1268793256103167, 0.1030016457185664, -0.47192943684580557, 0.11351370456229515, 2.5634436636781777, -2.157174749737394, 1.5834732846101698, -1.062832147337121, 0.0641431170236566, 1.2369355776115858, 2.963004159535959, -0.6623541763054603, 2.0162575874843194, 1.1579121281728495, 0.37560664705543645, -4.24879686436584, 1.0815549273293008, -0.7674917543052724, -2.4089038994945224, -0.9359704354086286, -3.7427413828397906, -0.45489299031170183, -1.4175863858048243, 2.4930401853509014, -2.3495089376923195, 3.04407981255381, -2.826188270228083, 3.2112721104808113, -3.0936989744843237, 3.413872573548265, 2.3612935732199833, 2.1132320981366597, 0.22106838629312797, 2.2546159378015513, 1.4881714067954817, -2.016549119464589, 0.11956129795507997, -3.8660136183098226, 2.5238521410509307]",0.72
1,"[-1.609997456079145, 1.8973943412179435, -2.271809181815918, 1.0871093625268533, -0.3486504204227239, -1.4191204548270022, 0.5876841733390448, -3.5449873700068233, -1.8133092148849979, 1.4588798602345483, -1.841281599799344, 1.4651798488118515, -0.43153166854907954, -2.447530921527582, 3.0510595376950733, -0.8879613112153857, -1.2164803666858655, -3.970828414717119, 0.22384633785131958, -0.14783748194482893, -3.0845170073496244, -2.269653857384383, 0.612856789804443, -2.4963059510832477, -1.2630333148316049, -1.3857993075285129, 0.44097302036732006, -2.753469580785083, -0.10899240568156743, -0.26017865737727686, -2.396157867093904, 2.4609721926000265, -0.7632505080916004, 0.7781212791596794, 1.429142879776835, 2.2350760209480818, -0.7665939793734818, 2.362198292802286, 0.08619806716297723, 1.2867403358607352, -3.916393220694081, 1.3311173818349273, -0.14724527314189972, -2.6100241967310476, -1.6330043290847038, -1.3573425890561346, 2.176256778739223, -2.1941379237813647, 0.1371580696000042, -0.9089553636686424, 1.8348089782625359, -3.4648403273825235, 1.4364122219616429, -2.202879299946451, 3.330897079875583, 2.9983119734082466, 1.2536108313577734, -2.768095155040384, 3.647561490825576, 1.9545679629575252, -2.5066515946678156, -3.996520836711129, -3.314105538336303, 2.5164430918399545]",0.72
1,"[-2.614899472813243, 2.932227414783984, -3.178348570530256, 1.535135439593093, -3.453932661220846, -2.8724354121190148, -0.21221308777651837, -2.8378361657156463, -0.16304795894254687, 0.39046462803508475, -3.9844248111482283, 2.773992853096538, 2.5221929558339777, -3.1145777779294295, 2.7281448615758372, -3.368090066621638, -1.2568154963987532, -4.226168790727785, 1.502470949412936, -0.6377137180325133, -2.9082147905895233, -1.1764676944269037, 2.329523695958322, -1.4711737900720623, -1.5376291527279788, -3.673400129631222, 0.35199839791433, 1.140875804319825, 0.19987592382320107, 0.6570134639038092, -3.5451320415122805, -0.456491712816252, -0.40943340123825, 2.7544277723525337, 2.1101639894407467, 0.9604849845687864, 0.6488439166980406, 1.2240041198275273, -1.7960644448738408, -1.7751881479857081, -3.9896207194123923, -0.06980795046103738, -2.0466332844220974, -2.307053836077422, -2.0623088171771005, -1.9371446770222662, 2.994629250228189, -0.17478178492436003, 2.58612135148976, -2.4818323256138175, 1.594306535860782, -1.680713187753777, 0.4257733696226773, -2.6392059159070325, 3.416476122104935, 2.8089245109726324, -0.32355684864996515, 1.8897352000112124, 3.4308381788517783, -0.008964704428357617, -2.2527258093138904, -1.388918641425408, -2.7893834986814374, 0.02500894076356408]",0.72
1,"[-2.180943190825695, 2.615772037651826, -3.14819958357156, 0.10633243748298726, -3.462165157351518, -3.00465098184247, -0.18032995529220786, -1.870971863578688, 0.17279846599202597, 2.183662022765927, -0.3051314019355442, 0.2659620684108208, 1.3026627907644575, -3.646787073344217, 3.736084280973798, -1.3393440458526764, -1.1739050338778718, -2.8536977137177706, 3.530371306325438, -0.7873333211802841, -2.967037143978053, -2.391651774226901, 2.651033868599349, -3.3977291429351286, -2.233640744688028, -1.9944885658523805, 0.3428985457118732, -1.5032879133180752, 0.9584342013421037, 2.591973834347266, -1.5085280355294772, 1.3120777048641339, -1.328619874519591, 1.3475324401947317, 0.1680853723370117, 1.161159342401917, -0.9841942350712067, -0.24290156481931513, 0.19340926892317523, -0.5356155197396194, -4.260817683100777, 1.3137276343403395, -1.4682208573196525, -2.7121846081725813, -0.8845354676662095, -0.536264845509828, -1.883698764405606, -3.637783185038095, 1.0498866891915333, -1.1521810490269968, 3.5330326516954655, -1.6299326228793471, 3.059051990574883, -2.9284157200979246, 2.2023521794841283, 3.0403490125530883, 0.7778303099428883, -0.330001286792618, 2.5075264001736324, 2.7075660646350803, -1.7338412830450454, -1.03164359663156, -3.8025017360757287, 1.1324800451938128]",0.72
1,"[-3.6742976338662885, 3.8983605032606925, -1.6259356914951197, 0.44720082786499027, -3.331432771835841, -1.45872581255656, 1.1930307285420407, -4.806897092062325, 0.134575935161508, 2.41218971366128, -0.8381018166423179, 1.0055766442808882, 2.5539879561615835, -3.416303532887545, 3.5687232119468733, -1.3634272696266103, -1.2400440889222843, -4.126722107594617, 2.694148141959581, -0.013588768557847186, -3.1213732844865882, -1.5812917263640724, 3.180197249609128, -3.3090279070656083, -1.6662169014616455, -0.891944630733128, 0.3028686437038322, 0.8429340638352352, 2.727786342710827, -0.23169347292158626, -3.8293754161895848, 1.2754447530067465, -1.6687437395990523, -0.1396880770073342, 1.2826446158710298, 1.855897126441741, -0.4480818863864102, 0.5110971506350798, 1.135609637978619, -1.240952755174491, -4.109993172146311, 1.0863080088335497, -2.394130810949533, -1.7508132682660589, -0.23178467749790038, -4.178726311316119, 0.8163245692088994, -2.5587488888662193, 1.0951454370232419, -0.9269338822186334, -0.20194914261094343, -2.919209707626929, 1.760973875440123, -1.6297211714755155, 1.9323397802373146, 1.9672516144984953, 0.478388320263727, 2.327557605104962, 3.625736545097464, -2.379892891288824, -3.432029083630939, -1.852506924101032, -3.881696453588076, 1.7741055839850481]",0.72
1,"[-3.581248489964102, 3.9851971334532212, -2.2391144275543606, 2.158504736201049, -2.7897757224513366, -1.4173498407893381, 0.373849586292045, -0.7174374488818294, -0.33783893129829656, 1.3819511150539983, -0.9754778320461, 2.7422643069493153, 1.687537269505362, -2.6739050904114627, 2.5728704372744824, -2.2213132626245695, -1.2479666563862155, -4.174794429284271, 1.2308633464067882, 0.9972884313282134, -3.1556306021958265, -1.6379914677883516, 3.1886796984617805, -2.9353666933217113, -1.4113558073678423, -2.7082365411941356, 0.3052351732068575, 0.7703206348260752, 1.7608670090572196, -0.4467055709608897, -0.33688541811591577, -0.18590390789264144, -3.090755103281662, 1.4324144923414828, 0.8228941501985083, 1.1270200940979636, -1.2741248079217764, 2.8691927681927654, -0.42807467107963965, -2.4409925198468514, -3.5155711797962077, 1.7823410161033792, -0.05619077447731646, -2.915736629409551, 0.3347339407630194, -0.4491679792998817, 1.9096831284297067, -2.3274377406724027, 0.2389802722944233, -0.8322792357802561, 0.8941126122796428, -3.2981910107501493, 0.0397337608155337, -2.296216736821229, 1.9436886155614603, 1.7969640879012574, 2.105973415863009, 0.7758529726407963, 3.53050195156455, 0.3105418794082193, -2.53805893001276, 0.23239025442871442, -3.2595053408043384, 2.505727184975818]",0.72
1,"[-3.152701811009892, 3.113980649426003, -3.2334054399325876, 0.7621339351970595, -3.473645642365512, -1.588793357177862, 0.9129639573739632, -3.6545446894847458, -2.1228718768126185, 0.6700098664364438, -2.6291269532743566, 1.8511294598767, 0.45232432814300183, -1.7240455043807512, 3.8163757294705185, -0.8812230778258254, -1.261214080384499, -4.14890610323751, 1.632472343935141, -0.7826544734477826, -3.0681363391505627, -2.9338608383003315, 0.1850774028941813, -3.1293492498138917, -2.7650468721160015, -2.5477789212886366, 0.35793864108153606, 1.2063713452226308, 1.7561199419722575, 3.22599373282596, -2.4975184130631667, 1.9568614686529426, -1.0523792386440458, 1.232666945248455, 2.1450166629202294, 2.1082742739083584, 0.40046324397910915, -0.011976001167724348, 1.2980587394206213, -1.7610728940814522, -3.042310743131912, 0.2989468218252058, -2.053859249186624, -0.9320990070254536, 0.06443530321344892, -0.8905854154038435, 2.499282063659483, -1.5653563311888432, 1.226893791628907, -0.04920026458987525, 1.239173570438603, -2.9460811287531694, 1.832672752589542, -3.0821815354973032, 3.239712035518492, 3.3309459803341825, -1.9968503142058058, -0.13804853920117638, 2.635461333478392, -1.104452234519183, -0.7225263657990502, -0.545581545055141, -3.056166168686395, -0.4623803199225116]",0.72
1,"[0.24475851874413967, 3.9443338984040177, -3.171683610020856, 1.1064962729167704, -3.5709474063636852, -0.711985117276067, 2.6217257767234097, -3.2374159217990983, -2.657272031010423, 1.4343757590286974, -4.085912835401503, 1.295622531089423, 0.9950607033404637, -2.030626154483572, 3.0415302785836196, -2.9243090871418556, -1.1328428576653113, -3.7168180142543994, 2.867423675128572, 1.5194245804671769, -0.82985083119074, -2.2090157987614987, 2.549642461014458, -0.45788286051463434, -1.1897037673382345, -2.0560362397280687, 0.2341791518848374, 0.5093591400016522, 0.16599848947161866, 2.175748237075198, -2.4371476753317634, -0.9966568829809395, -2.7931621322135887, 1.138016901414506, 0.057135817008315826, 2.7033421050684465, -2.6421245679189296, 0.13342425311206885, 1.51320262818714, -2.2216964879189995, -2.0557250739452906, 2.613213779199128, -2.8798934242734697, -2.650881154360232, 0.7760826363428781, -2.136559934807922, -1.064613337409693, -2.975281751377102, 1.3911555895770362, -0.9734180790963396, -0.6704125122682094, -3.513508960758302, 4.118321858688054, -2.1366847052419042, 2.701205006023396, 2.907977617913848, 2.624019099531525, -2.310123205234815, 1.8934350345187791, 1.8167598656929982, -0.599288585660658, -2.9671615117452683, -1.4803975713950055, 1.9896925102838292]",0.72
1,"[-2.90355085983368, 1.8024742271394547, -2.112667275808824, 0.4644895671478222, -1.9782765737727976, -2.5597356714457065, 0.04515822031765171, -1.6977897672468811, -2.3542405948929446, 1.7103716481165185, -0.13954549910653147, 2.2161783369516312, 1.919267597514922, -3.7306360136968397, 2.4697766665618484, -0.909294218486567, -1.3103940353474042, -2.8667321269113257, -0.2646678558874427, -1.6907125029974701, -3.1554703503950026, 0.25013893901437134, 2.9758250288668364, -2.2204898725882085, -2.3854142410148347, -0.09616118624114511, 0.38986933000785284, -1.0653536504768175, 2.625529815928161, -0.6193619313070116, -3.6446565787611354, 0.3282132019533402, -2.543357549170519, 1.376266648288034, 0.502846274164545, 1.0223010163654038, -1.3171881431904853, 2.9337326014308633, 1.6185914884379862, 1.2320808889403847, -4.246564433451273, -0.08167223104961463, 0.5512094313096028, -2.6842217239011728, 2.204956238819158, -2.8981673115212576, 0.6311643496782096, -2.140600506118248, 1.73532083806918, -2.4847943757388613, 2.4478618500795295, -3.976016407352206, 2.2218532113681264, -1.7032059005044262, 2.611190536300227, 3.425698917473021, 1.4834680778394462, 0.3368036233416077, 2.1355692914554414, 0.9078595078713452, -3.82307660190738, -0.34915812602116747, -2.7934182574352215, 3.1118286854569894]",0.72
1,"[-4.33574148067595, 3.294594014024222, -3.165206713336576, 3.0544468503948616, -3.157859943875425, -2.928147825005871, 2.4978804585004086, -4.900606196127109, -0.6150141005172679, 0.9876844237221705, -0.8886974780741359, 2.3367708118487185, 0.9705155055004101, -3.687243176574631, -0.02664268413203663, -3.817232371848667, -1.2703119613804206, -4.095475651281927, 1.0758700429712493, 1.1821962712400884, -3.154229340950593, -3.011211162147003, 1.575964334187066, -1.7489037256165854, -2.7779921395758223, -3.6088147006485327, 0.1829036150567772, -0.03808270434414596, 3.491151232034847, 3.2284883573376586, -4.009340154799308, 0.4347942094138476, -2.0123220350116484, -1.0196562119340231, 0.574788920226839, 0.06621219914019116, -0.6131743746516579, 2.0542770401194708, 0.04274992644937167, -2.553571851708737, -3.5850096881595883, 1.722051503880616, -2.141795897872738, -2.065674916431382, 0.8387348329230204, -2.69310639793285, 1.3898535406937405, -3.3545841926168403, 0.5466630889863666, 2.656552590880171, 2.0107392660218175, -2.7762482181685755, 2.8431263761655554, -2.13199802512236, 1.9102125573133133, 1.7571963959525805, 3.1052729891393462, 0.8848123760981303, 3.670482505790935, 2.7857654766917452, -2.2744136992777477, -1.0275612172848805, -3.574173266425838, 3.234605310249402]",0.72
1,"[-4.438477220287358, 2.3485460641308173, -2.830642360015904, 2.311991028269984, -3.572788187002725, -1.0545560000296388, 0.35998505774685136, 0.10008368045086025, -3.8279999219633534, 0.9307895930978454, -0.8684429178584324, 2.9982843676350166, 2.599730347727374, -3.321255923620403, 2.8461332743102066, -3.7261347964003084, -1.2705465538776228, -3.3294532002170185, 1.2508246015156173, -0.7135934396197071, -0.7242423620527846, -1.005110221751921, 0.8142460909299161, -2.812599038996871, -2.84386241770066, -2.5212174583778943, 0.3019591440501145, 0.04334080505972249, 2.7971686176656387, -2.8158031685571396, -2.9484581419147955, -3.0581194321896263, -2.047942702132311, 0.30720963897039566, -0.058068864977762535, 2.838630871039909, 0.6872219366482735, 2.710824314350869, 0.005676852630490836, -1.030416297357951, -4.135672596298387, -0.21237520792293285, -0.6868876706890721, -2.6749994960897974, -0.29563691481802074, -1.818779362360447, 0.7147106129656471, -2.1512630505675903, 1.1136851254509534, -2.8832209183132407, 3.348907556410777, -2.9685130562212967, 3.475454942349765, -1.583090733191542, 2.6178974680757188, 2.5368083989167833, 2.5520563870807447, 0.5177696800936625, 1.05804318159257, 3.6409589689105126, -1.8306556798013476, -0.6755323078760529, -1.0409833473925856, 1.4891018569466556]",0.72
1,"[-2.5085148295907502, 3.900480123622416, -1.488542037147518, 4.262650586956895, -3.063574056547555, -1.3963464017065121, 3.73896988349061, -3.4868800804905273, -0.271262981609542, 0.9948479394949155, 0.11176727187942648, 3.857944276957392, 1.143481430820255, -2.4370346574141926, 1.7894876191843285, -2.3124903492303455, -1.1963734309347924, -4.163278321784519, 2.709716077493007, 1.2190267127997225, -3.1043567357651036, -0.7882171916870473, 3.3317526370036736, -1.8238329845281394, 1.2527594255525503, 0.5057258691025712, 0.20879020925510133, -0.09138279554503095, 0.6286053341830304, 0.09059366632185156, -2.3184950536954734, -1.4897161008190873, -2.6717468177534895, 0.4840442097216968, 0.752943902321662, 2.6842399717005145, -0.47620664858964074, 1.8228327112218192, 1.6232116234474996, -0.4846106368688522, -4.190138540039155, -1.3385685606180906, -1.4011067590956063, -2.5426611968833166, -1.2475964468490255, -1.8902610943971414, 1.250559297898942, -3.3105967907786225, 0.8158827512218532, -0.8099626110556025, 1.3127219911661192, -1.9324470834702843, 3.498184670661569, -3.0893003112523565, 2.4307951562076204, 1.805012165817707, 2.183375609005743, 2.4958092473590936, 3.5307186496685286, -0.40982818300842494, -3.5170353239305605, -2.2835728034803697, -3.9547191249317466, 0.006586434366378624]",0.72
1,"[-3.6407088605884876, 1.3946650533587652, -3.2385542445742357, 3.9465338010079667, -2.7457836900126047, -1.831058122309451, 1.5224878963314705, -2.0444557092027646, -3.232439973522227, 0.3781623941480463, -3.776351628799863, 3.7082749079495803, 3.1395368366288166, -3.3961805289918923, 2.9733761602150537, 1.1930129098367301, -1.2156889011871184, -3.096573079989504, 0.23438884334227317, 2.8009400265169937, -1.8816589606425886, -1.6266129674230987, 3.3296891999849265, -2.3060047045916896, -0.002216140907110198, 1.007164016515278, 0.41327057176938964, 0.1096844971610948, 1.3726088852157934, 2.24985006725382, -2.9917559402856133, 2.822246959579908, -3.0176780137675645, -0.24983174119540874, 1.6408365088345105, 2.176305261700218, -0.6764128710518678, 1.3433343448710429, -0.4330731294416722, 0.36530054758312036, -3.6899281024713826, 0.4652287392821758, -1.151242915023675, -2.8903110259280016, 0.9019475722789585, -1.9015294271656962, 2.7014092715436893, -1.3147834325923764, 1.2516105335913936, -2.840875303606915, 1.298804434218544, -2.123656235067287, 1.2392912895747306, -3.071692239785147, 3.3692728445098914, 1.940990996822628, -0.4762648135572536, 0.4065046080701924, 1.765026119841875, 3.4070943252304224, -3.911086974388954, -1.415031707206926, -1.9840472787396055, 0.5958789041089543]",0.72
1,"[-3.0516635553418987, 1.7787121243818416, -2.267567580910005, 2.088623509919243, -1.4461290274652914, 0.09654632117973527, 2.3843932923832756, -2.5911553671464493, -3.1504078999812917, 0.5498515557604011, 0.2728922930288773, 3.3295391834420167, 1.0525727009905304, -1.758308074057267, 0.5773059513242875, -2.186756362695407, -1.2585539585404775, -3.8182029446601318, -0.7362421924021436, 0.3134922211661264, -2.5125773658558286, -0.4334336704351296, 3.1791622838135294, -1.7664230244114907, -0.14444810352940207, -1.1566830162895236, 0.2583786188720586, 0.5885566875067604, 3.5762434800056435, 1.0305781170071806, -4.2708512767607, 2.651893608655425, -2.7565799528925057, 1.235462888367376, -0.12403748572845219, 1.3810384844650538, 0.543840973286821, 2.915272892530661, -0.6901887210678926, 0.5269199602691728, -4.246738762122619, 1.8742994990087518, -1.1641663765338386, -1.430096156923745, 1.1599767737256799, -0.17198280481295525, 0.8327671060248936, -3.4160419989653654, 0.8178828185343665, -1.9581172141842762, 3.5676385515338187, -1.2329519839856415, 0.9577328588108893, -1.0357844865171135, 0.8735478558421308, 1.1274218098448345, -1.1817408864047092, -0.29776470559744805, 3.1477151159896275, 3.26899494441217, -3.035373205368097, -3.5709234974891784, -2.1412040118076545, 2.324057971531589]",0.72
1,"[-2.075101979167088, 3.076244519241684, -3.145984712178164, 2.6205880246357736, -1.7593382124140557, -1.6529032258883722, 1.5392667639553268, -0.03403088167167212, -1.3256467035344202, 2.422806661311746, -1.2544755252497197, 3.576872347014696, 1.2578179981936009, -2.288304174969358, -0.3861647157576633, -3.332514294021747, -1.2229331559656025, -3.577127294648176, 0.38323223885162583, 0.506296212618331, -0.547920665390647, -2.4168792547701163, 1.7041611567263826, -0.7272709733207545, -2.4943980221365525, -1.1769039505065977, 0.21902495839151026, 0.8847787347106888, 3.3907412402335093, 1.6304995377508296, -4.079838177468666, 4.086626319983696, -0.7812870646448318, 0.705733878556065, 0.05567703933472756, 0.6504312368811731, 0.7083382582035833, 2.37130447108357, -2.56419525035045, -1.1465482446845705, -4.146941500218612, 3.108107320638696, 0.7324557658876889, -1.6944374080013171, 0.14044543435192236, -1.6708992331355623, 0.06398157877090815, -2.3921694666243054, 0.3332271773686356, -0.0939606838110787, 2.868452631274514, -1.9956731604168616, 1.3680019001022035, -1.7667497885544343, 2.441716479261447, 3.028236945145731, 0.4933671358922127, 1.552493087659453, 1.5618701000802393, 1.3853774869532003, -2.9144365515419555, -2.875885688565347, -2.4216807608405686, 2.1207769208739715]",0.72
1,"[-4.487613837646154, 3.8972259332809718, -1.5377129227429354, 1.8709073099201112, -2.055063821494601, -0.8244890648793677, -0.6531662749038092, -4.947034549766643, -1.2341753157319746, -0.8787462160230444, -1.0510468301902225, 0.3455943269717259, 2.1400199282464936, -1.3400623373106169, 0.35129355976757726, -1.334402913119447, -1.003712578231137, -2.643472932897325, 1.2627501391508447, 0.3567330822303699, -0.41218634068230164, -2.1521173729889522, 2.4359455499604814, -3.6705848309699096, -2.3315894638579557, -3.305420378580658, 0.3049279940616094, -0.4196950522543013, 1.7138741202424557, 3.130757038527763, -2.2205196528296702, 1.6372278583084678, -1.1604992519301751, 1.349965190913898, 1.8341304391944147, 0.7464644737596029, -0.07429968377904886, 2.6399034846271197, 1.6006275695880179, -0.749846125819328, -2.474386218285961, -0.493852564086947, -2.6545451525059405, -2.9570108299375946, 0.6716061926114255, -0.5291624891086506, 2.120304574960368, -3.577044407270089, 0.4141190856354314, -0.8707925691403857, -0.5702587814497404, -1.088688591666108, 1.654713691394921, -1.074484998091808, 0.8815038342695292, 3.1722385031015685, 1.749260945132749, 1.3911825480629467, 2.1487845466962, 3.412472421761076, -1.5203843302490174, -2.082785428790677, -2.1690490973552112, 3.1526300551554116]",0.72
1,"[-1.788423719445345, 1.3173288833111547, -3.165881535250221, 0.39660073756588043, -2.9214377714142294, -1.1533935950746854, 0.11018158561651048, -3.0774325102813984, -3.223962899117603, 0.8730737709401926, -1.188191157937013, 3.796273867010373, -0.04860152338973056, -2.7841634724621196, 1.4588654255966613, -1.8101549930828094, -1.1197345138202097, -4.208783296790239, -0.8868831797911552, 3.4343176747187205, -2.485068100766175, -1.301945863298312, 3.297770400225154, -3.3016452809823544, -2.4220330533479912, -1.0141331177986934, 0.41889765943901575, -0.12072740100601048, 1.224011716136383, -0.3048828208917087, -1.3320781783231097, -0.5544943749167546, -2.7446602595113676, 0.08440579451270291, 0.22828813343164722, 2.2385015414835294, 0.549811710229821, 0.013715928902773955, 0.6051430694641822, -1.0234381554483543, -4.1814648169419515, 1.032459199582141, -1.8049989702094522, -1.471492247975699, 0.552246628016517, -1.8927470609411612, 1.5441140833285485, -2.912416119814694, -0.8174048120619702, -1.6001465050322565, 0.1625547561804137, -1.7885154789878888, 2.2621225904734032, -2.733672626660984, 3.3787004692987987, 3.507887137886977, 2.2209777345688044, -0.405136964991698, 2.4707077393834975, 2.9257363834927257, -0.9764345843040874, -0.19596607571457758, -3.65642447381793, 2.6705376167379598]",0.72
2,"[0.6793142371169143, 2.64204294566132, 0.22592494448309408, 3.4981649675558444, 1.1656424080614347, 3.8224006539882343, 1.5253079721008835, 4.193168761897214, 0.5727437592813918, -3.1987410022113973, -4.044395888630418, 3.5460730136850094, 0.9794856215978393, -2.815856961956152, -2.611487229098429, 0.661009890751145, -0.809721141815817, -1.798463282886714, -1.4250460409453112, 0.6325359942590763, -0.13006430956607473, -3.1275886863974782, 2.3464707213009883, -3.5589705028370022, -0.6239072846631256, 0.6963364022955945, 0.3329383335493459, -2.059640094809488, 0.31061880297817446, 1.0767380062322789, -3.004796010869865, 0.24097612193574813, -3.4164020607638967, -2.996026185376446, -0.6409037370426538, -0.7115517877868541, -1.8500716751780055, 1.9451619331931305, 2.778633437276587, -0.7830609508810635, 1.477025651397192, -4.172269619629553, -2.6364161172610507, 2.475796891760618, 3.5828599834960095, -1.9650483743990628, 1.5464384387915924, -0.03875456782159592, 1.081225479541377, 3.35107845926575, 1.6352695291093333, -1.817122755428117, -1.6121707116360613, 4.397100796720377, 0.13898546512867227, 3.5193903807062297, 3.287231396850137, 1.7752868933654167, -1.06656084008207, -3.4530272459881157, -1.0920079930967985, 0.3816298803453284, -3.2733966084364385, -0.8301654553501773]",0.72
2,"[0.9325432370999587, 2.1367497769380748, -2.0885260111536668, 1.4590184433996238, 0.43323838242086943, 3.218323003777121, 2.178927325727459, 3.852020831696816, -0.34829491703661375, -1.7978555937805178, -3.6927207002544638, 1.9845049463021525, -0.5357900892753213, -3.1532538093136244, -1.463567474270971, 2.3085712291534857, -0.5298302491780134, -0.5301953218683388, -0.9016261819353907, 1.9589286814711981, -0.7356529099511451, -2.341267613006605, 0.7652737277980242, -3.7146369484913824, -1.4335660707956657, 1.0968440276137557, 0.26460276572130814, -1.356363474357416, -1.429174748080254, 1.1180088108259616, -2.062539899632733, -1.9714362805369354, -2.5289884025076628, -3.01502883689604, 2.4141451137705525, 0.3181757179896787, -0.6123488934184225, 1.2261669487928666, 3.415886492912903, 0.5406904002959317, 0.022570070750507543, -2.846309403945527, -2.3804917861819845, 3.4408433094923296, 3.4535727399885325, -3.6407322253431733, 2.9626009579099075, 0.8581334766954463, 1.530646240653795, 3.3411786512254875, -0.11666646248099233, -1.9258897452279433, -3.563386675999449, 4.203896097952719, -1.3910745379311191, 3.5206896123578324, 0.5619918050220041, -0.025072584764273723, -2.7108371428390723, -3.386336928254398, -0.3523051787880227, 0.18170217518198645, -3.6947777368402095, -0.23258227553071786]",0.72
2,"[1.6934864585204839, 1.807263472042024, -0.572887605609475, 3.830542889338308, 1.3351095625694842, 2.9077137462604417, 0.926699701402384, 2.8173066143837344, 0.7458268792781622, -1.2828041354342519, -4.20358659998278, 3.381225547655903, 0.09067702939820454, -3.181507429752651, -2.269162136355008, -0.5462976862710263, -0.9141782191850323, -1.70314973333464, -0.555276229519645, 0.6391794491639443, 0.094831048693028, -3.2455507245601978, 3.009275459835389, -2.9930461750469224, -1.8740364802291816, 1.8781564728904172, 0.5329000538516251, -2.646261865986013, 0.8897976401622216, 0.35987905162803846, -2.3271375758524977, 0.29863491315004725, -3.389620209346572, -3.047414845046562, -1.1527710650497123, -0.4366134446570021, -1.2049001510484332, 1.99668226555197, 3.670657121137998, 0.22223882043386745, 0.8128113610672449, -4.176129426836702, -2.6352358796143664, 1.3470444614862667, 2.33427439145592, -0.6769691513436087, 0.9833007542290737, 0.27782971386674454, 0.7478745917701028, 1.8555191270424656, 1.3408911994289943, -0.918194245930528, -1.5287416421999078, 4.158757879555767, 0.9402606260481374, 3.4721518074211764, 3.5505263990603844, 1.5097360499353034, -2.636290635876344, -1.5349169517540526, -1.8066857052058456, 0.7001973585135537, -3.225979566263136, -0.4835829132166597]",0.72
2,"[0.5873341264029593, 2.53797837279925, 0.340025980548923, 1.9350361514416268, 0.9802388534820847, 4.136572573438865, 1.5172371951176193, 4.4135278220105345, 0.5941519400425261, -2.4358054078937195, -2.160479320624248, 3.0416188028835744, 0.6292862425905342, -3.5111693656522203, -3.095883138268321, 0.2773756519006526, -0.796739112630122, -2.455237527219965, -1.2863623750589042, 0.1090232546649077, -0.1824806812418981, -3.1883737752773547, 3.333262647180136, -3.6857083534592485, -0.04836992012446373, 0.9197109056053532, 0.3297195571569048, -1.5940325801560418, 0.030023316848690168, 0.576099398195253, -2.680517828003327, 1.420372091958961, -3.307907555493314, -3.0493525184823516, -0.48902590526188566, -0.29670525209752546, -1.4555180602929751, 2.044428888512797, 2.0631916479173076, 0.1238231787771038, 2.208346111107894, -3.9232431288992053, -2.8830237574938566, 2.792257472542734, 2.845322745113271, -1.8398581005877468, 1.6189682089170667, -0.05203564274872749, 0.7586927119117768, 2.9851522839594913, 1.2029353527427253, -2.8800785370261313, -1.6799069422884747, 3.7228429916155967, 0.4249804145561693, 3.333692488515338, 3.1641656277353896, 1.4728733523000255, -0.36596868578600905, -3.5432213564170225, -1.1617411287966528, 1.066355563909399, -2.660336193575291, -0.6434021605219811]",0.72
2,"[0.6793666238433095, 2.4322744683146555, 1.7277289032596925, 3.9553954626892094, 1.8193093901762643, 3.159799087020952, 1.6667996729955843, 3.391868064510287, 0.8946049657317372, -2.4308633632901784, -4.173219344714242, 2.5995593661855834, 1.3224845387753519, -2.620583019597751, -1.4694087463348418, 1.0842945129477104, -0.824941782170679, -2.2048495567454145, -1.7149634418614976, 0.4039261777597591, 0.6150983499272721, -3.2710761540106836, 2.327815599341444, -3.668765828459726, -0.3996730849033219, 0.08406414139065976, 0.3753176551453436, -0.6607256362603036, -1.1946156528776717, 0.28659908901821385, -4.028059543359187, 0.11381274636243519, -3.299250402694174, -2.3822731086006304, -0.589658112342918, -1.4864839110070074, -1.9310809859690412, 2.8785542483779105, 3.054828055323429, -0.23968364901275596, 1.3718059717789701, -4.008925868412279, -2.8779646488654094, 3.52508572780534, 3.240984194891126, -2.7991596068812745, 1.9695620837383634, 0.30266704751385143, 0.7442921795962525, 3.0647318989896677, 1.8129092227097645, -2.1104341617730853, -1.1104742589282801, 4.091364489527741, -0.8530279487977521, 3.462213472159197, 3.449603111057439, 1.4675417797991421, -2.1478836390057054, -3.7820249422150236, -1.5538086785057774, 0.9293559450233677, -3.989903025924344, -1.9984875580764725]",0.72
2,"[1.3096897086755255, 2.2209798733568342, -0.08156785815019568, 2.5397436250016656, 0.8024855795920434, 2.5925469029513435, 0.8031419677110447, 4.061029710669455, 0.70856563942197, -3.180559812000903, -4.063727778269337, 3.772463282160121, 0.9518626441940582, -1.4971754095228897, -1.9659669793220163, -0.29086822683302754, -0.8819488794850825, -2.2865574274155906, 0.1644347777507793, -0.49165772768157834, 1.0351175126895404, -2.8494153527594, 1.4794986098688696, -3.4048997880089784, -0.7678662642789673, 1.2183543101696452, 0.39358359395158027, -1.1222959576303868, -0.2610761350938102, 0.5791620045018687, -1.787376484243462, -0.038591650327454985, -3.068539927136469, -3.0514429784167763, -1.218989891133964, -1.6309309981607831, -1.2637671884588821, 1.6374981152298647, 3.5345003694798542, 0.2638342207734532, 1.5406741605522178, -4.171939346258208, -2.696327856920913, 3.3071685382141967, 4.043330179476076, -1.4359211414357729, 1.3829960045677505, -0.6562984456501954, 1.0925235354057408, 2.265514089698609, 1.3654605155569515, -2.7797069355943558, -1.6627231033735765, 4.462167826974996, -0.30514391718535305, 3.5162029679824127, 2.445270035078164, 0.8680882928125075, -1.0904508912322255, -3.645572432514087, -1.418216913990941, 0.09216874361353045, -3.210792009813482, -0.48142401249987127]",0.72
2,"[0.37998969132638144, 2.235157717459464, 0.9782679205678071, 3.394078108863345, 1.0066160711138472, 3.2693220929353908, 1.4911317175514385, 4.033112466006164, 0.3128779055784597, -2.427200056828014, -3.8863753183398995, 3.767521850051181, 1.2398921838240535, -2.1411982627217054, -2.4916444568345684, 0.8352236819823772, -0.8534398049947844, -2.0315106929485505, -1.9146060019922406, 1.2266129632613796, -0.2915695364434394, -3.2877004183834346, 3.0486997885169425, -3.5388146057734966, -0.7762181381059118, 1.55090432674618, 0.35594956052453713, -2.7119820947981035, -0.4612789491461091, 1.0630007525175238, -1.983402635866308, -0.34126512910413753, -3.2748939282541945, -2.7019449935544446, -0.8568018807020024, -1.6346096319612675, -1.797164046665482, 2.0056672076933713, 2.916660987787053, 0.17768305473323753, 2.1244780904964866, -4.15246863585023, -2.388493803431533, 1.9259267278351153, 3.792182216051281, -2.2662198419239195, 1.0174096527260819, 0.550745834477349, 1.1423883497815368, 2.834720889951162, 1.2071318356988239, -1.8999954149565461, -0.6413156070358917, 4.375712257570693, 0.07151316596246499, 3.2072106925176316, 2.711438868685687, 1.4270569198252856, -2.079720220700939, -3.105659330160967, -1.320997315013136, -0.500649344744895, -3.9895797294485793, -1.5580219757734781]",0.72
2,"[0.7201203577940771, 2.287096496049334, -0.1433093282840932, 2.912488795773468, 1.4390207792075063, 3.1919511740538695, 2.2953532354763393, 3.4802523320336323, 0.7436618149793985, -3.084375537225514, -4.244213456991801, 3.83761318122938, 0.9844258713307286, -2.963875012015789, -2.0966767226232133, 0.7330987619192165, -0.8547564447993246, -1.8213634816666815, -0.4268885757731413, 2.158412226126324, -0.1309339058361709, -3.2232174673507115, 3.0098569206137706, -3.7401815770614415, -0.9622711990540198, 0.5233796709435034, 0.4278910937112819, -2.7497688518006633, 0.4564763059698618, 0.4258982520795248, -1.4882646827196764, 2.3165536848214834, -3.4149971464447386, -2.1830375363820878, -0.7179503770341987, -0.4640661239167318, -2.0192948499304504, 1.4608989877002976, 2.9676536587179627, -0.10553356660757596, 1.1545553086360436, -3.504619996839639, -1.948300257659497, 1.4758810785991514, 3.2371029991100713, -1.003376820300872, 0.5279041304348101, -0.3762474313745182, 1.426590060582947, 2.5728026544383154, 1.5935707329938678, -2.150201330738982, -1.6493977481688926, 4.335178280007732, 0.5477131202015716, 3.5246331266965742, 3.3537831827581224, 1.7780690597628221, -1.6570340449438148, -2.619679706560688, -1.7674840032720815, 1.4712881495750516, -2.822186240711318, -0.41849262452334896]",0.72
2,"[0.2649003023547676, 2.3027303190845814, 1.1109022532192243, 3.9790783548487996, 1.7015723985696671, 4.122124132601003, 1.2209450247631988, 3.5356462696321755, 0.43872404127332015, -2.788709540959324, -4.269625849655871, 3.8582570119106268, 0.746422174382174, -2.8130817226238087, -2.625463244237636, 1.8363637907617176, -0.8652923907437111, -0.8783010794454851, -1.5561901687277304, 0.4173529778399185, -0.7220647357493568, -2.6200489083090943, 2.270085474305766, -2.5476449436215125, -0.8632533139717188, 1.4467832825311389, 0.4017884719231123, -2.0357713530063664, 1.1809709686314438, 1.319654381792066, -2.9702766841778234, -1.50770413168026, -3.32474043636265, -3.051265473878512, -1.4310008666339107, -0.7248129193730672, -2.823510689359476, 2.851091110187603, 2.8555149486729845, -0.902081130980418, 0.9065426974715404, -4.044977138595131, -2.882028295195904, 1.196611110196693, 3.9699755524518916, -1.4669076425560228, 1.4327030090789574, -0.43858633727371255, 0.8055790467878869, 3.5995406871647515, 1.9501291657173343, -1.7238875560951372, -0.7969565374848733, 4.365024426709021, 0.8161276817289455, 2.323098601256311, 3.596145708378581, 1.2832443363015522, -1.2938568992916817, -3.727206172251359, -1.3559446703002684, 1.2959139434279996, -3.894146117111125, -1.3003815494991944]",0.72
2,"[0.047161774808337054, 1.8962599935668143, 1.615932712164424, 3.079477847352584, 0.7497336510074121, 2.348855302148187, 2.1034760672719433, 4.087437014178625, 0.37357600243634903, -2.5289215588215677, -3.3020814611437848, 3.855543409571259, 0.24703889550112157, -2.3522266424007694, -2.8851340672576105, 0.4743724033767554, -0.9282307593978345, -1.3628494746742963, -1.3397314966845018, 1.0158196031086115, -0.4342825559217207, -3.0954292737230853, 3.2743839104818933, -3.7068831566239466, -1.4411996992176732, -0.08396770083789962, 0.39629805069379564, -2.7377737274253935, 1.0787224614531665, 2.0784269020271373, -1.8573262264677333, 1.030004579216146, -3.318238881092149, -2.0735677926033853, -0.7042151065413991, -0.562054781701034, -1.277000543762353, 1.1621974107582544, 2.5697989884351427, -0.8011980897503919, 2.1241877891105663, -4.130943054705499, -2.8172566136130017, 1.924887859965986, 3.2257023624012904, -2.5039972172726195, 2.2358723273797136, -0.3981187873595604, 1.2488538530730737, 3.4094521806802423, 2.192865593073238, -2.044566857285103, -2.0124564456094842, 4.339818103606176, 0.4267842254508364, 2.978212662706044, 3.4439013045784477, 1.8350474379364687, -1.568280092211681, -3.68062997885425, -0.5913379039503223, 1.0311317374272262, -3.6702509273311232, -0.8744189805871595]",0.72
2,"[0.5511560200176877, 3.1875803304635264, -0.3039620278636265, 3.843985417021613, 1.6845043647590208, 3.881053906832312, 0.5612774123040736, 3.818748856165146, 0.5958587540323793, -2.8406193487039775, -4.210342521791141, 2.965930582848225, 0.312043896211444, -2.861348039616354, -1.072156373649349, 0.5654908689205512, -0.9270828880496083, -2.070125965418201, 0.0327668691940588, 1.3443331777605936, -1.015859365320081, -2.7488128264889924, 1.8756019552493115, -2.8305964929947174, -2.203852416072633, 0.2909926275508835, 0.41635347060254396, -2.7342290173107444, 0.264532502485658, 0.7251083921515888, -2.073486298534345, -0.5008767617715522, -3.391311808253708, -2.115450465967195, -0.6211118141095276, -1.92551471330441, -1.6785312813956454, 2.548280104345702, 3.1754246849329775, -0.1512155096045953, 2.243248598210482, -3.0910509937790813, -2.365734292916682, 2.385299252934493, 4.016133690724677, -0.9635966033128104, 1.4403146689864346, 0.08062910612734725, 2.2511442702058964, 3.1095615450255965, 1.7990366643724653, -1.8008398329705582, -0.7601549945199848, 4.243009643850819, -0.6763887094938075, 3.3880563864263302, 3.4858680701694724, 1.4354825832012117, -0.8029679084705017, -2.649438287478306, -1.3921885031573893, 0.9998590677586982, -3.8451304726399287, -1.0171334843973474]",0.72
2,"[0.34175694390716344, 2.6810042284914135, 0.4097703638596137, 3.8575429935979217, 0.7739755546196699, 4.136630465513924, 2.240369404551209, 4.421552739263028, 0.31653014230898824, -2.3859315297622867, -4.296714761714965, 3.6719002350664285, 1.5216044586671142, -2.041451109852877, -1.8341514035232982, -0.8373688468664304, -0.8419196469934724, -1.9298235935477681, -1.9708658850157557, 0.46433448084693685, 0.5046655702779983, -2.7101312796810837, 2.8900410278870554, -3.319570568254166, -0.5462856180697602, -0.10703010500698595, 0.3978637784515298, -2.3199875370244625, -0.05087758136790409, 0.531265304584171, -1.7601082896504152, 0.8486222510980993, -3.289656435162989, -2.484686711547446, -0.751569538326565, -0.601235359902309, -1.2070776945342185, 2.3818652490216405, 2.3169017684163915, -0.1903347293866967, 1.6185234765377055, -4.101765955758898, -2.670453241388926, 3.52500794510458, 4.0899124961118085, -0.8420245061522103, 0.9259648021381367, 0.6684122003685866, 1.9955079419583517, 3.665794630739445, 2.279492187603794, -1.2243885582900749, -2.026214371896287, 3.24084663168129, -0.6859793967647918, 2.7583822196848224, 3.4193908128791652, 1.0636277458135517, -3.0031401678121163, -3.78556275182853, -0.8095446958809742, 1.0717215542156089, -3.6524051184533644, -0.6468895898445187]",0.72
2,"[0.24513368218416465, 1.9962942666766206, -0.24163339232859243, 3.018084552215019, 1.8432163089220372, 2.3632810876888906, 1.34286574797641, 4.635872038481611, 2.035818469488085, -3.2762352866654436, -3.937871461075052, 2.9812588249852845, 1.135193823188679, -2.5537145000126147, -2.62691949757746, -0.3852897453863936, -0.7362704893487664, -1.6231390665314687, -1.6499584681568722, -0.37588608084563946, -0.343023099567141, -2.9387391686117663, 1.434777169179974, -2.1869788592823385, -1.7227072894080835, 1.918971838415635, 0.3164267616995072, -1.7452458989204347, -0.7232823374206785, 0.5558755683485905, -2.1254511821731095, 0.829278114183001, -3.110742407917135, -1.9324610900910608, -0.44396173230823943, -0.24085697680774043, -2.3208974532409465, 2.8637727198698077, 2.251618298151808, -0.056574240423030275, 1.6192794035566087, -4.1675138801434395, -2.406655843697389, 2.343981764927648, 4.12602759840614, -0.9581803978344868, 1.7494716625602607, 1.264819237843125, 1.2317107085137153, 3.6172311415046483, 0.4266857264357127, -1.321824851356409, -1.6025405788060965, 3.7599063327263584, -0.6600681500878727, 2.7450099399610317, 3.2694038941940105, 0.7639257312672334, -0.9822317730298816, -3.756880655424947, -1.1963730971347564, 1.003213218081045, -2.7300642759832736, -1.942117102322687]",0.72
2,"[0.34831315207188734, 3.1059586497433296, -0.9472869362159028, 3.097721117194391, 2.271522752379083, 2.7100884020428078, 2.9953903384184484, 4.06087382609637, 1.0006160511170423, -3.131210889790274, -4.135403210737843, 3.0722884087535296, 0.6232184119403275, -1.6577332846541106, -3.0959348508532027, 0.9960468447058729, -0.8185690417083843, -1.7753602350463453, -2.5867822997364254, 0.8833859731056617, 0.34323615886730435, -2.649381222229876, 1.999104963973352, -3.1110632059795766, -0.7983446789478015, -0.5332579051186621, 0.3684801866073491, -1.9745661885497798, 0.34265245599840816, 0.4249976445505782, -3.497929286679044, 0.8300692783411453, -2.716610314841079, -3.0222568107494387, -0.6226132071741328, -0.9721284010757708, -0.8559354951597387, 1.6282879265759334, 3.004032935906685, -0.6779617396490467, 1.6716596022732177, -4.145323159900395, -2.866249224480555, 3.133185609219244, 4.126832070120563, -1.6443526495611906, 0.7079675795289665, 1.4861713353638015, 1.6102635601567388, 3.643546529648944, -0.14796907379560897, -1.286950320162842, -0.08098642554566626, 3.504137872775238, 0.44196908850095024, 3.472443028583668, 3.1755909753065694, 1.2562471204233718, -0.9546560026974606, -3.252146752984871, -1.2663242622435211, 1.3521835186379683, -3.8433615950389495, -0.13160634550002048]",0.72
2,"[0.6828889070123102, 2.030836143582004, -0.7130299223512505, 3.9746758093664076, 1.1565597151477023, 4.134969201521589, 1.889263043202624, 4.041255330763148, -0.8701551558563607, -1.764993871843935, -3.394457125595549, 3.7141741270303923, 0.2675986344830932, -3.217014741502437, -2.221313936651001, -0.1425272180301972, -0.8277312652479044, -0.8215495296395314, -0.3749597621918783, 0.8698711981348826, -0.10772352724903302, -2.8076568683016476, 2.4520578515102085, -3.0205097891045845, -0.8640386702807002, -1.1088816555067653, 0.27723947961087403, -1.7521492436239208, 0.3315613781375773, -0.4307030070452589, -3.911771791767107, 0.5213257042467346, -3.270292913022852, -3.020006260962293, -0.56874648526144, 0.5571667015601834, -1.2470523901579518, 1.8377761294417465, 2.7614059913444198, -1.593964328521784, 2.012207384757675, -3.8588182563481928, -2.0943597870779618, 2.9063422192720245, 2.7706211935641973, -0.887199242246258, 0.5433142107617586, 0.004919138937965882, 1.7324302679317571, 3.2375900692970623, 0.6563322686717761, -2.1871727365712568, -2.0030342257492073, 4.301484596574733, -0.752747442342591, 3.523028991587983, 2.7751545841212804, 0.8322067658378293, -1.2332250991349853, -3.426420800613771, -1.747540650331738, -0.03953818466148845, -3.6870495602419817, -0.855717346664533]",0.72
2,"[1.662589820874381, 2.2386856375036768, -0.12714988026524354, 3.068341882658158, 1.6925678363216248, 3.9657491289729188, 1.2977858998573168, 3.3483089319931816, 0.9587167671273582, -3.196557997502078, -3.3850953576675957, 3.17628005177289, 2.111211497902289, -2.8223102374277578, -1.4372551307038195, 0.10980193654454506, -0.8346578448913433, -1.5810547777443231, -1.7209855228755349, 1.1694038037359444, 0.6373011030593518, -3.2841239074247475, 2.5114214683849054, -2.554274863429417, -1.659961701457787, -0.31046477355060786, 0.4195531508899971, -1.4806609897775402, 0.42469920110634884, 1.7823310731824642, -3.5054474154385242, 0.4747022081011011, -2.949847669965208, -3.0478158504341155, -0.6732435094637259, -0.48232052580850404, -1.9037289992405089, 0.2585526359722299, 2.615029081026665, -1.6883956372853286, 0.6383901126556346, -4.174105117453679, -2.8405334557708533, 2.1049343944621475, 3.1951395184161617, -2.095154234207686, 1.5604853645979935, -0.22875312116650345, 0.30827642629478935, 2.8982835754955993, 1.9041257585138622, -1.8230395785755196, -1.058458997664486, 4.436730253126288, 0.8989392743988655, 3.464513054443077, 3.364089886187507, 2.034121234783087, -1.5337689663173215, -3.1462541506768193, -1.6011870470937049, 0.03171476173454385, -2.8947516570512377, -1.3759229817440897]",0.72
2,"[1.8805512259022494, 2.251139047090673, 0.7503157511153136, 3.925266449040038, 1.4476585931391894, 2.9153818706431007, 1.7196168696034162, 4.544862880707657, 2.357712234675107, -3.3178389014611684, -3.3716667708462773, 3.626293438729485, 1.013470092924906, -3.733348098470852, -2.248570959946984, 1.6331566766407746, -0.76341711382825, -1.759087377193499, -1.343416225139841, 0.379078640978332, -0.6260312534472678, -2.8521797936831152, 1.2537809836791902, -3.722599621446601, -2.034377183281995, 1.8092392681377705, 0.3647646513514144, -2.2323822782608804, 1.1006318029252766, 1.0233091815684456, -1.7717514069916895, -0.30917779011397895, -3.3415901091093394, -2.539022888869562, -0.7679001007881996, -0.09640246065617619, -3.079276047721748, 2.0405030451444386, 1.4433097792797382, -1.883950261604123, 1.7855378754963243, -3.8235078176748205, -1.6932203430519552, 1.415165101420435, 3.4355445623183787, -3.354680331273343, 2.6521797022931355, 0.19936688706905367, 0.7569901200141909, 1.6944392865541233, 1.8935617052254472, -0.12791545143212746, -0.5605103478355864, 4.446274845468332, 0.1643170184040834, 3.098949341439623, 2.0813017372225504, 2.132741090107052, -1.8653006656937352, -2.9691169638935597, -1.1358124838983865, 0.6485904313971051, -3.04220721563783, -0.1093947331650339]",0.72
2,"[-0.007781279260594465, 1.8561523385949, -0.04359837010614731, 3.9401266747912285, 0.054042342966104995, 4.132481706109071, 1.2758326641102884, 3.2543475935017394, 0.7691932247270892, -2.4269736800842674, -4.109645488305605, 2.8736002940535115, 0.3542808264178816, -3.0518001905501597, -3.0199552080902348, 0.7056580214789351, -0.24352965745758826, -1.037090026731028, -1.6122020740949838, -0.5167197110070226, 0.20015392092473835, -3.11433615023741, 2.207395950294748, -3.4385997976184424, -1.456610352188123, 1.309687282439417, 0.316577922977312, -1.9237662456341724, 1.70120019121307, 1.1122678667440646, -3.2290903127191424, 0.6515982656851316, -3.416799952684296, -3.008651996819213, -1.3934998268717522, -0.1957592648607685, -2.3690305851610964, 2.2751139770511015, 3.0611415037550413, -0.6577641879690681, 1.3565923668941757, -4.122260860041167, -2.1844553324927034, 2.11018662931512, 2.0231869354163647, -2.34858559044417, 1.2830564465008834, 0.41058448375826134, 1.4835807536885008, 2.893266187744479, 1.5669332007198244, -1.8764162694700228, -1.74116328310748, 3.9003485969909306, 0.017272635781372447, 3.515820380416348, 2.9679884693924325, 1.2018623967575386, -1.093948212247341, -3.6716707342561703, -0.6197383396131465, 0.7416768524892763, -3.963138756628709, -0.6730293890126107]",0.72
2,"[-0.5141422817946039, 2.9650214086528104, -0.07325432814396585, 3.7979338112202137, -0.46166155899142636, 4.101690347779751, 0.37172419940946444, 3.901610986321757, 1.0369807805669038, -3.2993527187935934, -3.7354030781661285, 3.1226713387365597, 0.8785629564553491, -3.1989111871648213, -3.026414453646934, -0.6075717184669085, -0.869598903587208, -1.3465043896606157, -1.0578638631769557, 0.7052652026095929, -0.28050396519367293, -2.4773368611101154, 2.2402928645344122, -3.443117290871813, -0.37139637174687146, 0.8812462901638257, 0.29964381025064607, -1.9067929637600416, 1.256110372818062, 1.0239826572718744, -3.252704515309304, -1.0295608631745594, -2.9163960868563485, -2.564114806313306, -0.4301069006745125, -0.12232695867279719, -1.5004175095150212, 1.031087751043437, 3.069953389396179, -0.806202961020237, 0.955383087462479, -3.3011150078981446, -2.7237148551798263, 1.6213000672574003, 4.107356721961001, -1.9344482209147285, 1.7575227458637586, 0.20419836062133437, 1.9471895154007988, 3.4026308106133287, -0.2860093600931526, -1.3594139750669363, -1.7354634369787523, 3.849607111264786, 0.6655005286113957, 2.971520624525529, 3.5615620524058724, 1.991835247464195, -0.7557901101283522, -3.6348058647057964, -1.2700006196551288, -1.063396548592832, -2.8793428106517, -0.23310482367985752]",0.72
2,"[-0.15210763663028382, 3.9299374612849225, -1.229465786344486, 3.040734952476435, 1.9354373756396228, 4.128934583061208, 0.9724962033656246, 3.4835495870972992, 0.6601379458926299, -3.2257300529381245, -4.109887882882362, 3.5221497280805103, 0.8043937519674778, -0.7358824084646005, -2.4183141046530987, 0.4103455244855537, -0.8348715923232364, -2.0746427142427586, -1.8786893582034474, -0.5235246904657993, -0.5458349052171405, -3.038961584066783, 2.242330754964893, -2.9611598484750954, -0.9596545679130102, -0.4921085361752451, 0.4490243931708015, -1.5814258099515595, 0.25790908321158507, 1.0164927335454543, -2.9074542010995454, 0.0873362316185217, -3.401412462806595, -3.0394714413547033, -1.6034505550847742, -1.077399265634209, -0.3635270511306061, 2.5123504900590103, 3.0302708706267136, 0.20238262838866483, 1.1926279286815356, -4.020375391654756, -2.298337608835487, 2.320091120457166, 2.2393399808262533, -1.9659783140931122, 1.3770261592607524, 0.5653424868019944, 0.11823927649492316, 3.4845292898985085, 0.31861462144815933, -1.9018349391044553, -1.2825477440842834, 4.411477725187265, -1.3171254235635304, 2.9301287343528317, 2.5486584516964634, 1.1620312912547424, 0.08133721553439865, -2.5360575210741776, -1.084609961953777, 0.6764837506048678, -3.515117130580693, -0.6749409198567233]",0.72
2,"[-0.7591146318852635, 1.5609834271112724, -0.19365925526810282, 2.7193876708635205, -0.5759671818712748, 2.997189380635329, 0.2605164747959019, 4.26744028746881, 1.055708099961353, -3.2766358011168086, -4.093189159805544, 3.676367513579825, 1.2978932172595254, -1.7190029589963838, -2.1990077451467203, 0.08381457733115638, -0.8575129005924504, -2.5779072658412083, -1.9546399596324393, 0.1773957117442857, -0.3642290791912999, -3.2481202951553834, 2.332786744568936, -2.4499392898779186, -0.7058474778648839, 0.6221768481611565, 0.4555876485993303, -2.319490536761287, 1.0480923783632257, 0.5694691242477965, -2.9717985347444804, -0.10107168905633418, -2.6403204267525715, -2.844910629288704, 0.2672889434374941, 0.41497514126394763, -2.607802061374205, 2.2742796412299033, 1.5147582960350028, -0.9422553343849306, 3.060494728107446, -3.983881646655917, -1.8931911667262502, 2.1614422924589953, 3.8290427878818205, -2.21905724727169, 1.5293689597894502, 0.6699868585300787, 0.9175367031946713, 2.5958172050794777, 1.8588639717828517, -2.1665767296744773, -2.0572005579968895, 3.8837764802854418, -0.9643676340307052, 2.8633458453235905, 3.581711636454318, 1.6453503976741948, -0.709426292565099, -3.670598906493466, -1.3756002584435207, 0.44880983967184385, -3.0929882799175807, -1.2769788861873437]",0.72
2,"[0.3166240101070469, 2.593970807447754, 0.9663426907876568, 2.3400567559858017, 0.9790562488354663, 4.051484626046664, 2.143816522597432, 4.635142734213842, 0.12024943714154046, -3.25555717191849, -4.291961554182559, 3.825511641182122, 1.0960882417329887, -3.652628344850409, -2.5491246298325656, -0.023109438309979413, -0.909029355025402, -1.1073849138738314, -1.7826392889091718, 1.8621934631313943, -0.10175747233466194, -2.655468109050825, 2.934127752661527, -3.552653687908492, -2.1646748358250445, 0.14145636688709604, 0.4388026481705433, -1.6883206501595864, 0.3928407131655825, 0.2701480687010638, -1.9397324297330514, 0.9248753744029524, -3.3147789537188124, -2.130688475969527, -0.1653816184508755, -0.5629124545377265, -1.614129277454184, 1.863563204858325, 2.5545568820633706, -1.8807759074965262, 1.9315498873286074, -3.902014352193889, -2.668650097984768, 1.9754232810555792, 3.020396390188428, -1.8803741072800115, 1.5484805077035824, 0.5816834671828757, -0.3940081213436115, 2.5933319371860115, 1.1795783611323798, -1.7145888864593333, -0.9380862392553658, 4.144700728194986, -0.5932883758161476, 3.0327352404363292, 3.5407921916965686, 0.8092232898915225, -1.3343904701746625, -3.6752632232094085, -1.6614258130669652, 0.05668829131425224, -3.754640685022199, -0.14950726498316447]",0.72
2,"[0.24710537046293743, 2.5958731063070113, -0.027135817514743477, 3.6450156689736755, 0.3977251507294731, 4.0594633394747435, 0.9506913285489286, 4.609948092726226, -0.38093714853924565, -2.4930916515954356, -4.263725810748336, 3.344414386634418, 1.6462575879057484, -3.4738328182601603, -2.154351308713565, 0.29198671750293037, -0.9376410818890162, -1.5953540876688947, -0.42708976149084854, 0.6237062018940982, -0.7761843963601578, -3.2276833198807324, 2.798986522455254, -3.3698319038901725, -1.893378054871417, -0.5577517078570804, 0.33908301777198463, -2.508850971612847, 0.79450049988164, 0.8676252333967145, -3.650149198754249, -0.5871966865304147, -3.4153978226666943, -2.9933943445640074, -0.4309380130148361, -0.5558645069127188, -1.6910398454758797, 2.4602276359805746, 2.3071920162591497, -0.026546052354091687, 1.2247018657313329, -3.812123026430216, -2.8426643814173542, 2.49892106470379, 2.9591150028936215, -2.480913047162093, 0.9045913512441984, 0.20605099681447636, 1.4383959652643814, 2.348667909791666, 0.9847796897255592, -1.9925196736843478, -0.5300198055532097, 4.31374436166278, -0.3567569119753406, 3.4481197602653886, 3.5184193537771495, 0.9137904425352331, -1.4421373593903113, -3.094671321036291, -0.23401301043253708, -1.0940416718491726, -3.871234302409265, -0.6059288610440879]",0.72
2,"[0.6680818095578166, 2.5237542009873883, -0.16461529121173296, 4.046886222269773, 1.3807144281108243, 4.052042860038507, 2.156366568727873, 4.415781381372135, 0.978848508684389, -3.290354241681469, -4.271432677026469, 3.693088627126247, 0.5989662702900551, -2.7532390648358067, -2.548212380379096, -0.09291560659489478, -0.9446101333314371, -2.0342777178671776, -0.23062122919701267, -0.5032940138473516, -0.4593072454331244, -1.8084355052405112, 2.319875756780898, -2.7046864125628693, -1.865765564072647, 0.10744728407139287, 0.42824398232404826, -1.0921352868066483, 0.3733482092555177, 0.026794142192579695, -3.8767847171017067, 0.21204599956065678, -2.595493163044102, -2.360095119390423, -1.3394725078161702, -0.04964018455262831, -1.9974754022677472, 2.020359311741786, 1.949491449809369, -1.5352666442401721, 2.4021023690291834, -3.8552643796139208, -2.7876465427941177, 1.5865192953336418, 3.12993059230783, -2.7224624919861062, 1.9267850815422338, -0.2674027969011726, 0.6316745073325882, 3.650424307263359, 2.042235500651657, -3.0823124062845606, -1.7981599236109012, 4.078334550705658, -0.14435809600124716, 3.180328839353239, 3.583858274773738, 1.133700588724103, -0.319157162813548, -3.5635600475399616, -2.267255161355815, 0.22852208802360774, -3.0331397795175192, -1.036138755150996]",0.72
2,"[1.990352886750992, 2.2475780453848904, 0.5684256035598798, 3.2176222800014354, 0.8870967892129735, 3.9807123813141074, 0.9169079559076174, 4.1890173119710346, 0.4329586649168977, -3.169039665766623, -4.012186002639521, 2.2866929017862447, 0.5759670046398967, -2.0790965365197445, -2.3438556663296106, 0.5159597158242781, -0.9524184002532275, -2.3939663031573866, -0.3725461715146786, -0.6003554936671086, -0.3013813035737837, -3.2363774857553342, 1.7233462632982985, -3.2575511290406367, -1.1705553288796653, 0.9090160781557085, 0.43439443904678643, -1.7665252346716276, 0.5721616387270261, 0.7500244888555659, -2.83314927475295, 0.7578402195947617, -2.7822108672737533, -2.6855922659437144, -1.1794200911789623, -1.287286875950656, -2.2665510725633338, 2.604195909200545, 3.106490977003217, -0.39419739910330387, 1.2818668985293515, -3.5222109602464595, -2.4343654865178546, 2.7818196071208745, 3.6985204587787384, -2.279068810934232, 1.4352283411951314, 0.47890043130048604, 0.29095601153399475, 3.6615924254806127, 2.4062528735122672, -1.447154708880193, 0.007321993406031346, 4.3321353190699785, 0.42502211759862774, 3.520558717308333, 2.8927002452267687, 1.6834680495622996, -0.22091157037316056, -3.408815592146623, -2.638426363039289, 0.11055723398451242, -2.044334625989909, -0.5597140470922779]",0.72
2,"[1.2595320396303806, 1.8665288814428656, 0.33530000923171704, 3.693985319836748, 0.8425745456047493, 3.6627871647425687, 1.107418015498787, 4.0024568973326575, 0.2382723469300959, -2.9103096578553163, -3.9056387579474103, 3.603252294606084, 1.7083402248786501, -2.51868459610463, -2.543602951398602, -0.6812051114705657, -0.9878843629495592, -1.0845055661069205, -2.127393021169632, 0.6234648634194795, 0.4482688514899442, -3.222321723641672, 2.9669371523215444, -3.735321038893806, -1.6740577268569083, -0.7821901566897106, 0.4884552238810789, -1.9893901519850536, 0.27290848958929326, 1.1251182316730088, -3.1601579908432305, -0.17294364786752464, -2.4577485277053697, -2.503296425167216, -1.2091336181369285, -0.20765956480208703, -1.0468489436130533, 1.9400118615763222, 2.0973931644563812, -1.36363093437163, 1.2693642067732798, -3.6591236506599856, -2.8827698584306436, 2.161555255342089, 3.153480686412186, -2.4454305268711356, 2.240283862431775, 0.7617167377790208, 1.5405757729235479, 3.02311032015692, 1.295088924124196, -1.8529728142938358, -1.0290631299084785, 4.4607882468360165, -0.010225233564497144, 3.2850720314589554, 3.481245137593952, 2.2130518280116473, -1.5320830737422308, -3.442646144399662, -1.2095948277899198, 0.6612898029759363, -3.9334351917253776, -0.48668436612753985]",0.72
2,"[0.4786648975614094, 3.23170607919586, 0.6676926862740544, 2.336777942469876, 1.4694355797680152, 4.131523916145082, 1.9627640213169806, 3.825670635173843, 0.6892556538351514, -2.50295913224962, -4.265541816838825, 3.595006582349695, 1.1544283678068241, -2.20932948297701, -2.681944972027283, 0.22529799477069137, -0.5341018279496003, -2.853169070222748, -1.5378382114454092, -0.7988490027780898, 0.5236634858495337, -3.287305190506912, 2.2389575297682853, -3.296890781870372, -0.9412612754723375, 0.3148967126403228, 0.2746864906448319, -2.591255773795944, -0.10099330899006065, 1.78088133241149, -2.158627238369519, -0.6919700494772413, -3.2477889923251784, -3.0261413385340807, 0.3020415513429153, -0.8572757484797726, -3.2226602108784386, 1.9273816064865776, 3.344877164449625, -1.3605774631106458, 1.223263968455985, -3.938556082374533, -2.752648659922782, 3.416224963235663, 4.133136238788278, -2.7467650430805675, 0.8649105313320268, 0.7203962337335208, 1.3528692175180088, 3.040339712195842, 0.7285792532737407, -1.9135422541392004, -1.1230937173447704, 4.458394975759479, 0.23698843837138217, 3.48146884782467, 3.518465421391558, 2.1125441578640793, -0.7123011321653613, -3.0834479304789184, -2.696294630002871, 0.22651177092969382, -2.911762558201332, -1.0578228419665892]",0.72
2,"[0.26514452888129425, 2.8726764133360807, 0.32250580540323603, 3.9732896447851833, 0.226838321083222, 4.097260686760474, 2.3237000588452386, 4.628405955858374, 0.3984020801080973, -2.3439470566183958, -3.4347570691527576, 3.5002018419957612, 0.8019911628693048, -1.995894165677525, -1.7447442595594882, -0.8372816706435833, -0.9896093699777917, -2.5016435177913987, -1.2199786704881563, 1.0792876454562679, -0.1711957438941552, -2.4505129514303152, 1.3170209844166034, -3.74112013369104, -1.0457260348612292, -1.0492528003875574, 0.4699335027781285, -2.6418957401267935, 0.5285730129374047, 1.5750750503698838, -2.360041770443701, -0.14518547336260362, -3.383415451546839, -2.464294636226015, -1.4582718787117355, -0.11342870924796972, -2.119066610521182, 1.920925055344629, 2.5005834009431336, -1.5127226241015337, 2.464695145042312, -3.5903632172748834, -2.858168996369369, 3.343823239569062, 2.9381979007743997, -2.300057734438114, 1.1198437372292807, 1.2484997897020962, 1.3524526522980889, 2.8135746231197243, 1.530989235927144, -2.087258528287498, -1.4795957709074024, 4.289978165698387, 0.8850104955567842, 3.29619512381705, 3.042803068395047, 2.6019342159941727, -1.2125824873948277, -3.188410727499695, -1.7885007072156092, -0.15293210648858468, -3.119259126958958, -0.3674624688362679]",0.72
2,"[-0.07230018435056451, 2.244309862725234, 0.48318624888414075, 3.857680574858377, 0.8806734241337153, 4.071540060084486, 2.2788061820546646, 4.4404511594279805, 0.3342526358784004, -3.1931111917635824, -3.8873997582207185, 3.74844837428565, 1.5446051556016192, -2.9230451089661678, -2.735698383212393, -0.015202307713683541, -0.9362245219835224, -1.54364489258574, -1.582210654169927, 0.1268278345776458, 0.5611915479134377, -2.829716417383557, 2.010223335613523, -3.6730744639963055, -1.2487091324923676, -0.5381654759681503, 0.3944472926855608, -2.6471571827024074, 0.8909152772770532, 1.1863624464515934, -1.706660518393876, -0.061380881853200245, -3.390187669636818, -3.0026583827271622, -0.25468916550920395, -0.7088450728281099, -1.7649787081426673, 1.8169667008078905, 2.9104065888002966, 0.025998103562820507, 1.5893220510172623, -4.176301273354852, -2.383020313966229, 2.2013849910877945, 2.1619352343299423, -1.2881732092139009, 0.7790226109943166, -0.8344144849824129, 1.5044582541003801, 2.441424343544825, 1.494646897517947, -1.3165695418746135, -0.36137953229407227, 4.461495319305159, 0.5117339333457288, 2.779751592164705, 3.302084556950097, 1.3770373791734012, -1.842504027019867, -3.2941305178668348, -2.128924761858321, -0.6483190734888926, -3.297208189636116, -0.7265386315198604]",0.72
2,"[0.985949402787887, 2.5907710298892206, 0.37480050654015273, 4.2218799522403625, 2.254669324184619, 4.121011147459972, 1.1903428195421226, 4.111032667412069, 1.6333177964168066, -2.6945158834376928, -3.9761752130159445, 3.1116208554282503, 0.856818786295453, -3.3454758115527956, -1.6626881913551204, -0.2922686783190581, -0.7384910307415696, -2.172024535629238, -1.7359524799178205, -0.7308356845044084, -0.6645777911045002, -2.9747513483744727, 2.813773559110552, -3.6260516661608815, 0.3330967446913621, -0.19104453627370233, 0.43906612777101633, -1.6256218613076032, 1.9194674839631742, 1.5087109536994885, -2.2878047564237214, 0.5098087290824288, -3.389439362978773, -3.050567995603785, -0.32586142941864865, 0.08133300026314783, -2.1244102797492115, 2.771516138657764, 2.8308159275424005, -1.533880990554179, 1.2461634741450336, -3.416621811049635, -2.704342303254994, 3.4447622855631685, 4.089477958681454, -2.304605519207006, 1.8666903121172185, -0.34584763874976826, 0.7139790833801103, 3.664943037452586, 1.3016004764645643, -2.8333523413000474, -2.191706581073882, 3.6639176068601778, -0.5576949394271186, 3.5142603670242254, 3.382884941812309, 2.270290093744103, -2.0551518775266135, -3.204052113401813, -1.2889297118460794, 1.5695500451242814, -3.397472065636272, -1.752869472928512]",0.72
2,"[0.40944568615446253, 3.0383355302521995, -0.9051681738226021, 3.9880613363756847, 0.8742598009066493, 3.578562319453042, 1.720311534150379, 3.556279182510952, 0.3955237926902611, -3.319922522595043, -3.5009325086465743, 2.994202083390122, 1.2163593243441497, -3.6658321358889876, -2.930922385989958, 0.2525426378970098, -0.8242363510664639, -1.9083218466260634, -1.7827728442389397, -0.5482690197313682, -0.7622495467317011, -2.415089869879277, 1.9190205300059913, -2.851316532192736, -1.1222744338453454, -0.11976905654741676, 0.34040378873847665, -2.4805021472265962, 1.1732977481244746, 0.9646007193563209, -4.26636022390634, -1.1072360676891653, -3.4047987818443266, -2.256444982491002, -0.2964049338699284, -0.37548607300052667, -2.6406588386864525, 1.229713519112367, 2.964814166314704, 0.2039271481834638, 1.6255192758300991, -3.969269969532009, -1.6761214544778023, 3.1222859933288407, 4.0580491188041945, -2.965532505396623, 1.2977645824490425, -0.05280144613106522, 0.7465020065230723, 1.841171386428978, 2.2964385842656467, -0.6486544411394126, -1.0702517588453357, 4.2921085023865935, 0.7788967249655812, 3.2423938742479104, 3.052162960272663, 2.200121419056862, -1.2873964778931453, -2.6989470855726068, -0.49424863739332014, 0.5181753919066165, -1.769610879649851, -1.1202200904101138]",0.72
2,"[1.5858806841143847, 2.6386468499787035, -0.496951285050973, 2.8843877640592552, 0.9240888868775691, 3.43384106493566, 1.8548260218920438, 4.628519198799398, 0.031340195227058, -3.307732270240741, -4.202121926096738, 3.237793272784196, 1.462341046635038, -3.740563584564618, -2.0379333135034328, 1.3294739382826113, -0.9045717778159001, -2.0343431056253904, -1.8045209095294006, 1.158516701207173, 0.18885496531913715, -1.8634308529001373, 2.7489193883541883, -3.7315933305854876, -1.521145110836633, 0.030984304379274463, 0.43030999312201956, -2.7427944826615924, -0.007905570183008637, 1.3191198389312402, -3.409741542309632, 0.615335731947145, -3.1462041504333556, -2.7468202381174818, 0.19134777999494978, -0.5238249058479149, -2.099418382506169, 1.9597113491643965, 3.6789282341249545, -0.040555154426732964, 1.6479306778109382, -4.167945767943183, -2.0576919244450815, 1.2010271519331195, 2.9213023489388696, -1.5518048303293464, 1.9169492918670858, -0.9329621674153962, 0.4756256783032103, 3.4533795497884956, 1.415090541057067, -1.152805474216298, -1.1557900014471327, 3.636092236813077, -0.9848753752179285, 3.1649192097243812, 2.466951783425085, 1.6462766751948128, -1.1557415062561078, -3.2786272023864993, -0.4413694388962428, 0.18252948600625252, -3.669035624301176, -0.9816589195705538]",0.72
2,"[1.1795506173128465, 2.8569511437834443, 0.295472034339211, 3.5959320345926296, 0.7720627902349462, 3.6431489047763255, 0.7171578314934266, 3.766373608453392, 1.484253257836341, -3.2339041050824155, -4.167984884410018, 3.858277328288302, 0.41899328991008566, -3.266632004820215, -3.0577975902107517, 0.6731972517986946, -0.7749857133046167, 0.07434125895895516, -1.8973616894765442, -0.5092736884665121, -0.9242501093576225, -2.6584265299920653, 2.760514220604282, -3.6822925483334257, -0.16129610720562038, 0.3549284470758952, 0.44272487805353256, -2.512578677461371, 0.15835589994581217, 1.2745946489282864, -3.064655109244308, 0.879147717268415, -2.9650286118217304, -2.4701370155571154, -0.2249205169921936, -1.7780809377361835, -1.916676965897588, 1.5784422565547092, 2.887185331077387, -1.9867864520633405, 1.7356302582472147, -4.159685498498087, -2.5316116266963067, 1.4144479353949968, 3.9336623926553536, -1.668819175831299, 1.3589931495343217, 0.9227740151191922, 1.1540670735904417, 3.417695830702544, 1.857551230362839, -3.1179991764130888, -0.9684101972789084, 4.316831877907339, -0.679834636669574, 3.286866523389868, 3.492604563534321, 2.460303684050637, -1.6170802345103983, -2.7501960243197754, -2.656259825967761, 0.8906105043637047, -2.92903981092612, -0.7820506333527424]",0.72
2,"[1.929102621928902, 3.575971559256931, -0.08126761171264507, 3.643924394001658, 1.2959881590562472, 4.033398832298333, 1.2797447899344678, 4.525422039905053, 0.711193503212309, -2.453108535069092, -3.2475332976785145, 3.447612782299272, 0.42242743171106634, -2.827092507871122, -3.0044599989172864, 0.15416113723818092, -0.921086511915294, -1.3548542774768337, -1.2374850059167986, -0.009869308854685455, -1.2068689451304337, -3.21215419388349, 2.310577849806059, -3.6846747708275127, -1.2589423014734087, 0.07526233832095242, 0.43866708981375935, -1.4918328569640338, 1.166303847064837, 1.1590268646910964, -3.2822653466489164, 1.1021586460366624, -1.7766753810287481, -2.9850550790869237, -1.0550899543206982, -0.37245987211363474, -2.854493382186698, 1.758735195329074, 2.864497476174583, 0.04444101670658129, 0.31178364987078955, -3.8717219743328446, -2.1437719640646327, 2.693934199527536, 3.3242295901167647, -1.9836060645584672, 1.7612893206668239, -1.1126538464953035, 0.8273552583575914, 2.83823586268767, 1.3789040373899641, -3.531971905614717, -0.907309894252147, 3.927346494205379, -0.3348224241126523, 3.003812251930788, 3.1998206035498487, 1.0887072235811104, -1.5715289585596153, -2.960728850606234, -0.7762841315145914, 0.6101582898877388, -3.92488227403713, -1.5183120794147515]",0.72
2,"[0.970902325483319, 3.566176787457313, 0.4227462150744127, 3.418736769345162, 0.8517036674247234, 2.827994943101877, 1.728830139529502, 4.338418691352856, -0.6396274048598141, -2.0518729236788023, -3.258428663510537, 2.9936316107199974, 0.8798147627230689, -2.75007029425154, -3.0369029844013307, -0.4439501587393393, -0.9374542123153989, -1.3584126064996283, -1.9690892743492254, 0.2689717604516764, -0.14753004063981248, -3.278116114965256, 2.531479501956333, -2.889744827509555, -0.14982425475774264, 0.4420402200525288, 0.5107100530962734, -1.842854644354797, 0.26203088170456956, 0.6862344629028427, -4.0030974795888845, -0.2300842232344425, -3.0308743938275464, -2.6719715558462207, -0.9575039994821344, 0.07488813529113769, -2.2548338377442665, 2.740348353146315, 3.4912301106683543, -0.5915278104054943, 1.4570763776418771, -3.8644304869376933, -2.253566021994905, 3.173566477496454, 3.9506386498574586, -1.9535915234694143, 1.2276977036573822, -0.4761922657633615, 0.2264934598989502, 2.426395327959252, 1.3534712324559892, -2.3034804542586045, -1.2744890991408033, 2.8521904446730715, -0.4173024445143972, 3.3131224342699195, 2.769222555800171, 2.229860688576728, -0.6145028744263915, -3.7216858807358024, -0.8213557918439136, -0.05146745378231968, -2.739485080292011, -1.555046653765783]",0.72
2,"[1.8227689209247726, 2.3815417083546575, 0.06804620140259218, 3.5380280959440267, 0.10375720018401147, 4.136744440427357, 1.5008989573791842, 4.3386462929374865, 0.3824679993748311, -3.06166148055161, -3.5136371168696745, 3.7624979220212125, 0.6911513629763859, -2.776759425111816, -2.500281863097319, 1.548668044777318, -0.1316567802911779, -0.7512551442847012, -2.5547348157110052, -0.30140170543936, -0.7894529070326112, -3.2611109723373928, 1.6777548858411966, -3.352272792610753, -0.6231985930390069, 0.4609682468943568, 0.3925602177621465, -1.8822664767191564, 0.1762972155154679, 0.8790938431080478, -2.8984607923102472, -1.17328760503174, -2.209784936874062, -2.615164168814963, -0.8346267238199871, -0.16497608177927664, -2.5195251626211332, 2.699771085967738, 3.4627994154424533, -0.8900811535154913, 1.5397710238305784, -3.869679176759834, -2.4770185419013178, 2.569292934030214, 4.142970035177751, -1.8560690373718463, 1.9609316655574158, 0.05986486032438387, 0.7364592099439325, 3.116834591799293, 2.450585848738607, -2.682914647909982, -1.4782323844366867, 4.108969552303013, -0.7563556048972586, 2.5890429671223436, 3.1067179670401663, 1.318861896270428, -1.08933491539954, -3.6852777455308425, 0.14005882503492129, -0.0630773102031173, -2.90173817442985, -1.1172614228471065]",0.72
2,"[0.7581967385436419, 2.8672571809400695, 1.4379342661175991, 3.3965254945316077, 0.6545438256337659, 4.0224525949230205, 1.7589688982323368, 4.129507701712583, 0.982705960592408, -3.0145885584930046, -4.269679630142577, 3.5771816369870497, 0.041453799063058794, -2.1715418065634293, -1.7634233813974505, 0.9153350434138637, -0.920545193700166, -2.2600334982792143, -2.290717329023329, 0.4748047500857348, 1.382312142313469, -3.281030270266636, 1.500004865039893, -3.2966673256382606, -2.0392793668835605, 0.3776050153685277, 0.48415279099267744, -1.9234265954618033, 0.3581306281016424, 1.3467976823280408, -4.214332176658714, 0.27474702940851886, -2.11643033044619, -3.0146733699468418, -0.7100215995939829, -1.3484666287952045, -1.0082807574947277, 1.8064730268839393, 2.617468941358482, -1.9459011687959662, 1.4237597875841792, -4.16421278473664, -1.8751971374972087, 2.4156168591042038, 4.074821649172318, -1.396401161188054, 0.5822611757242573, 0.34644354858308013, 0.38780094066521553, 2.577700206870018, 2.8005981022068003, -2.421059253206592, -1.5309033534694858, 3.095980768385486, 0.0196056638474591, 2.849450738425598, 3.4307693976032954, 1.5580209891440053, -0.13152058149969803, -3.1417827523962245, 0.41190313134169876, 0.5283421800197028, -3.8534930047157467, -0.5595335420102503]",0.72
2,"[0.4176250085980994, 3.8696982293215934, 0.21649159734925147, 3.480467824726369, 2.0017257998904676, 3.2850127079458415, 1.8496825529996526, 4.547507386414306, -0.1293686395619732, -2.5136365298139376, -3.6523592414961326, 3.812691968025158, 1.0704630635257948, -2.6237949695709624, -2.8063344454685657, 0.9583104519211856, -0.8663490274139064, -2.3459685580906, -2.7951142667132043, 1.5292938752039944, 0.18183558135894318, -2.910770707248212, 3.3294701152321937, -3.663213169714692, -0.2245293564216972, 0.3927115216841421, 0.4569498473216429, -2.0187228777218835, 1.7363526764860335, 2.34273860669819, -3.133395851472054, -0.4171420762861241, -3.1008386608074074, -2.067106503803977, -0.9491646225330281, -1.2981945622924682, -2.122054609312497, 1.9894076704940553, 3.3162690007709026, -1.116498048801632, 2.0329572839389534, -4.106588009498284, -2.863577455479364, 2.237673428626937, 3.1691969691215163, -2.8598213251193108, -0.23593467550908742, -1.248041543636888, 0.7239120730844527, 3.626791709107823, 1.1171157333995816, -1.3799378095316155, -2.5906186478242095, 4.344659192812339, -1.257060193661074, 3.1736815517427037, 2.7479849157892, 2.610314337627917, -0.565442690834651, -3.320437261951086, -1.2604498751047957, -1.2653031143453934, -2.256585217842339, -1.4218721269744488]",0.72
2,"[1.5369683629863014, 3.7471545142404854, 0.5426418483644884, 3.503018344511841, -0.12133822511078951, 4.133511931109585, 1.620818280807638, 3.473404772442695, -0.24778948914204968, -2.9712034576137336, -4.24888745508269, 3.8101910815966975, -0.817269863496694, -2.9580042779911984, -2.420249537444029, -0.6083409193417832, -0.8554109087620398, -2.898872875177888, -3.095508327308641, 0.7405820384993442, -0.13581038443936122, -3.2819154454992545, 1.8995217787884622, -3.678425075256782, -1.5667979388340447, 0.574759847568436, 0.47650762834746985, -0.17393894946251276, -0.742007842423892, 1.4768277296573158, -3.0278689945929163, 0.013377361819523204, -3.406987336642794, -2.607840751724679, -0.25866679001066295, -1.9136185988363776, -1.807072917373794, 2.0721112061472575, 3.8210481176455935, -1.0698391929692492, 1.4988700908738755, -3.14010519089711, -2.8464148321453275, 3.1353000573919365, 3.243333295955909, -1.7579807030800536, 0.8330555690544801, 0.24122856743479004, 1.652175996574138, 3.622264161343956, 1.4631741602798898, -3.1325545365208907, -1.7423854394320395, 3.7506875969600357, -0.292944685511461, 3.4117402555572656, 3.596667560921751, 0.6139709816617918, -2.1464524511494654, -3.7561064695349997, -1.7189749547669693, 0.03446628274177735, -3.8693064688956254, -2.036205174645757]",0.72
2,"[0.9865909328262313, 2.9933693922781, 1.0956122666595283, 3.98408227052147, 0.684326360237955, 3.4079539761001225, 0.9163934633697224, 4.345066719438925, 0.29386736781249445, -3.322884111640531, -4.13187763794207, 3.1234303385441557, 2.4373418935014586, -1.6125237977137747, -2.522146995667223, 0.46663477647705326, -0.9259633691673873, -1.3876454352299863, -2.0523683774853714, 0.1457131685240342, -0.8616433904830758, -3.0515206532081773, 2.083904598108176, -3.2898649470753876, -0.8400749457835994, 0.47272672093722296, 0.4425578445770379, -2.081214796962337, 1.192863699204088, 1.9962376080027702, -3.840013925929337, 0.6534506191131586, -2.862994037745649, -1.7992662514158126, -0.28065827772057733, 0.6179226982470245, -1.4302080389317742, 2.780085144960414, 1.859040382301636, -1.6585483477316725, 1.0950005168634527, -4.051180311614197, -2.4563779786534723, 3.0102559075966626, 4.016850531410808, -2.1719497926843134, 1.8733626062472564, -0.9523272459793408, -0.4310256817908459, 3.5139538274113615, 1.4493894875023887, -2.0748796063152044, -1.4589635542016401, 2.937540955496502, 0.738485583623118, 3.522804574121338, 3.520702604421773, 2.4323402761487602, -0.8795796641823765, -3.7511127084523457, -0.9892713950695523, -0.0925615897090532, -3.569403663457605, -1.8904566117120785]",0.72
2,"[0.5443987169823936, 3.320782764029393, -0.8541932078616958, 4.332137717803412, 1.246414895833388, 4.136432400284226, 1.5798293046189185, 4.402271885564695, 1.660462714370619, -2.732412527849558, -4.263092114422823, 3.833080009069471, 1.5398826104351684, -3.033210783441929, -2.184213646140202, 1.6601003193075186, -0.7577851088935718, -2.3448819998321637, -1.9430522395614858, 0.48718148747796647, -0.12604436299339758, -3.2866380101940913, 1.4630978918663926, -3.4168637760620637, 0.5456373378417327, 0.3384093711942314, 0.4019833232497768, -1.6944226396063482, 1.4972322867425207, 0.9028787017844415, -2.945833366473205, 0.7063357526942687, -3.1371829749406785, -2.83903330464603, -1.2121767561109604, -1.035314006732158, -1.8959150674008047, 2.4778765329500807, 3.378134577538801, -1.950428803155185, 1.3757380523898004, -3.9595345370200117, -1.9173561466959295, 1.6376705596969119, 2.702694781609975, -1.4586738621545319, 2.0519671657279304, -1.9199509262573575, 0.7289445071678786, 3.2607931566132144, 1.9638926193875612, -1.7878703384011678, -1.3990220236723554, 4.257708694248292, -1.3256311417642845, 3.50420426925779, 3.2909114546930427, 2.1666426021737264, -1.0529147568754207, -2.82712000266746, -2.171178441923425, 0.48009105828749365, -2.7874448752396317, -0.6435139517660566]",0.72
2,"[1.5708464674915583, 3.8132907569944363, -0.6161828821467781, 3.432781130589823, 1.5779141041040088, 3.709503173412343, 3.030414265032939, 4.484994424624192, -0.38828923462073617, -2.7541162246158697, -3.9070190623835557, 3.454768177707787, 1.3122514796219638, -2.6941711603881213, -2.300059820967988, 1.5265117278563918, -0.83811808261773, -2.363897799783662, -1.374805108028517, -0.5024387240792577, 0.5282155244341729, -3.289007512740565, 0.7579651640551683, -2.8908008973935013, -0.16546349262338012, 0.8566095100747918, 0.4444796221007097, -0.9508815608434504, 1.2495840094286685, 1.642090755915563, -3.886031502402818, 0.9081838654958052, -2.9976601016791595, -1.9734340960741603, 0.28082272818834886, -0.9229939596387005, -2.0951751216979306, 1.8343839351116031, 2.840451517547945, -0.9628170962574322, 1.8809146528866831, -3.767415649397579, -1.9319917977131913, 1.4723960664242557, 2.9460790763329623, -2.5209389253646264, 1.6092721422536753, 0.475975428587246, 1.4100715652860931, 3.2816335556426406, 1.038695694942413, -1.6777659697166443, -2.1235910269596716, 4.4181292320738725, -0.8506228311209013, 3.422170152989297, 3.600973242310269, 2.075199297571694, -0.5426561489933235, -2.7463188757087265, -0.31041685557200815, -0.15943226020454282, -3.1659766259802224, -1.6768191600236406]",0.72
2,"[1.711066150287458, 3.6516253220681194, 0.513533132428392, 3.491225816390511, -1.1701097899452115, 3.7250783556975042, 1.1622154694032827, 4.367824190963667, -0.3501981271942255, -3.3039460378809005, -3.5399834744400027, 3.7707630196273816, 2.014654238179871, -2.0912605586684614, -2.7658522399714487, 0.10006509802248942, -0.9431576554232038, -3.3943528568253023, -1.6980165801256073, 0.6844000323254256, -0.38077162725153707, -2.3135264232867208, 1.1286333366808792, -3.670140471415539, -1.1385612164494214, 0.7482738907440113, 0.481796692323797, -1.9941575459841705, 0.09264814179291914, 1.0397795992321572, -1.889034770914312, -0.6658903730935548, -2.8087489258219733, -2.7546149906438013, 0.3143641016992169, -0.28391338713101755, -1.0542843799422383, 1.274210218059698, 4.19680841991943, -1.034507073401722, 1.9785043623473757, -3.550902625430343, -2.8556869229767767, 1.574309094405073, 3.9376235820984182, -1.7202073091958772, 1.7262407321079694, -0.11143522643464476, -0.057600097959133234, 3.1566472238153547, 0.0927143813459943, -1.8348872827707705, -2.1083119069749476, 4.386923639828811, -0.8764869109472057, 3.485532887199253, 2.8668681828796014, 2.6338823998098992, -1.2000326937095482, -3.6684544296617294, -0.05404261559838708, 0.2162142050509862, -3.9474491579748716, 0.12199896079792572]",0.72
2,"[0.8939415943152853, 3.9821444026847135, -0.9384282531860544, 4.294584948616195, 0.41974160330007626, 3.141402182370749, 2.388884490214127, 4.6365138824049765, 1.0097587800197783, -2.973324350750743, -3.9511934780344564, 3.6727981602348385, 1.6589690582202148, -2.6742664777141982, -0.6821312909646366, 0.3597517223663642, -0.6503247569908882, -2.6033523458416417, -3.1631203569360484, 0.25158015713964227, -1.0490878239505739, -2.53990225102343, 1.435883568995247, -3.420907643154237, -0.42559193333442, 0.8140020181604436, 0.3039945622718769, -2.0539444197924497, 1.1341866883304406, 2.0017696125995355, -3.650398623729547, -0.5258412198362395, -3.06494819472314, -1.1827048034993324, 0.6608850939312889, -0.7482788049650402, -3.294639418668418, 1.3832977444624504, 2.973046986688831, -1.4113619638236568, 3.250487184417935, -4.006590728987972, -2.375454424311494, 2.4200940088598077, 3.5841577902855377, -2.5059714426352397, 1.8293260325843237, -0.2081839943551656, 0.5608727583761806, 3.486955513633569, 0.10440568104315995, -2.169482889170506, -2.7999066972912767, 4.461553948063435, 0.14293537041251891, 2.63841815432527, 2.2279262234234585, 2.425419980457078, -1.8452545956850632, -3.52890566951895, -0.9718243109506208, 0.9526465734632329, -3.3457142620788765, -1.9551638816729837]",0.72
2,"[0.7676517536252586, 3.4417667108612022, 0.6664993822180012, 4.153935394766377, 2.141359992242107, 3.752454425561438, 1.7468797265552978, 4.254938779863909, 1.1530318716438264, -3.158770688707713, -4.296086140375118, 3.3987841866740385, 0.16748873847964085, -2.778408062881692, -3.09311397926656, 1.5584353877411994, -0.854909655041312, -1.3785763929891894, -1.8690367514862705, 0.4107876300619354, -0.8225023782188969, -2.4619572937478678, 2.045493082990199, -3.6254881035187436, 0.4502355882047374, 0.7633238572900742, 0.3805386456296015, -2.755805141609763, 0.8366697101658054, 0.24051664938600403, -2.0815414180476806, 0.012455266890420785, -2.8327645187007846, -1.5042324736311323, -1.656201351248034, -0.8791276160658259, -3.1873339392511353, 0.9535826312645677, 3.1414300567922617, -0.7680988445439252, 1.9251389785056723, -3.253243360330159, -2.6269016293138034, 2.3076822391066045, 3.721686601622057, -2.3062550649302467, 2.1069033949949367, -0.7260251615715517, 0.8364401232378147, 3.0380325039135796, 1.1123604256892947, -2.0180446203588804, -1.176336303528815, 4.233408062385801, -1.1764875488536872, 3.2358609164861605, 3.1758121570973974, 1.3335998231674506, -0.5872363272163268, -3.0280956642902432, -2.1653320922963584, -0.3022587919673787, -3.580603737299365, -1.2871036281043051]",0.72
2,"[0.01753254005726923, 3.8792263154433893, 1.2872986988781978, 4.215346433447867, 0.39175527054834125, 3.4319202313747192, 1.6788165929323438, 3.101331473416128, 0.6972422676853735, -3.197752321859868, -3.146121507811734, 3.2181165718508216, 1.4228474531769058, -2.627090885750418, -1.2428056228177182, -0.1261080946325308, -0.5766474587488077, -1.0293412113251181, -2.9368371749200253, -0.2495297110397205, -0.7288460252912135, -2.950969597978058, 2.3415634577481232, -3.4328411551250166, 0.9638799945611738, 0.7981695663683617, 0.2571250062227401, -1.7692016816518694, 0.7097642117281042, 1.8829636728485613, -3.245051406068551, 0.7431464214987018, -3.414251848845576, -2.0595807140466866, 1.6274110697629105, 0.20431667924893487, -1.5468843162260437, 2.9236105486969053, 3.233518233750277, -1.9849904356487786, 1.7431349278961141, -2.775120308258897, -2.7634252767277556, 1.375004067705295, 3.956745480180223, -1.9235752820222407, 1.0180412475003342, -0.689921993425709, 0.38497859037034304, 3.6357113096605826, 0.9228347592666597, -2.825883045811735, -0.3998031344097752, 3.4442044055869134, -0.9650238040579805, 3.112283456860933, 3.5148383535281935, 2.6449481394412104, -1.2122557641703586, -3.3207683131433203, -0.487001362775351, 0.9894948964463893, -3.9177551609369567, -1.8222568041525224]",0.72
2,"[1.4985938424595613, 3.4197929699499072, 0.9030172842080678, 4.294015561916079, 0.6543920824607716, 4.136491431438195, 3.6256451981282622, 4.2776319097434286, 0.08960689203962291, -3.2681921029588565, -4.259814849633982, 3.7237999426928643, 1.328062097911408, -2.3995305307525356, -1.7333848575066133, -0.3364128549445141, -0.8013340351097125, -1.189645405024388, -2.6906359432225266, -0.19414924842971962, 0.149341307098704, -3.2677638584218136, 2.1585745592067425, -2.7732136230395845, -0.8767998958330412, 0.12153725350272604, 0.3692923372246029, -1.4346911166729626, 0.7851212498963087, 1.6808139870761156, -3.481976933513492, -0.1966238105944364, -2.5323996416325554, -2.3318362476194947, -0.8631118300063201, -1.6216030210853847, -2.938192022856784, 1.6365083327502954, 3.5392601861152704, -1.5371482394637987, 2.2421155020256203, -4.17450303845593, -1.9539649611465322, 2.004623497041075, 4.03008648076282, -2.6879025242201195, 2.420520842705213, -0.888839912152038, 0.7169163096058131, 3.5683459487918263, 1.112079564350139, -2.728608439121966, -1.6019549268120092, 3.8210840081645876, -0.7331407297645813, 2.990112295200552, 3.2465309202785937, 2.488833468450662, -1.8804307409379803, -3.7591042019593335, -2.3882921500704306, 0.9176999536341153, -3.6138377975105795, -2.2481520971728304]",0.72
2,"[0.511333369715154, 2.630610981101335, 0.6918145672717281, 2.706029647321034, 1.5435174496178057, 3.6471546343870074, 1.2563448713675132, 4.18224546856693, 0.8239728353827445, -2.6436561977172413, -3.8750664871884064, 3.663785877832381, 0.09916463654441998, -3.0786971984341953, -2.3846687993758975, 1.7817119532687145, -0.9193979184620732, -2.074214943233896, -2.1356595965310103, 0.7935979286065589, -2.0216674561686503, -1.4272732957585006, 1.8619653145121, -3.369106523738091, 0.4306416481912331, -0.1633164975504413, 0.4068676284672639, -2.6692232693354505, 0.0381531770349835, -0.643920840633337, -2.746205320460508, 0.7855965183022492, -3.413934336238338, -2.73073098904921, -1.6694512871865967, -0.6526572207643314, -0.9966026425359006, 2.4611657535168674, 2.137248637223851, -0.410834119168367, 1.632985920173237, -3.18209297545536, -2.541736341088995, 2.5073397204965135, 3.383649084880561, -1.7506259165298645, 1.428960373397481, -0.059113833404426976, 0.7701996217147229, 3.639167804274566, 2.7626462853487816, -2.1233009948508133, -1.0327007072519625, 4.033553414235244, 0.8252651189630347, 3.5205167260259533, 3.596763246670064, 0.6553572017784532, -0.8704287271363089, -3.7770735143777316, -1.7877291455598645, 0.7084452286317001, -2.95536512458464, -1.1857313377636967]",0.72
2,"[0.6097853423791583, 2.336792191020232, -0.08965526879612351, 3.75194201104447, -0.2423504561046106, 4.119054611353761, -0.11350654528659776, 4.119583383477741, 0.8210741885654752, -3.1496231174251355, -3.9066343149401357, 2.7222772076520476, 3.428706805707845, -2.5562854369682837, -1.719892135080649, -0.6075928434732554, -0.8395540800993122, -2.4981262194958767, -1.3728583840546233, 0.7612333583019951, 1.4810350815572584, -3.181359721033226, 2.7293176313725165, -3.6076454525240025, -0.2785109160316519, 0.5583500705036251, 0.3717672567667516, -2.7478321029853743, 0.1299515353900112, 0.8139528658147063, -2.623919094662155, -0.35359669819967987, -3.176709685585881, -2.527594566671599, -1.427058100038306, -1.7801440819147363, -0.6731189398824802, 1.8633041429126773, 2.7829657582853096, -0.9730321864633589, 2.767077391461288, -3.870109775525772, -2.6113369441923053, 2.3012951853548693, 4.12433266108823, -2.7934080959860417, 1.1814858342392913, -0.6908943459596564, 1.212569205788761, 3.666778006956585, 1.1880715834087778, -1.8744034188775929, -1.1392612134778457, 4.282697429548148, -0.8386946736991616, 3.4708117129558778, 3.2507614584260276, 1.408486789967722, -0.9027030570512702, -3.6763539841505084, -0.9919774675243622, 0.24786000763898286, -3.7199254719631405, -1.5253563622248154]",0.72
2,"[0.5739789959280833, 1.6032525625204845, -0.9338836010029518, 3.807726701196243, 1.8216800397994894, 2.3754910808745757, 0.5169043537327843, 3.0662601940460297, 0.890789650504644, -2.007618710645946, -3.937115929422213, 3.8159222935164205, 0.7738644514252294, -1.7983819672682133, -2.2180421818031304, -0.6574517396864729, -0.8837537123378182, -1.953150845091311, -1.903978599650725, 0.882698832945649, 1.1693956256448284, -3.0928019764456747, 2.1974445299333083, -1.8953825668083017, 0.8734520903530443, 0.32188079261271796, 0.3612615912186259, -2.0418652861857396, 0.017728803328673715, 0.6993928999021684, -2.6204069558911898, 0.9096685291969346, -3.400221893720314, -2.730111038169503, -1.2767971165938463, -0.5577950942182383, -0.7161271299704681, 2.2825892626044526, 3.3374504870818376, -2.388770066188249, 1.5434114964898484, -4.15695116066651, -1.4707774149796529, 0.8001124552318457, 3.65266674017078, -3.40604520474195, 1.9655937056631752, -0.002856269093380305, 1.5546986185734695, 3.6739781697774174, 1.237156133501226, -2.2051268395739942, -1.6278539209088785, 4.458366236975956, 0.4639160671427976, 3.313304415222314, 3.5014054975869238, 2.63671452553343, -2.286114053660554, -3.7841803901757083, -2.1187289085999907, 0.42593750497971716, -3.1915616861398775, -0.47870012093636716]",0.72
3,"[-1.2384761952498997, 1.2365667318107867, -2.064300787419299, -1.3692929709955877, 0.2089596449444277, 0.23095824025980582, -1.6848196851816124, 3.630142552406271, -2.9287604025709704, 1.5881755901402448, 3.6846538572649767, -3.636626775568324, -4.105236408369533, -1.7111575350307473, 1.380985961439758, -3.913886955909045, 3.9773276224056957, 1.8936631439411196, -2.9906689682349272, -0.47049055637066517, -1.6327881231878925, 4.221179277923574, -0.5700975932038106, -0.688134753591525, 0.44538832745128065, 0.5551209556357675, 0.8775751787626642, 2.6495202844291255, -2.3074543190737478, -2.470776056993539, -0.5999441391796834, 0.5651047205612187, -0.11851163149100719, -0.9486902320809626, -2.0194714627007624, 1.0492697628783176, 2.4050725918890565, 1.307796581531528, 0.20010292065464552, -1.876339295201939, -1.7326033160248049, 2.6986823749474027, -2.7225742825983277, -0.6458570718243745, 0.8726975878396471, -0.23311191579774254, 1.6154478984697727, 2.5543855529607065, -2.7723078799477627, -3.1402302472313712, -1.7621271885840244, 2.272107548252823, 1.6299879526844467, -0.9884601866765654, 1.861030699069607, 1.414491931258068, -1.2967428888618977, 0.794759639149618, 0.8096282166509726, 0.4917834865868058, 2.436202973549025, -0.783569879005412, -1.8388662417433717, 3.091616625748075]",0.9897959183673469
3,"[-1.1847563586225343, 1.974979843254793, -2.2378652595227537, -1.4959477316242824, 0.5358955125492562, -0.08235436000159155, -1.981885149675463, 2.8668468109741108, -3.133708156955905, 2.015889772688237, 3.29812644817778, -3.3859109287519344, -4.127718265295841, -0.550605028131441, 0.7602046939181, -3.8588155913589266, 4.037736706175671, 2.2165279668560376, -3.4176592963180967, 0.45180404852103523, -1.2205163233011593, 4.255442246329019, -0.3095724086308438, 0.0031192525279661876, 1.1881499472309032, 0.45052227426331287, 0.849596094076195, 2.1862833076345334, -1.7850672943321193, -2.105498034634451, -0.9290651975353579, -0.2984030755667685, -1.3100323224768704, -1.285770011133723, -2.033483351762387, 1.3703563428991206, 2.6843384976193656, 1.2497220646240863, -0.18382798838638814, -2.6682809296775134, -2.084441155221201, 2.7864454431770542, -2.6979384874096564, -0.5914760544210637, 0.7287768718490268, 0.2447022186376724, 1.769024131809102, 2.2779969589246813, -2.497521283258313, -3.5914088681456025, -1.3679316401482717, 2.7273693036396205, 1.8483921736225501, -0.3322086672417838, 2.3400782146247545, 0.33486474248553955, -1.4037796069186923, 0.39937031769647835, 1.6354978810298682, 0.7383066219754458, 3.079634536496778, -0.02861330313160182, -1.308156061968894, 2.5474282659065373]",0.9897959183673469
3,"[-1.4088033082976186, 1.270861683870885, -2.6575854102753156, -1.108641684790577, -0.6467150614613676, -0.3801835050172788, -1.5831024556833881, 3.6681573568887136, -2.328916979876108, 1.748116135096422, 3.7359758865005936, -3.720695118121886, -4.12496236563248, -1.135786002377527, 1.4037741029532431, -3.7300622942347847, 3.987333358620743, 1.2623434850092266, -3.1892172242510552, -0.5829436780420446, -1.3766657099523028, 4.200097950134964, -0.8030174529218115, -0.2731544537498475, 0.049012123226492066, -0.6539435524682579, 0.889398822267915, 3.314289414549221, -1.8044054583240108, -2.4258705823799644, -1.164935194402221, 0.6424216980684686, 0.6860138396556514, -1.310521763971046, -2.089030160244696, 0.567198888175367, 2.2468655669549795, 1.8697508584497133, 0.5385776537069439, -1.7689144765504752, -1.1736742962430853, 2.933141068871406, -2.8798278121051717, -0.5085741466960448, 1.2741198255587822, 0.393470062342023, 1.9665269324685055, 2.043072454391316, -2.1492564143519384, -3.4015973971072677, -1.0776607837514034, 2.2099512381009974, 1.4992389133598845, -0.9941250782658813, 2.151396684679612, 0.7603022865126315, -1.1753131625299589, 0.5071014841226482, 1.5972705485551009, 0.1685075639388524, 2.7175126673353596, -0.8442975667463701, -2.0773368922341633, 2.576306679784614]",0.9897959183673469
3,"[-1.2151793168080283, 1.8983106590942544, -2.807130665479479, -0.8687674519544201, 1.1773537015673068, -0.6493460117438103, -0.6234543077898129, 3.417224546736275, -2.5734696616414974, 1.8197729678607644, 3.7175431308118676, -2.916930637241279, -3.542770989340751, -1.970948141474041, 1.8925186348983938, -3.6068720976004744, 3.8840560834769082, 1.5492096899059438, -3.7153626376363125, 0.07123201187004935, -1.595257610398659, 2.6343474409220384, -0.03765938005130631, -0.7178014176446456, 0.8834000880865307, 0.5526880141598459, 0.8714981764113992, 2.7954098935624883, -2.0753699758481616, -2.994169805445268, -0.5349716401541077, 0.6539906082227336, -0.12039918599411994, -0.13870498692302125, -1.7040972540340782, 0.7586601975481142, 2.7439189330784246, 1.2383825836239997, 0.7243375285959565, -2.0371294915954987, -1.0610040674835692, 3.128776696633394, -2.6883033187741296, -1.4486940028079482, 0.253547361865311, -0.2852041510994091, 1.6731877276011968, 2.3894504548190882, -2.5484158300812303, -3.0571361775436836, -1.7793628208188854, 1.6013071978430555, 1.5233923131235467, -0.7345924678767211, 1.9854838132898145, 1.3753415758383714, -1.622076422614713, 1.4118882282212262, 1.2473274714360065, 0.11199635349442011, 2.0158374275531092, -0.31512378346236414, -2.2188396130251693, 3.202838396095819]",0.9897959183673469
3,"[-0.8822198805078667, 1.9465261207695177, -1.993308173283514, -2.1478745113203725, -0.4718325932754779, 0.20065619013182467, -0.4434419884302805, 3.0098893390444785, -2.8056492003540976, 1.9714935313092787, 3.9744981926307665, -3.707916912890693, -4.123914107222137, -1.461629227499851, 1.2389634550444697, -3.874793080152123, 3.8500228307010134, 2.6825184149210566, -3.3207427821387143, -0.3690915920560822, -1.2290636448241368, 3.2841203233571328, -0.017665078737403583, -1.1218315270198305, 0.8418447048567391, 0.9883623868074087, 0.8808946999629372, 2.219763745015367, -2.253048595863037, -1.6725627572409973, -1.1326757215685734, 0.38777214939029164, 0.13501774524203436, -1.2578839311175745, -2.2988337100260345, 0.9219420890915968, 2.1150688280555006, 2.175963026950258, 0.4038715170678235, -1.1515236887976736, -1.9466302531132675, 2.6229020978258957, -2.148441822887004, -0.7174088660047079, 0.6535629588409007, 0.3120316853889126, 1.5622782638936348, 2.450149021569469, -2.515559836486038, -3.1596468134043567, -1.8480809325647038, 1.8238167875000966, 0.6162223244833902, -0.22225925985318562, 2.080275521217449, 1.656278472257902, -0.6058469517414867, 0.879269728686498, 0.8044384054126598, 0.8747258680850802, 2.6121427855010046, -1.3049634250147588, -1.7618796564463093, 3.1034724948792767]",0.9897959183673469
3,"[-1.2163737643664871, 0.9364334885514349, -1.6226068548364487, -1.2724614814256237, 0.7254765333157376, 1.2895497300776502, -2.7926024569237082, 4.387196578668158, -2.8005358773872726, 1.5461727600859274, 3.8513111699901144, -3.582041099829082, -4.126316997352118, -2.2083170760322393, 1.0483907257066756, -3.6129035282277435, 3.8463976300292515, 1.2583420805730663, -3.2511123458579534, -0.34538081815726435, -1.5515471790583886, 3.7840535475295356, -0.6323666490925136, -0.8555230164868701, 0.7929788556067489, -0.23002178525593742, 0.8555856401899824, 2.9343227187288883, -2.371351626702448, -2.602123506123191, -0.42810358064895027, 0.9477133167918308, -1.3565510508993455, -1.645412251777925, -2.6722100876702672, 0.979044388329489, 2.6075732739602224, 1.188949824145907, 0.3556269800770187, -2.1721553253283132, -1.231564873241928, 2.9315727204145507, -2.109465519505479, -0.3548775000861518, 1.61062114910596, 0.3246414556412069, 1.105561734116318, 2.3692611832492556, -2.161757870670676, -2.5145513426979313, -1.229719092740294, 2.5690578498706444, 0.33205543890813116, 0.05632595888204284, 1.47794868626315, 1.4571184830372077, -0.6672860726393547, 1.036157803804882, 0.6967254280128621, 0.8379327299059868, 2.460915950179615, -0.8320878329357003, -1.6159571792462926, 3.1693470185710937]",0.9897959183673469
3,"[-1.6105540380740073, 1.894446627361882, -2.1456786050736145, -1.4881712731603594, 0.6821707863091995, 0.17989452547633206, -1.3519158567068787, 2.914089942668016, -3.084035249967771, 2.3812677296496667, 3.994714379300052, -3.0187928117066685, -2.9794199414580533, -2.8527435459729107, 0.5003840410504049, -3.928272032011344, 4.025228997281277, 1.0998112398932312, -3.4746891061733978, -0.037286172818034646, -1.7870423124510562, 3.81036051645802, -0.003335716766491803, -0.31182135746036044, 0.5906634778616822, 0.24391291080619543, 0.8444250374909807, 2.058708681934241, -1.9906784791001801, -1.788758544713975, -1.3246787016535062, 0.23056571165953743, 0.7076928247840547, -1.2482126498783612, -1.048591082994166, 0.8605526485350155, 1.7447959767866978, 1.5005282608930492, -0.032729793472897756, -2.4516698206765786, -2.453904330780484, 3.0586834977019186, -2.542276400921041, -0.1855932949651264, 1.644668361385123, -0.10239495399117499, 1.7313401876538081, 3.0602003748148983, -3.27163908796085, -3.119362335982454, -0.805360849944434, 1.5358178955008968, 0.7358363764732876, -1.4588908962816782, 1.115275181937624, 1.3263599539634012, -1.2512324035029878, 0.4516652568112394, 1.1507122432679426, 0.20793287748855377, 2.5458168731279383, -0.2138882389273591, -1.7442036098651135, 2.581290241189427]",0.9897959183673469
3,"[-1.2778669231294326, 1.7523147378913975, -2.0514156983865375, -1.6241357899135545, 0.8148323594979876, -0.016744426136632046, -1.318537105081187, 3.480341361018925, -2.663039539122282, 1.4803648643162715, 3.649805995867365, -3.6383703571785286, -4.069121466179541, -1.4868729389340578, 1.3662129526776534, -3.88670732459428, 4.009588418786968, 1.8980468098404084, -3.440253449366185, -0.6436958017363358, -1.876256760347107, 4.280352612879981, -1.0253075524501951, 0.09533837921085553, 0.8399222890049184, 0.3810724326736805, 0.8756853798873622, 2.352726521428985, -2.9528862594076775, -2.4261426334359557, -0.7270769993339793, 1.021061617809819, -0.32294781667734107, -0.6372528142563213, -1.7880816145678837, 1.2059979990296257, 2.255677620564229, 0.6484171771190061, 0.11130051490226138, -1.4015413249152664, -2.013076471701037, 3.1797132414741753, -2.857623381795183, -0.5839087936183575, 1.0248295806303458, -0.8390220870668714, 1.747694172901739, 2.318599649550227, -2.6361735977485576, -3.4433318922359137, -1.5907103971566399, 2.0715805571579695, 1.9793637549356295, -0.7704303014666342, 2.05971953098474, 1.6062906630243572, -1.1813384125350685, 1.0161404974780996, 0.3664752311292322, 0.7681515167708934, 2.508340432953944, -0.4113202446926221, -1.9938819544463064, 3.1566992262842657]",0.9897959183673469
4,"[3.348207443928189, 3.963307708565664, 3.838883287750654, 3.179500734401503, -1.2647467481434065, 3.64664055981568, -2.8773692397662356, 4.6074672888352595, -2.3816938142898474, -1.3295058326311195, -3.0502871920627355, 0.3616580417344126, -0.3008773887933749, -0.21867693025578436, 0.7959953428949146, 0.5186671010524935, 0.7740902697695303, 0.12678802036565517, -0.5542571363659942, 1.0397626010981182, 1.5770922196756274, 0.061670565798231824, -2.996505177891691, 0.1540746749754377, 2.929889611089211, -3.3519704475267798, 0.6773524784419591, 4.198690429184142, 3.39518753404356, 1.116004582921558, 0.616864657113842, -2.7690497815804025, 2.921852479656219, -0.1705071346734198, 0.510782810088482, -0.6017937124867275, 1.2713759442168369, 2.892160793631541, 4.359515288361441, 0.08097254702266787, -0.3087819909529122, 3.177956191357365, -0.656140182522699, -2.012709121894502, -1.5134605737092597, -2.739765772855488, -1.7114005866028317, -2.1241839824264312, -2.034103492807473, -2.7282832939870016, 3.326203094311332, -2.8491944049256226, -3.1708378159579285, 2.128056203736035, -2.363719996624867, 1.61103734434456, 1.9958268919091784, -1.543305612064537, 0.41145778791395105, 2.7427542181373314, 0.8657660173061725, -0.7699509660592458, 1.1106889579815815, 0.13758304616833356]",0.8648648648648649
4,"[3.3047487924685406, 3.8364525716681044, 3.7716261262531954, 2.9914263562692716, -0.9953004590701141, 3.9257615435596858, -3.4350638718232864, 4.192788417380345, -1.682541779091271, -1.730911891528817, -2.738185224296829, 0.7650659565612424, -0.5062761886875579, -0.5276631335645197, 0.4542409237821368, 0.5618710624834042, 0.6666249740369249, 0.6510398077128688, -0.5399173048187066, 0.9737835052622177, 1.331699383703299, 0.14166735598177269, -2.7974784483046755, -0.04436286748071562, 3.294485423072421, -3.6352862836213853, 0.6844491967536612, 4.193841290032744, 3.551824604752398, 0.9571835152351162, 0.5684163002417939, -1.8385018361508472, 2.673362251240846, -0.2641423297643677, 0.8862742495651486, -0.6425563101626175, 1.7295712067325328, 2.6430515618250547, 4.265884127725544, 0.21864506802881511, -0.30780243437950916, 3.144935906239577, -1.189836654351543, -2.484117596862113, -1.6481060730996802, -2.4808928332807643, -1.7812346102699883, -1.5634945206036337, -2.0488375138085555, -2.6590351568751838, 3.3866980460303227, -2.1389631492167993, -3.4357209348853766, 2.447880001479541, -2.277130644975282, 1.8837142375563931, 2.2856584690367634, -1.3927218779782988, -0.5669244682996106, 3.2075021884985895, 1.4518620122794064, -1.0502095031528311, 0.9374055016809348, -0.2185532542768553]",0.8648648648648649
4,"[3.268428326231614, 3.9858670444988897, 3.8432007721110923, 3.0315149403986537, -1.0449205076925328, 3.8038190820048747, -3.0211663431141735, 4.619937010305418, -2.3508409027556283, -1.3250907427010026, -2.9956887549397075, 0.31153504047818226, -0.54995380258407, -0.22357694288263166, 0.5665343143728088, 0.6137314067682658, 0.6487310371354639, -0.03768876503971119, -0.6204246111265385, 0.8857885102397157, 1.6196029799838858, 0.08087576625283607, -3.1160748534540343, 0.21196954004947335, 2.927217992765012, -3.2417274002947636, 0.7032400591346509, 4.198979426570853, 3.2522009703097274, 1.1075157019913897, 0.8257736564220766, -2.8689621774876297, 2.7455828481125386, 0.060748060085709654, 0.7034855083865965, -0.8413727725937606, 1.072445195998721, 2.8377019188685733, 4.327507742755332, -0.33468869787903044, -0.3096987897867963, 3.1815240950973616, -0.5598379826786427, -2.008077761453244, -1.4653348377983473, -3.1385162067916546, -1.5137161210241914, -2.176924585842598, -2.3326200214852664, -2.8996552601987444, 3.2015492278333886, -3.031230913908052, -3.171957122613139, 2.234000322171757, -2.5172877022239377, 1.2776250916971237, 2.0737591162282984, -1.8083113752285327, 0.5824601553485408, 2.8157077057061906, 1.036345425297111, -0.578783140683955, 0.9203131933592167, 0.09623568381384504]",0.8648648648648649
4,"[3.0757908250741237, 3.9840214703394135, 3.8453030671146453, 3.222229384649918, -1.3622269647405372, 3.72236119594041, -2.952654334842039, 4.636209960692541, -2.3363230600721647, -1.1479717527201607, -2.981093385188228, 0.4001129246093879, -0.2403853746456222, -0.5769342021340145, 1.0630830300912233, 0.5158713255064408, 0.7030068039119605, 0.04168583059022221, -0.3423388907848368, 1.264268027218616, 1.5068321355307515, 0.18314515503364734, -2.915224880619664, -0.3020305550799741, 2.9885142212457008, -3.345175243002323, 0.6835230173442092, 4.197662547584077, 3.508440457048889, 1.0662105635466255, 0.3571230014366458, -2.878510941024428, 2.5951712190822014, -0.27645635129127866, 0.6867424269232933, -0.6407200558592506, 1.4508517038237267, 2.9103336531735655, 4.364196725662178, 0.07853678590607031, -0.48683393037038336, 3.1806656035020673, -0.606051792192929, -2.1752531808021787, -1.6603294940243458, -3.0556708642472867, -1.673997270919927, -2.213002603449796, -1.9983318481627508, -2.8175435957186084, 3.238831314336781, -3.0317535218180485, -3.3519046213574617, 2.0115190750377714, -2.4857329844952125, 1.6807571244590875, 2.1409566735454124, -1.776320506954222, 0.5130009436825214, 2.5912611718150504, 0.7470360019349418, -0.7039101510883522, 0.8380579331054059, 0.2837771347917068]",0.8648648648648649
4,"[3.3981356021636815, 3.9021667112356346, 3.89541556818277, 3.248098541012979, -1.2703849880618807, 3.687584921710625, -2.863105616005278, 4.607181484416941, -2.4761139322080123, -1.573446457050079, -2.9816993323605576, 0.3682160362544245, 0.09472683571117085, -0.29237489030944064, 0.8946469687438904, 0.713132614497317, 0.7674112476585313, 0.2002848475039189, -0.3707158908093556, 0.9924199739012076, 1.866961826805024, 0.11013352299027188, -3.116585987902171, 0.27229741292784315, 2.767790216952211, -3.436566859972491, 0.6798104677019203, 4.105534235510254, 3.009112821696016, 1.170053445532972, 0.5843947487903763, -2.8144459483386894, 2.943305116180825, -0.4983295127250991, 0.5743482834398144, -0.7341040498418324, 1.239301386103149, 2.736526337435894, 4.304832924338953, 0.3097686937299428, -0.36552661269630304, 3.1664116910322764, -0.3240709822418649, -2.108915498466972, -1.4250344313423482, -2.8767038440549815, -1.4724036376201814, -2.3255679552000887, -2.032998429565272, -2.7184760497518368, 3.406350330285312, -3.0378142760496734, -3.161369535200365, 2.0532716654758816, -2.3941506199050258, 1.6953164387776403, 2.1637456660535213, -1.5482920758171868, 0.29938230566180135, 2.7508114890005153, 0.9156492045275224, -0.6998211161527241, 1.2547314085662369, 0.14982904859614757]",0.8648648648648649
4,"[3.3102761747550082, 3.9849148727864896, 3.868674965564264, 3.326441872673189, -1.1519545367567239, 3.5383150253866447, -2.671969050482825, 4.573372331256345, -2.3804587082631796, -1.283947906443965, -3.2308052115709973, 0.67865981930565, -0.3201954602963486, -0.297670598083574, 0.9632876454810257, 0.2540152888282364, 0.7328279001803276, 0.10813891962862475, -0.48160569141403275, 1.0021718758134637, 1.7041798846869476, -0.18891806068774417, -3.1281066255106267, 0.11861660619877781, 2.643675004725446, -3.1324784958919825, 0.6908712419780514, 4.193358379088857, 3.2680872831728083, 1.1058723889527466, 0.31925255535142694, -2.77210304811194, 3.4242713627925774, -0.19357570727728537, 0.27207005482106816, -0.6057621420396749, 1.0914606534742906, 2.941761990198332, 4.160582817627826, 0.2138181441853102, -0.18695568242900473, 3.1716193163327486, -0.5147798657740505, -2.1155889913857484, -1.247147475594547, -3.079821246048769, -1.7450446209438117, -2.1367566845676738, -2.1133527101585177, -2.6559657276076, 3.4705923973714166, -3.170299815742748, -3.3196098929409823, 2.1670557674825046, -2.439816717589587, 1.7062259917339988, 2.1581568730124108, -1.3512491931808168, 0.4546887953932804, 2.6865895098126678, 0.488021640117021, -0.6628845256806482, 1.0666399611144668, 0.009850939078161425]",0.8648648648648649
4,"[3.4461951444227115, 3.9759399794918946, 3.776525969984106, 3.3791288202911067, -1.5957327378028752, 3.490572080991521, -2.6838386772135667, 4.589906349226736, -2.150508905105696, -1.258583970196861, -3.0582545285266214, 0.20531542862490626, -0.034898227638796436, -0.2764343829437268, 1.0351644465828396, 0.4997278817323063, 0.5211753291389267, 0.1360565481518498, -0.6716280101060569, 0.8138783225021023, 1.7298020134597991, -0.26274225285979236, -2.6909929095548897, 0.2585169290463493, 2.9636586711241018, -3.1700176154698623, 0.7413190795865635, 4.196747959518789, 3.0085541800057705, 0.8960526682154637, 0.6431331230854884, -2.9692860549487006, 2.6117475005384576, -0.08059232363634987, 0.25285124463292147, -0.2261578891973055, 1.3106815957196738, 2.9002410334699666, 4.325574675584486, 0.19820501977648752, -0.4695819667553517, 3.175436065661864, -0.588029769954762, -1.8054052023794438, -1.457179314263811, -2.4849019676765143, -1.3079075012643384, -2.19283828414118, -2.2346317726495784, -2.8034992259243245, 3.225489525664694, -2.7345891437138232, -3.0852969159471635, 1.8832420561462568, -2.40981422963664, 1.8364678550030535, 1.9204924180673906, -1.5740271000081545, 0.4545762281539716, 2.896954378091794, 0.6945224718180455, -0.6732262935077004, 1.1853157804858256, 0.06733542868906081]",0.8648648648648649
4,"[3.57778391360398, 3.985982973174529, 3.903796809814207, 3.233469421832611, -1.309284875099605, 3.6452495227523554, -2.994661066620731, 4.600578325848264, -2.635755519521977, -1.3339178971428982, -3.2098036285918914, 0.27102429575904885, -0.26386415356624277, -0.22408494136892804, 0.5896029463812578, 0.5240866099290866, 0.764552730055493, 0.2038658390692161, -0.6934828230454934, 0.6447328395361187, 1.4136359106378498, 0.07002789436145843, -3.102659925074952, 0.4715540930117915, 2.9395999332952703, -2.9685384749846127, 0.6955920218892211, 4.1854997401784395, 3.2314423553307625, 1.0492961384588002, 0.5317406307025399, -2.8137035964963135, 2.7656758224694302, -0.03166689780941756, 0.4089726541283585, -0.6865578144079593, 1.2446669311337484, 2.8153807602541425, 4.051933899747158, 0.037675609081086636, -0.5446861490222852, 3.160065567513923, -0.6069047834469661, -2.061691521376793, -1.8198110703456427, -2.665756629701651, -1.449818790828264, -1.9701313008855212, -2.267041752844724, -2.9543251060109164, 3.2608111750405016, -2.9278466039616102, -3.0606277274379052, 2.4262794392525233, -2.3834569728659663, 1.657067404907471, 1.904604464959696, -1.5083208739249367, 0.5018614623867541, 2.9235814818733776, 0.6164403301447117, -0.45695265163431886, 1.0455703315941018, 0.17806384580075266]",0.8648648648648649
4,"[3.3370980503967007, 3.954377285905247, 3.875536851784954, 3.125573998941256, -1.4516380227490273, 3.8208858829755217, -2.6027160887382967, 4.580242251311153, -2.229322366803519, -1.0895999627422046, -3.473248955200632, 0.43546983755051805, -0.07955767726488361, -0.2163764807126565, 0.7592059723955201, 0.5816488077170229, 0.7824287033165485, -0.013762157276085651, -0.7914442708005781, 0.8450225979380332, 1.6020622731328216, 0.2839911877072066, -2.911613621047865, 0.38574509293587755, 3.0759124546035683, -2.9373677181270135, 0.6874860573039228, 4.174714838976374, 3.4456016517819896, 1.3088393112298482, 0.5937777001361751, -2.8801921223063207, 2.9683547032110598, -0.175327359892666, 0.30115380203759556, -0.6520512714412785, 1.2526286673596938, 2.929327454721693, 4.312537104582051, 0.05730797433237462, -0.6361871195158381, 3.1754499615667826, -0.4997560606563675, -2.23042144860354, -1.5168559058618325, -2.736955657751584, -1.5684773038515216, -2.323577638529594, -2.0867033698110165, -2.8817328873969625, 3.4149042085983163, -2.749155549995708, -3.0727074076368837, 2.1278131337570314, -2.2596934998038494, 1.8911703247219362, 2.2693239016582925, -1.5741774149533931, 0.38655289965335876, 2.898100098718426, 0.8208946505141924, -0.6188718907494568, 0.9588831413289142, -0.0007471617751668158]",0.8648648648648649
4,"[3.203046504001431, 3.5766421913100173, 3.8195278765231064, 3.0206982116117214, -1.1595086438337017, 3.877847856077202, -3.2065659417618924, 4.553637756286175, -1.7657047204738552, -1.454589111030918, -2.6848607883508566, 0.6694370569610903, -0.5241077850932925, -0.3257830794846266, 0.5802132130596209, 0.27098531867428777, 0.6188751217515371, 0.7665057994032577, -0.5151250252157762, 0.752785517409105, 1.3536343901238144, 0.2758510768502138, -2.8253900924667152, 0.025424601429130694, 3.1803163842627473, -3.2017507736654847, 0.6229385216216387, 4.1303463307623245, 3.5621951830894565, 0.789111732376486, 0.6849803422670435, -1.9862539293397314, 2.716289093504479, -0.05695236820913471, 0.6109924362857505, -0.5912284736387603, 1.6992266133330864, 2.9289559236738274, 4.181656869156432, 0.5338614583404593, -0.22792301414569272, 3.146338175543464, -0.7010007031468073, -2.177191106213757, -1.5498919435975007, -2.7718791677955834, -1.5688854210435992, -1.799262313824042, -1.8993435401572833, -2.5416039383377536, 3.281379836642875, -2.412787929655417, -3.3409739685603106, 2.2781406375697557, -2.4810553329097176, 2.0363182544656895, 2.57105849129489, -1.6300513136875487, -0.2623710917213353, 2.933700183075822, 1.052363534584222, -1.0034114035951431, 1.0790451906140082, 0.21944895732025904]",0.8666666666666667
4,"[3.2788980961879663, 3.772500273992846, 3.6967410119298822, 3.202782339009321, -1.2519943192989873, 3.2200327300829708, -2.89829578221544, 4.614870356268076, -2.4995603272069165, -1.2853266963512338, -3.116379334824937, 0.3272850391396773, -0.39241412853781543, -0.3003937432821597, 0.6196162487181126, 0.672644992453638, 0.596060882633843, -0.04469352032454907, -0.4780918418192426, 0.8762741254357164, 1.5543992511465545, 0.09796648197495711, -2.8915722741544356, -0.035238025130609446, 3.1401576743711983, -3.397074027513491, 0.6247463929918796, 4.183120017680328, 3.344959528839234, 0.9646369761676828, 0.46041614028137234, -2.9532571320953718, 2.6881602603145125, -0.31470893058312355, 0.6354801034464452, -0.6439203086164813, 1.3700366043770185, 2.939837776772486, 4.267764889698979, 0.38491079820939433, -0.7070926034327182, 3.14698545707136, -0.3961848636895949, -1.929075035472186, -1.4706574269400792, -2.9647882179028593, -1.8139465394586791, -1.9355530460496728, -1.9194930886081858, -2.5144367986953546, 3.516574150716748, -2.588353847889924, -3.1842396329381963, 1.9928072230889757, -1.9771249894921747, 1.7388292711137556, 1.6082271253127955, -1.512198817171231, 0.30943739099931467, 2.7781171212677203, 0.613626327966806, -0.5545204934363579, 1.0005592273364377, 0.09558250051432605]",0.8666666666666667
4,"[3.3768272233791548, 3.8475282154841826, 3.7220593113471536, 3.4046076922505693, -1.4769624493218634, 3.445233577146488, -2.735839548971274, 4.590085013160458, -2.534994386843417, -1.436943112039571, -3.074547751608992, 0.39930248852004085, -0.5099411546455375, -0.1663925829997347, 0.8241717363858784, 0.7246844536502476, 0.5571985675767124, 0.20232112037014646, -0.5297135466338583, 0.765993197253606, 1.4930091619294295, 0.13923858789940124, -2.9592715239263825, 0.09540963339866089, 3.048632481531077, -3.7344434161481943, 0.6256821653670404, 4.1527112787479705, 3.3604148423209734, 1.4258408120978903, 0.176103942470825, -2.6574930564741073, 3.2964576742632135, -0.35457003254534614, 0.741263968892631, -0.5460384223715853, 1.069415925479354, 2.9132645477939927, 4.373356346277929, 0.20612854499240396, -0.08292411554126897, 3.1427881085825913, -0.523450609278068, -1.4903312585866026, -1.4208911578967198, -2.9989945637321918, -1.8259570425761995, -2.1555914276046724, -2.2352934149977206, -2.997553561174642, 3.3721054316758243, -2.7121087785092772, -3.1939093798379985, 2.1140117300238734, -2.2379750869530732, 1.7911704848102874, 1.7679663121732228, -1.6443144502098788, 0.12313756927157099, 3.053605047991933, 0.8841940333068117, -0.7976384017169431, 1.1190991602821725, -0.07987148271889066]",0.8666666666666667
4,"[3.5421720326943538, 3.946086807867858, 3.8835108844087087, 3.005115941407775, -1.3669132324588145, 3.750359680856103, -3.013562544168051, 4.560481266271309, -2.498737933577198, -1.1253418944343596, -2.99147950552494, 0.371179927886025, -0.2125780146283463, -0.025278783094852625, 0.8678671819804501, 0.6149186505050668, 0.8881407821115634, 0.09623581090846013, -0.7070384797667859, 1.1133955240820785, 1.6888816081442892, 0.1681509722792355, -3.029474038150243, 0.21959969316539954, 2.976062718728344, -3.458370590178905, 0.6317806089916997, 4.15614551705906, 3.298038928027444, 0.8078742793900116, 0.7776793486641582, -2.777131022536655, 2.93531795153742, -0.4498784837074892, 0.7451821289469298, -0.29055282408944955, 1.378127874190064, 2.793561757319161, 4.2593965736893225, 0.16921429345654776, -0.5302316083378246, 3.153516485628934, -0.6534457898537137, -1.9395422254431685, -1.446467110976642, -2.895989524895478, -1.6010316904507111, -2.1342372487763472, -1.9236534408593526, -2.7576095728211034, 3.232103937053472, -2.8615908245916284, -3.337608856899286, 2.2507762506755458, -2.377263738234252, 1.2225837281732046, 2.042887740101971, -1.3903583143636253, 0.5881624164685425, 2.4546703245688057, 0.7242362146987024, -0.5954477321585876, 1.0453616168307673, 0.03794720475356923]",0.9655172413793104
4,"[3.4822652383756503, 3.925304499164327, 3.774451996250721, 3.471479890510757, -1.0395343739130238, 3.6524690171991194, -3.117690674691456, 4.632553974032816, -2.413922698376766, -1.6740150472302167, -3.191301811485913, 0.1816433112955259, -0.19910541045299684, -0.2825267159045595, 0.674430917124395, 0.16847444833773007, 0.8971030477762131, 0.062457144292375526, -0.8807957574235306, 1.0663705643187544, 1.4988002975287178, 0.054304644360114146, -3.006541346084066, 0.3262906174829331, 2.9030277518383523, -3.3037384406793726, 0.6350920381619733, 4.195900885900222, 3.1700457116576377, 1.1007958824617978, 0.5040189426812455, -2.774045170661708, 2.656235552094918, 0.0779601971814479, 0.4241098914654153, -0.31732469995513535, 1.0309789504653277, 2.585928246935032, 4.247428840991493, 0.2267510060473661, -0.24687337746058327, 3.1685839473979187, -0.5243284796627687, -2.0211893266520216, -1.5596875803981867, -2.7734796327131015, -1.4279911587965555, -1.9452482970773626, -2.2493789808931384, -2.686207848951006, 3.4361915573151096, -2.917790085973558, -2.9817183348422645, 2.0569006507148186, -2.5232760269714474, 1.6076562744499834, 2.2680110440335377, -1.454687016599998, 0.24430504899094643, 2.840972525204123, 0.4559884613319464, -0.5835075266925627, 1.2695132350076694, 0.0018557356783627799]",0.9655172413793104
4,"[3.3723449175126037, 3.979861127905418, 3.7484787402057766, 3.0967536613443754, -1.5370939530692715, 3.7013584506006056, -2.863736552825691, 4.629088759324919, -2.517781525836171, -1.3238300272793242, -3.0152153067321836, 0.44854746257348593, -0.6283554283415216, -0.15132244145775414, 0.9217187308866754, 0.5114200615453665, 0.8816044553194001, 0.13288575461632618, -0.6519736389217994, 0.9545559355749169, 1.6099755537521259, 0.39567869056820837, -3.113326860292693, 0.16727458604784212, 2.947145230277555, -3.1602956533624442, 0.6373821927161629, 3.8987152862294367, 3.5349170239413397, 1.0416061223853479, 0.48422715845093567, -2.8119933409028737, 2.839124226723132, -0.2737805907845937, 0.6503665659099906, -0.8208032987207773, 1.0561343765374342, 2.896531691965509, 4.39767160231112, 0.06377343360076582, -0.21513046591566623, 3.1817479549632166, -0.3885778852495493, -2.090845755776802, -1.6320724360463685, -2.723470185925353, -1.6014078594986842, -2.0527638016395153, -2.3087857005181185, -2.7164677599484905, 3.3444686183299757, -2.8781567352652835, -3.1443830958465986, 2.0220647738879833, -2.23180397232206, 1.4659611645959132, 2.3330831072111105, -1.4791272845223864, 0.3440076226606223, 2.6491926063258524, 0.6789007661051563, -0.8772943813966961, 0.927661747860883, -0.07024534597539613]",0.9655172413793104
4,"[3.4124982191571664, 3.9848696309731144, 3.8428015117326746, 3.187851560107485, -1.272769974753139, 3.92687358832732, -2.796434840278132, 4.5509184811435555, -2.2557324733218955, -1.221533766457199, -3.3318359951477365, 0.46081338207038086, -0.12238719078333846, -0.17867110948818038, 0.6134120388452663, 0.4981191815053841, 0.8877069799576022, 0.07918277719710227, -0.5671092924186633, 0.9686377239386433, 1.540827972247665, -0.0588667377414826, -3.1243440243604303, 0.34552574373163164, 3.0097209106601834, -3.4364821759482496, 0.6241414327682058, 4.161360505233064, 3.3264764215968805, 1.1839121498459904, 0.7787098295293957, -2.919424515303462, 3.0826299711334686, -0.10378450319585866, 0.6574111325474603, -0.5803710952373492, 0.9955992485303179, 2.6945236126713854, 4.149257363398858, 0.06031997970407848, -0.3941355376942393, 3.1343340103954778, -0.8288867585073472, -2.046772845462501, -1.5199695780007796, -2.4171224556718824, -1.699648909379575, -2.018375222709036, -2.375994911861213, -2.9003723358921456, 3.4191095108405514, -2.778629044813085, -2.9948712798932475, 2.0721195050601557, -2.4969934556882194, 1.8969697544869832, 1.9426608427786936, -1.5672388836648574, 0.7486188796975639, 2.808521926810324, 0.560790066833421, -0.7994538591026762, 1.1730205906354934, 0.10942881163867275]",0.9655172413793104
4,"[3.140659423955402, 3.230837779845843, 3.905555056095026, 3.0249142876803226, -1.3274139352525838, 4.0492677440818925, -3.57889948613616, 4.514680204471299, -1.7878697652919604, -1.200489071820035, -2.3962646983148748, 0.724703110569852, -0.24723802196752798, -0.4032342169118915, 0.4866873493008391, 0.2528378701470916, 0.9574451080947814, 0.5170780519844638, -0.060266609414929506, 0.8211225370959775, 1.3050827590461718, -0.09987901507985886, -2.957902734322846, -0.32015394207237863, 3.2423893225759906, -3.4585644634396955, 0.6318622796621692, 4.072636443002172, 3.5634650870402482, 1.2754992525219215, 0.4525408374706984, -2.176335692195487, 2.9745120303505037, -0.23696728134557415, 0.8477711379483739, -0.6122044156839656, 1.3664981861104173, 2.8359355754798403, 4.412788610339316, 0.34570122713601875, -0.06691686061568786, 3.181656882026912, -0.5068830918960856, -2.0492476469065046, -1.7040173365999822, -2.6222024548402567, -1.1404694653211922, -2.2570317457238835, -1.5573119195921268, -2.2046069536839163, 3.4373346191861742, -2.2362755468630366, -3.1181414868720987, 1.8602876164122146, -2.1493042383764225, 2.2247487486951734, 2.790574201848032, -1.327404994279447, -0.12632527481982045, 3.0895590098880645, 1.372557303724432, -0.7743618575031574, 0.978819865019384, 0.4122061785483222]",0.9661016949152542
4,"[3.3111222438765084, 3.8968908147413632, 3.9042536751737362, 3.006970948892254, -1.1791386332129823, 3.4864797056385406, -3.139938083479452, 4.615608920253028, -2.404797871342315, -1.4763643223436842, -2.990490824702101, 0.27061072617378173, -0.356631819999528, -0.15912378912710098, 0.7653883663938521, 0.4314808501207394, 0.9134933208208253, -0.10892309203207565, -0.7301119600692929, 0.9853058307930809, 1.1738742557134128, -0.15826484340039879, -3.1107256899697546, 0.1104611284471349, 3.007110888191381, -3.741197793424816, 0.6350188515611498, 3.9434297906141738, 3.397588678279771, 1.2749807305562872, 0.3471173646304037, -2.439434385867786, 2.698425396765864, -0.14793626355294093, 0.3600968007576003, -0.5967150336041135, 0.7459043735085663, 2.74948429695098, 4.2546237318937745, 0.0838046536404279, -0.27120679750181803, 3.1530937980328795, -0.8094780511309414, -2.409348894461332, -1.0319625019488612, -2.5758698355204483, -1.4941204742216179, -2.02830548238395, -1.9744894179202859, -2.6725854844457904, 3.3206179814568166, -2.8604568901049783, -3.3200730488497605, 2.133596624835033, -2.4285096530812544, 1.4502115469734922, 2.369293299693033, -1.4679126433298801, 0.5174762635182709, 3.003498131268996, 1.0406565850798173, -0.9615981143401737, 1.1224709921975757, 0.47901163540023234]",0.9661016949152542
4,"[3.571066165843018, 3.887589310803735, 3.747586903085912, 3.1537995457322094, -1.259496760729649, 3.6054374820288264, -3.1203263924698406, 4.615756468272113, -2.747906067808187, -1.5551349968090213, -3.1163140197522194, 0.541283415290968, -0.3093990355690167, -0.226509516916333, 0.5652287887649723, 0.3913896809074357, 0.8923763896571625, 0.024872324515015358, -0.33216162025242485, 1.2693181149816137, 1.6949310101338626, 0.14393669430762826, -3.181453575175596, -0.11331782421774207, 2.7905591056086294, -3.255788608022823, 0.6363545143354951, 4.1948354127690575, 3.393554390424316, 0.9869854400319187, 0.5923900067359295, -2.6327994421723293, 3.034646581288042, -0.025633889642425384, 0.44846892520205933, -0.6703171531055195, 1.4774293712927877, 2.9448344048517026, 4.430963843354056, 0.04090828668660161, -0.05492982536228741, 3.1417377844814354, -0.6422333150715341, -1.6857462125168055, -1.611591400694932, -2.6707706268560476, -1.8650838322121912, -1.9714558465477612, -2.0184028559340916, -2.9693408129118857, 3.304207540222038, -2.6642154376110874, -3.3710000497415096, 2.1386590653147532, -1.8773716334296444, 1.9137450104463998, 1.712712813400601, -1.5334559539787878, 0.32503197970119535, 2.7715155601074293, 0.7831284926961269, -0.7617783172960509, 0.9657568167358379, 0.06936346086249628]",0.9661016949152542
4,"[3.2269463398801523, 3.9856440764194647, 3.8091796203117227, 3.291811770287245, -1.6240108177335426, 3.457855938015326, -2.833235032798673, 4.632150127547133, -2.4235234112422868, -1.3771288298467088, -3.196097262476253, 0.7260352090264817, -0.2116401412734164, -0.12701157130514093, 0.6009239211777492, 0.5745919551521314, 0.9785743539052646, 0.10888723324470942, -0.6092854476907774, 0.7424368812015633, 1.8771681502770858, 0.27963800524925986, -3.081592242664096, 0.49231324919852826, 2.868188658369575, -3.407530488634702, 0.6388530143153012, 4.190723512159698, 3.2136346750638873, 0.9995136070796724, 0.5392468909734949, -2.6024907319896995, 2.8976924308492853, 0.02739735041508018, 0.4120496843295753, -0.666960987253079, 1.310414582424067, 2.85347100058913, 4.368804185012478, 0.23936301492376938, -0.4190384491210529, 3.156713124423139, -0.7412353618665182, -1.8924442954891278, -1.5632360971599202, -2.6377562970595667, -1.7208774007519871, -2.0735778750162157, -2.1444254760599875, -2.703819613576249, 2.9047891796221847, -2.779208664922967, -3.310428679499003, 2.167636670966587, -2.1186406443463963, 1.7382259983509445, 1.7945204152684993, -1.4700659237833766, 0.15725395736511827, 3.002015997468067, 0.5179273482756449, -0.4967129014360112, 1.2913269217825132, 0.1133763551784201]",0.9666666666666667
4,"[3.0552118485870463, 2.96037691253443, 3.562481943687847, 2.8057961115544856, -1.0753476947817155, 4.134514201797101, -3.3551737029099584, 4.55768745097253, -2.092689307152835, -1.1149642417120904, -2.7738795818627904, 0.12294146573707912, 0.06250357171886989, -0.07707842894808362, 0.8485201333409896, 0.07672570839074122, 0.9554625381667149, 0.5409227977105452, -1.2107497475200606, 0.2369911183795198, 1.2998794596770895, 0.15394340929295833, -2.7004757208162444, -0.322278287444296, 2.902812351017601, -2.5611428928314663, 0.5872010272104723, 3.1257093355536094, 3.140832206652745, 1.1184559924240016, 0.42017200354029194, -1.108502406948581, 2.7975392637077166, 0.2746670402033236, 1.1003286361474702, -1.2968926706623314, 1.6541508806898788, 2.821701081028403, 3.7914335069893403, -0.32412684953944937, 0.6721368925241505, 2.6487144157136218, 0.003495166361163482, -2.49580721531767, -1.0295252081467616, -2.83651153491907, -1.4733561125574466, -1.1994062088599922, -2.5814299235509255, -3.136562140774618, 3.1430460337079555, -2.6059113150113413, -3.7403677956660135, 3.258157660307871, -2.6837599415297384, 2.4028439084271587, 2.6704014773703175, -1.774629456792783, -0.23811384296062504, 3.117402613222723, 1.6704168694391799, -1.198941713990278, 1.7893572851211572, -0.286572872091573]",0.98
4,"[3.2564652830806593, 3.889065204399554, 3.732484118404403, 3.226007559494661, -1.489787621713111, 3.998202791726598, -2.8377387307830033, 4.634675764229621, -2.6255044034593125, -1.3922642536333065, -2.743408961191684, 0.2289215694777584, -0.060951843986680826, -0.2278933579974279, 0.6142146452662106, 0.39305830624285376, 0.9311980284070573, 0.07674991046040602, -0.6633296770948556, 0.8766983535979772, 1.278092861743131, -0.11650171092737378, -2.8956268037552815, 0.13861677221992638, 2.778228431307671, -3.3785468679196597, 0.6153189620728352, 4.181419255310983, 3.295750038975381, 0.9809448867025169, 0.6175101905363423, -2.872283011534635, 2.7295561229958536, -0.45773022973044464, 0.6135241211379371, -0.543190052527456, 1.3674511876806934, 2.8443521276018062, 4.42043305035453, 0.045350657236286715, -0.5175279837564697, 3.181802096594977, -0.9476531133555964, -1.8130696128580224, -1.4782419119989048, -2.8319076355682142, -1.5466334235066235, -2.227588535174746, -1.5082632998935175, -2.7760091950087618, 3.0489610598939336, -2.9388391168879107, -3.1044732063284695, 1.936248856780851, -2.2301950402542148, 1.4424077096256376, 2.093560415637934, -1.6435625443817765, 0.40632782020619845, 2.9184119879744386, 1.008204193846387, -0.2641845880979637, 1.1805684104826772, -0.05181542212466653]",0.98
4,"[3.2813157587048485, 3.925427190649909, 3.7132445319925473, 3.41687382939616, -1.305297412482441, 3.7659215753511837, -2.906165768561216, 4.519387530800357, -1.9988150509044849, -1.5912207926956519, -3.21405632435549, 0.5004917442607568, -0.330422098366269, -0.22221601745420103, 0.6584629527626873, 0.9205251758579438, 0.965680801144564, 0.32599270272389236, -0.36545256746038857, 0.5489672590740653, 1.8229516082626114, 0.0419712256223726, -2.6535265072873084, 0.051590581666146856, 3.1312064514442475, -3.62107328865254, 0.6137189985028745, 4.169133981820331, 3.4815004744319813, 0.8336120949445338, 1.1658322627256958, -2.9917077897126236, 2.7973602072194703, -0.40315865558854486, 0.6601072257143485, -0.2526763852928888, 1.5390808874697972, 2.9459648386650352, 4.289005913118091, 0.20005695678565946, -0.24846738187145287, 3.173289254774784, -0.5808112719268361, -2.027374811943391, -1.698464117868932, -2.8843025059605596, -1.8266280670954356, -1.910826052782565, -2.0462145069672046, -2.5260684281398387, 3.059161665848036, -2.609161437407099, -3.0258392310828355, 2.2215857652905404, -2.4342911365089694, 1.3787663575314626, 1.7662838033990766, -1.6360735097518464, 0.5758483632121522, 2.929316732341688, 0.9926211108202325, -0.5133509782081813, 0.7354100934899064, -0.30747383975331266]",0.9807692307692307
4,"[3.227324887219043, 3.979000551789786, 3.625940326355116, 2.8551281183435284, -1.0942754171147884, 3.5089185155878138, -2.7289478278164503, 4.626676844286833, -2.3486518618670025, -1.3938833161872728, -3.322447020423713, 0.6061163992689244, -0.37250036317845253, -0.2488505061019522, 0.8770613725103102, 0.1021189213521917, 0.889024775829993, -0.005202300174459329, -0.434695021050515, 1.0735907244554121, 1.4636736151353447, -0.02091757076824846, -2.9325990599571714, 0.20571674052585312, 2.7442018526334837, -3.2139523828028245, 0.6155822340641265, 4.19814156193286, 3.468005813566402, 1.297467136359028, 0.5443973348981952, -2.601992771479015, 3.1044748935634843, -0.07307372086618023, 0.4106970933355209, -0.9325451709390481, 1.2888618135000527, 2.7711510125572247, 4.428245809370583, 0.1291869750062769, -0.2723258285764278, 3.1780519825235665, -1.2185617881959563, -1.9611770478939605, -1.5616995849533115, -2.726585925659491, -1.6284963484556365, -2.1516141413407555, -2.050855717962606, -2.5209485654103734, 3.298179296607189, -2.9368096597760855, -3.0761907489984557, 1.947541050536315, -2.670354715238048, 1.7368893481825343, 2.154244309851315, -1.4618406839490818, 0.4140038822756596, 2.8332182653930804, 0.9381632804687898, -1.0382475292267954, 1.1400727604657643, 0.5711731357811828]",0.9807692307692307
4,"[3.5115001599606623, 3.985507805605425, 3.803543798165961, 3.1239847267956278, -1.0797031465915385, 3.7913761454991417, -3.092053835902047, 4.636713543516545, -2.565597731798803, -1.8029674054087665, -3.190118668401766, 0.3414548793997143, -0.039556180468687335, -0.17723513825729376, 0.6822692441722089, 0.4011375612496043, 0.9621191500449567, 0.17645134525945158, -0.48512235413563853, 0.98682237119683, 1.464420388420732, -0.04538737398035644, -2.970565871457957, 0.28959953895214513, 2.911674579599154, -3.1385766260954675, 0.6164743615933875, 4.092816158640004, 3.426504311579364, 1.122749686931233, 0.4877574783896771, -2.471080779237271, 3.2135741308583143, -0.15285997948777696, 0.35181942951143713, -0.5992999928989349, 1.482458016260903, 2.786577061267873, 4.259328115557703, 0.15671356882436546, -0.31000294201951534, 3.180984033012999, -0.7956640209542619, -1.884171662120507, -1.6995231729355509, -2.719051503952491, -1.7760482005411737, -2.1591901644588014, -2.4012106196383227, -2.7028616913065986, 3.303691197889536, -2.763835841034507, -3.158620805053765, 1.9792523287979906, -2.619837547189132, 1.5659853588746526, 1.8382490497529602, -1.663311221072316, 0.3459336231669987, 2.923704555131857, 0.8600052766838251, -0.8091954880236865, 1.1029189206997037, 0.01737986513009726]",0.9807692307692307
4,"[3.508617363720318, 3.8701644953717005, 3.78550164621639, 3.144789627728749, -1.3209384723596638, 3.1404490879484306, -2.8117021784465135, 4.634519563521277, -2.5930938599806015, -1.210854399665264, -3.4098873366149465, 0.3487947359222165, -0.369005853471969, -0.4746628028625779, 0.9151068929660178, 0.4347680854366195, 0.9210769138410085, 0.0694786525450127, -0.568595116956692, 0.8912072924579902, 1.3341963366864489, 0.08027335340468113, -3.144490307865036, 0.47774964089392546, 2.7597341071225943, -3.1221824523278405, 0.6188519587635168, 4.196500949472832, 3.4009801006727334, 1.0379706848120709, 0.8471380668098698, -3.066043815260248, 2.774455910606596, 0.09928666007734166, 0.3887944430071639, -0.6280018753966984, 1.122748446844844, 2.889697945270827, 4.308271305373632, 0.057030816703718394, -0.46469569478056, 3.148653515069561, -0.8461302086759732, -2.2887385930993203, -1.4059926060534544, -2.9175153904140707, -1.7716944464557065, -1.9258721009820443, -1.7509152437347517, -2.4276248711439044, 3.4758576062720996, -2.6785919285308375, -3.0975445403741277, 2.310126471062639, -2.345120290739767, 1.6712192260965728, 2.194001735592639, -1.726943207267467, 0.5131051212661641, 2.8099788677736757, 0.9340895314660056, -0.733097905496062, 1.2565568737274706, 0.11484909107640007]",0.9807692307692307
4,"[3.3673613384033665, 3.9275543912440725, 3.7681956329084625, 3.1523813891430343, -1.2246798436439736, 3.5256412365926946, -2.826407695060914, 4.434172773277924, -2.245703246701591, -1.3398739683622316, -3.060582402015199, 0.4097166939318179, -0.0953826282061066, -0.06867245157696769, 0.8087760186139515, 0.311839330788196, 0.9174890528145168, 0.1970773729852393, -0.5796830374735121, 1.0247462304702157, 1.669479035649314, 0.11560144234906403, -2.5777601110156247, 0.014459414009958774, 2.825367594810284, -3.4138587188812966, 0.63006074633631, 4.128148604330584, 3.358124657029818, 1.1948562861253997, 0.6561248245274014, -2.637198426455584, 2.987979412877962, -0.2886113866392675, 0.5189094851534412, -0.09453712579635726, 1.6209940995493863, 2.7889696319251627, 4.388807116144768, -0.04584409512799542, -0.38124460260218684, 3.043251104344097, -0.4766569747838827, -1.9276521351479317, -1.550241497854514, -2.7103040774304703, -1.6606247472130249, -2.215319047527054, -2.1826809406804775, -2.521906052402503, 3.521833135089507, -3.0080302256892506, -3.3046319236725665, 2.097671167189989, -2.270477506783044, 1.5845039356842796, 2.1471418570500744, -1.2451435585714197, 0.2289934182584887, 2.4255437886915634, 0.8319759645612868, -0.8804237253111574, 1.0124221924330896, 0.1394095331198812]",0.9811320754716981
4,"[3.1226595808789814, 3.985891683412971, 3.8860603901487156, 3.0915881464036192, -1.2058510322563691, 3.7527553410103045, -2.7245447170746075, 4.587104631716284, -2.3764361372357934, -1.7485407028282636, -3.131632335020851, 0.3483657579795058, -0.2456876146359391, -0.40683084385161095, 0.9336144408103826, 0.4304987744702009, 0.9136502311086259, 0.2053745279905648, -0.5794552422256927, 1.304401347524989, 1.5966009898985383, 0.01388488477239945, -3.1806467957853357, 0.19019357828450983, 2.881546024013042, -3.293031213167499, 0.6137266338177148, 4.184879381946633, 3.3210170849974556, 1.2806026221485194, 0.7236643347626512, -2.9335243018475117, 2.6966257199681523, -0.30420461211078503, 0.49837986151812774, -0.8690830305306758, 1.0112147979529877, 2.7111334044037525, 4.372024448426543, 0.19015785568808585, -0.64421853557366, 3.1226744248419687, -0.47609793723459815, -2.1202010649848684, -1.5703568217114345, -2.7494737993374416, -1.6197173012653001, -2.2321468730966454, -2.127484371868527, -2.7294328711445632, 3.2647789412886588, -2.7899410911903, -3.213928364081432, 2.223760511858762, -2.4747593121659888, 1.522219449808882, 2.1592930978477733, -1.8595059041540025, 0.34999468762668834, 2.8844708432047717, 0.886400624495215, -0.9486429733868565, 1.0791003865572923, 0.1107362194620866]",0.9811320754716981
4,"[2.948223763926672, 3.3706301916948807, 3.035527246963447, 2.402804289477166, -0.7556610976402951, 4.07147160721865, -3.0942974324876786, 4.504734909182709, -1.986352402675872, -1.241012615112325, -3.113458403619444, 0.8166093044276241, 0.5154827875615791, -0.11999725414741419, 1.3268544890545315, 0.3132277866759423, 0.9725332976308662, 0.28655244964444426, -0.8937680609637838, 0.6785291233448175, 1.3386304647319174, -0.07388569366752987, -2.775708592051653, 0.39102248421119035, 3.044972534100325, -2.3941128127619624, 0.6110870492253435, 3.795805171016151, 3.5340825596440766, 1.0865840793079806, 0.9058967979528962, -1.8631423451101725, 2.1489068845020087, -0.5510881640126684, 0.7483108394275357, -0.6459889696306655, 1.73970552138519, 2.493717958955399, 3.6708575921789524, 0.6582176487522212, 0.140649125304596, 2.966834093768709, -0.38024530776496457, -2.1070124428035233, -0.9358895274959848, -3.0315681453567853, -1.3600509436951078, -1.3490182273540148, -1.729170780064108, -2.8294805355849393, 3.4523203758727568, -3.0280911338317447, -3.558887370354016, 2.622156623147796, -2.7257995867529945, 2.55948329924452, 2.160128936155325, -1.7022676014482394, -0.4556729274073618, 3.3965254757945846, 1.4525899504974418, -1.2274298790024643, 1.6253494857649073, 0.049462981912512416]",0.9814814814814815
4,"[3.443746923477147, 3.867878546122677, 3.8141528935642888, 2.8040725787904597, -1.4364277071147549, 3.71910326687865, -3.05047059407387, 4.611985082069411, -2.7991774399968916, -1.52209531694984, -3.029263812254737, 0.2574346403552904, -0.3143495891078189, -0.057538981494572844, 0.8051699637934066, 0.8648957838378198, 0.9851726851132675, 0.29074442834567876, -0.3829172220417396, 0.760493840198089, 1.6069816555651961, 0.28357017306198473, -3.186547943557656, 0.32679874882999316, 2.7723644241613763, -3.1327299954691155, 0.6304467270585983, 4.065093448433612, 3.1612320410913783, 1.3276650049636953, 0.9515953864446356, -2.6334184091651465, 2.8936006338381537, -0.17206952467696454, 0.5557415369468687, -0.5945042384723307, 1.3036023561011612, 2.783191587904092, 4.430999440239431, 0.06569570351158484, -0.5377508534773712, 2.926277335918496, -0.767644039365347, -2.1242393612869, -1.7902068803427293, -2.236902854973217, -1.8104120271517277, -1.978854946710323, -2.2118115187777883, -2.4043176751220194, 3.3142785898192475, -2.8008398728921367, -3.281353377251097, 2.163376204350284, -2.509527329831026, 1.3954402033503037, 1.9008235833670095, -1.8395022952728783, 0.31680768166940304, 2.7320833375169884, 0.7426292339447522, -0.8212157850116253, 1.1281882654320061, 0.023542537935170388]",0.9814814814814815
4,"[3.230602614123833, 3.9810868260861323, 3.8917319699314654, 3.1595337377317025, -1.3084674435268508, 3.7805210055801415, -2.8552046357156535, 4.634828470578384, -2.17923896580043, -1.3239867025087384, -3.010366952007702, 0.14414475512062436, -0.3905420675013685, -0.25225174965630526, 0.7502383464859013, 0.6102853536562837, 0.952496510133928, 0.1706220295553128, -0.7389935819615076, 1.1072422447072658, 1.695152433348225, 0.10614003918636683, -2.8357811357989373, 0.3190765980419229, 3.0762372035718863, -2.99043330834077, 0.6330463296141847, 4.19899145148854, 3.3860970683626044, 1.127586880902627, 0.5455880602061766, -3.0676440283256796, 2.8060670189545087, -0.13453451231818075, 0.6056398727715674, -0.6929766693319513, 1.2737834165560715, 2.939291179224464, 4.368784016412064, 0.11704734874849487, -0.6349283878333148, 3.163282864059444, -0.5367520213734817, -2.004350590471779, -1.4219557325584928, -2.4471186966673946, -1.6703685559339054, -2.1208532308045407, -2.299870719963588, -2.694266297454584, 3.3126973526883563, -3.163398963408117, -3.2076430318777995, 2.100773718673596, -2.129695345935499, 1.201516058464653, 2.17020509388903, -1.607018871438742, 0.3655343436216115, 2.6228951259973705, 0.8883923654027532, -0.41474564306928313, 1.2241223280789075, 0.09207021035920726]",0.9814814814814815
4,"[3.3258055524208885, 3.970436979662161, 3.80035812655513, 3.291302335160572, -1.08640643418551, 3.6806356519514933, -2.966693839632064, 4.6166972474868695, -2.5651314036163746, -1.4452155624930605, -3.0879741532973384, 0.4061455724269984, -0.2945068100884816, 0.3431088475410501, 0.6970736187030923, 0.5103200262075114, 0.9687724373301602, -0.07852578949378382, -0.5015914205980544, 1.1867891639971078, 1.5949643888208782, -0.3576989272095721, -3.3834525600231875, 0.15695370064240807, 2.6872432127390757, -3.144533523803884, 0.6279323085489087, 4.192968706035065, 3.506491863913453, 1.0573902524131875, 0.8008060855946192, -2.3734836686240413, 2.9128676478872717, -0.2859039187833071, 0.3146947933382107, -0.4374466078561948, 1.1241668902026944, 2.945319138179638, 4.192167339884087, -0.08267103846127248, -0.14175654206740734, 3.1093860659674504, -0.5867985025009694, -1.8494526167494978, -1.5002071526978566, -3.049949021380956, -1.9162667838027194, -2.0922220669834677, -1.9819085918317454, -2.784811312020521, 3.556568193800096, -2.874618678437496, -3.258488284029898, 2.1750046680617627, -2.571966693879579, 1.4941735373159744, 2.1253199960263105, -1.6312071151884036, 0.9760472147456352, 2.759699947598811, 0.6822426168448565, -0.8184467380220415, 0.886539027345165, 0.18603690252888005]",0.9814814814814815
4,"[3.1921542663980977, 3.6756071119848266, 3.8087875395305537, 3.21527143226194, -1.4967652228579895, 3.9011537375998318, -2.8858759741380875, 4.6229683990602455, -2.3263517408501437, -1.4270357661915398, -3.326003546483431, 0.6383521363587568, -0.222731385007843, -0.1666894618703494, 0.5898516532658522, 0.6231690507227755, 0.9139934736576037, 0.4192027384166648, -0.5025195310843846, 0.9319044237514019, 1.665268978178281, 0.19075676306317824, -2.932079353166058, 0.19528049048095406, 2.689895828040257, -3.330362968937194, 0.6352097065940145, 4.198566841170164, 3.5729206355778325, 1.0998952602091279, 0.7052032221338258, -2.6949969266291056, 2.7767137664325685, -0.2614608884644817, 0.6199205472748079, -1.0035448524602237, 1.1081297398966747, 2.9404652405927028, 4.232203339539414, -0.0010588925531371807, -0.2783175656386755, 3.1813401861073825, -0.7162943536988794, -2.163422177969796, -1.3301959680709825, -2.8459269374598657, -1.3665242546933587, -2.2437101406792612, -1.9647108188413342, -2.9786874240372714, 3.4027656770891266, -2.568976077216618, -3.1006873334841285, 2.023701586725026, -2.2643604759841534, 1.5338517114099954, 2.0523759615548713, -1.3416939800374423, 0.37463667737081746, 2.7328535388737167, 0.8028033070654782, -0.7443854751693256, 1.0163770483457766, -0.023382435670350428]",0.9814814814814815
4,"[3.539804020844137, 3.9080800302233323, 3.9047016147336935, 3.2180632681159924, -1.4718337851957117, 3.676198492627048, -2.8781575752067092, 4.530958440757833, -2.486712120347162, -1.5344249579460236, -3.1820308893311617, 0.42950851525263056, -0.37820950674969284, -0.09533321492413518, 0.8412381775173765, 0.3483750906553319, 0.9453515694704335, 0.08222105888119405, -0.5181424157191411, 0.807309426833593, 1.5708660743916838, 0.16057083580152576, -3.0790377420594797, 0.5239234723660182, 2.73702639740167, -3.194455282607851, 0.6320446862815872, 4.180262591379107, 3.3376194119801283, 1.2346046691056436, 0.5627366188689047, -3.0174427562833, 2.6707929163593076, -0.2571822979605117, 0.5267970295030757, -0.6386995934459506, 1.198142381743169, 2.909625067898654, 4.289710846059469, 0.11519822271925689, -0.25663503782001834, 3.179214747432492, -0.37699423730383275, -2.2719601223371546, -1.34089323114876, -2.7586492592573126, -1.5490456988918577, -2.3653522166942214, -2.185299433241023, -2.7715521445233042, 3.1056924491817473, -2.751106475788588, -3.044189914845, 2.3782707614524976, -2.6441310928890998, 1.6855241999138761, 2.048112401318177, -1.689776393515792, 0.5019969486298783, 2.9734862841133425, 0.9238896162525523, -0.8148535497716801, 1.2268677056323807, 0.14818093424279033]",0.9818181818181818
4,"[3.1375539912652606, 3.374285430433542, 3.8212611948236357, 2.7467561889337584, -0.9964911711340891, 4.12328914852495, -3.1724483774099497, 4.40825772372352, -2.1948008021760588, -1.269070783379612, -2.6510052962667054, 0.2754703958846012, -0.3776241083945686, -0.1995795834805032, 0.9017447648173311, 0.35649112982467857, 0.972465307540416, 0.7792718108946558, -1.0290813056148604, 0.7331209911752602, 1.4686702068293147, -0.16136127557439972, -2.5136149506712435, -0.12004672266824512, 2.983905058089888, -2.9575689156044946, 0.6374906711705223, 3.7188558914517444, 3.576061104402692, 0.8797516967107392, 0.7546892463300935, -1.5547355967210026, 2.4939296347285858, -0.25300917441371396, 0.6842295029425401, -0.4831117719194299, 1.6054122100548733, 2.8475391668086405, 3.995657348840037, 0.21641171735579318, 0.2902596907312306, 2.875504428461141, -0.41012063794568576, -2.5474086150755397, -1.0517834867606757, -2.875032481714607, -1.4627747989151314, -1.5624008807408645, -2.0258967713844207, -3.049786690109995, 3.110835487875128, -2.7325904437605573, -3.752343796385899, 2.7367052059590473, -2.699701479817948, 2.4039119655495678, 2.5076373061301145, -1.6685005078911397, -0.42343887676195185, 3.0249896066529343, 1.5052825920024877, -0.74280425294427, 1.372944324765228, 0.2377681493003027]",0.9821428571428571
4,"[3.2621834235403426, 3.792182563081806, 3.827566492916293, 3.107530358433518, -1.3271408691877948, 3.8600516758175876, -3.0966385241884318, 4.619476433312379, -2.2029221403490085, -1.249415836298763, -3.066368229673561, 0.4105221917020302, -0.34433115399920644, -0.32432194232894906, 0.6573990151791876, 0.3576890780762316, 0.9708532524839552, 0.058743850654568816, -0.4629743452904272, 1.3252079357679034, 1.7538197173738612, 0.17741702742017426, -3.0803882746629694, 0.06240202083275198, 3.3161089894492632, -3.116260674765152, 0.6332733155915766, 4.170234698276029, 3.499728763091538, 1.0450532388321048, 0.8499010633121517, -2.580202499956175, 2.7271720636578762, -0.16844459815891136, 0.02280195509546984, -0.7613441652151989, 1.2623476037674122, 2.682445819229424, 4.289228652458124, 0.007656330180941487, -0.4349080268435096, 3.179466271672561, -0.5443900792492224, -2.0714710660092015, -1.5701542259451509, -2.370832815498981, -1.8163545541499038, -1.8791753934652058, -2.2342990755159313, -2.9876386496450853, 3.4853564923532985, -2.904389790676685, -3.0325607161304156, 2.127325317320621, -2.5212710824112534, 1.4433300289925741, 1.9206451373300184, -1.7344053008247793, 0.4585723644739204, 3.0673040631871085, 0.5780562967659105, -0.6992653375726028, 1.1117014834354906, 0.30447744764536167]",0.9821428571428571
4,"[3.394602302655266, 3.9329682132366623, 3.905075486910595, 3.0447341226535514, -1.4522909006090667, 3.7523277726183504, -2.8240925129589196, 4.609881041171705, -2.2946021586939964, -1.059166872850839, -3.1729313893073026, 0.23204966688660103, -0.21680755644733382, -0.4798036685183803, 0.6377232391079282, 0.6747014484377148, 0.9690113173565786, 0.42351524556009607, -0.5820223369975184, 0.928516352752864, 1.3572254664277221, 0.26610185254012747, -2.8486775681918797, 0.3734061610687736, 2.8078196116016234, -2.940069157405734, 0.6271774957549385, 4.192625599005296, 3.23811411494429, 1.4030474377619808, 0.942360037828256, -2.735393438641155, 2.9089733317715747, -0.18988580016260356, 0.7264243386897908, -0.9809182067890547, 1.3237859353161678, 2.872285541457047, 4.190478277352565, 0.01418029279822347, -0.3963576465231109, 3.1684668078650233, -0.6505305808700332, -1.964108534698994, -1.3799319422138288, -2.7955854726452385, -1.9404498337692013, -2.235857178875684, -2.0593148080895634, -2.5073482101668665, 3.3409819602206245, -2.4761840026529303, -3.055220401604154, 2.1779665242150283, -2.2717187466866897, 1.6143830155309757, 1.9525996148879419, -1.724838709345683, 0.37095781896755126, 2.8969909845195443, 0.859751021670471, -0.6028967692896505, 0.9164398647147395, 0.19133199859362887]",0.9821428571428571
4,"[3.095258578455135, 3.9784541212226094, 3.8276822992740924, 3.216114062157174, -1.406165191110134, 3.6264863934571316, -2.567962012938685, 4.635958619155747, -2.3587286885328123, -0.9263199847325436, -3.164406631115656, 0.14580806924937256, -0.31159099636405035, 0.026584045476213597, 0.8535079837857182, 0.5789255359478094, 0.9670488236995144, 0.1817181521356181, -0.6252955151464368, 0.8243246384212051, 1.38115010806733, 0.15052424712793364, -2.942146937408497, 0.2855887711435601, 2.6542232831100563, -3.367632047995448, 0.6632438791621152, 4.179616265661332, 3.25068712757309, 1.1031794974916556, 0.5767849421818865, -2.7738807667295373, 3.23719021016022, -0.11067700513401035, 0.45579784022774167, -0.1580721145871538, 1.4184012924638658, 2.8865306343825567, 4.174138167335383, 0.06596050608656903, -0.3165637976309708, 3.1592966320140605, -0.699767607049369, -1.8410809104717794, -1.7172128339402266, -2.6283637650789164, -1.519094174913995, -2.1761395614259604, -2.0323565319008625, -2.5474598757436033, 3.3836161115318, -3.160368081522861, -3.1692610667211962, 2.227959634651388, -2.304705153333448, 1.8785110731221049, 1.9099932931816477, -1.327523705535483, 0.44273553077743383, 2.6953630335926717, 0.9194950556964477, -0.8991874910660735, 0.995233440465103, 0.16909208305210052]",0.9841269841269841
4,"[3.4040958824563963, 3.941783797761289, 3.7997713317617876, 3.217333773122154, -1.3813214483269463, 3.816424822975346, -3.112449298339882, 4.628715578238945, -2.7229912644857666, -1.5179167914661262, -3.0424666223209993, 0.2665053384762882, -0.0967632767522427, -0.348716048778271, 0.7435575785693456, 0.38751280006917327, 1.0755825180225507, 0.5297808511695525, -0.6450467001626772, 1.07413936529318, 1.5640854600167524, -0.013905481880956264, -3.0631863356065687, 0.38272157220498426, 3.0446226690370355, -3.086328504190863, 0.6640857293976073, 4.198490624316877, 3.265443901485604, 1.05534727210464, 0.8431704225760202, -3.0628671987228278, 2.8258513965304726, -0.12111282377112724, 0.47444190440913714, -0.7206971622715261, 1.2938310944087579, 2.9289133891745633, 4.394166269963109, 0.014479860345674625, -0.4895388016623628, 3.106719736103307, -0.6136720623818401, -1.885529806434074, -1.3115791997102206, -2.5371303116996002, -1.5363232730656144, -2.170849254428593, -2.378804835236931, -2.9540433204716554, 3.435658577787514, -2.624993589433491, -3.095962778535327, 2.0894992147068114, -2.2680540646363148, 1.3302261455004805, 2.085453368940653, -1.4981705484013572, 0.5616675021002259, 2.767264920906073, 0.5773986155755294, -1.0195368362327701, 0.9171971652355106, 0.06995000354844884]",0.9861111111111112
5,"[-0.8831435708511175, 1.106708996820904, 1.5587781474278113, 3.21771778581957, -3.5750190359919807, 3.4980657214557316, 1.5754032989211448, -4.280871182924674, 1.1711081878662546, -1.9926394498478852, -3.2665882940760875, -0.17715287975617944, -4.1245612589994165, 1.4020299447689082, 3.272519220090141, 1.1028494737907963, -0.9104571082088917, -2.2295639590262146, 1.4578165452143028, 3.092236093960497, 1.3565114277066446, -2.3619498978230826, 2.0492258317634064, 0.2285179746321134, 2.8095111288836963, -3.378135510945964, 0.24276285051010904, 2.3759403903138576, 0.4653742423490388, -2.0431901791926865, -0.7624883820318162, 4.219726706378065, -3.1787697157744628, 3.6902203908413624, 1.9778295406127586, -2.590571978013422, -1.0249352575441943, 0.8388011463862938, -2.8446944145463156, 3.5684102164670377, -3.505530584855117, 0.45714336014244583, -0.5086511701950593, 0.20519189058302834, 4.076294606489465, 2.910198458016056, 0.36428828590410545, -3.60056640555125, 2.35978618380928, -3.2724898455823883, -0.9964050865711325, -1.6480344285201405, 0.3332997447256014, 1.2603675031058315, 0.10369306284133528, 0.25642994493952276, -1.2729395209457035, 1.6834401177740408, -1.4382028324293794, -0.015809011415013063, -2.169487878326623, -0.3739730810609454, 0.5727762741055291, -1.9471290653365205]",0.72
5,"[1.4147120538478757, 2.0436226711000702, 0.3442727278353571, 1.7952090136701158, -1.6647976440947043, 2.8148010919136484, 3.4963200820872604, -4.520435178199548, -0.9006738001900711, -0.2458230459901296, -1.9570602525406962, 1.089496355639373, -3.5002993679739225, 2.7892915252660635, 1.967527658031674, 1.8317186971633408, -0.9323598314567698, 0.5619097320660711, 1.3478745364279177, 2.66010570275827, 1.806525619108498, 0.5026745885408057, 0.06367718297959479, 1.7087040806513798, 0.6310524325413263, -0.8513829082883206, 0.2411770825690881, 2.5967791966839195, 3.586071320768076, -1.023231039196842, -1.8136943783388955, 2.942847984700431, -2.437347241050038, 3.4258073862934064, 1.1024051655942975, -2.2936113743760087, 0.40313884814986944, -0.012992715393949528, -1.3031199634810187, 0.7367564126991196, -1.0986642771264417, -0.9821530358445253, -1.2732336558924269, 1.9451376917838368, 4.124681963899462, 1.5205962334841845, 0.006371946970135989, -2.756236318067521, -0.31330757336878423, -2.77515179051764, -2.0157687684704015, -0.3198065084548707, -1.5607278228015287, 1.6003569154793187, 1.1580482033914665, 0.5969970226651231, -0.6256549681225136, 1.6949053916149266, -0.7966517212377148, 0.14118938238096956, -3.8751018481351496, 2.434099162978459, -0.8927984501520931, -1.9219968320719416]",0.72
5,"[0.20383336396108853, 3.212193014404231, 1.3237452620841041, 4.129088377078854, -2.2882253671622985, 3.62981477746575, 0.4315701369324403, -3.8668140367922037, 1.8347563627820611, -2.671717445716496, -3.8803167929860045, 0.412828899548904, -4.120178564478608, 1.7021461239571274, 2.8302484098723277, -3.0463053540195917, -0.8440960236032442, -0.2379345944823359, 1.7123406310793934, 3.4485874131540926, 1.3586007268412108, -2.4803137929082046, 2.173340549793828, -0.011027190846032889, 2.524901807077246, -2.916282175735647, 0.2411061823030659, -0.06813919278555525, 2.3308138134001823, 0.6400146327529799, 1.2103990483891494, 1.3343881868898269, -2.564593923861586, 2.46932534238836, 0.17754549147040244, -3.5442540665468565, -2.2577255224704778, 0.5316472372185237, -1.361238451439732, 0.7007360000197613, -2.5786245246780757, 1.4252535932136525, -2.2758196049767636, 3.307550934887836, 3.6546497101985755, 2.9435365290667606, 2.5795376207690754, -0.4578242862740023, 2.1084049187257135, 0.0181167202585093, -2.3914592410488913, -1.5555345461265213, 1.0422173809980244, 3.2610262475992378, 1.1031502903308634, -2.697599749767983, -2.174911151427356, 1.9688268954605612, -2.1948223607355724, -0.8238423889171043, -3.2789348033529113, 0.8050077273510428, 0.6035772483662328, -1.7136664543375912]",0.72
5,"[1.8179174883270561, 3.9778053726310003, -0.023412619511700372, -0.08082053089518881, -2.2282548950279253, 3.1971298684333576, 2.589677739111007, -4.825677331864858, 3.077499446280673, -2.4003937129542257, -4.024666459192101, -0.9132158902003087, -4.123795441116216, 2.226968301469306, 1.2599604673332472, 0.10941592272154155, -0.7640879195437926, -0.7210526977049587, 0.7520337362921883, 3.021109206716522, 2.065572351998439, 0.20143119644687713, 0.09689017954517909, -0.84294975996198, 3.2788431807131686, -0.8011909542122093, 0.08606592413084185, -0.16002015723386376, 2.5242322936296144, -1.347037686067561, 1.1240656980352235, 4.187126598717984, -3.38876018811215, 2.5896958189415233, 0.18327569463262405, -3.3776388751485156, -0.487291434341114, 0.8059889713721096, -1.4869171649141932, -0.23864285124908857, 0.28224632015846063, -1.4686213934450425, -1.375991330376888, -0.43830878998468803, 2.572381273265713, 0.15687407864643532, -1.2422131485912937, -3.3688228871967256, -0.9467815255259451, -3.590557985164749, -1.8100302831432975, -0.9525706967573998, -1.2262264165020884, 3.3527307539538915, 1.4110581083557456, 0.8272137901538079, -0.8436077380360644, 1.614002824349005, 0.8118136652990192, 1.6017652078138105, -2.056271480639509, 3.349260303300149, 1.692354984111774, -1.487277404573952]",0.72
5,"[-0.44133625971230417, 2.3276753159514127, 0.9756711170487059, 4.164146961561798, -3.1641990410727407, 2.4920626863549273, 0.6643995187981284, -4.962405784997433, 0.8049578115711429, -2.2629364839832182, -2.674127605707016, -0.47841361312822406, -4.124001643006543, 0.4520650021463227, 3.2502521223593033, 0.7825566259714412, -0.9343952434190114, -1.8132127753556058, 1.588682235991823, 2.008319311238604, 1.8030931228692297, -1.4413883440834812, 2.9137240712664565, 0.5169828868570201, 2.412937550413586, -3.3766811975707753, 0.19131662294039026, 3.935255169889677, 1.5030544330842517, -2.0942978896369504, -0.5128459529791175, 4.1852878461714855, -3.277572425546003, 3.4468673400056096, 1.1612193626402023, -3.859723794914154, -0.6490948601432533, -0.9697469499603645, -2.8987101438731173, 2.6215864432749303, -2.5345911482569545, 1.0147935975793607, -1.063300810730982, -1.2105248033101454, 3.719061386045976, 3.0494208672176613, 0.23166941576976435, -3.580435006692852, 2.625853464281508, -3.5448266089642377, -0.7632093243742237, -2.2974464996931827, 1.4880097035662838, 1.2864607592717874, 0.5736340196048999, -1.1149587269492938, -1.0039473154069931, 1.0062981812761294, -2.3652704145420294, -0.5269731249404874, -1.3209638341584595, -1.3766166236809743, -0.32311052116833405, -2.1391246162915403]",0.72
5,"[-1.466848109750344, 0.6310884565331604, 3.607397660231306, 1.839986492838211, -2.738130011082455, 3.831163211451588, 1.3977566422120336, -2.9288518649637902, 1.0878855785230517, -2.278828112725183, -4.177667937558658, -0.20744731896654311, -3.1352385110725027, -0.028890090849791994, 2.6052103372340643, 1.7319223198175142, -0.8480197403324458, -2.601855675231063, 1.47672753785758, 3.3863392897652136, 1.8113479690093108, -3.255279980585342, 3.1637894293634043, -0.19667605275830444, 2.654532574453602, -3.4557022865556113, 0.1437165431968812, 2.1412657382867875, -0.805699581776097, -0.8284308083989957, -0.4574058879598556, 4.0445343197628105, -2.2494521884209835, 3.4029295527096304, 2.9442460502016994, -0.7281704562024445, -0.06417321979376345, 0.005000079603983187, -2.962235840814238, 2.861869538985009, -3.114180493228723, 0.1887419890977383, -0.6891008851998875, -0.0832343820430658, 2.714473339931632, 2.7588240876639882, 0.3353841093779675, -3.6467416897925533, 1.6600437074377083, -3.7151118511602066, -0.2441199487492527, -0.26820030240365966, 1.127768649772473, -0.48884294876705936, 0.2010882168951012, 1.7065928564085824, -2.5561063550250784, 1.3995462195539246, -2.1453169108336425, 0.9594073282500051, -3.9476487170423677, -0.7265864994268599, 1.4959207059136514, -1.8172429411372946]",0.72
5,"[-2.6184814452247904, 1.3721389228751808, 2.863027029402759, 3.3020466436572447, -2.924908085688444, 3.6228972040040044, 0.21486627230365474, -4.479578542911478, 2.1783404478937403, -2.6626204119492156, -3.458609157597092, 0.4263720895355994, -4.116224999173947, 1.9380982958484618, 3.337514732749164, 1.8352572527323021, -0.8240981545638512, -2.2509617880766477, -0.06343391704704371, 2.8508581778766695, 2.418412616994756, -2.6235903656009296, 2.7523080762634353, -2.0415881718680144, 2.3659277092468747, -2.5881345507548867, 0.1753049419456238, 2.896351680250815, 0.1590495405228652, -2.171263697665185, -2.4234984410116134, 4.234824523925407, -2.2812268179859405, 2.900796894030157, 2.152109516728156, -1.086252776147565, -0.2313150149174208, 1.8466174642794908, -2.8928445560198934, 2.6789400231401808, -3.2917006298086884, -0.1595215825592069, 0.3575444444450976, 0.6670853889392712, 3.122715269862694, 2.3994270870515737, -0.4026184919579011, -3.515432725322242, 1.9547947214729144, -2.5112810376260715, -0.5543734151507664, -1.7871351600318248, 1.5452002234325624, 2.139174011938971, 1.7873903250850083, 2.1944178297133017, 0.4839867028530258, 1.5361116725109407, -1.1656903572649948, -0.18187827639078294, -3.1230134748997296, -0.9899895486002678, 0.710432583822875, -1.7666148562392685]",0.72
5,"[-2.231888347072778, 0.29788566688696816, 1.6700497392132192, 4.020953404643459, -3.5492738326412083, 3.917302833266453, 2.7462070866375443, -3.92126307799528, 2.3098177763353225, -3.072201022471324, -3.342355710528577, 0.5158289460443104, -3.9358038568453395, 1.2227657886420744, 1.4318399456015758, 0.4514074040832563, -0.7917826986193928, -2.620674085482152, 2.9517598854007088, 3.2266212791110918, 1.5497689033983815, -2.7088133811781896, 2.3601191897965146, 0.7750825831990525, 2.4187916674328873, -3.0664573398574166, 0.1634841792990467, 1.7382036313121492, 0.3188881899526185, -3.096443457595758, 0.9660116184313847, 3.578782321877091, -2.350500708785811, 4.358734560843381, 2.2004748632188122, -0.7597133831899117, -2.2368018022576854, 1.093375784918447, -2.4535461338116558, 2.842101517097106, -3.612147031915404, -0.8297721330426397, -1.0859181223802716, -0.027996073415941958, 4.13707891627081, 3.0477165268586015, -0.5623792941238818, -2.928622365261667, 1.8769527186712618, -2.6723304598737663, -1.0882202831170666, -0.6983621046283255, -0.08063341278334152, -0.40809207252035606, -2.3050080281479426, -0.3745730935608208, -0.7821069347088143, 1.9861970560198972, -1.8461966581902125, -0.10421219104181892, -2.762610637936356, 0.44974054495782745, 0.10735676339022993, -2.060946742297414]",0.72
5,"[-1.548913900705866, 1.1580401449724276, 0.9883671502524644, 3.1929683150728843, -3.567721759178918, 2.7539015148262926, 2.748125565066264, -2.9244915009246735, 1.356743945121349, -3.180941381323116, -1.5258147194292848, -0.475210033776586, -3.00861361027913, 2.3497057043651797, 2.760795579505659, 0.48383637331727025, -0.8964071357748824, -2.2464693713572754, 1.3498587428859035, 2.5616938641180838, 0.3171870842822109, -2.599267313908286, 1.4302550210746698, -0.18928186033687183, 1.6284278204841385, -2.5671725088951325, 0.2052990870482429, 4.178724397508874, 1.8522434128720238, -2.1617659851785547, -2.314350796826223, 3.2157627161886935, -3.4015564103703055, 3.74680678713828, 3.1888334662711157, -1.348630195008341, -0.34669816738418024, 0.8157157996659343, -2.227833875135409, 2.4890246706446373, -2.7031820630924344, -1.240437210828802, -1.0628457650563532, 0.6174210380812377, 3.9184999714178974, 3.049265376455073, 1.112747025316382, -2.747397653391726, 2.6039432325728673, -2.541072578566053, -2.4350958426117657, -2.2194837400942315, -0.3727554936167418, 1.2110124113685816, -0.057236307260887284, 1.2975197668240153, -2.4917664076745583, 0.16628581206414506, -2.125813129178995, -0.7964562137443377, -0.7541516724458928, 0.05392276327774548, 0.4471820045921429, -1.5005707131594268]",0.72
5,"[-2.054779969266974, 1.2706707759404345, 2.5515016644175925, 2.3603877617823232, -2.8504287043165464, 3.3805861627548475, 0.2962304756326988, -2.31023313314508, 0.5720783570570468, -0.6466092741767211, -3.6243604771022935, -0.4434327582669155, -4.0651082460163375, 1.6229736488138227, 3.0569757449026125, 1.8904295851006494, -0.3349242909266442, -1.6851463964503552, 0.6636827745611509, 3.371272133136442, -0.3487108993393082, -1.7813518932871668, 0.5602190208663362, 1.0669886512893527, 1.3690744974038496, -2.5874989648359343, 0.18642229748171962, 2.276421476257289, -0.2580254190794963, -3.839686342278882, -1.0792689208135993, 3.9593258442836228, -3.124713201127337, 2.9928663362991266, 0.37875581229876887, -0.6166598362719686, -1.8629531900618737, 0.3326748866674427, -2.7848264632369575, 2.669454594299207, -4.252636044201253, 2.4368401947638993, 0.07140170289639125, 0.4919066647788017, 3.7357119872297777, 3.0504900513204842, 0.8579564061662536, -2.766790863568185, 2.449793823580329, -3.7128496460537237, -0.9456441784064081, -3.481718478690837, 0.7304894191974807, -0.12530774940420586, 2.1257953056542247, 2.4399297244821767, -0.3157063032131233, 1.701148390580686, -1.8387188613129477, 1.05090705204211, -3.6391647779915703, 0.4480536572418363, 0.24652306085847253, -1.9793041165490461]",0.72
5,"[-1.2822808926693146, 0.6635446806629142, 1.1035842436151917, 3.907365607617375, -2.3859793860939202, 2.3320750524771166, 0.8339616530941513, -3.1295369983411176, 1.3143525559184779, -1.539843398955397, -4.249566874216152, -0.7079738452028854, -2.5682638337593073, -0.009194383353788194, 2.907201576748617, 1.1831454618615076, -0.9230070932725026, -2.366874825705317, 1.2666767253720297, 3.3840370537313555, 0.0680726091092998, -2.497424447842027, 1.5473667989335373, -0.2432977598015373, 2.7378491889510648, -3.9539376708590237, 0.22401683029039715, 2.7406253383441985, 1.24665062508535, -1.3441556454139196, -0.5578902938949971, 4.1428582725943786, -0.7921194288024598, 4.380172537629183, 3.4956626855559745, -1.9125583830658566, -0.7048334429586758, 1.421179329829958, -2.9182535298226338, 3.1440883689272487, -3.222310203336897, 0.4636505014978822, -0.9293126142217112, 0.12807735842291687, 2.6590591653529567, 1.789230219152926, -0.09948429345930868, -3.623634826711841, 0.9675084066407471, -3.1865137518077784, 1.2019416587841416, -1.914806548672533, -0.5744491543596757, 0.02431671583785766, 0.0378861838206382, 0.8528168084950773, -0.1857762002711567, 1.4804317850500557, 0.33012282406454485, 0.36145264707923386, -1.5927439790203772, -1.6862187069136265, 0.5940961434424368, -1.594727217239752]",0.72
5,"[-0.6471129947158607, 1.0092112065847791, 2.9557020185749407, 2.690583646098638, -2.1775586975450576, 3.849901120477494, 3.087036081667952, -4.76226640457657, 0.39525464626731655, -1.3370777391767068, -4.084957925405944, -0.13364063344400173, -3.227214218951395, 1.1296066846127382, 3.34689200159919, 0.5895185777997185, -0.6235968956248523, -1.7651558140652677, 2.25363656954657, 2.466670301887637, -0.47083384904501546, -3.166585233525047, 2.1498345485179975, 0.37534594552275113, 0.6321080136318229, -2.544337894126924, 0.10521869999665139, 0.6234403671255544, 1.2655107170198088, -0.14570316236306113, -1.7628011661024925, 4.200498014851299, -3.4135189777217394, 4.38418812761848, 1.1163690339941597, -1.9253046878275923, 0.09996086612002397, 0.013478517783661603, -2.9078158876607927, 2.3985351176615763, -3.5932091787475233, -0.6880390392135752, -1.6369357255814148, 0.32870748049711807, 2.335000993581218, 2.6958137306570595, 0.23885290552236307, -2.506879294812329, 1.8052541204612629, -3.107488560109993, -0.39744315057202984, -3.147274277668653, -0.24144728430396745, 0.6613491734350809, -0.5031207055667605, 0.9500636353767067, -0.0453807445482195, 2.2394562080432734, -2.719536241131367, 1.7282650542983926, -2.218496560447022, 0.11466152792206591, 0.970361516856843, -2.2383483671551927]",0.72
5,"[-2.793550604120922, 1.1109597427878013, 1.2087329062593295, 3.57040443875097, -3.136449183075549, 4.063013742270008, 0.7282663869378238, -4.281154396854608, 1.6151509229258858, -1.2830798952404208, -3.801494226903052, 1.4245135533149251, -3.2573754271765223, 0.28264353963600897, 3.279336948393046, 2.4207656280443057, -0.8082974887997436, -3.178710732164843, 0.8496610694045298, 2.997344531779874, 0.687128263278733, -1.8730204256251517, 0.606843901611126, 1.4519734995433526, 3.432605706803276, -2.665453144620691, 0.10771979042042926, 2.094744649244201, 0.6413528829497918, -1.4601806036469536, -1.0733817153008747, 3.1431508826033547, -3.2369072713698532, 3.090900649374551, 2.5616598380308013, -1.6545155600045756, -0.7940130334474998, 0.3307128351259999, -2.923730628644696, 2.4712576240195245, -3.6763156413008566, -0.08146070389561155, 0.3001208817907103, 0.36205517924677294, 3.6088999916360707, 2.6575246264299874, 0.09039551465582857, -3.6485609098762226, 1.6735589938793598, -3.4105331236935585, -2.1176301784892173, -1.917986986152478, 1.6599496300178953, 1.4184436973154722, -0.14450128704932297, 1.091541698937958, -1.058946611442565, 2.0088128461043775, 0.26370250824790276, 1.307710728305558, -2.6013875595565925, 0.5902656385143819, 1.0330685913688307, -1.2404331855993056]",0.72
5,"[-0.9445650574017562, -0.7159568560571945, 0.7029354033733555, 3.2651053726387755, -3.4072775359953975, 3.8527404196019033, 2.3097248544916806, -4.661088140814446, 2.1838942575092366, -1.4088421917810563, -2.4225610873172143, -0.5441228907894926, -4.016927274544515, 1.7008254696271337, 3.3866484755779727, 1.7973317424030568, -0.8361834010998793, -2.3511034794044012, 0.9700234948429922, 2.550675788802024, 1.8160303894315366, -3.221432031831109, 1.4760992922029932, 0.6912963448369319, 3.1897317107526155, -3.5637031333770075, 0.23009263723952078, 2.685680811684061, -0.06276035601302449, -2.529224216310703, -1.3688961340635764, 2.655281251264938, -3.1492160866330647, 3.6678090419645644, 2.161458384417658, -2.415005349072321, -0.49291772209665574, 0.4592768956801359, -2.9460108160729006, 3.9580022835757784, -4.09112579116507, -0.04391906139775015, 0.1051207494045327, -0.5073473505588448, 3.3165991087037865, 2.664630517540375, -1.4473844329066259, -3.46174903108487, 1.7611939554163003, -3.629484399099297, -0.749105168379053, -2.8633889273499955, -0.5105170922828717, 1.800440476200358, -0.38468007690738315, 0.1527173778318739, -0.8536997123773739, 1.6657382965513725, -1.431904685389479, -0.6375996480792662, -2.5969132098417864, -0.7431402632870692, 0.003176155280533166, -1.469399436949709]",0.72
5,"[-1.5426278380410037, 0.6802399707421111, 1.3155412870437553, 3.33810879238824, -3.400641827797075, 3.964688105311796, 1.5182944613488558, -5.057381119038379, 0.602976802693342, -2.3618979085595857, -3.9363262734390863, -0.34662383951636616, -4.118537297321487, 2.7175260415543336, 3.026722092995057, 0.2478141025123296, -0.9091124400214463, -2.3237563564602723, 0.8201132813722076, 3.398107608248721, 2.8938235538243715, -2.871309381436454, 2.0350888395310136, -0.03547743833979139, 2.738547428862313, -2.566590318936517, 0.1976650527916307, 2.9019185836686683, 0.495877667857283, -1.6902383981773863, -1.2799664454421387, 4.046732836566546, -3.220793763881395, 3.9269554127295363, 2.5621416874065357, -1.6216200395839533, -1.2577570019214006, 0.3818438483531225, -2.9591677356921733, 3.791767518542492, -4.226008416442825, -0.7896850380607825, 0.975739695397379, 0.42113152616889854, 4.102536358973902, 1.7814629983748562, -1.215172846402074, -3.4567630349162393, 2.6262035774800676, -3.682075941175819, -1.4385548684600802, -1.8894145028784792, 1.1762218708299512, 1.225459520792836, -0.2633058440279312, 0.7027840814404132, -1.0916394249632089, 1.937145030616949, -0.6061436660409615, -0.6831903321498037, -2.4965269985323877, 0.4782135057894732, 2.475696807029281, -2.5113544832027466]",0.72
5,"[-1.5671818520589555, 0.810362374800885, 2.3442577966915685, 2.9307659454674475, -2.7608230242126606, 3.3455883839675145, 2.1789215283713848, -4.3689631155030355, 1.6384451241602642, -2.3965685537832724, -2.715226408113398, -0.16110725708458046, -4.026137046622492, 1.1925434277299394, 2.9751860174289058, 0.5182254459798962, -0.9051460225064634, -2.5909799375927314, 0.7848250937702158, 3.413327002952062, -0.48622953655551315, -1.9898793962715682, 0.6631321650340494, -0.13681342102618452, 2.6672490588899325, -3.78197233331298, 0.158502419552393, 2.3389679991158125, 0.1913797671412305, -2.760770507564735, 0.8013355663813957, 4.187845548715579, -3.1854644997728334, 3.454241168662565, 2.4761402219569417, -2.081831478693898, -1.734695812312287, -0.4701007072066038, -2.6661081626071153, 2.2801657531463304, -3.5514728457775386, -0.1491626422367417, 0.018083276925170644, 0.9593940218268094, 3.597163096832593, 0.37560268077346315, -0.10095300981011746, -3.2516682862930377, 1.4454668383364175, -3.296644764561981, -2.149235172029909, -2.510989501918402, -1.7020414046081438, 1.026798956933837, 0.623085314198231, -0.033377138897378145, -1.0260659499464657, 1.993809097473939, 0.23814188268427827, 0.9028013389065551, -2.4603024435574814, -0.3269846012188836, -0.08128500702670172, -2.185653533691639]",0.72
5,"[-1.3626320970083081, 0.5080366202155129, 2.1777989724641356, 2.745734355192814, -3.390815074231683, 2.52116639731127, 1.7305456093212122, -3.5191744990380815, 2.172207188147534, -1.6289126398985152, -2.29392366764243, -0.9400112956106006, -3.5426112098287397, 1.668699553609531, 2.2755744360855936, 0.8639797606818695, -0.9869562794573783, -2.0397539948345784, 2.2832409916315877, 3.4451869253057645, 0.8538770731732627, -3.1147294591462753, 2.2314950350657163, -0.17076261500197645, 2.1838253374834804, -3.957101019078995, 0.21465606256595662, 1.2121458516519992, 1.6707764151226472, -3.3276463431720584, -1.288842478103552, 4.217126889051326, -3.0680121135209872, 3.134195061026982, 1.9903896343135958, -2.9809636146319303, -2.0779876379803284, 1.2088054809897417, -2.275477553123248, 3.725602199551762, -3.7380310062791704, 0.5983243634781146, -0.48450044210503507, 0.3853106141927219, 4.1405272150280235, 3.0173827673924865, -1.4629589952104103, -3.646999844450821, 2.581226297900585, -2.9931724430392004, -1.3347906930746998, -0.5893680770624163, 0.22008442501869463, 1.4453487438160433, -0.165209019236537, -0.6291579488000174, -1.9463512763484567, 2.0945254110590596, -0.012797531328252232, -1.0069866813170856, -2.1884198714272394, -0.9063189421756273, -0.032182716992324334, -2.540195093289619]",0.72
5,"[-0.05938354678197544, 0.2359207443482354, 1.1774278425607856, 3.638842587972095, -2.862509511293781, 4.10939606423558, 1.8577609736596599, -4.021316022838016, 0.1592768016323065, -1.5475961779542444, -2.600026553536786, -0.27694366136130544, -3.8954467912496424, 3.3490421116292466, 2.7928701680636556, 0.8618799841526971, -0.9122057471452487, -2.407201090354133, 1.8043064713554506, 3.3299323951981514, 1.7487189224471518, -2.6551109549425616, 2.4802518595169936, -0.48577355554538965, 3.5316948701493343, -3.8782424618471905, 0.23977770422402409, 2.35340684282771, 0.27694343449489267, -2.6564556002757307, -1.8540571462863598, 4.237496806633686, -2.5717495573133764, 2.966047188548715, 0.8723764490693533, -2.5119167268841176, -2.27761793580092, 0.19159029472209166, -2.7404666932775323, 3.247193146639138, -3.388272785281477, 0.7419054423225302, -0.5502796674095884, -0.48608985580081976, 4.091378485340773, 2.937503173247416, -0.5124366197705017, -3.521799052512021, 1.5436504911529076, -3.5069635436598245, -1.4220114183357329, -2.5689595040339905, -0.789477915612211, 0.4121033477580762, 0.46825616748674914, -0.18035756653758006, -0.1897534676164745, 2.0653110522064315, -0.9858697747102272, 0.22493582744606208, -2.790668204571619, 1.1662081728949851, 1.4997090849616086, -1.0293345673489895]",0.72
5,"[-1.9958494523375099, 1.6244929639298993, 1.8492485646447572, 2.3352499028629357, -2.7773890800534717, 3.695227835315205, 1.9240539070312992, -4.891806481335283, 1.8030580636978746, -3.321378714677299, -1.3062440872605625, -0.5206080440444701, -4.114059498595759, 1.6415568253505777, 3.376198377367216, 0.7538268895596717, -0.8721440893254602, -3.0118412977118183, 1.6123660091620877, 2.385025578279683, 0.6551929654822798, -3.288977011227999, 2.3722268905472146, 1.0998460443909626, 3.0003512951481968, -3.8776308946947347, 0.08246900060837346, 2.9825165928011774, -0.5069620430306458, -2.280940582113726, -1.1767608490780272, 4.230781934927629, -3.2637215345381194, 3.5598627836501913, 3.032727281601186, -2.887559724000067, -1.3325139908199473, 0.18505589230975017, -2.5848258564923903, 3.17759627405053, -3.395981661779917, 0.1376874462710646, 0.4436261283832252, -1.0974719280317098, 3.696470828320538, 1.7510954691797087, -0.24327493643803064, -3.6470520969817657, 1.474815664559686, -2.647368930973682, -2.0223356558002212, -1.7441485293502097, -0.05503326615417037, 1.567265532831196, -0.7833974374582862, 0.07514403678512327, -2.343468322706908, 1.8240460332897002, -1.5289356385567452, 0.03449691578743183, -2.185806984626166, 1.173325979670811, -0.8914456302640623, -2.386310488287105]",0.72
5,"[-1.4436290250406971, 0.6799835974332242, 1.8290441247202778, 4.054345604684267, -2.9077743190711116, 3.3847581562081146, 3.488397725320935, -4.797880853986144, 1.8869243778410307, -2.5754341406040733, -3.7038364104662493, 0.4241253169607203, -4.084954343128976, 1.8877701590753646, 3.0229589326699013, 1.9532093791802358, -0.8290335166087306, -1.6922180343226572, 1.9254028255711872, 3.3076872986624153, 0.050852137827807065, -3.107271439339723, 1.1562860121745913, 0.4389053924108886, 2.58152343782714, -2.891594899883944, 0.16969591952320506, 3.0204906996126275, -0.8444384992394658, -2.7270153048461467, -0.8732804068560226, 4.112904861675079, -3.4169562842655554, 3.9010412659419624, 1.9488553429818272, -2.3820721302373835, -0.9066190704115695, 1.1162772246794415, -2.515633483340729, 3.7016504832115404, -3.148802805162701, 0.8652419731763917, -0.7821932382182977, 0.8123548239293802, 3.802326945157126, 2.997690345431867, 1.770139392021884, -2.823691430640414, 1.5485892563462405, -2.9525926620884166, -0.6969146463317843, -1.5796454528203447, 0.9528915758921496, 2.1443945043855877, 0.6535382843132548, 0.5651503067318201, -0.15716476727092688, 2.462451036176734, -0.22115945710552798, -0.07270169229525174, -1.8844729844431538, 0.7966227909259571, 0.45066220815803415, -2.670715935171494]",0.72
5,"[-2.2370427449627233, 0.6870997793787806, 2.579127725759206, 2.6156116706165955, -3.583764413912227, 4.103781681030107, 2.4853312006598003, -4.606758980510201, 1.6234200494057607, -2.4026459604386834, -2.6666283852088717, -0.5054831955435533, -3.592225156244534, 1.1459264790411603, 3.135666672863567, 0.6448216479894533, -0.9162429445984734, -2.019002594522706, 0.9232629499283062, 2.5855947790210028, 0.7772443881529036, -1.531803089278069, 2.0991931929578853, -0.1975083221325929, 3.4087602238779544, -3.317684037733791, 0.12186928053067436, 3.0281401157918717, 0.19317341093830415, -1.32805437848186, -0.146593014400779, 3.785438777446728, -2.0956275789323193, 3.070114340867351, 1.596844215720566, -2.6781571783522287, -1.0907332102153833, 0.4398846378529803, -2.953552837473126, 4.274239991425643, -3.512324530031602, 0.1264220727339081, 0.19828692709022405, 0.3646540394111285, 3.499335765247725, 2.8755347779397975, 0.3517752946927278, -3.6401150022915414, 1.723916104175409, -2.8313004616097106, -0.1769471967477576, -0.42521088505159677, 0.41309860607111976, 1.2336140298664793, -0.10097808586600696, 0.6122853083312148, -1.2233871812128982, 1.6362618363280792, -0.6995947272492311, 0.4657386446976437, -1.7692279795780954, -0.5187002905117681, 0.8752392381426888, -2.2039592596510946]",0.72
5,"[-0.47901018773266923, 2.067179687202128, 1.961103871723782, 3.6331106722892645, -3.0190606358987413, 3.65618456561917, 0.5757289667814718, -4.138611080326861, 1.8969241135938617, -1.8351336666379934, -2.7291824024755313, -0.661636137801339, -3.4637350855004305, 1.2072094973393181, 2.371185310905406, 1.6022983637671477, -0.7774445139670237, -2.541950670598318, 0.4608077372670215, 3.192929857868311, 0.44339420918358674, -2.842943863516464, 1.2730312099756975, -0.5836943576818756, 1.7568409501118962, -3.841923518512084, 0.21138797741368, 1.5939141790200888, 2.2171309975622226, -1.9890701984331352, -0.652586805868623, 3.9128326517760255, -3.4168878669001947, 3.5194832790191013, 3.2735346586836735, -1.773159879339906, 0.22489605341826335, 0.49613929798318956, -2.2885772296881735, 3.1390886657935866, -2.6613057693791236, -0.34754700148829054, -1.8090165074402367, -0.4183159678582071, 4.099854089964319, 2.870049020124852, 0.1652017092836669, -3.6036256637911817, 2.0004266096857153, -2.2595704278514295, -1.2975684309279116, -0.3628939131877933, -0.018020193627844905, 1.4795270297725251, -0.4455521344946175, -0.5806890168261953, -1.2236724161424826, 2.311757147710807, 0.05313562925860227, 0.7417782202529606, -1.0223008279681574, -0.8405727234437539, 0.9859427863371766, -2.5138011553484625]",0.72
5,"[-1.6578736782535732, -0.13979121831493035, 0.5294959398335135, 3.5430331275854186, -2.860957976680333, 3.139629838541498, 2.437218030906556, -3.7090424751193902, 1.2708531947735984, -1.7448970133477029, -4.271970986334383, -0.08371297944212763, -3.467339131418777, 1.0192176015540864, 3.8095913501033514, 1.8249475897927112, -0.8065243411269043, -1.2570128889425394, 0.524151237677057, 2.2827277034330713, 0.17251594071393128, -3.283147132685643, 1.440318463411267, -0.32616884079065395, 3.2784578717240973, -3.5733277680000946, 0.2517796347398112, 2.658304833746677, 0.16129143966793796, -2.2000470665501335, -1.367048074297717, 4.2077262261453425, -3.310189701738751, 4.2643414162129325, 3.2206117029810413, -1.8566479635654325, -2.056887972394458, 1.118500952126948, -2.604560107775459, 4.249966652503422, -3.476629405053063, 1.0376636285001601, -1.3307534903402272, -0.7751330296514849, 4.1427122152347415, 3.0430138217515954, 0.6689634294431137, -3.6214190328712537, 2.2342456213934354, -3.669563875861625, -1.085472770568527, -1.6723344363206145, 0.6454533703031542, 0.8105389115401733, 0.06727360642460745, -0.22294700726217245, -1.244083803088809, 1.2948515935090366, -1.8452838610720455, -0.18963701762271004, -2.603158943156858, 0.018035541905768837, 0.9318666318575775, 1.1759454320102032]",0.72
5,"[-1.9575891318382346, 1.437427324958448, 1.313726018634133, 2.816925917317171, -3.409070554695845, 4.130965089125744, 1.8207472646273504, -4.943778484144228, 0.5948192473247206, -3.0939503012371032, -2.5549491699554543, 0.5039297353421565, -3.854940169005758, 2.9101885358733313, 3.803898954580844, 1.7467295852746174, -0.11670755015100076, -1.4708199532992017, 1.1661543758512514, 3.136299571967367, 0.750721583138273, -1.6174584981687747, 2.2632509003869776, 1.529522009164164, 2.3616233395258175, -3.816256075037817, 0.04756576306756727, 1.3166106344276234, 0.8413758102810642, -2.771086492984337, -0.785997393137378, 3.219473351695918, -2.8932511164780323, 3.51981873235898, 1.1860120901991544, -2.169925635927979, -0.804212622309155, -0.341639403253016, -1.9867814905199142, 3.0066181307961353, -3.21036766305385, 1.5161658989359472, -1.0502590247126788, 0.24292393060597833, 3.560696437985066, 1.6032360653458193, -0.0267396050972782, -3.6487330852390794, 0.978514817217998, -2.601160385302903, -1.944514030190983, -3.0013419930823737, 0.4603607310506652, 1.7897339595262383, 0.12122874579192594, -0.3270379887946179, -1.5120424442637312, 1.687063509513356, -1.028054662945702, -0.7870845275529145, -1.8248715066502093, -0.4435205683847407, 1.161246325589147, -2.742327694046773]",0.72
5,"[-1.4315142867677917, 0.27269939970430324, 2.2342852334594507, 3.391433039603162, -3.575556928975593, 3.460300995235783, 2.256189620881923, -5.065765537832769, 2.1382034097263407, -2.3539759356053187, -2.745792161648235, 1.1451027892583985, -3.7302776538368265, 2.137283018010335, 3.313222374330227, 1.0715243666226246, -0.8079241571053816, -2.546677921721189, 0.8076590017652064, 3.2471741505016785, 1.6273083436556224, -2.718484694958778, 1.4368110174141622, 0.005524517987951089, 2.637326632360378, -2.1884684672606896, 0.08111218449798294, 2.7589903710907455, -0.051743661985861, -1.934238915780874, -0.6393536866223857, 3.093818372016953, -3.381679546713948, 4.293403998126585, 3.0557677424573564, -2.600095520527393, -0.7751886502864026, 1.0965968602473077, -2.1497885548388727, 2.7920501323571805, -4.260802881398251, 0.21083874887469137, -0.44613095555488796, 0.5494905770264437, 3.4599605079392513, 2.695754609766836, 0.23014174819063046, -3.2551114673991846, 0.471380024268933, -3.0695573417881308, -1.0882297093373852, -0.9674606969165359, 0.08484644696284988, 1.4273971899332254, -0.13409942419442858, 0.06421203969976991, -2.567821367580284, 2.5658981768074964, -1.0171485872377717, -0.697385886081203, -2.242760487103579, 0.8663510724869503, 0.7065341303050081, -1.9581346073989339]",0.72
5,"[-1.7251804093830863, 1.0377723919875308, 0.40597228963201704, 4.269469118655098, -3.4790901632623297, 4.083660409904798, 3.013421642854685, -4.963527395761509, 0.7638918362200462, -2.246820264382289, -3.7078154760132893, -0.5628139579115135, -4.070458097021133, 2.3916707987716603, 3.625430500916443, 0.7669907857587162, -0.8278830209216557, -1.0910589130709822, 1.1117586778735113, 2.3547996145542323, 0.55804981024269, -2.783273394803273, 1.5006962504112245, -0.34512553233419274, 3.499763379981122, -3.3153768972999345, 0.05226057263279332, 1.0501028276816748, 0.009030017773948795, -3.149403422525026, -2.042244801879903, 4.223959767195931, -3.053113489790661, 4.375729299929489, 2.6675812481961705, -2.4197889589456887, -2.105980770167797, 0.07100944328959735, -2.575741694805415, 3.0028632140008353, -2.506030929999908, 0.08261897082654879, 0.38767406605860794, 0.2777497506309808, 4.01962017628053, 2.603702282681138, 0.1555405184607137, -3.4436511162451793, 1.3572569080746482, -3.155986369041983, -2.7747179512454254, -0.16916346325432818, 0.10590704908803134, 2.0658456868987716, -0.1230699548804004, -0.04394811224077677, -1.6843062243392062, 2.598313546195482, -1.5519431328261706, 0.46063641705021624, -1.7629957334168687, -0.5144325677559913, 1.340502422457441, -2.301978317364143]",0.72
5,"[-1.180149193410233, 0.933559459654873, 0.828753412143904, 3.193662265914928, -3.575532700179283, 3.2201306689769233, 2.5304755097310894, -5.011580509713078, 1.7518327038533639, -3.2754233766728884, -3.0818024459111966, -0.8085400339803058, -4.108115333482518, 3.0734913978992364, 3.5813455385818336, 2.2449359006402725, -0.7397432546832597, -2.1498149289372717, 1.4623178737182496, 3.408860775659319, 0.24685591187692335, -3.2883427186008505, 0.5785978170230732, 0.5359677231870181, 2.810743600913743, -3.8312222675463463, 0.0706501482578214, 1.2846606806842218, 0.891131800431179, -3.0645764740850283, -1.2439183659115587, 2.8837309371557316, -3.2464146662794793, 3.1732639846005766, 1.857350182697409, -2.0020721748369334, -1.1336668365188962, -0.06809236394874602, -2.7512843113592163, 3.106918768404186, -2.914774979349992, 0.7114462469398777, -0.022910576277126005, 0.2827993330082183, 3.4933403460611516, 1.8556884685095267, -0.6209517117075242, -3.5674706933891174, 1.7995238151728863, -2.860692427445361, -1.0619239268671026, -0.5918048969818384, -0.43032833410379956, 1.635322599443274, -0.3169969282182311, -0.35048975914156627, -2.0619752917856826, 1.7415044782814664, -0.7611958255515062, 0.42546610158678877, -1.9620394406807264, 1.781170020962476, 0.5709833755003697, -1.5751101042562088]",0.72
5,"[-0.5969262277499385, 1.6704561042236525, 1.2417734875430755, 3.513741970973145, -3.1310235403009212, 4.118746198819751, 2.122979177651641, -4.199556968462764, 2.1235103404899007, -2.6158887839529372, -3.593522255901216, -0.8372195237892376, -3.889129909161234, 1.8421078205889465, 3.4061320479707327, 0.5178433001998213, -0.7559911032757606, -2.8373479050823125, 2.329921042453864, 3.3011872903353847, 0.8186090383603366, -2.035225055386169, 2.3181707802648948, 0.535080153567085, 3.2545207132142857, -3.906939469176125, 0.03333318229403978, 2.8289535077162227, 1.1512968903172487, -1.9673150337003533, -1.9026445425987408, 4.106768956090897, -3.2908657012618403, 4.35579817106911, 0.3478651645663342, -3.072427391507779, -1.0701729501625419, 1.2131952554773804, -2.430420350207187, 3.091031482830586, -3.2732356597745182, 0.9850193438468557, -0.6731809610086799, 0.606220030483147, 3.895844679868146, 2.647889304455023, -0.8156458310137522, -3.054962890904119, 2.073936931316971, -3.711458305999724, -1.1206234860114666, -1.4775305114108468, -0.5761657208782309, 1.541936936528128, 0.09703893927192914, -0.8300099654986284, -2.8594000580634265, 1.7536141845432376, -0.952191410266662, -0.40066275916418187, -2.72580126059933, 0.6575447316675349, 0.3910711333498609, -2.60459924146442]",0.72
5,"[-1.23480925921519, 1.021364881769459, 0.2087450781397071, 3.533546145860032, -3.4325600861260854, 3.5137932142853394, 1.6889913212448409, -3.7404250686738134, 0.8224802672571858, -3.285497771819731, -2.7348306869360908, -1.0435750469186278, -4.081630385752309, 1.9633114352773267, 2.3649810047941044, 1.0470519735969974, -0.9337840329915451, -1.5828657263046808, 1.9553393450530225, 1.9722865953275457, 1.0687053126470432, -3.2891398234057854, 1.8106181905658285, 1.2298981788205807, 3.7032975467928497, -3.4666998809787763, 0.1134967977563891, 1.3985824261215853, 0.6527212534225622, -1.5506681823672006, 0.6339399609925951, 3.6689112977862677, -3.316417682905815, 4.347599385763482, 0.24477463946083122, -1.509950676456663, -2.7995456391239157, 1.7239592173177898, -2.887524773262767, 3.7924037834147404, -3.004212253461971, 0.49892802827276944, -0.14908162324043883, 0.6342412157111901, 3.912335254901327, 2.1747976451618944, 0.08273727797548303, -3.5399438741797375, 2.558006970368473, -3.406199941203665, 0.8687971256732401, -0.6583981380059231, 0.1813127579389786, 1.292743663137006, -0.5522324932361429, 0.397241836062207, -1.6350558993178335, 0.8470109986568501, -2.541867254874703, -0.2305892411765944, -2.1092306091339155, -0.5676834893855423, 0.6599912165093377, -1.1001729699112546]",0.72
5,"[-1.179236950469691, -0.016144659073877632, 1.3811410880543848, 2.994656434131041, -2.9851657427925913, 3.13952294999316, 0.23387477537516643, -4.221037801497043, 1.9098855494270248, -0.6646455083822793, -3.048810963922069, -0.22554166877452847, -3.1348321935275623, 0.4341695252500707, 2.5829291281436233, 0.5193036860766715, -0.8362470314584345, -2.0673528676831197, 1.8572376810409805, 2.6713101118526263, 0.23848845234272864, -2.9833977781466348, 3.27555899752616, 1.1301146848007604, 1.4448962290928282, -3.5737816560297966, 0.08734520581668356, 2.445387547427444, 0.18748743274684126, -2.9053088016046056, -1.8194243606883875, 3.1613584734865263, -3.0840470829341093, 4.2731653397237634, 2.1303499120726643, -3.2431148947395156, 0.09261906638621453, -0.2577465948574865, -2.843630685666149, 4.077412382903758, -3.096442169239651, 0.9702137655560756, 0.3973092723565025, 1.3832482098279986, 4.019038959012583, 3.0335864837071917, -0.8741410105296954, -3.504213657253836, 1.3081444361567347, -3.2515724126854986, -2.3143035750216283, -0.695920533064889, -0.12389243979113801, 0.9479710220817115, 0.02740412764531111, -0.15309048585317847, -0.5304797975122374, 1.7295621426793002, -1.2857421559878746, 0.6405528440387833, -3.1901411175905983, -0.27030273316088393, 0.6314097739937055, -2.2814369469878324]",0.72
5,"[-1.3857624707043228, 2.5424207440727553, 0.991146163427396, 3.310299395694508, -3.194442724245831, 3.457494825964531, 0.7439813384184475, -4.702039422818254, 1.5662350849210234, -2.8051376110170025, -3.693646282633545, -0.5382353188861793, -3.855411908942209, 1.1899865150690572, 3.774933581597992, 0.7038804713004974, -0.9413715006161423, -1.412872349556842, 0.9883826702401632, 3.168042684154372, 2.1638257750703147, -1.6605106080641452, 1.7458298939082453, -0.6773198110856058, 2.7181125533647728, -2.5083202062403496, 0.24567030654701408, 3.4012386875294607, -0.2347577332912676, -1.889192478676132, -0.6302385617305035, 3.1117502293576575, -3.351524404497977, 3.4090125650942653, 1.8580571473188117, -1.1279416261401023, -0.6826648439062926, 0.6517479625996367, -2.033864413581048, 3.7425660244491707, -4.19267987994161, -0.4408648735531778, -0.5109761180354067, 0.41018476960653183, 3.7620117462002653, 1.7997063939903317, -0.44615403543425936, -3.6131543723639687, 2.60801114638562, -2.83018257674268, -1.747644604775369, -1.0796536080215517, -1.2560294951151623, 1.4794618434999856, 0.03108955260076106, -1.327855784070353, -1.0138634983455217, 2.093404727804788, -1.7187751224767414, -0.7124992481160122, -1.4944584824379317, -0.9633839240664118, 0.48307650663781715, -0.8696837058333375]",0.72
5,"[-1.912133160896801, 0.8405053843825615, 1.2801524011372398, 2.4384976096347017, -2.5288162148912323, 2.345535650818994, 0.8153556704518451, -3.404401865510988, 0.3206197754797441, -1.5712520856674435, -3.2326723734833527, -1.5017573535224833, -3.425729530922546, 1.6457255974511167, 3.8062172020854392, -0.24547291801484739, -0.9418125860385107, -3.138568314165413, 1.6329149477399394, 3.194094440442487, 1.474218132860447, -2.7024948123133634, 1.9731323155487384, -0.1483230888696664, 3.7284473161111458, -3.707715152961889, 0.24096997563289246, 2.4342843091372575, 0.6924644057836921, -1.7133074454680104, -1.361327811395952, 3.2459936654769983, -2.6228329220726456, 4.3850712021030915, 0.987206054579626, -2.2827072881679786, -1.0676550778410787, 0.9699254135814546, -2.469961534899441, 3.837366789219877, -2.8550141795577963, 1.588573331399426, -0.44999942011295757, 0.11362071237761126, 4.127016655018822, 3.045490404409831, 0.6198510569980294, -3.497683413756758, 2.3586820606971863, -2.020998789959288, 0.603232102772324, -1.7506104904388387, 0.1352216020446954, -0.017886912815909817, 0.019607359270472635, -0.55399882852413, 0.2642590101973954, 1.498008021405438, -1.9123872098831376, -0.4595145639845062, -2.490956336756541, -0.9063979241764729, 0.6737178399732939, -1.6153625065094883]",0.72
5,"[0.4788764183656329, 1.330965011553856, 1.748874498003778, 3.5728797646967085, -3.5098767675335667, 2.4629075875821624, 0.3643788006862514, -3.479813568871729, 1.965702098529159, -2.4133953569608115, -4.078510640628699, -0.5493289260897259, -4.122725808771989, 2.1603347479985935, 3.2564959971607816, 0.8073090540625896, -0.9782296059970419, -1.5023992447655243, 1.1954227042064276, 3.4132686752447534, 0.28066566661057357, -2.485901594183977, 1.3533537072276332, 1.5149011066376916, 2.2746586978263905, -3.606796340742764, 0.30494211362291823, 2.3681822368321197, 0.6213055748518787, -1.2944743352773127, 0.2081413239831602, 4.1016172291618656, -3.413499136431466, 4.409796720195794, 0.7669735979527397, -1.4845870457226495, -1.4134434837871428, 0.8744769772399185, -2.6840550750393266, 4.3012827479802285, -3.6903961820794193, 0.6452477134402904, -0.4601354345652696, 1.7303795449187875, 3.6969666524623777, 2.527119908139399, 0.3803992174587964, -3.3776701608913386, 1.4886757782965239, -3.6998405490194726, -2.3035805637271176, -1.7769327161615531, -0.051642587280671004, 1.7358441270895275, -0.5720616172409727, 1.2128546466322414, -1.3774443617495293, 2.263167564849111, -1.4557314821068759, -0.11338243414681018, -2.1052563939850857, -0.8542724801348487, -0.8430236114454082, -2.1684882184783225]",0.72
5,"[-2.244972663903982, 0.8022564592053585, 1.1234740536707912, 3.9838824265210695, -3.47328235463381, 3.658513492136416, 1.3950394374287733, -4.160281532986359, 1.1996953351467872, -2.1314373124997847, -3.243493230935584, -0.0043108697996171175, -4.118414252204064, 1.9179388479989976, 3.3423263652468234, 1.0027838795884672, -0.8999738765813622, -0.9646996085733321, 1.8135509980358506, 2.7785516997889785, 2.1666668289638635, -2.415929012664579, 2.350475940747562, 1.212991732089228, 1.640215276418389, -2.6558466113383186, 0.24724268396824067, 3.6257789556065463, 0.4090726769695239, -1.1418406368744742, -0.7513443182298599, 3.665423639976499, -3.3750186590161397, 3.8150953480628886, 2.303263652095215, -2.385929778251224, -0.48333601475955756, 1.4958882700226313, -2.946696539186378, 3.2375694036497396, -3.4132771284895433, 0.6937977489955457, -1.2759861845582439, 0.5151132309633482, 3.2657182237849365, 2.5738706801407947, 1.5961418481117318, -3.539992843746426, 2.40021970961757, -2.984707567151438, -0.530765025928992, -2.41599508729868, -0.7389654293128862, 1.5420030545030976, 1.0741990135184314, 1.9936280670386008, -0.01140760343592584, 1.4454081983715108, -1.7872324951606215, 0.7789335111947078, -2.1121454433835227, -0.07266698005306102, 0.3027727817296707, -1.3176458256041954]",0.72
5,"[-1.5512083538064116, 0.622557678566898, 0.9976957953282546, 2.7515025722793274, -3.536815040417045, 4.136499186292041, 2.0130209023288286, -3.0896173145038524, 0.2616603466183207, -2.101172582133179, -3.75813992709162, -1.4348278748439405, -3.069636055835333, 1.1375737234089376, 3.6290649906426253, 1.9523181101379308, -0.7943275006024483, -1.8279261467435388, 1.8832937069397038, 3.4002145910293122, 0.9538755609312559, -2.564076025837657, 2.3040340500968983, 0.2509917813002356, 1.678169648504102, -3.854791620598716, 0.14144917861606535, 1.7149619330871249, 1.5867674557598876, -1.9618352823881047, -0.5302690699118732, 3.9959338592870806, -3.1139889877491935, 3.4999920243616858, 2.3908416521156086, -2.609748831570047, -1.7296831647297026, 1.765864513345984, -1.6664251855660621, 3.0859696226667293, -2.5438574438067003, 0.6033920230133931, 0.6386224581205254, 1.218606416641673, 3.632562847086489, 3.0313194876106704, 1.0085224989115178, -3.2457436950768312, 1.8266309531779066, -3.676729770953393, 0.014739235409360063, -0.9141416448076229, 0.3214122163915418, 1.6677549278682904, -1.2207435482367193, 1.5941477326352032, -2.166478365472766, 1.3860346033234776, -2.128110701056605, 1.142150345510712, -2.2085640999102463, -0.22747479375388607, 1.3499451615163616, -1.4524333782392036]",0.72
5,"[-1.3510279841564659, 1.188851621629362, 2.482038120375762, 3.5217172716152603, -2.9439711008204097, 3.6765129906648433, 0.39884888269152885, -4.281784147082907, 1.2643614181944263, -2.598062392633127, -3.381810364556456, 0.10878087280633178, -3.821446303798825, 0.29611716147153366, 1.4003483968678994, 0.385556278892214, -0.8585375099020286, -1.8954028207643507, 1.347303916428165, 3.2502523445888305, 0.3200195743325509, -3.28692305374432, 2.5383587896617863, 0.035622459196862105, 3.627220123627253, -3.929230123647686, 0.21319604383292373, 2.512309183307959, 1.0340325280901537, -2.9501185100540352, 0.19358166309208535, 4.219326348259358, -2.466554421131029, 2.072654413130177, 1.643022026789738, -1.8622685307315991, -0.8341414094250817, 0.27058288855802703, -2.8762822578836302, 2.5741250099947726, -3.428682838636424, 0.9259342060630007, -0.2506844954849647, 0.3657877228236198, 3.501250236059185, 2.961287524431721, -1.0261666648698233, -3.60096787889838, 2.3601074746329282, -3.715455541602176, -1.5441940867867767, -1.8412979507574105, 0.17844085235402324, 0.24656755043447975, -0.2221949023551375, 0.5423273663823107, -0.8844201144988602, 2.056857307611759, -1.18937097656051, 0.725806589518704, -2.927597999156351, 0.1974655123460485, 1.717552050326003, -0.453164527478765]",0.72
5,"[-1.4697232998300078, 1.0370355424277276, 0.2784937606094875, 2.5620398075894264, -3.548793582435715, 2.5958981388554103, 1.2945549183963092, -3.352190446781128, 0.1657465822501616, -2.883786145497169, -1.8716888251553387, -0.25750701567224277, -4.102045989787429, 1.440852602292616, 2.2942403539850273, 1.7934014238126887, -0.7268961504981853, -2.275595484067384, 1.9836288856191033, 2.9396864104999496, 2.031252378348342, -1.5662038556369609, 2.2437122685175255, -0.040222606280492235, 3.7418900880113966, -3.790491960798682, 0.19387772516877247, 2.421158233693238, 0.4010368925536109, -1.7640675978887228, -0.015989412683608983, 3.199811234581778, -1.4240858589289154, 4.383801370509604, 2.649543736675064, -1.4814737854360487, -0.9496863015507985, 1.5387787133728958, -2.9370308751661898, 4.2684416218016175, -4.1828247354723045, -0.5872304651230787, -0.8528230231182782, 1.0486761634894668, 3.2058640372971245, 2.9218071352149195, -0.5799840629692741, -3.5924606797952476, 0.8361508486193263, -2.7833649048305977, -1.2588501785536705, -1.2039848032146825, -0.8411130587304676, 0.3806561987360725, 2.516514312374873, 0.8642476166397669, 0.5401550266414736, 1.7961452590488352, -2.421365372745062, 1.0445574890184957, -2.1647665014635105, 0.7535757496376416, 0.9668670121113252, -2.0032743661315684]",0.72
5,"[0.32114917959930733, 0.20866394665293464, 1.295080886877508, 2.714615697598971, -3.5807214185502345, 2.9306011246574037, 1.2920118108787673, -3.114381351460577, 1.5604900290238348, -2.312012703005749, -1.5158032541396216, 0.4797523236051995, -4.082210472031604, 0.871516177076887, 3.7641745778137605, -0.07404672287855218, -1.0802120653882692, -2.5271122473818672, 0.7870578191272471, 3.124481796898574, 1.2815880219420566, -2.8253025484911287, 3.3163834210628447, 0.7828732889522202, 1.575745388679619, -3.8395855544920146, 0.2342105794713618, 2.91430395107841, 0.3069569583116284, -1.4647958244342751, -1.4120382720762659, 4.233123302674316, -2.242235307800585, 3.8301050261316134, 1.6428726586939404, -1.2288061690464693, -2.7051395262667204, 1.974175765752542, -2.955379535370271, 2.5313696499186227, -3.961365755974794, 1.472553222495805, -0.5621137021705583, 0.5412114317899362, 3.773455253782356, 1.5460924317256233, -0.04900585724240977, -3.638036949708245, 2.6163075377950857, -2.9678097374650467, -1.0893844923904343, 0.22747269221026745, -0.31245579071728447, 1.2725190274457898, 0.03993688814591784, 0.852375116747369, -1.9687460966471768, -0.23812609638234572, -1.5949101039371187, -0.5216089838842177, -1.9259467269695099, -1.436163965209904, 0.2140488978907093, -0.7955184440014283]",0.72
5,"[-1.0942632582447145, 1.1588193560425675, 1.7013508401195603, 4.086253957252067, -3.4589996536920906, 3.2846605758972327, 0.653521435190497, -3.1926143853299003, 1.2227109236974738, -1.6348208371589585, -2.9205409798586146, 0.23097258454324066, -3.8023669444093535, 3.096522811602645, 3.813724518215811, 0.41168215652865126, -0.8603221157400279, -3.3599246716767173, -0.17423376484276143, 3.21886378851226, 1.5759761055910975, -3.217604855353561, 2.0153181858561298, -0.5313869530650339, 2.84411003567809, -3.0517913336177425, 0.2607747211723119, 1.9514821410489593, 1.409729328629074, -0.2821266810714438, -1.424316423028678, 3.588689856303367, -2.182206968185049, 4.420005120273666, 2.778033014479959, -2.138680320206259, -1.2373191230875882, 1.5523879056278036, -2.474262636723485, 3.705063011011152, -3.953161126424746, 1.3042824945306064, -0.403340538308167, 0.756615594408806, 4.066442933374219, 1.9016692402187785, 0.6025103668666364, -3.4511849756166306, 1.824592326962077, -3.418695176772812, -0.9089410080552843, -0.41497219373955296, 0.554666520919849, 1.1509929906172802, 0.6519142636282969, 1.7395810308806965, -0.2399392792963969, 0.41558514481884434, -1.7929348079165688, 0.13780977830824698, -3.0386148925916676, 0.10087974190385976, -0.266652815486232, -2.1635963702637535]",0.72
5,"[-0.5081339717747994, 1.484159254139033, 2.253420470379613, 2.61518798133896, -3.5292990761383587, 4.125021903413326, 1.9741085333091957, -4.309997591671628, 0.7194021745202399, -1.7699677581084576, -2.5764125097998276, 0.037565304363489996, -3.9913330683322084, 0.9494553189468421, 3.8103971100116745, 1.8904642037669745, -1.0122191256537465, -2.4535241937461834, 1.1118977645935777, 2.616883914338138, 2.067170138497425, -2.02414582521892, 1.9831984871411896, 1.1214015222910192, 2.0562539393615693, -2.671322377475402, 0.22509830728561842, 1.1334819876756015, 0.3542371678728191, -0.7636296539812972, -0.43095403419165584, 3.7050401214828326, -2.690730478654385, 3.0929181345535066, 2.0653431491205545, -2.0690431333959936, -1.8088334228912584, 1.5198937137064283, -2.732982289143347, 3.7044185288656726, -3.0890235620209907, 0.1734454939382303, -0.08563048467213019, 0.4426440418897222, 4.134451088367819, 2.7982971889924118, 0.23982308084539247, -3.0492519656857224, 2.1670614832245034, -1.8389588647044266, -0.9571446424502332, -0.8873645327800391, 1.0837593377505443, 1.1078304297328998, -0.3762055088033317, 0.7292310320693526, -1.5554688171771904, 2.0224549716913782, -1.4620638592094555, 0.37520380734567854, -1.8647231053212605, -0.12583363291593241, 0.6451752629338665, -1.2107445901561424]",0.72
5,"[-1.3299616117138515, 0.6761287104650439, 1.299784141824808, 3.805493577543062, -3.2145151061362442, 2.753514318510727, 2.50821652074265, -0.819876532410774, 1.8547909737068764, -0.5966325852752787, -2.168307523959926, -1.0009545198919807, -3.434622556447401, 0.10573184858716678, 3.2364463716721508, 0.37037274863533065, -0.9095465204009565, -2.341602419788044, 1.1283165909437307, 3.4429439133265274, 0.11000990365293206, -3.2692298472133423, 2.9552608442063666, -0.415574049921088, 3.1312171118500305, -2.6356959704196252, 0.12455494388293006, 2.91333876710548, 1.0254891141809959, -1.6828460979540045, -0.316751437118029, 4.064784556022997, -2.9799715038150225, 4.256536857015373, 1.3569795986684987, -0.9354724472028424, -1.5509522575578785, -0.023009599707008777, -2.716699278500262, 3.8580189286545616, -2.6792158789001155, 0.5399911622790364, -0.17342851416421207, 1.2205825913509005, 4.129860513388688, 2.2405362700308205, -0.13418979779144888, -3.623232552249333, 1.888324282265, -2.012883273971225, -0.6365104743491412, -0.7832895031668307, 0.5249894970487511, 2.369148498804792, 0.5134277104025432, 1.1339731404803892, -1.9939867377439584, 2.0886404052980896, -2.1780436483000423, 0.49104008893220724, -2.6498250365580316, 0.7950556658506245, 0.41856999771536363, -2.190479846773295]",0.72
5,"[-0.8443455119160022, 1.0086664469334805, 1.8820802938157533, 3.7578386519622073, -2.250443847626385, 3.0720618626960725, 1.7101996073034313, -3.7691638523596875, 1.2503923897421718, -1.1110517905234647, -4.133803924032643, -0.6463331133888893, -3.7634444396501916, 2.117242634292889, 3.7267761291422397, 1.9082784409743934, -0.9115535559460649, -3.701646985776709, 0.9100616788874986, 2.645543844474555, 1.2889535436443054, -1.4162997407873767, 2.4393283608010154, 1.2989830775561562, 1.8760331479454795, -3.9458607321363277, 0.26728213112211274, 3.8178964345096738, 0.7817394359908778, -1.1843359601393995, -2.088489976804069, 3.5070812402874343, -3.1639588163319896, 4.414032930747563, 1.434145655559274, -2.9504180823803043, -1.5143885511805129, 0.882726847515829, -2.6003034834581285, 2.779963658758512, -3.8746378241003976, 0.20933046858902105, -0.8026545775167507, -0.28920051173210914, 3.5568346563953077, 2.5066232787559164, 1.334350708570994, -3.647675778011828, 2.3619584975981893, -3.724118400763733, -1.4198121182898031, -2.089594319041975, 0.9490387700083697, 1.525245576461988, 0.23782357330599896, 1.8097518939018409, -1.5451271211411428, 1.6480966525332326, -0.4890794771639546, 0.28448641291307414, -2.8193547313851317, -0.9143872101590951, 0.9380643386276185, -1.8320524819415978]",0.72
5,"[-0.10191928411849127, 0.3209508347806853, 2.0827623619162225, 3.3530206278693258, -3.4926599594803736, 3.2090619249497405, 1.845783201785438, -3.7977832165388468, 1.580981109452876, -1.5762092772757348, -3.4456546576745923, 0.30637794474064894, -4.101595365325765, 0.7505834519839232, 3.2833402213317036, 1.481487674065562, -0.785316477401182, -3.244539133529251, 0.47659194003718963, 3.446761813798087, 1.978948459469023, -2.8862218123143917, 3.332204082619145, 0.2356986844595422, 2.5857365145622615, -3.649212804504011, 0.22679346985711354, 2.3307104842413544, 0.9402809282939271, -3.1221355590003332, -1.0198718307107588, 3.933054051236567, -1.615266311050715, 4.3367386775825665, 2.0863178942471783, -3.204700135432667, -0.26625928926021414, -0.06581476694325283, -2.7638180845801426, 3.006795421301247, -2.9020533133900104, 1.3297081245848634, 0.10426529719453459, 0.49018166903899923, 4.135652752998644, 3.0416601938657, 1.0482196454898791, -3.26726330667934, 2.5000091960004105, -3.123022057493034, -0.9825761067043587, -1.0137322205752204, 0.7804106680184542, 1.0543689244340175, -0.05271078210708108, 0.9111287231717047, -1.518162593590029, 0.6310837650803754, -2.7548570686444003, 0.32905063793689526, -3.100351573462038, 0.7297011124574195, 0.6604080972173336, -1.2185462071554392]",0.72
5,"[-0.33464207333584006, -0.17945571847084896, 1.125427614690338, 2.7903883738294795, -3.3069834491565215, 3.0558961679731347, 1.7026970798153733, -2.7870117116389705, 0.8776091874428946, -2.0506307146201332, -2.6909419129872987, -0.3922257837984271, -3.965404148819524, 0.6113871326781882, 2.5609365308339394, 2.1748011708168313, -0.37490091689112276, -1.9360259113256104, 2.0834392432817816, 3.4425886243496313, 0.5153464831829712, -1.6364758711989547, 2.536128546018054, 0.4242979285629166, 2.7106214149741565, -1.9857711618530745, 0.06950426690654177, 2.6531811056153987, 1.15808325152115, -3.019853347930495, -1.4318820887089014, 4.08331492469943, -2.7349297525926426, 3.2727420503406335, 2.384637300156289, -2.4876181512577347, -0.8438751252920448, 1.5414956393378034, -2.472155858535726, 3.105021089762686, -4.035423966127284, -0.1362734816390928, -0.6014278980114761, 0.6220913657783184, 4.137072833999535, 2.395734035109382, -0.12705832641641382, -3.2372296059659034, 1.873307767191527, -3.10409870790067, 0.013647646940708746, -1.2882913081494003, 0.700610861184757, 1.9916045327153327, -0.7055560892463357, 1.694069501001467, -1.3837435685547776, 1.1723519475232411, -1.3853467310508574, 0.5144836219548218, -2.3973749135599816, -0.6052489913260407, 2.007085400356555, -2.365946262188979]",0.72
5,"[-1.6392704139750387, 0.9334848089155898, 2.477427251457775, 3.641556975567926, -3.4741615586778143, 3.248201351978124, 2.0952494407882765, -4.932795360716302, 1.1207929056408577, -2.4474173968306516, -3.8575389339323998, -0.4087039977839171, -3.8982426860168076, -0.06314255000417845, 3.5862264140773563, 1.3318931884616605, -0.8741960240080504, -1.1978206489553387, 1.7514702063054477, 2.539938765164167, 1.3010582874631147, -1.3039229617435597, 2.404575297865239, 0.34230486740119603, 2.6361137257326943, -3.0019378455044845, 0.07524696790167859, 0.7153477689490626, 0.6984702456483702, -1.6168335307255952, -2.1208096764780606, 3.2960487112912906, -3.09077663583318, 4.007934077202929, 1.739789089134372, -0.7778731643192514, -1.9415869574545892, 0.8935988534406397, -2.152001499538639, 3.4149755669540993, -3.5070175873758926, 0.5374202042633198, 0.2061399323277815, 0.4921838421357731, 3.647095267739532, 3.046947847943938, 0.17345889146247978, -2.9243020245191484, 2.1765401889366394, -2.380339624523141, -2.1855069044972524, -2.446436364750232, 0.7519398746993371, 2.1843159293407473, -1.0126373858230713, 0.46169912141626157, -1.86060560426565, 1.0343881167926003, -0.5717615680282315, -0.5248940431892388, -2.0397455016449886, -0.18413994146909823, 0.12596951703693277, -2.0118769952225364]",0.72
5,"[-3.1202420613361515, -0.3573781937865871, 1.1511251850302169, 4.245452365797272, -3.549045898960842, 3.5841721871436474, 0.4816842351252736, -4.020675460110845, 0.6463313096266105, -2.0171807169534484, -2.76798316295296, 0.08873411863325394, -3.888809266970538, -0.08961159998724688, 2.734652337916606, 1.5603250499978625, 0.20201217758080392, -2.593235509262044, 0.8500339128607037, 3.3890741655058347, 1.5818656316545816, -1.502700322016487, 2.2913354669062436, 1.0349584738639712, 3.7419852753797445, -3.522333767986963, 0.18545356799596588, 1.4065813250930812, 2.215585539465399, -1.278564870145515, -0.3614722587213808, 4.238376162681282, -1.9713087422062174, 3.638661035803171, 1.6629192143798048, -2.0216972091980425, -1.688545525119502, 0.983027133184529, -2.966833603055722, 3.275948794411025, -3.0417515209484782, 0.5423935072378178, -1.5293249724316087, 0.6429241643011894, 3.5350611110806165, 3.0504427617103724, 0.5320025261441351, -2.6936596583569266, 2.601333156303487, -3.4923833576814456, -0.9774095226568468, -2.5919293152743723, -0.10722808281766055, 1.8303022340741337, -1.0251548564443487, 1.3172136002980084, -2.2811902033701035, 1.4583751078497307, -2.1662776947956806, 0.024817760274721906, -1.5140561926125202, 0.05343736879099109, 0.6527000840000744, -2.380593374462067]",0.72
5,"[-1.4288147365610868, 0.5713774381057821, 2.259817870405538, 3.271976102988789, -3.489439245314628, 3.9172330860986837, 1.4378716757438892, -3.3957708950419776, 0.8768494773339207, -1.08938137498781, -2.8141312980965147, 0.6319422109073656, -2.407442358617461, 1.3903973732282897, 3.6037570682665754, 1.3801631193410024, -0.8793744636892369, -3.511962589559735, 1.597568737552353, 2.454080843037294, 0.8314485266670831, -2.1936337371706203, 2.171704551761749, -0.025806796525128156, 2.7305058907221804, -3.8169463185386743, 0.09454548466655567, 3.0575278169619438, 0.4948617163526051, -2.6281742428207537, -0.8373995979354987, 4.220012294966975, -3.1920141831914153, 3.0633473176013153, 0.3620094550626578, -2.4256926439615163, -0.9196304651488394, 1.038614614338579, -2.9474572100382828, 3.664645536118681, -3.8986901444604327, 1.1018587460963045, -1.7260670897357695, 0.16396559363814828, 3.9775471358819736, 1.894725381601857, 0.6870796017697934, -3.431563812352455, 2.305549319273603, -2.0954312424228085, -1.5283404556463391, -1.0122848926783254, 0.3246556666696629, 1.046257024196394, 0.49736125955255, 0.5669450908380619, -1.5518462405848288, 1.157596234097214, -1.1324511996814803, 0.9970855230354181, -3.8857257116668418, -0.4649163547408659, 1.152382171912718, -1.689800573689875]",0.72
5,"[-0.28500276522479506, 0.30324074504922316, 0.6399222210900601, 3.8814966618934634, -3.3182161145759785, 2.8653920999380045, 1.5460991397477835, -5.045197803461716, -0.6416981675656269, -1.0697833352614892, -2.897493503480798, 0.9558624960601467, -3.015100162553469, -0.1029914366889566, 3.03766273627699, 0.2869002775367283, -0.8908764056471273, -2.812659853391133, 1.743933366043027, 2.975283554048095, 0.5458952632783457, -1.7570251212622465, 3.0762535205495287, -0.6773507619347896, 3.4627816982073174, -3.8692060833772093, 0.2782049207988381, 2.2406510106021873, 2.0389506064209604, -2.933695897073612, 0.44575039415769524, 3.68006362117563, -2.8562457833940353, 2.5989486283407044, 1.5793702439878599, -0.9245538325269678, -0.9034565198457549, 1.3698791281533957, -2.6963252209116124, 4.008255092849161, -4.068650446506496, 0.6465424780028064, -0.28336431978403254, -0.9586683444828542, 3.672534920095939, 2.8567767075110555, 0.8730533990480411, -3.321342026080539, 2.1312900123496066, -2.926614213332229, -1.5743243102776874, -2.214451341968985, -0.28811008285136636, 1.472878627949191, -0.8279872297992781, 0.24042569624277232, -2.271073509781098, 1.6297762514178291, -1.4791644813183362, 0.07080715472732377, -0.2764216491752465, -0.2799754633307196, 0.25854618942605656, -1.5500365199829178]",0.72
5,"[-0.7314238011624181, 0.7214899120641788, 2.1946353521195907, 2.264578865099251, -3.486048447216449, 2.623734150954549, 0.4506955788026271, -4.234467039914133, 2.207448494952407, -2.480945587635004, -2.79339515656982, -0.08234127748320083, -4.1032375078019445, 1.263825196416525, 2.7530346991509203, 0.9098895220421785, -0.8171925423413607, -1.4377509933283523, 0.4881505436792053, 3.04810831106957, 1.9475067413065683, -2.2151455419377797, 2.5006911311883435, 0.11595348002192471, 3.7458608115348997, -2.47704318265538, 0.176880623731903, 1.577925936252865, 0.579996764484954, -1.9143598157337276, -2.5209336438605248, 4.028499641954657, -2.5978415997665047, 2.699086960507903, 1.2595246508212243, -1.9968077353839495, -0.7817417806708263, 1.048275760079943, -2.6936649978288445, 3.961872054050355, -4.242674308235311, 1.4329318029080302, 0.09434785232405318, -1.659997369222114, 3.5006821665507024, 3.0505047567782837, 0.17030673892416928, -2.8601635195807655, 2.5872112556020683, -1.9074726439582754, -1.2013099223976298, -0.6030980273730023, -0.24070772249562805, 1.7675438142546205, 0.036796854861250894, 0.7393030885149532, -1.0415533561551604, 1.1680949323431256, -2.158972331111022, 1.1024837241011356, -3.3739086133441187, -1.1136508737582818, -0.7292882220749102, -1.9492166232325103]",0.72
5,"[-2.0520645170221945, 1.2536846887954995, 2.965070367890714, 3.4432156808726657, -2.761629195140179, 2.2934311966889642, 0.5124499238419947, -3.284925279719287, 1.100968180360053, -2.4432277730280063, -2.457860662512657, 0.0232892767848442, -3.148834968740563, 1.0931606028039496, 3.5481932888072447, 0.9443548596059669, -0.547242115839319, -1.597202924976623, 1.758438283906918, 3.4474217836092875, 1.7340914104240497, -2.6949425078586, 2.385710137474611, -0.5643328889156285, 3.3445738936048954, -3.6570955310128506, 0.07054363615123407, 1.7819221643657284, 1.620756586578136, -0.837749677281864, -2.6309245674447936, 4.180916757458538, -2.530917598208414, 4.066040428866098, 1.3706944011695101, -1.7590828389004076, -1.75855781436998, 0.8297366032802852, -2.3592586360295944, 3.560259613036203, -2.582814939537399, 1.0855034533614534, -0.9243121003744017, 0.27433016238995533, 3.0799103824712697, 2.964764301322785, 0.4801377396137741, -3.6118995464797603, 0.7475732563775694, -3.7007693088753175, -1.4736772607427764, -1.0758670715396423, -0.0016048467650409681, 1.7689454902881883, -0.7848468321862931, 0.4164046506629546, -2.9068681205317217, 2.3267399823804333, -2.097853075668521, -0.18390584541212088, -3.001255135147071, -0.3649269170555462, -0.3184409112030263, -1.265606725903077]",0.72
6,"[-3.7585411753766635, -0.5159541256667886, -0.42016880602035483, 0.2364901368723823, 2.8576566915894817, -0.8202663218365505, -2.230710874201458, 3.110315860916443, 0.14808116104590774, 2.1277382378720424, 0.4999403792602912, -1.9674202931588518, 2.1574511083747545, 1.1604763181200084, 2.885608314635926, -3.880905698513997, -0.8473976559526083, -3.448461291321421, 1.7544825225800547, -2.124585459287061, 2.4277663086376546, 0.8921651307654326, 3.250106189728196, -3.4369880166122506, 0.23709740711568672, -0.47622967943287287, 0.15834715260218651, 4.113207397942228, 1.9406531899373556, -0.47156119949778663, -0.34946045009461346, -1.1356009214302374, 2.1859769695246447, 0.4123870438995066, 2.0942866402743237, -1.3108145485514981, -2.519555868945562, -0.6418360805394145, 2.563787443318988, -0.2523270710297157, -1.2102860720767397, -0.46182215845366625, -0.8706218492384554, 3.34125282606337, -0.501769832414356, 0.7818244118362039, -3.4471786255564525, -0.060937925985173974, -2.461599974526173, -0.9016624141804082, 0.6611568252467915, -0.8358537417921256, 2.16871239902426, -0.2778054036388423, 0.36308912749786826, 2.18998665589317, 0.9483440956451811, -1.3168393783100047, -0.7643686628239769, -0.9954267007367874, -3.5258314602059206, 3.659594494013497, 0.37134898674298866, 1.593304725291113]",0.72
6,"[-3.412131272594951, -0.9012119374600458, -0.12107643731443818, 0.42629925795211354, 3.9948249122615453, -0.6746609453985363, -2.5737931390711872, 3.7153932553055142, 0.14319566328606897, 1.9752724486547517, -1.3877458427482139, -1.7874497074919833, 2.957417965951913, 0.33890093764031726, 0.9182448024346919, -2.286945850021004, -0.7974419103542512, -1.4463256021891044, -0.3703040129769338, -1.4660865580136733, 2.1650559233763436, 0.9513724868343607, 3.3215221192968802, -2.4244335565609436, 0.024652475077849734, 1.787879406552986, 0.2290664622371352, 3.09602552260909, 1.440078259370192, 1.4006806712509512, -1.6876274692202167, -1.9549741687273072, 0.3570955028568915, 1.9609958527820597, 2.943870460749281, -1.0642098559948407, -1.9690179759447997, 0.38026960531353216, 3.7994367966255678, -0.4411213698766734, -1.5235054141986928, 1.0892649236216967, -2.790060710390344, 1.0128071260326412, -0.09913362624643163, 2.8039587076303096, -1.6550257905373236, -0.11269504735007341, -3.3463673844855792, -1.7575335942889136, -1.130263002517156, -1.4913762845201768, 2.636311613907881, -1.2947199652478634, 1.8880191582901507, 2.246087099957763, 0.1799015001301827, -2.0104447503005782, 2.1721570245108053, -1.7670350608813246, -3.830143401133114, 3.057162255227229, 1.640226006769001, 0.429610880026411]",0.72
6,"[-2.839393004685163, 1.5338677513969463, -1.6493973449327974, 0.7446979788553273, 2.967596055009857, 0.22083992848650416, -2.157639031970932, 4.622806819889306, -2.3586871782143612, 0.07877194600085091, 0.9276487048789084, -2.070354156279147, 2.387388897911321, 1.0016410150672896, 2.8659338530980016, -2.4026747151283723, -0.7647771425135454, -2.812356905814182, 1.2214443279162588, -3.1612223417236214, 2.7103207731774597, 0.5047011202224309, 2.480958894755147, -2.1415918309071955, 1.1023124656778114, -0.6251614374696596, 0.321231249571734, 4.164149225556208, 1.085119978971005, 0.9496428820834141, -1.3265233600773405, -1.949779573511516, 2.005857593521184, -0.5730615722091131, 3.222084028043432, -0.633056820400347, -1.2836417210423487, 1.7053956133799328, 3.1532006119353735, -0.453914673766447, -1.6363859450072038, 1.7009530239499155, -2.0221234232506795, 2.3475263737204854, -1.3176532129903484, 2.4772972347508517, -2.406537920041366, -1.859927025018771, -4.199431051680209, -1.8623642836613612, 0.27456617226331265, -1.9283779288519514, 2.1788905757576447, -1.9157967695401066, 2.5138747612061594, -0.03315656501098552, 1.1102426499642835, -1.8462879872973024, 2.2004318957260294, -3.2362682945948307, -3.9477036945794053, 3.0711848701943305, -2.3129960846453628, -0.7347432542582124]",0.72
6,"[-4.404793406222335, 0.7535602947417348, -1.0829390975257587, -1.1369145079136578, 2.8667750549617264, 1.3217564367667465, -2.5747590249993473, 4.622798064416028, 0.6271286664965307, 2.271380906172166, -1.189063507274244, -2.797844918348008, 2.082849013565447, 0.9553400639078038, 3.2996101317454665, -2.335337150385575, -0.8006301833751601, -2.4235826561979543, 0.5274737813334813, -2.6849036086547944, 2.9174912139165543, 1.6871699567143823, 2.6650717915509334, -3.6823553523582175, -0.8607669247282665, 1.070743752918974, 0.2066716956058777, 1.1705071429242304, 2.6091389940639957, 0.8186993174452513, -2.7544032898618935, -1.535218116346422, 0.892205092617178, 0.030951767293153187, 3.347101461420781, -1.7755093531941528, -1.768152737072241, 1.2922428459845938, 1.3480580977970893, 0.6115479164753412, -1.794620233394639, 0.8175602209729684, -2.0365740174879603, 0.8162303208703159, -2.0039047148064872, 2.912479355136595, -2.122659135294527, 1.23793715507337, -4.295154074944703, -2.1103981122305737, 0.3647756110442768, -0.7079157183744844, 2.203035790678705, -1.8381751014212555, 1.9301974955311123, 1.1534515583567222, 0.0207011838729812, -1.7200117586138548, 1.1579431146299162, -3.7717884659594065, -3.683573688852629, 3.8082138485005874, -2.5662605362951822, 0.8946056758726754]",0.72
6,"[-3.0091019313205747, 0.2298309960908742, -0.3678596774978662, -1.2395323798180815, 3.286148272346545, -0.2529003409263065, -2.120369267045786, 2.5269099924008644, 0.41279250922840816, 1.2512661170146706, -2.2889944448938824, -1.3255985377152175, 1.8088479297750935, -2.463710504021517, 3.673033291897646, -2.628922254660315, -0.8823878825464944, -2.6262454327528206, 0.7376310745427442, -0.5821126697246202, 1.9301521028670832, 3.5495813354030465, 3.089565804123874, -3.1857241152472966, 1.2473778253637646, 0.47650887889527144, 0.3754221962126668, 3.462656721157703, -0.3100269786316314, 1.6300674937711974, -0.5307717113810531, -2.9312392564871903, 0.656347881956478, 0.4719323367012562, 1.9501939246441347, -2.37347510313031, -2.4418397802123084, 2.9391144390141783, 2.3416061591508326, -0.5532004403313311, -0.24139176872110357, 1.612646858241436, -2.7608012800111075, 1.2801331429318017, -2.414892429946302, 2.257011146971512, -1.2795190554400662, -1.1690185276634177, -3.2607533082304685, -3.2988746705341283, 0.29548227135446137, -1.8502761118205964, 2.8572861608410633, -1.99948973999635, -0.13550994602246869, 2.0210684816384594, 1.8624244961288485, -3.7033774117427205, 0.26286476855566465, -1.8760763861268006, -3.9461204042437554, 3.4492299958740436, -1.1850866241031757, 1.7178274975964736]",0.72
6,"[-3.3940280405865866, -1.7593293981118376, -0.025012659221178513, -0.5696818750648975, 0.9579374942487755, 0.40623423451147955, -2.374147107366826, 2.9868224064485007, 0.9370058150763768, -0.15230563256124485, 0.8301040119793575, -1.114507176645469, 2.397773191489729, 1.5872690844355586, 3.7778627813250734, -2.2422307890756548, -0.6906383745616504, -4.043336079996868, 1.3615334191993844, -2.0553729660072126, 2.432000190504737, 1.08841771485692, 2.7923045243510596, -3.7015325298204527, 0.21952624539238302, 1.0683685093973851, 0.19196009609699372, 2.508163369574383, 2.17708137858669, -1.8307693123397042, -1.0594762416922778, -0.6210807954888952, 2.470876408866527, -0.38388037344989195, 1.1666272858451308, -1.3074418650071764, -2.4650278037247753, -0.18935081095512718, 1.9790246404335334, -0.9031723187628193, -0.9668097504452511, -0.15892550736540934, -1.026083157960231, 1.9749908530728892, -0.29299185907530656, 0.1799908770337848, -2.66092247985609, -0.11304451455151825, -3.1201552185406354, -1.1104209909596043, -0.1758084905081264, 0.654673599413688, 1.856085433644566, -1.2606125341919814, 0.4048359039582131, 2.7145057903895653, 1.4329124701519298, -1.1475308334419312, -0.1919626531310472, 0.153507673779413, -3.6601536835189403, 3.808597699901991, 1.0237347961537628, 1.8869942872201457]",0.72
6,"[-2.96787007091458, -1.275121387943784, -2.0456308243840797, -0.5054221733078967, 3.4114442090118233, -1.2899900650187106, -3.6667189905429063, 3.535081946618147, -0.49832716598749305, 2.3373619165007162, 0.19569664466683168, -1.2090499832541381, 2.314435177497694, -0.24766969053379495, 3.2356550819670353, -3.788900288615577, -0.7932475214976213, -2.8345264067376004, 2.029851301088159, -2.0306025807533903, 2.9294035222476085, 0.03622849527248573, 3.329649909844757, -3.1771751919541282, 0.2834937666602049, -0.07570440777251741, 0.26027857610412, 3.3353813771061045, 1.4551877292779989, -0.9118190703269842, -0.03697458501322737, -2.5868244688502715, 2.094664356416272, -0.38135347463566677, 3.6164289388422226, -1.747430988987237, -2.645528194324832, 0.342360131779447, 1.6545410040598845, 0.0514362755421241, -2.6440671304330214, -0.5011864514240122, -0.6092027575289707, 3.1159754205164543, -2.60923887806908, 1.842084774087521, -3.918147898517084, 0.28136227775835554, -2.029454501966583, 0.49528043671388855, 0.6883989301193504, -1.5790111254610886, 3.832522448705821, -0.5686570642778459, 0.7850909908540078, 2.318501581421533, 0.6574681298579703, -1.1152636340514333, -1.2987329641840215, -2.6239882923722266, -2.867016060144751, 3.684520350096225, -0.37789294224172054, 2.333006687775651]",0.72
6,"[-3.628414960538679, -0.5201277851858459, -0.5788969414298439, 0.8637071153231728, 3.1922685816752634, -0.183523437134682, -3.2466442123871997, 2.438038514306773, 0.34429256876801984, 1.9186214115150877, 0.3723762971649389, -1.8121146361311995, 2.3526385787679125, 2.0886269079292887, 2.4584316779726523, -2.735394816756909, -0.7336581874063963, -2.595279919930903, 2.0723883201988773, -1.2777507790276337, 1.6478811859717641, -1.3554836112095696, 3.115223214012914, -3.6335423809705856, 2.398615721632917, -0.569811174385186, 0.142249902990179, 4.0958340115180905, 1.8735479681249458, -2.1864495236048826, 0.27721746572076006, -1.5302648319627485, -0.09215990438572508, 0.7376625091517917, 1.3234320139855413, -1.50463853922855, -2.926997038266113, 0.08065661042293126, 3.3413205738041163, -0.9257858559469208, -1.3153649668191514, -0.12950705193791506, -0.6282764754108471, 3.5230669433815702, -0.8289270846986228, 0.46950608741052013, -3.2419816694999612, 0.11732245158349912, -2.7602430965998357, -0.9756544117966163, -0.48200375055934785, -1.2222875780680302, 1.367809943836221, -0.9131188744166538, 1.972565119083086, 2.838629032228959, 1.2882593558126516, -0.4404820509168431, -1.0519318658440433, -1.9644547106045158, -3.7045709498481108, 2.6237230035578483, 0.6674925887600743, 1.547062383056831]",0.72
6,"[-2.9726138268340643, -1.670118389896019, -0.7611596723152971, 1.3684726430924867, 2.524716688247711, -0.9477937229699438, -1.2335388226476376, 3.4934128233921697, 0.2472697787263874, 2.380536942893329, 0.029936013735407052, -1.259522123632912, 1.7151116410300382, 1.0833795724683501, 2.554277947339025, -3.3912476479366793, -0.7263094231471008, -2.7237812993330466, 2.558419864626984, -1.4220118743353787, 2.856220183885571, -0.3899724215816822, 3.3250138743750246, -2.778673049421191, 0.6185371853159214, -2.137421240061493, 0.16994756128164318, 3.3763226324693436, 0.5043642464041447, -0.598024892282665, -1.6016397185017808, 0.4101277979730399, 1.7369590099359928, 0.5025067598552857, 3.0222952293374545, -0.11228761631984097, -3.1701420158874947, -0.45535593686862463, 3.002189731455632, -1.4112506033599352, -1.720198438144191, 0.08184228701318658, -1.280904777465826, 3.2495745657129427, -1.0109417473012077, -0.140555684753354, -3.483815392100339, -0.41225426580955715, -2.2695022861913157, -2.0485421402319988, -0.8659790897627918, 0.5569820763517374, 1.5375051349443103, 0.2799302886168894, 0.9568457173896346, 2.3268349108526847, 0.4676103949510899, -0.09568797767551263, -0.0056813305021263805, -1.404133163215287, -3.0184317056241388, 2.825650606851573, -0.8523921994454586, 0.32319207952787954]",0.72
6,"[-3.840216379468543, -0.9186483580217721, 0.4258448270684402, -0.4765752978762369, 2.594705625552921, 0.11594098385644103, -2.5161637090254843, 2.158492687478728, 0.5200281783761643, 2.453395124883156, 1.47484228924688, -2.39113074481378, 2.1187581109654006, 3.3194141359004954, 2.7606552294461593, -3.4807904563887417, -0.7637976176351451, -1.853153557638385, 1.6830641857887567, -2.312501799278541, 2.234756235449553, 0.462482957321607, 1.5163293588442348, -3.71175025651352, 0.9413213452628162, -1.012656141698069, 0.22532459355414405, 4.020264591159241, 2.9601241694260763, -1.8011720945513179, 0.4038270090251268, -1.6260327843064162, 0.5077821572866239, 0.8781449156239153, 0.5314015694702829, -1.4650236602808246, -1.7862384478317441, 0.1333040338371385, 3.5244045917252933, -1.5125467374298514, -2.0175553331756153, -0.6826668533937774, -1.0672322598646307, 3.1525882972467523, -2.0741793946348923, 3.050387355394381, -3.610116409254915, -0.18900204710309332, -2.574960621326336, -2.370447376183119, -0.013606089016501566, 0.254751791111698, 2.1787549210096264, -2.0748057754509244, 1.4499857202849409, 1.9292797686780618, 1.809727122120563, -1.8374486420172618, -1.3772630580728773, -1.2119756643317974, -3.6493708858205176, 3.201496130265001, -1.1466262794525024, 2.242436528838212]",0.72
6,"[-3.700347312319019, -2.024478438654402, -1.1071338011446799, -0.6301950678345525, 0.5883057334185904, -1.100518788998818, -2.488936892118897, 3.576422615724816, -0.29966444340436504, 2.3604875427543024, 0.35827711918451083, -2.255937592643562, 2.513730411583079, 0.8297132227577714, 2.5021129706280663, -2.6985651096427827, -0.8035864278563624, -3.055391474992369, 2.216067652558289, -2.7782665019270416, 3.104540308228472, -0.2966481734762929, 2.325526894214275, -3.1115034722354933, 1.6854450149060403, 0.32019638184393506, 0.1147112418178757, 3.973122372360796, 2.695968663123117, -0.39654433885111184, -0.07687602510467795, 0.5293283840766874, 1.5824061786256671, 0.3521450354793939, 0.8122240062185007, -2.703485281164644, -1.2996025648427032, 0.7355480992600023, 3.0524449087232317, -0.05567506612864914, -0.5453918263869252, -1.4459297284952028, -0.3483217288405083, 3.4050721196310807, -1.8073107255055088, 1.2805993982618138, -3.796884224116546, 2.6294357702187448, -1.7870166614416774, -1.541080480332881, -0.4385930175797312, -0.5624876893430427, 2.4523799394042136, -1.821720808722046, 0.3987454429142848, 2.661403806641067, 1.6397182928951408, -0.07154084608081568, -0.35714981373883514, -0.40030421488957857, -3.768624566089669, 3.484706497420911, 0.855964119544201, 0.7964772725412018]",0.72
6,"[-3.2014426461996845, -1.0618874800108262, 0.3384143138291542, 0.7214386829818547, 2.645626950317874, -1.4922814389861667, -1.007398427511923, 2.2966036180804696, -0.6007527287818173, 2.4560701241889547, 0.38549218796139695, -1.5996492226878551, 2.163542637658815, 2.405645001245518, 3.2009570302594574, -3.9358559300107094, -0.8554908626690292, -3.4820743766091886, 1.4052374067927955, -3.034133650278313, 2.5015734017519446, -0.7399896194745408, 1.3481869076867958, -3.6760093508735165, 0.385088211132267, -0.43776861855627297, 0.22164402304915892, 3.291588451326656, 2.4862554103539165, 0.024684370887197438, -0.4412361500944844, 0.6372005545065295, 1.4953339489230082, 0.002602646693257868, 0.9684421849519229, -1.1575434882474822, -1.1757121801685217, -1.3584679802273176, 2.587169157706801, -0.8187517683129667, -1.153338485432701, 0.41495044492660005, -1.1360753968496273, 2.663376283687638, -1.0469559550545593, 0.1617250689618298, -3.259309146633835, 0.6621929442684916, -1.5588061327573037, -1.3739532872084155, -1.1898167887866018, -1.418763051478086, 1.291128576036137, -1.0311433072321394, 2.026162562758752, 1.8455194263617014, 0.8575284026419212, 0.057789212092958286, -1.5627756699106148, -2.9009980052235234, -3.9335650942491043, 3.8498411032595614, 1.3472775808802095, 1.0357171481149972]",0.72
6,"[-2.704634016113064, -1.0281734699166631, 0.30901581116914256, 0.09249894989320784, 1.8732640664100473, -0.49908351317664423, -2.569985545897823, 3.5471633163763583, -0.017687347376686535, 1.7986372641930592, 0.8568811887216334, -2.6047702613488184, 1.5985184858471686, 0.7285528166710283, 2.1197798779637615, -3.9174908179169723, -0.7227516218787249, -2.9773220435889054, 1.2105116362950126, -1.27006222249107, 1.5501776886809244, 0.8256775669247504, 2.9739268715648066, -3.5198081570839, 1.8239404686615859, -0.6069938215701596, 0.2482571146516419, 4.024780880107047, 1.5127719997797413, -0.9883369399854257, -0.7647463758945117, -0.5118179287893012, 0.8965018340055315, -0.22685878254808467, 0.3612705171531927, -0.33707617292498226, -2.9422910993470417, -0.1597461420884467, 2.061075791356235, -1.5040979902105291, -0.13348687520102986, -0.9169113011697122, -0.47221787679762983, 3.456180443368572, -2.9785063547338133, 1.1041808830165283, -2.4147199720370645, 1.7910346171837164, -1.569322595048225, -1.6878306111318198, 0.23782038674526593, 0.18792982914846867, 1.655846226716729, -1.8906348452584079, 1.1878977451391852, 3.376452852836498, 1.718922022264203, -0.07441232799292474, -0.28626413974559506, 0.1219959944022796, -3.9346432796041886, 3.770739340134883, 1.2818145104364604, -0.3131602347560718]",0.72
6,"[-3.5061352907670518, -0.557916112861302, -0.7518849667365377, 0.01174068296403219, 1.5462768900920278, 1.4248583785494293, -2.549147782782976, 4.108518668707218, 0.4676663032360461, 1.5829747074177523, 1.2329063554523059, -3.3867611312227206, 2.4329464518919663, 1.3068601496282688, 3.416727955720029, -2.807222293219421, -0.6008009968292102, -3.863438336292983, 1.894614329454687, -1.249056574558551, 3.088845257689187, 0.32152935350576156, 2.877880664904745, -3.3741332407527693, 0.9380738861058179, -1.5131874694695797, 0.08572986651607961, 3.3608920641439455, 1.8337312125275163, -0.3312053120065686, 0.024461396946893532, -1.6659648387525658, 1.1282990896364795, 0.9352169330172395, 1.5393072296099932, -0.3400369385701201, -1.4542905763950946, 0.5995559763783802, 2.148112581515951, -0.9478985818078489, -2.206081385547435, -0.4018912432867678, -1.4847876942605955, 2.8557946508454872, -3.4242989255296274, -0.06389718077736473, -2.17320562192015, -1.1037352308070987, -2.7647739107604252, -2.9623447190353343, 1.0173096042152812, -0.32970969060693434, 0.8021826424838804, 0.5110694391900907, 0.6571605393246649, 2.5997996113468176, -0.7936784843931035, -0.8605792393021194, -0.24875971466241964, -0.9458326677291602, -3.0667019352032665, 3.7933207429864084, 2.589345396160347, 1.833568580871812]",0.72
6,"[-4.025478036403848, -0.45811882294162165, -1.3412294088609342, 1.2034504237162968, 2.75029351321167, -2.0186472522548877, -1.7557429932245896, 1.710848495453149, -0.3093988634130017, 2.4219450570589744, 0.2741188647447762, -2.5641795925500297, 2.784414862731417, 1.9785427596457443, 1.9542503553504733, -3.4124600534825693, -0.7387750980372598, -2.8073445329795703, 1.9722195724894216, -1.7816434406223103, 2.4373795831663014, 0.5922535707031534, 3.3215101958461055, -2.5665592076623764, -0.14441344485229285, -0.45945999345728605, 0.051666244532659875, 3.5584336662910143, 0.9863891888794294, 0.12838404224247046, 0.01708869787630507, -0.10793986316874049, 2.7952460317810126, 0.3047258438433749, 2.122493502584589, -2.0955192578328283, -1.7241240809584597, 0.17220178730699642, 2.585358987668264, -1.1604199279909464, -0.9660068898534173, -1.0405676314382484, -0.6793018715166084, 3.520051057514161, -1.069712472320425, 0.9238979402792558, -3.920786091136712, 1.0476259329042195, -2.227273724627521, -0.3846282253138881, -0.1907856753302274, -0.44887331920440343, 1.8936990968036773, -0.20359133249725575, -1.0477207224557648, 2.3581980518666414, 1.0741906772233532, -1.2416229836582926, -0.44359042754532513, -1.7191805899707657, -3.580471627244795, 3.6631424729360855, 0.9993390663078646, 1.151847528492931]",0.72
6,"[-3.5629385082546072, -0.3528089754704232, -0.9153215166729192, 0.21594538984342962, 3.5143942358461455, -0.909132268539795, -1.4614635300627823, 3.5933168621319593, 0.37594163328838376, 2.423336450305148, -1.0283917337950963, -1.8461125553127704, 2.581463183797264, 0.7021614695665409, 2.397605128398626, -2.790816576251666, -0.7381332971281737, -3.2205268902359734, 2.250696195544326, -1.7738501053171114, 0.7302988789988869, 1.5037659912983248, 3.2685645117888984, -3.728268279235112, -0.3699788501074731, -0.4351374716840445, 0.21458563540623155, 3.568986940905408, 1.7056663266077763, -0.036832554302099585, 0.34291550062739595, -1.0247733839160795, 1.7721226676343678, 0.921781631807401, 2.11293711082296, -2.943431772693859, -2.9427320496188094, -1.475317772035337, 2.2139460781045033, 0.825848612871144, -2.5226668719864644, -0.46356635593300777, -0.5111910552158792, 3.416441132807543, 0.131711795415978, 1.353782718357562, -3.92634652610948, 0.17889274023978988, -3.1759056594329964, -0.8904483052648376, 1.1612955409611874, -1.77163912054457, 1.9710193667854639, 0.2652050628287659, -0.04948195095399616, 1.4871198549771305, 1.0197164592907078, -0.7789524115821523, 2.1163978219412467, -0.6210783376203969, -3.939796591968021, 3.5292518877959362, 0.0853924606698429, 1.6636029759997062]",0.72
6,"[-4.089632495150122, -0.41555724334221467, -0.5468395733074715, 1.1042065361319335, 1.3451672196043443, -1.2027010775163938, -2.387619944696783, 3.7072838373482244, 0.7603264582174862, 2.094659861996265, 0.4343988624842893, -1.4675525748448304, 3.3985982961730414, 0.27369891913794886, 3.292480110952272, -3.704538847196548, -0.7225940939577686, -1.9007190134846352, 1.5522124879703398, -3.014035328004055, 3.3056521257775495, 0.9064739850155912, 3.2323739076188756, -3.70949411327545, 0.43208748218915066, -0.5792346457221794, 0.19636442378504793, 3.6614744471705394, 1.532239293674777, -0.33814198467740647, -0.2603613114963066, -0.870960204080979, 1.7160245816266397, 0.5351350967969842, 3.0159294055972805, 0.20377522667166104, -2.3005131182376903, -0.19185549144476355, 1.6206975539826716, 0.565213574621583, -1.7564636662146953, -0.931928452580518, -0.7973656495123677, 3.469558186396743, -2.329521976958431, -0.42679172529445975, -3.433366545631455, 0.311359037772328, -4.204650011980483, -1.2478621180445453, 0.9500160047298493, -1.6355037530652254, 1.5857622791720085, 0.17759746180733055, -0.43373556138833647, 1.4721418278924001, 1.7129543431828067, -1.3335834383449905, -1.356425343443863, -0.5075723229218732, -2.9787431074294264, 3.4007942586594666, 1.194677499099488, 1.5089246396804334]",0.72
6,"[-3.7794669624743675, -0.6254037545211235, -0.7896970450912997, 0.9450029125640307, 3.2226678996972975, -0.16574779465720102, -1.390345140126947, 2.4021908299628327, -0.14551228971366903, 1.050752079307974, 0.06509629850261694, -1.9106434444200844, 1.6903143226494963, 0.6403712360589955, 1.7198346596923857, -3.331493353314331, -0.8286903642187986, -2.3132281075010575, 1.2023878989882244, -1.4107289313898073, 1.0313732871102044, 1.4620702329414583, 2.9931113226150057, -3.2226798879534604, 0.9326874954297415, -1.20276499288217, 0.11131740072583167, 3.919832394890491, 2.3869798343576343, -0.23954431373493978, 0.13055076684766964, -0.5736207191669473, 1.0808712677586607, 0.10541575199843946, 1.7684079490225177, -1.2616693037611908, -2.484198912791364, -0.8812561552698049, 3.267144767715234, -0.5833212043192186, -1.8060476135728827, 1.2067309240879198, -1.592605673441949, 3.0119901755583025, -0.07593743495622907, 1.1439754525936334, -3.8880672351229504, -0.2524559106778617, -3.165831185016655, -0.7363790129868942, 0.3420369013469506, -0.29629617073692904, 3.3762618774762867, -0.5704407179807656, 0.3555766891628064, 2.637827280061745, 1.1806405880001796, -1.5833232250886402, -0.824298822351852, -0.8451370671830738, -3.205646330965616, 3.693471864585325, 0.222341549888523, 1.810997822338388]",0.72
6,"[-3.84992438300449, 0.4700429673525496, -0.5137707521288462, 0.5200099299851088, 1.6471431846445048, -1.0247320494497318, -1.0717065777881636, 3.2407067744130056, -0.1647643867799411, 2.1215014068671882, -0.6622493038029608, -1.9833370095979752, 2.7994585496924875, 1.094616454170098, 1.4527975536939262, -3.5433670375294817, -0.7470942331002266, -3.532922798785568, 1.2686251820115524, -2.197838199044842, 2.944499401542166, 0.5140752473261317, 2.3965678308454503, -3.732434479110685, 1.0207933892846697, -1.0885694504164025, 0.19358404256247494, 2.9708899947010634, 1.3207572545882764, -1.1929605540783617, 1.1026506778137526, -0.3621481108692416, 1.8915989632498023, 1.0470239772440473, 3.328452772078456, -2.0065647165141764, -2.7037250212049257, -1.3174531926492392, 2.2927849472734434, -0.21675077814746282, -1.3571093438961999, -0.6842400284796885, -0.20208111523787686, 3.5249897141619435, -1.8830984711963739, 0.7546796020763302, -3.916255390993119, 0.08547557075626694, -1.6683445142596611, -0.6074749653079692, 0.658019476363265, -2.788020165081142, 0.9507350752616384, -0.7361185197433433, 0.2213203975922591, 1.5811590481812203, 0.8895318555395191, -1.0844717307580107, -0.4631910896096754, -0.6748628041012206, -2.9896153872147906, 2.074482493103239, 0.43135215673432087, 1.6767838811683407]",0.72
6,"[-4.390571256085239, 0.26759648954596016, -1.5542477295892514, 0.3441452976920675, 1.9399916078169457, -0.7126246629904086, -1.02872235609999, 2.3206870735309497, -0.7486646178686297, 2.3458010989169282, 1.6531610718429728, -2.4269488542920534, 1.8809145093645339, 1.731233437528515, 3.2883466040635163, -3.93530097132637, -0.9189196057007597, -3.7902223602773693, 0.34326378435445437, -1.5695187037541947, 3.0482845373703804, 0.34175441789700456, 2.7808637734839072, -2.273615991896661, 0.571889457499567, -1.1863629293093259, 0.18881846581385858, 4.161485648704032, 1.6108111759924588, -0.43568531991107695, 0.9124437644180889, -1.8405739788140645, 2.4861270893058665, -0.11194957383883347, 1.095236896157886, -0.05654561800985802, -2.214004788789015, -1.5205061007899037, 2.971127001336436, -0.9503325852760676, -2.0303910858873104, -0.6988670460875723, -0.6640834533084332, 3.1585351549125162, -0.5821727763868565, 0.02947882338557206, -3.4490631962478147, -0.4345050007284629, -2.679694974859133, -1.7859975404508264, 0.6511630170008926, -0.9452421665444485, 2.963112906641596, -0.8354178783158044, -0.7485801366789523, 1.8780605885338708, 0.6438662913137436, -0.8982780014243521, -0.5540598878725947, -2.0607537113986814, -3.9159050319607074, 3.062658579364219, -0.050150232544396434, 2.106185901004305]",0.72
6,"[-4.213179157338053, -1.1222891293268622, -0.38265263723203635, 1.2035579769685527, 3.8483559316307456, -0.8296458242040154, -2.2176562687565307, 3.9146681099121095, -0.8771122725552993, 0.5720201814365671, 2.5541263274223147, -1.8848610816082902, 2.6407684160505047, 1.2687773756611296, 2.235450817119965, -3.931583974803121, -0.7349026167375162, -2.821810351038036, 1.4644453181960126, -2.549157342163547, 2.5740122765117914, 1.287973638596204, 2.150844299024676, -3.034543346500607, 0.6173665827578717, -1.275267671161423, 0.21409754454277646, 3.496223923810356, 2.160865236041361, -0.7763090547421289, 0.37818276953167396, -0.28811857539443886, 3.6508641079675686, -0.8734490049667408, 3.5482820032743287, -1.290640693486905, -3.370999875214635, 0.14807524263391014, 3.5947469932786094, -0.41451588798654937, 0.13704154084368714, 0.39146355698772556, -0.35600398279258205, 3.261344855752802, -0.8863759136842597, 0.7795756742037617, -3.1967247975709556, -0.9497577134979609, -1.471793768046587, -0.7851935452171427, 0.7971754411299217, -0.5509940241060924, 3.076659819798481, -0.2815659869379348, 0.13742980785768355, 2.4827035138147577, 1.1450711804191454, -1.5069729843849378, 0.031876655185161806, -0.8169051019860575, -3.32588913461766, 2.770108559077975, -0.9595087010466428, 1.7334700366076115]",0.72
6,"[-3.1544144698682777, -0.2753823679304923, -0.5979145345414077, 1.7940249274060796, 3.2227429740456133, -1.2711849431134676, -1.3540215260264445, 4.113119176494824, -0.8760074294929119, 2.4040037819284112, 0.2074113411764522, -1.3359355344247343, 2.9760065622058915, 1.2825874265806032, 2.89235039818546, -3.924228544615399, -0.7993564477600633, -2.0182720741812723, 1.1794666024680978, -2.194690509665877, 1.7541644478040077, 1.1843001816565855, 1.9674438684689208, -2.3455580334699766, 1.1079662889019053, -1.3183766531327166, 0.17240755409046443, 4.080443978972854, 2.07396539618977, -1.9441206960668005, 0.20472905864808233, -1.9088404740566522, 2.926653036565712, -0.8679031708801161, 2.5597745590567436, -0.7546725813559627, -2.2624943437024227, -0.6429422674732138, 1.64077481601548, 0.019730592154304297, -1.4128411821213378, -0.8366224654851842, -1.921198365209638, 3.514544848126089, 0.15814105882139173, 0.18995053168403903, -3.891237708819612, 0.8125339635060248, -2.864144016081717, -1.2070988180543902, -0.8900530463688014, -1.0468677825791575, 1.6889158990161015, -0.8912615573873316, -0.8467147142163264, 1.6423314871868397, 2.233197630261342, -1.1107782279000316, -0.42091047557437905, 0.22333740562197102, -3.3950617582222544, 2.892338317514007, 0.12478640230846214, 1.20466007186567]",0.72
6,"[-3.495378126180292, -0.34935922366481387, -0.26080519151622517, 0.6507566819575041, 2.6184333657220984, -2.1055720534340354, 0.3020090126575874, 2.3439119534393686, 0.5696417228796455, 2.3686890006587715, 0.7976449549672215, -0.8832860544071106, 2.224855663585219, 1.1529497045171002, 2.881820796925979, -3.139307773107407, -0.8682931153960535, -2.92385430294254, 2.047208581879697, -2.220100988682017, 1.522085196632211, 1.264533659766935, 2.599255229217279, -2.9759405047632512, -0.22688325188638592, -0.17842715108584573, 0.14399963501435364, 4.04157494243987, 2.4367102167245744, -0.6583178303514847, 0.18884494607751473, -0.6102693320278905, 1.720438482486534, 0.5099064683968368, 2.468256645098486, -2.5589440297551853, -2.9762143075168894, 0.03855549627236654, 2.9019802868477846, -0.39943746514811107, -1.2208079689046276, -0.0637930700183193, -0.8291357840152082, 2.632532392419261, 0.60556437068753, 1.111124637745942, -3.9141761220041436, 0.5084376192999356, -1.9571708451683598, -1.4866839309572952, 0.7183777116520497, -0.8831450633621893, 1.1205492414062548, 0.4243957839714467, -0.5999767248398609, 2.790356305392009, 1.2864658573807504, -0.38194365626595483, -0.7658041933032258, -1.592042495290337, -3.1544243492525457, 3.8531753217320914, -0.5848464459450053, 1.3837032681166974]",0.72
6,"[-3.7818482049329107, -0.7299729028797218, -0.28366879776094023, 0.010899695659484981, 2.953416462653035, -0.3059265530494709, -2.849522907759034, 2.8858427784809777, 0.26756262228604916, 0.8023708138179695, 1.0459601017926023, -1.9648569063802976, 1.5603993831211533, 0.9038696689408755, 2.6282654560574272, -3.8774860744422295, -0.849670514308988, -3.4569460408704034, 2.733866346209866, -2.01763990546227, 3.300252585365339, 1.126773096608255, 3.325844919366268, -2.586404933397106, -0.18949824394742254, -0.3637741450663118, 0.16572409095882593, 3.987546138512798, 1.4506579131238944, 0.17299237636468157, 1.2597083541406928, -0.7281283652127314, 2.3054115714144934, -0.03640122039032595, 2.2642423849302844, -2.41729750237838, -3.1911017914051643, -0.9523648555363156, 3.5010787937355747, -0.47415682842073104, -1.8552839986509881, -1.3963117702285535, -1.8145509938149598, 2.811622043724907, -0.6226960871612695, 0.5831343957996864, -2.8984027447074183, 0.7475502575939973, -1.7620647952470228, -0.6278027740305527, 0.19590379204734792, -1.5601415305891977, 2.1179720869888263, -0.9908866674562028, 0.7958555012412957, 2.2474188368821317, 0.8195133808455994, -0.9709084893260078, -0.5555677490119559, -2.0852785681978356, -3.0076372683292796, 3.6896861403243033, 0.5951446908977727, 2.2172398699903346]",0.72
6,"[-4.4892075105401394, 0.38459574311331823, -0.12235984831059427, 0.9532732970776201, 3.203632170546869, -0.02902774527999974, -2.7434287070058474, 3.847073469436425, -0.3875342011171001, 1.5599831569747393, 0.9945816238698233, -1.2861310207289138, 1.2651602576303773, 0.8707705333582694, 1.944322415586643, -3.923260970513803, -0.9087825870327094, -2.126416579550646, 2.3294165926804626, -1.9837535291012287, 1.7836710152878137, 1.3488957565462942, 3.3309424043638747, -2.353787854498576, 0.36917169801605904, -0.1735263740625384, 0.18755033325266696, 3.9908670425128814, 2.2867706581435314, 0.02796613831734357, -0.698691717565606, -0.21435871214399527, 2.706509627731349, 0.03917292437763531, 1.3371939806540922, -1.310330225995376, -2.06489845237477, -0.03711574132453477, 2.5806887679033785, -0.8568023479476075, -1.368144856556802, -0.5845945487054776, -1.934510992181774, 3.4882938788148374, -0.17643463325666486, 0.4446183911618817, -3.659031706575698, 0.9158007460202887, -2.2489220423100202, 0.3229593147955845, -0.508579801310943, -0.43526620149945094, 2.465089686910001, -0.6220081120250653, 0.24835556505831854, 2.7817163603747694, 0.6175655253604495, -1.4849883252337137, -1.203373247989401, -0.05109819461076248, -3.399063593883316, 3.8359439130541273, -0.28088805250072674, 0.6401697695576031]",0.72
6,"[-3.311554009547869, -0.7305994106651512, -1.4769267587699892, 0.22061466742819558, 3.4002215350422658, -0.9491891540382345, -2.198970734974615, 2.9750374328199323, 0.8828762811160547, 0.3351240140886149, 1.460882941176914, -1.5011158366105768, 2.092593189008189, 0.7372484628296326, 2.8653307741949607, -3.6869962114030264, -0.7654247894784194, -3.0117552275609696, 1.7555176617468142, -3.1401151221398855, 3.072453604458914, 0.026490877925563705, 2.542653280017279, -3.4860036227288425, -0.6800606452842225, -1.6041470069474295, 0.23577892962495245, 3.746844941787533, 1.6324507612848462, 0.12877025118278296, -0.7612650649738166, -1.2635953959791573, 2.1907492557705748, 0.5216841002586825, 1.728721864012097, -2.5871945132236447, -2.3101519974138105, -0.8200194745565722, 3.206667069660303, 0.02630124646707216, -1.1109599859327248, 0.5608461148169526, -1.259439549524318, 3.170361319503685, 0.39631442934150835, 1.8944535404971854, -2.6405448134145577, 0.09878614680813505, -2.6883507362537795, -1.030802057147877, -0.16318301797527712, -1.2324010349964984, 2.4161025427016214, 0.13502945247164588, -0.27468751580300205, 2.0580194401682395, 1.0845173926089973, -1.6590791872384736, -1.7599570007680279, -1.8751746202056583, -2.5229400012099745, 3.6922007841163715, 0.7630158075496112, 1.4505838255930292]",0.72
6,"[-3.17469024309161, -1.9931916340822868, -0.9935448477827755, -1.135516335178586, 1.938345561635788, -0.9548397905590792, -1.271602992715398, 2.4014241502531597, 0.3188546000561405, 2.1522524567555643, 0.6575519096600353, -2.486191543172061, 1.3882295504723472, 1.8827420588831727, 2.71602134841867, -3.9367144828784224, -0.7198292891649284, -2.808971132129736, 1.8123362747895628, -1.5523423115398778, 2.1743439931972532, 2.180755503510217, 3.0051828024168077, -3.4728646323890753, -0.8595033704053172, -1.0786311840561518, 0.12950687170005853, 4.090260725129308, 1.5107608552765308, -0.009732970792977969, 0.2463964503672053, -1.0045094558902694, 3.6340922804891163, -0.12080296331365326, 2.962169529076344, -1.6550563020088565, -2.1180504216038867, -1.1258393529452242, 3.3802601114766913, -0.24364164487247875, -0.7295046868658489, -0.2848710382713676, -0.09190957559922008, 2.869400410882338, -1.3557132697987704, 0.5020090052236863, -3.1138962189375627, -0.031729559503109815, -3.2272552214682912, -0.8584779644293095, 0.8428843219691533, 0.32954958187708583, 3.3011001375288584, -0.473801269516169, 0.9591749763905022, 2.354478942469906, 1.0934968655029405, -1.1816193651911657, -1.063208732809086, -0.09517615231075116, -3.3036602372462376, 3.852261797766496, 1.7124250711808577, 1.4712485876211432]",0.72
6,"[-3.3764935261933475, -1.7230359612806345, -0.7037551991501098, 0.31617892016724886, 2.3596093257076864, -0.19740578216857607, -2.3618717228931088, 3.754620397151154, -0.41100375120329413, 2.110267866594295, 0.45148226280670006, -3.1522395263658485, 2.8810496924133298, 1.1861121934022096, 3.5226650029527953, -3.936353036497736, -0.8089566019714743, -3.185442623045743, 1.8645559550821165, -1.6667839744868478, 2.675438774640654, 2.208943383311003, 3.328534354241019, -3.5728575430731033, 0.2746278812533299, -0.5077722645168816, 0.16487243794320716, 3.7679754541587696, 2.218002390344467, -1.2381889111694446, 0.966226887414586, -1.4659714857981516, 3.135779743108537, 0.8544870069403895, 2.104268601316339, -1.8451610908543135, -2.641629644744685, -0.2600659109638771, 2.0576983607392783, -0.2539894244515221, -0.2585675480031526, 0.2173203364891506, -1.6753070026808905, 3.2616469433140605, 0.13694353527950143, -0.3942936591310766, -3.0407956926430755, -0.04782619142357101, -3.1450865776763264, -0.5295324721839592, 1.2118018496408158, -0.08427981685814678, 2.471337146933588, -0.48653990469931585, 0.9496048571630128, 2.4053272387949436, 0.7573858963291675, -0.8778016010602472, -1.7158207987269753, -1.3305462593102069, -3.8516553304625347, 3.157524020036093, -0.26819025126716256, 1.9416110435322378]",0.72
6,"[-4.266943613671604, -0.6623381205180006, -0.5747711324791681, 0.29553270812887944, 2.125477821322135, -0.5951645741601317, -2.163393634990672, 3.724187821455437, -0.5591618142614165, 1.8319422109027799, 1.0302917749825082, -2.243957352211365, 2.2132538504775594, 1.3143184063622428, 2.4069758405392383, -3.608132917068944, -0.8187568894969928, -3.612782326992681, 1.9860935014206174, -1.790907857551839, 2.5238344101776415, 1.1579321671422316, 3.1495242563731765, -3.685912349423546, -0.39138774293583056, -2.1974654166096093, 0.0748449786520132, 4.033803504013974, 2.4612879110773935, -0.8386282486172657, -0.4642843502584263, -1.220045623395949, 1.93695227301858, 0.5689087309093503, 1.4654466142521128, -2.5886729223406064, -3.347207531866924, -0.22284302091455843, 2.7035113742695986, 0.20957789509996136, -0.11790548682565483, 0.16298556202894202, -1.0809296878967487, 3.1282083461371384, -0.5587657050607406, 0.5231498858632994, -3.606315720793628, -0.10819220626754211, -2.7416792700463555, -0.2795332318708603, 0.5166971846585413, -1.00232601689573, 2.958714096125827, -0.892166440608125, -0.4583125667948814, 2.851080044703597, 1.552693241001701, -2.2680284554136527, -1.188390639060668, -2.1880971060680205, -3.630531379804244, 3.7976482477929987, 0.4993011118757549, 0.9703789128706723]",0.72
6,"[-4.508578335801071, -0.20191343589748995, -0.9679911398256534, -0.23737635358818143, 2.672859315903662, -1.7560620846142188, -2.878296347771054, 3.9634788901334153, -0.5423636147053348, 2.044892978925445, 0.915703341976391, -3.0617878775986984, 1.5076180782615838, 2.8099315201678485, 1.9837323681934549, -3.85090370738205, -0.8111161453000514, -3.2295648391030545, -0.211201615894266, -2.7213054437803037, 3.1448936410717803, 0.09393381085422936, 3.272948919092855, -3.5872280677718504, 0.1497311432357772, -1.7612241420463928, 0.2122752232874104, 3.771447834978163, 0.6517561829841991, -0.3002441037043914, 0.15970807387167485, -0.5583150763565741, 2.4446938913832255, -0.16298582619524704, 0.6710627410361971, -1.5051279956738357, -1.4126623032046417, -0.20051808797718362, 2.7911514788687186, -0.8006309752775801, -0.962047338785305, 0.6853446456421683, -0.6272192865054941, 3.5001778990651844, 0.14433661232909817, 1.085595172929531, -2.7638998731214928, 0.5974100864777995, -1.2120817623749542, -0.8722000828821828, -0.15137486780808218, -0.7023189508266312, 2.722128834269078, 0.2950589068468735, 0.4090288910377652, 1.4810758064357659, 0.9388573331107766, -0.9580930596742313, -1.6838039582503865, -0.17358232057174794, -3.5601423007126556, 3.2723439833455013, 0.5946995322847043, 1.9439469349344014]",0.72
6,"[-4.486526454042268, -1.2949636198851482, -0.7661295464955187, 0.7105639537527255, 3.6045768963451805, -0.4538158433980953, -2.853709798364336, 2.7085998062901724, 0.9301294769553685, 1.938551380525264, 0.37966179279076345, -1.278566763494638, 1.690673193384622, -0.3916071960810237, 2.2217212916399975, -3.91895237486856, -0.8016602167662608, -3.888229518657312, 0.7978513427056204, -2.6624427918056983, 2.630517655620828, 0.6309864132460059, 2.553977989033031, -3.652650095418661, 0.7419782384165459, -0.332373159066899, 0.2307735183140353, 3.1849260582832364, 3.0600960376620154, -0.11931957906241508, -1.1535193567243693, -0.6337739855718024, 2.0876814594432664, -0.35261625865124896, 1.341005030390188, -2.282548967910925, -1.8941374610394561, 0.8139644798294189, 2.2602428568440507, 0.05304475295700273, -2.073657258058848, -0.15537260322375468, -0.5444418099604549, 2.4733883076451955, -0.16054150808168427, 0.9130749845488207, -3.9074308518723826, -0.6409447223550104, -2.5856848386282336, -1.7987495913836236, 1.02667454697733, 0.2266734043770866, 2.2973216537984524, -0.16323369464428436, 0.36009845491766823, 3.4025303727860625, -0.023557409664681228, -0.7078988342754042, -1.452533736546526, -0.3550820332669613, -3.157576097051146, 3.77782996983327, 0.02505496167204968, 0.767341152519614]",0.72
6,"[-4.485731430004633, -1.3455630889783161, -0.030986794425118203, 1.1080784286005179, 2.8233091592379176, -1.0182250325686641, -2.6506343059178574, 3.939887564684802, 0.21975501463601937, 1.8606767867374088, 0.49376482660716914, -2.027079778239278, 2.3011553487277387, 2.1212811976549046, 2.4088185659175942, -3.125612331804767, -0.7459268051636679, -3.035197666485987, 1.9205966676006874, -1.2824690154861134, 2.3694336515981718, 1.9078662750840727, 2.594860619606256, -3.041284459941142, 0.02932557940950309, -1.2617066145224576, 0.05137138258903148, 3.9224292900621807, 2.294266085820688, -0.46880737174489345, -0.047986466353933444, -1.6975407809139926, 0.7414648689592476, -1.577050534992738, 1.0250125837756072, -1.6362360296793372, -2.457122750004707, -1.063524951378727, 3.353610067535814, -0.3057396124103365, -2.5902744323598457, -0.047372172831261584, -0.2980706627799571, 3.273572988423008, -0.1630947570852373, 0.46318298336202857, -3.742685520538301, -0.13867217518082836, -2.9898864370382827, -0.5675896059264357, 0.3729060666076166, -0.5326120923368837, 2.545001827764189, -0.06921695088458726, 0.4688462794528724, 2.49278336568029, 0.17364478923755033, -1.6956741335372534, -0.12267238286753734, -1.3220951632218947, -3.096433547605751, 3.762101067886423, 0.7633269389381891, 0.8310959579318241]",0.72
6,"[-4.398739129855624, 0.7304588243868186, 0.19806527610380986, 0.7873671076935871, 4.001230257192189, -1.1246939765926085, -3.2396171976371133, 3.526922408778629, -0.1511938453009547, 1.485314749948303, 0.03470134093777988, -2.5200270812695464, 2.0841962827517073, -0.2397185851610072, 1.5720687355346918, -2.845329653843417, -0.926581620200708, -2.917452386143709, 0.7369914838000078, -2.8802930896504204, 1.9245520855536786, 1.1212413832198869, 3.308162115514529, -3.602429301084761, -0.7310119768320955, -1.378739074211341, 0.19817184156582116, 4.016736030375441, 1.2155822366789515, -0.4134983424905497, -0.7568531823211966, -0.8759986200147472, 1.6430853823625546, -0.46809449150782595, 1.831252756274806, -1.136257856106897, -2.2243009967587053, -0.8496992557384722, 2.2377512495941034, -0.9127778094701081, -1.7070673388516213, 1.119192300567842, -0.7001344776970294, 2.9754100947169637, -0.313563659470064, -0.17920334664372195, -3.9100244636728476, -0.04966641835055069, -2.69139273436673, -0.8885480485978654, -0.11760918743627768, -0.003872321128303602, 2.972533696422424, -0.029746386031803858, -0.2243419257965874, 2.26080319965338, 1.7953908407938455, -0.9213669641155713, -1.0239211792591996, -0.5942851814229548, -3.9355322154539025, 3.2782021784730064, 0.7902032175959584, 1.7724539851033454]",0.72
6,"[-3.4775380685173136, -1.4995449001165304, -0.0903738591747576, 0.43309382081516284, 4.105834278101129, -0.6893268996020675, -2.5554295245536656, 3.466996660283121, 0.39868472624847334, 1.5951465566598322, -0.06334735172872408, -2.3112032982914905, 1.1821917855423318, 1.7373493783846063, 3.0901676469650052, -3.7840688107798344, -0.8618652319692344, -2.7217578914091316, 0.7310520101192735, -1.5448179433076605, 2.19627933655093, 1.205592461213751, 2.886617304019662, -3.576913969333431, -0.3840426922585778, -0.7165096368527326, 0.2141700561961627, 4.168360449696207, 2.8764766412019167, -1.3474701369582598, -0.760066121651639, -1.5599038925649338, 2.478997867774078, 0.9557104116821955, 1.4191356187271833, -1.2231153038110751, -0.4107756775193798, -0.5159780390626759, 2.939106383725966, 0.17084236469155653, -3.3209346586893065, 1.5445950887464661, -0.4710573158267575, 3.2719991116781224, -0.9844597085824758, 0.8065395526918018, -2.6768463584378113, 0.4410834104456446, -3.6092668281309592, -1.5648652965482823, 0.6311636922237701, -1.1319438967033695, 3.640984548298668, -0.6433062248432623, -0.4877382434819148, 2.9020697509848716, 1.045443785640523, -0.8226820497772198, -0.9113129859630187, -1.6066928371634888, -3.1682476529930383, 3.5375409488868788, -0.04964009720344187, 1.6863417115295358]",0.72
6,"[-3.34531054085825, -0.9128562800729529, -0.18464763671540063, 0.19283451207869357, 3.1740582510740234, -1.565647995292076, -2.489353086454602, 3.4415889100817494, 0.46132043516649435, 1.9044234467971544, 0.03023963943792707, -2.6198232706110325, 2.2737039973288744, 0.1934722120621698, 2.1911028083530235, -3.9323578055791035, -0.7061429460433926, -3.7451042205205805, 0.45807071734084526, -2.2711141559325294, 2.645346714858049, 0.6480564051044553, 2.386522467637946, -3.6887002511254368, 1.6327208447151396, -1.0653462525146606, 0.1949531247787561, 4.1655608488235965, 2.7658759952541554, -2.320804857385204, -0.29972997833710735, -0.7798807767889726, 2.6046213475116256, -0.010802764458392879, 2.978174160262923, -1.790698923337353, -0.9511217848589957, -0.4016731717299913, 2.0242642294764774, -1.1789026167406187, -1.5881029762978778, 0.38271866101760643, -0.8762695316206173, 3.3330436792440454, -1.0610118851308865, -0.12174940967938386, -2.8564055702641293, 0.10798602961684553, -2.9348886441624615, -0.6527321276297007, 0.901063123595669, -0.19328437551724387, 2.9907140472368097, -0.25897679629774667, -0.05422090880924796, 2.2557137020608296, 0.00967914806472292, -1.6133439790727242, -0.30916921487313165, -1.7876848541302757, -2.944342055633082, 3.175402346308714, 1.32922034555506, 0.701652264537064]",0.72
6,"[-4.368130911731066, -0.9389117726848873, -0.45433155436064815, -0.40601115025195667, 3.7011031827872145, -0.38397055561341153, -2.594708356458626, 3.680564106731888, 1.256166590774406, 1.8670670723348344, 0.8016479541938804, -1.812536161166837, 3.0944638359516787, 1.5944522737609401, 1.4376884162498165, -3.3841834815986025, -0.8293781852803652, -3.265621390140054, 1.4428609149236282, -2.453985801934574, 2.2735557964338358, 0.8233985088318148, 3.2269976750762477, -3.6456582429618276, 0.14544083707935632, -0.8806725389255943, 0.17946202521888038, 4.103803959871215, 2.8267481426761663, -0.10276359200714436, 0.1289713412945126, -2.4789143255792023, 1.6470222427522845, 0.08865280991363306, 0.8236692287783174, -1.3005998832564165, -1.2481142940423338, -1.3153185532686038, 1.6578415115830962, -0.46871745415266763, -1.3282066442623321, -0.942362936514344, -0.17843281133645394, 2.189416290707591, -0.21396151144567957, 0.15033975842349578, -2.8556245748990494, -0.5875987894206554, -3.2881526770955953, -0.9494914959501046, 0.45353810652644744, -0.6810638044172987, 0.9649729865350705, 0.6393730446443964, -0.06276353513568084, 2.773954068619734, 1.4503576565180154, -0.2664464783055802, -1.1873548372756382, -1.1972625680294635, -3.7864847821555436, 3.5751100914907568, 1.024578233399448, 1.4783626789049296]",0.72
6,"[-4.368065538201859, -0.3743704704882791, -1.1740393350745575, 1.1478281998557562, 3.1821148215618926, -0.9790084551853916, -3.137141683775068, 3.38085499506386, 0.6426851593200561, 2.438187513864166, 1.781655698200642, -2.041574499626492, 2.031064850983772, 0.3536137750739544, 2.1658671249222503, -3.786273633149081, -0.7831961602477661, -2.1132870419290404, 1.0506252212869478, -1.939758769309941, 2.4421111749544626, 1.7955950177587163, 3.3109004276857106, -2.3704224369326727, 0.042329031929881716, -0.9546611519175158, 0.06422182227527705, 3.8358050116110625, 3.5850145629128667, -2.1535253162020433, -0.4820307525506637, -0.6290375759978531, 0.38551779374189477, 1.3059132012090404, 1.8042399856723912, -1.4676754498462705, -2.513162552108831, -0.06521135972740283, 2.271840586682596, 0.2909099172340185, -0.833428379376785, 0.9035486162866069, -0.603017469548895, 3.451361095647304, -0.31239064333606437, 0.06796198291833389, -3.0550610116029984, 0.7756224489275718, -2.1851476962547527, -0.7539959875700677, 0.6159607587615853, -0.14903972105200242, 2.8694525640543755, -0.10784838492286834, -0.2850201063249675, 1.9529008240269063, 0.6235671935318732, -0.584767103260306, 0.340078732057412, -0.5604057483767314, -3.679322533786181, 3.827448930938443, 1.173487393466221, 1.5962122783350676]",0.72
6,"[-1.9918253322646502, -1.3272832083453399, -1.1632610930354583, 0.8916413021924555, 1.5881245680441693, 0.7448346024403814, -1.6842985809194306, 3.2997186982592592, -1.4518354456431686, 2.4427294944091393, 0.35969713616613586, -0.4757799758118182, 2.8933333850670198, 0.9209763484811948, 2.3594567621889455, -2.053361710252245, -0.6050266752723279, -2.9656970568704484, -0.19481961496501765, -1.4538559417461805, 1.773061347278509, 2.20603430855469, 2.708999897966738, -2.0447579468260773, -0.0381436545591812, 0.06480007305315727, 0.6916577437091675, 3.0676243630333766, 2.5645595632433986, 1.1496237463440107, -3.809693684097761, -3.0164098765016703, 0.3600719791326319, 0.40371206845388163, 2.6285356656360137, -1.3316723335173157, -1.1232238828932117, 0.9986238561079717, 2.2125208557858964, 0.4853108596226563, -0.6462188983941187, 1.0435567068440657, -1.741855274057099, 2.48635334148723, -1.910351216219825, 0.9584481399665385, -3.8349656519988162, 2.0359806207774485, -1.7270727017338232, -2.89105589386985, 0.17117563520325407, -1.7866495573496313, 2.053033009775473, -1.9223706541801917, 1.0308977653465794, 0.7476544525752111, 2.6073304905155923, -1.9021910794804273, -0.3758538558913266, -3.14107472353248, -3.8523169389106657, 3.476405561490072, -1.6550702010621432, 1.099647733013998]",0.8666666666666667
6,"[-3.5649210511749576, 2.1133296107836133, -0.20156053292572734, 1.3737457655378587, 4.119520194650051, -1.1358547786583557, -1.0396957585561326, 4.365646658709444, -0.17309303663441905, 1.606878745746607, -0.4734916798241823, -0.7279973272154949, 1.8992743816846898, 0.7509146389618634, 2.086786274987434, -2.234474600469759, -0.5565799664567356, -1.6095845841306065, 0.22135359190807635, -1.7254231894141328, 3.2773135458810754, 2.575298227711335, 2.486594668652909, -2.1460805531738707, -0.4819475928996383, 0.09961110453858851, 0.7826358135821971, 3.853737950997139, 2.661038350638887, 0.5201778242321274, -0.3177026647494432, -1.7710019487986939, 0.34869616648677737, 1.183539813422514, 2.272896847206752, -0.84302028191664, -1.560762525970124, 1.7402622422999667, 4.419363844188594, 0.3264699070111503, -0.8749047027203963, 0.21616651575611512, -2.286651637855792, 1.22511924828367, -0.7312454247385298, 3.0282984936386868, -1.6912530399140304, -0.8283038033560673, -3.7500771236119377, -2.1157405288582356, 0.29853662883343657, -1.7351054699607023, 1.6859724636897588, -1.7627249718229803, 0.8347811731038249, 2.131756764831209, 2.045851162888727, -2.6400623025125474, 1.1533361438513625, -0.6714861672574692, -3.914244883803244, 2.6718888394524747, -1.8075703605332827, 0.7912602715771619]",0.8666666666666667
6,"[-2.572994624835162, -0.961121482617789, -0.35751565689167025, 0.2850552568850604, 2.617371190870546, -0.9066593609681433, -2.9972556204748084, 2.219057516095446, 0.9857814193131526, 2.0948334895396337, 1.6869426630455024, -1.2525913148979677, 3.0247634632804665, 2.3848499108453534, 3.5546612993193314, -2.022281141792405, -0.5899561941382672, -2.085960622857284, 1.8009579743774946, -2.8016586555297214, 3.3011018870485582, -0.08591701166064514, 2.9680313316012845, -3.684913015367659, -0.625204157375193, -0.8346844285022574, 0.6620209200036988, 3.595230889400146, 2.4786584285779933, -1.2843755079777845, 0.1587285177715947, -0.5637696947045204, 0.9405618360343286, -0.591790142940678, 1.6164580565794635, -1.9133942741157597, -3.306904900287412, -0.4559231344238643, 2.4773642299546528, -0.5144784516289991, -0.006110244224254213, -0.20399087620708078, -1.3164361664888395, 2.644736276976931, -0.16437084746313296, 1.2453979711309346, -3.332189895544364, -0.1866890552747367, -2.502617201356914, 0.5217090735155681, 0.8138565005730017, -1.4304244481989419, 3.5263064455166524, -0.24546916036463007, 1.1760046039214773, 1.267031100440381, 1.2500318347094688, 0.8190266131844377, -1.2765346817259788, -1.4241891866763874, -2.8656568546899437, 3.0413783451666623, -0.4036533435412696, 2.038447805429251]",0.8666666666666667
6,"[-4.4798001346764895, -1.3777520890755448, -1.1880478062475457, 0.46576550212697543, 1.9581490204180771, -0.579099877212718, -2.720852896376969, 3.5312538354503404, 1.0564045855089352, 1.3463835202800367, -0.06681808654386812, -3.1221629618376125, 2.724145301148731, 1.1323938012305792, 3.816077985839458, -3.9367169462195277, -0.5710797033393369, -3.097615499084797, 1.6446998697600308, -2.6573520175076406, 1.8221111683908802, 1.3449743569898134, 2.7074588450599717, -2.958407600201604, 0.43088319279349735, -2.284482376915893, 0.579201627386944, 4.189171030026298, 0.8045081171120076, -0.21522425229551295, -0.3762912258367099, -1.3755700682315202, 1.7802738998270047, 0.33544688694729263, 2.1793291835387523, -1.4962537394320619, -1.9380108683635076, 0.0676798874381292, 2.443648329653786, 0.4831439122454402, -1.598779326055484, 0.06407509466331757, -1.4968349318056173, 3.2462379899374962, -1.880548857734866, 0.2750870771428854, -2.882500688984049, 1.225262988221106, -2.593300872583737, -0.26508994243456385, 0.13203538812978421, 1.0520687664431483, 1.5260980233948231, 0.8122117160103306, 0.912567239713262, 1.4201102612514545, 0.6218220359669893, -0.2745009244387573, -2.0602967144691853, -1.064833222959186, -2.4987582269592234, 3.5403345053910638, 1.4822742319749427, 1.9899654600968129]",0.8666666666666667
6,"[-3.7935074651637195, 0.19207985612928252, -0.8095139898405788, 0.5607802137781669, 2.6873329555900436, -1.7215926020581584, -2.619557897390286, 2.70534013860374, -1.047801669230286, 1.7988593089048028, -0.39223468020060587, -1.6069745407275369, 2.692847652941426, 2.6609480211456846, 3.2303055093113664, -2.4221480117966268, -0.5381417763773464, -3.535345587486149, 2.0765572058065858, -2.678522733083833, 2.883371342965397, 1.6008289688247155, 3.2598976357571354, -2.3841765212722335, 1.1840996224793112, -0.6793958274133353, 0.5953901673143568, 3.8787568454322887, 1.9286057499555949, -0.8019793166234487, 0.036034248789421824, -0.7179753948115271, 2.0732981914906703, -0.7742897085020516, 1.2812437064239663, -1.283632702905564, -2.954091719492308, -0.9289049824791573, 2.5413537479032606, -0.2825025087242984, -1.0283736802922112, -0.12516765646214048, 0.2577982776144866, 2.9192253766179466, -0.8431475513022159, -0.15437473829003012, -3.2391776225187465, 0.38164863861707965, -2.8182086433790574, -0.22162864861370168, 0.857965421023932, -0.5666634933350343, 2.5640211988037587, 0.5259619997765904, 0.9023271206008676, 0.8576142247340985, 1.1060234641372073, -0.5413923477658851, -3.1723563799129124, -1.5256636870429756, -3.5486002695344254, 3.409178415423183, 0.9238322688754779, 2.6513113798516157]",0.8666666666666667
6,"[-3.3873847106667294, 0.7282372229629805, -0.6889986997036698, 0.4766084070762837, 2.411396202332956, -1.4026234704990035, -2.1329809699105255, 3.355065311752351, 0.07212316199116371, 2.1600358963603385, 0.3547349110507037, -2.3088924901405603, 1.8979324526807182, 1.5765005385755506, 2.8495231912120467, -3.69649294446058, -0.5771940591015989, -3.34834811132722, 0.5851762694347004, -3.159719031815494, 2.3857505267556007, 1.5267189264493715, 3.1995941431490724, -2.997878829832344, 0.9890153688072807, -0.7344331324689282, 0.6021634200754293, 3.644548489927068, 2.4055116188372283, -1.3900914422857984, -0.6390871435369494, -0.06653288657641443, 1.7842685299943222, 0.3659226570097919, 1.5162175945312837, -1.0856799499157597, -2.4982703167716758, 0.4644368852021252, 2.1064389806914017, -0.6144946747202056, -0.7710348554778569, -0.7532417470268098, 0.17370365658099163, 3.09716992350547, -0.8185827358553185, 0.34812816302885186, -3.7482610185998944, 0.6176014463684174, -2.968267889004082, -1.5685904740060412, 0.34468922838083205, -0.8384854011394955, 2.358523704677103, 0.08827115530715623, -0.24464919084606812, 2.8449203632749085, -0.5256142437989509, -1.1103369193714216, 0.47919800697243586, -1.4137509388410234, -2.6444771251937924, 1.607606152473503, 1.7511758699672706, 1.911436788335621]",0.8666666666666667
6,"[-3.257702428843217, 0.0440579702473512, -0.800387031908286, 2.2025215851429194, 3.5609265017277734, -1.6807791189818602, -0.8090840825810901, 3.9395751773291927, -1.830079820874595, 2.4573643978089414, 1.5100142110851575, -1.5501300041187356, 1.2645888380137045, 1.5989213694908806, 2.7721076610290787, -3.7345088287016583, -0.6090421863470474, -2.682870777363442, -0.1838237650616501, -1.7685722298705973, 2.2306113513328305, 0.9946826064598161, 2.057280103176688, -2.987730041922832, 1.6638441905936534, -0.3230331744749515, 0.6392498350338441, 3.579963515557979, 2.177858407198981, -0.7626070360220262, 0.19146257766046795, -0.6544582196271904, 1.9143515862638072, 1.1549368485139948, 0.6256508784026507, -2.7718308796441598, -3.397673742260952, 0.4466686310251, 3.483119091832453, 1.0797604054774175, -2.0665952102777023, -0.21362722589756594, 0.3874244359431779, 2.979660468446932, -0.7238864869036612, -1.3076354092206663, -3.4007289891970447, 1.1267520230800445, -1.3809001125402378, -0.8704704957562208, -1.0117924341863875, -0.7463783445353662, 0.5343959695088363, 0.5136419998826676, 0.3440017599911047, 2.2224999688356557, 0.26046119264157175, -1.8558776674057325, -0.32312160299832143, -1.2731323403050503, -2.7557809448542336, 3.1948477443714527, 0.6282451002859709, 1.2693457046066356]",0.8666666666666667
6,"[-3.577322191167981, 0.42542572266709255, -0.42605072331998795, 0.8017818199124053, 2.825049218480353, -0.49500071151172115, -2.6851361123417123, 3.190274653271474, 0.04141362440780655, 1.0324707587714954, 0.27597616175536854, -2.374778390189895, 0.16340085095253287, 0.43587916447649416, 2.664189017083302, -3.1058283759750442, -0.5798043695842441, -3.4251097433942572, 2.3575600841316797, -1.7875481358210477, 2.222300889924982, 0.5683155833272222, 3.3234617355121645, -3.6467894108503978, -0.7803211401504337, -1.1324430983098466, 0.6458813574516262, 4.0127789663738795, 2.2063161008718066, -0.7857464812030295, -0.3943041737585921, -0.8230162214598878, 2.0730544177925356, 0.8072794370572083, 2.5829025104646135, -1.152506197079349, -0.954387038977353, -0.18518701009958705, 2.8918240296002042, -0.5880467063854404, -0.5529339568839083, 0.05302270497245898, -1.0222888211128545, 2.960002979398282, -0.6906966191065813, 0.8469438975059573, -2.3127919925306735, -0.23188176227003512, -2.57517597602445, -1.6882004171734553, 0.5763646626763593, -0.33408038638686777, 2.192156307621555, 0.29631362635840786, 0.43319491865937043, 2.1542689153725796, 1.5845875419226523, -1.8458191203499603, -0.5898256642412882, -1.5151069866815272, -3.023463677128966, 2.817952551315039, 0.7366101340256056, 2.1062260527547165]",0.8666666666666667
6,"[-3.87213340826184, 0.8862154297556133, -1.6441279174005428, -0.7175524398917175, 3.543116514501858, -0.3155011385687686, -3.025551492549035, 3.6522507062757494, 0.3508488517502333, 0.9156142800821047, -1.6125490553831878, -2.5817769499967786, 2.581158556863093, -1.2035425097987271, 1.0563978962398537, -2.789860595031527, 1.2399273274593914, -3.981030889726438, -0.26053178731149806, -2.697335401465428, 1.7531258826222862, -0.19348805112986178, 3.3039205988414326, -2.4388127268580653, 0.5122302638061674, -0.6496073891139764, 0.5670972418410822, 2.794053018507526, 3.0262305415382444, 0.08261330305680792, -1.3679695859797094, -1.880067765926061, 0.06086817516864107, 0.17416600803480642, 3.0898998112098828, 0.31792581224680194, -0.2007045897653763, 2.025060012379128, 4.418616802576793, -1.8664377477073895, -1.5244429704661375, -1.1680100928156445, -1.4859713542452342, 2.302899261741503, -1.0053605150384632, 2.1365446866587896, -2.545774074015629, -0.9463332261832871, -1.232821529672294, -2.215800622101783, 0.3935909764834564, -2.296715702702759, 1.1345268497041905, -1.505246269470361, 0.4258822931416381, 2.2605086933337533, -0.022627701837210523, -1.9599629346590193, 1.3656073046886295, -1.4604089302371461, -3.5817043476870634, 3.571884092984636, -0.11909773068838514, 0.8673358498323287]",0.9672131147540983
