Run Index,Point,Objective Value
1,"[-3.6818736741260905, 3.3325170571006484, -2.9483411766161485, 1.223069596606743, -3.1562747012255343, -2.020978209246946, 0.8831089561361858, -4.267643102041693, -0.8470253925916472, 2.3976397027123157, -3.434951212123922, 3.2469102021947664, 3.0465283115402997, -2.3002181841340246, -2.3713956165435084, -1.2250656233425048, 0.26112175315989505, -4.192528853406526, 2.411360710533387, -0.827810498419344, -2.5507420207625624, 0.5320716655569369, 1.878811467663351, 0.04487011778147609, -1.9609983366901922, -3.8539809214250846, 0.02925917332270489, -0.5147222986219984, 1.1121248569254913, 0.483378647079073, -3.573866136283988, 1.1353225047759135, -3.245693247848862, 2.461239925416079, 1.6074190761606681, 1.5215008190921016, 1.1642284203298208, 2.9318640134833744, 1.8924293684580524, -0.005168893024633858, -2.511662962112654, -1.3914221032433325, -1.4564259349116289, -0.6337366924641401, 0.5393025004178569, 1.6479645253122994, 0.6811649635648038, -3.4269760512154224, 0.9844987934389158, 1.9503091116444826, 2.0672470993314356, -3.9570480631630223, 1.9613708793137872, -2.1664611623790364, 3.4079391398463135, 2.725022074378475, 0.43463868280534745, -0.3251687277433106, 3.653061742911604, -1.502662633103481, -1.3079533836246153, -3.128616157705406, -3.538024298337923, 3.2033949418670864]",1.0333333333333334
1,"[-4.416653933724158, 0.8771277316958521, 1.2214055005473097, -2.2247711571220417, -2.869958418971328, 0.056098735287638535, 2.467080849636247, -0.7822079571906912, 2.1088435095960048, -1.2528139279094659, -3.916577264628712, 2.2876123557541765, 2.884007653388852, -2.8613745240080295, 0.7254581031992902, -1.1884630305855248, 0.02517837882332713, -3.2629548460480544, 0.0659998990060442, -1.046720579525789, -2.9302232345247248, 0.666194838628186, 2.3806926645175195, -1.617020454790607, -2.4893061467058684, -0.6057647953342945, -0.0813357626598763, -1.0072442217279822, 0.008615207220357801, 0.5249830508173545, -3.2916472126470406, 1.043221939790431, 0.6992205773842812, -0.8686309503893979, 0.6306200800035735, 1.997981562346899, -2.2268963542850595, 0.12479313877236264, -1.3671002578811122, -2.489334118130296, -3.0738781061916276, -0.03662270984057231, 1.2318372916284956, -0.24788305028779511, 3.6262653587892526, -4.573901387437741, 3.0293365732610678, -0.18836594716057808, 1.728614944794692, -1.2543748155298127, 3.5170564358185428, -3.9212481911051564, -0.31872976945646336, -2.406911560668986, 2.5630950306715494, 3.068967878780004, -1.3077505786220631, -1.1381500283438415, 1.3002246966230064, -0.3177250598462855, -1.193844914378918, -2.2784794497014165, -3.857938633045181, 1.7017619870932532]",1.032258064516129
1,"[-4.082810405196576, 1.3243729549816976, -0.4684767573677452, -1.9481437209472487, -2.8186432640540597, -0.8479012895695216, 2.7088242711397514, -0.821613035044559, 1.0537186431500936, 0.6863232258857583, -4.10842245580746, 1.118639432232158, 1.6734975259537905, 2.036683731197045, -1.7249692241995835, -3.7051348846208922, 0.1526285755523338, -2.443348453721847, -1.2853392876459153, 1.5727529865925165, -2.1250598970706305, 0.3541781651619027, 0.830903140641273, 0.16067572973668764, -0.6582103291446402, 0.24863219153560168, -0.04055501301904041, 2.243309502564604, 1.6629394002352278, 2.452993222326855, -1.320411637473725, 1.9994113842006311, -2.9994760419747073, 1.3381752494698582, -0.6481649980824293, -0.6294198193472897, -1.5374945533909947, 1.6326053712755275, 1.919898430968619, -0.9174002589629979, -3.6931198784117107, 2.2538996359312504, 3.0709323157227315, -2.44401610332958, 2.2715275412419036, -3.7110427520668665, -1.9565446827838155, -2.086623773722845, 1.6788788207110423, -2.595720539090237, 3.5335511456356485, -3.976779090507409, 0.8622822128435763, -1.3703676633765003, 3.4122958433986494, 3.3589993788268124, -2.738006175122672, 0.17194503178951853, 2.866847269912821, -0.45640451890835276, 0.7997558231011316, -0.0939935270886394, -3.784262957286522, 0.6471454765427587]",1.032258064516129
1,"[-3.9877577337184995, 1.2670616080893795, -3.237954582633747, 1.4212512723432291, -3.129087946017801, -0.8478789908108477, 3.696926353654184, -3.056197585683467, -0.8064216499425475, 2.2150428415337213, -2.937685437192045, 0.9971017421648658, 1.1654294827793505, -3.618149561902419, 2.4243338570419337, 0.31291573844111864, 0.03330566209001695, -4.215424229008459, 1.9057163725355442, -0.8226388274890817, -3.1601114009266413, -2.9932397451644563, 3.3328842865788992, -2.5865456341924684, -2.4517421501674512, -1.676996152669003, 0.029523524388665706, 0.9196768186311028, 0.8529146442101035, 2.2257178282878156, -3.2384738204374375, 0.15043707982815757, 0.16774863162649956, 0.34988525614012966, 1.0323333648878017, 2.956545026748306, 0.4231565307880635, 2.3551353924207197, 3.4327917528640124, -1.0409409051236236, -3.141009278443106, -1.7703188916896528, -2.313241104194263, -1.676370244626174, -1.2438711856613596, -4.296541547937065, -1.1560731745571762, -2.5432251572765288, 0.28171601384953115, -1.7534154871361627, 2.9213839854695722, -3.854179800794503, 0.72996864327035, -2.4921600437066322, 2.773712173396272, 3.299977978897165, -0.3261436694498845, 0.3331066601640449, 1.9891733392950166, 1.5841632601954576, -3.9342025743160116, -1.987773639071468, -3.922453223890473, 2.6390561803202517]",1.032258064516129
1,"[-3.81105690030961, 1.7725161170462451, -2.184106816874812, 2.98817134783776, -3.10920447768618, -1.6568360374528117, 0.9471523785067991, -2.5606383620957773, -0.8068362931090343, 1.8483709298236464, -0.9203432644898437, 2.9802349454764667, 0.6553088351968779, -2.0283718766637655, 3.757108399196106, -2.0711413343886163, 0.07900826895377522, -3.5208846789253974, 0.5331812171829664, 1.5369099292550712, -1.6276775794824832, -2.3508619346823765, 1.5290472704596036, -3.4039448727959067, -1.4783031444121584, -2.2449108916740705, -0.004686053566959614, -1.2788102137660808, 1.024061736709589, -0.8274852362072753, -0.8375449795883587, -0.10715982662478118, -0.1368845768657519, -0.3157058688784917, 1.4651808499419772, -0.8645769119689941, 0.7291847718423774, 0.01931317145191036, -0.5048672204077047, -2.316154561529333, -4.251375588345656, 1.0917825758734043, -0.20565130337944065, -2.406767121061714, -0.1677907144886681, -2.3751003752276607, 1.3509610080501406, -2.5518334090329153, 0.8053855190565373, 0.3684085786359772, 3.184871739571232, -2.8349299147495977, 4.107878923971688, -2.789041493759033, 3.3431357240083193, 2.6513940770644546, -0.45691258565700665, 0.5938249587323337, 1.4826251357066114, 2.261038166670554, -1.6702333636872666, -1.8334896418380329, -3.242378760473004, 2.572840762741494]",1.032258064516129
1,"[-2.9810222043630494, 2.2046359733707264, -2.27427334752352, 2.1364061756323105, -3.09234132127711, -1.595422168569117, 0.13429135454588104, -1.6567808885829016, -0.29354952809658896, 1.5961908463984615, -2.034069627738847, 3.231337574603565, 2.8737344763212165, -1.9264870942037342, 1.3043475328975367, -2.9389466391207564, 0.11962779082445385, -4.128055645549595, 2.026187787163448, 2.1419089117951122, -2.001911633645816, -1.0340185872909535, 3.0962572465047367, -1.6276425071529759, -1.631369264407303, -0.6691035503692246, 0.08325423665182884, -1.0624891968753014, 1.980139722463036, 0.5358269359318009, -1.795591096999405, -0.3573452230116034, 0.22457891402751506, 0.7000309178344957, 1.413725332880982, -1.0763511911533339, -1.5403143178575915, 2.1787007000104723, -1.4341855706989382, -0.4678440377775728, -2.276516831648867, -0.8679124272128788, -1.1217308632978908, -2.9561144875011127, -1.3244866341835624, -1.5991594039125339, 2.586180354158029, -2.766644064509961, 1.2995713115405314, -2.161652767398976, 3.2573511974017997, -3.6463401662496615, 2.4380285265827837, -1.8105544365333672, 2.7134072785530305, 3.2490750538631596, -1.7801158168117477, 1.8303251132179232, 3.6940251037758074, 2.619595665721321, -3.8648918337401748, 0.3763664788303631, -3.942944646984988, 2.407704998637045]",1.032258064516129
1,"[-4.507417653627367, 2.757918224121471, -2.2434157626715243, 1.9854567511385959, -3.227647813646317, -1.110282946366867, 1.8225916031234237, -0.9656277833005955, -1.8129607996133916, 0.6780479172650133, -1.2228755903000081, 1.363468182417476, -0.1252606125554685, -3.5835178035040234, 2.7367981998993645, -1.0535229634837506, 0.09174982867034598, -2.11667821377268, 1.1944867008586653, 0.4391924986200749, -2.1391504979500238, -0.9016086101457126, 3.187928737285616, -3.729879581768032, -1.4193211237348429, -2.3520163894526287, 0.014398428599643937, -0.825192586059806, 0.9222629765123328, 1.4836540670625378, -2.028422274227667, 2.5236564363783183, -1.670280678473455, 1.9909359291085236, -0.18118229054758594, 1.1843050116164833, -0.09762029349079276, 2.3268825114838636, 0.49713026756054857, -3.067393309678797, -3.708491682431055, -0.9529713893076767, -1.1778947297357334, -1.9749172629308411, -0.7943467376366325, -2.9500325062139665, 1.108630013044889, -1.1432957015798375, 0.9179598690906783, -1.206557404734236, 2.9717902212915424, -2.1077505377306687, 2.231593948940086, -2.117977281886005, 1.150106165467745, 3.308703853383874, 2.1235434419577057, -1.0495647751472077, 3.341236410732015, 2.5007330276100603, -2.173532262657277, -1.9617128885131205, -3.8148321043421123, 1.0241724634515292]",1.032258064516129
1,"[-4.047360101008415, 3.7000271648925334, -3.2066570312220875, -0.2194778594889517, -2.7798681726526135, -0.7091501443479357, 0.5296566936067115, -3.73882713121638, -2.66043602200043, 2.1155614751300877, -1.8841788900843641, 0.6619478582798248, 1.4865036537882848, -3.3435182215095325, 2.8654608324691218, -1.1730732722730006, -0.059959563493644286, -3.219434119478487, 1.3910764274618022, 0.9010492633473417, -2.271915514236944, -1.7876737538606555, 2.49185872605456, -3.27309046580334, -1.725293424718235, -0.7172078886488383, 0.05666521705000397, -1.221129005011552, 2.287870550900915, 0.5169043998467886, -4.26991058774338, -1.1076658230499916, -1.229203836743075, 2.3968272215294, -0.22633557808725646, 1.7493263899776323, -0.9275557758318912, 2.2653665482839846, 0.3439932670854624, -0.7273170635214845, -3.585181377950397, 1.6914037071220769, -2.8253466607219653, -0.3788804319024237, 0.28748554685043015, -2.4640365423131096, 2.4730350360614786, -3.0186784983637365, 2.589359273845632, -1.5954306641001734, 1.617980950885504, -2.964943069249141, 1.9109546614490982, -1.4948668423738178, 3.023279729433923, 2.4227109984674358, -0.6999221648151436, 1.863154680872543, 1.0968105005768265, 0.6092803480647428, -2.271210225548182, -1.257121084159138, -2.7653814775841727, 2.8357801699766045]",1.032258064516129
1,"[-2.761712292678865, 1.9872058173319471, -2.612983835390267, 1.5043339088484553, -2.0773186324159454, 0.15332051012012693, -0.07276749895387824, -5.059435605020067, -0.7446887048653833, 2.2603426645526046, -1.8842121895263262, 1.6173517202849965, 0.8790028255942726, -2.597517918616232, 2.6165407169221266, -1.3807519442669132, 0.17735507039595166, -2.599157726318071, 0.8851531288769303, 1.8230250790842546, -2.981622766664691, -1.1571331246612722, 3.278146106813207, -3.6864621733478904, -1.0815611777341778, -3.315353346925333, -0.038531924575518905, -0.35204913756153944, -1.3812659379411962, 1.1733941017746594, -2.8446816162469766, 1.1756253838250745, 0.8842093460650338, 1.4001040978835702, 2.9216602924673936, 0.3774198597966365, -1.8254029677124712, 1.4607766375623465, 1.5363259976583963, -2.9215562141757125, -4.005851639906664, -2.368500220373287, 0.7554506195869217, -2.3669864334448523, 2.549359748861561, -1.945618357908748, 1.295458610291199, -3.4537486301491316, 0.4366560170975287, -0.15938597532096677, 2.0989603883680195, -2.250718728921227, 2.858562080008027, -2.391137207631979, 3.386862459157213, 3.522918502595934, 1.4480462226619075, -2.159073861909002, 2.354735319355913, 3.8008712996501206, -1.5561868174145477, -1.8258489190110603, -3.046066308834508, 2.5913553236019857]",1.032258064516129
1,"[-3.031442271974154, 3.9799416012377207, -3.0684615372923862, 2.5546609456246374, -3.4123999052315543, -1.826454207156529, -0.9910829895337037, -2.1398692775305177, 0.2984199426338259, 2.37413662090932, -2.953907820287718, 0.8540199809251314, 3.1480001334439196, -3.641733964437908, 0.3656499594188589, -3.360221468549775, 0.0561988185016129, -2.122091694141204, 1.0757344829698643, 0.9401887924634822, -2.053600716595965, -1.0961857448186687, 3.073635585087352, -1.5477336720130364, -2.1658302949485178, -1.9939145289713087, -0.02457909238549416, -0.11241082936899272, 1.9602672192747654, 1.767898596374296, -3.3728891943292725, -1.1243010886339184, -2.1584496992884823, 0.021027456630863917, 1.4423122953293133, 1.6523751854280255, 0.07327112541118797, 1.679383678557584, -0.05084418354692721, -1.2099397192287538, -3.7956873956919495, 0.8536880879351565, -1.6221682334751588, -2.871768631223686, 2.29191002294946, -3.7024423915769598, 2.72429087474433, -1.6967996235972038, -0.06392669930170358, 2.039643654036405, 3.462076854733685, -3.424569643289235, 3.8100947473960707, -1.8464961507492932, 3.203796824932467, 2.845964154450715, 3.2871529654433793, -0.30032389115482955, 3.0220991499009955, 1.9598801555369008, -1.651003204375956, -1.184309073162089, -3.992078651320921, 2.6065975149077207]",1.03125
1,"[-1.9328087502777653, 2.358972962796342, -2.8517735174729992, 2.79686237413737, -3.578074903376065, 1.123913061685162, 0.2312999779123091, -3.402724618067447, -1.2065513466476847, 0.8774712953972501, -2.555458483968828, 2.809585095140071, 2.4217462694445535, -3.6767529245071877, 1.3343837359645156, -3.8920442185804665, 0.10812781353785605, -2.3154755334345856, 1.937244881141269, -1.7440673031170637, -2.802115900693349, -3.275605619266809, 1.8260353694062261, -2.457959337955429, 0.5860067531750857, -1.6997830135179048, 0.08333183711928482, -0.38675143401658874, 1.4087450673756523, 1.7488169972522638, -3.933597524337756, -0.22747564886172666, -1.3444572275891198, 2.2319588470778093, -0.01693383730350906, 2.829088557874748, 0.1548951861126876, 1.5910926410178827, 1.2406609399461725, -1.6639874860816906, -3.16924086790452, 1.2141627380294187, 0.32282160576579977, -2.929372843768744, 1.5054102074479998, 1.006802174001188, -0.893331858579652, -3.5886117242634774, 0.12791660731090793, -0.34182047307713115, 3.5626527064639575, -3.9071970492462302, 2.3241688661200075, -2.9604945267788176, 1.1253827025819647, 3.0133005515708184, 2.07948794921285, -1.8890715956780997, 3.2755328082475543, 0.5071474416158803, -1.064457458186039, -0.7044589022953454, -3.1167841902772624, 0.4003975182169355]",1.0294117647058822
1,"[-3.6068538497071, 3.5148534464277574, -2.448145717575522, 2.456561843318897, -3.387025786318564, -0.6582783726340713, 0.614821364237488, -4.689749914354312, -3.86085970332873, -0.949041143881276, -0.5169451506541327, 2.7018484397460174, 1.8500229187991197, -3.7402591789345894, 1.9464348384943615, -1.2328619626327055, 0.01887627456636176, -2.513853172943761, 0.14715714265278024, -1.0320185514925253, -3.110626923062804, -2.243590985601475, 1.1877147739398235, -2.6743122606975733, -2.7257885372063644, -2.5255915936453723, 0.13768978885201077, -2.369890596697637, -0.45539259278488897, -0.08971662403545855, -2.8646700163929655, -1.1401478206339497, -2.27845326214538, 0.24730380268503727, -0.8754025275112363, 2.8533899346033382, -0.02609141452105008, 1.1488724353685158, 0.07476034208872043, -0.2970566495595297, -3.1588445822840514, -0.5427978667544046, -0.01884950266557478, 0.14512679538309214, 0.8269996873806427, -1.3676121864036987, -0.03771460463986109, -3.6484668509825045, 2.3107837899310386, -2.5592630623369574, 2.4233720749311036, -2.737306801854535, 0.15044963671769596, -1.8553079068698362, 2.3880823053832936, 3.213958171661388, 0.9209594669807313, 0.9290751265208923, 3.4934327669578593, 1.7969665353495798, -2.954543776424702, -3.4731016070271896, -0.8330451421820912, 1.2475007812349208]",1.0294117647058822
1,"[-2.188948941289034, 3.8422836453168476, -3.238805538008662, 0.6153735387506413, -1.4075394392855969, -2.679275268334073, 1.1299782569182497, -3.6591469601348026, -0.47899612432025784, 0.35299438718307297, -1.5814353058540604, -0.7020554714377516, 3.2257012302445975, -3.4158635722893917, 1.5084356523370976, 0.49988765491105447, 0.21672981794330526, -2.7083776343603474, 2.163924490698392, 0.18454034938960784, -2.917614225161712, -2.675463930904119, 2.25152687887459, -1.268884233308066, -1.564128199884047, -2.804204004549915, 0.05600667693390704, -2.7339533676404257, 2.3332196243467775, -1.5496848023116612, -1.57181906323533, 0.5857477987658914, 2.796558033655604, -0.35784382057791353, 1.7910025426711647, 0.8276571983080859, 2.4569912797645634, 2.9033062050312504, -0.7690895210978193, -1.2391675516258487, -3.955272085645391, 0.7241417510277774, 1.2203623926172877, -2.7495552334918285, 2.3296697624864535, -4.613081348244844, -2.11792192400988, -2.5877335199690252, 1.7438887756958876, -3.697747345110289, 0.5365673907312625, -3.897043765999627, 2.438742501063444, -1.2791246491353894, 3.126142079039101, 2.8845841278317463, 2.9056205337725265, -3.419132083181938, 3.3386633073232828, 2.581665905505197, -3.947395012805691, 0.5186019843422693, -3.983999322153853, 1.7230955097078757]",1.0294117647058822
1,"[-2.3177914178059504, 2.7731235723920205, -3.2377535607289047, 1.4711461615582544, -3.5757080543828677, -1.9712807484811727, -0.31032063353489514, -3.0612589196325346, -2.8398644581177326, 2.057355910793568, -0.9898177800378449, 2.14685506992312, 1.390248299624917, -3.0697800433224303, 1.772203016181115, -2.616342774209304, -0.08235855171360029, -3.580183849774584, 3.298127545045933, 1.2996303405969298, 0.34127754818341005, -3.0595905459904817, 2.290642278232449, -3.5896549603013588, -2.8422687088227785, -2.2685441563071707, 0.011646564694733796, -0.6468357164462117, 1.4032537289068716, 0.7130975756490358, -1.3477708709076386, -0.526718200048518, -2.429230684260324, 1.0681053856210263, 0.5899089088142281, 0.47513433940720784, -0.5603409611611658, 2.3417505432777905, 0.4029519902029712, -0.8538054808919093, -3.9958897680083574, 1.605255997263078, 1.1934815174450426, -2.0627583162144485, -0.529195047846019, -2.8268105173211833, 0.4250434219785455, -3.4952594304748263, -0.12762181076033163, -1.6355309851700082, 3.11056231701794, -3.349987631251545, 0.7321231241698536, -1.6554287783137505, 3.0257259727932757, 3.414384811270983, -0.5348078687746792, -0.05874525404544195, 3.331601134022833, 0.009789152270313295, -2.1665337459887426, -0.9713629552457201, -3.121789844918122, 2.9955524658640567]",1.0294117647058822
1,"[-4.507031065899339, 3.56324619943535, -1.4759383264183068, 2.1765145480537225, -2.3966526901082568, -0.6113768359993306, 0.014324624857815493, -4.5376019165282475, -0.6412979266117473, 1.6797743186832044, -2.457400244457699, 2.2452328564711883, 2.6007196365394476, -2.8615767561188825, 2.3006427280629262, -1.5344872746628067, 0.08545499283563496, -2.508076744748278, 0.2723935092589058, 2.3160803079653105, -3.0587503222062034, -2.5133928227394957, 2.3676156313123764, -2.500712051534869, -2.1199029202908055, 0.3281647982568632, 0.0037608302479478772, -2.4903037478949, 2.3345137505882265, 0.7257279298636449, -4.009156736123759, 3.7280209316976416, -2.5059913365985302, 1.6396555124940964, -1.0468958535768256, 2.243130066961557, -1.4095892794481177, -0.351028765220853, -0.9170879405473169, -2.415904074235886, -3.877557891191909, -0.2430701832103287, 0.026359446449492285, -2.1507571173974025, -0.14744401958067688, -3.614518410318505, -0.33074696299871054, -2.728003596193134, 1.5217782270450186, -0.8207656817844028, 0.6680360132368648, 0.019723594023356217, 3.765492734503018, -3.099556092324063, 2.674578625510801, 2.4336784188881517, 2.140577356226148, -0.3090810579211032, 0.8225504004421, 1.8318425588326273, -1.876648867313889, -0.6359857851220716, -3.275401735471272, 3.193057316059239]",1.0277777777777777
1,"[-2.9943422460119633, 2.208568742969237, -2.5985875067677453, 1.5537326791956318, -3.1116890840212337, -1.084039332795522, 1.3303053793920032, -4.965510667698371, -0.4017746980221477, 1.21266348923429, -0.6270109618260871, 1.3302229877875251, 3.2307269760522104, -3.6918077712121544, 3.815456463519027, -0.453764898320586, 0.13719063813293841, -4.173269543146827, 2.181876679608348, -0.2680347075976895, -0.9475592333270508, -2.4777085156426524, 1.339042205303343, -2.4977290660568214, -0.5573207228737922, -1.6321384672873167, 0.07875649556216957, 0.1442455295896783, 2.742770744886617, 1.9599601430681532, -2.984673527143509, 0.5094249254654097, -1.571439356111267, 0.267571064235414, 1.337731663872309, 2.261361254838235, 0.6101531416370979, 2.6225085896852907, 0.5779638152283328, -2.5487721025882433, -3.241442171759861, 1.1413148489586942, -0.49206851230785875, -2.384835013124175, 0.3250453550031921, -3.2282870713549023, -1.0771204782612163, -2.247907706597867, 2.600531499717344, -3.1010451158425245, 3.070729664649214, -3.4954904520859227, 3.967132741611383, -0.9030738974224848, 1.9562534019065108, 2.8723940946216207, 2.2565025358129662, 0.07266160614864403, 3.675439758759772, 2.0087966625640674, -1.9422536816518954, 2.2854274326280573, -3.851688296291355, 1.3258363934708206]",1.0277777777777777
1,"[-4.230295509997683, 3.2367952393031554, -2.672094779199248, 1.885533353468534, -1.531521630445658, -2.636584761898974, 1.3273509612854082, -2.998132886383578, -2.2330172335557963, 2.0815844895469335, -1.5772044672418053, 1.5194667259081593, 1.534443406261245, -3.6826864910259935, 1.7284725628053663, -1.3167848502112547, -0.07350499231056618, -2.9574886816926647, -0.22430237182709956, 2.1216203977006627, -3.1563278049423777, -2.304915928974115, 2.5419227359831984, -1.1194843852026644, -1.4387988401044185, -1.1886438532488819, 0.10357838491478805, -2.725759620593118, 3.2828897125569716, 0.8049818446888625, -0.7506360408484514, -0.5429833957068293, 0.09112521957548791, 0.10368735451027167, 0.7650353434426402, 0.8098941609944079, -0.5956372341555937, 2.261076134152324, 1.7055085792405673, -2.126377931985423, -3.6651035973463957, 1.924404614335975, 0.8560746444436657, -2.9696398664186736, 1.0049165333414947, 0.09334072946181093, 0.5952757726537719, -3.3626526570756425, 0.5405207023954498, -1.3553924739027634, 1.8440116578379668, -2.2917779389363804, 1.3854366001437188, -1.9875774874156713, 3.3281576880384027, 3.487470360434233, 1.0468639920408411, 1.5639090679234975, 3.661715117944095, 2.6839151274272206, -3.287193759749242, -2.050160150686259, -1.8393840393530203, 2.546745577824775]",1.0277777777777777
1,"[-4.203006774135541, 2.75759799995099, -1.7874849933520576, 1.9195265643463215, -1.4111532130828952, -1.7196101149053722, 2.7991225865262868, -4.209718676142442, -3.012987891097252, 2.3095113525107416, -0.39198202168552954, 2.264042382998499, -0.24779068331998588, -2.1838167145725706, 3.339793232371389, -1.6226264241033448, -2.848432409918722e-05, -3.274831456323488, 2.2269706596141905, -1.2691571463483866, -1.8667076853437652, -1.5906702174676508, 2.6175702167996278, -3.1638322091231053, -0.8648414462815484, -1.6404156012478177, 0.08449376382198448, -0.3726696589357889, 3.6001211714875354, 0.7105024165330486, -2.69807866865699, 0.23994737078807, 0.7326080137895115, 1.029373136922755, 1.0072878445535935, 1.562223851687406, 0.555589865241972, 0.9057248185280777, 1.7420474759620674, -1.2032173446484518, -3.1396437590520447, -1.471022675453374, 0.8993382534110428, -1.778293669022573, 2.114396864275773, -3.849418988993194, 1.4840318727316246, -2.5106729201318094, 1.7954947022855174, -1.5156822567490025, 2.649442531571629, -3.5570511063806367, 3.9691749028839265, -3.079631032523969, 3.2703451679945874, 3.501627753401252, 0.9716675082474175, -1.039792206185812, 2.512015725745535, 1.9475539232666788, -1.6070295862594133, -2.997745649530099, -3.3627849884489827, 2.573630591798278]",1.0277777777777777
1,"[-4.369646117438816, 3.2598689914807424, -3.166943976142315, 1.9329352870136964, -3.125664325654059, -0.8864414236881065, -0.8799503274627634, -3.9428217528185687, -1.8880522712815697, 1.322286117920012, -2.0433351296833386, 1.0702573122095438, 2.7144409118990462, -2.2094500230101923, 0.8937464001454425, -1.845564858610902, -0.08072716818682135, -3.0037684335461545, 1.4395138958365605, 1.2139403730364873, -2.0129048821156217, -2.3352989943442224, 2.515832526790425, -3.5041299502456544, -1.6439950935546355, -3.5936122242016975, -0.021087821974820203, -2.1125625903028746, 3.269654482685179, 0.4828526106636085, -0.03382194867890931, 1.5802967901540481, -0.23425102665083497, -0.13455685914000393, 1.5504979697684054, -0.16728045407241066, -0.10113469788970048, -0.08694789711325224, 0.3598884560898526, -1.2758449837739123, -4.240542143572124, -0.16892246287905777, 1.1292561907497138, -2.058316258591262, 1.7520504155634615, -3.200014573716794, -0.15959276031871616, -0.8035739848414751, 1.2337557274776847, -1.185178784187365, 2.990609924410598, -2.399218931248107, 0.762441941175932, -2.511909431546332, 1.1302754167824958, 2.7634900707838193, -0.5702883977653272, 1.0533151281165363, 1.8042008860678178, -0.1909928602923594, -3.945426937522017, -2.9063251101818066, -3.1034146569660406, 0.8052123306246033]",1.0277777777777777
1,"[-2.468613734288704, 3.50886581978256, 0.14694147775362154, 1.3822222305330232, -2.721985102615152, -1.5662686784376774, 0.9498722698434103, -4.064033259410554, -2.0425344469785602, 1.2391859071233209, -2.959227487577402, 3.7795938488410097, 0.34118553910121685, -3.484554677484133, 2.868747800693183, -1.4028910960725172, -0.10398737530547397, -2.970680057760187, 2.7088151826520477, -0.07004028005084417, 1.045889740927448, -2.3130053528462486, 1.3773539034007434, -3.6719807242991864, -2.223846817341159, -1.225963499911058, -0.02915611406302887, -2.5993809000789008, 2.1998202507201077, 0.6483900389008507, -2.2258941938350953, -0.0879930581700391, -1.5207087303242437, 3.2457792471181697, 1.3435576389227268, 1.7936694528767176, 0.03631696019170705, -0.07937848946812087, -1.2606709749747855, 0.2163391828462955, -3.970620371345418, -0.5731308164398197, 0.20905828353787825, -1.9178771432486854, 1.292791028653477, -4.0692957178035165, -0.20867321893969515, -0.2137587118104527, 0.01379047319053095, -0.97484450592736, 2.49715719142597, -3.5143565175741527, 1.7096110496282215, -2.9847291913657963, 1.852382499130443, 2.5786243528713215, 0.4486692751309656, 0.8675063718659237, 2.6284879125160083, 0.6891122912553103, -3.942328909471723, -1.163965899402602, -2.625739275641192, 3.2352655905043326]",1.0277777777777777
1,"[-3.740562405265272, 2.067293221280401, -3.171493386659069, 3.212942194645871, -2.8708302651677564, -1.5461191295500631, 1.6655628524688701, -2.2462917074031057, -2.5163366283726334, 0.9317078086437927, -2.5269186106794965, 2.734529229517996, 1.3269691068061515, -3.719057018020967, 1.452402684598508, -3.886890258426617, -0.13053805278240838, -2.764230585349558, 2.0937396354325206, 1.5393588509326808, -3.0783236603712236, -2.2630884293521776, 3.1788376892665404, -2.519515792332084, -2.5590033511296757, -1.3296061243413992, -0.02471951244365539, -1.1642575330985852, 1.092703156566597, -0.6550896999606822, -1.4194565901538516, 1.8901816220415024, -1.8215452103924572, 1.5354972933392346, 2.33007401760119, 1.9199340973738708, 0.3578625100614429, 2.4633237061829916, -0.42189211030669393, -2.4584674782991227, -3.7023595176419652, -0.2547780924924535, -1.49615539470645, -2.9463927064581874, 0.978874843997376, -2.3063367789621547, 1.4355890905651274, -3.5565352038187257, 0.624852906947231, -0.9881809533211866, 1.8737754154361768, -2.0025377659491115, 1.062137175429784, -2.4540509293766983, 2.033938523377035, 3.20928424421306, 0.8142838965375988, 0.6697500181603085, 2.4271437925582138, 0.05720248802935357, -3.4285325131916715, -1.611952475763407, -2.9287713281874144, 2.8342098363941037]",1.0277777777777777
1,"[-2.8427134784466723, 2.607402627803258, -1.9355628440825678, 0.22477124903262125, -0.9807892637342275, -0.9262494010197405, 1.0365062309456938, -1.0836811282405336, -2.7458739657583546, 2.356492423910559, -2.7222747260890356, 2.926669375883217, 0.6736252694671618, -3.729426927052995, 2.5409177166434054, -3.7722023795971427, -0.12000910107189422, -3.2970974343182213, 2.953415918035368, 0.10843840726722553, -2.309428125025957, -2.066880335273089, 1.5351192909477247, -2.672716990404888, -2.3405112698009636, -2.9312170475229213, 0.027793624838819475, -0.8931299982881679, 3.5602425052099202, 0.13356965907370333, -3.5101225799742384, 1.0247117453134664, -0.797133660672883, 0.2661053644272694, 3.080320143895511, 1.707579626193062, -0.146910413761019, 1.5655526677888387, -0.6495430012716547, -1.7310338225057118, -4.147212846211574, -1.0572601423952874, 0.5764633329003104, -2.9113911920059747, 1.7492680128168367, -2.37008172326984, 2.999276130556286, -2.049617277064976, 2.416812234916454, -2.5844594882535645, 2.8353382057497707, -2.771925039785022, 2.1900207100458142, -1.198535897098723, 3.1648820263227506, 1.392223103250733, 1.0534277261041352, 0.6432983914271747, 3.577547649083931, 0.7767393153293102, -0.9596919424673516, -0.1522615163964418, -3.5848166336839142, 1.118064625152956]",1.0277777777777777
1,"[-2.784717635776026, 1.7560980194829705, -1.6710155415815218, 3.217123328844935, -2.9450377336780393, -1.180253183081077, -0.6240084382260099, -3.0163198941062834, 0.8524001869698463, 2.4503768142426576, 0.8848702280501306, 1.6663559097175493, 0.32913128701149463, -1.4242784028907147, 0.559591858244324, -2.245016987052931, 0.08909461813235509, -3.958438155304882, 0.35818374356338234, -1.1329011262164435, -2.0424769779403076, -2.841975396559588, 2.2013923627012617, -2.3752723248629724, -1.7685624913885971, -3.819470761243416, 0.07545733608377742, -1.6900145401257132, 2.8531198389438686, 0.4972387324497845, -3.2848063643209406, -0.4722265541466484, -1.148333638157243, 0.9062261722330883, 1.821619583602215, 1.9129705939554502, -0.6377857674653499, 0.4640287665949703, 0.7984198474991648, 0.6620713926413184, -1.962265173898638, -0.5167325992140349, -2.0800761080113412, -2.966546876550795, 0.7378418124124206, -3.0319841017702505, 0.28509493687542187, -3.648713355696422, 0.7255063970876977, -0.7176912683571991, 1.6907161333280718, -3.317487735598946, 1.9571668858068292, -2.5203458958516034, 2.7990758928015493, 2.2418763505599983, 1.678658456887986, 1.1539915610643732, 3.541878071512264, 1.480174572798346, -3.2449901510913595, 0.7497754284530438, -3.243273443419783, 1.4059422816768106]",1.0277777777777777
1,"[-4.197462575641804, 3.046511421577109, -2.8291815343917857, 0.8744632130146768, -2.8943570556883413, -0.5587764393223527, 1.070925572487856, -5.0609798707911136, 0.20885893766591024, -0.4985699244373918, -4.15066109833805, 3.5570879609555757, 2.65047965118392, -2.252221022377123, 2.2618706847970267, -1.2566583805170537, 0.017277984050002138, -1.7401565303537008, 0.5922254531980217, 0.4419581653676856, -3.0815741856812564, -2.9370083286820243, 1.1846465981286545, -1.6936863959120758, -1.370899350054796, -3.434288748806935, 0.04762169365974023, -1.1177066624747685, 2.8051376086978275, 0.6588765799974519, -0.7936594230069642, 1.6301262649143293, -1.1184538058445552, 3.55668197527861, 2.2752064514528, -0.8424983489789073, 0.6294685829125013, 2.770127579889008, -1.2558092046701186, -0.6812087702750561, -3.6769175018006393, 0.5803067411058329, -1.640634332355492, -2.3018436385729237, -2.585864057965969, -1.9127999767851613, 1.7885799121407908, -3.1814006759967715, 2.301837426905556, -1.8804135036063387, 2.4902512179367906, -2.7222600606455516, 3.0785688054254288, -2.7328949970707677, 2.9197669734946983, 3.441620364072294, 0.8633934165474924, 0.005616229059155736, 2.818398744126599, 1.9376907516323802, -3.908462902745849, -2.631050377581739, -3.9895245793054803, 2.3537421364665594]",1.0277777777777777
1,"[-4.484328677599171, 1.8001375011312752, -3.2231912779020684, 1.4549947172188433, -3.329668900948931, -2.127216878646863, 0.3415705003180038, -4.490794487260086, -2.882958246213042, 1.9239030621680793, 0.5757111692169183, 2.8802791394615643, 1.6950794164497576, -3.727755153115151, 1.0618360765119699, -0.7080303141477818, -0.08197627795478557, -3.1132520128090606, 2.865785682013176, -1.0545971915978933, -2.0293229098967975, -0.63830830575567, 1.5497760126031146, -2.8142627561240285, -2.8390675499423357, -1.5039039474842162, 0.03495053122669384, 1.8731087019171841, 2.761990343457885, 0.8570994312909626, -3.0150592542885466, -1.5628561780123833, -1.0382552290819755, 0.7731505621350265, 1.5694305807120612, 0.7365872217989756, 2.497328792318456, 0.022648284714944955, -1.3731702276340907, -2.8800838168822063, -3.3036242221142404, 1.342464242950558, -0.2567276368207302, -2.63157921977678, -2.2598626951259178, -1.2938152988000458, -0.5672266769369061, -3.0584128861583864, 1.4506531029269754, 0.036055110635037746, 1.080851296329372, -3.8319954410324035, 2.022781517219617, -2.6160507772965484, 1.7524283027977956, 2.589760302226427, 0.414421216465788, 1.0558961099957278, 1.5467491006013012, 1.6079436956775532, -0.6683340969865097, -0.8481328162795275, -1.704387362460456, 2.5094675374545963]",1.0277777777777777
1,"[-3.8830843710313228, 3.0267517504464525, -1.5613694894034638, 2.316524085729437, -2.6090768223593335, -2.5331898624878413, -0.7334024040340617, -3.826557068910603, -1.1284478648699081, 0.6199724412159187, -1.1331456574106533, 2.122207911359754, 0.4068817742575286, -2.288629048074559, 3.385110585841041, -0.26004421921689913, 0.7392563017543033, -2.68595561229996, 0.5372460663697397, 1.5536440573821162, -2.5933577810413437, -1.1723615720113063, 3.0405469960681466, -2.0862298894304203, -0.7183071572680102, 0.03795408461902916, 0.5066666229930041, -1.1464235831467697, -0.908979850203304, -0.24192941628632136, -1.1519889510474033, 3.9624894566976105, -1.1938067251473015, 1.2978818643158134, 3.0303803230084476, 2.802232658938802, -1.243392931325901, 1.326454416389016, 4.1748472890551565, -0.4235327567478293, -3.116974404949441, 0.5956807521872854, -1.7050357987108733, -2.387737790726063, -0.30514558054200736, -1.2264682553690411, 0.33930547505751674, -1.5047488278739434, 1.5833231944137485, -2.2424065656574577, 3.555698271149696, -3.812281568651257, 3.2880266655169965, -3.089805108063265, 3.1238548317073107, 2.459477626943294, 0.9023269070849407, -2.669970963917094, 2.7099160253848487, 0.7405360507172981, -3.6758970535498845, -1.616320906627526, -3.3757869419512887, 3.1589494287307915]",1.0217391304347827
1,"[-3.930791907284809, 1.2761786806187536, -2.4334071659904177, -0.868339462892399, -3.5793483470728695, -0.21168980002323584, 3.5837569493165873, -3.4688022218656798, -0.5555951996164953, 0.32564196453048494, -3.8045207015575784, 3.0083910283781354, 3.038220865621975, -0.5318923055601268, -1.139605806090301, -0.8723147119951817, 1.8899794292504617, -3.7428541929159804, 0.08064909453880886, 0.5169453369786409, -2.4805749127946775, -2.047972860109815, 0.5587153395515805, -0.45609676854290115, -0.6375409392615137, -0.26399975503137774, 1.1070852047435973, -0.34513895055821586, 0.8241544727786778, 1.5527841555865987, 0.25072000915118986, -1.1199376973955641, 1.2765512190339048, 3.797012227522207, -0.35340179611575806, -0.11199433122732086, -0.9000397937318092, 0.9109178604020023, 0.7738989640571854, -0.9855527246084534, -2.2503805433227235, 0.5684195321659632, 3.8911422235808075, -0.022875999789507162, 1.8831121011902292, -4.3009994964426905, 0.07673913940978971, -2.4033951735721417, 2.2895380857710244, 0.249092812388789, 3.4247799311067655, -2.5416266345578378, -0.4899349130321402, -2.9977746407005714, 2.886485396826158, 1.690269984841553, -0.6759230925903821, -0.13870261322216615, 1.462537256705083, -1.6803670344084263, 2.2026689429671293, -3.1287072018965434, -3.105853487667436, 3.102885801347097]",1.0210526315789474
1,"[-2.8338041954826263, 0.7497042254747226, -0.45130275045215457, -2.1614370065743067, -3.5067665547263216, -0.6351463368232131, 3.573947563075928, -3.255499555597841, -0.43362132418947164, -0.15526025274244315, -1.3837513920724438, 2.5403085794764184, 2.6931497536727718, -1.2440576807451924, -1.7160444179784422, -1.6208630486722169, 2.1974071874096057, -3.4977918580360416, 0.49070200844333745, -2.71605166760342, -3.163482365331442, 0.877043049534656, 1.5341031355986736, -2.059085280936148, -0.02875772396003229, -0.24227372145382348, 0.9643631365168521, -1.2211305769461969, 0.7248886032841511, 0.8038916363830657, -3.4057779207792276, 4.231865974482348, -1.460820867480138, -0.0033715415672623816, 0.030056412437690083, -0.6548259750494575, -2.867608134503453, 2.351437836246366, -1.6576127356854917, -1.2952674952263314, -3.8526828325818046, 1.4113028571376462, 0.33918722997435635, -1.435123418843436, 1.9034430705343512, -4.027191097279169, -1.5130757439917049, -1.746775850866519, 0.7587519888930574, -0.8582341288096045, 1.707474637147015, -2.3724331997924866, 0.39168531937574436, -1.9481168563371245, 2.59755977903686, 2.6714612270183467, -2.613096639717175, 1.2023600975186632, 3.653385393835608, -0.13614860687482, -0.1900535686581338, -3.888644369728419, -3.976669195541641, 1.3991144537265072]",1.0210526315789474
1,"[-2.84414938954109, 1.3547148220632277, -0.09196492720294913, -0.2548037732875529, -3.182220227441043, 0.03413089276954617, 3.0807907648379524, -5.000171115416385, -1.310993734271606, 2.4460319492352465, -3.3463350745260785, 3.849902350647502, 3.339582884193942, -1.9496401485621693, 0.3384367952240772, -1.1584169876311683, 1.8135216365101374, -2.7030103523274387, 1.9586639935940375, 0.7808823364332022, -3.158761740943871, -1.703919791516951, 3.324861149157221, -3.429673971247155, -2.1140297780636548, -0.38932562504577745, 1.4292353682199843, -2.109919434260193, 2.6904962332459865, 1.6817875941873486, -2.661375884667767, 1.8819857911608147, -0.8614488524971471, -1.5771562451471082, 1.8696083554125629, 0.438902061342166, -3.4300647707008247, -0.16158471356895832, -1.842432061546854, 0.38650554461704134, -3.8134186644048134, -0.10149571809611499, 3.334949006342322, -0.6527404631866793, 1.6350550272243005, -1.800275541786931, 0.47953222420604436, -3.094532618433762, -0.34325784085593974, -0.14593466216444473, 0.7343563010936296, -1.5241834358547701, -2.199802458351451, -2.477249514000948, 1.5726924202487704, 0.5110069368117105, -2.4121481130151796, 0.682912146523952, 2.289883904829091, 1.906804153541904, -0.07864289272977124, -3.6015548455046424, -3.7844557566317563, 2.975516072368255]",1.0210526315789474
1,"[-2.3943390350204203, -0.009572240423677103, -0.6462563171770073, -2.84384780644952, -3.5395387442800286, 1.7510806539057424, 2.099087758824898, -1.2973693377794149, 1.912403824481613, -0.1733098029806701, -1.4987209454129804, 3.85224083285271, 3.4586862292938694, -0.6209266264986614, -1.3733335258252861, -0.42885728917893573, 2.3029235231267453, -4.106335989222351, 2.0616866253304407, 1.7600508865885727, -1.64274649734503, 1.1980848310836296, 1.447270678923232, -0.6518880445108154, -1.5551285121162086, -0.4279989328817597, 1.1503934380200274, -2.6848332713121374, 0.912004157534688, 2.948837008368182, -3.5150336090009726, 3.072754187420455, -0.5109223554401233, 1.3665184042562792, 0.7280082001150772, -1.1231255431390599, -2.1399052919546557, -0.30216784207069725, 0.1591537023516662, -3.4921185515158126, -1.9135902457228542, 1.6461753712908487, 2.5183897350025273, -2.398676988721476, 1.6275863472355163, -3.9970962931610936, 1.5332507443916454, -3.6382307151996196, -0.7333145833995105, -1.1595045917005957, 0.31471250846573007, -1.9046890667073009, -0.17728355805431129, -1.8072650668932324, 3.297167204355662, 2.3332005793821695, -1.725646267868259, -0.03342791266178971, 0.33801058058483346, 0.24800268663723307, -0.5256861053307634, -3.05452683138604, -3.3318790730282526, 2.0972917259998702]",1.0210526315789474
1,"[-4.490996104497539, 1.3716637624186327, -0.254000566101823, -0.3548529415839211, -1.8266267391120716, -1.0049974293495636, -0.15968915501707936, -3.443832003754519, 0.890727317966922, 1.2186157899928236, -0.42290210476935863, 3.097755121782016, 2.689162567158527, -1.0465196655917257, -0.6504732025898616, -1.5214081459514346, 2.372891819360069, -4.199664339305669, 0.5912243643814163, -0.25297763413177277, -2.099572557473272, -2.8838500189889915, 2.2943587854145426, -3.5614579770425028, -0.18612254308715315, 0.8579076459023232, 0.9749838161034459, 0.547047953260394, 0.07880846741129022, 3.207575287871153, -2.5881580025409465, 3.440958417621456, 0.4747081887939588, 4.212321097922444, 3.373530982160625, 2.3825688965927214, -3.4019547144736864, 0.6057530809774985, -2.324447222056838, -1.6823655877981492, -4.130939897092173, 2.711964116421685, 1.979288915192662, -1.5101890076160966, 1.0037131928740821, -3.4633672653738676, 0.41401675436872454, -0.9966081848346464, 0.81703400740436, 0.5284370957596412, 2.872352776111426, -0.9325353185508785, -1.141947736782409, -2.935041905358258, 2.9162433745603513, 3.1594812671353054, -1.9339351567159713, 2.3391621553096646, 2.627241770438398, 2.2023737115143214, 0.9672849208295082, -2.9222602129860458, -3.4411041284172033, 1.8811465939614265]",1.0210526315789474
1,"[-4.387859883266352, 0.5588255173386738, -0.8910951909710003, -0.4094215995087398, -1.8204477894277984, -2.912802445128986, 3.1140708041297316, -0.4612453405327279, 0.810198839168118, -0.533185570004256, -2.101605096935994, 3.202561704915729, 3.4739765135340415, -1.7812435901704644, 1.8305212221940894, -1.912482436847648, 1.974427025250228, -2.5405643161672575, 1.190194913558823, -0.8538991134776834, -0.7460901898292513, 0.2417605534022621, 1.5883685682862878, -0.9954264624165687, -0.32240284929328866, -1.3465138537276928, 1.4776665611102144, -2.470905814915165, 1.4402717321719818, 1.5096595038713447, -3.1487255732335173, 2.0033866431823557, -0.0713432026191918, 2.350997671201325, 2.955154609270189, -1.0031323240271834, -2.7524420860941685, 1.4233729000822302, -0.699606514378845, -0.4783755490817214, -3.9407956506313964, -0.4500123534124314, 1.8448112511435675, -1.4003415235280918, 1.7834546108587945, -4.186804119064614, 1.8979606638762139, -1.4682136384090039, 0.05690050647132122, -1.3053358940807605, 3.244811248023506, -2.704922795128944, 0.2630949260045048, -1.6754196913085808, 3.2387273753332586, 2.763822999735826, 1.5276266515969246, 0.9702648546893375, 1.9029571016460096, -0.7172202248170297, -0.17219138950662116, -1.2586297653780232, -3.9913358032198154, 2.6452462565550325]",1.0210526315789474
1,"[-2.320886175977247, 1.6316050415664836, -0.34141483228585534, -0.7497757776804723, -1.407164269822904, -2.1877442901005812, 3.692244716258913, -2.448221238797152, -0.5909619954172693, -0.19360631798953198, -1.598465044283343, 3.2148248221615354, 2.662272803044256, -1.0491255731466917, 0.9316192792677097, -2.847937372949913, 2.2725595542489616, -2.979953219855462, 0.1636892962106099, 2.578045140704534, -3.1609135670015958, -2.49973332192488, 3.316362513328643, -3.6946186414365285, -1.6541691968556216, 0.6107401416695145, 1.1359363101034954, -0.21417564216622909, 3.415090053505497, 0.7837005104520982, -3.7627079003274275, 2.8762218575034972, -1.9501320543461103, 2.6304977370421834, 0.5005153264308542, 0.5841889243684236, -3.4293896832017357, 2.5374072731500217, -1.0340448189064495, -2.346414117226413, -1.4843093266650076, 0.9125940610564295, 3.7503868996925602, -2.776196483016126, -0.05721265722278679, -3.5892660288406373, -0.3079868593703532, -1.357239939089132, 0.9761077976965054, 0.7931998747333376, 2.764023562952789, -3.738847233933731, -0.8163252388687021, -2.8613402780475603, 2.3486777733579025, 2.5629927914558714, 1.8988506203769204, -1.307993512775002, 1.4144347385143308, 1.5261688310693697, -1.4128263511851051, -1.4041988709760638, -3.0925278917013177, 2.6579273082471593]",1.0210526315789474
1,"[-4.058021718161362, 3.2684777927439264, -2.596205607205184, 0.6906947902645308, -2.7463417108473624, -1.6567252007164044, 0.2638820365047026, -4.768223389014442, -1.353160706744689, 1.7038338727157827, -2.854872923560567, 1.563675065654355, 2.8360251083070747, -0.5699176810770519, 0.6330492687699487, -3.065184219373803, 1.9636811785579174, -3.3050565674309795, 1.3705387795048456, 0.428559194393893, -0.8001726181519311, -2.2397806471267154, 2.4093741408557063, -2.616114678233834, -1.374665449310062, 0.1252204267515793, 1.4803403904532464, -0.2349360878747, 2.8503560985974934, 1.943506478781898, -4.004729478402977, -0.42540320399000664, -1.6958681148468449, -0.5885053345429115, 1.5245205198432168, -0.05758502506795349, -1.2714786545530161, 1.4505617027384636, 0.29904639565056396, -2.7302337612998047, -3.2421482170312306, 0.4989196986372745, 2.2373176285408687, -2.423569573100706, 1.0216556584823315, -3.6384195205747734, 1.2958471075030988, -3.6482086884366045, 0.9898952941370933, -2.1307845422595015, 2.9965051961696, -2.649924909656677, 2.7369803640262744, -2.8440101645818663, 2.7412752717714546, 2.1782336805478755, 3.3459023308088565, 1.2546476208449036, 2.5943382822013796, 0.806880802139108, -2.9803898680770926, -3.1542434997180715, -3.32627752549235, 3.2328718859453875]",1.0210526315789474
1,"[-3.6931754555637437, 3.402825045676546, -2.722674912345087, -1.0480451300703837, -3.5790494360063523, -2.854794575684376, 2.2263173608396007, -2.8634696020882013, -0.9429548783708446, -0.668357568952259, -2.12966208021161, -0.8223664988735144, 3.2902905853117206, -2.3463634415542005, 0.7991756019805136, -1.3151888426087255, 2.12498938488295, -3.5561211783559292, 2.7008003028788163, -2.414469314523589, -2.6717676999395694, -2.439855828384956, 1.221311104780296, -2.038421715170061, -1.670891455363818, -2.234638166401931, 1.333151086139016, -2.2681080241583293, -0.9658714439179379, 1.4455520203974328, -2.4132903550491216, -0.8128425749254355, -2.689686832976549, 1.0994176664152275, -0.7517183774157301, 2.0568944916308096, -0.4617552991884298, 1.802145112290964, 0.19711565388305616, -0.9784856039899419, -3.8155736411203787, 1.038538459495006, -0.6182350059988666, -1.5675375965821838, -1.4303347325302358, -3.7046974203264083, 1.5822079254138355, -2.3304612292715587, 1.548100475526978, -1.6471707460228737, 1.412300577668295, -2.8521372683905284, 3.478353604220578, -2.2781850013722105, 2.513682415852645, -0.706442873751163, -1.8339933287443604, 0.989632054217064, 2.6856149664060007, 1.7844188693673146, -2.8601699429332643, -0.9493769043075442, -3.0571239203618292, 2.8124988836872546]",1.0210526315789474
1,"[-2.6431535670838584, 2.061412949261128, -2.0939393724829563, 0.10345480327483547, -3.32342595940756, -1.841040048162527, -0.48640736883672553, -2.329256257425227, -0.8935500316226477, 2.3495781333048753, -0.701792643408601, 2.201553123887706, 1.257149209191147, -2.1572636137514323, 3.7733643897214058, -0.1803095418844991, 1.7345445299049735, -3.2381628316984967, 2.979854425902553, -1.283259947314428, -3.162513071293114, -2.415188189341868, 1.3780807110453153, -0.17599575874090512, -2.669460082214569, -1.0408961177727438, 1.4735295666557156, 0.6464755462848916, 0.8461747937989121, -0.0013637554817965691, -4.187286730594778, 1.2561252941401482, 2.189563524237248, 0.3683554190893109, 2.5100881303824125, 2.9673101736846728, -0.37408210262201685, 0.9792480345336267, -1.4564574045582428, -2.041864665679733, -4.261699064951843, 0.6250284905975152, -1.0358973187163945, -1.2366823096752828, 0.7276098898013892, -1.9347345551560446, -1.025949335199761, -2.514928876747822, 1.9514623260171713, -0.8955557755224599, 2.8075329614485938, -2.0181211471990355, 1.4446085222267517, -2.602387552969523, 2.9936194238601583, 2.5662408731069997, -0.5150867917281737, -0.5955149825396409, 3.3535846340746263, -0.49637131741677454, 1.555084190381304, -1.105201637066787, -2.7927959189658385, 3.216525130604386]",1.0210526315789474
1,"[-3.8029362375658433, 3.817680123187974, -2.4819892022420564, 2.984653144250295, -1.5469564597153345, -3.0549990998379437, 0.4148915672389547, -2.0825291468082705, -0.33810166366842154, 2.294889066266126, -2.660575103377008, 3.2111099631532083, 1.727360660617355, -3.712841251519451, 1.615272625239487, -3.886684081377665, 2.0898299793718014, -2.580939535407179, 0.3381217406463166, 1.9391269431911549, -1.8682505916746845, -3.1631409668815067, 2.0598034916276173, -2.624944971635519, -2.6848797210029054, -1.0470357712596359, 1.4830258065371917, -1.2207177822042166, -0.4354897171018757, -0.03109412541155049, -1.8862974077990846, 0.28559508856881644, -1.5233289423936842, -0.2478077759948334, 1.032943578424332, 0.22762074601721483, 0.4710037037853959, 2.8926093352742237, 0.9144624776558659, -2.6705431541738323, -3.0672755510570773, 0.8698180112361871, -0.8947733684384068, -2.8493799157496547, 1.5014221868946303, -1.6260067248623398, -0.7506017960483257, -3.2626628317825483, -0.03705132859428151, -1.6744297941138753, 0.8504182637490503, -3.9804542897184683, 2.723702064548698, -2.7888503158800164, 3.3768006730256683, 1.9283725138114973, 1.140319155615356, -0.49264237090545515, 1.3919388606703313, 3.269801834906307, -2.1067844286782553, 0.2031373899821567, -2.9894326331784615, 1.9726595675927574]",1.0210526315789474
1,"[-3.611277922339064, 2.66303000535282, -3.2072084902416615, -0.23161775165112775, -2.0032918880796498, -2.6833123117526476, 0.16223082113570342, -3.7383921733172785, -1.674090936963523, 1.3159914603261393, -1.310522079220788, 2.1718626634328153, 2.791690235374875, -3.6927683400634006, 0.06458805542644486, -2.375063883968048, 1.975905641273781, -4.2277183071099085, 0.8931760046266477, 2.9268639623805024, -2.103042530182414, -1.2881944973237307, 1.9675319887929767, -1.9469559282566078, -1.9627284487070515, -1.0688004277885157, 1.4454462929704066, 0.005477114077044765, 2.701872697527125, 0.8668404872726, -1.5613901789040256, 1.487401329247346, -1.0772391285952796, 2.7296489552260983, 2.493331592198473, 0.902440051555823, -1.270812879780575, 0.3719193978521369, 0.5175742245417135, -1.9990299117363524, -3.847015834080599, 1.0037856119530033, 1.3763506396961913, -0.31844255633552265, -0.877048262596018, -3.266907469326279, 2.902260150054266, -2.7021643303345764, 2.4850062000077533, -2.2999225453559227, 0.7870944630842915, -3.8068747909673655, 0.14012398944409465, -2.753239443245486, 1.1361327345560572, 3.5218301263787186, 1.667601156385432, 0.9980924174336256, 1.5879674934121333, 1.6407917986772746, -0.020577382720206483, -2.325846349091127, -3.7207502305482247, 2.856535202543386]",1.0210526315789474
1,"[-3.957940409519782, -0.2825960406311283, -0.5471844366428443, 1.1547469892528932, -0.5798307866319452, -1.058056147556703, 2.771388953231252, -0.2576906505189249, -0.3036385289141167, 1.4568168995037984, -3.2769503694920163, 2.813011215577349, 3.3767244454609817, -0.9454059430873167, -1.9674462598005, 0.1987088996965758, 2.2907295612185514, -3.734653398965255, 0.18829036217302664, 2.0954514987920034, -2.746625614349202, 0.7021478782000006, 1.565239268506642, -3.6347158147098435, -1.3722692329138506, -2.098329709705872, 1.3002921589970189, -2.6544546341968833, 0.2137193901494121, -0.7113723226511648, -0.9682247628424796, 3.5831885727239934, 1.9451395293947136, 0.8277496906807763, 0.8762847037174386, -0.5531067493332762, -1.0497460464055155, -0.9880051293854906, -0.8210614937982398, -3.164687899257686, -2.5164244067275874, -1.5254200344964586, 2.1617087113852835, -2.375510058020378, -0.17835560423446128, -3.0932915770976153, 0.7957586640071579, -2.014726444605569, -1.3110649740070035, -1.7913226951288599, 2.2731230157903397, -3.97836648526611, -2.6517518241509306, -2.0579682617974653, 2.14750136317667, 2.551042371616413, -2.8552302684192594, -2.9267309981888956, 1.8650672743732273, 0.5027614627297224, 0.3203486648819317, -3.825905389683845, -2.522991469182042, 3.2363101988629315]",1.0208333333333333
1,"[-2.790574833414793, 1.4305421036790205, -2.8839799197404927, 1.044427908464938, -1.447226560043724, -0.9226007694946547, 0.07419486383153684, -3.321731876085796, -0.5263169614266877, 1.330405102420953, -2.2263484751699942, -0.5122408350111063, 2.5199586870149187, -3.704530323198774, 3.061208402587216, -2.3388086367632623, -0.04962144056504059, -4.173320255067413, -0.2448793165153399, 1.0409151336366433, -1.435709702999287, -3.1382052412429924, 2.3842845086560476, -0.9104492153960189, -2.292415810332951, -1.471328496794884, -0.029320827929606795, 0.9607160660098866, 0.9024890688567557, 0.5192925844493674, -3.3897740797963247, 0.8555218030091843, -1.8281100359424092, -0.5581996449721804, -0.3458109586633753, -0.2905913354112726, 0.663638967763929, 1.0120894918276255, 0.05260520073918551, -2.910845560769677, -3.297350045205686, 0.9333329228022018, -1.1979421326440902, -2.940735313998067, 0.2955729878479368, -2.3682831268704003, 1.6325253184147845, -2.936796176524055, 2.3189325236797536, 0.01999503101100042, 2.0229299312911575, -3.318666158847319, 1.9640057703029323, -0.6062070452538979, -0.1882630856230869, 2.8876043432004703, 0.055109261647451224, -0.17419698303857373, 1.6330256567358545, 0.7054088279069015, -0.8298198515848716, -0.5330260074790183, -2.958017167122693, 2.509257295478002]",1.0158730158730158
1,"[-2.515009315645367, 2.83877278309046, -2.6596060247008015, 1.5474771649537746, -2.433203181647884, -2.1532025060827893, 1.0544962593821603, -4.023294316606024, 0.7067822519379805, 1.3888826090122461, -2.7168718832179337, 2.0867568801303396, 1.3590014236419974, -2.405533117798979, 3.203482692691129, -1.2849503476909105, 0.16999930001154773, -3.775430398114234, 1.562720335915761, 0.4661177097594455, -1.2139408373741887, -2.960519110781358, 2.7468342772080274, -1.1302926120907264, -1.2533099310756048, -2.3690675302187287, -0.10216304836345183, 1.5428984054969013, -0.5871428267537608, 0.3052799146236514, -3.643780081883615, -1.1366916582951283, -1.0347750839565242, 1.8025224744591326, 0.6794347573781202, 1.4865692203816363, 0.7934630999331669, -0.23448700533312428, -1.775214983243123, 0.46796684437621705, -2.720778101500253, 0.3331806605853353, -1.5496560195440536, -0.37450292021733134, 0.6017607085493893, -4.458475447883244, 2.2131516706378096, -2.838517986126439, 2.373311159144104, 0.9667059453067155, 3.0293612921827586, -3.4340756017253726, 2.5606532995629285, -1.4705118778831974, 2.9946550444049613, 3.355332889644008, -0.8940760152325904, -1.3066407808106044, 3.429437416385287, 2.7803063132977446, -3.903971539272743, -0.28386819139732383, -3.135704856340138, 2.0500129838871377]",1.0158730158730158
1,"[-3.474497380995775, 1.3920272673151337, -0.9673609100186642, 2.6617024710454738, -3.408288876102157, -0.8459883580294698, 3.1249306857377803, -2.8654652715350823, 0.02390153309893983, 1.9494108028087014, -2.4781500205776585, 2.0376807701015345, 0.8380994322776352, -2.6412765291823903, 3.463299942517269, -3.391467923778989, 0.05809714689525802, -4.225581779015523, -0.8321089863050884, 2.1769267127364236, -1.761968289888157, -3.0793702125245948, 1.6814178177584251, -1.8133534410295742, -2.835609933391013, -1.545279427825418, 0.011526356260933124, 1.5220530561648382, 1.7397842335473666, 0.36464489637435704, -3.111499787142791, 0.17578149389343878, -0.389052177930039, 2.9546419011688547, 0.3325823048998615, 0.8414983036959502, 1.0752917591194096, 1.9167252614454187, -1.5536009141193634, -1.7635032156442918, -3.3955455971139594, 1.466714918923282, -2.1080998792312373, -2.1052565830770242, -0.06383096098424301, -1.8918821442515226, -0.90003908727247, -3.5344070908031746, -1.079093240801263, -1.6070274433527616, 0.20179436925039984, -1.2966644968453058, 3.784483619502106, -2.049163337678711, 1.1896005108177181, 3.4468739686533136, 0.6277500932226217, 0.9959749281803353, 2.7188424864942533, 3.0594809133202743, -0.7334216974844066, 0.30911003521144687, -3.664366041686371, 1.4234669945204361]",1.0158730158730158
1,"[-2.697224810775829, 2.9391803375101926, -2.5534423274127134, 3.1557639319530653, -0.42065390634261, -0.5924666751563414, 2.275105733316596, -1.3542140206038016, -2.931657958147145, 1.5040220069719967, -0.9399785877780573, 2.9701893302400686, 3.2988239929652052, -2.970104766390084, -0.7059243307068614, 1.4991294015280876, 0.18000965491147292, -3.413579015241485, 1.6684793288891109, 1.7477679899826206, -3.0072978643277963, -3.2820813820375387, -1.8539553591181388, -1.0378320375022814, -2.0652274384513887, -3.939052905173978, -0.021615671455263497, 0.11233640849066662, -0.8709367697732282, 1.2327755874982693, -3.169818704833533, 0.9308855381521844, 0.33827191965244574, 1.2085041077997434, 0.29634621895864754, -0.05902467047614568, 0.4791671038348965, 0.9926605797837929, -0.9483969479249839, -0.8711319155158554, -3.414229806153102, 2.017049354827498, -1.5726374379813648, -2.5246283725212573, 2.3859851902471196, -4.184793671071586, -0.2736193359465391, -2.069799940438349, 1.7551845053334927, -1.5869301393694837, 1.9204950797831695, -0.23390654000343414, 1.7431767125507507, -3.0766798423898605, 1.5862048756773497, 0.6023882801028093, 1.1317274374083268, -0.14077923336634535, 2.19566081231792, 0.7266683393151916, -3.8074326929438684, 0.17111601834202994, -2.2087174041093314, 2.4067483206581484]",1.0158730158730158
1,"[-3.871586639210456, 0.3770978005455836, -3.169438190939538, 2.822730793874303, -3.4557433397844646, -1.5888584440792437, -1.0885049388163441, -4.1639278578572805, -0.9170858410109182, 0.8592425622829225, -1.0364457639768332, -0.9053082055058534, 3.4359413549442346, -3.6660030731546955, 1.9374951270133054, 0.10899927724369984, 0.10497210533412682, -4.104094042321589, -0.43626627615058355, 0.8546118266680978, -2.1589842913395447, -2.7509993198004374, 2.592376404687609, -3.5185203764518973, -1.2711026121517195, -1.3428233108895198, 0.10484993694793175, 0.15360595389022857, 1.6433111151236204, 0.2534064521479297, -3.9499666234907314, 1.5650378843327024, -1.021196316797066, 0.2509409147180719, 1.1532299439158165, 2.2532634101777633, -0.7544394599449006, 2.944010638268979, 1.0184077587102993, -1.834899769339917, -3.527408857063209, 2.5597637631531542, -2.3495427920624037, -2.646421465116798, 0.868257878444606, -1.7711547114225312, 0.0653877411635092, -3.0953691440805553, 0.4942575634433307, -2.7655205432339605, 3.1436278217269047, -0.9002913277375333, 2.1432649199247673, -2.3931188640163414, 3.287292348922576, 3.3804307858977767, 0.9846701431121136, 0.5688702799307904, 2.2693502136532953, -0.21722706813900383, -3.3088594138655187, -0.21418077838472216, -3.0316159095242745, 2.1634043587359475]",1.0144927536231885
1,"[-2.871932035397248, 3.6417456400263335, -2.622450396702062, 1.7313600057978853, -2.0080871961851106, -0.21290273171555651, 0.7157181704773066, -3.8663244189340222, -1.3623150650851812, 2.3804718285610056, -0.6077457189157425, 3.7427945088580974, 2.1677009787958363, -2.2880654188561698, 1.5556136103266591, -3.193549453865195, -0.08958613734774756, -4.139172391977104, 1.5664196381174527, 1.6559481891835195, -1.8370048507927712, -1.549922130034073, 1.3446475254226602, -0.6922766393216888, -2.1278855596871544, -1.249302637028336, 0.02141874139404465, -1.0607994626144677, 1.2549883533678865, 0.4043262640299941, -1.8041594588106076, 1.618107855665552, -3.3494954434913207, 1.3997370092232218, 0.9000859967994188, 0.17174015863951975, 0.13875335044957082, 1.0976313835401028, 0.5775046600350718, -2.092230698598506, -2.404014659593378, 0.926545402987944, -1.6810045834938077, -1.317807555126362, 0.21808819407281177, -3.157911148041822, 3.0624995032951356, -2.257869140192841, 2.4611342378398864, -2.9510617918877244, 2.7214104388838907, -1.5602851791907113, 3.543315887246433, -0.9089168690884426, 3.3494443497997497, 3.521642783439459, 0.341218058571155, 1.4115700341255601, 3.412932343533424, 2.3458795635063496, -2.4102588947664763, -1.215731017843825, -3.9208372577314057, 1.1223298015021124]",1.0136986301369864
1,"[-3.2812595705168928, 1.8571087436865767, -1.8030560078662596, -1.0503450062817192, -3.5756246766162674, 1.8010222243745049, 2.8837804376329195, 0.12087648585379585, -0.1496327696686591, 1.8901442040934948, -1.0799009664061214, 1.7545861834536154, 0.7462884984090206, -3.1319577623402477, -0.3661856185693759, -2.767928946313797, 0.6304794207712705, -4.198609411874894, 0.7116530833417847, 1.0632637460676566, -3.075984625972723, -1.7595070982400467, 0.8899726030572022, -1.432710436517676, 0.45528508153348524, 1.1232133807336615, 1.360640769096366, -2.3293567293296533, -1.1225798914194, 2.284950413911809, -3.5931539861567074, -0.9175796431375378, -1.8416024995623228, 1.3372038431707771, 1.6214930453089367, 0.41181209107465, -2.769298605010107, 1.814864170324268, -2.6260077015971364, -2.0486729326009456, -1.1752012869609878, -0.7724337234566571, 0.29401399124456007, -0.9480376885288246, -0.19421054169659313, -0.15006696314703305, 0.7776715351762733, -2.527027136847801, 0.09157001060366438, 0.17570933146334888, 2.6267167674462844, -2.4788761112794164, 1.1066670280792588, -2.5882992466545707, 2.9407939768879605, 2.5912658411214955, -2.6922579551962897, 2.0530385088395597, 1.4639154511511525, 3.0623405690746606, 0.17753345023159123, -1.699810169647358, -1.8504267344440346, 3.1300894228510985]",1.0108695652173914
1,"[-4.0405318458108805, -1.6351970481537599, -1.982581499067728, -2.120955214052823, -2.763584814140605, -3.01405941101135, 3.682408425435044, -2.653334153339353, -3.4672681572485327, 0.6974280354185991, -3.482604630440794, 0.45172702561898603, 2.658070425657002, -1.6503674462444675, 0.20993057044316968, -2.4407802857138665, 0.5837298642779105, -4.186566406998882, -0.2181461023692861, -1.293786565207374, -3.136069457544148, 0.6429071741554917, 0.714397425629886, -1.2682435119948596, -0.2680623058984988, -0.815849636769574, 1.3362404697498265, -1.5333475568903978, 1.3778074790900992, 2.748327854428137, -3.680053602233558, 3.282667426797365, 0.08132134212874775, 3.6492721330698368, 1.0542302127966259, -0.1245903605487042, -1.116424237797582, 0.4185884650569529, -2.217157747838444, -2.4714600206020214, -2.997804434977834, 1.0873793560889724, 0.4525251134341868, -2.971197497712364, 0.08033717167681048, -3.827507964052434, -0.6241602989772118, -0.5450901632165386, -0.4008396271295901, -1.3927865072997587, 1.3675001179337056, -1.859114196362278, -2.0062649592985675, -1.134100153844475, 3.4150993735049524, 2.699480372506585, -1.9619458688530798, -0.5497262255841545, 0.9154870077986477, 1.8953467602853271, -0.9488840770473629, -2.0835223231035602, -2.1227850724521504, 1.3784144342830964]",1.0108695652173914
1,"[-4.144099600077704, 2.0957405842632455, -0.6215293257813487, -0.9897226783047985, -2.634680104070181, -3.0095013481805566, 3.660116577032311, -1.889578742544621, -0.40492541056290887, 1.9593739277184645, -2.576624850258813, 2.671861588180603, 3.433641770199723, 1.1647037128876159, 0.21234949420790625, -1.2514573259669084, 0.5994810656893093, -3.9184573023287754, 1.8177473105731772, 1.2132292873576451, -0.9535726362330939, -0.49133889782511064, 2.48573287798834, -2.8148020879385554, 0.23234045762206512, -2.278397160583808, 1.4519919034673385, -1.1362194060067046, 1.6946538502966275, -0.31119265522250483, -1.2296575382119288, 1.2977406851336004, 0.5114221898183389, 1.7760386756618074, 2.9494402125186028, -0.3136566941537152, -1.5570646152241496, 1.9033170524877125, -0.4489487317403383, -3.4411155863057448, -3.529541313856078, -0.2738864253427057, 2.049139600748639, -2.4135972628412246, -0.13623174463642673, -1.9811926343148665, 2.767292730163829, -0.20132574528272018, -1.0273407032266546, -1.2359059190477337, 1.486258384341669, -3.957098422581344, 0.568622640522119, -0.1167050766546689, 2.941940388742932, 2.873301250014257, 0.07753725903268371, -0.7076008458862035, 0.3904544288227434, 1.9344601354466557, 0.5285543907624045, -2.2960088300796357, -2.85657330988043, 3.225075281296847]",1.0108695652173914
1,"[-4.501431626630562, 1.3148710615622117, 1.6428733872307761, -0.07669534274146694, -2.96363849295852, 0.35223743480916003, 3.3923613716850554, -3.4966252359138057, -0.8528376770687895, -0.5626028959549276, -1.6899267046831605, 3.6021579675893682, 2.387103608775415, -0.584694084732742, 0.32642256628775046, -0.36312003369702883, 0.5463787990284181, -1.9110686012932279, 1.6110068488678455, -0.16232811709977202, -2.829771231799988, -0.20201064948742686, 0.3461743587378745, -0.33303677872982673, -1.1493420926116353, -2.6173727144770136, 1.223312713400439, 0.841675112273046, 0.3680129960687437, 2.6352861193980015, -0.6238883915476463, 1.0892329756848422, 0.42642824429411497, 0.462223408073164, 1.5403521009156627, 0.21141855575658483, -1.8101367122077776, 2.4457602998185823, 0.3374848798495249, -2.6071488187663086, -3.1588661353879237, 3.0993341844789097, 1.8084463009461678, -2.600483296569765, -0.8350495553252291, -4.060525192798385, -0.49125540113756727, -0.9201025128310575, -0.5933964263317013, 1.9505373705653377, 3.5257063272110623, -3.0689282144867027, -1.5418112727801927, -1.5615718386263002, 3.1126931514794567, 2.019878222040878, -1.7685356693867251, 1.1994055366035472, 2.0656309649296185, 2.3964366676743842, -1.00481433010633, -3.9250009213945782, -1.7963943763905592, 1.9619977091805119]",1.0108695652173914
1,"[-4.4919733679427445, 2.515535591077635, -1.0051043592215365, -2.8211287609485245, -2.4583376775814254, -2.947834247490625, 3.3805757304590562, -3.5100192996054504, 1.4955523737758427, 2.009979763666272, -1.6585923260805604, 2.311922070978156, 3.250548436301757, -0.3253885196642532, -0.7289043131704662, -1.8978891663779442, 0.5244965936695218, -3.7884047350179237, -0.026703949118334513, 3.1789657651657692, -3.0378493324775433, -2.985634926621831, 1.3108352633396239, -2.508971986017354, -2.1758174097951604, -1.0536804114401246, 1.4585043543889316, -2.5864738052593217, 0.05551925198859253, 2.6812263063984174, -3.9095882534337782, 1.817166893860418, -0.9075226256493013, 2.977557452962567, -0.6709577941400522, 2.0621090023691933, -1.9692232715865665, 2.2882749565260263, -0.2102269893738655, -1.7466104499459743, -4.160809378386552, 0.02896948879918787, 2.437220128490339, -2.8808733153067885, 1.9225384893056614, -0.25018715160242655, 0.5381015833383399, -2.618246556831517, 2.5771745756860813, 0.6470630969859387, 3.5147709086564713, -2.988489620808716, -0.7734865227936448, -2.305687495860507, 3.4153006127024916, 1.3329220251684828, -2.6277624960741375, 2.5448900481852834, 2.3288927349781834, -0.837251886494628, 0.7033024183592381, -2.9329891668989863, -3.863348289426429, 1.988840448848249]",1.0108695652173914
2,"[-0.37146115716399364, 3.5914464207514456, -0.04302498379442382, 4.336013497445867, 1.0826320935974145, 4.006600512217707, 3.345613708908466, 4.47864245659069, 1.418920158539056, -3.1135192065506168, -3.38452951293101, 3.668734352709386, 2.2049051073217782, -2.260533859704517, -3.0265370830731255, -0.5225417570980324, 0.4984863661796074, -0.8082736523329785, -1.8788387749155624, 0.7386962063052466, 0.1678189674144636, -2.945379172013876, 2.09898777196963, -2.8572890522793495, -0.5014245252610081, 0.6346434592232367, -0.035902299866595655, -2.754012164155668, 2.295815229875663, 1.900893205452677, -2.864039049004227, 0.5492862437757678, -3.1508927910759557, -2.9121317646270604, -0.5047022888542875, -0.1071489108516161, -1.4375388424047137, 1.1264560075796715, 2.527551301444044, 0.6917344774705378, 0.8701464704051435, -3.55418250746526, -2.3435678057704945, 2.2411142170719085, 4.05035221933367, -1.332003511759782, 1.6699434850145294, -1.055255769273034, 0.9129384562007336, 3.663481285449696, 1.780865454121692, -2.49320560260938, -2.0387470509001506, 2.9296065343246394, -0.10720851819865862, 3.46255062592831, 3.2484042264716115, 2.5414165911093494, -1.3430797061858368, -3.5877460486078196, -2.026693513368516, 0.527748108680991, -3.2084885656025652, -1.0904672165692275]",1.0476190476190477
2,"[1.697712538401192, 3.26537695841101, -0.3229802091583969, 3.5417474403151523, 2.4521897190039734, 2.716408241617601, -0.38138164567690547, 2.356397547621903, -0.10572863911974473, -1.404124846019538, -3.0754516149116697, 1.4706513250154423, 0.5071399022403802, -3.7002542444420574, -1.9988469956264678, 1.3490291963179428, 0.505300440172586, -4.205896001518866, -0.7193925771804074, 1.905404290576386, -0.8779511204508735, -2.7625590878164257, 1.8172055868856798, -3.1071962845287633, -0.8898425566586646, 1.970388089341467, 0.17362361930856252, -2.558517128396481, -0.11220785277132972, 0.3816842881995541, -4.270360326659934, -2.0488005139303955, -3.404060494388561, -3.0256802015978628, 1.812369423408851, -1.2525135463124437, 1.2966387228184566, 2.174424535557281, 3.499277207247263, -2.5825034119052575, 0.06273045167521364, -3.5738058758309057, -1.8494667641546356, 2.998943862042717, 2.60335768554504, -2.0892793877141194, 1.929257978797012, -1.054020556525169, 1.098820750520839, 1.6734629231738687, -0.09397554483936754, -2.0824139385758684, -3.0373742149431044, 3.668570229906887, -1.5579792620893471, 3.2629034814229803, 2.0247975574044452, -0.5299887416726504, -0.7442143973869728, -3.504037191222583, -1.5315128257296675, 1.0884974528031324, -3.7523024877030364, -0.5653535574335945]",1.032258064516129
2,"[1.1970233344422163, 1.93002683736038, 0.4070972110403005, 3.519303513058605, 1.8621020765183638, 3.037253265053729, 1.3734844263765187, 4.342968679024105, -0.06518637418975637, -3.1615684807587385, -4.191013164378545, 3.5165256529775273, -0.1382849304469439, -3.6824898676763156, -2.914200099995545, 1.321998406373907, 0.4800442146376587, -2.0535823267495386, -1.7952298652802532, -0.20531031062126792, 0.7705727417474924, -3.065752227728574, 3.21473188822239, -3.51542238603003, -2.403289145637743, -0.1221395530464926, 0.25001944624637495, -1.5386989383722063, 0.44815960496617235, 1.6410522518080848, -2.7098383506953496, 0.5066043679243073, -3.1616121888345052, -3.0485650352917775, -0.5550116388046925, 0.5774884585875718, -1.1261139611000948, 0.7631279906305293, 1.7231583217096627, -1.9219254892463071, 0.5619949622162027, -4.123191369174959, -2.6921395486060598, 1.452468221911617, 4.055968849003338, -1.2168466245966219, 0.6586237047135415, 0.6672572245265813, 0.23304945677691025, 3.6599532907370795, 1.4784400126555373, -1.7735832587342213, -1.3761305817869283, 4.2092655726953865, -0.3204293061786482, 3.416765702905746, 3.4148049135641902, 2.422466660648986, -1.2150005720376258, -1.8758541627459038, -1.1509751168591422, -0.268865067053919, -3.7084995951693953, -1.274448479472927]",1.032258064516129
2,"[1.1012944378962728, 2.776989127610173, 0.006027076013030125, 3.57624264874785, 1.9784653101367338, 3.693061527403298, 1.265394660702625, 4.531764430688501, 0.8514773502997629, -3.2408194854766146, -3.404445402667, 3.854230136241669, 0.2374916060866774, -3.132011143939926, -2.7351760070024573, 0.8852104320121015, 0.5739843250968899, -1.3289491140292966, -0.8468702432265889, 1.1816788759625305, -0.028976275796546838, -3.090247756757943, 2.0119406831272193, -2.4956488132507237, 0.006569392274540675, 1.4906179570425688, 0.22661869286424746, -2.7596938111478244, -0.9830080622763677, -0.04519934186310115, -2.733061948421815, -0.4425831357050376, -2.486732315541173, -3.0448167665621266, 0.3056737557200726, -0.3170427590110338, -2.0775054535041613, 1.2162736345872718, 3.6077599067663813, -0.6244297653756785, 1.9841668146460059, -4.097707478016012, -2.2778613133423327, 1.8907655750409376, 3.442971626540605, -1.7871458074577153, 2.2494018840145746, 0.48731157943084175, 0.11192790187178026, 2.52216179339972, 2.3791788353831613, -2.7238556550194484, -1.2448505887761017, 4.378249129452563, -1.2913101491114192, 3.5220177997701643, 2.464469498057943, 1.2220304587733222, -0.987446127613731, -3.782164041497571, -1.152560979816094, -0.6155189499355966, -2.47972078011809, -0.1988664240160597]",1.032258064516129
2,"[0.8905470354780356, 1.4411509064140093, 1.4995220984326492, 2.723965340820947, 0.872101387399414, 4.093021151918064, 0.15873606638286852, 3.939419223825699, 1.1029630028801447, -3.3154057597131263, -4.124643556362612, 3.6495464535061966, 0.9556166118169523, -2.309101327739711, -2.2928417842764888, 0.15632175020073003, 0.574320965185642, -2.640904305342908, -1.2469477031796772, -0.11646060016808912, 0.1914952552098757, -3.0504469320845113, 2.105188731379493, -3.290375881407603, -0.9591392687878513, 0.4575564620768934, 0.24358379876919714, -2.351585600429184, 0.5465262798681789, 0.9427119534079318, -1.4282922670139226, -0.6888688757773972, -3.1950722145464985, -2.7484822804997013, -1.3118813712360078, 0.8134594940835517, -1.2242879228267223, 1.1922797681275186, 2.776416185050512, -1.9859624548086372, 1.4191850530044772, -4.175655411916525, -2.196143196025375, 3.046603221934384, 3.9468293606847107, -1.2359912777585946, 2.3250820285149256, -0.5611947203602708, 0.07375602998208763, 3.670411584504364, 1.8919229867155165, -1.0978067651670127, -0.9801427920306057, 4.455747175161964, -0.1657708358816623, 3.3718067614868126, 3.52756700674955, 0.9837418931832885, 0.17487073237969775, -3.3919288989817336, -0.9419366782351011, -0.02512153936628242, -2.602061939902384, -0.9711554121260038]",1.032258064516129
2,"[0.11991072497275274, 2.9693717503393557, 0.04770033343965398, 3.449637455189144, 0.8125137478770499, 4.136318293379032, 0.9323062631293585, 4.532765208437272, 0.48816676032379674, -2.791457131658598, -4.016344646729202, 2.7401011088917446, 2.251778165010858, -2.5638550607343236, -2.301863142070602, 0.5492475170871517, 0.4394230322213988, -3.082465789303975, -0.5502606162755787, 0.5754937657107773, -0.6338573485631847, -3.0347031304094334, 2.1444417931797495, -2.615354249450749, -1.5957083641072167, -0.38098706051572806, 0.07206062233150529, -1.9021752915468555, -0.15629540830988475, 0.20251359141563102, -3.791618396438029, 0.9753147139914867, -3.3731232900206654, -2.1051190261797177, -0.2190254353883878, -0.6832699722714151, -1.8807365216548417, 2.480204055727082, 2.061213591828699, -0.8897174344715719, 1.322157747381667, -3.764921514158166, -2.828086112985915, 2.60862487331935, 4.0424262343454345, -1.0074750281795402, 1.2498092496016096, -0.017006014513124057, 0.800119994092257, 2.8882873328381766, 0.8217707598138879, -2.4417815080209317, -1.9297555400666924, 4.281579805820064, 0.21050804419556218, 3.3018108380857165, 3.598293299078722, 1.5600431427790618, -1.7381826067463002, -3.446627604219528, -1.690937096145579, 0.8113268970179728, -3.252591216028323, -0.4518060086106647]",1.032258064516129
2,"[-0.12071848443321387, 2.60577434071412, -0.018776641471769245, 3.9739426227091337, 1.5320645654412175, 4.054168679589985, 1.339790763836841, 4.02041120787648, 1.1419716779787654, -3.1115381666252326, -3.917855935048171, 3.42360379604885, 0.6047514452997822, -3.714543514480736, -1.1709589395278521, 0.8091310249050773, 0.41725963002360644, -2.3365319706349217, -3.1004543254096273, 1.0714039939862139, -0.792326228030338, -3.186266934066343, 1.3649261097627354, -3.593449470821088, -0.9838725827914634, 1.3595317994773253, 0.22861354384806165, -1.853674216778433, 1.5248125430584145, 0.7642654419313524, -3.1122031721327152, 0.08854807026765811, -2.740972659280318, -2.6655216733991685, -1.0052175459587738, -0.5547561117099012, -2.3688927778055437, 2.2299094783048856, 3.0640649341768116, -0.8824464842205691, 2.562084359050875, -3.0520241704870794, -2.882606763379302, 2.401900877187398, 3.085668971332704, -1.6346906803101995, 2.1515489163977852, -0.08947702758063378, 1.9613291392471117, 3.100090363946942, 1.8553466525961695, -2.6584969058477017, -2.4368928078768195, 4.377694936071386, -0.060627829496987584, 3.038733335985996, 3.3959254364036258, 2.641396785098426, -0.8598117356356416, -3.350597505862723, -1.5041175565465956, -0.29997758490688986, -3.8890721441691096, -0.5740978296545068]",1.032258064516129
2,"[-0.09032373404805738, 2.631067814818294, 0.6438993317801172, 3.755760958979186, 1.8969387998173395, 3.9799049150698496, 2.118705598864202, 3.690231571845549, 0.9353802782880376, -2.860076171785579, -3.88974891181916, 3.4066401160346667, 0.25735435587157063, -3.0665513988605535, -2.1533091537051523, 0.6952168432073635, 0.5616823989379778, -2.2836636340350185, -1.9040836212586962, 1.2158383055417028, 0.5424251017389419, -2.706079097230269, 2.9770277168479407, -3.6963524330382134, -0.12159199688446148, 0.4766756188086453, 0.15683943159015445, -1.4671444262439293, 0.6911583243420383, 1.0353047149599284, -4.152406053694739, 0.24940967118172577, -2.916947747241455, -2.251837682953152, -1.8847902683401703, -0.7681650559296295, -1.3784663350729112, 1.4850743225331118, 1.9610434080649677, -1.0816824079284666, 0.7304052359125017, -3.625807417928781, -1.861493634319074, 2.7753012130660397, 3.9432903511272097, -1.7677805724395503, 1.4624439900406794, 1.2330011963126377, 0.6192416676829984, 3.6600510676906097, 0.20989075684041314, -1.6054142202908663, -0.9929657260362598, 4.147382927904523, -1.1885341278364665, 3.056431603995242, 3.56715469754666, 0.29337132634960406, -2.2106035008904446, -3.330107628668408, -1.4886800089541852, 1.9213269983462546, -3.0314337582070343, -0.6613292301354651]",1.032258064516129
2,"[0.41129166221722757, 1.6228379978380398, -0.09329144164243952, 4.28745343139829, 0.6686639287996733, 4.006446074201382, 1.5986456043684854, 4.5852064403198325, -0.12916002659302583, -3.280327471349289, -4.286692524128012, 2.375292253642244, 1.961356014277293, -3.1592020740293787, -1.7489185051002443, -0.1687870512920946, 0.28561852664468435, -1.3966040304070362, 0.09529595410678837, 1.1430979329977724, -0.5618390501359782, -3.141840074269452, 3.3300525076791447, -2.461852135285823, -1.0190158374131248, 1.2038260340477027, 0.08772802094638382, -2.741621310281794, -0.40184475847260837, 0.848556435077767, -2.768116839964991, -0.7097503111932708, -2.3220553113840685, -2.426211092348293, -2.2788760851578607, -0.568349810822526, -1.2582495391024382, 2.9459184668533736, 3.832626568875982, -1.4712348815994036, 1.6830196408008251, -4.166088570390328, -2.1625549940276567, 2.705228420586052, 3.0139832382606015, -1.7256359553919942, 0.5746186740199125, -0.4174454903690097, 1.7898172488930248, 3.674643083269182, 0.8758022282663018, -1.871728287650409, -2.327886164241745, 4.360585374662455, -0.3157927113955295, 3.412714486131599, 2.60008756392979, 2.3965264841563756, -0.39602970646071156, -3.734978716942993, -2.612212431286115, 0.2827231794450956, -3.7439137719682436, 0.05144209777835984]",1.03125
2,"[0.1700324510556256, 3.0733371068241233, -0.6445787234484985, 3.5754498408880964, 1.8417722510643277, 2.602989958942851, 1.7742462046579006, 4.511863080058234, 0.6384985814348267, -3.066814897361244, -4.295729359698068, 3.8565506819864694, 0.8459505910757645, -2.5304100900252657, -2.566775215864368, -0.5387219704915251, 0.37629823362953563, -3.083599061305933, -1.5488802646432587, 0.5320116316996265, -0.19789269172066842, -2.8863399276164117, 2.167631246819487, -3.477756253103149, -1.1168262717482276, 0.3822219280433439, 0.18366824039447344, -1.3905623859707887, 2.663929447019869, 1.6856484227015311, -2.7677738244450087, 0.30696911155469014, -2.9918930632692247, -3.022723674973162, -0.6781140084363315, -0.11937620267901705, -2.2320303368376995, 2.4599813889592395, 2.519300541689698, -1.3922162320013665, 1.925535209819475, -4.176210375576749, -2.8652772086215794, 2.576146619430681, 3.268507380266236, -1.6362708014760048, 3.088902591867813, -0.5586192439144715, 0.5406306420514931, 3.656407126654104, 1.820096145074305, -2.4911381899874763, -2.256597896640541, 4.099845809601218, -0.12109668660786177, 3.525491874862959, 3.0040015846644024, 1.8812527070066947, -1.2705058551911206, -2.7359564209218217, 0.3488201644762121, -0.44844317053377025, -2.920944101902312, -1.5431240538474664]",1.03125
2,"[-0.17103003968998598, 2.9806463951905053, -0.38553422437242435, 3.9211922100669745, 1.988141997004857, 4.0598921770889485, 1.735910346059524, 4.056803827055112, 0.9734591188730373, -3.3057577340370923, -3.457768561403389, 3.7061585780547532, 1.3829319474052966, -3.066372848389935, -3.0806486325798184, -0.6871694196020374, 0.474216927743935, -1.634238285898225, -2.6811202673756753, 0.8994889466196121, -0.4055432595060944, -2.5394415497843132, 1.609458134677109, -3.7414716955276077, 0.1778615911398181, -0.1663545005328423, 0.13926301099063, -2.3459185847527806, 0.8951872460532636, -0.1207556078313714, -4.265169636295717, 0.18008985246018572, -3.32869767284288, -2.830726958096659, 0.4537166478689644, 0.9331690245799198, -1.779258765655249, 1.3418044927289476, 2.533978220606827, -0.23334648586256634, 1.258054367703238, -3.5921656533817754, -1.7397300852846984, 3.0434346660357563, 2.8261224506625213, -2.492411853980652, 1.9604574862395396, -1.4111901443088521, -0.4332475792318794, 3.1525210305711835, 1.0826435521391797, -3.983117694994179, -1.6430350096248056, 3.8025499195554096, -0.6633466772177813, 3.3892971936691247, 2.9170630620324607, 2.6434353765948475, -1.7581876564833785, -2.5818593919893016, -0.8810064058261371, 0.6021413640627429, -3.13464217015507, -1.112385146609759]",1.03125
2,"[0.537788353611605, 2.6356696130346955, 0.7630539623934035, 3.137241114209844, 2.2515926193261975, 3.899146188208218, 0.8331240225332792, 4.358650745039291, 0.8701974626954067, -2.484948637865916, -3.8634081838368406, 2.63902768942781, 2.0160026703209013, -2.8646974701558845, -3.07034679053032, 0.734535547904171, 0.3857741421175692, -2.029027144637726, -0.856676548512674, 1.2491856770878484, 0.7876265119855157, -2.2746718384454514, 3.156606716282784, -3.4037885066884455, 0.3959540827988267, -0.3370612324909985, 0.06938250189736156, -2.1634885040403598, 0.5054192380822308, 1.0772545757166616, -2.518096563492013, 0.753110544977725, -3.060945308810446, -3.0473833830087487, -1.7608533509217086, -1.5886252888414027, -2.088214944729102, 2.1288493888121818, 3.1484403460132513, -0.6007797719832587, 2.6542994535266278, -4.128377888790883, -2.6803558393446876, 3.280307161414744, 3.5908677641420814, -1.2156869291813959, 1.2107392006935045, -0.9169277062676129, 0.5527428052003094, 3.4821568098825297, 1.8291098925052238, -1.2378043273709047, -0.9764745034928713, 3.9700277602650336, -0.48775632405297675, 3.5237703750444402, 3.1292192303513557, 1.7943154800784398, -1.1042587094944558, -3.6344047143279097, -1.2356404543866237, 0.6311637926909968, -2.9012379166480877, -1.89074153330803]",1.03125
2,"[-0.36016248484976443, 3.3787994416375273, -0.15244855454445083, 3.7836707141120076, 1.880627143524767, 2.717732658494568, 0.5700275102526671, 3.6906361072711062, 0.44429749458054335, -1.785667369842269, -4.109352890928267, 2.4604385502049424, -0.5938352655291435, -3.272672552982705, 0.026985817855414984, -0.8342310260682482, 1.4091762948429163, 0.08626959542557389, -0.3698061329789784, 2.3138835585833317, -1.699144713807515, -3.1475065738708925, 2.0642565146101535, -1.2652905395290173, -0.767194696772459, 1.0184651534719338, 0.5703482863270506, -2.718399681061684, 0.9818011659063348, 0.8984751484693961, -4.083386549287458, -0.14779496566623684, -1.4787699762538877, -2.6108469917887955, 3.4086863626463155, -0.8718239056198791, 0.6223252273502664, 1.673323769909807, 2.827718833009755, 0.2559372797417768, -0.3249311698529427, -4.124047363703376, -2.8324648849071465, 2.850972084519187, 3.5891642319710235, -3.7766846020149547, 1.5169330408429014, -0.5080531983511011, -0.4373291462271969, 2.8626210334851576, 0.07486743092100268, -1.8203302873740113, -2.719688648107444, 3.5830631296701547, -0.5281148980829806, 2.827370697928203, 3.1824434303593483, 0.7825361933005842, 0.32191491450460674, -3.71415905373044, -0.9658559136091522, 0.7189792763218051, -2.820733350015361, 2.0770703135599486]",1.0294117647058822
2,"[1.524354678488595, 1.3999601119820584, -0.19617114844427685, 2.3054045228831175, 1.5651920858388801, 4.094517821853105, 1.9459584834250414, 4.617493620862411, -0.36942785139317225, -2.9957148004277876, -3.718448240167422, 3.835037044376572, 0.7595004324310468, -2.651608807373997, -3.046441320122552, 0.1795913828052928, 0.37674404610956924, -2.8320984211052, -1.79154559796134, -0.7811282217707987, -0.6288953813652225, -3.1989645091337016, 2.4955526819489524, -3.489895549620488, -0.6684726645046201, 0.677279253938858, 0.1346209736334834, -1.9993176388103455, -0.5504068988750763, 1.178458712566618, -3.9348459417429065, 0.6039779872113622, -3.3406665482292555, -2.1683779687498825, 0.6774507820627453, -0.3586026809835947, -1.257909976329937, 1.503365366418045, 2.427835607950697, -2.297477609111323, 0.9262956515914901, -2.8492344439332102, -2.0172650519545177, 1.7092420373105273, 3.953782486116937, -1.2338138892987347, 1.5824426839941155, -0.34033829528590004, 1.6140027870025375, 3.4339653682332227, 2.9324584464490506, -2.0087623585958805, -1.5024118071260235, 4.3493312254698475, 1.0386566312709258, 3.3701795371908614, 3.5975585011469895, 1.229433625875056, -0.10000848858470712, -2.8883208881070286, -1.1672525020061588, -0.12703080812219625, -2.1655742980275487, -2.0072465910623642]",1.0294117647058822
2,"[0.7534743043991345, 2.3304971738072666, 0.10490749193750462, 3.59260809833714, 1.036966007378916, 4.048547831546234, 0.007123378986577444, 3.9580153978334947, 0.42470738345604875, -2.34341388389031, -3.710086386577009, 3.296648464820057, 1.3807120779521118, -3.3339343804387283, -2.9248202151200196, 0.9498336180844651, 0.4433891411500438, -1.2457908017479253, -0.8528972654228124, 0.2761303302417818, -0.12624749389229858, -3.1420091620403117, 2.9226614771872463, -3.7195841960131317, -2.699798671932053, 0.5294606248110361, 0.242304505831822, -2.4190799880797633, -0.5865364949506351, 2.4728944927888574, -3.045234454794773, -0.35083097078545383, -2.698762030014012, -3.0504706310168874, -0.17817035221843724, -0.8856644056961048, -2.1765579372772015, 1.7151675019426285, 2.068121294026003, -1.2447485839557944, 1.79488056948587, -3.987321482796358, -2.8638467319046774, 2.62892707820888, 3.3246595782524038, -1.7274434367963887, 1.5505184327339678, -0.05825479011611806, 1.4025656810910643, 3.334326188606043, 1.0785043992364607, -1.4246387999653416, -2.442652907650229, 4.361538819992314, 0.12443631017588502, 3.317352007756822, 3.59576934121428, 2.4115761636292, -0.32021105826936413, -2.026539170303244, -1.713095493157455, 0.048161442980221625, -3.979270450319699, -0.7450491487908812]",1.0294117647058822
2,"[-0.2023785427444329, 0.9676394617572439, 0.8841863917670166, 0.944749992384899, 1.2617332056342458, 3.4840647728871312, 0.6347365258935986, 4.435307476920991, 0.7597743814514951, -2.972001699297726, -3.6154207112331687, 2.498253512932386, 0.2650134576680562, -3.679985803869208, -3.095788400869585, 0.6846307226816541, 0.2981245343187544, -1.2420009268650278, 1.8682116399271758, 1.6990919031943614, -0.6950711169262243, -2.0009489134446508, 0.9805313320974516, -2.9686778970223804, -2.27061438465723, -0.35390741046246343, 0.12994405124687725, -2.387129776215718, -1.214000399402425, 1.5840711925806206, -3.0011869165393854, 0.13671645035179036, -2.0484853423745117, -2.9120108546831154, 1.5249110687972303, -1.3896476672453755, -0.28958876342550743, 1.4731386821325212, 4.315699581954226, -1.5911879606287698, -1.4059477487575538, -4.1125277827818145, -2.146169941059071, 2.749956829704372, 2.5016184328072937, -1.2775788747839714, 0.9220601966635709, -0.22592160141011586, 2.603153657693258, 1.720197631017608, 0.735400408538935, -2.724470902216211, -3.5625971457263064, 4.052847974008054, 0.23321076020702836, 2.8912760293317747, 1.342927699445047, -0.4844680227303917, -2.0284939187262454, -3.7327356202472246, 1.017726541111995, 0.05821176793813643, -3.687569293672374, 1.414974180034323]",1.0277777777777777
2,"[1.529858886256713, 1.9369825478420428, -1.4992043887815303, 2.162581417883089, 0.8301369497468295, 2.963737428816795, 0.7952333051805662, 4.5565335251953165, 0.6466122614138198, -2.9822016810331906, -4.099961547768403, 1.5095937717680288, -0.2692428942680586, -3.2381577381523217, -0.8842508852369033, 1.2651114179282226, 0.45870348456754395, -3.0788181731518085, 0.1134474064054489, 2.755988199115622, -1.384473236647834, -2.7971570748426675, 1.8567017791030942, -2.89731234247357, -2.0192155823513502, 0.2868586109582151, 0.20457457642054067, -2.738521473854576, -0.20356635521719646, 0.7599320468352809, -4.269111472058327, -1.2683989699509928, -2.229394166927608, -2.9323169868566077, 2.8201371130272364, 0.24352322046729424, -1.1300611545147097, 0.6228435851769423, 3.2132954132991003, 0.16931554094365003, 1.0849502508722981, -2.268844131512045, -2.5606305291856675, 3.476993314880637, 2.4448645780626217, -2.5134787454287624, 3.1324161079777566, -1.4270640448203267, 0.8577219927129672, 1.4759369319453797, 1.2197522372551388, -0.3598500455519751, -3.76765186141696, 4.307974565306316, -0.07282331355278937, 2.8556372206832092, 3.520691816262565, -0.7029260006440817, -0.7183530985992791, -1.9229355001597923, -0.810520366233274, 0.3136664455813499, -2.5697223063046053, 1.9468524323352234]",1.0277777777777777
2,"[0.3946672620790603, 3.9068938339194292, -0.20365052739092565, 3.3752779315324504, 0.9656660196616207, 3.8183581051182536, 2.7635259127884915, 3.523995045537461, 1.6730946147228485, -1.7491419358325166, -3.857719374206215, 3.839134409728407, 0.8825095357549645, -3.0205624369480804, -2.9550957717680872, 0.4244109617397116, 0.2519455469509019, -1.9348694805411308, -2.801630950822287, 1.2795641658411123, 0.4358244683991195, -2.926562275912676, 2.3798932777139625, -3.506484520114211, -1.0833078041231188, 0.3514095274576172, 0.19441828616272644, -1.470478362328151, 0.006250501030393207, 0.8512663394166387, -3.8224486200262113, -0.9020515089831368, -2.1452996305912753, -2.876989649336456, -1.2302517454659414, -0.4368216677957937, -2.1130215051863113, 1.9112082849701424, 2.8024018526991465, 0.5148265785239478, 0.6413472696979137, -4.167477053275622, -2.32467295169631, 1.5232960640236506, 2.5841360595359397, -2.0950004203536254, 0.8379848784747754, -0.3102073974949563, 1.8800352749883351, 2.1607831350597815, 1.4244844815054265, -2.074154787835359, -1.4935611563419575, 4.438566050522289, -0.21193653369616539, 3.4400647145358683, 3.294278536727937, 2.604806476375542, -1.384560744196934, -2.603118894303334, -0.3433433633608526, 0.6229880793834718, -3.978992060123353, 0.18998984751267134]",1.0277777777777777
2,"[0.2595899128798185, 3.2373006122509875, 0.27876247750672256, 2.8674086707806272, 0.6385565180055287, 4.127524362239075, 1.4582041018411258, 3.8096951734277753, 0.6280580213502959, -2.947391677089785, -4.277270536514743, 3.778870283912533, 0.6786150803988924, -2.65453692384354, -3.030737214534478, 0.29244402809134296, 0.36682126268691617, -1.5789489785180013, -1.4286683046225435, -0.8700529439667937, 2.026649240970903, -1.7258601867627554, 2.116661133090732, -3.4001628649253046, -1.5184506019688784, 1.4260211920165524, 0.13340483665701136, -0.6851825384070604, 0.7736504045876416, 0.9943905412116363, -3.1466526164789683, 0.061556945550350184, -3.415520271940652, -1.256541961948769, -0.3119717071354874, -0.766215536260139, -1.488461518104192, 1.1986044311582336, 2.396400091501986, -1.301185688327973, 1.437002940217782, -3.829228224397081, -2.8662623271475898, 1.5892107349262499, 4.0843022116937755, -2.196664069502246, 1.1629229887892685, 0.6613732490175848, 0.3886960646190908, 3.5750051558440648, 2.0139020744967215, -2.3391814137580424, -0.26904299482221394, 4.392489935309621, 0.643887873520939, 3.522199589869976, 3.597855762116146, 1.0425845432932141, 0.789875605385934, -3.7585992127760357, -2.502194038721711, -1.0343233872997448, -2.500795810849544, -0.5455992958427279]",1.0277777777777777
2,"[0.4006431219951501, 2.0632403452143664, 1.2915448245889314, 2.6609733216692986, 0.41360490408216766, 3.9310506843869617, 1.8603433805159817, 4.223309116089208, 0.5118260473394505, -1.299500034058073, -3.470479422816327, 3.649645067397375, 1.0021151860490243, -2.171727761136996, -2.9519285125623114, -0.25029595267362004, 0.3359472410484903, -1.3263992241976543, -1.422207329483875, 0.4409175914955167, 0.2544546582939766, -3.2235611243686324, 2.161493609364124, -2.9439236703155665, -0.02865823811475865, 0.020479681244489734, 0.15047824653321287, -1.0717037881756888, -1.0912030060030733, 0.16532960893725757, -4.1336799997715215, 0.1778248307157186, -3.3469458152208205, -2.409836735065997, -0.7593659248157596, -0.8835543156077867, -2.3448393125856986, 2.2430467845524884, 2.165967095678852, -0.9062478202397043, 1.5738679608916508, -3.8317391580295945, -2.8335432796241147, 2.9875461496310476, 2.3555692590934347, -1.9537620177780988, 2.787219422596325, 0.9909495863070354, 1.4564026969973074, 3.198646704016319, 1.5015266398553224, -2.0981706896786383, -1.2183527069938012, 4.462145790267139, 0.7503924804911098, 3.072010851160448, 2.766481763112868, 1.6429651166814743, -0.09962370008473864, -2.265654498380463, -1.8283928215230418, 0.9298799898476268, -3.9760701324859333, -0.35838560846533385]",1.0277777777777777
2,"[1.030672975778837, 3.0263931903108983, -0.39494321807778815, 3.6015002695039957, 1.504996952290072, 3.5163194507316513, 0.9726069728601416, 4.223934612336504, 0.08660778519836648, -3.2938691434260603, -3.2561783841864815, 3.788172677897753, 0.6443055317840507, -1.9663732781542818, -2.6548692781509056, 0.6640279331670008, 0.3720419324631038, -1.3840667321436289, -2.572393676369762, 0.3904088941749678, -1.113593979414807, -3.2860972181747523, 3.2497771875777612, -3.6982487878741557, -0.24107975987522012, 0.0597598090453407, 0.2527672675149549, -1.739062011710803, 0.26061000557908787, 0.7019812688761262, -1.792275254652779, 0.8374620147486642, -2.5388391898029345, -2.878718491237851, 0.11935794789155418, -1.1681920850524066, -1.4659940018556321, 1.286668376483075, 3.396246843587191, -0.910093113792733, 2.3765440211369793, -3.942430421727453, -2.6957770717388545, 2.911137513972612, 3.4803283935854767, -2.7371873942046867, 1.1003333047385895, 0.43879979988672346, 0.23708896523894285, 2.2703295120004077, 0.13836756192493138, -2.0403369133525397, -2.528828829597982, 4.395774206702085, 0.4264257508614909, 3.1573446865402603, 3.215755105760314, 2.4847704099103214, -2.3851327907071846, -3.776040669433334, -1.762474059841187, 0.94506867111862, -3.6700130314267425, -0.4214957561364909]",1.0277777777777777
2,"[1.6002313257370406, 2.9302161501469173, 0.3703866103022633, 4.314185016530729, 1.2392120838384428, 3.5450056945292947, 2.1371678944740853, 4.116864783969528, 0.7617002571883558, -2.3417559003687654, -3.5321057082617813, 3.273476810882874, 1.431015482888689, -3.708067838604242, -1.9133777184302039, 1.6663983819814263, 0.3972700751008762, -1.6283353340644937, -1.2373044346880495, 0.43149217555236136, 0.3595437709976931, -2.040320067042698, 1.9334458895827673, -3.444773652041344, 0.08924888223887995, -0.6134851510031911, 0.25371668640096634, -1.0869513435678857, -0.49603102737412885, 1.5845364375769901, -3.948478228691926, 0.3895703987220548, -3.2953588687259496, -2.956018964859826, -1.0823626789383605, -0.13676503183542155, -1.573961322428449, 2.6642585536268273, 3.3516489882582685, 0.008361159561923626, 1.8266948934332898, -4.163231681078872, -2.879679320550755, 2.1478945262812794, 3.348487957615072, -2.116877641301894, 1.155768914958773, -1.0002013389399709, 0.27626737163383186, 2.5521102504038677, 1.0518824469462766, -1.4381980872626392, -2.0527651938438383, 4.460601477098541, -1.4558593717095665, 3.3085071819501173, 3.6013961558701792, 2.644826274905758, -1.3233647566556161, -3.734920959169495, -1.7970943306447786, 0.8839505979997767, -2.5354263617973207, -0.24439508889776818]",1.0277777777777777
2,"[2.0159024944217347, 2.4054146386440665, 0.02147415201039181, 2.2042095354660924, 2.7682870139333193, 3.721145127423907, 0.8258684181297039, 3.6786605983978724, 1.867407028033726, -1.7168681335882618, -2.6232938486249604, 2.364701315744139, -2.178381962468004, -2.9686313947233023, -0.9773793006298235, 2.3731407224803354, 2.5067090479761127, -1.2267285636293481, -1.2379194172820824, 2.559931663678662, 0.5973553894628172, -3.087582989806442, 2.492001078362414, -3.5327051071787654, -1.848966317872173, 0.7259616484621307, 1.268539898644504, -2.5126617662544666, -0.40405667486222335, 0.2510200970302843, -3.7664101352966552, -2.495879781077159, -0.6783838841643581, -1.7369132461466084, 2.6964496444215165, 0.7106454372259439, 2.034513624302279, 2.8902560239164004, 3.5588160099935187, 0.5500059375504069, 1.0090118908205252, -3.8667636097674287, -2.0323314987040773, 2.227589871006453, 4.13503170102631, -2.9684238984557, 1.7475648693094379, -1.2099568463558834, 0.8049269973182269, 0.6666029882969549, -0.09577604531053074, -2.471470143497447, -3.2099861895888955, 3.110751788187883, 1.0274306883961037, 2.6119312929525287, 1.508457439243381, 0.013903362731919321, -0.31787548223184015, -2.568918957070189, -0.6565326073089952, 2.214693191658455, -2.0251491169207103, -0.7176505004421362]",1.0210526315789474
2,"[2.6860921723043747, 1.536590676824642, -1.5985659748953416, 1.3127754617610867, 2.920351629674042, 2.3447861384550888, 0.7320399220701228, 2.6642941133428106, -3.4944559449905808, -1.7531372324716827, -3.197191223452899, 1.1434425488597701, 1.1122696755948325, -3.6792759864567355, -2.9797566624951566, 0.6497825615152351, 2.235526959350369, -2.780175444804015, 0.5295051999107296, 0.735175921964083, 0.229787575975118, -2.072906325908302, 1.869981591397799, -2.9173591591512933, -2.2096100557887426, 0.45481900410032516, 1.485128880854349, -2.515316522120503, -0.8239944424544873, 2.0132806078466188, -4.04868813003057, -1.066533953448927, -2.837873914764276, -1.4777847179713135, 1.621269855004866, -1.3884376168063204, -0.2787410307028652, 0.18843392356884792, 2.859290459805675, -0.55773253981867, 0.03643356572119916, -3.88157305205398, -0.8587968365368099, 3.118861746851338, 3.7898841179034397, -2.9071390840589917, 2.8949878241438025, -0.567730696306537, 0.9922939278173124, 2.3911549813257538, 1.8488546896253881, -3.1971235992534193, -3.7650090968573022, 3.4017921335285894, 1.6926393255924874, 3.3972104747951457, 2.700786310420616, -0.588229947980529, 0.16354736913658618, -3.4212650862493517, -1.4127301294010022, -0.3100961722282809, -3.939884864147831, -2.1947638256555644]",1.0210526315789474
2,"[2.4640189151310086, 3.6597863893551583, -0.06412092937534333, 2.295819133091761, 3.3089995847573492, 2.910371542835066, 1.6011214112804497, 2.9178195378092795, 0.9704682964589757, -2.762045961864318, -3.131837963246762, 2.2755082091545793, -1.4270014713494117, -2.1568548266734133, -1.2345245538757146, 0.5998396594037491, 2.1598734133391506, -1.8221369159975067, -1.0014708083660162, 2.098878634501032, -2.659855863137031, -1.5349645027042262, 1.8328151160483688, -3.286772527068447, 0.07144637555640143, 0.3837931691655796, 1.3738126332038767, -2.706945039270093, -0.35443402316916395, 0.5733680240247281, -3.5122905675304574, -0.8762561112743485, -2.7199619117289835, -2.376349984711208, 2.649340713383965, -2.129513066522219, 0.5293295049841817, 1.6996508373746728, 4.410232472462802, 0.8043941846972703, 0.5684213978778482, -2.4429723737971227, -1.6763736640846962, 1.4317303727599118, 3.3485921583549088, -3.8702992830095218, 0.2961801354816387, -0.7071392412137321, 1.2266904220845989, 2.105954867168398, 2.1171229411264765, -1.2313310264743675, -2.989250322896633, 0.8115193922574488, -0.9420946881375356, 2.4865939907657264, 2.115877360808007, 0.7677125137955079, -1.3859412528761204, -2.5471733333258895, 0.16245504953676426, -0.2451505968700476, -3.692247351241776, -0.10358403538201588]",1.0210526315789474
2,"[1.4812728645694444, 1.9001572219188776, -0.4264988528998134, 2.5986529051493124, -0.24353474710191758, 3.0349522638461894, 2.2085590455291726, 3.6727843449299264, -1.840099387671065, -1.6775201122920025, -3.808328130236924, 1.4980391973709095, 1.4591611516260499, -2.8287597881884143, -3.0953709868126538, 0.5326854626521116, 2.062853207014416, 0.24811470505648625, -0.8326576483551456, 3.2537476055052887, -0.4784516070076562, -3.118325930654295, 2.365187329498716, -1.9753044068310213, -1.4512769886339218, 2.8423283314152816, 1.4690836818840187, -2.7600769799597997, -1.4249322158436708, -0.7507990352972626, -3.611313564169015, -2.1947323664149403, 0.1764157798219519, -1.7536979414070608, 0.3842085331472237, -3.5536609505252343, -0.47552182165688706, 2.9454645417844865, 4.387717864713515, 0.8720231133727664, 0.08673583151384823, -2.887134329196037, -2.7372555016993716, 3.440640815772599, 3.261297348077598, -2.1922866882397467, 3.041700065029608, -1.3653747849098143, 0.9303037404316024, 2.18751726343081, 1.1572095821882875, -1.1254170944243596, -3.6992837786032706, 3.294544186372378, -0.929871381227201, 2.7177476587450404, 2.8824893365865294, 0.22435049894580594, -1.355856496350679, -3.4774062675368755, -1.0495309943164575, 0.2959531542546321, -3.9135211913568253, 0.8198140475553517]",1.0210526315789474
2,"[1.2314221158235754, 2.1655488739851556, -0.3162243241335261, 2.0603424939784563, 1.7188471225593513, 3.171781849286751, 0.06926396270415813, 3.3164041821420076, -0.3456872438078996, -1.5897186100424816, -3.4558313014847633, 2.9143893398878715, -0.3822901089250174, -3.035334020249416, -3.095319993337096, 0.4141353990428194, 2.1311553797246616, -1.0392164157921113, 0.011024875315849364, 2.8169600539554014, -1.7612108686682917, -2.746275851393131, 2.2968272523593263, -2.7552534924338623, -0.694428478827667, 2.3810537493461137, 1.3963309586332215, -1.6576194782063804, 0.11100646504288769, -0.8366544232239636, -2.989547316839303, -2.19282605441769, -3.0098116946459212, -2.8207665592361244, 0.09493039570941408, -1.2719594986656537, -1.885225682409455, 1.4334701568329846, 4.102433596983059, -1.591766650671374, 1.3314507457341322, -3.073929053084699, -2.738137264621407, 2.5795455666631937, 1.6225306269910904, -1.0633261761437889, 2.649612931180729, -1.1699787161252446, 1.3195385332410747, 2.35431370834862, 0.4092667160326099, -2.8868493969045272, -0.5166682714178972, 1.2254460195341919, 0.49211418156208775, 1.2644750995485032, 1.1203845498416902, -1.3985419325802781, -0.8951858398365046, -3.525623995135632, -0.8565098948328529, 1.5694695403639602, -3.7126888013316237, 0.3547969026396122]",1.0210526315789474
2,"[2.4647884435119822, 2.520042012824111, 2.393268293756584, 3.2779077617478736, 0.3674683590514807, 3.682030091082587, 2.285142431642127, 2.967358819604849, -1.4274469928536146, -1.4004124153236794, -2.6193599436299575, 2.9393848343348545, 2.0287275860340364, -3.7232019124667683, -0.8436153000957984, 2.4132522454898337, 1.9530393569817335, -1.4043243320237493, -0.731787656406341, 1.507033481620203, -1.539494925530749, -3.0696914954044456, 1.5271175500482428, -2.772987827909972, -0.12601551229753727, 0.8953400320141572, 1.4878928102673898, -2.740957676380736, -0.6877875274127194, 0.2631333421497553, -3.067230214847738, 1.7564638677349205, -2.6550059884072854, -2.3639478548037367, 1.185674600354151, -1.7280559621033624, -0.016736699758996665, 1.3161374776906536, 2.8212750631103223, 0.6401025751708551, 0.9475633910425703, -3.71552638764814, -1.516868988621954, 1.768212822100223, 3.507899828723917, -2.0461277680774064, 3.0866631121193473, -0.5427059280040514, 1.2996978893606377, 1.2811068036339759, 0.9724662446994302, -0.776346904652405, -3.336654956594497, 3.761439234137831, 0.46415532710410123, 2.7828568098778197, 2.5870667030145706, 1.9600182738973209, -0.5088081626039858, -3.6256213223474933, -1.7885357807212063, -0.6366389201092277, -3.490495855593854, 1.8306441594902998]",1.0210526315789474
2,"[1.6121528889957166, 2.659405518213335, -1.2041240816026373, 2.6933685412688178, 1.0718347429035873, 3.9486845340825023, 1.771831998186506, 3.6214760537056896, -1.4574959404549703, -2.3646015474123097, -3.380003127495079, 2.557158333328349, -1.4353894173083883, -3.6847720571279607, -2.7064694909802456, 0.4374626047225255, 2.1616156464106266, -0.23374696124398575, 1.2281709578927962, 2.3823724180367476, -2.363514991941945, -3.2846860449796287, 1.302766627467901, -1.8917880624784034, -1.8491281558731618, 0.6387553792860879, 1.367300263804637, -2.450457483312476, -0.6287504564979001, 1.4275331631121557, -4.266086222319953, -0.7050010329322703, -3.4036149350703595, -2.3492885565256687, 2.2068744109763516, 0.5734773659640306, 0.6238081600728098, -0.060523366806130685, 4.214800236080117, 1.6431757379114007, -0.09813391853451306, -4.113519880827299, -2.189392359966572, 3.2852340896342374, 3.928636904235595, -2.704921454917321, 3.130861073309478, -0.9373317389557603, 0.5946968507409378, 1.65903260966028, 0.6276001592921957, -0.14895915288256512, -1.707222268711155, 3.5304862472555985, -0.4721712521398509, 1.6414248006478855, 1.0144951463861185, 1.2673935333765463, -1.0730786129393879, -3.774497663527898, -1.099676074655025, 1.018972284522683, -3.944090628292322, 1.4903763568557662]",1.0210526315789474
2,"[0.08950140021956832, 1.8064952236416927, 0.9301254784300212, 3.378513919757739, 1.7829863942130428, 4.041553844489759, 0.9681941772927397, 3.756061315079836, 1.2262486254609255, -2.986505772143612, -3.6980068808101185, 3.743817381118231, 2.0483542161333013, -2.6183020787203706, -3.047691078064189, 0.7775819584233505, 0.42108082169582295, -3.0483958088497136, -1.0597951070390428, 0.8511772391613317, 0.3432906029796995, -3.2770274339387444, 2.5800651442749465, -3.3391764365819117, -1.492009495328833, 1.5402084970967378, 0.11374292387835687, -2.2617326842312577, -0.11824276940546785, 0.5471775730757834, -3.3179843224774372, 0.2381392636858289, -3.314522311507312, -2.15733104088435, -0.14046996603591955, -0.7630660233168047, -2.9179621943424294, 2.5003835797931147, 2.891173954365775, -0.9863319244158144, -0.12510284644483383, -4.066773253199382, -2.485225595540073, 1.1628993479001482, 3.4609881003045895, -1.7279741869402865, 1.257467057458589, -0.5204396334084125, 2.2715373533345398, 3.6365314072361743, 0.5716774773908979, -2.848567534796183, -2.3416723931816357, 3.9230245490965823, 0.06784205847538109, 3.09745969510493, 3.5915831632600366, 1.996839520979289, -1.861786630454524, -3.4689910308615066, -1.630911394162959, -0.39068617309852405, -3.5075442681774365, -2.5172771919053645]",1.0158730158730158
2,"[0.4144148271119718, 2.7706565535315066, 0.46607340991296564, 2.900024267740459, 1.5025520615888324, 4.111284602325225, 1.237654090198541, 4.041901836790387, 0.537227232789949, -2.8613535719156964, -3.461260629851564, 3.745602512457157, 1.8790952566870378, -2.708036114774551, -2.8867253827228607, -0.47984577099562364, 0.4933047078092573, -1.277040412622318, -1.3406556917752697, 0.36257135016045494, 0.5962602411128517, -3.2599230756430093, 1.8498972097287654, -3.6882136428010934, -2.151059919436763, 0.9926034267282484, 0.17568282795383408, -2.4054864063667285, -0.0052205261507864975, 1.215206745566019, -1.7017357497466254, -0.8732677691296097, -3.4093061317991338, -2.4296727091730292, -0.053784337399959914, -0.7038089163275041, -2.5460478855017104, 1.9282789312473356, 3.470235753629377, -2.034114374059621, 1.245928175102017, -4.134395787135469, -2.60149331796507, 1.9856087064295576, 4.128859921940324, -1.4842447948223465, 1.9271590779350285, 0.2549046017594565, 1.7646978547160495, 2.5912958823672696, 0.28747095759555163, -1.9903413441461815, -1.6844486682047477, 4.430640743621051, -0.2565742615781207, 3.4953155574941506, 3.6011924661483437, 2.0162576221061204, -0.7402398201536831, -3.2729415740513454, -1.2222476870343757, 0.6722520178439644, -2.34402425609147, -2.1717709218025707]",1.0158730158730158
2,"[-0.6916287535388714, 1.614864769782727, -0.3591229187791063, 3.5462204904799144, 1.1670287461553936, 4.118447029769431, 1.121704902628823, 4.556135977321778, 0.8260011040243365, -2.725774343008985, -3.4939651863005787, 3.7675826825874505, 0.689804547107743, -2.3904106408932773, -2.8248401422558143, 0.8664184883899211, 0.3780311704597292, -2.5193822000203405, -2.402440173983986, 0.8942925429268096, -0.01728639124120232, -3.1743216865626502, 2.0372359115660528, -3.3476246062454385, -0.5369028266316911, -0.7387809699896047, 0.12008245116018014, -2.1698873607066247, -0.018133294016080936, -0.3284568322323239, -2.7299650897902143, -0.11090406085073573, -3.330000209439096, -3.0382997821277073, -0.7840118678310029, -0.7733130718842015, -2.6984222425000626, 0.9490017621893476, 2.313390021479397, -0.5498913005992544, 1.255537647623624, -4.093097986900165, -2.768876197243042, 3.4732181020463258, 4.126064858570321, -2.083004433037086, 1.0274727384369728, 0.10248511801707456, 1.286787788538203, 3.008437922314967, 1.648632932837816, -3.1110979702064103, -0.4133014178684966, 4.350656374656266, -1.4279543134060921, 2.837615280730247, 3.156825417422355, 2.4212619675933302, -1.205568545011377, -1.937735406087174, -1.6422260846150658, -1.2022106219740194, -2.5808177705441997, -0.6498692033230546]",1.0153846153846153
2,"[-0.30754687392423885, 2.533127503652075, 0.3629107209442434, 2.2238423908152476, 0.02651613239919537, 2.917583501316231, 0.005895967951604075, 4.305288782759318, -0.40842104857222117, -2.342290550981839, -2.9761982025254476, 3.3596949951753543, -0.7126334910705963, -3.49581802792492, -0.7231060536509557, 2.153486802733025, 1.46696570528775, 0.8855596828218679, -0.6773270350679308, 2.379262129628884, -0.7446019890948867, -2.23238567641459, 2.619316608899418, -3.5241465490135897, -1.048015244212896, 1.5717704922005842, 0.613059665184275, -1.8630474485276332, -0.6825466391977499, -0.9101794309642407, -3.6045828453852873, -1.1128621757273973, -3.0422168906509612, -2.293683030720293, 1.968049086250092, -0.7229479544038587, -0.17376182120151346, 1.5939784873299494, 4.2202252405217395, -0.9541727895969758, -0.9286499130690034, -3.466518677186916, -2.175217255751355, 3.384224293402646, 3.5526197708208995, -2.8881521097830865, 1.0225270682575935, 0.8013851044981715, 2.043686801251833, 3.0042114884335716, 1.413277809340423, -0.7082183969539786, -2.2913160899884772, 3.5817014449578575, -1.0927542655552012, 2.722476459922014, 2.4465678873730736, 0.4696701599304273, 0.6154978998350356, -2.10426745151449, -1.0863536568962198, 0.7121341264594417, -3.9652548842404314, -0.4449276058729782]",1.0126582278481013
2,"[1.319052557259979, 3.716680663921452, -0.47810721459867156, 4.24265265733268, 0.4164852861823074, 1.5998299476734534, 1.929916564963864, 3.9453073083700034, 0.18609767855908244, -1.9533342922559849, -2.3136942153624336, 2.2278404015383613, 1.49542873642562, -3.423471679566458, -2.95413931926729, 0.9178734296428178, 1.2443608613652064, -1.1086515424010965, 0.9391517945595775, 0.6881001305920666, -1.5651937419278636, -3.2891434650651687, 1.9648513878981373, -3.0501982980882305, -1.1215157087944294, 2.815077776203422, 0.8203303412425851, -2.2773730924704876, -0.907875686153733, 0.05487660414321022, -4.228758201932426, -1.3031612013609166, -3.3649900548902014, -2.724134654113536, -0.24707299035707142, -0.6782386558213669, -1.0311412785361391, 1.591637393250024, 4.004177750265455, -1.458170112723932, 0.7957407143274847, -3.6675908002322304, -2.209337126415451, 3.083290979271264, 2.6676360074044587, -1.7152289919366308, 2.1906640497965655, -2.9012831732792623, 2.5241811454791208, 3.082306244306319, -1.2726290811811396, -2.7899693275424573, -3.66345904546759, 3.538134461193671, -1.7311083367602655, 2.181524258859416, 2.80909972936142, 0.7928831279315033, -2.6468019584715035, -1.61019054152933, -1.881939531701694, 2.2833128623139576, -3.770537967443771, 0.9582257773825018]",1.0120481927710843
2,"[-0.3192238812250235, 2.754355054399304, -0.08017580856638729, 2.4553599877604535, 1.2036338556122128, 4.129201522181376, 0.5918458512387533, 3.965926882503382, 0.5389671393114448, -3.097424216798647, -2.7187141657385023, 1.738408029612769, 1.7412679542458929, -3.446730664430365, -2.324381352880707, 1.3180479662737505, 1.0525638474096695, -1.3858672465273738, -1.7346996308534555, 0.08457165478284606, -0.6827561404372758, -3.263226002692274, 3.310374941214783, -2.986682113100585, -1.5814842456485128, 1.2463633687253841, 0.7728609185446194, -2.5583999741666723, -0.20148604977024998, 1.051741037609127, -3.6419207438658168, 0.43537361747734704, -3.416848116291856, -2.812133098738464, -0.27459577058304807, -0.16598338066767143, -1.5424833030902936, 2.940819486384646, 3.3317845542528124, -1.730924432209408, 1.7608367888165224, -4.166128916843873, -2.875932623002926, 2.745970565995202, 3.3583215606240113, -3.069615221800394, 0.8659430511193328, 1.7000725543148791, 0.5985435218278821, 3.3693404912072915, 1.508937975564457, -1.5138277398051165, -1.5120619544666825, 4.418277836911993, -0.2165750660233689, 2.1945345814883295, 3.1603594346401476, 1.9169695939442484, -1.1116312929462238, -3.748045862425098, -0.919533166995512, 1.5615188525404062, -3.478550558649039, -0.2512665611621101]",1.0120481927710843
2,"[4.006254271111985, 2.565543870873679, 2.4067516940900764, 0.785765081961078, 2.127057162341273, 2.0543616269995733, -0.7155266403314048, 4.5642193676801694, -0.35564222008483204, -1.594755531011851, -3.4966393048385926, 3.0739784527667515, 0.27837646647197856, -3.631167846792767, -2.0164082642071524, 1.8366262642712243, 1.1166836805757248, -0.0640015171780508, 0.8731420033683663, 1.5343334132699809, -0.10531445612165224, -2.5877627015046247, 1.8806566523027162, -1.2345947016506205, -2.7012958709049535, 2.3291455569503006, 1.2257575945931232, -0.4524324984302952, -1.4011261383310982, 1.5138247874637418, -3.2101084102882704, 0.24863281006786875, -1.7197765544039618, -2.4316846356871475, 0.6374474800661037, 0.5622588684275376, -3.2784543196245655, 1.516212018339481, 3.6263413431249543, 1.5186817043988843, 0.8281830778459769, -3.01645154321424, -1.985087920303255, 1.8265538633734588, 2.6261713802148963, -2.591382204627224, 2.2520645334229465, -1.736659885066886, 2.6190439040931612, 3.5983125875568964, 1.994881695005883, -2.5247846676811303, -2.9504972185623815, 2.897712631608928, 1.1889171513461763, 3.368871606667721, 2.0010515546737317, -1.3872139599929545, 0.5552821771839291, -2.269047307562519, -1.940517723733141, 0.7624947521959231, -2.346973851281078, 1.2317550297986937]",1.010752688172043
2,"[1.9248052665844138, 3.780503893259221, -1.0786206827487308, 3.09226377103722, 1.7687770564195255, 3.8002737641884, 1.567434466951645, 4.459365083877652, -0.8033861591796626, -1.119643610991206, -3.137101164254897, 2.3853930206978067, -1.7110131598794562, -3.362276746503789, -1.585135876729706, 1.2756971922627989, 1.172834246936142, -2.1250780640524214, -0.4249935638025871, 0.46659796855760716, -2.2361094278059572, -2.1528967588198267, 0.5254745416285038, -3.015936271863631, -0.0010873640490214331, 1.0903579393226126, 1.2578964845338452, -2.3159000396390503, -0.8485936771041787, 0.3562763979968891, -3.940962562912362, -0.3099833240400456, -1.910231007797568, -1.9068956867827809, 3.409849544778301, 1.7033501544051664, 1.6096465872895294, 2.8033166202971205, 3.262255614598155, 0.38697360405591297, 0.7448789171418514, -3.493632193265163, -2.708517588442681, 3.4677964095008624, 3.2362306400928214, -2.105548375970519, 2.785137962179204, -2.496203656532044, 2.1923405365483237, 2.7049471976424524, 0.209036235727878, -2.0524055152263037, -3.1841112348145217, 4.409805249395852, -1.2001644296206015, 2.962291054010294, 3.072218284156801, -0.3762545991588249, -1.9760413062617908, -3.3620701663508252, 0.4484070115631218, -1.2289395351367385, -2.197689368804379, 1.0900203139997606]",1.010752688172043
2,"[0.5454858832675726, 3.524897474079984, -0.6861402892648777, 4.043437771959881, 0.90287243097629, 4.111187505389302, 0.7080362244088477, 4.615860085014222, -1.6758992479053303, -2.573195169559688, -4.242813485570494, 1.628571392056686, 0.2518103874830218, -3.1734506506210183, -2.576810098143384, -0.8637050047650365, 2.0659449287078795, -2.1067415460704897, -0.5068780501743858, 3.321383268990425, -2.7233095980097426, -3.0642709560538988, 2.4767426735077467, -1.6118439987631703, -0.7254212900493495, 1.232760655457304, 0.694592065293624, -2.4698600446405687, -3.0532298012876864, 1.0806130085936623, -1.5548656496638404, -1.12281745870068, -1.2394665001960685, -3.0099889995843325, 1.9655629389913436, 0.12869874288456173, 0.4754999741160797, 2.2497254355775924, 4.358689325725248, -1.3522684065991106, 0.1351380994290633, -3.5951152418446726, -2.6739792582489725, 2.7980404613698107, 4.047113053712994, -2.3000428866455014, -0.4557461074479079, -1.4283032800492725, 0.6056344290913409, 1.95344601916062, 1.6829868089241198, -2.7991071089835526, -2.92644356692723, 4.167914642270833, -1.124843506680333, 2.388892228890617, 2.2422274506788087, 0.7876579351823826, -0.7641343961801756, -3.7473380040499733, -0.7466005291466181, 0.9603841947905096, -3.2721641072060463, -0.6492816608715685]",1.0106382978723405
2,"[4.109916707900323, 3.9851640348761452, 1.9425131265807023, 0.5718707655922524, 0.044095898120367405, 3.1027351602079216, 2.135826069297402, 4.6246537461890185, -0.22754729650025818, -2.8776600199996327, -2.6746441329543043, 3.858279752602021, -0.6549404785737127, -2.66826108248961, -1.9945516517248725, 2.110599653593578, 1.2919042569513886, -1.1513174689101322, -3.648486891504463, 2.7662543378274993, -2.0011905522389006, -2.2008474564646603, 2.2027524436977215, -2.924137379110762, -1.7171187075545375, 1.1538784158616318, 1.1825502307997335, -1.6214392908893593, -0.3603189683348055, 0.2610659607340551, -3.850220334728034, -1.0039778792037837, -2.4326935721460057, -2.399601700148796, 1.0814448535223191, 0.06225496995308266, 0.16100265168218886, 1.6527569420481858, 3.2709784859463853, -1.118921999698412, 1.5336762445482286, -3.6876774840254396, -2.088743506568994, 1.7879205671113767, 3.562209562311515, -2.9043307857358553, 0.8163556592241386, -3.024696448204641, -1.0544739840097435, 2.793660781138118, 2.6670113772467885, -2.474607809427149, -1.0698710624788665, 3.6542090650747663, -0.25218883327028224, 2.558729701416801, 2.2140749225875678, -0.5682037713184043, 2.2001834144989822, -3.780661413219675, -3.1369719256590596, -0.34919242056046507, -2.51369964412985, 0.5130898266630561]",1.0106382978723405
2,"[1.1271289617123699, 1.9532659989327563, -0.6581112498061299, 2.4124505871070228, 3.145605841018889, 4.059417048778195, -0.19343322009197894, 3.900621959875423, -2.924766701475261, -1.8723430411514872, -3.145742548585556, 2.6779850867535546, -1.2044396666257557, -2.7717682187153736, -2.550549351179613, -0.350602480704046, 1.78169599269517, -0.7951744191124469, 0.708743466309, 0.7810234652258732, -1.0781949589684816, -0.8930325464016313, 0.8971887731215518, -3.7406278312226244, -0.39909488854089137, 2.0340824203308765, 0.8942075723710823, -2.752097366521809, -0.44433025945608423, 0.42741328569720544, -4.254883883367261, 0.9210408725057713, -1.6524752231386421, -2.9780176340203686, 0.6257990943954135, -0.7574485262097874, -0.9087643408712689, 2.523249258269698, 2.9064761909454457, 0.34578386931991784, 0.8045235897456435, -1.911961378793767, -2.86419428984819, 2.1150829956525508, 2.608522069934318, -2.4378618132303216, 2.332099303256006, 0.42919391687351416, 1.992551119861067, 3.1016177744314186, 0.3298260116808621, -2.8013712774657593, -3.4373191214435836, 2.1832825683912827, -0.6051274663371959, 2.7793760428608287, 1.3017550609272617, 1.8728048978580252, -1.5440532098389088, -1.6319995334347819, -1.5556874091988147, 0.03563745520994144, -3.9940634838404105, 1.1276435748000533]",1.0106382978723405
2,"[1.2812082701707934, 2.926725119181776, 0.8781387703392302, 3.311706510759759, 3.3677331694142456, 3.11422829575675, -0.46331287827153866, 4.056273635608237, -0.7242290436816581, -2.4202498294823447, -4.294774237317949, 1.708557803675238, -1.2369714921834105, -2.63459509878711, -1.3062106785123437, 0.42965164407714507, 1.2182184346957858, -1.0335091579761244, -1.5606372161622395, 1.4414220451717208, -2.2423791307965413, -2.4427249031403555, 3.2858484134136603, -1.2882411608810278, 0.7708043532037532, 1.436093170802489, 1.4489293132540944, -2.244253703131186, 0.2947346989260937, 1.4837301741613462, -3.3789058666848173, -0.9580212077735939, -1.9804289112100681, -2.3757989464483473, 3.61818772320181, -1.3127235434969902, 0.163352327511328, 2.020532893817728, 4.15781207812621, 0.2668132779774747, 2.2027907854742685, -3.0856898896026146, -2.780713000464008, 1.3686664664259232, 2.8355684972091293, -3.487955565663097, 3.1329172193376342, 0.8140512274354246, 1.0769675236186416, 2.9881404829664295, 0.4825941214071293, -1.8928935662723492, -2.008655861896033, 3.2318598031838324, -1.0336189394342852, 3.428966852412858, 2.2732823227743895, 0.5599899931811388, -1.0867264147661566, -2.507126592224675, -1.0151835617698777, 1.2489173348577034, -3.119161372727443, 0.38241412803214775]",1.0106382978723405
2,"[0.9654341097867035, 2.373206390096525, 0.16516278629561348, 1.7599854189639732, 1.2714877095025694, 4.055804305286219, 3.1242889971218255, 3.9971083008870547, -1.1986389490850256, -2.430351940031838, -2.2610244994108912, 3.7505480802406446, -1.550515489904611, -2.636353873776647, -3.048167033160204, 1.036429622306005, 1.2529109120227453, -2.1765317697732844, 0.5612364305370097, 2.1166448868643473, -0.8709615338293079, -1.8995274367268993, 2.742588668090788, -3.1145303925515853, -1.8928694867418527, -0.7240135671851959, 1.2740511163032524, -2.7245208663797023, -1.2926505809667062, 0.5787953856020477, -3.867644923659472, -1.0462210509994252, -1.5019979212682941, -3.0081344988102376, 0.9019785220528674, -0.7992830462413625, -0.0693418388184654, 2.0242670802602323, 3.87431898707622, 0.7846028573792821, 0.7599950959678761, -3.852446013578346, -2.732645423259195, 3.432528511003443, 3.1977608975996943, -2.7531481565829474, 2.033555492215223, 1.0170208954389142, 0.6026640469410768, 3.553749800722673, 0.09827223398722529, -1.4209860430609262, -2.504675325622277, 4.462038922445228, -0.45674992990464913, 3.2375601412984065, 2.7308746426667962, 0.6612465454922548, 0.43371050217936824, -3.0894368235639904, -1.6415498267011204, -0.0658611057333911, -2.4651559689397526, 1.9756661621841771]",1.0106382978723405
2,"[1.2860425564418287, 1.8848589245437959, -0.9916935813799194, 0.7735053244941184, 1.322816734858698, 4.088152190963724, 1.8171611126773204, 4.515437386377176, -0.7971379134419752, -3.322579696550896, -4.245058037439594, 3.5023048849781637, -0.06499951210481239, -3.4035595263643925, -2.6402368821869513, 1.2195635754543748, 1.3664470490392344, -1.5263392602167851, -0.6435278676770699, 1.6904228135135768, 0.8677817611099854, -3.0311365400544554, 2.586343104175778, -3.249074138981328, -0.4139851429538802, 2.8496400855985256, 1.144909723993361, -1.8313488881381215, -1.2961515074993328, 0.6761938378879215, -3.446596518607855, -2.729526801718024, -2.231441638855926, -1.529556033457932, 2.1615981176639796, 0.09291307147564032, -1.7886453778888174, 1.9224834847333812, 4.421510076712592, 1.5133500463795373, 1.4394922648641886, -3.7985603340078082, -1.5629177135678465, 2.5372538169217345, 2.8906608257256816, -3.096935178310022, 2.1532949938792627, 0.8511328772220288, 1.3380035423543042, 2.2751272022548177, 0.8963282805479855, -1.6597500638956861, -1.7322848230950427, 2.234234916058144, 0.039736730544028154, 1.926251363488033, 1.6361472592583755, 0.47541459844202044, -0.09573691812339752, -3.7859285759518904, -0.7496188302194553, 1.405359107001053, -3.477857044751192, 1.1360092434768625]",1.0106382978723405
2,"[1.322069114579376, 1.7278234539021475, -0.905366197393089, 3.2994573769899382, 1.447259912519331, 2.5017373121704334, 2.528495199004998, 2.278041384916159, -1.9100301416445151, -2.1414079868779177, -3.096487094041144, 2.3309484638237836, -0.09324279450092537, -3.0084637310037605, -1.5681224300148546, 1.0060523147449718, 1.4140220931991494, -1.4744431694176718, 0.24591686068254995, 2.525326517590937, 0.1612216223838403, -3.2855168512373387, 2.019288422095391, -2.6090645208487375, -2.0029467412581963, -0.31828272422356974, 1.013315047207788, -2.0013608556719857, 1.0999876690081347, 2.753896912157754, -4.177986084546095, -1.1298810749291337, -2.2747824396470637, -2.71445304051862, 2.726585851042043, 0.4411408856310952, 0.22636332729892195, 1.8796135745317912, 4.280804273741475, -1.3261251253659794, -0.17560842506551272, -3.8637557718753897, -2.1758449733506566, 2.420489489151622, 2.4510795543803594, -1.7350426947704847, 2.376165556942785, -2.788469222928209, 2.1623174411871773, 0.8099427597516533, 0.9034400081402122, -2.4960089474973217, -1.2986307773243186, 4.006446535408971, -2.199898845222285, 3.297089520189151, 2.6499265569618435, -0.4681468812396209, -0.9294198835836629, -2.583298702529463, -0.9812053762887329, 1.032290277713577, -3.2835947552584015, 2.1793525681337997]",1.0106382978723405
2,"[1.07967215497021, 3.3625637156086885, -0.5913409032773571, 1.6500700286774286, 1.5139913446212034, 3.469968137902592, 0.10094726749211158, 4.308908658891057, -1.615046632779614, -1.5804513267990314, -4.030903155702972, 1.3177910594085087, 1.5519729900038048, -2.134051611595695, -2.6448628254574964, 2.2312301681560704, 1.0764956292752703, -3.002771431766168, 0.8143789378242161, 1.0875034248121356, -0.0526148540879432, -3.1902576341984688, 2.152049588553833, -3.4516785164782777, -0.48416143179895665, 0.6428929274392619, 1.4559013697428473, -1.8870609453247402, -1.0302410625428857, 0.8451325355320268, -2.926149988589138, 1.0036472507249115, -1.561136451424574, -2.715742049967818, 0.2526606575313184, -1.2404092933290938, -0.44572446496836093, 2.81924047527211, 4.372202770446317, -1.2115949938781765, 0.7934760112383693, -2.764001009622013, -2.1224509816719825, 3.156512712712562, 1.445854244266853, -1.8790152680219716, 1.8310607938510377, -0.39598269108957307, 2.358381768472869, 2.9181531564529886, 0.802131184176878, -1.027887244926788, -1.624592533230601, 2.7835623619325855, -1.2674483925042561, 2.330508408991654, 2.8930756548379284, 0.7961585054379472, -2.8405199141539765, -3.476402397990218, -2.447319478473016, 0.7610914401824247, -3.1499772742259857, 0.7372928593866754]",1.0106382978723405
2,"[3.0590815334528867, 3.217409879734115, -1.128575190283133, 1.9036163541746824, 2.346738604596793, 3.494974455335743, 0.13959223309215063, 3.324185430528413, -1.7221017122268174, 0.272658507227149, -3.0493725448547857, 3.3038203970537476, -0.4261402603177016, -3.366928080700495, -1.3830185728529019, 1.4938274251243269, 1.9611809626786338, -1.2295608800733993, 0.8498279497125106, 0.3861429943159884, -0.3207557945945183, -2.8595792748096067, 1.4446325447614945, -2.3920046316851407, -1.920029113758865, -0.20542904711634824, 0.7941181943811452, -2.718441382006202, -0.6637102782656313, 0.43580129953417374, -4.2323549697962015, -1.8965472064155324, -1.0691566119756886, -2.6267310395928223, 2.2612799850586964, -1.60247994642458, 0.6054429499050225, 2.593774638180464, 4.399018704771267, 0.2544759743214885, 0.3545840486656824, -3.180737619314751, -1.9594375910297004, 3.4040033166569987, 3.8749517196811234, -3.8283233477624248, 3.0527234575186952, -1.0845904559534802, 2.361031726368029, 1.4763344542946781, 3.4720324297190728, -2.8826103273444574, -2.61697519413292, 4.000917193812368, -0.856777384122914, 3.507639910946314, 2.985188764764365, -1.3954209870370051, -1.3121174902050918, -2.830581461859511, -0.5047557695095474, -0.057197619598858385, -3.797561266913866, 0.5595697165530835]",1.0106382978723405
2,"[1.391592498611112, 3.4208795049488128, 0.4497421797502358, 3.8944705738587917, 2.73666305470488, 3.6213444471284006, -1.1302048216697949, 4.213958145656437, -0.7390670686549426, -0.3767650456943843, -3.4113146601304942, 3.077158522465363, -0.1941940209337137, -3.18107010571952, -3.0944516379133016, -0.06065635655507573, 1.565377932579855, -2.2260263090398364, 0.4757442410396935, 2.8591888987754412, -2.3186399144825294, -2.4728721906244138, 2.000281494845606, -3.7068686996535885, -0.5061450099207835, 2.2100730866448974, 1.0258643196469817, -1.838090689359289, -1.6016045211645356, 1.2180530027327903, -4.262054738341003, -0.3267906188837949, -2.649839203908786, -2.9268961258595594, 1.243264296482426, 0.661646845836418, -1.2738097567519011, 2.4069841036152537, 3.9869097812255645, -1.6987299287819377, -0.21130323130975281, -4.175804634194592, -2.883065662412097, 2.805332725690095, 2.694164444925568, -4.009035213896152, 3.1262084188754233, -0.4130838482487067, 1.399135502782836, 3.047358064371342, 1.2341253634523206, -2.03446096276436, -1.6586881819931403, 2.2781351934876986, 0.8791377797463644, 1.341117447464731, 1.7815397663402284, -0.6787896068691626, -1.2196495835005337, -3.7741587951800093, -0.7062900705885812, 0.5193184619418847, -3.9937535794913535, -1.5269957483247008]",1.0106382978723405
2,"[1.7045623906813174, 3.2863422098422097, -0.6408868624755796, 2.442645859992993, 1.9515043561100391, 3.685015011743329, 0.5192975246729141, 3.4339502479478323, -1.055650899947119, -1.2942960930220786, -3.7699709009730125, 3.478497098333715, -0.038086210299757006, -3.3173346072823326, -2.5769190231995114, 2.12522268245694, 1.1222033714962263, -0.8590458137438287, 0.04619300156850768, 1.5717057468120674, -1.30721250652675, -2.4794977259617403, 2.570445027661553, -2.8446576471812737, -0.6645386487243322, 1.2572629335123977, 1.2983647866129908, -0.6942632896452894, -0.9825511958922961, 0.8460751655623104, -3.8674913355828235, 0.9308052865965799, -3.257040337955752, -2.118518448593666, 1.9446560570719333, 0.8716915436821613, -0.8167672345625543, 1.4626949401734355, 3.666008333111919, 0.8477953547788069, -0.6734247737558476, -3.958592069833734, -1.2876434942673436, 3.522619514150057, 2.6508360987140343, -1.8174195949987921, 0.9757136007221201, -2.3602363595336797, 2.5689762028106826, 1.5130162463124832, 2.36109161503855, -2.273753327773786, -2.3027338706729528, 2.850821120148459, -0.6914494576408959, 3.0578265939935987, 3.442842556687078, 1.3809149844221809, -0.8982248511774238, -1.6871958139808432, -1.1168016116258643, 1.665607704550258, -3.980210478174107, -0.31542064418299165]",1.0106382978723405
2,"[1.1054221413706302, 3.1620390524712567, -0.47038184003832495, 4.179269281511952, 1.3882023522104545, 2.384048113652061, 1.0062270338164654, 3.73885398692557, -1.299525989709049, -1.9824766252046904, -4.294200343884358, 3.692442653826566, -0.45931854916343423, -3.4335075955521486, -2.727066155481217, 0.5676882692470202, 1.204016080505685, -1.1906658962645849, -0.7530142054513811, 0.80098699286163, -0.47271198494190747, -3.260896701768709, 1.2526762515657295, -2.685858042504388, -1.6745106496811528, 1.1568085607775012, 1.4478650255909824, -2.0133474615235385, -0.5171969914372321, 0.68677234687327, -4.2223871982906935, -0.1843894970239915, -2.034431550095283, -1.5361547538694122, 1.2879691681627068, 0.12306057789947389, 0.0030254319262389417, 1.4923653668297192, 3.940555546620455, -0.6432935441428728, -0.45250973457463417, -3.4436744338723386, -2.2304944060873986, 3.3169001576748136, 3.300746444878552, -3.309605962489356, 1.0050958905403626, -0.7177740063711878, 1.678688198663224, 0.6786510503168035, 0.08190989127567216, -1.3580352937185285, -1.6152978977572794, 2.808630115613097, -2.053117680647393, 2.6554853520838186, 2.7759718052620097, -0.2643455532543988, -0.30715150895594906, -1.5315933620547733, 0.37379125617746123, 0.9289126341873337, -3.8789077921841884, -0.3285985907479222]",1.0106382978723405
2,"[1.2112291004323812, 3.89293829614648, 0.9551556015416004, 2.5960952451378434, -0.07337578519771148, 3.598719237950749, 1.3182037963071276, 3.730899146349122, -0.032224431322106395, -2.920208708938219, -3.0152802183841487, 2.413244500413367, -1.3542121528648177, -3.726828005673942, -2.850669523386048, 1.182344011404709, 1.181463115999701, -1.010839136245706, -0.1607234162150305, 2.5412441368157777, -1.9488845264589716, -2.7605336614240423, 1.5837749939793468, -2.8061281964549947, 1.728774309752095, 0.9070062247518791, 1.1255107878491974, -2.182149117673625, -1.747741966123968, 1.0675822935880732, -3.672128273235889, -1.3299410091557498, -1.06416078935278, -3.033638155058003, 2.4117690834136942, -0.23710966229996314, -0.6809864765958027, 1.9754320561559697, 4.43060244997862, 0.2050084746551248, -1.622963069248419, -4.070342035338766, -0.6174702053437136, 3.310505131243737, 3.6112625522463877, -3.50875540187977, 1.6333320194959566, -1.499095205356125, 2.120800077677356, 0.9642352390986615, 2.895780708659783, -2.034145354296871, -2.9866559366784236, 3.9514367277948774, -0.4910192767127505, 3.096334964834535, 3.2423500957223728, -0.48745439248177813, 0.07784581154685954, -3.7710855036592656, 0.4174699640792221, 0.4904774348657849, -3.9790317120458005, 0.9279750833198379]",1.0106382978723405
3,"[-1.1260062664765216, 1.0231119909389006, -1.8022197687820674, -0.7101013313279212, 0.3092307920480634, 0.33259395371874145, -1.337412579376008, 3.09472582438423, -3.1622739810753897, 1.6430439440297457, 3.9305560313895107, -3.4382321156576903, -3.9251942340860366, -1.7491336868456968, 0.9502279293061755, -3.1610288057291953, 3.9600789329292545, 2.0494270193703805, -2.625704322360655, -0.495099899478422, -1.4333569140535678, 4.253033684172317, -0.25029415185830994, -1.3216012256267151, 0.6171122064267163, 0.06286474689715094, 1.4443701035847765, 2.6067045424886977, -2.826073868657757, -3.067060653326479, -0.9434130287250059, 1.1629071504284694, -0.09927131852898785, -0.9331949019112004, -1.4253194010389372, 0.7798842274969949, 2.2044748652087254, 0.8967852346865709, 0.035322902536213424, -1.5415672971653414, -1.1488981975752712, 2.80999979753489, -2.8644836655417985, -0.4317871363948317, 0.48686373725968884, -0.9671951915124868, 1.1633277052047575, 2.754042253123745, -2.8231248364529073, -3.0005367230309874, -2.6174607277688255, 2.3234205281941747, 1.8433481665196634, -0.5748017602364892, 2.1602364526324984, 1.43174236847705, -0.9819494804153122, 0.7835652439711793, 0.5962871970260818, 0.7138617020725763, 2.6926719366247673, -0.7926551942888936, -2.1779780486292357, 3.071705676602117]",1.0416666666666667
3,"[-2.1659594513896865, 2.336584545388775, -3.2266821646585617, -1.4816323189310898, -0.14530480283849245, -2.766953276920867, -3.850144158833598, -2.0910034286541634, -0.3493307948838589, 1.2378688074080335, 3.2198866665024894, -1.3940141238881572, -3.977549560987023, -1.2430756219969132, 1.6431410235129378, -2.6349094505077066, 2.298427865422861, 0.3292072717565735, 0.6065683943925023, -1.7559084737908142, -0.9933293427006493, 3.0007199226610894, 2.6938961329581503, -2.1017887797210033, 1.6220171057143051, -1.6638989700915305, 1.1502834421029942, 0.8031288790255484, -0.8409922716584632, -1.7964065331208303, -1.9846050128438701, -1.3367085332800164, 0.7172924911079979, -2.243090391491755, -2.125750818596719, 0.767327431510995, 3.028688754062279, -0.18418844414924268, -2.0538137632826867, -2.3894098809065563, -4.107291525986724, 2.384829553137776, -2.5627845625576082, -0.3774358844155732, -1.5308839343346654, -0.34879923740472946, 0.7774294427242873, 3.9594017304944056, -0.5789733948128863, -3.667098705518681, -1.1737538725256118, 0.7218298998819559, 2.986312227324915, -0.33454033863475297, 0.8031969806495789, 1.779159453871881, -2.1088398183850368, 2.6449591339386656, -0.13420101587219235, -2.503000412437206, 0.0602270107811374, -3.991014923558624, -2.8171025902947506, 1.0534466055700697]",1.0210526315789474
3,"[-0.8000298980137723, 0.24514025612096813, -1.5704642649615579, -1.632562408256553, -3.1730490449139985, -1.0314394007039747, -1.1679607637373652, 0.21034537109996776, -0.7854561613922421, 1.7111953932819637, 2.520759525277032, -0.6939040119980993, -2.7045495220867677, -3.082669627949892, -0.288073798082888, -0.8890017896595068, 1.6795812435577269, 0.8121790858846518, 0.5913905264833408, 1.6085308724399527, -1.8592902368344786, 3.9474688154698194, -0.13525749527726916, -1.3933867665948303, 2.410508841972434, 0.41357065695547535, 1.4889381892773186, 1.1297125085847786, -0.06050842567154502, -3.305421600066361, -1.1097716219421525, 1.2523378621571744, 0.9879311186577286, 0.9042427545543257, -2.208081936592358, 2.9651679071032646, 2.8249001046699775, 1.6684778553463901, -2.5774234009653165, -2.2627749251631366, -3.236903764522799, -1.653185358510476, 0.13203982942320192, 0.9911999977826814, -2.8419154824115704, -2.2124075834932704, -0.0557166872772501, 1.8393933123762056, -0.5926106710582846, -3.539963034680497, -2.255902856422258, 0.28428756561954893, 3.3645603017142878, 1.8594783862091349, -0.40763594021776095, 2.5073503982147223, -2.8625666341811855, 0.49982324720783655, -0.8228276323491057, -2.415707831346632, -1.71297619320766, -3.0346546282726994, -2.1322923640563873, -1.2494328418462386]",1.0210526315789474
3,"[-2.365553682200199, 2.925322515284254, -3.094874087383695, -2.780032110580718, -2.9880978167641103, -2.417464979929661, -1.0550494945976343, 3.2934446991453985, -1.4319480772916546, 2.4551719970955768, 3.8636071972348467, -1.2397193906128328, -0.6328171305179917, -0.6107912654054929, 2.842723387771822, -2.9505836184784835, 1.9919038243382035, -1.958881420565561, -0.1207755371690647, -1.4806238759800117, -1.3040917144339252, 4.255024921283241, 1.7714103901450466, -3.3136112966434674, 3.3662910843037483, -0.02989666380225786, 1.2047843383327235, 0.6487568259752696, -3.162232940316007, -1.7398379023057622, -1.9620352599429776, -0.3532840524677294, 0.9067017906350219, -1.7764950762133165, -2.7169561617309412, 2.3232023490326705, 2.089356828867645, -3.428644206240399, -2.5657622731691587, -2.7416105862392595, -2.8739995721200344, 1.975642939220981, -2.801696423033602, -0.462550429390006, -3.0458054418280933, -1.101469809225081, -1.7921091088548708, 2.835120410550854, -0.6186336185147039, -0.3594225968040634, -1.0955961020625333, 2.988269028973114, 3.29517499931077, -0.09681569692894354, 1.1890178662445146, -0.5223441800249162, -1.9978493720951045, 2.5451366362505135, -1.0078754194094603, -1.7127509389633593, -3.2972908922797766, -3.282037628465334, -0.5331700106744957, 2.7828487792605747]",1.0210526315789474
3,"[-3.200190494938046, 3.1121397864125275, -1.6854415111950676, -2.5124110546067704, -2.796349420046193, -2.718332650745816, -1.6553105531063919, 2.7657911217991717, -1.5095289636874942, -2.2417844281742516, 3.276696271341206, -1.924419101299308, -3.3696855221396724, 1.1314701011533557, 2.9183507371137827, -2.05231225554041, 1.8242771531669868, 1.5698458175955918, -1.8086434083978702, -3.199710143863929, -0.027270289016226412, 3.466478244970622, 0.3064508480887751, -3.534904713767831, 2.0234244904905907, -0.07057660012562661, 1.384341426630577, 4.178582334806596, 0.45324432050920793, -2.376791320786709, -0.6134275881210072, 0.6201398598772994, 0.5917506482126661, -1.7864002985562475, -2.19378945814199, 2.110032340322961, 2.1165515956142764, 0.12671165884342378, -1.4246811018951404, 0.3350020541714118, -4.173235268247486, 3.15754201204363, -1.0731091933662802, 0.6154478888661283, -1.4217864750204092, 0.052361714043555274, 1.2396281378517597, 1.317486892382683, -1.251436072476965, -2.154864874376072, -2.764480191279991, 3.111580061457574, 3.257431630969272, 0.5218269694167332, -0.05248589859852926, -0.584440143749839, -0.8788258627796424, 1.6754438208420572, -1.01198208188223, -1.9827742812908875, -0.6177215963086808, -3.4362055777830136, -2.690319373418227, 1.8332574789272196]",1.0210526315789474
3,"[-3.273084014658583, 3.69392725086629, -1.6083536897648063, -0.9317472940140572, -2.967772010591288, -1.5059564909114678, -1.3270413169187785, 0.08319633667939974, -1.6389909733627746, 1.2171225687491654, 2.277020052913761, -2.175930280057641, -2.687111047657556, -1.766518408619417, 1.6236188336133153, -3.4536107441304518, 2.1222480050670702, -1.126388179055866, -1.4444426474941658, -0.4287613489244606, -1.7731001933620374, 4.023746063758694, 0.7686989661313781, -1.3500792679945643, 2.417273441264713, -0.727368187252363, 1.1578156552009007, 4.19887629151521, -3.7668073829857134, -3.592935367780977, 0.09284376387504922, 0.04642630528878744, 0.9870542288771733, -2.310257925498728, -2.605684808914399, 2.617396017244487, 1.0128722013854183, -0.718657086331233, -2.6968999212954303, -2.303132853621391, -2.7367862945406527, 2.9220540947788054, -2.469366742412306, -0.46060267797818644, -0.2896674941122016, 0.7630049154199283, 1.0005516607260523, 2.6205604296469507, -3.532187580122794, -3.6666621813660996, 0.24994474711475068, 3.2546238394306806, 3.684451759204454, 0.42348466232494686, 0.6987014902433577, 0.7064148255728373, -2.6224941392944103, 2.255084278349817, 0.5901328643750983, -0.9515125729448949, -0.3077776578742408, -3.903015700217107, -3.5495752952091486, 2.7236037690479487]",1.0210526315789474
3,"[-1.6960268768421125, 3.4071870610289, -1.7158917456586409, -0.9934027614247758, -0.9065797361450928, -2.143733641287058, -2.5801050143431143, 2.99871458538011, -0.9266478650946939, 0.7465593956327901, 0.6994421708171541, -3.339662313530054, -4.124579874344236, -1.5647458246615435, 2.8265411022691067, -1.8080379397298716, 2.063812354571148, 0.5671400162758797, -2.6791396652535715, -0.2893583634187287, -3.162945323877178, 1.9748731733248612, 3.167226909866693, -2.17589782832819, 1.5246503914525795, 0.5534812700212721, 1.4672830834020312, 2.8239367815825527, -3.538273940254218, -1.1274071135166928, -1.8824111294056938, 1.3547273592110427, 0.16706411122503095, 0.04551223289090922, -2.1809594139448847, 1.7705761933433692, 3.08219852283515, -1.1318219518639352, -2.336642751687779, 2.007269880054672, -2.235433832052329, 2.6032667646001166, -2.194418538829521, -0.918263630842731, 1.1927261810075707, 0.3272407708065962, 1.371580430788647, 2.074088195759721, -3.4776352344327774, -3.291391254985385, -0.5424575807166649, 2.709634864734563, 3.223182202900059, -2.6711992427029543, 2.2521699425566344, 2.647292953283048, -0.93708458275677, 1.7042057117315137, -0.9147179372135577, 3.22128078077279, 2.041881286136105, -1.775999432711105, -2.6616496825467375, 2.742965301509315]",1.0210526315789474
3,"[-2.562643487875586, 0.9949102313236917, -1.221994597614712, -2.441853720537731, -2.5151762014830825, -1.476494900385621, -0.3263607305428693, 1.2186999371654923, -2.4939472133367087, 2.1234131933579765, 1.5580206892413728, -3.167191655242374, -2.9499480263708575, -2.545841677250266, 1.1677561905459108, 0.038818576162294116, 2.5928925884038043, -2.0093695061799233, -1.3852504082156751, -1.27220868208732, -3.1520990175606465, 3.605249658938257, 2.28468530590786, -2.4344894693102126, 1.6714348033113193, 0.6945408301939275, 0.8700290053550925, 3.8358990251642857, -3.994467379931077, -0.9709384063536858, -1.6102985254308964, -0.7515454477870778, 1.6088306510000163, -0.30014736981554946, -2.2041365844940892, 1.5544844726424571, 2.3101052110530045, 0.5429292496912381, 1.3489130121250594, -0.37764220300649387, -4.133617620208851, 3.0429708068991723, -0.8773021230308973, -2.518307954148966, 2.2121310092832127, -0.9570644117541659, -1.308741971761776, 2.6474141279327807, -3.3281968496798577, -2.2956755662856363, -0.5513387219758661, 2.8588955728087435, 2.02255363176028, 0.4050984933606521, 1.5404368367408718, -1.1957764447819428, -1.238540506368667, 0.3477767762018845, 0.8084270608194448, 2.5416247830126126, 1.4550887209948, -1.6844746253546559, -0.8052107306879912, 1.394156866518134]",1.0210526315789474
3,"[-0.21952909684883126, 2.9384600086520787, -2.5402243484819422, -2.50351245928805, -1.2428595143903018, -2.861542829475031, -1.6555947423776103, 2.3302203151738405, -2.120796335527432, 0.9374616155259619, 2.4467016127776056, -3.324539078206528, -4.084461122105152, -2.5729123527065716, 0.7747057682327407, -3.9345910733412524, 2.2431505861593637, -1.0994898278749357, -0.4924095440970979, -1.8614217329055809, -2.4799523297888157, 3.5314593151770644, 0.9904386734247819, -0.7852488704106144, 2.141534346694285, 0.9237754220041436, 1.1261467036497854, 3.1881082223351993, -2.519334387498704, -2.305510664405692, 0.8290445288479709, 0.36273620186934785, 0.8368360923091742, -2.9465016256715213, 0.7037627106750679, 0.9306319116941273, 2.9137178832400448, 0.7790339685313923, 1.301690152158532, -2.1113063432005514, -2.1347823512347297, 1.9646918375083238, -2.047678281516525, -0.5798833859976916, -0.1664064785042232, -0.6932519716070534, -0.13109600463203336, 2.0309990016708555, -3.4289138060797124, -0.8537337514919967, -2.324712613305354, 3.21971969125472, -0.7333755307505647, -0.9040896492791146, -0.1487466014666543, 1.4621209287374506, -2.9053793114167052, 1.4284417365169992, -0.35718785573896594, 1.1405811197964888, 2.41269809704361, -0.8633552056970405, -0.18125957484315225, 0.2957023332442148]",1.0210526315789474
3,"[-2.225807171788801, 3.0246379449749976, -3.2011327767768116, -2.301321667133241, -0.09609959369791213, 0.21454593081072626, -1.468984339699996, 3.0066633690832583, -2.600812495140218, 1.7771821290268224, 1.8953374063498865, -3.336088308915159, -4.045783460668443, 0.28412291336562, 1.2843175262296285, -1.3020983904679808, 2.0921865123004277, -0.5325136237050284, -1.0968092653022745, 0.8186823647717494, -1.7331992207325948, 4.0652889758572615, -0.11334098505326051, -2.0754857814475085, 0.8821703410463563, -0.6529439654366922, 1.2425883762939125, 2.9075103984570205, -3.658466595417363, -1.49814389451771, -1.9657303056008524, 0.789289250765701, 0.17126215252882115, -1.9659192948883195, -1.197597594931465, 1.0368982156907958, 2.0841175462024237, -1.7236443667811716, 0.37654117608356985, 1.171191699501951, -3.019802423965439, 2.0297231234427273, -1.0006535708710445, -1.732623939589414, 1.6101715761048179, 0.5462363431290536, -0.2578972773464525, 1.5349308308149148, -2.2641697268667365, -0.12853035272357038, -2.6280781914488323, 2.7669421052951666, 0.8072862217181233, 0.41641895865611195, 1.5010873954772639, 2.609858285829367, -1.4637173733644928, 1.4429149875838025, 1.0326136762398446, 1.3768052263419412, 3.0631931417201064, -1.4958705467181324, -3.21085545292737, 2.7933523800597415]",1.0210526315789474
3,"[-0.9934237202866251, 1.3338983278034435, -2.4228476252956366, -1.7583317489078287, -0.003261642509704704, -0.09521508000994716, -1.4945760230816352, 1.9338369822047392, -2.0731879331953884, 1.6381452159195908, 2.912189897664949, -2.5523842682566413, -3.638540765158151, -0.4923326392138363, 1.3038613819209601, -2.187356878409477, 2.079818083799636, -0.08772355597154369, -2.666624736374255, 2.1318803026253383, -1.3263008282008257, 4.277356783355433, 2.5839033929210817, -3.740319577313229, -0.09603949156716196, 1.8423207181572052, 1.3071437082776098, 3.775705650499726, -2.8378021683264563, -0.5113232662871368, -1.6026818448512055, 2.3868809701904685, 2.4827661765192452, -2.8186994785136825, -2.0236404375855725, 1.9209464961020064, 1.90358580983444, 1.977899607945921, -0.7030211387751939, 0.6609163587659912, -3.8110223649822483, 2.4961243456577753, -2.8486313653664967, -0.869852253188673, 0.809178583318714, -1.7892489147176618, -0.1104988805463562, 1.0078491632393813, -3.3361942178768373, -2.559820118661006, -1.8978673463746643, 2.876153214630409, 1.0068157063379481, -0.61682223944083, 0.47575878395659577, 0.31549511901251615, -1.6748146737124576, -0.2172318294756117, 0.7634945532024963, 1.8567891662092406, 2.778531226602616, -1.274556536613996, -1.7171729569069878, 2.5922817351315177]",1.0210526315789474
3,"[-1.6298977366739151, 0.37274541847310516, -1.3598346537287174, -2.0622698660860728, 0.9296602528075152, 0.3827418614235654, -1.6947625528070562, 4.346449003555042, -3.2510692069815246, 2.1372367184903838, 1.408449141950609, -3.132405835485611, -2.724367007934953, -1.8952797107795543, 2.395744099599339, -3.8077485478809288, 1.8609542446818992, 2.020200346867208, -3.05800703780554, 0.12685354715087316, 0.08547524623974212, 2.786483222875692, 0.3733290803125977, -0.10567385963170661, -0.7459087640466882, 0.6720603589593284, 1.4878656664435512, 2.460790563118996, -3.9500739769581203, -3.2192757187899943, -1.2605680407214752, 0.20593112776407307, -0.07302996815684903, 0.4309630288610401, -2.9260280231770737, 1.2505257865029877, 2.4593109524230043, 0.4699760276956164, -0.6627904173083707, -1.6587147717910373, -1.5834060353038952, 2.0962537705153426, -2.6869540029371004, -0.18490492684842663, 0.5620976691474672, -0.09625108612568753, 3.105162302166679, 1.7558819701450465, -1.2580340821400344, -1.8986432193477707, -2.0221269230669243, 1.9184563987774401, 1.196234310398971, 0.035088754813461964, 1.0269022522537963, 2.230109242407676, -1.8633380940643627, 0.772223138830495, 1.2221673982051553, 1.1870617986316148, 2.349918469933992, -1.5900911128539965, -2.6782208276369146, 2.406030556672848]",1.0210526315789474
3,"[-0.6922600970108772, 3.264109186240484, -3.1776890763774603, -2.8221991822214645, -2.47769523413145, -1.0577268479728097, 1.7398341714705796, 1.1629921365594393, -3.357619964587994, 2.0844364798823993, 3.8400244907559022, -0.3312205940394204, -2.5249807771924764, -3.71480694929558, 0.2444112381560426, 0.8223366766322124, 2.3013239357800814, -0.4763519903859308, 2.107642942522568, 3.1605652624810414, 0.04370024876567724, 1.9015392060640068, 3.002803847259547, -3.0756645830704734, 2.3470415061247847, -2.250650194468961, 1.4093760611487893, 4.08237584356235, -0.8570091676710465, -3.6278954638278, -1.7061872710973205, 0.6122366460288243, 2.3641052095960227, -1.0400390662671655, -2.3143611684215926, 0.8817408495924534, 1.1104417591144644, 0.04126083033187611, -2.8762361187806236, -1.174986072590702, -3.7956749041808964, 2.6477095907113, -2.630637347224705, 0.9152074550529875, -3.4037022702528814, -0.07241347999178432, 0.5678178455508043, 3.45165933052475, -3.236270803607246, -3.7215137297553453, -2.3774429422953354, 3.268950880176337, 1.9123807788213834, 1.02226195452298, 2.562369985467833, 2.559403655361166, 1.9411630971024985, 2.645260449097898, 0.11374746444077288, -2.339269493772483, 0.08866232449680561, -3.9523594540888674, 0.16994899868991098, -1.9130253375954869]",1.0208333333333333
3,"[-3.776822845286776, 2.745004448601772, -2.1866684991145418, -2.3520772467310125, 0.4020132380767041, -0.584824204218555, -0.7830788856375277, 4.045197516202374, -0.8381557079470099, 1.97283715162821, 2.974926664724233, -2.425326181759112, -3.5904588497946888, -2.4589073379198045, 3.4807239698844614, -2.791667566736242, 2.5977989239814443, 0.08533285933260898, -2.4055087045757193, -0.47600611250026525, -1.2289327872825886, 4.234742277238054, 2.4345944681104115, 0.04087782435427956, 1.3375345486137904, 0.6132788426627331, 1.197117759735702, 4.084804752682862, -2.8391439773014127, -0.602956925023175, 0.004288698915669631, 2.6379880716589588, 0.9059501224571421, -1.0079158997815703, 0.1774247434432621, 1.699343566306002, 1.5238003678212582, -0.007971771367248262, -0.0074870130013925396, 0.9820054972505322, -4.260061583484071, 2.2564060696156827, -2.8787334120460764, -2.1805041354515846, -0.012727195943114777, 1.237077120914122, 1.7784528718605397, 2.4289125317660782, -2.1702506781645026, -1.9333721336093195, -0.7627345725896573, 2.002535079051158, 1.890894806911207, 1.1838759789292739, -0.7344722285660719, 1.5021909546249768, -1.6792715739950186, -1.4052584465869717, 1.4768608239670031, 0.035772738219699174, 2.434167831731728, -1.6456780866194909, -1.0557468462958475, 3.058790145892101]",1.0208333333333333
3,"[-2.5064113794732217, 1.5792596145940614, -3.1432152964825293, -2.578373040350284, 0.5719483521650836, -1.58742137239051, -0.13316473251378835, 2.020821061739205, -1.5578226970332636, 1.8429953383752367, 2.363309421972399, -3.2483497151250242, -3.1989000616042387, -3.1474768365745964, 2.3036025585937363, -1.6056736669394112, 2.249526633685872, 0.8945473248112155, -1.0390937780508704, -2.5379660961940793, -3.084095428981218, 3.2211669784114254, 1.0393268916155456, -1.685812684321031, 0.7995638615472755, 0.3452928865536956, 1.4568089573389993, 2.9992009203691614, -2.7937662172063247, -0.9761622730960892, -0.7483840920247333, 0.8640041739349641, 0.511122028687961, -0.3596818927020464, -2.0619495491119, 1.9689605223587114, 3.4507423049872883, 2.0529182094479195, -2.359140823541231, 0.3292978591463065, -2.4205541343927477, 2.9430959103177945, -0.30962687902935104, 0.9974848961207108, -0.07414305820700196, 0.35617284612291755, -0.8140834844815291, 1.8133853424970847, -2.8163460219704843, -2.7516270401899714, -0.6295363685835118, 2.731931879152778, 0.9029058244094954, -0.23194672971538885, 1.0021876751251262, 1.59322536261439, -2.734077319385419, 2.5508152872983216, -0.9396757136330579, 0.4785390309073612, 2.4172978781017314, -0.6609245095940319, -2.8029798273596405, 2.858399875880588]",1.0208333333333333
3,"[-1.471204263392364, 2.2673233265036568, -3.088194279808664, 0.15534135436093144, -0.5106381812820264, -0.49877217877071856, -1.5515054182480508, 3.5246405995959313, -3.828099922518457, 2.438586423323634, 3.43098616505994, -3.5880778655656718, -3.7517499447159697, -0.2797773879166108, 1.3712755507775993, -2.528804040203676, 3.036402144177259, 3.838356499481195, -2.767177446299929, -1.273928683690968, -2.0435012837724686, 4.270749613926324, -0.7759020660990081, -0.0004477163663246797, 1.5757338863306947, 1.2005010577667514, 1.1082999255892036, 2.4902175914525624, -1.3687657277709608, -2.4148171415448685, -1.7873397529993245, 0.8563717077319206, -1.7346972749340326, 0.006689338668660838, -1.960224904907432, -0.09527804521114414, 2.855065007365904, 0.6606074730578421, 0.19057979950090373, -2.9831817307945263, -1.027526706198763, 2.4629645495357084, -1.406261897320003, -0.3425192431852596, 1.6869037469900263, 0.009475372676633509, 0.7591650514866414, 2.030687369370371, -1.9197224033099665, -2.370314383958527, -2.116572594678567, 3.272629527343124, 0.39911370396936885, 0.9634937433369546, 2.395398245188627, 2.6015914790539654, -2.354987314595605, 1.6775080772826731, 0.30410640807762046, 1.2564682983058981, 2.7764874997782316, -1.6959147338867426, -1.6689237017919938, 3.2294943273258756]",1.0208333333333333
3,"[-1.7457823519046136, 0.3151014943899505, -1.589730714228361, -1.1927381792610618, 1.082859523488581, -1.1566840049689127, -2.1736498819914796, 3.8476763515892487, -2.0997419811339713, 0.09162629770325537, 3.69442427672879, -3.3544477767813885, -4.128875799156077, -1.1065563107705287, 1.2888287806106, -3.637057569515666, 2.4110148869815635, 1.3720121185406546, -2.4080374743526223, 0.06556614555261908, -1.7043198246777806, 3.3695911543285173, -0.9905943655230539, -1.2761399221282592, 0.8942336558978092, 1.0048810377768898, 1.4787057506729793, 3.30711678813694, -2.3622130622735837, -0.14880460586425714, -2.3778287689313546, 1.6862587430142317, -0.08765329648795347, -0.00965730720111968, -3.134859966696961, 0.9419971947545156, 2.48762014920176, 0.9460049686553522, 0.20976965448259502, -1.4300736140013046, -2.915217615954745, 2.5611633389618946, -2.6696071595849395, 0.17390231502165499, 1.3089881474790608, 0.5259375557611208, 2.869006511709996, 2.855916604845055, -2.067202048722273, -2.8760654124441807, -1.498452092969062, 1.9800111423981988, 1.9350289114936166, -0.15484531963891912, 2.0301098138369, 1.376110445917588, 0.5243405835573203, 1.1062547044400413, 1.691820909902137, 0.6528287179420158, 1.0596965049487135, -1.5057078635076953, -3.7566032515844867, 3.0484374485663968]",1.0208333333333333
3,"[-0.6763876573262183, 2.63790128775355, -0.8344712210324634, 0.11211913709737176, 0.836111693096383, -0.9580417345191534, -1.4110610217353607, 4.050287851264199, -1.8672397978388124, 1.028482880008292, 1.7986577453706238, -3.258205159038031, -4.10323718583371, -1.3421677741447395, 2.1317489584510465, -2.804578247379733, 2.981603492645322, 2.7974857446448538, -2.8231282653389376, 0.07903421944359612, -2.4090229713913356, 3.980232726040662, -0.05720859917441645, -1.3584051352292592, -0.8560469964178035, 0.861337222448496, 1.2731386467235075, 1.9594856119924418, -3.8846095253234516, -2.6125424292142094, -1.5533207405687839, 0.37534564637545953, -0.12033630790121988, 0.11043065023181986, -1.3716347349661935, 1.0183642065257872, 3.2270042040732765, 0.9530776400685461, 1.1185227058211116, -1.470525183002922, -0.9916249392600766, 1.2483841156855697, -2.748483475410412, -0.21269457295957372, 0.7660418921539113, 0.36252812413359176, 1.336016804619498, 2.1001634904344133, -3.3905606081599116, -3.2712157609174346, -1.6360255222800102, 1.0180570288589603, 1.1434744737237217, -0.5841842080537225, 1.610329401115706, 1.5780581847487414, 0.460033197192973, 0.5388119483046775, 1.3146993273552905, 0.7780363702327147, 3.0788489464022137, 0.18636556447228092, -2.617654285421785, 3.093018268746546]",1.0208333333333333
3,"[-3.1612282028359004, 1.8507826601250192, -3.1740578141968943, -2.6226891591421375, 0.1739191812778027, -2.9272276662677377, -2.543062850131279, 0.5331519399099413, -0.7812200239041744, 0.9113034090830994, 3.150210704941952, -0.8013850169719182, -3.9026945453678215, -0.03690435526464586, -0.7654889507358136, -0.7737991507100939, 2.2421100616083542, 2.680541358924566, -0.09706146351075551, -0.07057223667460155, -0.14340188710536217, 4.285582817327201, 3.0772717031838157, -1.9174999533567647, 3.163854738238859, -0.3295753307677109, 0.5438180223679399, 1.9783040696413066, -1.7644616543531089, -2.8183416505539802, -0.2190809846952626, -0.5563614024913646, 3.461119549415162, 2.010227001837773, -2.5864323271024006, 1.7137139632820122, 2.4521807113940994, 1.6402293757053379, -2.0841964317580013, -1.823456736843191, -3.3911955584614453, 3.168669133746367, -1.602262835879538, 1.346871365369998, -1.9331506517043553, -1.4464386348929057, 2.9320300484317126, 2.1613251998409244, -1.5644155532866342, -3.368715512533233, -0.7917166895849892, 2.114244776195899, 3.3558693231551713, -2.1578775619546167, 0.07259945314461447, 0.861759519671252, -0.9745318401421468, 2.2475100723693755, -0.16844333872534556, 0.27373221484475896, -2.5503585394290607, -2.8729459992611854, -2.4098761111017755, 1.785444305376593]",1.0153846153846153
3,"[-0.5635517366186853, 0.4207785561827606, -2.912898170779154, -1.9260848691071626, -1.7276363879845247, -1.504102028333011, -2.6901343347982576, 0.7737509337719595, -0.6305200639266074, -0.002712774339488133, 3.2828653955056706, -1.860415497949453, -2.13216951099982, -1.4840374056265793, 0.19811753394625453, -3.273809695340387, 1.1898600438769102, 0.15030459786391936, 0.18778996270845227, -0.71147546711985, -2.7285350204068797, 3.558734867251385, -0.7943342861016882, -1.2623774751748282, -1.3843975406556819, -2.275809089588268, 0.8946128066168222, 0.7686728898274389, 0.022723074232678053, -3.226718363758211, -1.3596613762523337, 0.006291401156654719, 0.8810116698310786, 0.08638345193986297, -2.523297052483217, 0.5683298260336722, 2.6940709618453162, 0.8950936653110629, -2.0737152809079573, -0.594952395916832, -2.9757101020317336, 2.697129102050608, -1.9350198836140367, 0.05641351473659906, -1.175551052700514, -1.6406153146905316, -0.6467790209309043, 2.565119612939861, -3.397440306343568, -2.2439088627491404, -2.7708634450745486, 2.983851287519318, 2.821317048120522, 0.9822895518165712, 3.3752118761814116, -0.765256815875067, -1.8774871412129834, 2.007251803177937, -0.7330251611973972, 1.5116534660663397, -0.03976360674685997, -2.899100322025067, -3.1099863049269008, 0.07900530037206188]",1.0106382978723405
3,"[-2.079995430715459, 3.9834536885217036, -2.6607074621151634, -1.2288908146315745, -3.188435656636962, -1.7045670284452816, -3.8844205854018674, 1.5429266568371927, -1.2038605082751694, 1.85065986968318, 4.017251850442741, -0.1143682339232821, -3.461925966080638, -1.6603501918133388, 1.9557356615509773, -1.415595296333581, 1.0429629325527918, -4.034306763210994, -1.061983487058566, 0.170331418250932, -2.9617417979485863, 2.322119740364995, 0.9509036900854317, -1.3233247495361784, 3.68439562228104, 0.5354706929465658, 0.937488595923489, 4.129370244633095, -0.0741434104563441, -3.4514059086492517, -4.129237853452677, -0.2409972490828246, 0.1337714769226912, -1.175852128056616, -1.4102890295857278, -1.1935936121935438, 3.0097463556442996, 1.825333969830515, -2.9478896262327767, -1.170698353393461, -2.6279492060919303, 2.506932798927425, -2.148901626444638, 3.487926876338409, -0.829581727034424, -2.1443559918092374, -1.2279727114599115, 2.2177542338306284, -3.9821660704410156, -3.725485033953828, -2.0349326224163846, 1.228695228282573, 3.1694962652929264, 1.2826634107226715, 2.3559492482410573, 0.2771715336974805, -1.1497405970020944, 2.2321435947029507, -0.9114513846459615, -0.585257075093789, 0.19913276890760848, -4.009082983423376, -3.4908812351343688, 0.3650339220682792]",1.0106382978723405
3,"[-1.22281182381142, 3.9332938414080814, -3.2158902107222778, -2.660613322821514, -1.314677016086326, -2.765749643586555, -0.8220867306014565, 1.9531834943548119, -0.9798057996391386, 1.6513007607351553, 0.47164368581049043, -2.384992511519308, -3.714083414825405, 0.3916043695439303, -0.17966644553944766, 0.09276013233474734, 0.9675652859392198, -1.1014846895900543, 2.0716782255123785, -0.9082480440649692, -2.7357347042148445, 3.485458964237795, -1.3800038778316814, -2.8153193254561923, 3.6684914977505243, 0.9155527779926151, 1.4883154586883747, 0.37908794898291065, -0.23154524456407333, -2.8062980153691264, -1.622432520452844, 0.6151264568949233, 1.0706097481101189, 0.9499831251654511, -3.154250936300257, 2.966124884788605, 1.7451127791309546, -0.3973770325287078, -0.6019683886230724, -1.6896747362746831, -4.252018938081075, 2.1522998692879285, -2.857214037768342, 0.4737310351607549, 1.1669295572941571, -1.023555463066791, 3.017043930619632, 1.7028343842271303, -2.161696585909084, -3.6216864432749993, -0.36961191936017945, 2.5780450496702563, 3.7829622153971556, 3.6480373228868306, 0.4163615890838246, -1.4440333978510667, -1.2396101797075028, 1.0999209627440396, -0.6268831827584719, -2.086152691774805, -0.719879951698004, -2.4291917957292384, -0.44600520016678, 0.8557374041897632]",1.0106382978723405
3,"[-2.345211579364624, 2.4053361720201023, -2.0349448129811964, -1.7382226911595022, -1.7317013450527448, -2.208258176172949, -0.5025041376879036, 0.38931512814196884, -0.9795958068470688, 1.7442388554340444, 3.631450872764543, 0.1546680399174798, -1.6446117505824054, -2.239098116416359, 0.36864132684667184, -1.7422258741314949, 1.3120445528506175, -2.487466128400998, 1.1474584289279892, 0.38546615451041133, -1.923751207070665, 0.9625078728028837, 1.3728507073787606, -0.5524990661835296, 3.7447090615075926, -0.7269150269785979, 0.7353408863080697, 4.119775585905535, -1.2436217588193816, -3.5617133704211525, -1.0333447177611048, 2.049559489935618, 1.8717222950492354, -2.281149327870414, -0.8981255267665367, 1.1456238269873413, 3.359764251709538, -0.31465502356038766, -2.9395118487186336, -3.3923382567536353, -3.7018916957606507, 2.004887279787998, -2.857062941454611, 2.8167878464578098, -2.165498359750074, 1.811586563076629, 1.0048209527130805, 2.7318133953184214, -0.7617728703087612, -2.6441439992302644, -1.8451207316081015, 2.1846576415926755, 3.591069020804493, 1.985504106516573, 0.844936139691688, 0.9261474502489058, -0.3403443054193962, 0.5058932053942202, -0.0449115380548733, -1.162202428370019, -2.553766248192278, -3.1586562520610446, -1.791657202625502, 1.1907727317707604]",1.0106382978723405
3,"[-2.130997417322874, 2.451016108373542, -2.5520336518661413, -1.8673035902470385, -1.3634875686753831, -2.013785070180851, -1.7779903645701063, 2.6605016865588293, -0.16158501895359656, 2.0116658415787385, 2.7888134345990148, -2.9145950168647348, -4.128888931214704, -2.946036907036206, 1.6919320153033195, -3.8710111076734006, 1.0834135110897731, 0.16776758780369463, -2.701314433799732, 0.15125390061269864, -2.2471367352295175, 2.478879755004593, 1.7926968945527255, -3.19222473702439, 1.7162410667054626, 0.4128780826639643, 1.1434955652779408, 4.167617040890346, -4.1239550833074885, 0.4931263174325049, -2.411780878796386, 0.41401886499955387, 1.0130421082770211, -0.7975814524672068, -0.7774685083171569, 1.4826864693606259, 3.4311178506430493, -0.953142769065633, 1.485240387479241, -1.0932541105808435, -3.269920602674526, 3.0050487175697036, -1.733156439214299, -1.3080724620357376, 0.25368102372187407, 0.3167576888902423, 0.6769440665157942, 2.6963200627320587, -0.7530496451418631, -1.3449034533929716, -2.0710906597734375, 2.589635421639777, -0.36338656383086865, 0.5140013960419154, 2.0666853055631265, 0.22411891842881904, -1.0333951478297645, 2.6344920789480426, 0.24642985729718392, 0.6363162963227865, 2.9543048993474916, -3.4852490722877256, -1.8411533776376798, 1.244850372896238]",1.0106382978723405
3,"[-2.645547459680772, 2.9046736597069747, -3.020187022205209, -1.7696201622073393, 1.6307464743567825, -0.32930535367220093, -0.8242657184255858, 3.7219230312462135, -0.6247781691603533, 0.8567686443176901, 3.9504028641252336, -3.548764863996997, -2.4939174790003027, -2.2654639933622747, -0.7161489635959126, -3.0954281090748434, 0.8945748486533223, 1.4653988407615737, -2.97182981080818, 0.19576239598068568, -0.4346435307629479, 3.4447817758157213, 2.4929406052591156, -0.17498379519384155, 0.11970414415489417, -1.5365929407295986, 1.4055978592814315, 3.660990192933975, -2.9460989645577613, -2.42651726709652, -2.2626643333156253, 0.9616358676924655, 1.790124602306482, 0.7348077290863095, -1.991611000796826, 0.7686101187724238, 2.5973997780755127, -1.5431982610014696, -0.9987120982173914, 1.3889945909149095, -4.194411793085947, 3.1696980283307044, -1.562724846703298, -0.44189754156632843, 1.1779434419969146, 1.1202858389007326, 0.20102701297848213, 3.336783018256047, -1.9244600544081756, -0.9493484525502696, -0.9215063894696941, 2.7528050884866966, 1.8854340369346263, -0.4193129267839881, 3.414108674087736, 3.465627561669024, -2.566539852088835, 0.37729335105362044, -0.9506111683438743, 1.3482767506541804, -0.40412313911312925, -0.26849781248104176, -2.0658200568819707, 2.6622392480955566]",1.0106382978723405
3,"[-1.332363392828562, 1.3038788165880215, -2.4491300320441045, -2.8156154047652366, 0.5703929400853163, -1.737502609260157, -2.165977602858051, 3.7023048026290883, -1.5457531261891244, 2.396110853138267, 2.9504036175818955, -3.455130190223663, -4.0075104032639794, -2.454666448493221, 2.067163084576198, -1.713660943466128, 1.8965762623625666, -0.36838025300792454, -0.21677151973919484, -0.6808447939091983, -0.8901311035495088, 4.113857984752818, 1.128055643433472, -2.145033483059494, -0.8778262462177036, 1.5930548527406696, 0.6761858693154928, 4.198368525648876, -4.246045899188193, -2.7228934719455298, -0.7562017428763482, 1.7446264455099039, 1.9142359344381714, 1.5070949082991951, -0.47333612002767755, 1.8832937594782586, 2.5381762279763453, 0.08782157862118721, -1.5173706336497037, 1.8128709456927865, -2.484847309524235, 2.5627262906666726, -2.619003983288593, 1.5484907412735263, 3.2257080398826004, 1.1139737294497645, 2.7711857475098403, 1.7279349956720436, -2.314233487760921, -0.8330317869846805, -1.8233523075070457, 1.7111840822793472, 0.42108296085663816, -0.2405499503837357, 2.9707555890683275, 1.9701402212182355, -1.5813234026239693, -0.049340600393666945, -0.1331111739127483, 2.536409300414549, 0.9471829265590295, -1.8395521654084046, -2.510490061307249, 3.218903185814757]",1.0106382978723405
3,"[-1.2660329106355004, 1.899743414161767, -1.5950482980487075, -2.2123924751478725, 0.6407683852684727, 0.7010473406136555, -1.8014050498546885, 3.678183781852217, -3.3719479191962147, 1.9060408394009025, 3.979230896006958, -3.2366312922572775, -4.1078709797139235, -1.5669974046994812, 1.208759560956459, -3.670270450030473, 2.465222988941415, 2.987152445488819, -3.2019343647003993, 0.16829516079575163, -1.4297695657859841, 4.252085921854037, -0.46248562640025914, -0.07337801964208779, 0.683860052915, 1.045559855792619, 1.4884239771380772, 2.1024793500388546, -1.947113708109057, -2.782609695835763, -0.2218362862943678, 0.862122046162641, 0.08051938786414009, -0.6858072813584399, -1.5373978134655855, 1.0403525564479028, 1.8428705554602858, 1.4119135813894825, 0.34810274637732297, -1.8853838082916037, -2.2232306479321764, 2.464628193807786, -2.8514228586312873, -0.3956956706434877, 1.0165748482513706, -1.015025438434451, 1.638702278005434, 1.756362018532549, -2.5848688788975904, -2.916441354538845, -1.9168623733244923, 2.163787105870909, 1.030300473843805, -2.131871311608678, 1.2073992433705516, 2.064815352050741, -0.9961322912043067, 0.7954008913541497, 0.8830486287733219, 1.5001871848102728, 2.6478255569011235, -0.41906450921214866, -1.6743549036274965, 3.1905066382823906]",1.0103092783505154
3,"[-3.18822257834012, 2.8794104398564357, -2.5289066233514235, -2.6978942016272933, -2.379112236318175, -1.969977166326169, -0.995538520870997, -1.117873657211182, -1.8963830490793203, 2.1920828591636377, 1.9375746547530737, -2.2373078158348854, -3.2789174407636956, 0.5784416587389478, -0.6232807462244374, -3.7211079561975944, 4.036447155935997, -1.3215153746841153, 0.798001036840825, -0.5339456929595117, -3.0620478627905983, 3.922750334269567, 2.9100919428850816, -0.6433959462842176, 2.753798106976696, 0.7616813730005356, 1.4554553247669713, 1.3296924151273366, -0.07221188965627912, -3.0581382039013105, -2.0323342106590303, 3.2776289409763497, 3.481596190130662, -0.9193902140140977, 0.31302085654058853, 1.8182319815167602, 3.2814504494466608, 1.035979174899614, -2.9181625393962536, -0.21593723472841164, -3.776600938190314, 1.6633472955579864, -2.7577210547761677, 1.1641291846449489, 1.2230786626011976, 1.4787697682133254, 1.8915977276523919, 3.560728561226364, -3.4648763142378054, -1.2475769141715967, -1.7987670977332273, 2.86259854549534, 1.8555496301829566, 0.14287869006449072, -0.03405105649259821, 1.591016944583373, -2.3653407297320674, 2.304109295925927, -2.324784931087737, -2.529284944119617, 1.2773202582130596, 0.005205811021157469, -2.531424902489721, 3.076088057858149]",1.0101010101010102
3,"[-0.4338126173921766, 2.00291965577399, -3.2278834613308547, -1.4808475782394395, -1.4441140892214999, -2.861930296909376, -3.772364182318961, 1.4547355940205886, 0.5302762907979661, 2.1009561426293817, 1.5153550309371053, -0.6267326033454405, -3.605738925177058, 1.8122056806810631, 3.1517375379118318, -2.8959501277966595, 3.9402221298530713, 0.3933362839569847, -2.2161758467922703, 0.6163717100197265, 1.5362436975916718, 3.9313435373106596, 1.103244868531825, -0.5966977779347671, 3.4032167445094412, -0.5293949816032901, 1.4834138757511364, 1.4260468006845342, 0.39324961873605324, -3.3308765264019766, -4.2546580131850185, -0.060564200036288596, 0.02440803028165095, -1.9841919071394365, -3.1400395690642395, 0.9178228219927609, 3.3709673209942803, -1.6540550953756967, -2.760295438542213, -2.2778567361882343, -3.636791015083542, 2.3505061465798467, -2.364192314242422, -1.7623924801316173, 0.8922361485753578, 0.7146508565790783, 0.9552754051439086, 3.369825872648505, -1.3452149320875346, -3.5477937493622678, -2.101530596987807, 2.733316057900035, -1.2285242347164158, 0.7659828182452789, 0.5835673676706187, 0.6165721341492323, -2.5400031789158724, 1.8578937070392345, -0.8087036466497892, -1.8547012467173078, 0.8770833535816973, -4.004724281436777, -2.331633432012997, 0.00816091683857656]",1.0101010101010102
3,"[-0.753570539552745, 3.8608394374442896, -2.1028739032545696, -1.4309595792582774, -2.881246859627468, -1.5501679617570847, -3.0501820959977026, 1.400153691699305, -0.8677203512172967, 0.253794576609933, 2.417680625991761, -1.5670254042938951, -3.3323844047021556, -0.6370123719382839, 1.5811102356362912, -2.4164332217661944, 4.03777615400722, 0.31983475460087984, -0.13839050771929706, 0.2626001163744123, -3.086525112744542, 2.0753472385894005, 0.9985140689993607, -2.493061976766533, 0.8275883653200422, -2.8894779787106817, 1.3786034510560476, 2.62651115454237, -0.030898366063633498, -1.100924993881455, -1.8603505697809135, 4.05442269492801, -1.7921876612284329, -2.593523485149988, -1.6178078444262076, 2.1275507642256004, 1.903217250452577, -1.1815395750283495, -1.0899591562150954, -1.174443498227298, -2.1763765506586186, 3.1600144591366557, -1.5537355274542168, -1.025591822302929, -0.7985614223615238, 0.12071628558225939, -1.0508104237144458, 2.5013976116814036, -3.7441573170285407, -3.3779744343100466, -1.1018550191366465, 2.571956212655725, 2.6685548484478625, 1.0599052368976545, 2.2909074566157397, 3.4146993575403743, -0.27781826529768927, 0.07043119371232232, -0.30246260143636217, 0.4775374428578447, -1.0166037978175753, -2.705673667259247, -3.529142445958407, 0.12440635300761915]",1.0101010101010102
3,"[-3.0128523564296477, 2.550291612242332, -1.391062244482118, -1.7191899711928498, 1.333750669123034, -1.8775082229168862, -2.4519277330776634, 1.1957862697972779, 1.3955640943990284, 1.9439982987818003, 1.0121635071893436, 0.8306465926988988, -1.617175326460336, 1.550383447623667, -0.6649987847111078, -3.1258983186363416, 4.036687022811886, -2.0635791052284738, 1.1054392930912464, -0.8091980187674892, -0.981860677991354, 4.285515605492479, 3.0306504971472945, -2.3661050741871894, 1.5559580522188952, -0.3667487239715265, 1.4666886039020064, 1.5770155979971459, -1.6729316439822886, -1.6996702203496712, -2.2980517374703777, 0.710431818438149, 3.5782994796609167, -1.1574267624496586, -1.7478533586791483, 2.956023129988711, 2.7761849154463163, -0.13483726257707218, -1.840990764590321, 0.6588640730833546, -1.3169980952667668, 3.045822018178696, -1.187097559915714, 0.3820149658356452, 1.983603247638961, -2.0774083214842256, -0.38052123650945946, 3.321675009119211, -2.120537898731335, -3.3263781845076785, -0.9210055842301421, 3.275568027076389, 2.2339587904542215, 0.7958580925095483, 0.1519350977758971, 3.390344830800661, -1.4219109456209142, 2.4040770785084233, 0.9684572848551205, 0.6930466575165934, 0.4005665353650648, -4.0072767660528275, -2.6687486059785384, 1.427284592129372]",1.0101010101010102
3,"[-1.275429030403284, 3.6824538557514073, -1.9826141488529325, -2.8381749048030636, -1.707650078743804, -2.9984026463278726, -1.990040748404087, 2.3374853011956493, -1.0944321931063072, 1.071974495110115, 2.5381642191781646, -2.5956832960990717, -1.6341158662215962, 1.2313992830390816, 1.927910691414916, -0.46268103541619077, 4.020054911061477, 0.11328568379504189, 0.3910805285634289, 1.5439177615665558, -1.5702121901063297, 4.000231183446372, 3.0618111905889704, -2.806253426984682, 2.59229738850806, -0.6772749227191427, 1.4494637730218767, 2.281844832425306, -1.2709371218312826, -3.5141041341834356, -2.5875144928137117, 1.493509229851508, 2.441606158886831, 0.7727425824392775, -2.5291793029844536, 2.7766576487078902, 1.5031446172894363, 0.021864929513879694, 1.1504063313592259, -2.5508259754223737, -4.080249697194956, 0.1022625736884355, -2.815706895326792, 1.875828269880713, -1.6683222451288948, 0.46657991319716435, 2.9665785531157627, 2.706169825841271, -3.5404416039987847, -1.992672931223286, -2.3721208103915568, 0.5805643558022191, 1.612926013563242, 3.0450312142940628, 2.4732167288702422, 1.1215839907941947, -1.252439365080264, 1.3766145474361058, 0.22893264106887712, -0.574248755785049, -1.333081069254621, -3.075276821955384, -3.5383099392982476, 3.188248585682771]",1.0101010101010102
3,"[-0.9443434313472439, 3.0741253564333046, -2.720239207331681, -2.7034809114937604, -0.805289929779678, -3.0685285834639453, -1.3434982767638257, 0.9008909822466262, 0.16537821627654847, 2.3958978526232593, 0.8205682451032787, -2.79371706610185, -1.156178226963625, -1.7090615348015454, 0.8790268987202949, -2.7407163560051426, 3.9704616520692344, 1.4626593696617178, -3.605188574425215, -0.11126009824095351, -0.4523527270361485, 1.2098201536495639, 1.4325590683778668, -2.2251618693878203, 2.0723062587305523, 0.25756076304125514, 1.3428771886661703, 2.872172900690765, -1.5180435314995653, -2.395462595419096, -1.8715226037886745, -0.33742352830560496, -0.19973271934896708, 0.5012921176137339, -0.6707557748948769, 2.5000395169090095, 1.6432005828468375, 1.1845357330635318, -1.0593156645917094, -1.2194853240626597, -4.154435731111136, 2.7746073770442137, 0.22228052988766533, 1.3467245033620152, -1.4778275007504988, -2.231485004365546, -0.7926483962902731, 1.5391121686199816, -4.107629411457411, -3.427665596161471, -2.699490449467357, 2.607510710946821, 1.900464438484797, 1.7302712601518673, 1.7355684820498642, 0.1425112627428562, 0.30374768998006374, 1.4650462230426564, 0.3356882485159175, -2.003838910274335, -1.307963378773512, -2.9397172925078205, -3.4345391544141908, 1.5521509113231728]",1.0101010101010102
3,"[-1.7326118365217482, 2.3116576448842476, -3.0507141437119962, -2.760570283682637, 0.008452602173149193, -2.5217032756152333, 0.5098472124647775, 2.867610785347804, -1.765405693769865, 2.2627849214296387, 2.4608472375546016, -3.6556159144646316, -4.110709062982015, -3.128747443462826, 1.2466377004730493, -0.15405051718980745, 3.900935607420861, 1.1461634433181391, -0.6309111022000913, 0.6196795324344203, -1.7525269362665217, 3.6198696083205073, -0.43549966832375886, -2.537968137693663, 1.6503034106021288, 2.2922965638753494, 1.455816005813241, 2.697235616060429, -2.0883232794592175, -1.6031286528738293, -1.5042389827539997, 0.8283142601705208, 0.34952170989625153, -0.16632516223234695, -2.736825919374775, -0.6061284978405366, 3.120514160632339, -0.5521607847515785, 1.3567428212478791, 0.09941663203187975, -4.126566016327632, 0.7914614556683595, -1.485954386883251, -0.47302580277506245, 0.5569982304078336, -0.41850869156417836, -1.720861601343154, 1.3962700235058194, -1.0583194613120692, -1.3244676111075486, -1.5818497943354701, 2.689860518570364, 1.7288840355852826, -1.443180245982627, 1.258756003283778, 1.5514858784351753, -2.832194434848, 1.933150598637124, -0.03600279267069245, 1.2517386458393989, 1.8988779697076565, -2.1790198905967366, 0.10214310208230826, 2.1497951813124816]",1.0101010101010102
3,"[-2.9170439735857467, 0.9142339906770657, -2.324154345830332, -2.5551406098719034, 0.5061416330807402, 0.4822891032392889, -1.5733436482211962, 3.594605948373746, -3.7549594927973073, 1.5997360125883326, 3.4570970262175225, -2.845592267569073, -4.115868405407126, -2.334771141635801, 1.0176173927635626, -3.93480602932697, 4.023541387407531, 3.7865077677782124, -2.9040675210427773, 0.5191499091330035, -2.34286943619734, 3.5795323092316154, 0.05954027537413076, -0.8689157559414853, -0.44676154589138484, -0.13094830069503993, 1.3504683369106225, 2.877502171369346, -1.4374373547622983, -2.8055519502520974, 0.505107622479593, -0.8143701958558476, 1.1922641057455325, -0.8750172807825125, -1.6982971584360564, 0.5604706404505142, 2.5466305426812, 0.7400387753497667, 0.540103874199851, -2.4172210162562267, -3.522257407894248, 2.819627906487541, -2.6384760452047074, -0.00102903833322332, -0.12284043123257249, -0.037769967005341326, 1.1533160494931525, 2.221312396422622, -1.2015589151601458, -3.5072666930235923, -2.5666064420818993, 2.213679330546217, 0.443595603791725, -0.8091707652573228, 3.0275840277860864, 0.9739718967038975, -1.6586887497585525, 0.9478679372565326, 1.472757952266912, -0.008333569357355741, 1.8424391560172255, -0.6514784848870283, -1.024011637485204, 3.2008543482771468]",1.0101010101010102
3,"[-2.0298374955174237, 1.9804052657172078, -2.521532101895407, -1.8149704702869824, -1.0461152689704878, 1.1126349428446995, -1.4069681110121, 4.609251328065977, -3.859127838151908, 1.619899741635395, 4.014492447426633, -3.5856680963798375, -3.8797671058915086, -0.5943666286324787, 2.304557406088591, -3.6156003101847, 3.765280054368585, 1.5326366893212868, -3.1798549213076956, -0.36963106788497524, -1.7564241106198029, 4.252505543838115, -0.6379100837616175, -0.352389001883793, 0.024675395275212897, 0.14342022385401948, 1.4786738106572987, 2.104492109460126, -2.788479769040554, -2.9275953279727513, -0.5843626314302792, 0.1783117629644358, 1.153269993206064, -0.956175497294101, -2.2171324117086666, 0.63270892551517, 3.066964702942516, 0.8529219397293328, 0.07982935916410086, -1.3480325353565572, -2.157301748838438, 2.302687475295735, -2.7109098047702136, -1.8772999034606124, 0.03126419174955197, 0.42402404752178174, 0.8753967764002376, 3.4614684095753563, -1.6345030047348004, -3.47379195015814, -2.4391806830742815, 2.313318267832462, 0.801657628453612, 0.8589074209214058, 1.4007742196394548, 0.7657871244563746, -1.3058453806189352, 0.7596622611981477, 0.42762725068593654, 0.7519193721832897, 2.3551049172415572, -2.1750401201264493, -2.0557573269944514, 1.4094204868480713]",1.0101010101010102
3,"[-1.353083462461216, 1.7437604895843384, -1.7109074200929906, -1.691808067476832, 1.3691974211950741, -0.4287690594255602, -2.657696643413876, 2.977885062473634, -2.8856755530804237, 1.1182665447963278, 3.1713301416932747, -3.2288163561556367, -3.057548935388455, -2.850518386732232, 0.6630879489892735, -3.9096319133672846, 4.018128695217602, 2.6864973803090932, -3.644652654426321, -0.5429909229052603, -2.1578588474699747, 3.324066467158344, -0.2721041434509082, -1.1193631391956345, 1.2479749994008071, 0.041986549045800126, 1.4353357683763661, 4.060416337707058, -1.1986465639671855, -3.6051057447127515, -1.1377225803443236, 1.6552768533854159, -0.6508943741416583, 0.2107575607686828, -0.9747459814554276, 1.253385053265733, 1.540438272434229, 1.9549836357976782, 0.37284009643102783, -2.7453233531000727, -1.2213760340685145, 2.710713314502746, -2.8778359730295477, -0.4513921029074565, 1.986322450836509, -0.5615734778360579, 1.2622536292000792, 2.637703695416165, -0.6229958525480797, -2.427877159497776, -0.2741748871037284, 2.8034789614560482, 1.9687700693277845, 0.5429144576837501, 1.456836003305619, 1.4077895588354796, -1.0771707282844334, -0.31601129293085883, 1.2288505238941412, 0.5861115738113216, 2.135971136820281, -0.7098125818904918, -0.8734104508315891, 3.181052900068538]",1.0101010101010102
3,"[-1.547037758025618, 1.6159003028592005, -2.306672562605868, -1.7133893630119066, 0.8262942325008649, 1.2559424672760373, -0.08806675955302401, 3.2604508138999857, -3.5655395824031126, 1.4681320088199064, 3.6593999713132543, -2.487831693346672, -4.026337645678121, -2.8484880388688407, 1.1503621332528697, -3.6541107555279333, 3.9515401628961144, 3.0146783762239133, -2.908660162525831, 0.350956475430074, -1.8493063938954688, 4.105289365815916, -0.8226649905800425, 0.3229250417849996, 1.4488413386122028, 0.8413793791203984, 1.4297761131863944, 3.147522739296565, -1.5541727373244303, -1.7693739996637272, -0.7616451517264677, -0.21330189319138448, -0.02691024431831668, -0.6797393209122182, -3.154214223927113, 1.2658607810487748, 1.555210861364944, 2.515097241997677, -0.501789218263091, -1.2863483421052377, -0.8132177811969183, 2.774166455099619, -2.8830197263807458, 0.18830856632653992, 2.1996585658492296, 0.054165085284664904, 1.5427894537725964, 3.231619084755905, -2.270069549607041, -3.5145586836713933, -2.0694820912340885, 1.478302956007925, 2.4333705943802553, -0.9855962670469405, 2.493684309968836, 1.9075030407057765, -0.8831913623416608, -0.6364377873054973, 0.35280234888296724, -0.15106095345248471, 3.0485305382270353, -0.7967238571647408, -1.2314350028962977, 2.661212439741588]",1.0101010101010102
3,"[-1.3725613997688106, 2.283928054202237, -1.2700583803459071, -0.4549146886753259, -0.879696335020365, -0.09777022417040232, -2.378627248048879, 2.1910784481316847, -3.6269175851277025, 1.3660958391546567, 4.007491905533069, -2.810709126431437, -2.4918966062805126, -0.5299362673801633, 2.3534179943440092, -3.5466731462047347, 4.0169762618726885, 3.1348806442967283, -3.675250546879082, -1.6817318615666486, -1.887673474970962, 4.284863750285496, -1.1959026188981938, -1.5548813603783795, -0.4746329776711016, 1.6382915837674934, 1.485459922207482, 2.6958734501861694, -1.5580755233857935, -3.0919477840997343, 0.17180632831962805, 0.005350487891500166, 0.3878314116548456, -0.5002698177847718, -1.522527495826708, 0.3883128909516007, 2.4936054253206037, 1.0382501425476325, 0.16220846690711258, -2.8155440009144934, -1.328549787180453, 3.180445769944236, -1.7500052013737923, -0.5300091271374402, 2.217892227184381, 0.582629202008629, 2.2456603586961594, 3.959615361996071, -2.506743680394188, -2.497016486753572, -1.9685644495962273, 2.9299781334660264, 0.16578794271015473, -1.4746632788551182, 2.477167616484853, 0.07956743529844879, -0.6019226003765863, 0.24306074419131984, 1.5066129670476354, 0.03865082893872823, 2.4790887509384456, 1.325868585504871, -2.9261639725422106, 2.36938777558763]",1.0101010101010102
3,"[-2.379414448271617, 1.3043620363687027, -1.5759202076404322, -1.4321067704190396, 0.3586852407492306, 1.4073004338960813, -0.38667754453450254, 3.6852830354493173, -1.5424481187729708, 1.6057333246662422, 4.024301786002511, -3.7207383029978285, -4.088894175615155, -1.089983013791171, 1.9998640054814572, -3.9075808951429494, 4.025258087570039, 0.780537489367503, -3.5292985023677867, -0.6978397877759233, -1.485463000566607, 2.796509124239486, 0.4044260459844381, -2.1909922523714, 0.6539232527355365, -0.308483129654735, 1.4062506747811736, 3.2975743608628436, -0.9498317345415481, -3.3828743556826146, -0.9524816041198865, 1.0117129902515765, 0.2857644039614113, 0.8099769607765775, -3.0979427033640206, 0.5617629204539485, 1.8026661361955063, 1.5866561823076315, -0.5099890128209782, -1.9018713992792287, -0.743926189516148, 2.136104560879958, -0.49339292868536866, -0.893943173993943, 0.08308070913856325, 0.05752376629686756, 0.7490548493359542, 3.7521552262668156, -3.2555895371970394, -3.372026264661343, -2.2076850707678717, 2.6295725000009056, 0.6877004786463956, -1.7660188780890835, 0.7153464490584409, 2.42081919661389, -1.3553752438340643, 0.8168387258116571, 1.6000958911494216, 0.3422112193018484, 3.0827786065948803, -1.0527615166037911, -1.2456933680033428, 3.0629721136259604]",1.0101010101010102
3,"[-1.7812157420545947, 1.6119189854872622, -1.719818335137495, -1.8384281656075472, -0.7678928371220972, -1.0279112941466073, -0.3258469951654115, 2.38579162557346, -3.0814190846307152, 1.35154015613013, 4.020711524793381, -3.451104598305138, -3.3793148658793326, -1.6204870100099176, 2.720232751792619, -3.5000551231540307, 4.037534063492162, 1.308202529853705, -2.141025953139586, -0.5940843322975918, -1.5327981769758032, 4.116869725381536, -1.525490479858735, -1.229588377296622, 0.549320480090427, 0.8797359924228769, 1.4888086406960186, 2.4277831472822466, -2.7534337339257235, -2.0849666589115534, -0.12096462155820548, 0.9005412136291644, -0.8609143788964638, 0.4951941892426054, -2.753602361758642, 1.1879464084076523, 1.2528669627207476, 2.289149774506305, 1.152475184883249, -2.7494561533438784, -1.3590330577429985, 2.3495946756658626, -2.357288630803299, 1.2010923182516149, 1.3543654426228848, -1.7486053264712513, 0.42266790091104367, 1.9671349797530755, -1.8681244022960202, -3.612214859617559, -1.870145565818035, 2.745847489519785, 1.3920813973129114, -2.0632945412227928, 1.0271085280838737, 1.528810728582761, -0.012393486310564583, 0.8118730098901606, 1.2129562090713484, 0.37775249705894104, 2.2126124081950804, -1.437685505048815, -2.292632262782647, 2.3114178804297634]",1.0101010101010102
3,"[-2.1746385516998137, 0.12674611769723576, -3.109689651944535, -2.0492314817026953, 0.7586166236289091, 1.7779576815102194, -0.0715037431718748, 3.6875842051110475, -1.2183178941293644, 0.37577412479176275, 3.3880279754280673, -2.223057758508009, -3.7014811016218783, -1.6117117909049279, 1.963408786786517, -3.1353939082113733, 4.037293455497889, 0.8524332110451185, -3.732619261680707, 0.5017163431932102, -1.8972136216804112, 3.387476162255516, -1.1680988120296962, 0.1966487102183624, -0.8237371628169443, -0.4497515727404078, 1.4676236029604626, 2.1271547246812865, -1.143568398556499, -2.481022374921429, -0.5429206208040609, 0.20679495896706518, 0.8007051112767531, -0.6713197616641081, -0.12809153750400815, 1.349821202007752, 3.323805133548342, 1.689137463823474, -1.658189030584714, -2.071280366229043, -1.7225494763262281, 3.009997853360657, -2.5406473310404225, 0.0766115426610785, 0.8097941231456565, 0.8950343862646337, 0.7142125180635777, 1.451606826967542, -2.8103305341615923, -2.96521358941216, -2.769579968542273, 2.1982078338336706, 0.27615934613698734, -0.4635018375326283, 2.0026339566869527, 1.1045360914026934, -1.6713922911532981, 0.5055820663191883, 0.3737462646687898, 2.077104823473162, 3.057299861840042, -0.6643501964860138, -1.5554820434326053, 3.237473616937488]",1.0101010101010102
3,"[-1.0287025761443487, 0.8674166715081233, -1.1910578899408208, -0.6808408180472664, -0.08099667839168573, -0.14608075073183363, -1.7728883576379468, 3.3007951375565407, -2.824671808985627, 0.9652112409403807, 3.117809069923727, -2.4852522874102485, -3.487808848793498, -1.4584330646023036, 1.5279474339078278, -3.239183078618874, 3.926902287681588, 0.2827461777542617, -2.508978410115416, -0.46384053458306274, -0.656894157778131, 3.6668002620636986, -1.0283182710670675, -0.4650367581826541, 1.022879327906843, 0.5558227751445967, 1.4432150765335878, 1.9736215584359287, -2.4218099944948155, -3.7899446939454324, -0.7302827519269504, 0.15586784478487953, 0.2911034521729829, -0.2891638988233123, -0.24061405733968844, 0.9636925620009333, 2.9466560913423194, 1.844165499255301, 0.9233008395201687, -1.0156300716591988, -0.26083238057132263, 2.0038488750372974, -2.790936718445765, -1.6301337943019276, -0.19516510670926535, -2.7891222714505473, 2.847959666384364, 3.16573189321571, -3.233079346730198, -3.3750741924824723, -2.472770810486393, 3.1042962087142567, 0.3991389251721136, -0.3397589230885435, 1.1477599699008132, 2.2427393961190343, -2.6679933123316597, 1.9722213114079143, 1.9902993340760493, 0.9100745623640439, 2.9407886167439967, -0.5989079765416396, -1.301119350470796, 3.1844912367348797]",1.0101010101010102
3,"[-1.2478839441969998, 0.5185840303194909, -1.2603891961090272, -1.8412064851788967, -0.36674603667456823, 0.011645173405534559, -1.199590867716271, 2.711255037014668, -2.4775469264134506, 1.7392574435966321, 3.1509933826086587, -3.64667930688149, -4.009102913752882, -2.092182941124946, 0.05990781766314046, -3.9203354565928024, 4.034967068129346, 1.8597351311375712, -3.5365805015277125, 0.16583552963924908, -1.775495321452282, 3.267575689363169, 0.29461534823355506, -1.2793114830464543, 0.9843338097412172, 0.3729022710465639, 1.4533656275676012, 2.6647470939277498, -1.9907869420470887, -2.465609611927036, -1.8943715323693904, 0.3186953224180321, 1.0378503555026932, -1.486809435182094, -2.2055123334955806, 1.0884576449726813, 2.1350603558471093, 0.03906925910267933, -0.9067708260588841, -1.6830267957171547, -1.8025122254636143, 2.6599845286932715, -2.579044720208582, -0.8810818481829759, 1.4158258980367364, 0.33491604097276634, 0.7423403132107703, 3.25660592960419, -2.35609353344522, -2.8609771460015256, -2.2890072305676976, 2.3937789574544652, 0.41920699556244934, -2.2740514087222707, 2.1328736560939925, 1.538351744389749, -1.1488659962976344, 0.9054839303541917, 1.4274653052673374, 0.17716184808718116, 1.979906117413258, -0.3510338809227278, -1.0936431284154362, 3.224858743831634]",1.0101010101010102
3,"[-0.6398097214310067, 1.0302450219945445, -0.5928903372725718, -0.7978567603250709, 0.9757843530009116, 0.5617796706384317, -2.2474427710519462, 4.604457436103144, -3.201440232394445, 1.0097789059656979, 2.8925744241317055, -3.4673988916992675, -3.6323989322647985, -2.4954088781721753, 1.989491724989282, -3.9366922350748896, 4.023481318753515, 1.5789830275613665, -3.5040787037808703, 1.018361701260822, -3.062685144081648, 3.92457873181821, -0.08948506966186759, -0.5636308797646278, 0.3368868830001863, 1.0950479303372698, 1.4872193601335801, 3.691797748176569, -0.7964418628127452, -2.221114585827542, -0.15176206920150465, 2.1701382478660447, -1.682301886058752, -1.8014907603596708, -2.114153800847272, 1.9126167296258934, 2.760219088299634, 2.1674003065050673, 1.1323689215846573, -2.4302376652102087, -1.644012660753345, 1.1306893290619182, -1.9768207760185905, -1.6306003243877798, 0.22392128871490868, -0.5904466512542759, 2.4029470127616133, 2.0728239708030816, -2.502212036096391, -3.474328922635395, -1.3974059473587888, 2.8900428096181257, 0.8636263511837176, -0.403270291018448, 1.6909283814170208, 1.640000835546423, -0.9904886289330659, 1.1226889457241653, 0.7120106368620585, 0.07924976368065778, 2.2244417421460736, -1.7509285713157898, -0.3328835599022273, 2.1895655949822985]",1.0101010101010102
3,"[-0.549944505652515, 1.7994493890006775, -2.0299040349960564, -1.1575178468581258, 0.5313677056066854, -0.24670898728315227, -1.8044774656943767, 3.5566619681473752, -2.494025646238284, 1.4479577135235946, 2.1316846582291733, -3.720833607218849, -3.0674649144335007, -2.235215930126621, 1.5766559852258943, -3.5554364427027516, 3.9457679038000943, 1.184937883223731, -3.133425701003211, -0.5821996123156129, -0.6589504782512224, 4.22458398361401, -1.1615016781235266, -0.7296212142829006, 0.41492794493116475, 0.36983032921759634, 1.4842130696102778, 1.6612367332374047, -2.984860816081337, -1.93111907617203, -0.8044821347410758, 1.1211941399923886, -0.4361494918265747, -1.6008526735457018, -1.5147267907497644, 1.323719073885319, 1.165495940731531, 0.5582413648123739, -0.8753942484673678, -1.947885276256465, -2.0161604535578026, 2.7650050329851954, -2.722577518194734, -1.8502697648350095, 0.9052747191347013, -2.092152031665413, 2.253623603126419, 2.999456813012978, -2.9314918543086845, -3.354792058546317, -0.17358784729684196, 2.8723293199359663, 2.1538288003821298, -1.2057250776320962, 1.5167047353721579, 2.632957388513402, -1.7162430483178073, 0.713886847861815, 0.5523294485722563, 0.04547137196792084, 3.0847133398190674, -1.3453723741102923, -2.3868172158475645, 2.5816256790067356]",1.0101010101010102
3,"[-1.8391133524891035, 1.575632898516876, -2.293211735963477, -1.174955575460333, 0.9502735765078275, -0.07489349784550442, -2.164247120406914, 3.03725769781487, -3.72242989480461, 1.5488556577378254, 3.378570422894432, -3.610291353592716, -3.516420527084339, -1.4989708785725755, 1.7508920655514564, -3.8706861382722506, 4.0373802278390665, 1.2780249850629684, -3.700959088047294, 0.27366448045196456, -1.0157009382479725, 3.490038686429716, -1.1297471851199656, -0.7570651649081658, 0.6877959585773943, -0.0009062816253704309, 1.4874929459339454, 2.874134001865118, -1.4996601427937741, -2.3826635135852703, -0.4092795164742824, 1.2687523337463658, -0.3142228274794384, -1.312741176252461, -2.1704644665323984, 0.7324277439449232, 2.2054288817359526, 1.7045099705809759, 1.95985953480375, -2.1839354933427977, -1.0474535885315568, 2.1282198323896453, -2.7659571387952453, -0.7832709873107294, 0.09588140809185264, 0.34247988178613537, 2.065518807505069, 1.9297595163202927, -2.1738906878021442, -3.5787134604104405, -1.5421291710573415, 2.605516107724619, 2.9960192250178874, 0.04716450669693262, 2.294220334953496, 1.3575385517054983, -0.15102548027246931, 0.9463334404595463, 0.7643763415655793, 0.2260667342821446, 0.9093170075748171, -1.3205347530254825, -0.7838414788607462, 2.9058945716701974]",1.0101010101010102
3,"[-2.569119750638831, 1.4436850845317502, -2.365219490535934, -2.8441257625669567, 1.0398966345866352, 0.3576850459855976, -1.3260132488379583, 3.1245584185786215, -3.3970040831167405, 0.8574877789829379, 3.2456858078923863, -3.117929498412809, -4.0630429712469125, -0.9213119384212087, 1.6549541637960838, -3.4427977189263927, 3.984204901067304, 0.7155698582824943, -3.0741693690965444, -1.0732088660707892, -1.9159132033345898, 4.285533313673528, 0.17398648203970035, -0.8510196650478941, 1.1507008003579258, 1.0990904965798398, 1.4795778627517286, 3.281821291470767, -1.42488583162424, -2.5909656657575257, -1.087984184203949, 0.9779428020334007, 0.5258597644486671, -0.5971812995810324, -1.2383084702909368, 0.8384149020249576, 2.893689201539504, 1.3103381322417285, 0.0828087938805177, -1.4796843311683678, -2.0631040542644836, 1.7625773853047375, -2.2544323275072973, -1.4727054547324525, 1.1822311716366132, -0.7490399824434943, 2.4845065571021263, 2.481916756631506, -3.6205929052280728, -2.40234802955126, -1.232904989834069, 2.50467264349706, 2.1921027892974494, -0.3532097008681572, 0.9840459937937684, 1.0025490330639697, -1.8583905130252147, 0.3034331623534433, 0.16086249073889702, -0.33099870437205425, 2.1162595574752245, -0.13137693037814369, -2.2893791700819275, 2.0998414221130544]",1.0101010101010102
3,"[-2.519532549930009, 1.1914653719791746, -1.0234776319232783, -0.3145660600173733, -0.11360953028447252, 0.010162690598440549, -0.9959012357827525, 3.826897987136785, -1.9763279365862776, 0.8962597503056702, 3.7664112717480456, -3.1608846378086533, -4.127700862085593, -0.9249025089399497, 2.558829146289425, -3.9359647135561397, 4.022807792239588, 2.472975305852408, -2.2641640162868377, -0.3152894222214105, -1.5190188672225653, 4.20845378144742, -0.5565836846038719, 0.34395120841944893, 1.105172691924909, 0.9048774568824517, 1.4887839822292197, 1.4607913575065317, -2.432447397268212, -3.388209512598008, -1.0715017854400644, 1.0093182852818399, 0.3929864680259255, -1.8025531871717835, -1.9880702265743813, 0.92021240724379, 0.7471169305474827, 0.8633076137301119, 0.8210583653713683, -1.3779407127163215, -1.0707538146652515, 1.8136001899047556, -2.716878598928966, -0.8531900613471943, 0.381370953693177, -0.21389994260638945, 0.39710002679713474, 2.7027429234835743, -3.6008106628533243, -3.0852119446893345, -2.7528630897853463, 2.5575823062656764, -0.1661813888847763, -1.386693019187449, 1.0942766088778357, 2.46184028462785, -0.9322206232879017, 0.051134268318638765, 0.2908358994497209, 1.0905002698794224, 2.880852621706059, -2.1328995597767015, -1.7850714719158063, 2.218638163049999]",1.0101010101010102
3,"[-1.728567863664828, 2.1317783673029806, -2.2423316294476647, -0.9711668369515356, -0.011910374792223621, 1.2538822584393334, -2.99174026186817, 3.1612617398724834, -3.1445498713547972, 2.4559156408214458, 4.002710493751455, -3.7209026335772912, -2.7443042625868657, -1.2081606252748898, 2.207891540425768, -3.7894027262744854, 3.941596932715278, 1.6279751044917146, -3.2246058218371965, -0.8841241475300197, -1.8276371485760854, 4.266187758312249, 0.5665435603787217, -1.7218420144015456, 0.9963168027132614, 0.5746310503666698, 1.4653427437813484, 1.6788281900729656, -1.862254894304983, -2.161412057042022, 0.017819278273441763, 1.218687143961176, -0.23914590308885475, -1.230742773608026, -1.8050496291574527, -0.2838912322540008, 1.1282400304529328, 1.204349459875812, -1.6388293450725924, -1.7732803939946005, -2.691734281766878, 2.0893847501195344, -2.285611417379946, -0.9729307868983934, 0.6814895631095179, -0.3293693546118541, 1.0817871694303465, 3.3936266045683627, -3.486199026443654, -2.6751093644974278, -1.70082640501982, 2.7869101961335536, -0.7325893001694823, -1.8994275593405443, 1.5265061077341526, 2.274134777623161, -1.0791516224813784, 0.672069976119155, -0.09646363118882151, 0.31411643447418164, 3.0110781173645935, -0.791354575065799, -2.3957528837893456, 2.8625573556958988]",1.0101010101010102
4,"[2.970137848277349, 3.452252867458707, 3.7237148047232767, 3.1483787535397174, -1.5578230863118165, 3.7979959325555033, -2.800591431078372, 4.524410952643396, -1.6312707047122756, -1.4565099629404983, -2.9941497196891587, 0.485358608111626, -0.3626678856769018, -0.3400633188846659, 0.46683252588754587, 0.13450229183305912, 0.35828144587531374, 1.034300230861761, -0.33871344250527935, 0.818898958248198, 1.3220413889609506, 0.11937323120012683, -2.9817695347294197, 0.17374198212450362, 3.0963708630946356, -3.1427727209091234, 0.16922404214511794, 4.1960668672538946, 3.538403565598602, 0.5421035143635073, 0.6738296470138074, -2.3545344891923863, 2.898917865134177, -0.5713622965314556, 0.71169189101132, -0.36677495921988656, 1.8608959724540566, 2.835337499652969, 4.260896876692927, 0.7051889615643484, 0.0814350753443458, 3.1386002891355127, -0.9136081616251676, -2.0690611824595093, -1.592884281307519, -2.8711900913814086, -1.7983340105651686, -1.841465934256946, -1.9611831426631294, -2.280249582770107, 3.141399310135966, -2.195584958608216, -3.4424737804326333, 2.4193243616738496, -2.2420828294029715, 1.9800949312521439, 2.254980586576569, -1.6783555843670197, -0.048144177224581586, 2.692266760041049, 1.0334933176750964, -1.114687880798659, 1.2751715365543694, 0.5167728389407785]",1.0333333333333334
4,"[3.3753856519105434, 3.984860167463368, 3.791215942853856, 3.2146389176437062, -1.474712771799014, 3.6019224050045247, -2.744829425432352, 4.590635290718903, -2.5546518862685406, -1.5555557121266612, -3.1017922555623647, 0.384783549723685, -0.6653404580437212, -0.17275515655942666, 0.932868054481885, 0.47152537819376994, 0.7264571466893813, 0.041849147662636366, -0.36873594681617616, 1.0416087813402126, 1.8085313228948285, 0.08990001481917001, -2.914895943213139, 0.07221140249201712, 2.8760782071404254, -3.183058061200753, 0.44920719889203614, 4.197295012306226, 3.588209605680267, 1.0283369620476095, 0.5155886671734715, -2.920076358688479, 3.259089344868335, -0.15155795083576853, 0.5142401618539333, -0.6935801660361711, 1.370927487848837, 2.946020715890042, 4.3969834751936405, 0.10223347959440535, -0.2901902203577656, 3.1373702419793004, -0.4909805567656637, -2.0646133139474983, -1.483758760218568, -2.6690140154647612, -1.543240757160055, -2.276057954308933, -2.0993287052914105, -2.808167709437283, 3.409852843701216, -2.830202117069892, -3.0255320520691726, 2.02770673581823, -2.3029728837550474, 1.7579947755260552, 1.9004475680074953, -1.4998628473336009, 0.5537094706779027, 2.5426847956129492, 0.7678923137254602, -0.8349601606531483, 1.0688168584747746, 0.24782938335719984]",1.0333333333333334
4,"[3.3327909703842704, 3.473375576227795, 3.4444577943687182, 2.8657320052284847, -1.2683974768153188, 4.1358432006742625, -3.073311183301392, 4.438153877313544, -2.375395152098152, -1.6790270496618322, -2.5982593271872667, 0.1957367261765887, -0.7717366776280887, -0.48879433277473106, 1.3319598096361396, 0.11018477465092727, 0.29027701751265333, 0.7485896165528662, -1.3006265508733341, 0.44698332391177426, 1.8690345782476672, 0.0741924876433212, -2.9321996732704845, -0.40866804544393154, 3.673594819876762, -2.764080392619727, 0.14151223482918568, 3.6669437578063415, 3.5623807865248205, 0.9324392150081704, 0.6235192083249442, -1.0780797969257043, 2.6097339653017104, -0.5793539645794923, 0.7377203905160339, -0.7089941546356548, 1.620145846661523, 2.4703338326249695, 4.341381427219669, -0.046898692746907056, 0.22859583631351224, 2.9241010646839736, -0.5471953575639105, -2.670573158021207, -0.8489935549802294, -2.8561563534199297, -1.6003727590336565, -0.9909156626714235, -2.64292263606041, -2.7167775912106777, 3.2623177994824206, -2.9911052019315254, -3.6704180174713383, 2.4015520660802094, -2.2092765481739325, 2.225891868026093, 2.167302054753137, -1.498946948992798, -0.4274988079174094, 3.402388087166984, 1.3091906305114156, -0.3092390801948175, 1.5676933857785964, 0.29077670047858084]",1.032258064516129
4,"[2.824586634763345, 3.7609110737819678, 3.5903530451654055, 2.4677377489331556, -1.1653633028988244, 4.015292413447733, -3.3230645556337866, 4.601213343062071, -1.8553457251724326, -1.330157456678991, -3.159976469075092, 0.5723837551222238, -0.4727584995980046, -0.6131394394113093, 0.8587369140935445, -0.1937836438167282, 0.3570609692888593, 0.6496652907190656, -0.565100791411847, 0.978232576123921, 1.22972998865137, 0.37389505330092504, -3.2796707131989806, -0.42108385308029195, 2.8552624089311167, -3.270723512739965, 0.24987398439892744, 4.125740469660798, 3.5382142455997676, 0.6173212872265395, 0.7373838779868895, -1.9463258170034725, 2.5299039596789283, -0.3834366888940606, 0.6148718565315969, -0.40820865426710407, 2.1041232937022247, 2.8522076792767455, 3.9002713242366838, 0.3682811093825674, -0.06123444182459872, 3.0811244621400933, -0.9880428058781061, -2.171383644297891, -1.9068164569880681, -3.0361312080195018, -1.5045157646509, -1.9057795504789994, -1.9142301725140924, -2.6679435112842276, 3.2819567255823636, -2.2919644099724112, -3.4785440786410224, 2.5690556515682994, -2.5248412110647567, 2.180167790264838, 2.250723164567726, -1.4289331821753215, -0.17364274692640447, 2.665610057897652, 1.2328812634908037, -0.8952811134922943, 1.4617630116092952, 0.6567361286806448]",1.0303030303030303
4,"[3.329977824667963, 3.402837923920694, 3.8950068107061937, 3.0408399216271293, -0.9703378360076513, 3.5876915954456146, -3.640837312704615, 4.636657986964822, -2.0396985257203815, -1.3753479827879573, -2.826695031403825, 0.9436550058511789, -0.7317527317030892, -0.05465091134618283, 0.24456065229773521, 0.633773677973577, 0.35014962116395887, 0.717822916046262, -0.143961507710965, 0.6798935449559194, 1.3876642605734884, 0.3410170587232722, -2.846740413403047, 0.3329350725232423, 3.4187151556438127, -3.1747524719923277, 0.24276132358726066, 4.172565785428785, 3.4878087261384656, 0.5151657928919338, 0.9296644301822649, -1.9789231066146349, 3.2192440883544253, -0.1040652795495142, 0.7060553775478509, 0.016082061558057803, 1.474446554931732, 2.9459003107701913, 4.02687549923203, 0.1955014102267829, -0.12610784875640546, 3.0120066671515295, -0.777364066536705, -2.1307414362084756, -1.2963587706435038, -2.75785452171455, -1.7202197971549875, -1.9638690077598018, -2.065322177438084, -2.4628768849945026, 3.307176398866944, -2.34238072290331, -3.3394336560706055, 1.9361184505829068, -2.248249200007532, 1.7802499478801639, 2.5075867280573694, -1.2317674923605009, -0.11889697745331257, 2.983121474639979, 1.394695412769679, -0.8475104932506847, 1.137644463409489, -0.15360266988058616]",1.0303030303030303
4,"[3.4414813379617675, 3.9712199733272167, 3.8747990339960126, 3.171876171384456, -1.4887067261538263, 3.6737366654586254, -2.8098575057529462, 4.565749851792217, -2.472885348849797, -1.4959362604148074, -2.787116814963729, 0.25863665238255423, -0.20625671516641203, -0.2615884946017642, 0.6647902332045091, 0.41807468600286246, 1.189061751561574, 0.19411984322450732, -1.0663258344154527, 1.0298301565690786, 1.4260881230999471, -0.1806867282358553, -2.985617929718076, 0.4131276152222778, 2.9660427543918573, -3.3769927840983702, 0.655308985863338, 4.1901846546831685, 3.300238318954588, 1.0550447938845846, 0.8222350338800972, -2.4651444249839143, 3.025943473350114, -0.4233110680244685, 0.5966020549599835, -0.7682843367800296, 1.23300554616661, 2.929139570732331, 3.801461271308315, 0.2835282230165559, -0.4545589305873543, 3.1787688321629655, -0.4335272736700696, -2.1228215208522836, -1.386537809557746, -2.3660337475285522, -1.7354689599045547, -2.25319124482209, -2.0111228535037013, -2.6820463450926426, 3.4013077442824713, -2.8430112996599104, -2.9628224059330828, 1.8657149377665703, -2.2591856077455197, 1.2809062242799074, 1.976816830545937, -1.6141833957752636, 0.2940785483583924, 2.9611266822617055, 0.6388456422979507, -0.9449115327056825, 1.176210732339727, 0.12092627210807615]",1.0303030303030303
4,"[3.149051317605041, 3.573222221816292, 3.882914936207935, 3.0001128138897886, -0.8647517123208343, 3.985937438086117, -3.2113815926405, 4.238724609873685, -2.079109205732427, -1.7494837826600214, -2.966482527230327, 0.16409983664164213, -0.11365758069539733, -0.2828060581098926, 1.143110264314175, 0.5783986879625347, 1.1636164953012385, 0.7342815088095096, -0.8318116495921294, 0.7645215302372476, 1.7165580895387935, 0.11754270020490767, -2.5677783779942276, 0.03284735534099584, 2.6376905497657814, -2.9204435909288904, 0.6417829199597354, 4.0694525911924035, 3.5679397510710076, 0.16700414107747896, 0.8579686254522535, -2.164151250596765, 2.492079143351458, -0.5846610607617015, 1.3275967905090291, -0.040428341355801534, 1.8093019508617845, 2.9359715661470958, 4.379975753925681, -0.19086737994046288, 0.3223446707565472, 2.84223235099244, -0.5412986356880376, -2.4217647499620356, -1.5234779628092294, -3.197711475508319, -1.6682550914144199, -1.581561865301945, -1.6619643670126059, -2.670349980573274, 2.947206860082778, -2.290975806855883, -3.471525726390303, 2.6916144245236415, -2.7431389058785136, 2.4130552418734537, 2.7931538903098723, -2.0022580446276983, -0.26603599343167095, 3.287044797832745, 1.5757431777930855, -1.0238238893406502, 1.289388971940385, 0.029521876171500885]",1.0294117647058822
4,"[3.504619830062901, 3.9619189411420668, 3.905767118410608, 3.1553263474150652, -1.3574361630165805, 3.905944756197843, -3.1767248959204406, 4.4186895236153765, -2.677514832017415, -1.3171783988209662, -3.2545991084490353, 0.35339626947602915, -0.4046867753326403, -0.3369456889579837, 0.3720608839341772, 0.6076683649881677, 1.1777632868847303, 0.02312890525148241, -0.641808981579302, 0.8797003159108931, 1.4992839904600808, -0.21337200177242158, -3.0937583320569884, -0.10024722924156783, 2.725317695525328, -3.155073871549389, 0.6825165678363572, 4.178104508700485, 3.6006988095462495, 1.0382687715285561, 0.8444541000537351, -2.775296511213583, 3.06704763720983, -0.20911219699887604, 0.8401478761681805, -0.6682552692087578, 1.4840485789238973, 2.8208733424519785, 4.212007058120991, 0.15625683558651934, -0.33412693826281376, 3.1697059628272144, -0.5096464340637751, -2.0448684147166323, -1.7470062717146944, -2.8456652677144056, -1.5200613490835924, -2.105628251193902, -2.0864099651513186, -2.75677575480071, 3.5487318657256415, -3.236151275060121, -2.9610877742280257, 2.053235980575598, -2.556940627572925, 1.5386432517218904, 2.309215017242532, -1.4703731883338733, 0.46649540467645206, 2.887559348509888, 1.0464805080636546, -0.49180536391839447, 0.8658252074218624, 0.09760103985937563]",1.0285714285714285
4,"[2.8205466145683937, 3.620994444727052, 3.8162369483132195, 2.8218391784476435, -1.099512198859588, 4.010792942820993, -3.0883822977791797, 4.59007886210705, -2.2244317028413185, -1.327091087856531, -2.3265650059158105, 0.4740769182215388, -0.47521011284785664, -0.2933458809454888, 1.2782929657604258, 0.4788213522797582, 1.1684571975079012, 1.1190494462849756, -1.399900373256429, 0.9496338893690701, 1.7558860374088043, -0.1706726210333845, -2.3132896312363727, 0.4948921360324259, 3.130968057234363, -2.981206767415228, 0.6515476382992264, 3.480417894080288, 3.586959565126578, 1.591672457251209, 0.6051967294537308, -1.95820911609694, 2.2563422328093767, -0.21478600001606135, 0.664832599087337, -0.4129612031439716, 1.2961686642965973, 2.6453261037276135, 3.9856181948912015, 0.5935559081256943, 0.7382814617984894, 2.831726415214075, -0.5978939574705087, -2.5622764563407205, -0.2914244880557946, -2.743047739310045, -1.674348764142629, -1.8512022353113444, -2.0766468842512267, -3.5968864786818147, 3.4009088944944317, -2.8924654548286783, -3.7293604917759478, 2.9428082516342093, -2.742804185523231, 2.7315794293022684, 2.460408396273207, -1.2417389767013045, -0.17221218479042852, 2.953768191334176, 1.1456264052552443, -0.5611426124632488, 1.6927978856781056, 0.2013405409501589]",1.028169014084507
4,"[3.4920850355912307, 3.95821373435043, 3.90545579184583, 3.041544975496858, -1.3667336664306724, 3.677583763068591, -2.8836149919339285, 4.592055222073898, -2.20885733683189, -1.3609513493082699, -3.1235310839502843, 0.773928731477324, -0.3873545810275001, -0.48731098080038326, 0.7320231075599358, 0.418545804304895, 1.1738038680192555, 0.18851782642443632, -0.5056834245223277, 1.045339881546719, 1.7385383388651734, -0.22870720106228398, -3.113703780740574, -0.14188332272623205, 3.3469323401005737, -3.347047054822998, 0.6690144647054774, 4.1918355997631425, 3.025886269110473, 0.908823003424925, 0.8594692259794747, -2.982762866613212, 3.2332199214979873, -0.41557454318174514, 0.23978121764948984, -0.767434831002697, 1.227934668259117, 2.9038900886846664, 4.289537298332775, 0.2124880107013618, -0.26304947438122583, 3.170653068456205, -0.5420243091405559, -2.3618881700915177, -1.4302894239536323, -2.5065954336407557, -1.6470132522274628, -1.7664712566882055, -2.195382032784867, -2.670059867778832, 3.4060874290281453, -3.0038242842703053, -2.900599501187107, 2.3887361487301275, -2.1516030757305686, 1.526176982722606, 2.0477268960688964, -1.6045611777641517, 0.1915357532909806, 2.9418568141471324, 1.0069408968617706, -0.5339970651436108, 0.9827373137448879, -0.19436127811502357]",1.028169014084507
4,"[3.0439191004865607, 2.0839522513902886, 2.6775365764609664, 2.384994412155088, 1.0294653351439607, 2.131907593414164, -3.553915271533821, 2.4865156356396305, -1.8212294474757775, -2.2588794522374345, -1.6840473580532223, 0.5293236741226797, -0.13326076591935476, -0.286413702360516, -2.649153200242842, -1.7775719936127676, 0.15663666059509396, 4.251422917490829, -1.2527520021832876, 1.8708806560466043, 1.7728163332000495, 1.4007457904926732, -2.8237402637334212, -3.1156714589723182, 2.638886085266593, -2.6796415065256696, 0.19967602823496855, -0.7371562662535183, 3.4479912173556677, 1.292037855823427, 3.0156142361651814, 0.6439250618569479, 2.817224493699756, 0.9120437253834108, -2.4530995851098916, 2.5182015947886898, 3.0533454642034927, 1.3391936437784724, 3.439085253148298, 1.846509159414714, 0.31542222480479554, 0.8477250647897665, -1.4002888839603642, -1.768573060952964, -0.4637152765335776, -2.5893117394389957, -3.43974219421232, -2.4179017297612813, -3.9128769028954564, -3.599515117942319, 1.790426128606289, -1.3460064923211315, -2.7987264169691493, 2.9231501522072096, 0.09555193378440774, 2.656832768595181, 2.7373482019982616, -1.552186164282309, -1.2674906487422866, 1.5214118264977174, 0.865543051137533, -0.4329883225355087, 0.2787459951419595, -2.678126721720584]",1.0277777777777777
4,"[2.886082159016329, 3.3921681072480645, 3.815728106555318, 2.8018970963729317, -1.0374885460832073, 3.901451533237853, -3.084122212312428, 4.467792999538529, -2.6616948984280016, -1.582101597146036, -2.3771795739119397, 0.498737315764632, -0.15186185592217005, -0.022298983296250963, 0.9625372273017421, 0.17300195786883737, 0.09569462076163304, -0.16826646522676691, -0.807828819732032, 0.5875701005198826, 1.4588679403110882, 0.2234319599550584, -1.8812412371313838, -0.2516137086533659, 3.005404179203122, -2.578770493480046, 0.19789622507530613, 4.090793360317712, 3.4948913372802948, 0.5083092543225622, 0.4980752283356223, -1.5354529977819935, 2.3582416235229102, -0.16976073944578013, 0.5486405736599743, -0.5732078528638265, 1.758027724583308, 2.87956848460126, 4.117977975006463, -0.1051226980596903, 0.1510111054873376, 2.7266277418832194, -0.8125798677926381, -2.869786885017863, -1.2445482006903763, -2.9760095258681845, -1.6028119411151658, -1.7008589046421323, -2.0720405210617194, -3.1741014194494324, 2.7287926920295735, -2.5416456624080386, -3.674588712655906, 2.9969370874712142, -2.091632357124269, 2.6259148528288665, 3.213746661848616, -0.8679901404063449, -0.38283341611998, 3.8290721571583384, 1.9013070036455422, -0.4120736884369324, 1.1791486477013073, 0.7086906116140159]",1.0277777777777777
4,"[3.605704485706006, 3.6995887521494555, 3.008307311774644, 2.539117499599433, -0.5232967084269371, 3.8752923093157152, -3.536841639943317, 4.420191015059059, -2.4012184103903316, -1.2883813059908364, -2.450241820643288, 0.17105461756336926, -1.021958523677252, -0.07112420554514119, 1.0874085896105314, 0.7969274794201687, 0.2311453360501573, 0.5554165026405572, -1.1132739247987204, 0.9125911347104062, 1.3112401691564721, -0.17752382676629863, -2.6880895505303712, -0.34800735020391355, 3.3021345270368037, -2.807532776945934, 0.1812031159363574, 3.4378391381078846, 3.576215649072214, 1.0569756329334046, 0.46775259254248713, -1.2911133781538604, 2.6318733253412234, -0.33152040134714567, 0.9278328873822739, -1.1512082238508807, 1.972035778205476, 2.920279064864317, 3.9888278383401565, 0.4369863045484285, 0.09790099298085267, 2.937380134684355, -0.48340323171219646, -2.2883642506102717, -1.1456296212179458, -3.1928757929437213, -1.5092889374287581, -1.2614415862157535, -2.387601510667003, -2.7508144637499865, 2.7213749614480744, -2.7557073604966797, -3.749687354705086, 2.9984992011130225, -2.5912204852745697, 2.45496066716595, 2.8387292272227693, -1.4809438360885294, -0.8575117416181477, 3.3938012858075512, 1.8364959108084933, -0.9177582872639644, 1.6996156747219264, 0.5253931704000281]",1.0277777777777777
4,"[3.4268967951373788, 3.384224964806617, 3.676181962069775, 3.143914642211749, -1.3278905193659505, 4.007803948859804, -2.6486399654086448, 4.549523489821775, -1.6101135517580474, -1.4415118106274847, -2.772284646633179, 0.4809511218848559, -0.552304755462604, -0.7151041457144717, 0.6358118599402084, 0.3702293506563714, 0.707966667633297, 0.9005044465078313, -0.1683109814314887, 0.8150844273717182, 1.0066989382535534, 0.25970952501179495, -2.690631120305948, -0.18747155821708728, 3.232191436295654, -2.7416164538971017, 0.49790022330734146, 4.110720687058532, 3.2672946655734987, 0.3601989807730028, 0.16210253710830996, -2.276118433031305, 2.546587248667659, 0.0060618738548268575, 0.46800933726550253, -0.5622684325199672, 1.981376787832808, 2.938981681093199, 4.181279745148485, 0.3850915871846615, -0.06508682143218056, 3.0694709849307014, -0.5613819312220136, -2.3808321289037213, -1.6302666626497608, -2.946223957110526, -1.2685082743994407, -1.2738804015668181, -2.2801520653255802, -2.943789927458683, 3.343236507993602, -2.2160233532002023, -3.55180958714102, 2.4926892905422005, -2.7384453667617006, 2.074618581573203, 2.531525654983568, -1.419847725217945, -0.379329671743542, 2.9001006702358505, 1.1888438437986395, -1.481751654995692, 0.6908917664361747, 0.4526637271692978]",1.027027027027027
4,"[3.477220760564351, 3.9294742505737714, 3.832360462729306, 3.26764544262456, -1.1338469286959307, 3.567624813480823, -3.104132305937776, 4.604993859756053, -2.389895854068483, -1.3932167282431387, -3.078077037582604, 0.4266924167036642, -0.38032354596963514, -0.23705093251150214, 0.9265098613475473, 0.6767104129039051, 0.7124167815248006, -0.023189190025323006, -0.44656214509106695, 0.7425669924994467, 1.5503733532103308, 0.07465439221212135, -3.335088894507657, 0.0877061075520383, 3.0128687075177085, -3.3965225468346887, 0.5110637016924857, 4.154112899295875, 3.4352855934298074, 0.8478135025382051, 0.6723295873462274, -2.9457751654125333, 2.86449485840888, -0.34160218638197803, 0.6344978673808637, -0.34739607874232326, 1.120200609821361, 2.797457658966507, 4.3640460588677215, 0.08160415262834361, -0.2879266300129562, 3.135551159294917, -0.5198027988662297, -2.0851364391194953, -1.2091859933895992, -2.4133756078281396, -1.8179419707876525, -2.0646722545696283, -1.9319189655111026, -2.8986974789777276, 3.3942401470748713, -2.7896594337123872, -3.1945606374787556, 1.9530685339123504, -2.0256447896507277, 1.7227734384350526, 1.9880574524540322, -1.787948567630468, 0.19746840397485585, 3.055704542258462, 0.5984366215526775, -0.9066653331192925, 0.8429154854020586, -0.08445121868859684]",1.0256410256410255
4,"[2.674352163860813, 3.624746749437231, 3.3890601512507343, 2.378065680824869, -1.1118847677203039, 4.097223335939123, -3.4752852660942697, 4.635826275927283, -2.196923683538882, -2.037501226809028, -3.362674035023173, 0.21252268183843243, 0.2337863685930215, -0.2254468676803671, 0.5920004706141813, 0.11052693207022132, 1.0003914901779918, 0.638060914206635, -1.4643936792312264, 1.248217855855363, 1.1158317881897224, -0.5676123995433048, -2.0439873852231716, -0.6979723621478051, 3.3665634991341262, -3.2429745398402128, 0.700714912868788, 3.738645636837356, 3.6006149757528676, 0.8001625573939417, 0.45602773892733756, -1.6061885384035013, 2.734898710361565, -0.681145996764615, 0.5216545091221048, -0.3685136316231932, 1.7413568033083864, 2.818187846071149, 3.97007214711875, -0.05557263927461725, 0.29159010873360763, 2.852744230534628, -0.6475638015109728, -1.901935228205602, -0.7487982167587947, -3.2846038240510147, -1.2865309950169046, -1.326453103195064, -1.9480358517047538, -3.340273637736013, 3.508033334602913, -2.7372081153201173, -3.7514334066999595, 2.4096490581306864, -2.642089143492964, 2.0618501794528035, 2.9930239965108747, -1.2495085567189426, -0.9188075801546071, 2.832220281800606, 1.1373328700351173, -0.9544075869248826, 1.0781198668326746, -0.49459336757123157]",1.0246913580246915
4,"[3.0918043781910023, 3.6053000518021645, 3.6578188685464874, 2.74008805422737, -1.0334306351356402, 4.130944988855478, -2.8625496973251963, 4.389033342544785, -2.1321785434961473, -1.1076755225308343, -2.259389816080546, 0.25185705318706314, -0.49284751503864244, -0.03939581070879722, 1.0971839513652355, 0.48102109499364926, 0.722279780619217, 0.8191769160231186, -1.813563050147414, 1.497213029936973, 1.2792953132861193, -0.02060858708393362, -2.4896385934715197, -0.8061663004191444, 2.631521727576064, -2.7109272807556497, 0.5446460185194817, 4.032544758105777, 3.5413472034958526, 1.0350492489393457, 0.5848459771289679, -1.9128798083896938, 2.84863555208082, -0.21626626246186964, 1.0323816100558254, -0.2786693743069387, 1.737275121578188, 2.8587025128831924, 4.3358444336847555, 0.39959874009770147, 0.07412220137054729, 3.016009482035873, -0.8915890151755256, -2.2777027187888987, -0.8119710615006426, -2.7918107957545906, -1.4194892786093072, -1.6817520502700263, -1.7073395779954401, -3.4006107852564607, 3.5313950843398105, -2.476694197649117, -3.7495745258116067, 3.2150251298888834, -2.734309208667073, 1.9452965507575186, 2.930491902014382, -1.3692458369401734, 0.10712612645159525, 3.005361448847822, 0.714073352949647, -1.0429369310998804, 1.1307721334646579, 0.09519028202325445]",1.024390243902439
4,"[3.338214202515903, 3.9615478336947545, 3.796658135908644, 3.2544810931001575, -1.0573754132761897, 3.6906830810332196, -3.1522190621104387, 4.630982422848775, -2.214545594730645, -1.2947196185963563, -3.1273892108565198, 0.19073206901378767, -0.5026780531012971, -0.45060017359796334, 0.8366179584440315, 0.6579994732680458, 0.7854570803813524, 0.34310840867177017, -0.17037678499579922, 0.9773335742787743, 1.2725975334899986, -0.08988651697021474, -3.034130634627558, 0.2517800470547521, 2.9622878188973134, -3.3973745321127597, 0.5480076893007233, 4.197975217719176, 3.562817996519247, 0.9929268942309238, 0.583535296466585, -2.5269201317260475, 2.691958574276431, -0.16577854601120248, 0.4089818948710473, -0.6548078141962328, 1.3549057345622744, 2.8181992472520454, 4.2414426976287825, 0.3093804052417041, -0.3872722251243062, 3.1137314617947025, -0.8318931626274372, -1.8227167385700431, -1.6997660157139463, -2.6998786574335396, -1.7007826294080355, -2.1686451913777343, -2.1947027438322526, -2.7894760725181413, 3.561146561125377, -3.042734253625829, -3.193099414296506, 2.4705407236592225, -2.3989707616212153, 1.4868425456121346, 2.0847992497183454, -1.7489486054183065, 0.3244180650330513, 2.752166610680691, 0.6224287460155593, -0.9571861962786484, 1.1554076495860586, 0.34573966126755196]",1.0238095238095237
4,"[3.28421377921635, 3.8454847139321053, 3.5526837081570455, 3.167254549762631, -1.3070348191007195, 3.550910911373576, -2.8779380333390066, 4.485308790683016, -2.22813896440923, -1.2657798170218473, -2.987026308432933, 0.37010877331285597, -0.09644906262798503, 0.016148107964699926, 0.6797928031983476, 0.7099452524652466, 0.7834405677591713, 0.17373036201705971, -0.2961108653201437, 0.8836467350823357, 1.4998110638632351, -0.19781124763929325, -2.8941479597918858, 0.32582473009260504, 2.873714370753381, -3.416879607855554, 0.5590662719179459, 4.196101732990255, 3.4107541050978716, 0.9292940989351357, 0.8896272153290686, -2.7996548537937382, 2.7397680249554264, 0.058844972493898334, 0.14504074168419295, -0.6620284514654365, 1.0957779523399656, 2.907896288565204, 4.373145614967165, 0.06249553235104841, -0.6846321663357426, 3.1505745169639794, -0.8716816947458673, -1.8214188989268596, -1.7978339285396923, -2.834530616873423, -2.21611549330438, -2.28796486691724, -2.2821299968289965, -2.857436242265836, 3.0205333010302513, -2.872111427206494, -3.048902333634082, 1.5498763814728587, -2.3096622652997727, 1.6902207597546495, 2.0170270750066104, -1.169078564831656, 0.39037598997012435, 3.0710998749469844, 0.6880244290187054, -0.5174028617209426, 1.114578868508922, 0.2532912931570249]",1.0232558139534884
4,"[3.35053558309888, 3.9857963201828874, 3.886499522917594, 3.376864132138959, -1.3634622273487575, 3.68492401800799, -2.783774396387585, 4.527437887579276, -2.0995806741690424, -1.174812151174818, -2.95141970650749, 0.5976084587739089, -0.4295798062816276, -0.46085904606778194, 1.26315993742552, 0.6451769115974434, 0.7246852967787836, 0.3025693982493699, -0.06524934386555686, 0.9908748002177636, 1.4811643165339035, 0.1643607519226975, -2.709896610078124, -0.052494377050164354, 2.718739571794097, -3.431405049843318, 0.5410216138428566, 4.165092654698673, 3.5499438445946057, 0.986306766739759, 0.4108324970063263, -2.757107666755071, 2.5311232857823294, -0.033504064216858725, 0.7370984326149749, -0.841795169194602, 1.1494993028943725, 2.933795086704641, 4.430043464732829, 0.038948465521616696, -0.5066472263259794, 3.1567647879022513, -0.3414469267939976, -2.3644745006569523, -1.7084467330074307, -2.5110556719879105, -1.9768623314207356, -1.9368833977429225, -2.0487570053471256, -2.946749999141129, 3.1255713219335868, -2.681976462550084, -3.1359488214209943, 2.2760991981231578, -2.530844210520061, 1.3565186673420575, 1.6662673656756783, -1.6438400861501707, -0.07182525426636505, 3.0178571371511436, 1.1661887117133594, -0.7761282027809395, 1.4176657251702538, 0.4074314199303749]",1.0227272727272727
4,"[3.3062252968225594, 3.8785435547360927, 3.8786607926250554, 3.6292043136226675, -1.4317839520187852, 3.6142286072114738, -2.907988362696117, 4.528764868534606, -2.2542540541357594, -1.588519207456642, -3.0949854652473703, 0.16728733946517066, -0.340471700528402, -0.1366048654210582, 1.0671308884255981, 0.589556232573066, 0.7259457455598526, 0.6152568993357079, -0.46539899693734016, 0.779469655986752, 1.3957770467188926, 0.2380091093364269, -3.0656541205606636, 0.3662313791218645, 2.7543604127422596, -3.516020086415429, 0.5634678380775482, 3.9441330240730585, 3.155561476304026, 0.958650777857313, 0.9590849062202897, -2.981346566854087, 3.024453942196714, -0.3670193700393043, 0.4719517129468256, -0.5733761298076508, 1.365010348106546, 2.946087519887457, 4.385775030761058, 0.10531220603222444, -0.4167889327115733, 3.133133707536172, -0.46123934991569654, -1.6860953917671904, -1.6471276503358259, -2.6913039073392753, -1.6225823886942405, -2.245833683701416, -2.1080264796940527, -2.598166703354875, 3.153730943056663, -2.9329085686357037, -2.953138188169613, 2.0709043106144733, -2.403222051905393, 1.8875659167276455, 1.9554066756547896, -1.4841617389338577, 0.661079502204803, 2.7074407848197044, 0.9836789169134073, -0.46424163557566145, 1.2835033051279696, 0.07542211654815684]",1.0227272727272727
4,"[3.058706231252616, 3.4915384727459124, 3.5610214829064297, 2.96974987056732, -1.4841204027671198, 4.019097831659602, -2.8760532794354354, 4.636964941202607, -1.6729154880607626, -1.395461616463256, -2.849044735041951, 0.9241738643591804, -0.48834591453050813, 0.10832828007437612, 0.5170976492387422, 0.6037173114285119, 0.7823910942564185, 1.124579373635013, -0.3696850058609199, 1.45449818739134, 1.5603855734748522, 0.5807664269284496, -3.2334200762082177, -0.24610568819092923, 2.8247364663292505, -3.3530397608506237, 0.5722020779053225, 4.1582911271582095, 3.5894342278147606, 1.3113720994578082, 0.6142999440219901, -2.1756291220783206, 3.103665247197215, -0.2099938084527605, 0.7976205377472471, -0.6349445550001945, 1.3709063075745775, 2.9461352712977416, 4.206621659310195, 0.5370827931637012, -0.34914656091702434, 3.12891020229046, -0.4628218224789272, -2.095254374320605, -1.7220588938745445, -2.5987717423681036, -1.5190726684005138, -1.2767197806732193, -1.2222639635948362, -2.765480431146346, 3.451395122739243, -2.522656459471952, -3.630377397683323, 2.3191402735149227, -2.6686238619319966, 2.045967121222705, 2.461043507242556, -1.430854985617649, -0.06454394660770055, 2.7318733602219565, 1.0860576926181889, -1.5559872357401492, 1.3734515171544501, 0.3748099642718372]",1.0217391304347827
4,"[3.293702055859464, 3.6945541448104233, 3.8140689992584464, 3.2740884018144567, -1.139940891082159, 4.125320122198404, -2.716521217490061, 4.525459662014973, -1.1230271709214281, -1.1512355346600605, -2.8846165513461206, 0.9743075428849562, -0.21850711744982887, -0.16471028805143817, 0.6218225278203826, 0.48802922362982637, 0.7472574000666874, 1.1205483150717221, 0.09871080216213168, 0.3710975900640402, 1.1769404163613533, 0.14243541994422462, -2.918321553141071, 0.2626947607794454, 2.9788111062912117, -3.6774154609271186, 0.5457400377067319, 4.175997192345639, 3.503211735316195, 1.2456665657827743, 0.6638966014564683, -1.9190955075038425, 2.8411129425831563, 0.025044649811245684, 1.2158300354325742, -0.45045017284240335, 1.8393465059851548, 2.9391949765526673, 3.9832794867283496, 0.4656478772155295, -0.037132825701417016, 3.051676801601789, -0.8010336707004317, -2.3420037473346773, -1.2992292550068794, -2.64736561389181, -1.5162493342631556, -1.785899755403206, -1.712350029323254, -2.5711715969873414, 2.6860313763958694, -2.4467875378033925, -3.272030862481914, 2.2952825653553197, -2.732901126283908, 2.3329089646395595, 2.8015641026081397, -1.6909292745626574, 0.11697326571918665, 3.0193591831396502, 1.4609018370317426, -1.1760413501405185, 0.8882982374014278, -0.01748253011974793]",1.0217391304347827
4,"[3.537697951574831, 3.6832618156583634, 3.788853501798491, 3.0597685292539483, -1.2682582219816951, 3.544168148468529, -2.982737012974828, 4.631817680303807, -1.5967352012738145, -1.6187733684705197, -2.7916268244493776, 0.48903993091459386, -0.6291869054848188, -0.010296000247204895, 0.31293847295929716, -0.029675638082047262, 0.8276259740795096, 1.1355466284838966, -0.6753911498549726, 0.6560168219230247, 1.1449183925642235, 0.36529133679850145, -2.490907111803209, -0.2022307061182808, 3.635192911820644, -3.6293317095063067, 0.5652400681022963, 3.971570967370274, 3.1433672810798745, 0.615024847756308, 0.6467756058181064, -1.7926914224395092, 2.4660421358218843, -0.3085087999863947, 0.7973483545893224, -0.7803218679472919, 1.7171301131311487, 2.927857671600669, 4.2845669668441015, 0.7375743209540075, -0.5230687589823569, 3.0577896930536395, -0.7011278454831842, -2.3080712840606283, -1.8725777974189501, -2.500215615765944, -1.8380170789163435, -1.3775555856508217, -1.8566948010970992, -2.6538842237797144, 3.53542739616103, -2.719219888815704, -3.269385821771049, 2.71874801449005, -2.399104806329432, 1.516412886960266, 2.319010506588403, -1.6174065476971269, -0.23253319376845033, 2.9557118949507832, 1.1259557669585367, -0.7141268147624975, 1.2545250201274074, -0.10315908060207113]",1.0217391304347827
4,"[2.8756240353515894, 3.696169309861011, 3.660426007265085, 3.1300275453754587, -1.3547856778621088, 3.789629067212073, -3.025489111527082, 4.597077243741404, -1.634151434688116, -1.0618892321216142, -3.202488966889364, 0.48526593323319367, -0.7397844377028153, -0.016121540833575365, 0.61729198365301, 0.26051977421092587, 0.7706685931758434, 0.4484015890176032, -0.6826414438660899, 0.5069124523560509, 1.170259185322253, 0.2025791348190038, -3.199657638340181, -0.14450915180746293, 3.1154336267531213, -3.3562667674450055, 0.5752146272496594, 4.18570129796804, 3.5515247530895473, 0.9003602496766696, 0.7970363416678136, -2.5861081110186457, 3.0488993983368777, -0.254044358500206, 0.8150048613262004, -0.44570950654527297, 1.4528095632771816, 2.8379141108496824, 4.314175411108915, 0.5493265039237148, 0.07330600100347645, 3.1572847695784487, -1.0378328312742713, -2.18910831364041, -1.3758096246229703, -2.560150380911294, -1.1067637177413714, -1.7528528172904223, -2.1987972579909862, -2.202856241009483, 3.38290305617091, -2.9424369534988113, -3.662677259739399, 2.4085696204879596, -2.1591718123020973, 2.0845683555871335, 2.2118822849522703, -1.6165356455367244, -0.23805729355294877, 2.4138869593250725, 1.531321599871445, -0.8315260054562691, 1.3125881172576754, 0.17012440821197067]",1.0217391304347827
4,"[3.0793313586182327, 3.8258444327485757, 3.885056219776163, 3.793349285085935, -1.1170602285272602, 3.8277596694792617, -3.076316324176051, 4.636028481657468, -2.4692454111112903, -0.926639399155452, -2.792880213539467, 0.27238868811163486, -0.5459056656396721, -0.19897010116860012, 0.5627101173508895, 0.513843257454533, 0.8291004992244256, 0.1967798844777967, -0.7997284489210054, 0.9700022032728118, 1.6029444145960008, -0.004252246615471106, -3.00635490667409, 0.021074074571370338, 3.1490619510410807, -3.4367621898321317, 0.5825109513376004, 4.198873723240657, 3.478416238985156, 0.8748158515241723, 0.789936467430467, -2.8214121567855077, 3.1715637355541113, -0.3198678502493879, 0.5263315412695813, -0.6022632254866339, 1.0957462085218692, 2.855823780815771, 4.411824272586095, 0.09640538796391551, -0.1894106997973054, 3.1777061499363097, -0.8481512012750203, -2.2542485729243524, -1.3426999189157487, -2.80849801240698, -1.8226886248651626, -1.9977369156032938, -2.0887283277313267, -2.559678583221374, 3.149718281621092, -2.780110111408448, -3.2028173824107915, 2.261263334065249, -1.9970383502443705, 1.5699050051563925, 1.9071421536038666, -1.7289936682654499, 0.9673006363368328, 2.552752046609082, 0.836866414228304, -0.7312507469010481, 0.85474993537099, 0.05247862362334377]",1.0217391304347827
4,"[3.48177747544721, 3.976647566783935, 3.788894934233321, 3.1485557775927457, -1.3567792691017027, 3.9419205047042274, -3.154165510489791, 4.632879433782922, -2.3834657975651665, -1.2495834056585042, -2.7328730385193367, 0.33084796040320696, -0.3429885195640656, -0.08380413757717023, 0.413585157712325, 0.5466978365422723, 0.8131784248943478, 0.011846739049126837, -0.68927215146713, 0.9387367049560569, 1.624849515884186, -0.0680863765704125, -2.9198756971020283, 0.04863672148340838, 2.909568551900982, -3.329324802181132, 0.5950712548471916, 4.18207803547911, 3.500876083034587, 0.9288634682217005, 0.6385637745680038, -2.6371600986896704, 2.9222248915891424, -0.056059130417828854, 0.8231582985537478, -0.24325705625768856, 1.075458943969159, 2.9190188441450493, 4.367526056165588, 0.34295017739486267, -0.2025868875489537, 3.1738660315133864, -0.4097582547964025, -1.7308727392523382, -1.1635890393344939, -2.584012685044694, -1.6582851880728433, -1.8979618706051973, -1.6599605052455568, -2.7146540005189306, 3.3112536053646657, -3.0485100414270434, -3.0146816187670447, 2.156038878158129, -2.302085981615096, 1.6237025110158945, 2.348810807795016, -1.6415543345565382, 0.08721095402326184, 2.9792175923429376, 0.8750313060946406, -0.34618082836477787, 0.9009054646466719, 0.11389409063788077]",1.0217391304347827
4,"[3.303528388443011, 3.9309326484364613, 3.8238256903044614, 3.288456651256181, -1.0846894600761199, 3.580612908908629, -2.8656961096031783, 4.61776164145382, -2.67863263406972, -1.4973391992386222, -3.2481315293479347, 0.6734551064943625, -0.5702119309958418, -0.23927451829715693, 0.7106222448855842, 0.9231981316797533, 0.7427565364813643, 0.24272206405367358, -0.6087518574932936, 1.1401056996636498, 1.534846929031334, 0.06884468287818721, -3.1196736840599475, 0.10812303171781634, 2.8103527940463553, -3.240759737598016, 0.5806917886989806, 4.194010320454294, 3.5374928641534042, 1.0206611677378938, 0.7018691093514738, -2.8361152506750194, 2.863640619145927, 0.020674924055018862, 0.558599761357187, -0.9346488092139045, 1.338942711047742, 2.938769108666679, 4.343576631705327, 0.00581597729405299, -0.15224513588612493, 3.1741038491808053, -0.5239616095097822, -1.9274718033070048, -1.2950246792765754, -2.561670467357381, -1.697554139464915, -2.095761546911908, -2.024735057075389, -2.7905180974295787, 3.5303275184783978, -2.822983678191294, -3.006313468138138, 1.9644337402918601, -2.187533524163817, 1.6133569769416356, 2.139496196252367, -1.5897722878140965, 0.3021680072070904, 2.8894661345776576, 1.0095964699013373, -0.922138404872213, 1.1225832303816754, -0.26614946028613706]",1.0217391304347827
4,"[3.3133288921890833, 3.6206267251470496, 3.8043223004766267, 3.150664661576375, -1.4175506738828902, 3.676942731346524, -2.6858785341500155, 4.635431320382742, -2.4528836523264426, -1.5879239858764413, -3.436566556592436, 0.23242201142761076, -0.1101448568366887, -0.38120886054255765, 0.2931993650979964, 0.5033523331936953, 0.8032989295375424, 0.25281367570647095, -0.5291420226336289, 1.0345519903870863, 1.613940315904061, -0.07373155540097041, -3.2047813631334803, 0.10181950501807135, 3.0729078299192283, -3.2808519428641794, 0.5685332199631442, 4.193890408607492, 3.3621821433168564, 0.6456255183847086, 0.43095058143210124, -2.3809171935214963, 2.724511569673049, -0.15592742587560782, 0.5095405911575507, -0.9210095254603228, 1.3344664456392956, 2.9244049474603684, 4.402535760344995, 0.08424830549914562, -0.22975521095003623, 3.1792984267259152, -0.6582341378723366, -1.9749764639996985, -1.3652028098211009, -2.636244261441773, -1.7462860767848098, -1.960908561018619, -2.09337518025118, -2.720435087428985, 3.4959847750345636, -2.6463067849114554, -3.305021893272083, 2.3911184797075746, -2.3382034246971832, 1.6063816716545811, 1.665829229178164, -1.6736457500316377, 0.26817875779807687, 2.750591685419616, 0.5603752075297013, -0.850147544768725, 0.864508724856116, -0.21177988971420314]",1.0217391304347827
4,"[3.2172270746173424, 3.8716860789247445, 3.9064074021128388, 3.248494835346604, -1.5146048704757957, 3.6081282875713723, -2.705112573625257, 4.627053750198439, -2.471345522930007, -1.376752732579741, -3.050247420789092, 0.3321448097057657, -0.09332345340535975, -0.16776942143900703, 1.0441201093259584, 0.42065800684010823, 0.7590061477224359, 0.23842893568086687, -0.4752696292150225, 1.0154060659633624, 1.444622061912519, -0.08122727029312306, -2.860820561902165, 0.36607673713264866, 2.6230702340688126, -3.5091791420278096, 0.5651692155267453, 4.180561220820236, 3.311569239383527, 1.124075969318604, 0.8249155443031911, -2.9313982196830493, 3.1886580646857867, -0.10461001819904658, 0.7048487038741489, -0.5891440908098261, 1.0293843457523844, 2.8800397586877353, 4.383636902814276, -0.0804916084471303, -0.6459092861130755, 3.1401142592828473, -0.575422414740057, -2.3318939146202466, -1.6380151636401772, -2.9580719011739918, -1.8782131438976977, -2.1742877282457314, -2.0134173584575294, -2.6465863828892755, 3.3029700288216652, -2.68057252674636, -2.8895784282850876, 2.0839361237960596, -2.312046883910321, 1.492374566828177, 1.8938881828236134, -1.743888581672523, 0.1647758395068444, 2.7385007809407957, 0.7341733819375404, -0.6855002598594435, 1.0159252505550207, 0.07661975604959084]",1.0217391304347827
4,"[3.3553453643439295, 3.9849491196306164, 3.8510686601328725, 3.173540094509117, -1.3213045591084915, 3.7302863267023243, -2.903826294113145, 4.630623272486532, -2.2923662344732634, -1.4870841865466389, -3.2194055662099963, 0.6596865115774492, -0.3551262400160634, -0.032187224597268, 0.466917692171998, 0.2354864710715936, 0.771478510414352, -0.07921156341440974, -0.8122399139376473, 0.8186061521067877, 1.9166318596103178, 0.26633399677753805, -2.9582715133589117, 0.25366921032805095, 2.6105072264065665, -3.460741832945865, 0.5879500231329317, 4.19481759405139, 3.3912596179626227, 1.1249385404259968, 0.4978960804510104, -2.8406551743999082, 3.038653596926991, -0.307100922276529, 0.34340182871546066, -0.6756851048617458, 1.2272845785001505, 2.9417913499166173, 4.424711347181217, 0.09855592587474468, -0.47683652469319365, 3.1798299598056636, -0.4578476440344089, -2.4163607510377068, -1.4839589749735074, -2.706473878815456, -1.7178202696824738, -2.093458665165854, -1.9207316674991328, -2.658132506732633, 3.0085196555853155, -2.7122075052104258, -3.2548409890516496, 2.1972879902106612, -2.430948374137003, 1.463950706833844, 1.8122700948481236, -1.8012749140339692, 0.22696755464511487, 2.8291080294503623, 0.5845742341377813, -0.7543118080034138, 1.0642188332778888, 0.3364770479000931]",1.0217391304347827
4,"[3.533829038272518, 3.928421493215593, 3.868037198559885, 3.386179500376909, -1.4770122500235205, 3.7902083415924293, -2.7861375163321043, 4.6216594215796, -2.3091318599968416, -1.1244367570331275, -3.084625178230488, 0.30718081074168907, -0.10084677069159373, -0.3593688650541291, 0.834840064043149, 0.4598493130561384, 0.7356424646380417, 0.2225336716156913, -0.7644199572149257, 1.405409948747228, 1.4084400698133368, 0.017268440574359778, -2.9448789765318595, 0.36981038098569635, 2.8220432608317076, -3.1266177679936082, 0.5804889814793037, 4.0984800488042925, 3.4522265662591742, 1.1070977300132152, 0.6037263192834759, -2.9659791432707383, 2.5747516120119083, -0.0032449116766679054, 0.6128468349656445, -0.5985302239370225, 1.0921952688339813, 2.930272547509015, 4.17724698894155, 0.2227536128545414, -0.6555034803486129, 3.181587983174693, -0.8104229678516236, -2.0397909863903, -1.4140516076479406, -2.705688922843201, -1.6298966633958085, -2.0955393656392323, -2.0925100028369545, -3.023426469247957, 3.3093056248461, -2.8473342521244773, -3.0181730728805576, 2.065157985897267, -2.5510104532159015, 1.727773353635721, 1.9640448673506286, -1.6746659931360908, 0.17203659449327877, 3.067274158375433, 0.9020399722361543, -0.4555173999568421, 0.9349531515865334, 0.0550312310600473]",1.0217391304347827
4,"[3.2013407286090336, 3.982373189575419, 3.8909720242273518, 3.1693310265025185, -0.9492843242445522, 3.4316744741021075, -2.85992221574471, 4.590897751034439, -2.2740743461781223, -0.9017620914929236, -3.281770794672037, 0.26811419969493105, -0.3988395415373177, -0.22276118794406377, 0.6542047300628256, 0.646667384204923, 0.7793519952431801, 0.06600744375277712, -1.1458444638469376, 0.8896396578118767, 1.436561327718371, 0.113159354874412, -2.970557303007249, 0.26943541477708577, 2.8380017764478183, -3.234097479660501, 0.6005378526802077, 4.192021124344541, 3.1127644390994855, 0.9069221414331745, 0.4604891690278748, -2.381128567834628, 3.0528965235925556, -0.49603756447211983, 0.5897248248721558, -0.605441071105199, 1.2817250233530915, 2.615423458698962, 4.431067779657763, 0.03149223390071722, -0.6763292308164658, 3.1814544886531544, -0.6448968270839834, -2.1394312042485266, -1.4532409930989418, -2.5088769067583834, -1.7783671324334558, -2.3414615282352442, -2.1271373965376954, -2.9232490591994007, 3.311410891256787, -3.0725846259645375, -3.1993438730689334, 1.974648916828215, -2.27762572850818, 1.47541859735268, 2.0259298597386506, -1.79241763628024, 0.5846934334806564, 2.8142971997153228, 0.8250377805991972, -0.6052146180877589, 0.7882177328447978, 0.08470089641399133]",1.0217391304347827
4,"[3.8494275545169288, 3.865306231829036, 3.8933825089898617, 2.6442437977842044, -1.0611478418328626, 3.8553377670025473, -3.4538519854298415, 4.188225742481948, -2.657326055926799, -1.3622992359391757, -2.794457785356427, -0.7727400650615197, -0.814955735754733, -0.47426339345012963, 1.0855194318314343, 1.1051947181442545, 0.9172495808104701, 0.46660761846714394, -0.8101554750800293, 0.5943760872577677, 0.9967101000984346, 0.11101502858590609, -2.313314874049251, -0.5139810476446178, 3.464456931100749, -2.36413449866437, 0.6089270770595427, 3.839733669748699, 3.5236044239012676, 0.9923274279627537, 0.38512491042894037, -1.7154059783993276, 2.7686886297578703, -0.6844185313368162, 1.1645299424340634, -0.08247541744646969, 2.1598546792512012, 2.7248545681631735, 4.341339348665423, -0.25382138192777914, 0.6946654350588835, 2.9592065289404403, 0.14400743583287245, -2.4176673531031203, -1.4000012126165156, -3.0551857569367544, -1.5448382417689739, -1.19240012200277, -1.51746835187895, -3.006082602694067, 3.2232530231424255, -2.787310377314566, -3.224010323576176, 2.314220783828585, -2.4137154679977346, 2.5581741350266847, 2.943123140470668, -1.6283674126412035, -0.6875233545508338, 2.7222078802887952, 1.1773522769146052, -0.6559213319357161, 2.823487793766321, 0.3216536060012925]",1.0212765957446808
4,"[3.212656563451029, 3.565449666221821, 3.9055785839302106, 2.8853326878412444, -0.8455523954535256, 3.8732907965909984, -3.397248808543426, 4.636916056286975, -1.7890496088709713, -1.667264115383845, -2.765366978405401, 0.7141426617614688, -0.049564486063582214, -0.2311652405646924, 0.5830583398279318, 0.15186867438564267, 0.6737968534440629, 0.8703704226451173, -0.22684262728677246, 0.9901877284647311, 1.316901424891694, 0.004899923922768834, -2.893061026154724, -0.015907566978392018, 3.439096746177818, -3.384568380123403, 0.5472521259425378, 4.194227502877125, 3.588293685100452, 1.502527975340571, 0.49001698329415705, -2.2917760148540354, 2.9608197573949733, -0.5202518006818528, 0.5178286546328689, -0.7373924535770726, 1.2805411918236658, 2.946101986597229, 3.905128877969711, 0.33130010390331166, 0.014769795619773263, 3.1763795802895625, -0.6944705500857017, -2.183019469351453, -1.3771919259006347, -2.5820739268496946, -1.3865615539304976, -1.9759655747556444, -1.8899125629319171, -2.5897467398053755, 3.005919666363494, -2.491544526068325, -3.493087448350141, 2.016495907343104, -2.4975350747272596, 1.7776983241978634, 2.3820310672430316, -1.4236220880876522, -0.30924999744780024, 2.783714514696517, 1.3974590425835327, -0.6555344445924254, 0.8974426685776073, 0.14366483796518392]",1.0212765957446808
4,"[3.408887319476416, 3.937499174660694, 3.685471655483878, 3.2075829757013663, -1.3041507139634927, 3.8813311261376375, -3.0920551573880117, 4.428349320355905, -2.1871223635843413, -1.28902054132626, -3.2625440882635144, 0.5306714960746515, -0.43540621867631346, -0.08034190845885748, 0.7998017218263825, 0.6004174038717014, 0.7345609480235422, -0.30065671954116413, -0.6508763426773229, 1.0582068181449553, 1.3441903217404976, -0.05161049039538469, -3.2657987879104327, 0.02212772807621957, 3.104057350094401, -3.4061986751597706, 0.5870489604542298, 4.172926580598056, 3.564879403779082, 1.162876456578393, 0.555589517605872, -2.90158914282985, 2.739374983866878, -0.2169780029826247, 0.2698714970520674, -0.5863839942159254, 0.8501293781631418, 2.8292646901661227, 4.242126160912502, 0.30307004384207076, -0.23069436190298254, 3.172366346892603, -0.6134183658341479, -2.0775079848605222, -1.6192775008740714, -2.813203129009101, -1.5264803012003245, -2.1728467173736936, -2.27801719047545, -2.729730407007692, 3.558999966557663, -3.1302727966853436, -3.224511433226522, 2.13394424862878, -2.310783263954561, 1.6670118617916203, 2.120654541027907, -1.5094873385488912, 0.36518250452723966, 2.9853590933318275, 0.8201440798466877, -0.5428314624592249, 0.8513961456419179, -0.10875198991838073]",1.0212765957446808
4,"[3.5513319379961974, 3.985453716030573, 3.813130596444997, 3.406407681335911, -1.3583472322179473, 3.8989426190268515, -3.073801736233077, 4.5485777439657396, -2.361739314987915, -1.3781789805327047, -3.0756995346914886, 0.4432236295836494, -0.07622307388713678, -0.08914008848573428, 1.0593662063885818, 0.5802325728082605, 0.7573993568599073, 0.11686415222263541, -0.16079876858553277, 1.2481801060723714, 1.5903275849969407, 0.3690504617319973, -3.0934937925403188, 0.1875335387595316, 3.280211616143142, -3.3495247576535343, 0.5583454080418129, 4.060339621850632, 3.4904174294200025, 1.2879624299009023, 0.4354040141920754, -2.7480916707230336, 3.163119932711471, -0.13066435977079893, 0.4014527587589529, -0.4975583736314472, 1.1898212302215283, 2.9363919086854877, 4.295930009974409, -0.07727131609187379, -0.22522574678943033, 3.1248851012715066, -0.6583011440680308, -1.9902943278318983, -1.2287235018762757, -3.175058601240302, -1.6140069237396502, -2.1299952708040557, -2.113986219914383, -2.2576773890897814, 3.438268923547849, -2.9992280196462744, -3.377445618043404, 1.9380712804509126, -2.193746373934913, 1.3752455878690124, 2.1278664649562806, -1.6963447493427362, 0.14978585977272763, 2.586896189717647, 0.9003234456680977, -0.7081445188630141, 0.792060029721592, 0.36752812901973647]",1.0212765957446808
4,"[3.386461380084276, 3.975896883623333, 3.885665083229737, 2.6309966807478204, -1.2747455989381253, 3.6633428500958978, -2.9461551030098927, 4.5959383587389, -2.2989243701203286, -1.2629846074112945, -3.274925419949546, 0.5622848249055996, -0.1640453588507792, -0.3490142571699369, 0.8427479749472139, 0.6501493118401765, 0.797740845677776, -0.09869061459741488, -0.6603962409138617, 1.185712753402993, 1.387096741678801, -0.050325914448156844, -2.9859086918235516, -0.16134979823130863, 2.9029170626510097, -3.1816558432898496, 0.5998922394203852, 4.196479623942693, 3.30050979720248, 1.0793955815737486, 0.5686621972773168, -2.671210208495626, 3.0524531842192895, -0.23937072729074835, 0.5612017448825194, -1.0075497622705272, 1.071169139396769, 2.9283822023848907, 4.252734248063868, 0.1332897484890372, -0.2695618929189376, 3.0651219616147927, -0.5743796385375756, -2.019522623763183, -1.6058478084223733, -2.749692136470594, -1.4591769389519105, -2.132197408114738, -2.245805668219179, -3.1898576435618327, 3.2220066779795506, -2.825149478661324, -3.0990867681250607, 2.1298953608846105, -2.4904048775075336, 1.648647938932919, 1.9649898863232445, -1.7583756432712065, 0.3581200743456263, 2.988318361472903, 1.0656815168737197, -0.666334204651036, 1.2837577832519012, 0.08775940338522357]",1.0212765957446808
4,"[3.455256116474119, 3.9843971534898084, 3.8640545516550127, 2.914748402923003, -1.078193213280092, 3.6618261054756576, -3.0383816829006838, 4.544638606411546, -2.6497127428913245, -1.170736505959627, -3.1296491225542837, 0.4198735330508871, -0.2771983984534186, -0.0034610083695649496, 0.5763506773021223, 0.5345567640478874, 0.7615908329986152, -0.005565123971578545, -0.591625696073754, 1.115301175126936, 1.4182190463417317, 0.027745709419714853, -2.846492993498216, -0.01812488163500431, 2.6970762192757505, -3.28188024312218, 0.5986956182764723, 4.198019356481239, 3.3974369945864176, 1.2496521884990943, 0.638341420538762, -2.8203756091608674, 2.943649823433565, -0.13418901071128653, 0.7154719352087683, -0.5277365288761121, 1.3748606974653954, 2.9047626470733814, 4.335104882922638, -0.07305627125122144, -0.4926156504120235, 3.172953068964936, -0.5464919265254055, -1.8265574965736726, -1.6186303287621104, -2.7223812932394216, -1.6513732647280575, -2.295210334339167, -2.001392084467002, -2.8056778498979273, 3.437395117858451, -2.7974885082656105, -3.2462891855146836, 2.280878514436454, -2.4781605904627764, 1.3315612185178831, 2.1963194052418418, -1.4472135601795006, 0.2868187302837109, 3.0069317341685875, 0.8876890887523189, -1.0374216998565475, 1.0240685415328312, -0.03491784864267265]",1.0212765957446808
4,"[2.873788769535338, 1.8672263228779231, 3.2779745378349423, 4.321487101508347, -0.7221749207776851, 1.8972749324960212, -0.2800691255105532, 0.3650708929253116, -3.788835726671435, -1.3655127872915533, -2.2329238670639304, 1.8829229499346398, -3.2666017052673015, 3.073421190556039, -2.0434042482256274, -0.35739799373399284, 2.279859376071209, 1.7510015148291025, -0.8177163063677145, 0.519380754114593, 3.3097436048957647, 1.0740098274780365, -1.8012081035111103, -3.6433920669628312, 1.2794622636981396, -2.340468318322454, 1.1236559409956917, 2.5778862636853406, 1.9864239170892048, 3.5694015889023705, 2.229761631727367, -2.3723671985270016, 3.4750123031643882, -0.7258610082914841, 1.702364690433416, 1.3197238139589271, 3.392768221459708, 2.926512823725922, 4.191644333052332, 2.4142738455457984, -2.8638512403571204, 1.3713128096478038, -1.3886519900674381, 1.0212640442015828, 0.3514386324310875, -0.8127862848940968, -2.290995299135497, -2.393114586010314, -0.05352196821842181, -3.5888802322983677, 3.4158227852019425, -2.0064081496751656, -1.7031557150833132, 3.2005159943604897, -1.6182441432704495, 1.6936022420153585, 1.9587179922655111, -3.0727827703617807, 0.8874849090100323, 2.158190523555393, 2.819482576606138, -1.210248754793926, -0.11770724727798076, -0.3659284404713241]",1.0210526315789474
4,"[3.7187826550353815, 2.8037809665377527, 2.889991284912855, 2.685602377130848, -2.4056821141324134, 2.847986217889072, -1.5254048016895663, 3.5439844480762233, -1.6647711200871667, -0.2902036095011866, -3.216631412812884, 0.14841873059244048, -0.5358322514399247, -1.0119276798897001, 1.6405734932536553, -0.10649576310399239, 1.6424880933284396, 0.7664958343516829, -3.3269150994437497, -0.3929618629375736, -0.6088277647437657, -1.773188528828245, -2.576562953398769, -0.44785330963512837, 3.746483834876803, -3.888623342195034, 1.3986447784363434, 3.0705839312321226, 3.5367899069637496, 1.8279259749831929, 0.05808012874108093, -0.9787784615056913, 2.312189318203431, 2.3280223976172723, 0.4305921899057099, 0.34093135378241135, 3.4545526285693495, 2.930343512332958, 2.6327507339668603, -1.2528653659455562, 1.3797556828086721, 2.360613495223978, 1.0303530174903175, -0.09093600483381148, 0.4612480212177611, -3.242231933188172, -1.6670681539562946, -2.1247439448003957, -2.4394274961657687, -2.4356318252859577, 1.8610212074706056, -2.497186755515678, -2.6965734949274305, 3.655822732391109, -2.338829459466652, -0.8162532960987665, -0.10689668746388259, -0.9566109826703647, -2.18187672575729, 2.139012194076522, 2.426404804507278, -1.8684787175903512, 1.5380853631682452, -0.3529975864626794]",1.0210526315789474
4,"[2.856407541838961, 3.271585335211868, 2.1571517178982402, 0.05280201135185125, -1.240518999915397, 2.4421630074508593, -3.1826654817187636, 4.2567253700882866, -2.417428628996478, -1.5727399198215943, -2.943122456861925, 1.7855762048839683, 0.12376218709040432, -2.3488325017853153, -0.13626579966195385, -1.9031303889721194, 2.230073204013995, 0.8530754216977992, -1.194829362638003, 0.10481200461769574, 0.4488774353220215, -0.49531834212956766, -3.4353656454779156, -1.0238197286600832, 3.431090349652914, -3.5149304694135854, 1.0539492509390227, 4.037822639606941, 3.596794160737542, 0.036198755609209377, -0.7742438582156147, -1.400372378343905, 3.083490806091654, 0.9343776950059032, 1.3317186520210043, -1.3470337593918233, 2.2131895619925546, 2.878410771215428, 3.8212803540614897, 0.03617870325004391, -0.4150260379245867, 2.247060643205424, -2.253048666126738, -1.4329432869130392, 1.7841745439035066, -2.3715664109837444, -2.353109593684807, 0.27758480480979997, -0.9558404881970632, -3.1259067331566044, 2.9059994582630595, -3.9216970786103915, -3.6212128210689563, 2.862489856870021, -2.6069032157418612, 3.479732101104262, 2.2601922398049266, -1.5844562553855037, 0.3148008969245222, 1.41755178482864, 1.8142980969117457, 0.044137511304622734, 0.5402208474724494, -1.0718699967780498]",1.0210526315789474
4,"[2.228290728620305, 2.4918965163100215, 3.810681654407446, 2.25354048275034, -2.2291229751490924, 4.133473758117185, -3.549389887951765, 3.680144943265473, -2.669713350538118, -0.27507939571024465, -3.4613558278552015, 0.9689550733683253, -0.07812270365300611, -0.46140862985462233, 1.3578052106729006, 1.59520347024783, 2.2926513633510637, -0.24878917027406766, -2.8537207370526243, 2.2254640686056737, 0.14215693028543797, -2.356714514363223, -1.383383745278198, -0.2098582153672911, 2.5216631758508536, -3.7126483484845454, 1.0388517826875754, 3.9408853028310715, 2.8099687192479124, -0.14249145986624812, 0.13043810760934682, -2.258609966021405, 1.2831656476204887, 1.0562697987884644, 0.9095235931891144, -0.9464493948239464, -0.04826559839575095, 2.3518069596946405, 3.5729030579488015, -0.9068647049248322, -0.2892378005663163, 2.5771992661209855, 0.6267514675527547, -2.967775297829831, 0.4126451788665092, -2.831881986349619, 0.25570207705293924, -0.285317217920775, -0.33093859396617464, -3.4837182020247797, 2.471279611624412, -0.47182462021910876, -3.392069123464541, 4.2284880723144775, -1.1966803618380217, 1.3939848809759021, 1.6952300564974503, -0.32883993296931413, -0.129213870984895, 2.807094871794834, 1.1746742802846464, -1.9086250268148732, 2.695210759755343, 0.857647999091712]",1.0210526315789474
4,"[3.900290115795361, 2.2224162093297197, 3.8056198470410574, -0.320043834996778, -0.37688762543307497, 1.062808752053198, -2.1404196883482918, 4.028009721486706, -3.3025978593053735, -3.185402731517496, -3.4168001795781735, 1.6654385137425116, -0.8500934856348439, -1.51100005755916, -0.053671981212262354, -0.2704100919631398, 2.0403587051800325, 1.9438881021161696, -1.3660369415462341, -0.2702135169909074, 1.8264125642298215, -1.492630440082243, -3.2210419922559037, 1.3096767464379713, 3.2245481919802406, -3.9399964926896827, 1.0993404888450538, 3.5865661949747545, 2.812465580004271, 0.5092635440640613, 1.9286421421883118, -0.043182880679249136, 3.571917512761848, -0.6005643765081486, 0.22841935063300045, -0.7692725880209704, 0.2756378607817649, 2.2883506452196047, 2.802798781084456, -0.12313446148386553, 1.077112106549698, 1.3940276190767031, 0.30490504152626546, -0.9704383877130036, -0.9916115359241648, -3.2043678575091237, -1.4525025767375717, 0.5107148178746246, -3.717056844121144, -3.6058131602069885, 3.32342077024842, -0.7581929858684537, -3.2104176745798725, 3.2355305514986794, -2.6140232948808255, 2.6058094304913584, 3.131515140762567, -1.8655542467767035, -2.1750010391465544, 3.4379221983288035, 1.6069889391763525, -2.2051539466147125, 0.6132463458362198, 0.3146876515534409]",1.0210526315789474
4,"[3.3726126300711603, 2.3121771730491316, 2.362877526274683, 2.8284194271203185, -2.2184653688831046, 4.054400106358794, -3.0794378641593116, 4.155028855226457, -3.0723052455606967, -1.5199969401611717, -1.9712867360000397, 0.4873435880571769, -1.420785208876095, 0.20401952756667285, 0.7509015512984374, 0.3016765040854513, 2.2592448731777277, 2.263329890430149, -1.7426801630780833, 0.08282800465902473, 0.7263040463841041, -0.43643779544114153, -2.20522529333645, -0.6266180826322658, 3.2124170767384115, -3.610105911414771, 1.0550453997779323, 3.5288578812248477, 3.5797898977071747, 0.42537248657757676, 0.9838470597632898, -1.1804183926643452, 2.768649708810041, 0.22570914098335165, -0.6898522757163121, -0.722968591226623, 0.937777909526295, 2.945078281288579, 4.427208239054965, -1.0581886955189694, 0.3695434188932718, 2.2641689983904945, 0.2467007336161612, -1.518505931985669, -0.5978808504520479, -3.0194082679596166, -1.9054256729356562, -1.315037622376366, -0.2298883364036266, -1.9993001227285356, 3.567784884688447, -2.0083207093014357, -3.155405768311117, 3.1718087945091016, -2.698045610630932, 1.5414209197159185, 2.7038039432470753, -1.6300077683966212, -2.0224519060211588, 3.809396566172104, 2.4444868933670554, -1.411655742107163, 1.754420793264552, 1.398645785711217]",1.0210526315789474
4,"[3.9718615907120123, 2.0705512729789857, 3.050222120815006, 3.282652410944301, -0.6059019753986956, 3.5823123919197264, -3.877132529822432, 4.386616547102343, -0.7606262702494104, -2.505758422288679, -1.638270729530986, 1.0660327070654108, -2.3927021777637894, -1.4322020575521262, 0.689284666413836, 1.4656235015345955, 1.8438072127357563, 0.8743078063229133, -1.8876783711773464, -0.28445160956610094, 1.7108037526506372, -0.17336120383289677, -3.47829121946729, -0.9483012780381604, 3.061907190723873, -3.5113134330489806, 1.454048265312916, 2.0038356844798226, 2.1851276508564625, 2.4139469914448366, 0.5920075415093711, -1.1166420700743283, 3.3399489305862, 1.5919353210427842, -0.31100755018200466, -1.8331193586129566, 3.081295394467194, 1.7994036649891254, 2.5949903691658927, 1.3099686615331247, 0.9803107172117966, 3.11116580835484, -0.12988832224778363, -0.6977491142664686, -0.3275899033502141, -3.423953204858628, -1.8919397490085434, -2.2913044521229726, -1.4558153026391645, -2.6998795687281074, 3.510850165738606, -2.63733376714454, -3.709470969991967, 4.270051729106443, -2.710603529601242, 1.7591478299715275, 1.9478106601297176, -1.8486545156209706, -2.3011692295030723, 3.5305780352644023, 0.6303902380970582, 0.03414805122340714, 1.6455032985873967, 1.0084684349569195]",1.0210526315789474
4,"[3.5286507665514195, 3.770735398679921, 3.8555762222615666, 1.8659080457997286, -0.913848685448119, 3.2841959816351185, -3.874022948086531, 3.1419215046506164, -1.6275377944593372, -0.741878829682631, -2.30057165126722, 1.6430998674178547, 0.279952676954105, -1.4737095175480774, 2.107849227258511, -0.6238304546920215, 1.668053689453135, 2.4752984438066292, -1.7117480486417396, -0.05150568017896362, 0.3433862878885192, -1.3293097158411329, -1.7375350561654639, -1.455270812861633, 2.1021952939455155, -3.6188587301749986, 1.4636639982617032, 3.691046091862538, 3.1837308123747725, 0.7319887608660494, 1.882267978565477, -1.4433342632397412, 3.734070729466085, 0.3739187258825478, 0.5837586983007834, -0.4941439601514897, 1.1835312231811674, 2.945472713689111, 2.6411831394089242, -1.7786617986295212, 0.4813428439096184, 3.153676411238085, -0.4365432431962054, -2.1715005016325875, 1.0827891577659217, -1.5037388867158095, -0.9555282465238489, -2.468677688283215, -2.4287671055351017, -3.146983816317692, 2.3254948307884753, -3.2433068341907982, -2.7230050233378416, 3.0057039463493225, -2.461507596887382, 1.4947128115408364, 2.0085321678092574, -0.055384437590197955, -0.23670352308237164, 3.752415426722992, 1.0700131858471802, -1.8085279187977974, 1.7595823350619688, -0.3158703731822585]",1.0210526315789474
4,"[2.6945898489598914, 3.7540509338336605, 3.7995422184019865, 3.3424125067679444, -1.2450679447965758, 3.2589355553763757, -3.2186650895603552, 4.55908985689417, -3.3211736679641337, -1.53647564700377, -2.017850056032616, -0.4695638834178901, -1.8626079999594076, 0.4286668464186362, 1.1954928514029242, 1.447360653314092, 1.9597506602269972, 0.4340636888868543, -0.40282536761571497, 0.3464695546451717, 1.2094932228234778, -1.5155250219729477, -0.7592953225128765, -1.4292943291999176, 3.5273946877977007, -3.675786505550742, 1.2154263951550197, 3.412528607873497, 3.3115249736850494, 0.8450617732545287, 0.7193490253267512, -2.760570848765182, 3.003703626994747, -0.695095575294733, 0.09685384487598048, -0.21253059185894219, 1.412220094747748, 2.3169946355222444, 4.431059400623551, -0.053065529384759946, 0.6800990848063577, 2.2575426482961984, -0.5693977699238278, -1.2875560490635394, -0.12202568321716442, -1.7787797154719605, -2.138686278963277, -0.24380391114468436, -1.4731711168285484, -1.6475604916101396, 2.88364290304981, -1.412039406481242, -3.209280754425316, 3.0818020149791585, -1.897245644700463, 2.15749754314753, 3.5863645164957916, -1.6517501817339775, -1.514372132064066, 2.5446831016860023, 1.4393173390293792, -0.2826767765100364, 0.028779016233807075, -0.10777459517150056]",1.0210526315789474
4,"[3.829598597161963, 2.522604805102373, 3.3453256588133464, 1.5752305255401722, -1.093119374117721, 4.0788662182514575, -3.474960903964938, 4.6354328107848115, -0.2895343856492032, -1.2806304596413816, -3.2322379879592633, -0.18344714794434291, -0.41688249385691695, 0.7558254578986834, 2.943129310405375, -0.623776042175151, 2.0337407701498815, 1.4064626413260137, -1.1703222507231072, 0.3947791901159557, 1.2371725081689489, -0.8094930957726059, -2.4303402309910154, -0.7098410661806388, 2.7466341408308894, -3.857640721445677, 1.1880914906283704, 3.214600245205382, 2.555049565930428, 0.16290620203832218, -0.07128449930645298, -1.5633904868237722, 3.6955995140538085, 0.4349549920644443, 0.10582218502340557, -0.6828516003150966, 3.404089246948144, 2.9224401280938617, 2.663517194547725, -0.620981210527741, 1.4301745496386427, 1.5637619674238485, -0.6706718292173653, -1.811378817851953, 0.6199844753123537, -1.038420164848079, -0.5180259520022508, -2.282982605641199, -2.3572099490795297, -3.667615506073852, 3.5637597111588915, -2.7488450091721086, -3.541510059266454, 2.6167017081345083, -1.511289813998422, 2.045909443357953, 1.7467275755690261, -1.172039735980756, -0.8684682082698383, 2.333317118493129, 2.230082929239879, -1.4529317875229573, 1.5440228100948936, 1.491499783971256]",1.0210526315789474
4,"[4.124725025393701, 2.9597455549230114, 2.6547513185786062, 2.739341123768598, -1.6109104627528916, 4.059843649093551, -3.751333583181511, 4.598349266049076, -1.6795965914632067, -2.2552517030095416, -2.274877491998016, 0.27670534155941456, -0.48540485560138946, -0.4541586409287852, 1.5891755948660857, -0.8783149397323952, 1.8186005125675986, 1.813158901317901, -2.494703438224045, 0.07722014137026117, 1.2064232670105568, -2.203845376994056, -3.4455984375042985, -0.18826965936444395, 2.7760723047688725, -3.926485285539877, 1.4526869641648885, 4.18717683629424, 3.4207562110253944, 0.47147950102625413, -0.04060095487255999, -1.9417119009349766, 3.247666154027803, -0.16806953825377519, 1.355129232328845, 0.08830832254107712, 1.8487263355946029, 2.9398006063151016, 4.324633073181197, -0.9707005950501564, -0.6298818021343081, 2.4841025503689522, 1.7653466018558215, -2.2153512382036604, 0.9885073694294634, -1.7917839225292589, -1.1653804997511734, -0.10054724901598444, -1.5698699392803883, -3.6957355344400744, 3.567091312144781, -2.9608369312921963, -2.9328581286838986, 3.8816917439708574, -1.9688669820937381, 3.5250846831289353, 2.8845966859837655, -0.7525142801812752, -0.32257969438889733, 2.1640590957061607, 2.337810797770352, -1.5563453079201284, 0.87455924734222, -0.3402871957843828]",1.0210526315789474
5,"[-0.25239929268774297, 0.5503705340257614, 1.3830891153662341, 2.8819774830608806, -3.19674270466202, 2.7293325941074347, 1.1712392281391029, -3.9597700880052424, 0.8400668970887577, -2.3320779867522075, -2.6160002440724544, 0.1458642128387597, -3.7769817614591537, 3.3109086117393502, 2.9804596756177153, 2.4475218440542355, 0.6225443965219444, -3.8620994748571342, 2.456956170753102, 2.810773125403272, 2.8691231051232924, -2.5233001929467056, 0.7665864402302374, 1.1560388865709859, 3.0905194636533277, -3.3742835056316163, 0.027255342151313283, 2.6562679958978546, 1.1365186341818234, -3.0186618208055807, -1.3717726634621572, 2.124472514930586, -1.8889870311132153, 4.324504169366017, 2.656423749514519, -3.0237025894617156, 0.6156617931493045, 1.441669071330484, -2.9066056127882596, 3.0210390206609796, -4.031628672536322, 0.4792009614357394, -0.36212786321958473, 0.42083269167674664, 3.0365337307528795, 1.1466604671394118, 0.38467316787964695, -3.647588112077337, 2.3916522721867044, -3.0124211597686807, 1.1749278609956941, -1.9007026182587932, -0.6778055466498609, 0.7116172634947076, 0.3008080411180587, -0.35690474352458024, -2.2914688621090376, 0.36511329346515997, -2.775025560043793, -0.7908564071882319, -2.3221309829630226, -0.2806082229072785, 0.6374434917865377, -1.8964874268800804]",1.032258064516129
5,"[-0.5058540252883814, 0.2149252618887696, 2.072110669187841, 3.42559893475478, -3.5787402689337156, 3.0398774219951656, 1.3186870781299036, -2.8275245610512165, -0.12752549528897883, -1.963038192380933, -3.8171286442280685, -1.244121544252645, -3.978207622711691, 1.2309304819564286, 3.311342781678516, 0.9296933271282749, 0.4512897167063067, -2.7695868488086823, 2.360500849999868, 2.9363383924301156, 0.7195923914446788, -0.822308471195369, 2.7122621351421032, -1.3036487525882352, 3.0207869494144823, -3.5820433842723993, -0.030293910053352274, 1.1091838767410243, 0.34192900229022427, -0.6277754757866953, -1.4320342018995973, 4.225846070902761, -2.9027200733253564, 3.1155731684091976, 2.6159941919819376, -2.0770500743626075, -1.1020860832108883, 0.9514023079126899, -2.95217810487427, 4.304068098089545, -2.91309020129924, 0.5013057185902048, -0.7514588735905348, 0.41053627812124927, 4.103104432214819, 3.026469061987121, 0.4272514993607045, -2.9861480893604826, 1.6846077351419133, -3.139780262569606, -1.2782187181261428, -0.6068357697970225, 0.02569459259997453, 1.8804391319068914, -0.9294675494971594, 0.25497761561799287, -1.962360778041866, 1.6902734204063892, -2.7353380188832945, 0.33329756405122024, -1.8388410091653533, -0.3275524695015204, 0.0021227968868341995, -1.4136033135698096]",1.032258064516129
5,"[-0.08361039695338146, 1.4047004300725574, 1.9035988016473457, 2.6164540780803245, -3.340625153504451, 3.549319100226371, 1.9995864786148245, -4.32915240882866, 1.6977163367667818, -2.1637920975778595, -4.046707491894756, -0.011983685002950356, -3.7746883204088695, 1.1423292019645435, 3.8163064001464915, 0.932332530923616, 0.5882746133430918, -2.887945192750423, 1.0783810431362064, 3.201431268279431, 0.7908850961677891, -2.6200286680306424, 2.3375897349103254, 0.5314962484876578, 3.132966313877365, -2.4227741558540625, 0.04794288767430399, 3.4632340246376416, 0.45854125438775306, -2.7625598768544206, 0.07229007022759115, 4.2319741237385395, -2.9321961347748107, 3.348547876537714, 2.432832824783254, -2.0453533547838973, -1.09205582740855, 0.49497949799299823, -2.934780876205158, 2.3779002299060013, -3.7013950496353343, 0.44963948450114377, -0.9461049793033165, 0.21675181327871834, 3.9439671861718013, 1.7386981303966431, 1.2823969340860542, -3.6328117503587487, 2.6212073344919955, -3.2148380235751097, -1.8015948328083367, -1.4831185730038627, 0.6511618055140367, 1.285099221246343, -0.4105287424937981, 0.21739408027714957, -1.2237719881048759, 1.4243230130842406, -0.9548594169874517, 0.3393383830012341, -1.9391043232275695, -0.92732661185586, 0.7571403701765084, -2.212315579209683]",1.032258064516129
5,"[-2.5131807421890224, 1.0881490666662945, 2.2427395638562357, 2.978210395728933, -3.4465510648111204, 3.17957764223293, 1.8036349936227314, -3.448903644237073, 2.076510289667899, -2.413930194516886, -2.680048261850799, -0.3867026614412024, -4.0859549277765215, 2.1378646180455636, 2.6037773339714647, 1.3995051855105387, 0.45214377221520163, -0.39445261644717355, 0.005411869011774373, 2.9819460062658387, 0.8180128677163089, -2.2174879306998396, 2.9079830149183272, 0.4165234823751842, 1.8361536178926614, -3.9367937345147515, 0.025831238573616466, 2.421225073053304, 0.8947920622191353, -0.9343421684870309, -0.9236526970644455, 4.149408538607176, -2.692364761246918, 3.8371301272847513, 2.1288939132897955, -0.9506130677280791, -1.006794176603911, 1.105991543732513, -2.35801744577243, 4.262306634716013, -3.871062039012854, 0.9951223780562712, -0.6361867226955022, -0.14531237190018886, 3.7888111243088627, 3.0297601535110856, 0.4601005746051312, -3.209139947853078, 2.0387855270296282, -3.527652651635085, -1.1357256808033855, -2.1279923753450296, 0.7112413971663243, 0.7496631609185577, -0.6073279210494924, 0.7091048005025616, -1.9082672026066394, 1.0698310848870531, -1.5617008493995375, 0.02548665680847082, -3.650683053796807, -0.965269525904261, 0.9890921402140338, -1.423528843783071]",1.03125
5,"[-0.8856808307283981, 0.9825546764041209, 1.272649672317369, 4.261829027824887, -2.556369895219776, 4.10889302116736, 2.8133135684678123, -5.0478849218561885, 1.1187454998610262, -2.2156674052840404, -3.683231265973773, -0.8045348777342045, -4.128508902882198, 1.168251978538011, 2.9431658931624924, 0.5327062778106634, 0.4982028027687576, -2.5906111676323293, 1.6563477512881994, 3.227251911306569, 1.7285065448244672, -3.267438812506575, 1.8319623006514751, 1.4536457724592173, 1.7542578818857908, -2.851487592091516, -0.027005125021030085, 3.071127023314224, 0.09530933955190363, -1.7891866747854046, -0.885889662988897, 3.356243013455816, -3.3022720002645065, 3.198137321315906, 2.6367474840577354, -2.651585861004557, -0.6599486171565809, 0.6290711615843747, -2.2269024219898674, 3.730166720293506, -3.8669603392181173, 0.657222411554222, -0.4153798582487608, 0.42615980216539845, 3.8263335790358624, 3.0163876116902353, 0.47459840754662397, -3.1755451714930385, 2.4547138255956917, -2.226937365673577, -1.400403839067942, -1.4095849511943905, 0.20316981183472396, 1.0719848129362544, -0.2873896187083932, 0.9724140143516935, -2.0186677910537023, 1.8275107193492834, -1.41821624744666, 0.6976866365817006, -1.8685021067277299, -0.7688398484181419, 1.1436550359231215, -1.625416442097908]",1.03125
5,"[-2.018917978416215, 1.1152889169691118, 2.5116058651348805, 2.647471193200285, -3.510697107973382, 2.4815366803013084, 1.5220284919124145, -3.473737826915192, 0.8955306211453423, -2.3204680709936394, -2.5785307795179215, 0.06010618053520446, -3.912240177783393, 1.570780237743838, 3.1142401378280535, 1.222634171933389, 0.4444390831642665, -2.948990005955196, 1.7106538034068162, 2.9178210385178307, 1.0235671033658598, -2.135314915655406, 1.7119131756920858, 0.8617360605056187, 3.0282723488903995, -2.255389089028281, -0.03592744745856813, 1.9479816227537494, 0.05581323019755635, -2.1130251374551454, -0.36668681451415097, 4.155333984117386, -2.441809295865856, 3.448993153377991, 2.4234996685308543, -3.1410735159194636, -1.405413117016816, 1.0608653332818305, -1.8388184560455385, 3.8417351102542674, -3.9547346364226557, -0.1780290796486554, -0.24202213178689394, -0.32194820630798804, 2.9725049672640207, 3.050552226364772, 1.1248402894071057, -3.0722980905931703, 2.6252305246714385, -3.157243210442891, -0.5088845592915294, -1.698253827349081, 0.7474841527728848, 0.6418667994696452, 1.0157828471491572, -0.057126635386162916, -1.2654852700809076, 2.3435551605498732, -0.25065925274765866, 0.9161462515222765, -3.190382307551944, -0.5299443410111505, 0.06970899704437705, -2.7383664918862536]",1.03125
5,"[1.2439042490436374, 1.656553638755769, 0.9938392825181336, 4.143098251817513, -2.7189547640001246, 3.5739756829597766, 3.088290114745876, -3.533434146544989, 1.897776082981697, -1.7978896983460417, -3.3764192171937872, -1.1369542003827755, -2.1354501347542794, 1.3297073162501798, 3.143326387385708, 2.2939266895682975, 0.5723121008381968, -3.9362995210006764, 1.7595535140665877, 3.1101207874451027, 1.052635270343253, -1.8128671061422021, 1.9203027985483414, 0.6563626630810763, 2.598825957101319, -3.7270339604090195, 0.044287856672868914, 1.9713103385599402, 1.1651798868532839, -1.5981609785371156, -1.5912353413694627, 2.638117876216237, -2.33760530880649, 2.692215675026041, 2.312887722789601, -3.399121403144796, -0.9454925638046421, 1.3677584427073743, -2.407376554541424, 3.232388809654858, -4.218326757726548, -0.6557521179941187, -0.8339284836833271, 2.1508416358660263, 2.845331358325022, 2.960529319137721, -1.3924048030530707, -3.6094157563285343, 2.059115081303836, -3.3046545558894476, -0.248454953980495, -1.4713123293348236, -0.19275855252146756, 1.1614147161676303, 1.0026583340635722, -0.17985920540967842, -2.1697681316637882, 2.271820593653157, -3.2138999785961637, 1.1076582461537203, -1.4591070728074538, 0.8046322442964153, -0.10189435896199983, -1.7515082772334303]",1.0294117647058822
5,"[0.06982915648627186, 1.5512755115616073, 1.8483661787537764, 4.295098629505967, -3.581108474137712, 1.4849274810721504, 2.5737397406395317, -5.055703608061344, 2.712592005855721, -1.5829477981749847, -3.1240678524412804, -0.8824507367174683, -4.126194642900376, 1.6650351432432362, 1.1792364438882257, 2.058891575277009, 0.4856376927265975, -3.1488428473288845, 1.9933655252531342, 3.248824428631085, 1.4921727684094859, -2.935239161365451, 2.468334361495441, -0.8080085781153377, 2.3948501807322105, -2.2307906347431667, 0.049643191104877915, 2.7595664685860357, -0.12048356274617095, -1.0144161607603412, -1.4654051157876138, 3.0812115434337515, -2.249540212580004, 2.2120477982615663, 2.2069361745926352, -2.833511953898209, -1.7604652784064871, -0.06381595414891561, -2.546206884771486, 3.5752852101853887, -3.8696663604006423, 1.1934711942331098, -0.8083370464819906, 1.1283170651438175, 3.980150046039592, 2.941204757256966, 1.048926556215208, -3.219073370249755, 2.5649609754365756, -2.8804375423655153, 1.0976387920893376, -0.38005414707295104, -0.19472478797323073, 0.9612522509016733, -0.8339270748474072, -0.9759576786481582, -1.3469698270726203, 1.693257730788561, -1.6027878374000337, 0.32519179993514286, -1.54668210360391, 0.2971984805687462, 0.6394231245230098, -2.482779191009023]",1.0277777777777777
5,"[-2.1613436780599486, 2.28038632550724, 1.369461160386705, 3.8930595537743375, -2.6725999110163787, 2.9140313929165367, 2.1688968803958897, -4.475706605606371, 1.9656918167398403, -2.836330676775035, -3.568583789458917, -1.833636033741333, -4.032267127650456, 1.6724534926780668, 2.7282373581480246, 1.4263205855836292, 0.4088917926865504, -2.8784839129854216, 0.3697640007940598, 3.2442876035494326, 0.7669653158388723, -3.145770512805252, 2.3065117682054854, -1.071888032847395, 2.5932845681428556, -3.895036915212297, -0.07343932094685218, 2.5650333596329085, -0.5950083221556177, -0.7989749893353657, 1.0816962145680526, 3.3807132376435267, -2.948560215456845, 4.368366390671508, 1.8752585023066022, -2.8710562879691035, -0.1322533371282274, -0.5105620683445348, -2.4435890193739835, 4.278920432034953, -4.2619160418133, 0.6248119620301722, -0.09158536206529122, 0.4964911138996685, 3.7887516624148425, 3.0435206440824296, -0.4108012283795268, -2.843629961998891, 2.1838628752605187, -2.984564910469661, -1.4591524847597899, -0.7031763541455609, 0.2074770080344179, 2.6041825996981993, 0.7947895787723906, 0.06660794132531422, -2.629303336895993, 1.251253691077911, -0.18463612774370608, -0.5652222811647606, -2.5609621665788045, 0.5152533259542971, 1.136691998089433, -0.9394880422423333]",1.0277777777777777
5,"[0.22497332873942422, 0.8716158593473806, 1.2381079730738143, 3.163698272677733, -3.580234302627494, 3.1854894682258297, 1.7682897760479255, -4.898257118411017, 1.0612545858175175, -0.7249085339535548, -2.769011004298571, -0.3746830464071384, -4.100340493810926, 1.8141467759966357, 3.5453740781530603, 0.879569269877553, 0.3425259840410333, -3.782366982709427, 1.6137275073738597, 3.2701880927745113, 0.7398660236855343, -2.5695738692028898, 0.8622059221063425, 1.1540563885261805, 2.3733497185010135, -2.9626152301562496, -0.031486749791970206, 3.4302547530193555, 1.490477434157731, -1.964903900906347, -0.6834277459980227, 4.097551377277572, -2.8511717022927336, 3.4029825474578406, 3.6235331774019626, -1.922095508716029, -1.4379121645084512, 0.2086594176626182, -1.3950531977960219, 2.942445499950378, -3.1028558813773346, 0.5641405761935256, 0.2889631102535378, -0.6967974292895502, 4.139803523907864, 2.413633631397162, 0.7540762630955414, -3.250494378040602, 0.9621763887773934, -2.8883423269880604, -1.2100896046068461, -2.0255662502220684, 0.31809986725255796, 1.8929164366434725, -0.6703559937452568, -0.29911481441564947, -0.7480937506344939, 2.1579759026737406, -1.7268512389170558, -0.1905774440775081, -1.6943544292779595, -0.8334909456206938, 0.7190419120419268, -2.3205009074797087]",1.0277777777777777
5,"[-1.379596795636054, 0.9010712361896799, 0.8642032446786939, 2.8926694576770897, -3.180594182009375, 3.4948420845456845, 2.0296294586830133, -4.9226265972119885, 0.8646722801347457, -0.4455628467284152, -3.554708953872465, 0.6485901640517159, -3.8810203894428814, 2.3333234792524418, 3.787361649478618, 1.5683406551275834, 0.36495507029092, -0.9676471304870842, 0.4302129268620922, 3.0394797746913857, 1.3186124142520268, -1.349812523007624, 1.8903452719324474, 1.4987419867016147, 2.300308486935403, -3.936670249832286, 0.003784014445969708, 1.4231869211098136, -0.7791468924224734, -0.2703748283889289, -0.3330701704021921, 3.002810761453175, -2.3771840930113983, 3.7712400844035003, 1.5518097394276709, -1.4901874866557079, -2.0275824948289243, 0.7844126905515841, -2.5181510597194374, 2.4352333578745298, -2.5694012678329248, 0.42269749640042864, -0.2649309992990241, -0.14851934072965556, 3.8213050194048, 1.4641307660965475, -0.21670440812577826, -3.1056136556401466, 2.063817237626121, -3.405109868957206, -1.062224514794698, -0.9585124111660225, -0.7154945410800616, 1.0483041504821797, -0.9687725704337287, 0.5150777185214176, -1.895793832954446, 2.628695626979772, -0.8341206163758794, 0.24254409494502074, -2.9301785865392613, -0.07472411941728675, 0.4011178983247128, -1.6272383463429057]",1.0277777777777777
5,"[-2.680032573925519, 1.1251097997431982, 2.0195690365399037, 3.6550316684375384, -3.512519762739195, 4.116005632848932, 0.6243932750035225, -2.7604146892855965, 1.1566708917056006, -2.431036479004898, -3.2988668921560484, 0.053154946016096466, -4.099629832427688, 0.9601236093516219, 3.239991114474414, 0.7108107240850466, 0.5019809903254515, -2.4985295053922263, 2.1949020750053805, 2.2872630918717096, 0.6918206490689539, -0.844197195844423, 2.135343495815838, -0.013370173630569193, 2.350881519833836, -3.951831213938998, 0.013535086365651705, 2.808334155481766, 1.4688555534236727, -1.3981739609492263, -1.4094089906935539, 4.228469178957395, -2.700636679130413, 3.647820910239639, 1.4853025836389577, -1.5811184930289848, -1.2024749208784418, 0.4035383457640419, -2.9667725504698934, 4.322580884828071, -3.8879383215797474, 1.390421254138133, -0.6303393465070642, 1.9452406372574753, 3.752094856178147, 2.823930074977051, -0.7733829682527582, -3.0837148894791833, 2.2346904401559895, -2.9981908543407383, -0.8820963487730541, -2.376559992028233, 0.07166697625376409, 1.0935103115134996, -0.9732051615372355, -0.14896716375533958, 0.0880629147975931, 0.7290449563420084, -2.6008356650490545, 0.6125233417517165, -2.587438306032295, -0.05714723446043729, 1.8202516175228174, -1.854936622413385]",1.0277777777777777
5,"[-1.1864225257911776, 1.6880358461241642, 1.5140946579377277, 2.7807735033584366, -3.532810456034841, 2.527879234404538, 2.1003969871855412, -4.698623556873957, 1.3026219040025575, -2.8631170870121427, -3.13573379982059, -0.06994482381888954, -3.9966953458017884, 1.4031561414682816, 3.639581003604724, 1.4722875423127548, 0.27290668025847453, -1.0656418523619957, 1.46730816503643, 3.38815777790386, 0.17272929655308888, -3.0282836251926692, 2.1315535070384577, 1.2178902832744938, 3.7259302821361233, -3.3284976327911866, -0.028409459194425002, 2.0840199871666027, 0.577795470775494, -2.471270768058396, -1.8693077883905023, 4.063497386149126, -3.4108257695849327, 3.1191779491163705, 0.7954816171281494, -2.3915579375264864, -1.852222942413925, 1.541827036508543, -2.925103151242802, 2.745369138574751, -4.074283206453556, 1.1661887754487053, -0.6373145399980796, -0.8204225257246597, 3.897585345141317, 3.007002805358163, 0.6610601111802392, -3.292216866764106, 2.232179888456033, -1.9439480214110043, 0.6931188881636774, -1.1285928465855402, 1.4874481071689127, 1.2058309420321347, -1.0022995308774234, 0.3105231988775291, -1.725972618804478, 1.6655868668012632, -2.964513178227617, -1.3242635094953734, -3.329949838296204, -0.22930252790355926, 0.2809797889901789, -1.2773968193057526]",1.0277777777777777
5,"[-0.4804136524905332, 1.2255597656708983, 1.4743986057664797, 4.03245417741069, -3.4080026365462586, 3.2733346300018127, 0.9826253724216432, -4.672339245729494, 0.7906298823322653, -2.175530102343434, -4.247398160974873, 0.2659896031744392, -4.0545628594226395, 1.4209528878088276, 3.0021746301954106, 0.6081821129958636, 0.3373640465617138, -1.7154840303531738, 1.1610990489922763, 3.1448397677185174, 1.5891180384731693, -3.082277441669273, 2.317913538170461, 0.30054104212566146, 3.1901620431791557, -3.6725222885884397, 0.03928311699878739, 1.9747852709477003, -0.18307980394063916, -1.8564874037843742, -0.7859611077923793, 4.015170760067263, -3.1981631635977648, 3.9237229868173538, 1.6104212580391057, -2.553782390689157, -1.186622989480355, 1.2568664480295981, -2.7788978321942572, 2.1543092729262687, -4.174279204489412, -0.17256660824758596, -1.3699208056803716, 0.5887997543896786, 2.6333984905307766, 2.9788989205603964, -0.2789469201464836, -3.619084863217682, 2.6166713259868524, -3.726641095961668, 0.12319959825135973, -2.5405116516386075, 0.6974170013868505, 2.5945052477821964, 0.05633978061786071, 0.9367609996951364, -1.5470833276227938, 2.0463414023014015, -1.5111218310590244, -0.043045121161470884, -1.7558738668492615, -0.7630648619634182, 1.5381816646226258, -1.837714262873365]",1.0277777777777777
5,"[-1.0652649943721202, 0.7265104182039482, 1.9300855319075092, 3.5998989618796884, -3.3378835134095546, 4.136749013119572, 1.488997672891964, -4.2050068828536435, 0.13149649276033004, -1.942747203187207, -2.8528963446074487, -0.00011167853766180791, -3.5851295020166, 1.8126043676035652, 3.627378164040051, 1.5317616319110912, 0.338905297359242, -2.8262547873173416, 1.60004251448508, 3.3408922579409555, 1.3571943109118145, -2.174936289731213, 2.0392954175728635, 0.4328955980697686, 2.6726006577255133, -1.9062405005183565, -0.07112240455335722, 2.496716815976952, 0.8920528000000367, -2.037080686748098, -0.7410561190442528, 3.758392295276234, -2.196804204321335, 3.486920105187137, 2.199397251225131, -3.817780480918853, -0.21808924528443596, 1.0710468592756799, -1.8085898019844835, 3.8028337587077514, -3.8763436882935367, 0.6447613077740992, -1.3653035611378894, 0.3517210103297871, 3.584904919197005, 3.0342651305809496, -0.4291134506197736, -3.3732038380808187, 2.386071838733383, -3.064006748542219, -1.6848188974277978, -1.0292386672307, 0.9469446964970584, -0.5574575340677432, 1.050857033694799, -0.44705476001462024, -2.3378143270846823, 0.39478221600161567, -1.4475392287837154, -1.20865915821833, -2.662996322975932, -0.3237737810389054, 0.18850487336886368, -1.4908005357656702]",1.0277777777777777
5,"[-0.4631511322504189, 1.0913069834036258, 3.15916180224186, 2.905975414879934, -2.30595561023102, 2.7401657656723675, 0.9370325152494988, -4.743636553281765, 0.4819958351150855, -1.6692592866944964, -1.9392291912306394, 2.02008484833791, -3.509722472583502, 1.7758523019394659, 3.654028253029931, 0.4352367691208011, 1.886875956328772, -2.2608448198710365, 0.48744438209150687, 1.9245333009355334, 1.8324852659593722, -2.9880229795356774, 2.427728803574264, -0.5800783200391885, 2.9702162808608144, -3.0268489456434184, 1.4552534949453393, 0.6102155195211254, 0.17999511916316363, -0.720660747595637, 1.8041073066061806, 4.113403405825418, -1.7794420968765274, 4.385218590540004, 0.7232045653827648, -3.0465330717772865, 0.14482662318409334, 2.059359483833387, -2.7433066830604327, 3.798421985593175, -3.8757442592595632, 0.8627134437541559, -0.2182166668594282, 0.42159818228175694, 3.501137994658322, 2.6172635856585993, 0.11832233207396667, -3.619617184413228, 2.103592504144201, -2.217694412102328, -2.1797161087545875, -2.62746827185079, 0.9870243689790714, 1.3622796762984324, 0.9652956633913922, 0.2879266443099467, -1.8542089610486077, 1.4712212650383036, -3.1724390939217946, 1.6875891451581475, -3.7312637902542676, 0.8611694944962276, -0.10711114716906489, -1.4276518535963776]",1.0210526315789474
5,"[0.3077067115180312, 1.0849924726009303, 2.174678423675826, 1.662632770422558, -3.089094913746873, 2.9895434050019087, 2.7009197782386596, -4.302063263225768, 1.7881625420258294, -2.0388074179413387, -2.6295907185675143, -0.8400750817144218, -3.805318647393163, 0.8138060513621973, 3.8158825358729604, 2.455897043131583, 0.39182924207703473, -1.9227473589026463, 2.039333488446386, 0.7844606397999225, 1.5078373643889122, -2.830391554756014, 1.262827592198359, 0.11705567699944971, 2.339757033624907, -2.7434238442599397, -0.06960676747591352, 2.587281844595317, 2.0758821002187196, -0.8339162601281978, -1.3672548101297628, 3.4349455787120613, -3.129487490380055, 3.5851962497698504, 1.2933115881057025, -3.296688757391707, 0.0477210347656114, -0.08312126861384883, -2.2578778778435398, 3.521955037338008, -3.470413108266826, 0.302764930530403, -2.464384767307357, -1.1807384876096376, 3.0693566023497314, 2.1243732120855574, 0.6378886947214071, -3.284947215387886, 2.1995213759122083, -3.5117695132321285, -0.9419144067038465, -0.12079387922940743, 0.16990693545861102, 1.7735614865045761, 1.1685399012678261, -0.07742730877451043, 1.2346462847477009, 1.2403501910602084, 0.15016488257643434, -0.1747671489701269, -3.2651222059741176, 0.9756230864619466, 0.5117620932997355, -1.0866729919910854]",1.0158730158730158
5,"[-1.5065139595491575, 0.623681838585798, 1.6781730285716665, 3.2247644346602615, -2.9716248659837294, 1.9871895546380152, 0.8383040038046726, -4.247316080899924, 0.3498144796121391, -1.7250925049125623, -1.7493679158043614, -0.6720080345322066, -3.610296867071895, 1.4335639803691878, 3.599991842232659, 1.87421045734221, 0.5012971443322775, -1.9794554713450647, 2.774195758498884, 3.3167167356153535, -0.43161835406985993, -2.2159522946499064, 1.6826907140988958, 1.0539471236601146, 3.7437611637098223, -3.4394846515353734, 0.03333419987168379, 0.9446670018729661, 1.3242228860653582, -1.2107105913986438, 0.9475832976782486, 3.424036553447004, -3.4136096570377985, 3.409768676220105, 2.403538263067694, -1.9477374406056551, -1.5581261740200691, -0.2761788411174233, -2.7523456360051433, 4.003466312586042, -3.83012053570304, -0.15170798051458745, 0.3187187375071072, 0.1278566303438392, 3.2611506188063495, 2.8746946246712892, 1.35448120030832, -3.2709222866032244, 2.288911445539625, -3.4828362775812383, 0.9237384084232518, -1.7759138224243463, 0.22292769464915752, 1.4175121869623382, -0.035326372034245546, 2.0453519589739804, -1.3890690583585246, 2.6457148820587126, -0.9792696042251055, -0.41035333790096884, -2.944486495698887, 0.25138944692667653, 0.6701992874328022, -2.7439055499023817]",1.0149253731343284
5,"[-1.0501213565854086, 0.807924262587473, 0.5904390311765731, 0.8108141979494699, -3.5654846281198767, 3.109847482152995, 0.9928195343007428, -3.660153157549152, 0.5837265754640171, -1.7905360044813246, -3.1269695356235694, -0.2400101367136785, -3.8297053305376645, 0.33632372733292404, 3.25297988553296, 2.0207642492236273, 0.5107386061013571, -2.0057388511886995, 0.7803580711438888, 3.278446772788145, 0.8443280561390788, -2.611579248784366, 2.1450490105040028, 1.1506133730841894, 2.526216900410146, -3.376524677650684, 0.03227410954378601, 2.848522475747165, 0.864699960197216, -1.7675781451021833, -0.3426978541823327, 4.128741506549289, -3.3698092909433237, 3.2225126694403117, 2.440924232282949, -3.226089107977975, -1.0997913207861074, 0.5680661009856782, -2.9132132876656067, 1.9477210084416905, -3.9673491070280518, 0.412443057171167, -0.9907808109829839, 0.0974845362386581, 3.821186796717075, 3.049776661329011, -0.11630840298073375, -2.9479574682519756, 2.1842561804089042, -1.3335929410217706, -2.700906005786918, -1.8226028249860315, 0.21290768799698903, 0.6475016644561151, -1.1961612749227153, 0.49748097169764893, -0.9329313397354493, 2.6219291824555144, -1.7893561746705027, -0.01999602071356213, -1.8115822553424668, -0.20226476857714148, 0.6706260215177897, -1.5155553812999862]",1.0144927536231885
5,"[0.05520194274625423, 1.1968433267408476, 1.2726780680221528, 1.7603040231041374, -3.5819782459784166, 3.157297705741947, 1.5659933822094039, -4.4534246516410025, 0.5495600915380447, -1.0194935850864204, -3.6681555066893217, -0.687384481706351, -3.797298054747267, 2.7580631296833102, 2.6300166147064896, -0.13277582628069018, 0.6786432060471144, -1.765350515153984, 3.692188596448315, 1.8863168925734342, 2.1330320369691327, -1.5043205549923848, 1.4177151836340625, -0.5228964933521698, 1.3857004704689062, -1.593196011324556, 1.3810803221696544, 3.8196104565514393, -0.524103629047935, -1.1463545597013691, 1.4330229484378947, 4.1990595893911244, -3.2018340023352962, 2.833852066168937, 0.09372190784842371, -2.6396948346580396, -0.5456943330747732, -0.834470437779823, -2.3527485790690226, 4.314887610256132, -2.876781204639053, 0.20413925678131806, 0.3418527256336864, 0.27141164540510254, 3.8575687625397324, 2.69937867858875, 0.5441609328045433, -2.3501814230124465, 2.6239003763605147, -3.7039972564515136, -0.6641102225767999, -1.3314579010103493, 0.03368179409755867, 1.424397322815783, -1.596251125645321, 1.7717045906281754, -1.1696758730709202, 1.995390164022576, 0.10415550142608776, 1.1496705930855842, -2.418555843367662, -0.3868823638160845, 0.23385666798328847, -1.6427587848394476]",1.0108695652173914
5,"[-0.8004981110734568, 0.6494252118812973, 1.3336289520757563, 3.6487682929568086, -3.5526600240616317, 2.8507760931718367, 1.2806312130132667, -3.185696328242482, 2.9223533947873337, -2.7600632614361436, -3.833056635942359, -1.1037559928325082, -3.5253415315176415, 0.9853861405199578, 3.4036234695944247, 1.5072640446191126, 0.7836616680527919, -1.8445852405608034, 2.6192847375737474, 3.22419962500033, 1.1300000474672447, -2.4827854491771815, 1.4222444331125215, 1.3117416966357462, 3.640296828501674, -2.6085371805795825, 1.4160017232954667, 3.1403601681388977, 1.1668970971600472, -1.7240407015004757, -0.15603339735500227, 3.1928135257001173, -3.398409444480904, 3.918660615923271, 1.1465087577596402, -2.489688399194305, -1.144127054592633, 1.1663863094454043, -1.8672856498449502, 4.318012379234076, -4.229156746280506, 1.098963235722482, -0.6283743544423255, -0.20617536154435223, 3.7152677582771663, 2.072193815926387, -0.6306499397592761, -3.6012669595965114, 2.0417002656460497, -1.8834572206409472, -0.6877400684640907, -0.5261086142375362, -0.7603993954352585, 1.3180276937213027, 1.0785644730511716, 0.8749361225086916, -0.61995049875773, 2.576302329946003, -1.8382433554130704, 0.4036148402215087, -1.8662447211929118, 1.4373005760458741, 0.5011386756520368, -2.021772298491973]",1.0108695652173914
5,"[-1.417419119346358, 3.8376549524644537, -0.11457674800367501, 4.09088722306973, -2.9359140239568693, 2.743147082421088, 1.2301684639515718, -3.8850301162831475, 1.8704808042005425, -2.4438084251469303, -2.6849690466471996, 1.6730887692994287, -4.014585577536003, 1.5083786998658342, 2.1233526665170785, 2.4390543969970135, 0.8325849533936018, -2.767424643214212, 0.3627038684720303, 3.019787671575495, 2.5853069934888966, -2.358314842598135, 2.513716095420609, 0.4164048169745522, 3.058199291075807, -1.835056979786051, 1.4825736052113978, 0.8452818072520083, 0.5511675102154338, -2.6247611024399014, -0.5107863764660702, 3.970874773989444, -2.838493505098395, 4.312065636138101, 3.0553119538312217, -1.7333836403500875, 0.1633315873296779, 1.1855736428299597, -2.8843794250920953, 1.9422581690329623, -2.701592613619348, 0.7295918485534665, -0.013575141097127097, 1.1625309871126603, 3.3577039888574665, 3.0232554600443895, -0.20155499746031535, -2.0679194590299335, 2.5784959551557067, -3.1917876262427907, -1.5463381922799582, -2.3113448307847553, 1.2775464696453969, 2.573290781152407, 0.5637575395518359, 0.4755087192950368, -2.709448583391595, -0.34338117293349124, -2.4813292318164812, -1.6184154805861262, -1.9103542833151823, -0.023182231579423007, 1.1230516374199233, -1.582053542487016]",1.010752688172043
5,"[-1.8366431758518322, 0.07815472399002432, 0.9986543573022378, 0.3162277254330492, -3.2755828979838535, 4.099883174411358, 0.44142849623210967, -4.323853299196673, 1.4779044843145424, -1.7433781933804735, -4.219070257828057, -0.23319506978412008, -3.712716268010234, 2.1169169462971746, 3.476332169645191, 0.8104675801546268, 0.6875751166834635, -1.6765246887758047, 1.7666886921243634, 2.270668362195062, 1.4001961343487634, -2.157246043428942, 1.7216579176680653, 0.7550371603826357, 3.7341769236054043, -3.411760748696355, 1.4857305107950518, 3.0659737068393063, 0.37201722712579854, -1.263716198488347, -0.19904724237903082, 4.235391638708229, -3.192960661618314, 2.6898642737999827, 2.5597642970678964, -1.909070430088449, -2.150778645254195, 0.9385858463092668, -2.7276023206861355, 3.45293490946886, -3.764040652865777, -0.22344413393178575, -0.5270642117544263, 1.5752496946490986, 3.912264510026783, 2.1551342987902586, 1.1361503748567126, -2.9792047114806732, 2.0722361840844066, -3.0452524735992617, -1.302181796179542, -1.2594671753984745, 0.5332307637073163, 2.4765845034219076, -0.33636141686990884, 0.3344922199177263, -0.8263041513555875, 0.7040043140608467, -1.6347847651374676, 0.21509366675560532, -2.291906034151595, -0.3863516520521879, -0.1720943651809802, -1.4672891471514298]",1.010752688172043
5,"[-1.007599440378437, 2.1492157672663756, 1.512052702341257, 3.5735617596769433, -2.754897387845698, 4.121196867968656, 0.4344217777201268, -3.7518072623313317, -2.0490758470557697, -1.105053471215438, -4.293897386635073, -0.003661904569357638, -3.8971918424031076, 0.6807863647058244, 2.3002531665385018, 0.9707319716481206, 1.2105639702500222, -1.0091651017133094, 1.8978110473352667, 2.701124419051797, 0.7668618522672414, -3.261083236868226, 1.5261671252168711, -0.2768187547849117, 2.763821159791702, -3.4051474582109917, 0.8054915109439351, 0.717834554317603, -1.106608601485466, -0.6325180133086106, -2.061451897597612, 2.1330967512693193, -3.3499270724098995, 3.8824834625731754, 0.9061309489470557, -2.5159100626308053, -2.664506789744534, 1.1667581797376632, -1.6749877619643347, 3.7776107627827122, -2.544419603216989, 0.36209853645788054, 1.4647832806002925, 0.5641945460964626, 3.9888921105185204, 2.863864686850879, -1.8890576961953658, -2.44708568259494, 2.0085387208143373, -3.0404842953766313, -1.1284328866656106, -1.5404152892476242, 0.5468075255473945, 2.020867017249942, 0.24587167859046472, -0.2807678456394917, -2.2118647487102367, 1.308970746962045, -0.7646922248405974, 0.652143486429454, -2.0616819890050415, 0.30044367614000156, 0.4925093020438892, -2.725563521637683]",1.0106382978723405
5,"[-0.8957952624824936, 1.644193742679056, 0.9891206676211072, 2.363202953081631, -2.7988097227002493, 4.136643591223638, 2.3348779433858198, -2.5949510161920664, 0.40226763394509935, -2.262835231490297, -3.805465022936458, -0.7762976500460773, -4.122095675488138, 3.0814006941420278, 3.816410942531017, -0.8438451315310822, 1.0444611143330689, -3.3371681484978613, -0.3397137368733263, 3.264725296429183, 0.2742525659422894, -2.3618235247056876, 3.3229149139625114, 1.5323207969104986, 3.4088707344417095, -3.956843870283169, 1.4206912255327173, 2.079014696685334, -2.264014620628044, -0.24171509890781273, 0.6083028271772788, 3.9580626823535474, -1.2873063942093992, 3.2565517804518613, 1.9413673391421695, -3.09037638345246, -0.09052725053073829, 1.552992245505962, -2.881227891579292, 1.8155928692130976, -4.247386542911643, 0.528449568703065, -1.431768604530205, 0.46749096780888694, 3.940749702694566, 2.2841271626458965, -0.9221989244204285, -3.1415246348530084, 2.203707951286049, -2.797925831710744, -2.3373296153619645, -2.4803285043990524, -0.3782616997342748, 1.6294134610468598, -0.5587122977944425, 0.6319821677484028, -0.7584434725970448, 2.446401311928102, -1.0763742709397794, 0.16488851894202008, -3.6946834195915645, 0.5317293548900066, 2.280791670238197, -0.7569584673178638]",1.0106382978723405
5,"[-2.450694110158221, 0.10527178937173787, 1.2997566168513959, 2.4695972031108964, -3.210188627782326, 2.5949961183525803, 2.8056060796322244, -3.8360990872497416, 0.9559440351088492, -2.386159283925532, -3.4662803127577124, -0.6703036841838163, -3.3845101959660555, 1.797894142765019, 2.9280408137401572, 0.5105750159298061, 1.0219722472296315, -2.3460077443306786, 0.4666018404579346, 3.4437681693402693, 1.6243405975670613, -2.621206995769133, 1.7522593967670472, 0.7356223479462423, 2.8498015496584905, -2.7240364117564044, 1.385258209336922, 2.9124910693330146, -0.6261715625041313, -3.33031414245092, -1.8021133622973924, 3.5597139967999634, -2.9718557323503267, 3.330387548576962, 1.1803088705061213, -1.6834988035212608, -2.5323076255573564, 0.40513128451155933, -1.7226176878096064, 4.321895639550336, -4.123948080600427, -0.17568114148873148, -0.0004970033841747434, -0.6466176809533781, 4.142377398496228, 1.8124051590783603, -1.1260719709406597, -3.5755786720490956, 1.4854702876206058, -2.96291134685449, -1.3950725131024078, -1.9092255066306336, -0.47363749633813884, 1.4584770648034264, -0.3702768095449228, -0.25523674034061256, -1.5822015485356804, 2.1183055768584036, -1.1678095352233013, -0.28703936891370846, -3.53365909702583, -0.63800898727979, 0.9697107126892667, -2.589508074804851]",1.0106382978723405
5,"[-1.439440793287286, 1.500865663520487, 2.045250196866015, 2.8059286125901424, -3.562809038421307, 1.3618482829068688, 1.0939750285251766, -3.0499924489013375, 1.4111786842152185, -0.838614328276335, -2.863640942115808, -1.2292361972513919, -4.055689928641787, 0.6370210116814065, 3.535252269357763, 0.21631103908836158, 1.1518656050903244, -1.407351062573309, 1.6788984682173365, 3.2147707692446197, 0.6205615020920122, -1.294870045267075, 2.917335276625694, 1.2339306639176517, 2.0392583744388526, -3.6923510066518066, 0.9320096715108315, 2.6644932803011683, 0.8301319024203707, -1.3967489898671313, 0.3369816137903824, 4.110818553423068, -3.4122512682234385, 4.421063035385212, 1.9255433677164377, -2.79560546053348, -1.5057232055843814, 1.8832437403980378, -2.3530260097237083, 4.257197109341349, -3.6491502761775405, 0.7563778374636234, 0.16219588174647015, 0.2739746175916128, 3.941600002996939, 3.050132741538035, 1.1962656330766464, -3.2128334771461646, 1.608274573394342, -3.7020195540921983, -1.4029331523706425, -2.268843375710285, -0.016167320317192146, 1.2415610604035565, -1.1228886445265611, 1.3377295736903676, -2.8454807177660566, 1.2126780888565891, -2.4854816352739597, 1.1073668932720357, -1.2720034705778116, -0.7852024450823339, 0.4196246785179328, -1.6967122866863502]",1.0106382978723405
5,"[-1.2411000715685439, 2.2875471975210715, 1.8767165682852964, 3.0430356687931925, -3.386037701778098, 2.570078207226139, 1.4082809642089318, -5.064431363044545, 0.25995902584165775, -2.872041966080281, -3.834755964644724, -0.31739640477130093, -3.992363464726979, 1.1657766182940617, 1.9175654635038146, 0.15202668844408007, 1.192182995477716, -1.6419279033063916, 1.1827427393221464, 3.39457651604021, 0.9237236310951586, -2.62545568129126, 0.9859028903471533, 1.0015489480409994, 2.812957193528345, -3.9554669924947747, 1.1679155361397473, 1.9884890969277744, 0.06460911179931128, -0.5945857860581485, -1.6666767391982047, 3.7907394478806635, -2.715889371204519, 3.8371536389973238, 0.29436643593741807, -2.565752182232539, -0.6747000348303016, 1.5390184122762203, -2.7134549653484132, 4.195359890738551, -4.218230022815069, 1.1272522242082847, -0.9922372153617164, 0.13217611838621898, 3.5563490765529884, 2.7845870917359887, 0.11124056066691917, -3.6157313367368444, 2.25189588478769, -3.087565083171493, -2.1885012387608294, -1.9935823695725299, 0.34203424536775673, 0.23348534146653965, 0.04303301306206114, 0.06974613824729849, -0.2544504916886784, 0.7404435323437066, -1.9173973603210164, 0.5035087279535888, -1.6993974641120067, -0.1568594820942103, 0.02708705454699334, -1.5757234214531706]",1.0106382978723405
5,"[-1.0512404955238863, 0.6561626894039285, 1.1143487505611192, 3.0748273499799836, -3.4878029060418045, 4.10044904344883, 1.2286569526777071, -3.935804384203694, 0.5709226752293493, -1.1828240201455584, -2.1660575638222146, 1.4408410160296026, -3.890961724116894, 1.0453140675957946, 2.975427135348356, 1.6478981975077764, 0.9433186105126371, -1.4907274652663007, 0.9006700140153394, 2.194618958834635, 1.832952936053442, -2.068472042425969, 1.5654279802042494, -0.06267960806911599, 1.95759321217843, -2.9778261429184054, 1.487694636672661, 2.4266351690543453, 0.15847809865313872, -3.1938654149196175, -0.5712208674235774, 2.941676613696478, -2.6945807430484816, 2.985633086946743, 1.6982438404439684, -2.9156349331525546, -0.3624588178649184, 0.28744464742466086, -2.588028739862378, 3.6521364508530647, -3.669746190980831, 0.5375540898919621, 0.3853839889324173, -0.3418418899001182, 3.838515940764441, 2.9244900367383435, 0.2234542407348058, -3.3807432072805925, 2.6039128242127667, -2.9127789987721737, -0.6809340119419394, -1.3456450984150297, -0.11875628427294938, 1.3834677970729072, -1.284281563539178, 0.6388837011465328, -0.01685274962453831, 1.7434810447903875, -1.453745276939634, 0.12940808666214967, -2.8122057621249006, -0.5442617665162595, 0.8825841558623039, -0.9894319077413396]",1.0106382978723405
5,"[-0.4069688303423783, 1.1900173687518505, 2.2681561073364636, 4.1729958477595614, -2.6018331348613613, 3.9056889408572713, 1.215992194583495, -3.38227179197434, 0.7676480948631286, -0.5933999004754167, -2.4198930482345595, 0.1859062097113659, -3.7901263507427094, 0.6449098587728752, 3.486433190990355, 0.8670436455080105, 0.9907692027835441, -1.3848558720154025, 2.6295568574051664, 3.447043916592405, 1.6622353142208546, -2.174432248561022, 2.4914635380352257, -0.06325308408056227, 3.4475878209901025, -2.9372825573959838, 1.4434038180756745, 1.9120825504173014, 0.6366679970408121, -2.2968145247837777, -0.36947187741842297, 3.9140168394076373, -3.1311942832178437, 3.5194149183605075, 2.1119014762142396, -3.88088463026102, 0.22339727470012982, 0.5449197904905524, -2.9419253417509914, 3.9671444261975166, -3.34048685410841, -0.3503668191437963, -0.6433498898841823, 0.05622546051338029, 4.12707534206141, 3.015633014912512, 1.0900559401607424, -3.159479584698202, 2.1457536398163413, -2.462191891458157, 0.34898219961339705, -0.9723821450504375, 0.7392578207485438, 1.2529323376442976, 0.0015813747221299634, -1.007286187528424, -1.7344538804379466, 1.1362290970270899, -1.0480489731924372, 0.4547546864260919, -1.793132336411621, -0.852265373655159, 0.9639854639573867, -1.8121636352334607]",1.0106382978723405
5,"[0.1405902353080568, 1.3434777674786313, 2.7538899380988995, 1.4063213856724985, -3.4551910509916457, 2.697396208934885, 2.9567449715259957, -3.7848901834581348, 0.5417402393546978, 0.1843014259521989, -1.2825705220013293, 0.2942579843665049, -3.7600316258373487, 2.585202973085975, 2.349692119518376, 0.2971806226688811, 0.7588875847591383, -2.2161794518545945, 1.4697619204942272, 1.4294401619708121, 1.194216058275174, -2.461921041941783, 3.3302118253435835, -0.27127411965708104, 2.934585627894301, -3.3653771077527677, 1.3907142964283992, 1.6998230165702524, 0.7256322828597749, -1.283474751141537, -0.3829954808135858, 4.089903152981586, -3.4060972586431926, 2.7700092942796077, 2.350273017076616, -2.803172596043849, -0.5187302832161355, 0.7051936672734945, -2.9672202451498966, 2.9248899145237037, -2.9665901572936795, 0.7885901086072474, -0.4639873982678283, 0.6553504576594193, 3.678071298652655, 2.86513156813536, -0.7205995933491833, -3.566218769918737, 1.8296362307997134, -2.6572346868285055, -2.0186109819068303, -2.769211030807921, -0.06105682005472074, 1.585811376282832, -0.5138005115622871, 1.2450548526938134, -0.8691253048515802, 2.6450158034371367, -0.9111617416153809, 0.005765407895462572, -1.1217325904424111, -1.0300066782639785, -0.4783725501009044, -2.709416999542812]",1.0106382978723405
5,"[-0.5454223907311275, 2.1431659617451198, 1.1032676799744459, 2.7693755144301915, -2.487684565797812, 4.108508204499737, 1.2136954974982526, -5.048677419392537, 1.2587517243464168, -1.7068645869888366, -3.0670685301189327, 1.1809596905488542, -3.2743317998013506, 2.3408054648006162, 3.797576551030964, 0.3568945168817076, 1.1346656008960205, -3.167635120847468, 1.6790697315420158, 2.5468581657765186, 1.564502447409386, -2.4489306397367363, 3.0268632259242594, -0.1563888636958702, 2.739141535896245, -3.225341427324478, 0.9772821672259259, 1.5962248704336197, -1.1985495335546072, -2.7605430494046135, -0.39090636587356353, 3.731310883609626, -2.861009590298992, 3.3519346883155494, 2.6192246959554155, -2.9329663541044786, -1.4704176883418716, 1.7232762332529532, -2.965809947116401, 3.6078023227665668, -3.4588547697994425, -0.24384794724319347, -0.19131948820468875, 0.34754551887237395, 3.5596244783625783, 2.924112630466331, -0.7359439504777785, -2.505527887551188, 1.974982648257935, -2.5811695546750384, -0.839478191690224, -1.327113850048454, 0.4750371731792138, 2.559779805996574, 0.33873990299481294, -0.7366694321169117, -1.2436820817512264, 1.0631919765426234, -0.8829228240737654, 0.09551916543811535, -2.435887520223116, -0.12392236836590192, 1.4379861496172253, -2.6320312638158443]",1.0106382978723405
5,"[-0.5418770126354543, 1.0594789067681472, 2.5937560877796164, 3.368143917906428, -3.267476865902574, 3.8516555443478353, 1.0264473035072763, -3.3381476826347316, 0.6173778581636151, -0.82562933648923, -2.2232515148311522, -0.1828836281677878, -4.118311096165988, -0.5037255441175099, 2.78395722766425, 1.2736094720704998, 1.1977634462393731, -1.3712727939193123, 1.5547920907649133, 2.780796355097226, 1.977527713296658, -2.59396360995354, 2.872678652624467, -0.07250649024086028, 3.319618744147263, -2.2223391864803244, 1.0207461535780369, 1.1930933007563829, 0.19094191690653972, -3.357343896776532, 0.09988123551941142, 3.741590823462245, -2.2410950408612056, 2.2725131833787224, 3.622725217448123, -2.99980276410522, -0.19996568822274918, 1.7682790008086995, -2.9642051142272705, 2.850277214854689, -3.532671501257198, 0.1234280287993102, 0.05836854896693666, -0.041132518619503955, 3.3483050869832547, 2.724508339664862, 0.8490469998539918, -3.4707739957223027, 1.967485449993292, -2.9791374554746044, -1.6260674568148996, -0.9267377318058082, -0.6184237613023147, 2.1575460544136384, 0.06968246212774497, 0.3765581790860333, -1.4564567260925148, 2.5940879090864972, -2.852894545998031, 0.4082640227625543, -2.0470643643963937, -0.438220871687366, -0.5916192490817038, -1.8333136127476606]",1.0106382978723405
5,"[-0.9033490442496838, 1.1792228039728132, 2.550419860350806, 4.315784927850699, -3.2710990772733166, 3.1412004910570106, 1.8654291196835693, -3.176101553214618, 1.7485808241064416, -2.2846909138922133, -3.996036609390354, 0.22394204740369478, -4.090377382525251, -0.33233074311303334, 1.844034462290202, 1.5027551842303266, 1.0542282837462276, -0.7175103987726892, 2.9282124948582546, 1.8156722342960672, 1.9893758157294754, -2.6088822532252824, 3.2744524584653742, -0.5011985282338945, 3.2994922771614976, -3.2344119871327948, 1.2519820203607357, 3.241198264844848, -0.628612829916964, -1.7196112481034282, -0.6811975857117838, 2.092932712640558, -3.33617271429636, 4.082370320966294, 2.2279034427790894, -2.8095436901706092, -2.9724028285260484, -0.0679912536334798, -2.522558071280546, 3.7989876332065196, -3.9001009873269314, 0.4745275147854416, -1.9271659449339973, 1.0008123142078946, 4.079001675061972, 2.6601237204897488, -0.6195800865834243, -3.0566794649224196, 2.4938067319872554, -3.233895414901963, -1.8745339774127032, -1.0667666081122698, -0.6871290081571475, 1.2636066404597497, -2.619840748375811, -0.03268771122252334, -1.4417906962023461, 2.564623416342068, -3.4805956407981262, -1.6160054001427153, -2.1101052937559737, 0.2687133881754309, 0.19203586819928115, -0.8135080752570734]",1.0052910052910053
6,"[-2.578039146326291, 0.16718749368087849, -1.78636347566094, 0.6768914269309079, 2.5855856343607266, 1.2138242378443451, -1.2765839039933897, 3.517000671359192, -0.9533775095960138, 2.3608629004055413, -0.8774297513461755, -2.4028956175729905, 3.3775436422445617, -1.4552414777343092, 3.795063490515037, -3.2020135541879196, 0.6430095082310608, -3.060736406117008, 1.6746260788357898, -3.1132516075052092, 1.7015454868972648, 2.420263551591829, 2.166780238995332, -2.7897794734412122, 0.36715866008688364, -1.848876739092342, -0.0982170654214628, 3.0845770310534784, 3.2623320229442108, 1.9063547084965395, -2.331934871418585, -2.5240937592070214, 1.2671402454668448, 0.33455449018703703, 3.6046693828372676, 0.7387746338925429, -0.7721122449967841, 1.0331060416467572, 3.0329088138916855, 0.7370200044736445, -0.9937878874739094, -0.6008317810077457, -1.4124132533658402, -0.28410964649347403, -0.35390796285384857, 2.2625218440365265, -2.841742817392206, 1.0950998100478007, -3.3363663079686745, -2.544912232299955, 0.4376744465997966, -1.2894852667244778, -0.0045275760481167104, -0.32073658878375366, 0.5254879956219438, 2.2353615143553585, 0.34772164509161885, -1.9361084339430934, 1.7880853522756803, -2.0274332887287616, -3.501433676182712, 3.7805602021365985, 0.4467840302129048, 0.902165982096003]",1.0476190476190477
6,"[-4.4002863239147985, -0.18864359038909828, -1.3997077330742023, -1.0736350402232224, 2.525660290971011, 0.4521532457659996, -2.0072079491667334, 2.7726876054686542, 0.3114048502792406, 0.620770659061102, 0.7829859663986667, -2.9067139865807645, 0.015936748752051866, 1.112836142593627, 0.7169996717991416, -3.690409338656102, 1.012793855663325, -4.220982024601829, 0.5715574664270109, -0.79761016404713, 2.6919584859533527, 0.4506684692896887, 2.5167101186342915, -3.361792109816526, 0.3771405416511504, 0.4368778315297853, 0.24642631533024917, 4.006219874662647, 1.921827320116295, 0.9780230741107288, -0.5456799852477976, -1.73547116068095, 2.6522895122466035, 1.5472439727613838, 1.6658854762742263, -2.027103239743152, -3.2934975199666647, -1.3123698372616364, 1.3271745669749642, -2.6447852018512994, -1.1828981407621835, 1.0161459875062189, -0.05665596275149587, 2.4551963651768336, 1.1973064073939175, 1.4090198453226055, -2.3470854203816014, -0.2174083646946665, -3.863480011270638, -2.9855372422724558, 0.9918956283635691, -0.8879912673103508, 1.3784154596587226, 0.8288736087042149, 0.06281383621942116, 2.727021589961736, 2.216995718435166, -0.2675669721417153, -0.2054145361651053, 1.4111361777749414, -0.7562377113620351, 3.3518375805634015, 0.8407981405577601, 0.8887620023435093]",1.032258064516129
6,"[-3.1055405434331202, 0.002346835585991136, -0.6393933469665185, -0.10411028362058466, 2.551557553668938, 0.5245083102636383, -1.832955505526562, 2.610903657408325, -0.6347909359259432, 0.7093952126443237, 1.0109193421506455, -1.4943537480336828, 2.1365570001095993, 0.38498774043920425, 2.8326920621939498, -3.7907607022279444, 0.5299532105997677, -3.6616032719753244, 2.52973037098365, -1.6842396576596494, 2.64000237440487, 1.3372101112084251, 3.143410491351061, -2.4077872848186974, 0.8462146473768914, 0.34570373585014613, -0.12060826205693492, 4.196864960148624, 2.1980364580217073, -2.2599854405191926, -0.06471746184373708, -1.387686868683753, 1.907431565220197, 1.231010871625081, 2.4440499300675684, -0.6036586940771556, -1.9828532854573384, -0.681842377531188, 2.5843104471370677, -0.8906141161115839, -1.465268718479961, -0.8100707133828418, -0.2701549693536751, 2.7074049397502056, -0.6244544716349707, 1.3271751073364306, -3.4113399312395725, -0.44937609832969627, -1.5891064971850857, -0.5698750222506872, 0.5000545790147879, -0.8813933897640294, 2.3891218633819093, -0.41901134223980385, 0.23346320587581554, 2.4527382744492816, 0.4076137720809993, -1.6528757172751989, -0.2768549704120813, -1.0530262354418096, -3.8798938073147915, 3.5313895905603023, 0.7593534163071143, 1.7703155939937667]",1.032258064516129
6,"[-4.506846326516059, -0.36030033595603195, -0.6882493498113094, 0.5439428822434806, 1.9249492190088295, -0.1461867393467594, -2.967052896704695, 3.2278656202364564, -0.5034054773451333, 1.1815488912592358, -0.4270718942290175, -1.7837596929272017, 1.1456260804876954, 1.3119589590840899, 3.482522334140863, -3.9357567433379814, 0.6420299121068502, -3.610057016220203, 1.771043647232185, -2.113165775947385, 2.1849733850483117, 0.8291484851590263, 3.1557976175290325, -3.6975019444319517, 0.0903126848826154, -1.035765584671318, -0.014758059562823195, 4.1658535668719425, 1.3593873742339149, 0.044023685375352783, -0.006101071347203668, -1.0409607142843433, 3.055737936469638, 1.2926420764914626, 1.593850614606163, -1.583172177272025, -2.986152220756394, -0.8921372651945958, 3.033681959916455, -1.9678311791706915, -1.5390771015259819, -0.8575889359468036, -2.1840113506941754, 3.4551802532594875, -0.4185699948728224, 0.2878117813325619, -3.885551549149558, -1.0935864595837845, -2.735166110396109, -0.5036609165531137, 0.4146263511807857, -0.6306210910703506, 3.466583285639458, 0.7680095979391945, 0.46141190053652015, 2.4578243467741805, -0.2886207737802037, -1.5865105186355861, 0.19898807443855648, -1.8635610398933102, -3.2887441049938575, 3.4116581443658487, 0.5664922693591494, 1.827289574138896]",1.032258064516129
6,"[-4.475390759479948, -0.11965414253478535, -0.632110657461633, 0.6867587523796843, 3.3454787350917568, -1.3549897432788043, -1.1360606938808562, 2.2585359542356302, 1.03658959605115, 1.2600206102544846, 2.5665878636869515, -0.8446110332055066, 1.5081801125000067, 1.3003419985203029, 3.218944958578769, -3.7501378323618995, 0.6004658744850191, -3.717464728793937, 2.433047217155766, -2.6762813039693407, 2.5409928985516723, 1.2888753392906873, 2.843895496803144, -3.140749693076418, 0.059381205320007055, -0.3067794557467162, -0.06635135739003092, 3.8109206368803767, 1.3583292181368982, -1.129621254394384, -0.9232501238031645, -1.2759241808376784, 2.697050850016577, 0.6637748642652903, 1.6764009781496116, -1.2162643038011856, -2.389672275111201, -0.032682414536720605, 2.6081710741207167, -0.3381680876024112, -0.5744658506242545, -0.38669826814565017, -1.0690054830085192, 3.5207373308123486, -1.0498094559596414, 0.8950589959202333, -2.6636038327787563, 0.3128927365638639, -2.120750642483535, -0.8135542875220585, -0.5735105955049022, 0.4593554452408084, 2.736064294568356, -0.5348447586392016, -0.0609252399775706, 2.098883312501984, -0.14221167684381508, -1.7922283621063129, -2.164215068436004, -1.3452966987367985, -3.2081690419457987, 3.117562188317294, 0.1675251508436337, 1.5027096144964696]",1.032258064516129
6,"[-4.4864725087763855, 1.2199080877531308, 3.1391602905422955, 0.6860155134104904, 3.1142759878227335, -0.6304105460125486, -2.7332656536964954, 2.8370241105738634, 0.7231624382898458, 2.370195652241071, -2.294327438938309, -1.876716473172799, 0.6120752673051317, -0.6450637347302361, 3.7996796670015685, -1.1834036646770192, 0.481157125665828, -3.8729932418862116, 2.4483293360106453, -0.4744299201241634, -0.2600881984817822, 1.1818097699229986, 3.262424693914216, -2.6860201732684503, 3.2050053870925055, 0.9051016536433056, 0.04345567391804611, 3.760736480009849, 0.965175815979808, 1.116337092546286, -1.000402759732821, -3.0338188848377836, 2.9712103091408615, 0.23134173196424634, 1.1324268449293569, -1.2511368239722156, -1.5160191374293452, -1.5112564650590659, 1.4913852095753315, 1.3688596118145882, -2.8481423870819786, -0.1563508510246392, -2.8605984710469805, 0.9440649632528082, -1.8675145681426035, -0.3096681249655757, -1.5538490762559753, -0.9065604453931849, -4.1262963628763565, -2.666028524295421, -2.334579248487504, 1.1058840410276356, -0.28748509455797366, -2.5193776346497687, -1.138913408009337, 0.9142710917687065, 2.526661859868291, -2.68295584231568, 0.8404140133011364, -2.098427039916852, -1.9049139062559788, 3.3877789553259667, -2.360653358060881, 0.9362627407970391]",1.0294117647058822
6,"[-3.6008807760002504, 0.8283920707171052, 0.05296105001163964, 0.6974225118150745, 3.6124281877160604, 0.6280954455046895, -1.2656326238457423, 3.713308882691332, 0.3400841225918271, 1.309128290159669, -2.3105670806267513, -3.490292169811119, 3.4487675480990942, 0.031008398022264433, 3.366571883899624, -1.3541596822981683, 0.46053362592471814, -3.0968930697767068, 0.4732112834371804, -1.9597000959352238, 1.153673431826049, 1.1874783009033905, 2.597679396092927, -2.6340540579873926, -1.296519532062442, -0.0031315198616839734, 0.16621044714505562, 2.834642982749766, 1.577440685461225, 0.7425552529598524, -1.8566888031025806, -2.8486603817521168, 1.5834772707120779, 1.3326703792012662, 2.2128989293256787, -1.81593950489098, -3.1499808847572774, 1.437480046162185, 2.732825506159469, -0.24850952022721423, -2.2819749653812282, 2.204460765190286, -2.5886778700650805, 2.3816379845373583, -0.4985323324105848, 3.0243322009789817, -1.6130809283448446, -0.8388805126809168, -1.8840703356179944, -1.4933158142876068, -0.7580687864955498, -2.830838238266053, 1.0856459907319365, -1.0057218028491206, 1.781342340959591, 1.2505080367350234, 0.27327451466964836, -3.913556411892467, 0.14411218338471987, -3.7583927352049176, -3.9381256192915894, 3.063870951084661, -1.519841662145736, 0.006882131718674966]",1.0277777777777777
6,"[-2.7721434868849806, -0.4196659755099114, 0.5634405732790928, 1.835049545185777, 2.9684757045646033, -1.050016115499837, -2.3825576661870698, 4.098784246110049, 1.6049033589052288, 1.8047887629331196, 0.23364590215799674, -1.760437072699916, 1.8806812397347086, 1.487052124704913, 2.843067407463844, -3.466750380200615, 0.5829354481941982, -4.165501877380783, 0.556264693333627, -2.1002971941384656, 2.0433273262426868, 1.1040898613354226, 3.14751573114979, -3.367767015108846, 0.6921240012521014, -0.899830249769913, 0.08969164870688583, 4.052111152491994, 2.502714530080634, 0.8991345899794474, -2.2657160357305295, -0.3540880366394762, 2.9159751716887046, 0.04434642341882339, 1.98718991804451, -1.9903380597748344, -2.4794174653464496, -0.8372535478331242, 3.872946300449194, 0.26145849239200064, -0.8915162197804007, 0.21122198363194233, -0.32091638428960795, 3.0652933997828553, -1.7213003492905834, 2.1273544601085925, -3.681514866521259, 1.2818642960352271, -2.7401472650994543, -2.5660563486535595, 0.6289430677944149, -0.6424906206600879, 1.7219222403185768, 0.71485708680751, 2.4852444247182666, 1.8190500433033345, 0.857410134285513, 0.4455443223296318, -1.8218954433777503, 0.42054409858600805, -2.532272951934645, 3.8537000835372526, 1.1908779400856957, 2.0140664810954756]",1.0277777777777777
6,"[-3.8319341429072673, -0.786733257137357, -0.03203920012018202, 0.9890958885712876, 2.2398528574058627, -0.6612633468233949, -2.266453733301169, 3.756504069020244, 0.30366824636495743, 1.3304375007460236, -0.2969672256433654, -1.12928331404349, 1.5056395509935923, 2.105204770548467, 3.814804683705198, -2.8650292511067654, 0.5648691401037859, -3.144436918674377, 1.956208562103784, -1.8439666204015537, 2.2658733155444493, 2.5547953440158606, 2.5963834055588606, -3.740906789000683, -0.6198407864767193, -0.2503738346733368, 0.0225530954301143, 3.432844173987758, 1.9026959908627428, 0.1001396043511722, -1.1937107594989982, -0.8597635094031725, 1.1227827088192024, 0.8509697980855988, 3.1249099354846175, -2.0262669736222687, -1.6977314415739142, 0.12501416496225903, 2.8528565493674143, 0.044323239454831825, -1.7979778961667354, -1.4339188319225609, -1.3503907618169801, 3.145073868449022, -0.3971600534388472, 0.685718802690891, -2.530201996371676, 0.9438979242111483, -3.734699308564564, -1.2612552492785096, -0.28998844352139497, 0.2791946978458859, 3.0563919680681737, 0.9758127776425999, 0.020633693005686737, 2.544174654518127, 0.7984888810584891, -1.1167171691484108, -1.881189478671763, -1.5891589598777955, -3.2066163501918075, 3.105019035122104, -0.11690101445693613, 1.3850894708620625]",1.0277777777777777
6,"[-4.454610657727353, -0.9943305231486645, -0.7953469484477818, -0.17869652514714685, 2.045314772008824, -0.8197977499987404, -1.0284560119904826, 3.7445529209004254, 1.5650588897634403, 2.2481344062236777, 0.6662193128578706, -2.0628125875056105, 2.0756555252310087, 2.04688473668126, 2.3580492902641765, -3.346580494946609, 0.4993243045861093, -4.149806700873502, 2.909704356811786, -3.070335006114061, 3.318960080515245, -0.12470400186086938, 1.6862167844900864, -3.730364634094295, -1.0684445119198176, -1.8931953511428083, -0.02950526477281376, 4.186722654314237, 2.6342161400678368, -1.0171968250289263, -0.9417140660950372, -0.7193543472792531, 2.3051469492190075, 2.098973139956885, 0.41060648129796484, -1.7706128444947444, -2.570684075799661, -0.9418074141060588, 1.2646588704931097, -0.09979074081822686, -1.7907953901303157, 1.0790584345186902, -0.308061980530722, 3.483760609639921, -0.675637167533088, 0.21693614298625907, -1.6850125394818478, 0.462640515361028, -2.553941705019811, -2.089025498552767, -0.4536833909910148, -0.49107419996314433, 1.1866425844702215, -0.5682393131699591, 0.24239950128673554, 1.1619658924646712, 1.9714776022612943, -1.748963243577745, -0.343806939418164, -0.9253661092733645, -2.6397822097542893, 3.487231160193471, 0.8825855117557859, -0.2877991857240929]",1.0277777777777777
6,"[-3.7300122792439034, -0.025486844914341222, -1.5586982655817918, 1.3439639539134607, 3.8486648738981333, -1.2084638850118319, -2.910780341149817, 4.0645323884115205, 0.3055267605669951, 2.1514033705405504, 0.6331720034012466, -2.9096231931282652, 2.589228491212636, 0.23071241553261157, 3.0730761074195856, -3.916832347341494, 0.4005185745336709, -2.7500744580731276, 1.957295605756741, -2.7562357601078133, 3.3194345347665917, 0.8867490872580766, 2.8006810618019276, -2.8093585178622096, 0.5920202092271184, -1.1002968396301998, -0.06289460878525335, 3.691822120466417, 2.7988766319952845, -1.718725134673754, -0.5871817177976788, 0.23912225947557952, 0.9209100872745595, -0.13832422965572833, 0.7049839102918949, -1.3648890486547196, -2.0948185671487596, -1.403033227122307, 2.4142192418571526, -0.5172002680737219, -0.9067918878794352, 0.31252694871465114, -1.7332146307785306, 3.2933612008676585, 0.37214904212338257, 0.4673572474866338, -3.0822058729715236, 0.4169142090072654, -2.55658392832488, -0.9788504381733911, 1.3633419926800059, -0.1530023437411101, 2.3187229669751726, -0.1882834004929442, 0.9744846404900172, 2.5541156856972713, 0.7344090132262564, -1.6952878475085056, -0.30261548220495627, -0.14003721136135283, -2.395308475020544, 3.3089597979038174, 1.6006108617680734, 1.6601736290169526]",1.0277777777777777
6,"[-3.410762461725998, -1.361807506580988, -0.32554902516927975, 0.548759334814025, 3.3314244837992, -0.8154670266529161, -1.6532135651873228, 3.095042348319143, 1.1793640489748747, 2.439779633447327, 1.099271665150931, -1.9586429003047705, 2.2308553758325957, 0.9022843092514683, 2.8279323411326915, -3.4577089378209154, 0.5191181903144431, -3.148895768878609, 1.2112417775748536, -2.439828221833399, 2.0541217716711033, 2.1708052835378537, 2.281119876527823, -3.6598069121087837, 1.2075033095488072, -0.9194446648800718, 0.04120819743469854, 3.997756330730197, 1.8997966372566981, 0.24417786851876722, 0.3482593498403629, -2.5929278021448487, 0.802426742887792, -0.5629950172424525, 2.020934990578324, -1.6778311292877937, -0.6232985318155424, -1.6324940397855685, 2.134021150601275, 0.3872262159877017, -2.7078856195247147, 0.19035519420839211, -0.8390077730012326, 3.498159881532257, -0.3341627127854798, 0.8553334742392728, -3.923096828929352, -0.4486619800844034, -2.4862687505100864, -1.3453109412134188, 0.8344402640610687, -1.3690951626774464, 2.527045407850105, 0.3283367189802435, -0.6686507860306189, 2.4360623588707435, 0.9209479927056115, -1.4936339027451768, -0.06643370036699925, -1.496338774571565, -3.484800659783463, 2.761072549027995, 0.8382451572408158, 1.0513875960648842]",1.0277777777777777
6,"[-3.3068958376545723, 1.5767541124973778, -0.17195700184991458, 0.5055966627892715, 2.5687881574080658, 0.18396946433180217, -3.6121669079227647, 4.394439044331246, -1.2725462080060772, 1.1224305925490707, -0.949441833877361, -2.3387755154891168, 2.7513434022135828, 0.2947006593513616, 1.384589136577939, -2.157834797927815, 2.554278146413303, -3.4687273140958044, 1.755481632148083, -3.128036301426367, 2.48156228299567, 1.9410338814696944, 2.09595419199291, -1.7720660724639805, 0.5333337941648566, 0.9428272094802932, 0.978113267575738, 4.155779833193589, 3.5986339615117218, 2.071036902972755, -3.286708302737024, -3.0692002829204243, -1.3742099458146735, 2.318694570235356, 3.3551871126143338, 1.3327679321696166, -2.1461798492233886, 0.6253754842438657, 1.3456472663288708, 0.24652591553453818, -0.5514853502890702, -0.5762579585650428, -2.882740886405694, 0.8915727544065177, -0.6647112652804098, 2.2072838634728074, -2.839187874943275, -1.9409392006244746, -3.441022725591931, 0.03706690621897257, -1.9476054369286695, -2.3446846445054934, 1.7001408150849724, -1.140334580152731, 2.1751323273703282, 3.0727995615046493, -0.19209402320835534, -3.7127957298175254, -0.7327268326614133, -1.7960305959665963, -3.0341317658810842, 2.12570958562951, 1.14029539225928, -0.259183614241427]",1.0210526315789474
6,"[-1.2606909526670698, 1.1765253257319972, 0.2951884859880952, -1.0403218982466773, 3.3574687430790413, -0.7258130192809649, -1.454337228168387, 4.084988323635439, -0.7972981179241243, 1.7319372643224278, 0.11020914738570298, -0.8222721030551943, 3.1375090711434677, -0.49361225505189466, 3.6991738941614702, -1.9791002618863793, 2.1805370470242202, -2.9709877837400613, 1.4337051817435595, -0.8451804774987874, 3.15641199551478, 0.16519461632508614, 3.2728139560813965, -3.544314180832716, 0.4456072327785124, -0.21136705649268744, 1.3038043241616268, 3.5851961242792045, 2.7100411503289656, 3.2993923401107086, -2.513684951263465, -1.4265941429340392, 0.8113941460644303, 2.761324321565988, 2.787322621284857, -0.6182868490626213, -1.0580089709779785, 0.22867257123944418, 3.4134093053991337, -1.151154295155335, -0.9111194222578479, -0.775540386247398, -2.2128888452960496, 2.6037421531406393, -1.0937816344857993, 3.0477922606083876, -2.3386475822005655, -0.44607937753070503, -2.033170085518002, -2.4247689072034504, -0.27376810541026464, -2.1477955395411166, 3.508591175556747, -1.7050496119847136, 1.506426576147187, 1.0524142605032922, -0.8517464616476496, -2.5768723236083177, -0.9695532630703725, -1.8037973928538225, -3.92806210760085, 2.979234397495458, -1.691575229444791, -0.03343728733608703]",1.0210526315789474
6,"[-2.2266970711602885, -0.8011267043537476, 0.601606553542451, 1.0667094772721486, 3.9216780227560704, 0.7092598904094148, -0.44872691966562783, 3.4373774486615467, 0.8995438449641924, 2.3280964118700576, 0.7680965574478771, -1.7339969058815725, 2.747661705141591, -1.1138726140855617, 3.442453030948082, -2.7809830469818215, 1.8792200558067664, -4.1776575124974915, 0.8025122655025434, -1.6401630338149462, 1.634281028107352, 1.9714582716450018, 3.3315008301683013, -3.7322181361458053, -0.8940330362656321, 0.599168488717164, 1.4720024866347525, 3.909997332297385, 1.6740205146720009, 1.9441886438536196, -1.2924791627210876, -2.769681686336358, 3.1153168344154683, 0.1929922884465034, 3.3894017549566975, -2.2462253195754736, -1.4020134990844553, 1.6089430004401257, 2.0890106157291704, 0.6252404002768414, 0.3681555276402093, -1.126171751584316, -2.579979528105347, 1.857957486368652, -0.35909995953221185, 2.063628696198402, -3.1801530663040727, 1.3296742297320703, -3.926272901731841, -2.4701253930152443, 0.7033549293799577, 0.6932681171444219, 1.531924047045619, -0.6100762170724675, 2.7772752911063066, 0.7612566632257639, -1.8246429786382037, -2.994392297073756, 0.4289198051889689, -2.7056431517965915, -2.5744273410255625, 3.4694414616668126, 0.2602451326434605, 0.8297826607215377]",1.0210526315789474
6,"[-4.393354416889094, -0.4958349362207591, 0.7976814658913671, -0.3951975881196915, 2.9200077276893905, 1.0566801230244895, -2.2349727236563113, 2.627940642381025, -1.4313178989990298, 2.2801723060056798, -2.042185956576697, -2.80949486039096, 1.2228340338578754, 1.0792172956805426, 2.0097724417973097, -3.530359665306107, 0.8164522651345881, -3.973591790076278, 0.9169851459582798, -3.0999624768761724, 3.1109485201937286, 0.994270505276392, 3.2682992475131205, -3.2432826034675952, 0.28262018752810664, -2.2505289232383703, 0.03335851318438235, 3.2294024557077226, 2.7940795648560925, -0.23540709694834228, 0.03890801320713766, -0.2851300171639922, 1.1190237766792785, 1.5112207091029586, 1.8895666091207834, -2.343567383461288, -1.4627292027536287, -1.9724794444461073, 3.676877185338807, -1.9607215409678591, 0.1437357739115217, -0.5757923088300986, -0.3774683069542705, 2.444263364614436, 0.022222930071237657, 0.506722212264948, -3.2564660128126484, 1.586891326578028, -3.0248370162728335, -0.07438705666924028, -0.2847460157329067, -2.433371845837047, 1.7568099730011326, 1.2735387898789798, 2.451513276153271, 2.1450494770326274, 1.4389450483539914, -1.2372988740232869, -2.957265716072537, -0.3512731926998449, -3.1115711656211182, 2.8491373021398907, 2.3583630534571007, 1.1125703337564403]",1.0153846153846153
6,"[-3.416448465617078, -0.05606222722675086, -0.3341835440661986, 1.2944017726381438, 2.497243474931782, -2.0817605940019175, -2.482106036134734, 2.2889513925969363, 0.022461641288088557, 2.452357196424084, 1.3884088172116669, -1.1853090356256488, 2.0207853566596543, 1.557383499857762, 3.2374798662841457, -3.265145826191901, 0.6374556292387313, -3.6700538570380523, 1.0354048130471438, -2.441884934091568, 2.2890089045187025, -0.7999412080402615, 3.270737986126714, -3.296606934679936, 0.08349705724031797, -0.16723037131598328, 0.0486511876253264, 4.180944450248233, 1.0125421155393421, 0.6310812458142825, -0.6829684258661279, -1.3132119744384791, 3.4069880396824743, 0.8514766288641988, 2.2625684951251888, -2.134205233334285, -3.4231332785308553, -0.25676309343873577, 2.1704477159412, -0.22935663248495286, -1.5163540309143437, -2.035222792348328, -1.46060831916187, 3.5087008047372747, -0.8966879307872652, 0.6213600704619413, -2.8062901269476033, -0.7432749948622698, -3.0166480560073707, -0.48895941216797056, -0.35904597644505476, -0.020261204307931546, 2.4733544498776387, -0.23711293455511012, 1.1138105378788241, 2.347719046754327, -0.17524404621324707, -1.3533559370172852, -1.1567198092478708, -0.8177596773723498, -3.147544540900766, 3.707309449239495, -0.15019476090710937, 2.337414823293561]",1.0136986301369864
6,"[-3.8346013396160923, 1.0791577873235247, -0.18556197753146783, 0.5562938985643182, 3.6592728511901753, -0.9628106788818499, -2.171397441993679, 2.7671131058690746, -0.02301122367922165, 0.969680279451743, 0.18764622901390882, -2.420632927371331, 2.0411813401651795, 0.927306306997487, 3.046751968350837, -3.435523468866216, 0.6292492595318381, -3.383309197999936, 1.7672787760102948, -3.1597799501193413, 3.2766596055106993, 1.3003070663048082, 3.3106306259258913, -3.4953943298929055, -0.6013884198508054, -0.9001316355452302, 0.7372407456946468, 3.722147557880628, 2.4990760124674933, -1.6195735792249213, -0.3942448360994226, -2.5723716458572676, 1.0628554320858608, 1.2218609125896664, 1.3127140825447212, -0.5553305137841834, -2.9925667302863603, -1.0572942749277618, 1.7457830845867441, 0.15692609157468096, -2.168393189080497, -1.142093603164407, -0.9997873833407334, 2.1564333202877686, 0.0049386387668397536, -0.15418701345747166, -3.559318466662279, -0.0060504586438691055, -2.823525543106042, -0.06029758221150916, 1.621073016281743, -0.06169109848107235, 1.256661689976714, 0.8117843678995041, -0.0468585962938578, 1.766608787801618, 0.5959235253660831, -1.8162630180317176, -1.6924229968978857, -1.8803877125165704, -3.897715176149044, 3.040920233466892, 0.5689310621820561, 1.9514239718751325]",1.0123456790123457
6,"[-3.316145481876498, 1.7122405646060783, -0.7832177656491205, 1.5376202389601137, 1.3085930264447185, -1.1849198655007227, -2.084176377819655, 4.3938105945159665, -0.48079736793379985, 2.1225152505209484, -0.9410689829433911, -2.088567614647735, 2.7610217400736894, -0.07919490352209912, 2.859322235529282, -3.8939168603365366, 0.9165408456737234, -2.574091439197849, 0.9056712757716354, -3.169893418878147, 2.0623907839354163, -0.3877957453821914, 3.1601903617849953, -3.711173613942522, 0.3259209597576137, -0.9013173068257356, 1.390295463909319, 3.278370429776995, 1.3224157917838621, 2.247461302937337, -3.766795448662925, -2.6726069859148893, 2.7776605463263806, 1.549543236269733, 2.6887818440919755, 0.05223648541831116, -2.8532849677788885, 0.8558736404777185, 3.7021943440423097, -0.8320236598413324, -1.0192886980405804, -1.6837597044776718, -2.150346650248912, 0.19458136672142, -1.4975206451109817, 2.15918302969441, -3.208759724955672, -0.04335400545704568, -4.244637190629352, -2.4607559858933525, -0.9312678719027304, -3.1706857970687725, 1.8853845772413185, -1.1298052448992437, 1.200134374292153, 3.372150340914979, 0.3226008842115511, -2.309586373717875, 1.6649058840236182, -1.9364439338564297, -2.4240215997070096, 3.024756324929565, -1.5815492831872249, -0.3657985582271769]",1.0108695652173914
6,"[-1.5472345149698017, 1.5537564648786422, 0.1689874099111034, -2.101266173499202, 3.7673249259167156, 0.5622248100463758, 0.022583149067639585, 3.96564621518191, -0.3219214520459195, 0.03743135439066525, -0.5310008476439558, -1.2546711269716257, 1.8986031249747342, 0.010195284718813646, 3.1169244006943897, -0.040398755508245454, 1.1963177735716577, -3.1936080348853073, 1.0035378000687942, 3.2674663615079225, 2.598688521249309, 3.1887521071146208, 2.429650846553308, -2.78086142781858, -0.24153028739336957, 1.1071714768295764, 1.1305093928236736, 2.9623280423469875, 1.1042766483302475, 1.9344294039178482, -2.000852730211842, -1.7755918139318787, 1.8051660908122504, 3.2768072515713067, 1.634598752656217, 1.0138873689637449, -3.370965599033786, -2.8022676486912745, 2.822933119574219, -1.8596958927152183, -1.0380707653707748, 1.2664460777679758, -2.504703427564718, 0.39847382047226765, -2.6121436844015284, -1.384217943679557, -2.0516413985737922, 1.1816517887489684, -2.3784155032906726, -1.0961627015522448, 0.4817386504476634, 0.2639468553573142, -1.8835722060573288, -2.0575219135687965, 0.7934701036015686, 1.6457925619342084, 1.8304831346538015, -2.991720401211182, 0.14442864867224697, -1.8253653331880473, -1.9596243464405367, 0.8687592416952974, -3.0451796485731784, 0.9238537942830959]",1.0106382978723405
6,"[-2.8056299902892006, -0.5589732963853162, -1.7277565092092657, -0.9836220328230143, 3.9080389078309263, -0.8679853905874755, -3.7381969079948574, 1.850820829355131, 0.4369440782892893, 0.5789870829622406, -1.1659396141965377, -2.965176489364818, 2.820584227117847, -0.29337026759862705, 0.6183565997137404, -3.1801265402527488, 1.117637765151988, -4.028877640616557, -0.16379657835841543, -1.8335350637469154, 3.2300757166249277, 0.5105716630657381, 2.40027802850888, -1.4670075319597993, -0.7866929179762785, 0.9082574595753444, 1.4812856314760359, 1.376586994364919, 2.7981221313776174, 1.018249066580517, -0.7566725366634459, -3.0573250839731223, 1.6417843324512285, -0.109999152827018, 3.3939504976369865, -1.057268639473712, -0.3786664887596296, 1.7648223109457088, 4.302720023126482, -2.013493123911988, -1.2023395814468227, -0.5781676823137887, -1.5498752556127044, 2.0097562138569827, -0.7395508498724518, 2.4090239146190626, -1.0601150476302301, 0.6565123556207416, -2.930231253062177, -2.893810538273958, 0.6992722084599806, -1.6562580373872984, 2.1856774401202403, -0.6731076422947889, 0.6253004313828301, 2.7198927638579913, 0.9983877291363161, -2.1974979886198485, 1.1125964698156574, -2.514317462734386, -3.946793595779446, 3.7138436235815058, -0.7217980453184796, 0.18531850971395397]",1.0106382978723405
6,"[-3.667842857618153, 0.35700680014592323, -2.6326856260097973, -0.1981808648356093, 1.2019170768277807, -0.45799517616933894, -1.0256837110519308, 3.9375849023468517, 1.1268524689783859, 2.1264272991630095, -1.0683982955101887, -1.019470891919898, 2.1123461700432267, -0.7873547944290431, 1.4488720739321426, -3.5544675887989614, 1.1469462245966935, -3.168323210771985, -0.17422310408793462, -1.5900342358957813, 3.1528120155497854, 0.3634747162814901, 3.1654031328568975, -2.244265492001174, 1.8255130986639612, 2.334319034420208, 1.4600524703727955, 3.864186683296459, 3.5239877791483107, 3.4312703344206312, -2.5017230797997683, -1.664668414585357, 0.2994991436822203, 1.8377102297143417, 2.452873904437433, -0.6562911093474504, -1.7128031405639248, 0.04138090957778684, 2.5031054264109582, 0.4333184384399045, -0.7654275431306709, 0.6271048187196515, -2.2555359749519663, 0.855732189034453, -3.2203666648846814, 2.7605253284345057, -1.4097889549401348, 0.7176230637753769, -3.5249626257537585, -3.583061094459255, -0.9271325355286792, -1.2114905146464987, 3.1714979507381855, -2.551686943027725, 2.764787623407642, 0.9055944844480834, -0.3140432344671457, -2.914147503112885, 1.8943105337876702, -1.8303753773482438, -3.402192451422903, 3.42047441497305, -0.8042456998800309, -0.4553528496337082]",1.0106382978723405
6,"[-2.1292742741457964, 1.0489979496892066, -1.4872209706895627, 1.2241985559934498, 3.130045205470841, -0.3406579764842458, -1.7007033539517264, 4.077833845250463, -0.8133734687337171, 1.0225068706477138, -2.985732351850028, -1.586272276618764, 1.5486274529876307, 0.12337834860949976, 3.337876843037306, -2.2058842132511343, 1.0628434656337942, -3.048587761813957, 1.5459805205824875, 0.570233578935063, 2.775111327090702, 1.3986087484133272, 3.307494159729437, -1.853797914481158, -0.20904441014354147, 1.1491011207250423, 1.1728840863955823, 3.36759688362465, 2.477627313771732, -0.06581913939429684, -0.9368892042040768, -2.5133259272108797, -0.2672814915117727, 0.1770633513928137, 2.9152944980727216, -3.035003199472188, -1.8580073034943065, 0.8995747394765674, 4.217785204286397, -1.7538026622886917, -1.4647608183499785, -0.20463577872311156, -1.9573179882788372, 2.394677608023502, -1.0668871484217308, 2.182612269460531, -2.737804796662661, 0.13081811239748586, -1.4929184100494686, -1.2139708843067805, -0.4446092612041186, -1.990141438702902, 3.5149545426480353, -2.73385698988673, -0.16196406250428652, -0.186063063444885, 1.6759282547462062, -3.8837346537027666, 0.3184555288744719, -1.9101231050036453, -3.238426988866261, 1.624649304547833, -1.319747678103762, 1.4154851924834477]",1.0106382978723405
6,"[-3.7534091170163593, -0.3713644328075847, -0.9752658991718999, -0.4812567446469912, 3.934491721947827, 0.8024380086265792, -1.0081298234793599, 3.4299325534751772, -0.6999149634328041, 0.681575662440379, 0.45806927518829443, -3.3859160349412525, 1.338433965726339, 1.4564035636448356, 1.2381143359843245, -1.831864154303065, 1.2204364217675436, -2.8875373297927482, 0.8445448053327967, -1.1335350899914287, 1.9019260188365832, 0.5643637807713917, 2.156537504458315, -2.103196956035752, 0.39986138889701384, 1.320074521372948, 1.192909732562969, 3.95546214204158, 2.595198770798589, 0.3900343701559812, -1.6903053708592886, -2.9207791101232825, 1.4515684404093372, 1.144771876208377, 1.7395503035023674, 0.33472886441777583, -2.0832426941335265, -0.21093354309328205, 2.5761448432227723, -0.8480247320678799, -1.1979231493803666, 1.8466502321356573, -2.735211788028204, 2.199161288017824, 0.048508982254040545, 1.2970302691601916, -2.8581871542104147, -1.0235884488886147, -3.1529442803415195, -1.258011528129051, -1.5608058176009705, -2.073953363329514, 1.922214269330134, -0.9355964945154847, 0.9188182126704032, 1.3831925140133927, -0.40037749841840853, -3.4529000519333333, 2.59087234861148, -2.405759147671235, -3.3419474784927417, 3.7609546805680503, -0.6970892301220564, 0.5718162013097041]",1.0106382978723405
6,"[-3.7060415601281793, -0.6481542906768497, 1.2276049410219871, 0.41697292099934435, 0.2428799604969316, -1.4794348485012927, -0.1937409802899661, 3.738125070188796, -1.97856407173763, 2.458013981750324, 0.17102953849733932, -0.937859863686056, 2.147951170421238, 1.3674573834511439, 1.8906624019395286, -2.9442863344402452, 1.1080149742546106, -3.708829634232278, 1.9000259162836801, 0.15738018206770565, 3.3047777900346555, 1.504674496693305, -0.11220778834274103, -2.4696131122962965, -1.2871109840039558, -2.154704927097991, 0.9411691739745001, 4.092839213268999, 1.6823044450705065, 1.4709831451394488, -1.1324019414001998, -1.923657303941445, 3.0661445970892847, -0.7711656901703621, 2.206766124531529, -0.4190539914892224, -1.2158595076969225, -2.149774633772136, 0.11888451578528425, 0.2559139054736999, -2.1651559979697073, 0.14902673577000558, -0.735874812981929, 3.108658341535495, 0.8472082856380556, -0.2978335662737337, -3.5008486116234128, 1.4029301316447993, -2.3176373020397856, -1.1092584006232693, 1.9142056569383619, 0.33281769683909646, 2.288059106323599, -1.9610654224912247, -2.0387200171945263, 1.2301898168763945, 2.0127519039987263, -1.8783780473817586, -1.3384049587022053, -2.1297188511547964, -2.5327580666632743, 3.856496607435704, -1.4571547055009177, 1.4244154309465968]",1.0106382978723405
6,"[-4.30486274512643, -1.7319780944595866, -0.85411433230254, -1.0917959729275184, 2.272650584247798, 0.06672827748050392, -0.1340346846141638, 2.7664627539420716, 0.5266485950314663, 1.2633431577958196, 1.0287507321210756, -2.387879544024662, 2.954200980864849, 1.0606795001097338, 3.2149679991496147, -3.738576715312758, 0.9762540008134045, -4.02212079918438, 1.0896346018150755, -0.8703968197637226, 1.934958129824903, 1.775418152183927, 1.3732616502848383, -3.741484559057144, 0.6193898030048333, -0.9749558354205579, 1.4209525254536701, 3.317340443725625, 0.45910616811948146, 1.1185584736561907, 0.4482446004629156, -2.994295932553848, 1.4463314132818654, 0.7644583689946882, 1.8447507283597777, -2.129087595134587, -2.7456879767082305, 0.07272858370426816, 1.214733599621912, -0.8244789124048917, -2.6024276958434207, -0.5641289590452411, -0.4508182898917655, 3.5192295065199914, -0.24992328687838467, 0.2464339022349349, -3.329459567902835, 0.339066526616878, -2.321254846815479, -0.5710175874826224, 0.6102031750801439, 1.6592252910524374, 3.1685457874038097, 2.1977581212845845, -1.8458747870815322, 1.7720116969395117, 0.05935054100786408, -1.1815148581468948, 0.5852868428785164, -2.8361509614513505, -3.209699563837998, 3.3307397343137, 0.1722560921232081, 0.7791234386202366]",1.0106382978723405
6,"[-4.384877393223545, -0.878837078136786, -0.9033336351065789, -1.9225036642939293, 2.2161434415763264, -0.11816718568613971, -3.8862061092533007, 4.493411536652724, -1.6137947021785428, 2.3297895928712204, 0.1158882365995057, -2.641831259761393, 1.2595952732961107, 1.8068442668034748, 2.0567343287430147, -3.7594899890823212, 0.9558564142490602, -3.250393535454796, 1.3644403385524215, -1.662800364930444, 0.7051808940086737, 0.5578633897111622, 2.326826219358748, -3.4463096179196815, 0.22221841567836786, 1.122898670416929, 1.4763831929938742, 1.9142007501697536, 3.400861189546589, -1.2616930571257252, 1.6872697096955604, -2.96319536967986, 3.7784756268896196, 1.1341512156812052, 3.0086116287119973, -3.755006887493919, -3.3976064130146884, -1.3583218322588313, 1.332247125527634, 0.6152617903816077, -0.3416680620995407, 0.5649216590266521, -1.607587414995496, 1.9533051626809614, 0.4904655992578394, 1.0662734885652856, -3.90971346369817, -0.32923664828140053, -2.3539473846244556, -1.7835671648084708, -0.008513708847979862, -2.193702164308743, 2.044104298236723, -0.9393650044192401, 0.28907358149164813, 1.6085974425992682, 1.0160108912531345, -2.020447835627956, 0.08762986250833238, -1.0049776805870014, -3.8559266293880277, 3.4353982921203077, 1.3189574320771849, 0.7049535620744246]",1.0106382978723405
6,"[-3.132862474245175, -0.5765008666172678, -1.0649888909274714, -1.233920582120886, 2.7589707464425413, 0.9864208715714107, -2.6239683469627484, 2.3677495056954623, 0.07610166992112628, 1.2900817918090257, 0.7481414816174159, -2.773307318689665, 2.498993508141282, 0.3926112458731197, 3.2407096008206002, -3.369777036838356, 0.8820315515356996, -2.1262963895160443, 0.9819770941581354, -1.5487741771018897, 1.1890770441118503, 1.0824637007340472, 3.302384712414659, -1.616078955056068, 0.43061676240900315, 0.1742995552708651, 1.4507160233043275, 3.294467715924766, 1.5701100402111747, -1.152234565800995, 0.21226079896030842, -2.2657424830978146, 2.190331562793688, 1.8559926705528509, 1.2588296717298975, -1.609509433290751, -2.9376485650374886, -1.0061733821921794, 3.530406555301381, -1.4307383906596487, -1.755928119833245, 0.08378487071912005, -1.2338599433538957, 3.5054238831629885, -0.9841325959322758, 0.18194037562393173, -3.803601139382015, -0.6839930880691489, -1.3971238549050908, -0.31049733280438163, 0.8253085801925963, 0.307277205753981, 1.274138034741592, -0.6066827593606186, 0.5930774720140257, 2.5900591394812706, 2.204452105144284, 0.27997429905146465, -1.4382159053235588, -0.5991647587691946, -3.8482157035682723, 3.6983110803577386, -0.7233030653530397, 1.3509989257934543]",1.0106382978723405
6,"[-4.503869019073533, -0.6459282839536126, -1.1707311958542725, 2.23183428341134, 1.795369394703903, 0.12232448892880499, -2.8598534412733008, 3.041160724015089, -0.03558423792224247, 0.4841378232688438, 1.4636916848121297, -2.5541301915753962, 2.604643980472342, 2.729386187330781, 2.6061951055643915, -1.075322383898195, 0.9700530162214401, -2.284630124921042, 1.8923355458779618, -2.924088525290952, 2.810784329529313, 0.8945137910748509, 1.470498344595323, -2.8595519031107313, -0.6988813742698813, -0.45233873944451375, 1.4865537571384904, 4.190413080916566, 1.4467963636765557, 0.8873044648776799, -1.1763540037432703, -1.7448841051974704, 2.004781421896076, 0.8649202863944527, 2.3723489383853824, -0.4614947584641994, -3.0027175474031846, -0.5704528745809148, 1.1916147781751287, -0.5420977381116987, -1.5144374316824076, -1.2766557788732174, -0.020199466209189942, 2.841371408763266, 0.045623328956624576, 2.5189407104066492, -3.610130723671079, -0.8274356538184875, -2.121634230892863, -0.12218935999389602, -1.0294179272090487, -1.0433179114106546, 3.2339573756687434, -1.9494315670797575, 0.8135987880631288, 2.8963864145984073, 0.4747892987903831, -1.308139785274284, -0.3032840050322375, -0.16991430058691293, -3.9134174026886113, 3.745519556141441, 1.2898544389143562, 1.0766469057186765]",1.0106382978723405
6,"[-2.337952407608194, 0.34091608611518964, -0.041579344201762236, 1.135484940417069, 3.652144808951222, 1.664377788357874, -1.830048778900079, 3.030914717216188, -0.5090939763515513, 1.4206285586108969, 0.24657263461394274, -3.703390561947093, 2.8170636297848235, 0.18396977267420317, 2.2158028268108447, -2.4746760060833757, 1.4946342178069472, -0.8457075423526335, -0.06755426749884164, -1.4479672447292176, 2.1065068976165686, 0.09226345632194266, 2.8903381824717673, -3.738601745434376, 0.29245386967603676, -0.4734161227249539, 0.7868568562925254, 3.839212737556348, 2.440802745265261, 0.5388859006934306, -3.577227408841769, -2.912267924263665, 1.2359550200110339, 1.2730233599529177, 3.5717434035397186, 0.17159995859553556, -1.2791356400431415, 1.8201508058394817, 1.4433914880726002, -0.7305883537217551, -0.8707118679199848, 0.33014578125851596, -2.6998219297401094, 0.9917408076069276, -0.7471203240824291, 2.7319534809552612, -1.90795286256649, 0.15979597960982014, -3.1931744963801787, -1.7079375535879928, 0.8154688439594218, -0.184102035475892, 1.8821192946609626, -1.186379414861135, 0.5208219825013105, 0.402641469693259, -0.3087228195200868, -3.585230499278562, 1.9969231446618778, -2.4439796756292402, -3.832481890249704, 3.8414084408050746, -2.910515777088761, 1.4915192183837094]",1.0052910052910053
6,"[-1.7868567200701235, 1.0913357546632962, 0.4218719179106193, -0.06016296818559752, 0.6888974480264558, 0.3012019343787483, -2.0534111711128746, 4.610354114077658, -0.024965268600374957, 2.2217417467317477, -1.3060476257836275, -1.1519357637039342, 3.2994099002163644, 0.48791572112571874, 3.4063308077134877, -3.8326991065499776, 1.068418684419998, -3.1171238966839563, 1.420342296814146, -1.708953288398237, 0.6986418236613499, 1.9672988985744988, 2.984155388766247, -1.9132439312405003, 0.5026049340096514, -0.17232383140737384, 1.086429902562751, 3.969891492848725, 1.373341935201725, 1.4142450452259383, -1.480180409910577, -2.464434082258455, 2.5088092597925313, 1.9478851335259648, 2.6295658908988635, -0.9509141012375274, -2.2326490784831887, 2.5246411383417384, 2.4571820420200705, -1.1553244110231347, -0.9171039410153744, -0.9003780826305328, -2.533121015847282, 2.8041858024321735, 0.6811998280064164, 3.0266471984220105, -3.412024310007734, 0.7854887778059804, -4.266646301752195, -1.1370401010608275, -1.0669019390886645, -0.9778258849475845, 2.0383474595742936, 0.2902626690919625, -0.601031664115185, 2.16264175208626, 0.9655056941036959, -3.2024079389739843, 0.848718035417878, -0.6085679131398973, -3.69753446091787, 3.7009352821259585, -0.7143813511907632, -0.06098258709506632]",1.0052910052910053
6,"[-3.9105893521340156, 2.266349656818325, -1.4871538090153105, 1.0306971256864363, 1.9294982532435019, -2.6580687011881787, -3.4243832403541967, 4.123714442408672, 1.859461124169914, 2.0299195306800915, 3.2188098168846135, -2.004037763802286, 3.070529737555444, 3.123982693090978, 3.743647001028056, -1.9192747482363992, 0.9835119238167561, -3.989738990862594, 0.5872369564158326, -3.191013415942623, 3.032412438921795, 2.6472417699386397, 3.0166956532319325, -3.6033957819655593, 2.2399772461249072, -1.0809132413465674, 1.2638101189770679, 3.705742177067565, 0.27697424091598943, -0.9740694543965247, 2.4800977907012287, 0.40728872375555336, 2.381363602901052, 2.099473136647059, -0.6625919218888456, 0.4971727622441324, -0.7118446094110913, 0.1291386285365722, 1.75368655338499, 0.2280435765850078, -0.5085715819241279, -0.3014306369202352, -0.7367674646707724, 2.9904373085222176, -2.3433219356794805, 1.752136721583394, -3.662493927207146, 1.0399115000701726, -3.187562078205179, 0.3500700663131784, 0.43313053955968006, 1.8957276814103143, 0.9259640783946963, -0.9514066927447865, 1.7618233683518445, 1.2599237080803047, 3.1164642824010285, -2.7201136306558844, -0.9687080855177818, -2.1173465915257648, -2.927572321450496, 1.9498042787670975, 1.4581764542458677, 1.135505291759076]",1.0052910052910053
