Run Index,Point,Objective Value
11,"[-2.2422072475677424, 2.4151839859026776, -2.897425564915882, -2.6133989909928, 1.0644838800555634, -3.0632379579751627, -3.8504445461942587, -4.690157080642082, 3.11882591068107, 0.8976825373134181, -2.464440958967997, -3.472876709725214, -1.6621101013590835, 2.137430205545658, 1.2834698388208075, -3.8878054598342935, 1.221400215298527, -3.451531754967037, -1.0209367167172902, 0.3510862660145329, -1.5109265585678742, -2.186519692049315, -3.3482855193176304, 3.139594247098324, 2.485044663753047, 2.2015559443097157, 0.5069657180376509, 2.8981454828178785, -2.789496280009025, -2.553741955558134, -0.05662719563753005, 0.45973027960950097, -2.6814792610967135, 1.2250272575506846, -1.8395866240808374, 0.8512958714601888, 2.053272906066396, -0.9798224975141787, 3.86379287739091, 1.9781209583018566, -0.16868821951048352, 0.5947821050108766, 4.125516340708595, -2.063832535796352, -3.2372321150323824, -4.01192269375322, 1.6945567234772048, -0.2029245767353596, -3.7505659386280747, -3.711754400789584, 1.6378559026146589, -1.0762986656011724, 3.249177914983673, -1.955312402460334, -1.6749126677117292, -2.44144929113993, 2.830617220202615, 0.2686066208790523, -0.7979292008221704, 3.8177859440077935, 1.182680049535918, 1.0860292026281229, 3.9889345766284086, -2.169255670986786]",1.0384615384615385
11,"[-0.9915222589199044, 2.3089639792428054, -3.213420514390973, -2.4753036446732777, -0.16191218009899633, -2.7360897387723173, -3.18639354225166, -4.933477017085638, 3.2064626959514184, 0.9600582440812736, -2.1540207170770205, -3.6994116604149503, -2.0091035706765386, 1.8137768250160007, 1.4169515982496008, -3.0259801252677896, 0.5925922140140583, -3.34412136257791, -0.9903648241225987, -0.18759202298727345, -1.6657814859459168, -2.341738475688314, -3.51298836232142, 2.8535819381377006, 2.6520278287568386, 2.8417233682333314, 0.09512649496808812, 1.333043090171805, -3.5032259932523955, -2.5650946011660753, -0.3045739791826674, 1.8627493095055916, -1.9096879124438075, 2.358171696149612, -2.471559448954538, 0.9530035548732975, 1.9972482091360027, -0.905348044197537, 3.365642954047164, 1.34736758314902, -1.0397330842373276, -1.3952582338005726, 3.3302290760208137, -2.6517367066788884, -3.3507040859346455, -3.7662704945765593, 2.0822414075234095, 0.5797337948288515, -4.289049502879545, -2.2770506138571625, 0.8863140690928918, -2.0700358353108563, 2.889566683287001, -2.2451163023805343, -2.32112461364995, -2.582312510218427, 3.2158326491450744, 0.6913186711443082, 0.21242284311450654, 3.0404090959749546, 2.9817372308128314, 0.18212988390738966, 4.212869352438305, -2.1107297381284815]",1.032258064516129
11,"[-1.7556502368527835, 2.1471030872765478, -2.7063758783247485, -1.5772196267372611, 1.0404103214562261, -3.0729856044506794, -2.4096056760019593, -5.031271201314428, 3.160125181934677, 1.4049801973508007, -2.6700533765923034, -3.5351457136394053, -1.8612443283781106, 1.721062912398713, 1.9443370571383767, -3.537257851949581, 0.5732525402987945, -3.640907438415908, -0.9958791944920248, 0.8833604003047602, -1.928183401699164, -1.9903260627512882, -2.7074010983806067, 3.480141288481762, 2.469228532810873, 2.859892753908654, 0.08256775887476414, 1.3896565838775823, -2.3146428762625986, -2.8416560575034993, -0.2614567779881377, 1.3718718681725963, -0.5071088166250874, 2.028908613729095, -2.4436937425688674, -0.6287233730927058, 2.3599152577957296, -0.5076833457608131, 4.191780238429826, 1.3551339191355876, -0.24756393866211157, -0.15907861541794702, 3.7841604099445085, -1.4649221148224725, -2.8364984329892575, -3.422860484343224, 2.733829915148267, 0.044630555178861164, -3.395158387116303, -1.957036769123912, 1.354575042399564, -1.6718080006390992, 3.4051393280314795, -2.492590982082863, -1.167162389656644, -1.998922149993702, 3.6015285632867227, -0.08956397253658854, -0.33763996339284147, 3.788187436732349, 1.1953222543058786, 0.7252537062535848, 4.147141370002263, -1.3484712284197364]",1.032258064516129
11,"[-0.16827610090914247, 2.1216528372948766, -3.2372698477171653, -2.49819325174037, 0.08948292808977647, -3.04883602297074, -3.0182098441023903, -5.061649106292884, 3.1603830469715275, 1.1971960215969821, -2.523299347231039, -3.717563295986467, -2.992815237094711, 3.1071752486717257, 0.4593614786659485, -3.3378550463595644, 0.5520771486046101, -2.147958639364014, -1.3561247729964445, -0.9218814799905235, -1.3729953540312232, -1.667863000397619, -1.9421286566295044, 3.2817665350816876, 2.3736870314387155, 2.865054186058215, 0.10612613649179514, 1.1207656839618394, -2.5929254623631928, -3.697972205752846, -0.2899434170799903, 0.5911761920324655, -0.9749632828448224, 3.529882570971051, -2.021514747599995, 0.40255823883510955, 3.0396582082550774, -1.7420543702054423, 4.346571185387656, 1.0425430590679088, -0.21864664510307508, 1.4194084694683955, 4.157111703440198, -2.454227015077762, -2.998388889972124, -2.796507048780162, 3.1154914080208003, 0.5613964813680697, -3.6622840244179673, -3.230463200377748, 2.2925546070178586, -1.009725175328801, 3.0576931324001264, -1.636584840283727, -2.2735666873529015, -3.477291846774992, 3.588758755515242, -0.16908609555278734, 0.11864330715319296, 3.168753309401392, 1.8476030719037753, -0.2411005430056461, 4.172030586572875, -2.233025786298484]",1.032258064516129
11,"[-0.8566872477323162, 1.7872516204432292, -3.1114325696906646, -1.7320419915318919, -0.2167441070647087, -2.9251894582331515, -3.3673920181255785, -5.063996356635122, 3.0266637490437356, 1.0621618780995847, -2.198463895297275, -3.2814139286671966, -2.6616990038214885, 3.161128664174263, -0.30253118313818245, -2.6354806518634533, 0.5254612299625836, -2.9023317094281893, -0.38750966765901074, -0.3203276082032036, -1.7695579556866816, -1.4358164796165933, -2.653989323982279, 2.95350522533065, 1.727995619529367, 2.8643178115500505, 0.10656676467759618, 1.6349123538661345, -3.105836882094321, -3.8663553906583923, -0.2755287932711494, 0.8937558299281279, -0.8901733788931592, 3.066833161767368, -1.1249318772926427, 0.3457977873609104, 2.787508185662554, -0.7463843494658059, 3.702054647471442, 1.1248529940925418, -1.2242464677378602, 0.23622871625329311, 4.0980096823562695, -2.09625568029935, -3.4026622005538156, -3.241629006942983, 1.9503100733264662, -0.7537867157804108, -3.5054626075758697, -3.722900890943302, 2.003626311560936, -1.0197700548292932, 3.808697000609955, -2.2458010242956568, -2.460484855574622, -2.2963106621348466, 3.2714047426534756, -0.10016309158214026, 0.24132289681063715, 3.3217203303312375, 1.2441014936506891, 0.3363373617798396, 4.040893423836789, -2.268766182266946]",1.032258064516129
11,"[-0.49971020898567575, 2.4298425924288924, -3.227086111545654, -2.152333369321523, -0.6982183105384067, -3.0045306542775783, -3.118271027549302, -5.031166727873323, 2.86852558683279, 0.7520071232406171, -2.8914570050938044, -2.7294044616500774, -2.0289419605934564, 3.3594785164720062, 0.3650072239858907, -3.0322606879634004, 0.4575568938734246, -2.5989132769733887, -1.2378194638224025, 0.33822301117945086, -2.0693719890113007, -1.566182231515845, -2.351727654030978, 3.201626145130381, 2.055749918972056, 2.8543918277758493, 0.05216369708262886, 1.6488908704590164, -2.8307528644794533, -3.8613233565755287, 0.005154882932349475, 1.4821250851447987, -1.4341818275618505, 3.107093030176737, -1.9481733771891658, 0.8855134456070477, 2.328919535424995, -0.9738709032046355, 3.5879836200518334, 1.200334356435452, -0.36501578913603516, 1.2390722309624118, 3.4220362523465337, -2.5345482084268522, -3.4099616253620586, -3.029750021697721, 3.0861817762738433, -0.7768917714986056, -2.6706423141396627, -2.3503764999381334, 2.322159213687279, -1.3866572960666947, 3.068592029321696, -1.9038191756736518, -1.8718599241366658, -3.544020905930082, 3.582585263505385, -0.5294637594713578, 0.004267285397765774, 2.956561219261318, 1.108089567027009, 0.34034365975694103, 3.7718975188857686, -2.2326842789341836]",1.032258064516129
11,"[-0.6827434340700209, 2.2737891811702187, -2.705626088775129, -2.8246967464558783, -0.181905255304319, -2.861304914900034, -3.108688666508299, -5.005884793402397, 3.153548200833107, 1.0211162115559327, -2.4732242054649425, -2.9448948045044436, -2.5194725017243886, 2.982564528756198, -0.09467111649435658, -3.390089678377554, 0.32928826739434897, -2.65155306790144, -1.519452114782085, 0.15360802313097388, -2.115884330427508, -2.26759291222726, -2.2944223345462067, 2.6743473221989165, 1.7975815864463587, 2.74789936538796, 0.004915919907009236, 1.4250824440826353, -3.4736124912066275, -2.927042250898104, -0.05093182120906958, 1.7658944764131033, -1.4624325297661582, 3.3729750076619367, -2.353464484585183, 0.501721725720372, 1.4438518270139462, -1.4535248809606527, 3.7462206125321282, -0.22360004947463308, -0.40925355681206527, 0.7581528240221886, 3.7226376579363074, -2.870374241334861, -3.336454973661503, -2.4749309033877935, 2.8781275573123173, 0.6163882746811206, -3.928883149243349, -3.605246902294564, 1.9566851771399947, -1.0205056107684265, 3.7917088979581424, -1.469110227139467, -2.6537289882122046, -1.8166216374078799, 3.3816562606945144, 0.4400089805335714, -0.1610418578831891, 3.1604762635361596, 0.8844794440191892, 0.5988176416150716, 3.728884451796501, -2.162850591004594]",1.032258064516129
11,"[-1.378149147668398, 2.307396571412903, -2.5954621784183045, -2.0829113378292474, -0.2638723882462021, -3.023585617247365, -2.294461650927742, -4.2063376457232815, 2.8345863005473553, 0.6397232401320534, -2.9394725440040177, -3.070693462692482, -2.2919166716831003, 3.3103639743653317, -0.22131598880925263, -3.392766580382693, 0.3940950974206624, -3.1191420425316587, -1.032584103392521, -0.16751338979624764, -2.119868437010183, -1.9726659415652903, -2.8629459982034033, 2.9346037942381926, 1.9361366835269842, 2.8184546111965956, 0.012101388416285996, 2.01963959503763, -3.1870461862463193, -3.2799518140672146, -0.536454743384167, 1.1780022621163422, -1.1988216164110657, 3.23614246299712, -1.869910693679733, 0.8000918671742515, 3.212152299282863, -1.175685206006884, 3.368492545473614, -0.2310035533516998, -1.2346737737209748, 1.1654488115079875, 3.670717982356709, -2.4042946691705924, -3.1251179158198714, -2.8997687398988776, 2.2987718117030167, -0.7612927435382341, -3.5940311081415004, -3.3617471424747754, 1.622606515546848, -1.572825029371324, 3.289759303445769, -2.139745728367483, -2.6302038324155936, -3.723257180032048, 3.598157242795827, -0.16365679633977004, -1.090013912434538, 2.9593470970388176, 1.4779244137991705, 0.3967171417695617, 3.959200116311515, -1.7922373211082083]",1.032258064516129
11,"[-0.22609422359232456, 2.283087879816308, -3.0815506373347334, -2.295936720375085, -0.19143252579003012, -3.073501923397117, -2.2134532855773346, -4.640544800308925, 3.0620957624762446, 1.6329176962844052, -3.4213488275656965, -3.6478347493646757, -3.971097786819402, 2.023980673845318, -0.40601458158210824, -3.5469533028092117, 0.444776254778942, -2.7766212620575246, -0.898708954671943, 0.23663656233886454, -1.899121761150089, -3.234277306119324, -2.2714446608906487, 3.0382889249490033, 1.6076091175803118, 2.131884493781471, 0.07376260582896754, 1.7260598452198024, -3.1734488775885077, -2.8299699684293835, -0.4619924741617642, 1.7322138166182162, -0.7957317168731521, 3.1550441229880746, -2.159765622870223, 0.6619731088787053, 2.5410365338167455, -1.5861256878403576, 4.308256926929569, -0.5801459456161537, -1.372737244551869, 0.937110547426391, 4.156069145817362, -1.9458832405959492, -3.4149982551413594, -2.877345681227021, 3.120766866141854, 0.17125385385402003, -3.807698889635691, -3.193195220231758, 1.8877461624180016, -1.6637766761661619, 3.3714206362738404, -2.3447659641679164, -1.5657053587519565, -3.1055948687463015, 3.6018146983649433, -0.03674908951053896, -0.17743923311217874, 3.7674793465590137, 1.4909194061614766, 0.7670644645419861, 4.227130919399343, -2.1680460815418763]",1.032258064516129
11,"[-0.3214340698730304, 2.2759655394738627, -3.221850712435151, -2.365787000905293, -0.7682300220699041, -2.947529408641662, -2.909039009517752, -4.951045471629987, 2.8255628952137957, 0.9286094693024214, -2.7288190582278355, -2.8224492140315807, -2.468250027429127, 2.560478608973475, 0.08284691179133472, -3.707806876444463, 0.48226507650856576, -2.756705926547566, -1.0987721593794588, -0.21474723055550504, -3.0793392456735544, -2.0742748680697733, -2.8547253878080614, 3.3057473170611784, 2.336413356893584, 2.7688684604011837, 0.08530449017446207, 2.191927679711209, -3.32852382946309, -3.7348717556596975, 0.38452774545704094, 1.699179930269127, -0.5297111955469319, 3.1140313810247116, -1.7903099842970038, 0.4472133925282627, 2.27672524973095, -0.8850875032625088, 3.9548201209711813, 0.6696491793293682, -0.837396322374158, 1.4336644104859866, 4.093805560624344, -2.9627628168139113, -3.1094942274262953, -3.243122525001728, 2.884284899551586, 0.15525990197373846, -3.8795848988498385, -3.033983075178993, 2.6339398023554423, -1.5300759792582606, 2.924753650829159, -1.6728082964825979, -2.4428949117162286, -2.8250753215940962, 3.199917021692899, 0.06329272250988949, -0.5997440763895561, 3.0325864868923267, 0.7457317312172412, 0.732656373889408, 4.248227913151816, -2.7326188178006574]",1.032258064516129
11,"[-1.126984015715505, 2.8536132986210854, -2.8372526650366607, -2.8310610298392964, -0.05332637121631939, -3.064280243792405, -2.670848809292975, -4.599910649835399, 3.1920309439395633, 0.898164038792433, -1.7783912162634241, -2.5875499160859445, -2.586575561672887, 2.4011678948533457, -0.2949101631822529, -3.4327436892554033, 0.3887531390120105, -3.16223821605248, -1.2970418449994408, -0.7658315578537807, -2.600828335336325, -1.0407967068077881, -2.2469160882227524, 3.559709772987399, 1.193927951272855, 2.515026336743403, 0.023650423609065357, 3.516431487340433, -1.932232140676337, -3.3612647497426913, 0.969654121966613, 1.3219694788883891, -0.9990304877904086, 3.6047726301730405, -1.6147079158787823, 0.10671946288838084, 3.3644744444028793, -1.7102046730710838, 4.094152945199914, 0.29709937541431924, -0.27476782162672564, 0.04989925985552801, 3.963214332723911, -2.353005908832222, -2.9370292453436884, -2.9135235347330157, 2.87966408963396, -0.0506416046841493, -4.215962316498612, -3.44693316549116, 2.7511780401411663, -1.177290899382912, 2.053163384823022, -1.7455956298947262, -1.2020310323098808, -3.3589574407616993, 3.3729958821680888, 1.0231815180224368, -0.3790989116011705, 2.3053080652353017, 1.285252816503935, 0.6931091105438039, 4.247043938171604, -2.4500894802620614]",1.032258064516129
11,"[-1.486005706837867, 2.2549796636051416, -3.018991876475924, -1.7776333943766816, -0.8725276630801277, -2.681319270465164, -3.643060602077117, -5.056362891300436, 3.2057482089455793, 0.7130788660002139, -2.5735328122080987, -2.342382926807822, -2.5792906451921858, 3.887257725228885, 0.8375776775850519, -2.9417943460158287, 0.4031199102793326, -2.3939992849711733, -1.6482365768688987, 0.03686636062472032, -1.1499503378486755, -1.1919265413672706, -2.7253062514067765, 3.400015508793268, 0.5769333088674641, 2.8332582941078637, -0.01828938663392421, 2.7619217070779962, -1.8378808538827043, -3.692174230490208, 0.3744949689650634, 1.0135291719098332, -1.4097898715605164, 2.931881661369434, -1.3114099028796646, 0.082796809667116, 3.329279963058328, -1.9246341687588469, 4.393872483826418, 0.47185755291454545, -0.4516101344672543, 1.4999138958279454, 3.8576385471659727, -2.6188879981012994, -2.847387660454823, -2.275010327679094, 2.7152692364751507, 1.114401589524517, -3.8293943119149425, -2.7175313084645945, 1.1825387238874638, -1.4023288565642416, 1.8556014209957958, -2.648838704956864, -1.3650166669848864, -2.5422120818852783, 3.4272487776804663, 0.23649255422515797, -0.571007159356086, 2.4655524057592304, 1.2424272429153689, 0.27951728853766944, 4.160931613068347, -2.6515029736100537]",1.032258064516129
11,"[-0.185443431475235, 2.8421341719356183, -3.223302222024669, -2.785491447814935, 0.42417821075303247, -3.0696501057975594, -3.742314823839503, -4.977253668126709, 2.6515099867808685, 0.8273236136007909, -2.547459565023522, -3.627109442817172, -2.8344886505174602, 2.8992964434714334, -0.13788049355329726, -3.614805512626533, 0.35581772800849787, -2.4936689040060687, -1.8233337181897142, -0.2467061717565884, -1.671325914297403, -1.9321395479877599, -2.8794737062623157, 3.515035605234274, 1.0328452870658376, 2.696680618720628, 0.010379977295623954, 2.34629662412619, -1.3644715270693253, -3.77245479705717, 0.15665058514097058, 1.6901726858260053, -1.0996299035275383, 3.0957532053134678, -2.2968867606787735, 0.13199981209775222, 2.9907520449367775, -1.763345157485717, 4.266590421963168, -0.13017505488773817, -1.0714471834118326, 1.023136154473254, 3.849408261270858, -2.837505829016407, -3.0639592304015313, -3.583026113810823, 2.541175128484509, 0.4534478556057634, -4.172460944969102, -3.02212135865292, 2.235135160275883, -1.564561264056564, 2.238722173535613, -2.6437400635045063, -1.6395741307021683, -2.58890595020159, 3.3984187487850512, 0.7989887313898913, -0.6995177133842079, 1.9581977397183923, 1.6789064763781956, 1.3525137835129262, 3.496165265374055, -2.7349058600200484]",1.032258064516129
11,"[-0.16316123172870295, 2.674455030403482, -3.217611416914137, -2.749997147226207, 0.09000313823527023, -3.0584174130806576, -3.535036562107639, -4.505273124227544, 3.211077102055681, 0.8485486809980666, -2.9687632990140465, -2.169599953664058, -1.522779513747106, 2.8979879558844597, 0.12619235226102454, -2.522222655040166, 0.46656081605066496, -2.5804619309327994, -1.3662717423868784, -0.029243245914333985, -1.4011297957743407, -1.8649427486991095, -2.0258095413733495, 3.329411580260253, 1.2199386625439994, 2.3890881156658876, 0.041671049643850294, 2.353396557090528, -2.180991618938997, -3.865565525193335, 0.07243319039471191, 1.952079517084557, -2.03954146858601, 2.748156749460559, -2.591628113804458, 0.8446244001065684, 3.3174003896295843, -2.2316669292687816, 4.295854338385335, 1.4508472901593472, -0.6917542747938691, 1.5571445031566997, 4.06235131270934, -2.963474037566127, -3.052415393207337, -2.412816522092096, 2.542998509380009, 0.6392889053043167, -3.3083930634223715, -2.413161883946011, 2.306792841507936, -1.028164263071, 1.70493038338144, -1.8927094814201533, -1.2678510939480787, -2.377241903236924, 3.484468407623588, 0.011185941518158578, 0.009323999253857906, 2.7445573376024517, 1.3506490602585104, 0.7030588185030344, 4.1984450698024185, -2.244036556969473]",1.032258064516129
11,"[-0.8651240778843864, 2.8795102380928146, -2.9857588970950673, -2.4370873585574038, 0.048029398219272657, -2.545644262204323, -3.349227708359323, -4.980649057892238, 3.058054636642864, 1.0325111732920285, -2.731469488093429, -2.9082605797549035, -2.495129135540542, 3.5422987462590845, -0.10787939351562621, -2.546459318435957, 0.36246449111302637, -2.1351023045311397, -1.375450861931085, 0.09973070080068477, -1.2191291804215336, -2.4365979909332722, -1.879289650334557, 3.113211971697273, 1.4675911737271425, 2.797634913948409, -0.014760972665484262, 2.387141311117769, -1.4038382981225925, -3.834540256125015, -0.12869178179966323, 1.994994829285071, -1.5565940715561433, 3.2280664303502293, -1.4242456369202359, 0.014437360938503174, 2.9488994386474463, -1.830141961639701, 4.133924999704736, 0.4873263297033597, -0.6666703860640601, 0.7098726201237087, 3.5871829030434013, -2.8168137128548056, -2.5888889650179174, -2.8220313530573455, 3.002315565688117, 0.1044138258332523, -3.7218826694863223, -3.563210715905216, 1.8540149057652746, -1.425990961152605, 2.801829861042994, -2.007534954046769, -1.0146179998645117, -1.824412080470825, 3.58542981057642, 0.08126419115893109, -0.4401690915250095, 2.487963313826695, 1.482983158735813, 0.42592940535798685, 4.094357210524882, -2.159969966148557]",1.032258064516129
11,"[-1.3061575730243995, 3.2482656341312444, -3.1719573344481424, -2.423314046508311, -0.03021745281829369, -2.752401867524916, -3.2573956263397856, -4.493008680029611, 2.945562023565432, 0.9746403641482118, -2.5295878891442105, -3.0125667289125766, -2.5213084746138112, 3.280017867280031, -0.11635647788330591, -2.547493655066458, 0.559191792396875, -1.877005524685599, -1.8067221291346107, -0.611593864798144, -1.7514340451595565, -1.4301177170509927, -1.340554021363649, 3.0989405399726397, 0.8889849582433826, 2.3630054038748423, 0.15009187573978064, 2.0896309561046515, -2.2606207982142306, -2.849986542735846, 0.35378381424019856, 1.3072421412022517, -1.1835455553317993, 2.9843234079688754, -1.4097408502106366, 0.0914903352302367, 3.456708099291695, -2.1280564239257966, 3.8882299130443707, 0.6342407578780933, -0.7854739524510195, 0.6321352706412868, 3.7695851842615795, -2.933371031102352, -2.8770194666314213, -2.7297437613544266, 3.1033211627850976, -0.2352351469808444, -4.240930792742525, -3.268007901454493, 1.9109713336353635, -1.9001618869328962, 2.34722892150254, -1.993384830481342, -1.5439505380787681, -2.301220091614884, 3.543231150236868, -0.2784526528113611, -0.8349434672208919, 1.8090441917684332, 2.0728198591511156, -0.2078325812969053, 4.2486664014983795, -2.5947315979162124]",1.032258064516129
11,"[-0.8644816629931023, 2.020887364863706, -3.238538064429264, -2.4590627897754396, -0.05909963602420176, -2.956001692522735, -3.5299010060687275, -4.461613496212644, 3.0691861993441516, 0.5456873487856901, -2.369246023743694, -3.2054175884793876, -1.1031598207663746, 2.516503284059559, 1.4375378761551056, -3.936699642920958, 0.5185794563253102, -3.9317812049828054, -0.24508013420074243, -0.794293418281623, -2.387339846901035, -2.51089241561719, -2.8412688785997813, 3.1116758154203596, 2.1613478342307215, 2.705299542184368, 0.10939768027871699, 1.946862728608308, -2.6584743767182157, -2.380354491148929, -0.8820279265120823, 1.0045817938639672, -1.6973038886005267, 1.2443988220852393, -2.7445247779644557, 0.5907516230934928, 2.6414476095656876, -0.5116330585462776, 3.188042910950082, 1.2548858125852542, -1.168965778109097, -1.6134339716641097, 2.114357933680542, -1.9022952411362104, -2.894986071593094, -2.7833558784893544, 2.3809060467269614, 0.3776932227731187, -4.207708347984495, -3.156477656989485, 0.9363225893758772, -1.6818030901383973, 3.7314391756520173, -2.8358323425279366, -1.5054635134545193, -2.226680298685291, 3.111068650749798, -0.04348648474346356, -0.09094044252796529, 3.7482165545840256, 1.6214287140481163, 0.9804103857653983, 4.163386181252222, -2.2125115958441297]",1.03125
11,"[-1.6149587716325224, 3.089615036125801, -2.78905125238216, -1.2484122668437532, -1.4290388573826465, -2.838614973222746, -3.3790048451680703, -4.770959514796866, 2.355784275906026, 0.6652549707448256, -3.0333918816682486, -3.5971036227786475, -2.613910513428202, 3.2388763928205515, 0.6228617426441072, -3.6871974894691157, 0.577747323631209, -3.7245937151962742, -1.049572376823344, -0.0817754360892341, -2.8323773776822914, -2.27249722994676, -2.9219187680189123, 3.3823161449489634, 3.278802143603395, 2.8429629128713465, 0.09215858787431619, 1.9130299321854558, -1.8985880909608341, -3.8435247363595155, 0.6388713980391977, 0.918012153260381, -1.7920814052611527, 2.7441877277468345, -1.9899270753113663, 0.7350450911223615, 3.016618027592087, -1.4909145902471646, 4.087454003889796, 1.7047450806414126, -1.691117261917057, -0.0009380825894138578, 3.6113717002638928, -2.928275913932788, -2.5352963058959483, -2.234839248365671, 2.7451970354745394, 0.8244938257905552, -4.287988490790539, -3.363884824458209, 0.49698014184362926, -1.471485683186423, 2.2398654731358096, -1.1725089007082734, -1.8877036590702962, -2.8026145149632296, 3.42145720882475, -0.3822355175041344, 0.07749046013903266, 3.649119362569589, -0.04849673045780856, 0.11158272985670228, 4.240455512768431, -1.9226780959240621]",1.03125
11,"[-1.0367640477663902, 1.7778675058074016, -3.010931409974567, -1.9482005425777165, -0.05739108448041333, -2.9707087457198478, -3.849435252161732, -4.80835522253864, 3.13538581579728, 1.6213336734665338, -3.235589316723678, -3.604509550235093, -3.088016769913235, 2.8713430108234537, 0.01837101056593167, -3.6986833901173375, 0.35186797960036537, -3.0327164936690516, -0.9986264789232947, -0.5847599247375838, -2.6392420762093427, -2.062441095425399, -2.2753840212466754, 3.5336075080738785, 1.689140798624548, 2.2219094932249135, 0.023291511833876954, 1.1787191663295418, -2.94204169507188, -2.6575572513052323, -0.6074696847426975, 1.9378010085747857, -1.8114682952947192, 2.8793294319473395, -2.399393704564792, 1.3721356085028544, 3.36242506765559, -1.425230613630127, 2.9487230415744308, 0.031242616692142622, -0.9078873732673501, 1.5883378327631585, 3.9002051851270583, -2.761340889432418, -2.8035256057532054, -3.6132492149915185, 2.2684536787248013, 0.16758950238935943, -4.194462239375323, -3.685549548442576, 1.6121723297940358, -1.5917721862743468, 2.2678164539277725, -2.186415253733844, -2.505672058723896, -3.01017969683668, 2.7638665120976404, -0.14741182906531677, 0.014798461073915081, 3.3094900866813646, 0.6074594559444487, 0.014094381861797067, 4.200479815087517, -1.6518963058680303]",1.03125
11,"[-0.5555045218019695, 2.4785462360231745, -3.2385341147463795, -2.50634673498655, -0.8428305976910934, -2.6610982792478133, -3.639727063471447, -4.862806620526984, 3.003605703043872, 1.0191275118131207, -2.3876041413766553, -3.253023353483857, -2.4662727753594753, 3.3353700780799307, -0.02813080938894208, -3.3406151057037383, 0.32363572495943366, -2.9764954156708745, -1.3559421490136065, -0.41480337584489424, -2.973634765482436, -0.9794213799578108, -2.333840063160477, 3.497239583278633, 1.8639568254763983, 2.6749489813729257, -0.005669444777547716, 1.3141011320931677, -3.3613787396131993, -3.4963851497624083, 0.3211603286141531, 0.5381236923659586, -0.09469369289301499, 3.3564833701570977, -1.7703491987913518, 1.0788164105288598, 2.6128363089161035, -1.5738083485854115, 4.057143545975556, -0.19348345247034304, -0.6160683307872641, 1.525374276834603, 3.746443785374264, -2.971911302507655, -3.3713261398140437, -3.6619745382920783, 2.1154910362070356, 0.8528424314870406, -4.133607488457012, -3.526966341531477, 2.051777867489664, -0.8820406714740273, 3.0682926971978333, -2.1148186666116717, -1.890037508955172, -2.457997549918059, 3.328392770399556, -0.28064600813672513, -0.006370990924293607, 3.011402900281861, 1.503932056725735, 0.6494291413315396, 3.3731603872767337, -2.7459928821725934]",1.03125
11,"[-0.09521946497616329, 2.054172715955234, -3.0306867756593427, -2.0328883520065477, -0.6088915391940313, -3.065085431211849, -2.9030341633815278, -4.846055164047024, 3.1519714756580917, 1.8779624443460121, -2.5056293711900532, -3.0530788423275887, -2.770419944144073, 2.867615649110893, -0.09419781584432663, -3.6136727791935854, 0.46848114115231987, -2.6766871842342796, -1.0905760322070321, -0.3352631518083549, -2.2709825593457027, -1.7835880590057684, -1.8008641753478902, 3.0169580911321794, 1.945614627327802, 2.7907516601503746, 0.08817231592655639, 3.095178615833383, -3.185432001251896, -3.279011837920597, -0.2971128597615201, 1.602170104312398, -0.49409752036084187, 3.3400837306088564, -1.8006920001588278, 0.9066901177571831, 2.4244766742292865, -0.8797925402139124, 3.5572462172378376, 0.16211418473913453, -0.22483673475720434, 1.3632786291780434, 4.095177256444942, -2.755085707689064, -3.363062061452303, -3.3111530523292108, 2.3447586593422587, 0.5909933024288582, -3.880854199964517, -3.0203390518139797, 1.478876883482524, -0.9938768838655715, 3.6541175625215456, -2.260981175205296, -2.5438627387132446, -3.0976078961742215, 3.4613494323756195, -0.44010215482470183, -0.14762299560530714, 2.939532824436657, 1.8970282553902171, 0.28823911572746647, 4.1743138999326, -2.606000759229624]",1.03125
11,"[-0.5472596780682422, 2.590168215769331, -3.236249728589151, -2.720644661810063, -0.7920503352695281, -2.791318802182063, -2.9964537749287796, -4.591756658477607, 3.1463664048419773, 0.6985444048353945, -2.3659943703725386, -3.1794271686987265, -2.2495530053817654, 3.3649976786713025, 0.19904960472942396, -2.701957511118413, 0.5131963354276288, -3.1238286939728237, -1.4508556029213762, -0.21096600032942114, -1.1161341662527167, -1.7094056757609595, -1.988159147008856, 3.5222088269463963, 0.17234594808644232, 1.4571960938741206, 0.10949993942616594, 2.2234214734594318, -2.099165441283203, -3.6103396671751025, 0.07087902313402311, 0.6693081018092847, -0.925769266830078, 3.6175297850975894, -2.063590941065229, 0.6641094019992774, 3.4464566697665937, -2.163403199543835, 3.236420344922324, 1.2337920152192408, -0.8486624190086851, 0.33794474411313713, 4.1475246269653985, -2.880780724456478, -3.436349731761425, -2.0339152313183098, 2.7962202863090093, 0.1873034971829185, -3.652862627492356, -3.6664527386985606, 1.9673126904210738, -0.6824412908126308, 1.913254785656416, -1.8141716314788296, -0.8595176243172709, -2.5829229410319217, 3.5785514961185254, 0.3088910006223921, -1.0136729358922179, 3.519604362511133, 2.0916131094775468, 0.9508599426568025, 4.250447831286794, -2.707893539209408]",1.03125
11,"[-0.8000410008822477, 2.3570813757013878, -3.2316492347432795, -2.836817487841131, -0.2761296085312087, -2.7738191533318424, -2.812546844424216, -4.929998293118158, 2.918377288180954, 1.4369445464107677, -2.8861338460513553, -2.9100452597080517, -2.285274183700222, 3.4856662240802705, -0.24745798902016575, -2.970502074426471, 0.5469545595772248, -2.567078990354929, -1.5004919853385443, 0.20314913938143148, -0.8051571955471355, -1.5787105596007627, -1.7709398428788423, 3.3816223763183957, 0.9551075794875198, 2.814849069704138, 0.1202111385715849, 2.4056259956485935, -1.8870711603269024, -3.7517297452448157, 0.47937982505038235, 1.76785597509839, -1.5871462261686147, 3.5093760896240194, -1.5646902923205774, 1.4382851982999822, 3.4525018458004477, -2.2564300020484773, 3.4450516886397504, 0.8206616248684275, -1.380129036247106, 0.6542523616843925, 4.154452839822718, -2.969434023414694, -2.4760610065651996, -2.126443736888386, 3.041177255451541, 0.10910490761935046, -4.221187373332584, -3.4063189978407116, 1.8464604253171175, -1.2343758540660583, 2.0685417452764074, -1.7908774629658568, -0.9466042020751723, -2.264328115245551, 3.5873686283672033, -0.3374421035110469, -0.7125149178771908, 2.1965466291725035, 1.7663154860465515, 0.908331460428636, 4.234976798121144, -2.597718481717774]",1.03125
11,"[-0.5642203418396549, 2.053833678421878, -3.117458682130362, -1.4128874466231927, -0.608632616479056, -2.1358260546999372, -2.184193710769908, -4.929658927959398, 3.1815121394311743, 1.651756050622533, -1.796521493282597, -3.2995735516685682, -2.846700707206238, 3.5071629195352845, -0.5988595503586864, -2.3362105312263943, 0.49472729058488796, -2.127251198056172, -2.0530705001024088, 0.3031919276973727, -1.4718810447772037, -1.6599322623466912, -2.964841027278572, 3.5061044175124367, 1.202836819146972, 2.865229672692226, 0.058137390182402854, 2.0994957174008486, -2.659029242989526, -3.8406497426150517, 0.3921243293388915, 1.728514159924678, -1.6908255970076347, 2.978024784346885, -1.6902509972022612, -0.2354061976341585, 2.9242539970473094, -2.313166268972651, 4.374119470648289, 0.2779533101352123, -1.1037194764375236, 1.021044910413051, 4.165333372980535, -2.502648726863921, -3.4313954931263724, -2.3944551446111726, 2.7787822512049773, 0.4534948344940753, -4.1966345559959715, -3.210813434841465, 2.162424129477862, -0.92846758162803, 2.8811652109397814, -1.8585392985402054, -0.9326604845956445, -2.135822014554764, 3.073152791131613, -0.1323670727967296, -0.3559091158821437, 2.608362936069572, 0.644464092700122, 1.08226808047178, 4.097003725020317, -2.7074688802725078]",1.03125
11,"[-0.9770568384325825, 2.9976755778856092, -2.9712333054597826, -2.7564120340683234, -0.9673896043035694, -2.814250868755206, -2.4004476188761457, -4.8915311977793285, 3.1818109513627517, 1.848890098908031, -2.4956520208616917, -3.1386427591899073, -2.4511323537292284, 3.4892033702839464, 0.016305032160182836, -2.89777052649542, 0.4848496417517424, -3.346939961561492, -1.9130380545648091, -0.1518153122690294, -1.6254900911100363, -1.6026789197605813, -2.945011959096175, 2.710897021743009, 1.5274888953407522, 2.4258048654273727, 0.09537339923354783, 2.9230499638362266, -2.125407206788482, -3.7475185718739876, 1.9282749855468357, 0.7798685761293316, -1.0553747687852106, 3.6202464213736247, -1.598357987750603, 0.208973620026943, 3.416400597649099, -1.8853339772834852, 4.106699946754656, 0.9616711223103127, -0.011809478726636735, 1.7333411899370954, 4.068602019808334, -2.948331375254726, -3.1395133402653363, -1.9546939063602606, 2.6783757159789876, 0.7291990054264823, -3.7125418322951416, -2.9818084013957966, 2.205687844122016, -1.08488717909405, 1.7212033934731759, -1.6899973966897226, -1.7915956912968367, -2.8303941360241067, 3.559922781493921, 0.014447468303513872, 0.07106061975522254, 2.841241476455701, 0.25514348632740325, 0.3697099930383888, 3.823371492256374, -2.7433515107113453]",1.03125
11,"[-0.8282789461794933, 2.4855300476506814, -2.928150347674288, -2.0963998392924816, -0.3125437153439201, -3.0756346868007216, -3.743406481293296, -4.914433270921381, 3.107204875026373, 0.1875021715950378, -3.6390208247362805, -3.5356526062058635, -2.001147959403299, 3.7901412727763732, 0.6403982912305242, -3.632909242935189, 0.477166333311202, -3.3505397834604183, -1.0035598742098057, -1.5810561049348473, -2.414408402916161, -1.1880907966256329, -3.224399276334822, 3.1182635020914296, 2.0262389813549335, 1.6743270802264743, 0.08148147216858587, 0.8389127821786473, -3.751907686604989, -3.7692598375907753, 0.7284629828532572, 1.2593954743112599, -0.8456321223287476, 3.9656504198969076, -1.9902869873781823, -0.44355876241772046, 3.4471831455851527, -1.9744778737316875, 3.9769382174411954, 0.9258145838832965, -0.5148837315448497, 0.534820308060861, 3.81366132605877, -1.862715766822065, -3.0016874623943948, -2.636611268665457, 3.1251893586666086, -0.5036568897297451, -4.290690869581532, -3.2483023851587873, 2.944122567593178, -1.7980516489833114, 2.653580020660405, -1.4044387918523493, -1.9211832738446397, -3.387416774397291, 3.544055268351531, -0.39408588929814936, 0.02395936995746825, 3.017129810717395, 0.7637379874606751, -0.09104129960090943, 3.7676737108661063, -1.7359217742555437]",1.0303030303030303
11,"[-0.24662114048621286, 2.884795940309016, -2.005573467815365, -2.5861089180120467, 0.8903270904615692, -3.056484333626085, -3.7227765813741773, -3.244887029679803, 3.20063369335432, -0.86427890282458, -4.233611664894671, -3.3340544548671067, -2.1829311715592157, 2.648970436351082, -1.3819896510796972, -3.4158427339828408, 0.3446160099819642, -1.9578205355454925, -1.244271635721645, -0.030311175936643342, -3.1299331541105366, -0.5107536286818277, -3.4597933239014385, 3.3546673640642233, 3.0208760306761917, 1.7961155270804938, 0.058097273855958864, 0.17805702105483157, -3.50001915041652, -3.8158508630565127, 0.9647472020289265, 4.064239190164271, -1.1698137935242885, -0.3433105948693053, -3.0074717736568557, 0.20823113925872827, 2.5368671495616466, -1.4491476830618941, 3.6747820018352604, -0.2001655227358256, -0.007863224382506306, 1.1390911261050394, 4.1349201976959185, -2.9316331871530528, -2.802079350393678, -2.555764696238717, 1.9902677727209546, -1.1486179545794157, -2.840427924468889, -3.0917766632868835, 0.20605572591744115, -0.5169301360889177, 3.8881496433927616, -1.1692315516408822, -0.5622157237819929, -3.872583892265678, 3.0888928652084533, 1.3718055113315737, -1.0547434585679953, 3.82706748066603, 2.0180555574360888, 0.18353130565068598, 2.414014791224661, -2.4264130004300855]",1.0294117647058822
11,"[-0.8810517514429397, 2.648637386822038, -3.1193330184207264, -2.4105535944496195, -0.7481446366030451, -2.282750733735721, -3.6843349107278973, -4.587438478183589, 3.196049059520581, 1.5325498536248803, -2.5042982361813557, -2.398285592777129, -2.4098130020851163, 3.1136439858109126, 0.13739319289066662, -3.0474969463527497, 0.31396541169447106, -2.5648676476187977, -1.8425040784410525, -0.22365466378247864, -1.957292974903707, -1.1872166424079311, -2.354257384620556, 3.3104560388574433, 1.2703900556048355, 2.1407906190400188, 0.00770635065511005, 2.1458016279669034, -1.274995373125083, -3.712557061835974, -0.013847899794071084, 1.6947412714438213, -1.5661307188634905, 2.487140423290312, -2.3194933890263534, 0.06090882667606934, 3.45621780691124, -2.229163570089445, 4.277598341268696, 0.4528143098838835, -0.7142184271652995, 0.9582421925515743, 3.940586742932115, -2.9582547563480888, -2.565856119991467, -2.702439722009536, 2.9383470917882875, 0.027061536367636807, -3.517297181638813, -2.9178403886928863, 2.2349938182030242, -1.6664259490214286, 2.398402478879686, -1.5283245227254612, -1.6729209331540706, -2.5472730838220503, 2.61785276125109, -0.05843606736852169, 0.5653323084047588, 2.9841115699135576, 1.3679273294795717, 0.32377413607506467, 4.250546840645638, -2.7396570184759534]",1.0294117647058822
11,"[0.3240952058338754, 3.1289467172581857, -3.1848867642590855, -2.113515998935307, -0.6410562260070858, -2.519393405860744, -3.8762423337328875, -4.5259296462940215, 3.2113289816382284, 1.1281671429583475, -3.5066023079753874, -1.7306299862161276, -2.5804545096179856, 3.1453159004160045, -0.10622456270218451, -3.4897316210761415, 0.47701866051967534, -2.292989441419424, -1.1123274908080552, 0.14162129806825258, -0.8360244131071228, -2.1480716687124866, -2.5679784979573768, 2.9498260837090426, 0.9704599564874933, 2.8654557610083318, 0.1353138609232511, 2.2062018804131194, -1.6208745097032473, -3.8645016925699585, 0.8988276458741266, 1.4567572002808662, -1.7258498227700512, 2.4377623311671877, -1.58048149664182, 0.28930610887116526, 2.7755415209739125, -1.725056262265472, 4.374030953763637, 1.0119752036149088, -0.845689896661675, 0.9441519592389063, 4.125013235306132, -2.715095181840363, -2.7324960200634845, -2.2607429897527522, 3.1312792608294133, 0.5078835093496761, -3.548736980705378, -3.4982834908329856, 2.2411530650473828, -1.403929750385831, 1.560081914258158, -2.032560619942267, -1.6859234063250501, -2.4301936200919827, 3.5954641912059357, -0.21576153681501986, -0.7132593324522044, 2.133704068674648, 1.2746130787186243, 1.3948365298426342, 4.072195085331495, -2.7128475361733795]",1.0294117647058822
11,"[-0.8171489010727272, 3.163875133977818, -3.049839771106184, -2.8376491863032705, -0.0906909849316948, -2.563352733943132, -2.893873101861083, -4.782480668523651, 3.1939869394492924, 1.1905466510782121, -1.823038047720566, -2.4854037415597747, -2.1426391648286818, 2.423941706772288, 0.24464705869489334, -3.2330124896180705, 0.3599939295397012, -2.744045004938836, -1.3387982547249089, -0.10623995790766554, -1.7749971716075732, -1.5016277612271431, -2.369787728945205, 3.5387326052130237, 1.552821940956658, 2.305682416303494, 0.00039211540378725207, 2.2374842461656517, -1.9397854514117228, -3.806501493639318, 0.7896258419516687, 1.315267605762987, -0.880333854162442, 3.3929001633596307, -1.8146447528585932, -0.06486915138808108, 3.4566184616469164, -1.6836768275257799, 4.39652318243751, 0.4458170195176261, -0.2196504913776176, 1.0057582216647831, 3.800605020486153, -2.3197646321611236, -2.8386733861539355, -3.516946387715342, 3.1287870806662204, -0.07940677180038891, -4.15406894483478, -3.1248339929738242, 2.1336824684083924, -1.4635451285731138, 1.7829030480043273, -0.5892897262124657, -1.1357861416235282, -2.612383168451698, 3.6014497891934734, -0.11667659534632449, -0.8565219509507895, 2.6922655786320235, 1.0976630341598823, 0.5173179424676593, 3.9503763107762317, -2.7422851729300137]",1.0294117647058822
11,"[-1.79504464549772, 2.3694664518553776, -3.2389634768377347, -2.110304039701611, -0.056316384610444914, -2.946660458284956, -3.876304184874285, -4.926033888556815, 3.2077525766850026, 1.3438529629989155, -2.829239058388997, -2.6564988613730836, -3.412703026770691, 3.401024013604954, 0.017478641183999777, -2.249828877543008, 0.3475585701845707, -2.4147569141447542, -1.7551547956188944, 0.598724407815267, -1.353628825804016, -1.0080770498907379, -2.4376914289855827, 2.8206279826828897, 0.6919815409580761, 2.054277858688234, 0.04820552256073897, 2.17146671039903, -1.976391724619011, -3.438056871486716, 0.3743606713505806, 0.6244122920069197, -0.9954536403757561, 3.4380886754285456, -1.3554847011679612, -0.24064322679203545, 3.2325343373646285, -1.9358676818979845, 3.9244578816013096, -0.033590743658862054, -0.3542670097610727, 0.5572421582657134, 4.1563157983514065, -2.5480795425577814, -2.9323931621036157, -2.473119643992494, 2.6189555497019557, 0.09120623810063282, -3.374259231152042, -2.8547692582556468, 2.7208051012267522, -0.583597232126478, 2.4507419951671965, -2.352209774420301, -1.434596999706925, -1.9521321090575732, 3.5999579951042557, 0.47461376712879977, -0.238019221177167, 2.117019922330951, 0.17906689644074736, 0.6760242282812834, 4.252321062895528, -2.151382062209965]",1.0294117647058822
11,"[-0.8467823361690475, 2.448432653476347, -3.2085974264158894, -2.1088205326015093, 0.030227363327975876, -3.070431686855643, -2.992555047884331, -5.020568672293055, 3.1600598368011448, 0.7216527498403555, -2.896686974366319, -3.1736886638619644, -2.286586480301995, 2.7919620811776267, 0.7503304123219371, -2.862027716235886, 0.3326537597885869, -1.6918553094215518, -2.6489104968218253, -0.3496625877118612, -1.4586967397338766, -1.087911943709258, -2.9214463241606876, 3.2833369418435883, 0.6573261014563013, 2.687834189128425, 0.06107091686953614, 1.7459534553635647, -2.103446609639389, -3.313182516965653, 1.0629510159510205, 0.7859709675144881, -0.6263036920487006, 2.9968835371274554, -1.606817036175182, 0.3341331138206515, 3.3287000909869673, -1.8065882679783034, 4.411552064515072, 1.2396908454044206, -0.9614762062372331, 1.4110120099543173, 3.845223282770218, -2.9180180617479317, -2.997810817008701, -2.0483313628214925, 2.9463207086963976, -0.10285705576504289, -4.203274278170181, -3.306194116519742, 2.7662479893257648, -1.7727532672144468, 1.9832773189861748, -2.222935571145696, -1.632513794466132, -3.0280271523933013, 3.5976663455650426, -0.5372399528012679, 0.4145464431678308, 3.0619688960698737, 0.6420910335435303, 0.017570778861211167, 4.099633050315869, -2.7363924778991717]",1.0294117647058822
11,"[-0.9198220533598513, 2.075307679643292, -3.194755219010891, -1.9447880368566042, 0.04720163527995244, -2.789772146968343, -3.6694807444329776, -4.994626908128002, 2.508412906337227, 1.2651165170429888, -2.6035871633015706, -3.5826038598220906, -3.0072074696203672, 2.7391402433414425, -0.21430377697635478, -3.7103739167443357, 0.3413666430480035, -2.5710809242808943, -1.1887841341461018, 0.012727131737553243, -1.85028866367742, -2.6452195947744386, -2.311364309113476, 2.5707716156861014, 2.149995876735893, 2.8587227743011585, 0.0763593173957467, 1.4513585601165915, -2.879827566774402, -2.9498751968683843, 0.06366635873031105, 0.5918205025717003, -0.7095929202126097, 3.5046116003063923, -2.2531576030306426, 0.7820397485533975, 3.026149229686392, -0.5097997209057028, 4.32162621186493, 0.5052455737837893, -0.7635028234943034, 1.1657479441855285, 4.138060846597266, -2.9478296009802385, -3.100859579135979, -3.0819526418126326, 3.11226440830642, 0.09563672297520559, -4.19294702994797, -3.0937579893450255, 1.9128014315465518, -1.6805632170274605, 2.860832278839108, -1.067311057215838, -2.201488296523141, -3.301209887745831, 3.467252910011384, 0.23550412132178786, 0.07390384655590682, 2.8689691141480753, 0.9312486394855042, 0.20906913890212292, 4.242873401599837, -2.6436860166911824]",1.0285714285714285
11,"[-0.861371667332719, 2.849003640289558, -3.1139119989634634, -1.7539286992286525, -0.2153327824214867, -3.0657317282530663, -3.8124995449343646, -5.001068043762544, 2.9196757732654137, 1.0011613619003268, -3.1345418345612543, -3.7035314751051285, -2.7477861932194902, 2.813131563503779, 0.13317679985147524, -3.7737267890820556, 1.3318255394243592, -2.8619831444702517, -0.6944050392375909, -0.5348515719196367, -2.336921249300568, -2.235640262072349, -1.9804440224630007, 3.1443363156556985, 2.2511649501288837, 2.8406936602696726, 0.5402568787362549, 1.972924295923495, -3.1920360407166486, -3.86618792961939, -0.04987800560142064, 1.184384611374582, -1.0138944457461219, 3.533344229107643, -1.9110897419469979, 0.887012495367339, 2.4047959011859525, -0.8803903841264531, 4.2804215220989414, 0.44162815401478867, -1.0110512868963266, 1.5935230751874006, 4.131491876775166, -2.4706726918921085, -3.0213106225345685, -3.0235925099413357, 2.4081271664470902, 0.9658207425993098, -3.6628934004305984, -3.5338172725819104, 1.4520207788185138, -1.8009719854203896, 3.6381587553707457, -0.9098468533451318, -2.039995131683093, -3.2400339118903503, 3.5991606178596585, -0.11070137630590099, -0.739005256618718, 2.9178858952763314, 1.4087206298387522, 0.561458989411711, 3.861360607422239, -2.5072703428635483]",1.0285714285714285
11,"[-1.3169438184625832, 1.6837819041305229, -2.949217701271777, -2.080433758072273, 0.5515492649404872, -3.0602996658616126, -2.890685009077496, -5.046808639650713, 2.9442809538552117, 1.2496328811237345, -3.185148647281087, -3.378808688684837, -3.247414307917391, 3.023617229725786, 0.07051748967529756, -3.3288534992463608, 0.35019746558408416, -2.457026695035924, -1.1516608162454138, -0.30204742334596957, -2.047852582056595, -2.7084517626150157, -2.990073886742241, 3.0567786170425624, 2.2729467588379557, 2.6196654089996425, 0.062156303422299164, 1.9214198577055264, -3.1168769521086688, -2.3334587731861416, -0.453085786121484, 1.057908077296246, -0.5519791442150128, 2.5657775439757184, -1.5375925185486419, 1.26203417822437, 2.114699587423811, -1.6494272304339572, 3.9778993055361354, 1.2575607741403376, -1.3058503773265415, 0.9270183824503645, 3.911952420527788, -2.469784705324706, -3.3987512704372067, -3.0665943887303158, 3.099052076954204, 0.28860255965263887, -3.1084548127925595, -3.682346656522378, 1.9314110446115584, -2.3440753967665846, 3.192095341761752, -1.2370683621704892, -2.2049384834416386, -3.4722285686078456, 3.596229774481882, -0.4922877154898875, 0.549196921267876, 3.359552010136921, 1.4803669073698102, 0.6758780012509351, 4.1144435781904685, -2.14015143992696]",1.0277777777777777
11,"[-0.8086638475124244, 2.6617882752235946, -3.06158887812188, -2.3738433201380102, -0.9143108921185978, -2.4473510571942985, -3.8336828201894164, -5.062072678845017, 3.0303769564889196, 1.5384389205477949, -3.8724964188216937, -3.5610123316922033, -2.748719542344785, 2.9484459907087643, 0.26643134144552283, -3.2868640739923034, 0.27359717845193315, -2.6900997766331263, -0.3947334589518202, -0.7055572754717601, -2.1043949573974703, -1.395669516392461, -2.5405584934087617, 3.0294984374604064, 1.3372423008332466, 2.711164081753619, 0.03668305058819621, 2.077497243904995, -2.5812437951001677, -3.132263408757088, -0.2721068814271617, 1.1657191586030242, -1.2200610122310023, 3.230726570542789, -1.8983292298622356, 0.7189375150938945, 3.4564802676096065, -0.9790642696402498, 3.858061953480868, 0.9599415288534944, -0.7143397548018551, 0.34047488374119006, 3.7514003118394683, -2.4492421383725365, -2.8688887601172004, -3.428056417065924, 1.9269042105595384, -0.15575020149470847, -4.085876760699256, -3.021488384090755, 1.445949721807934, -0.7650443032973195, 2.8227678014219486, -2.5754072330508038, -2.2020868605439965, -2.602773609272919, 3.5689766088502917, -0.3691997907071448, -0.22710115632594807, 2.760163359987231, 0.6057038820871112, 0.609073835122637, 3.5799844735015474, -2.1702289286288545]",1.0277777777777777
11,"[-0.6569348571808242, 1.876962586902105, -2.6050483092640677, -2.758517122976763, -1.2352309889037019, -2.107008600003187, -2.8937418137285804, -5.056468748950699, 3.2091153798468457, 0.73590947123456, -1.997162843578931, -2.712616372846962, -2.5848611205804266, 3.7276691635688803, -0.33725868400692044, -2.9351428165498348, 0.3332791006284228, -2.9571965742609714, -1.0565925889290742, 0.39789830192152675, -1.2314250854718571, -1.753651907569563, -2.9165172239662143, 3.300236888045013, 0.23783271446843735, 2.723962735581489, 0.06921679185618179, 1.7056502405517104, -1.5132999253483097, -3.555957356102606, 0.5715538983701124, 1.1496629869346646, -0.7479901168120782, 3.101260822536421, -1.5283622305102922, -0.5328365350851075, 3.3685885342686634, -1.7940147916213656, 4.426342725234075, 0.25881323009715346, -0.6077645217272157, 0.05467353337299952, 4.157591211042547, -2.9507184247956513, -2.5340751846730543, -2.6674820146678555, 3.07925632930264, 0.8466872811496877, -3.0512360402912755, -3.172396505284208, 2.4872154071398387, -0.8447933580765309, 1.8434156181484822, -1.6559393673445597, -1.944126260230863, -2.240554050404823, 3.249039904194828, -0.5159715698042325, -0.7512138057475415, 2.4400301588646127, 0.40787465149601754, 0.9237767421723799, 4.25109734911563, -1.6778154826923073]",1.0277777777777777
11,"[-1.3567079734832013, 2.7036227192553546, -3.075624487576038, -2.3769142661551768, -0.20485933511731308, -2.2617154683515404, -2.9424786843569324, -4.385826328849234, 3.187239238063123, 1.31598406055542, -2.9966483117825913, -2.4114642314832446, -2.967686306737783, 2.9577340613186953, 0.42612645850668296, -2.5864017586777086, 0.40409729430575597, -2.741242070235458, -1.209115659619028, 0.10514011496498593, -0.9703361714715424, -0.9841656465856649, -2.8427936240554876, 3.3429010385785967, 0.8100720479763606, 1.9757151984111725, 0.1375978063274895, 2.1282543091524238, -2.1751993629100306, -3.793143341753512, 0.5653952415182351, 1.4149963444126215, -0.7904137756182157, 3.1494485692383654, -2.6094687714530895, 0.5951752249626651, 3.4565803474963253, -2.2787090418231273, 4.165392311020223, 0.22144586867025823, -0.9452348733354554, 0.6288867116561057, 4.151839726172736, -2.971252611992092, -3.4314986235671725, -1.9217409470029687, 2.9403627434161477, -0.13272887070984873, -4.299111133179965, -3.489486061415528, 1.5354884126608597, -1.9752596365224462, 2.5771722428266304, -2.3456328290402175, -0.6337897261833845, -2.459263717410132, 2.973643036845323, -0.14277811753807085, -0.11387870157628016, 2.0008243757671367, 0.9611837697654442, 0.42560038361179425, 4.236672802501758, -2.6002588105238207]",1.0277777777777777
11,"[-0.8260739276904348, 2.5942185861098874, -3.174197836086538, -2.8284154041093164, 0.331207759795846, -3.0373661556332725, -2.9911338804763896, -4.656262902107307, 3.1691690604885703, 0.9443988391586011, -2.6162888812927885, -2.30538182994296, -2.41131016073877, 3.931659725187803, 0.11636307367085598, -2.5039825971168144, 0.37361048837574645, -2.394918370824692, -1.5144562405916988, -0.7185001776915567, -1.4005163734866373, -2.0639924807274204, -1.4041354819650813, 3.48608440932134, 0.7939925689281517, 2.8473898638852297, 0.09111287972367631, 1.3919172075758397, -1.5348841239575828, -3.7093930775959953, 0.5129322354508776, 1.6104735932124519, -1.4547198922337268, 2.434381139003516, -2.3415843575177595, 0.6858486139332443, 3.42934134488381, -1.9516552774529907, 3.9819604755309554, 0.5344052480014374, -0.7228904151010874, 1.3377831178324942, 3.955730937866759, -2.736019751697037, -2.625104838831492, -2.92833830085166, 2.7828039278551455, 1.0099530409916089, -4.280416959244551, -3.340244842310701, 2.111211984707744, -2.1372659729137493, 1.8666854017822927, -1.6294722943488495, -1.8878370118479864, -3.2777416365818324, 3.4538144666651758, 0.6810314231199971, 0.2652219116629443, 3.5333498621793478, 1.2279057413918717, 0.5758348239529192, 4.2159699455491415, -2.067056548761217]",1.0277777777777777
11,"[-0.29050699284977377, 3.5776749524360625, -3.15784259006377, -2.443366275117012, -0.4208284431111369, -2.3450007593985873, -3.278847669013332, -4.848041087498482, 3.0484857497639517, 0.8473902733053068, -2.2323870501460013, -2.4267165911164135, -2.9658396166871928, 3.053857514813163, 0.6811622102748618, -2.938759099310096, 0.3350477134022826, -2.348236202090036, -1.8524626299856364, 0.2759287868012408, -1.8789455617862383, -1.8599436003644374, -2.19245852838372, 3.4116405224005812, 1.284907332135215, 2.6847070836875995, 0.09512181825038969, 3.3612026955438097, -1.7900451668320707, -3.722763491151862, 0.1678542952164792, 1.8172438839986627, -0.5151070978824218, 2.8699778049975406, -2.49233180213297, 0.6499984278212536, 3.348134079331866, -2.148429209952897, 4.259510464040519, 0.3493481568996247, -0.43248608723391935, 0.35050347272819043, 4.154187138884789, -2.903142289042892, -3.2832162374184684, -2.836304265854192, 1.7637447993835726, 0.3662378915653304, -3.861083016042846, -3.724114882972273, 1.886513530590224, -1.3558152999112216, 2.052487586463097, -1.7398295722573305, -1.308079872316634, -2.407171842105676, 3.4806111542515974, 0.05065588014570591, -0.7530174524311964, 2.988738299235773, 0.9600322767064113, 0.8863517841626634, 4.047708398540845, -2.703648423004556]",1.0277777777777777
11,"[-0.38216895553838093, 2.5525096511497063, -2.975245196590386, -2.432577886959856, 0.18091890843756203, -2.453313661362249, -2.5216066876082683, -4.89631623683143, 2.4211975420727687, 0.8706243036039306, -2.9405503587792574, -3.092129817619549, -2.6042302127724297, 3.615809083074223, -0.3359702959644918, -3.5364804030823387, 0.3190246725262039, -2.283972375892203, -1.3974203551103364, -0.5303065263919825, -1.3764059417258059, -1.2467460940670834, -2.7530539785473387, 3.3706977970158314, 0.8549667630636997, 2.116718152528431, 0.052970673795887185, 1.7921626892195022, -1.9046036379753664, -2.9654540843910357, 0.6971377408021123, 1.441474884526687, -0.9201451471084774, 2.629521598560234, -1.826125226539492, 0.5870429575576758, 3.1820993398685844, -2.605208187875985, 4.275114277412326, 0.5579391854282766, -0.3241699294420234, -0.527936110070741, 3.8528427623741868, -2.8701128877331628, -2.5052258903208573, -2.776955453905163, 3.1098579731516387, 0.3967127793800721, -3.6333918200629443, -3.626376318143259, 2.3829007233261423, -1.0438029509766105, 1.363196067867135, -2.08156258296862, -1.4060629570701992, -3.4030790109704636, 3.269785018403747, -0.11350891517401232, -0.3304032138226563, 2.1225208718399475, 1.8211814207023602, 0.039432297814877004, 3.967348461594864, -1.8518374804064526]",1.0277777777777777
11,"[-1.4223622234533533, 2.315358833933606, -2.7546485330282096, -2.3726606775541748, -0.29538725785959075, -2.9987435580007777, -2.1695206199750245, -4.91615719865658, 2.584969449870497, 0.9060652089773527, -2.77522122937586, -2.3638760685207907, -1.854554572448877, 3.607258258889387, 1.5722315594492706, -2.5070288428699627, 0.3284845696768899, -3.1430481150813048, -1.0458849398302135, 0.3241172047608073, -1.7678418290733893, -1.432615210977618, -1.932441093817022, 2.682192389978421, 1.126791305771237, 2.6932033960791895, 0.08493208531421267, 2.2928293271774196, -2.040189278323636, -3.2655803991645005, 0.897340405452761, 0.4048998491102712, -1.0680501834566092, 3.5815905830176398, -1.7437947497150648, -0.16547550744777934, 3.4319492903960893, -1.3612235304321478, 3.675137684186909, 0.023966937627981855, -1.4729113684301043, 0.2729758048982479, 3.3422085518309013, -2.96273980184457, -3.3515994138458955, -3.0524746691929816, 2.731531304389138, 0.11527529301138811, -3.9620729474231524, -3.28935953558102, 2.4881689990555076, -1.0612001958738864, 2.139265025953182, -1.7710699671429406, -1.5140732033713717, -2.413333719155629, 3.333867441130747, -0.7541706373457387, -1.5494173556183537, 2.417715155545803, 1.4450119536809183, 0.761212258786674, 3.7204551311136154, -2.3681660444807475]",1.0277777777777777
11,"[-1.7912813146283943, 3.817368339294218, -1.642902980745766, -0.7578342683860195, -0.16126819504879464, -2.455263886834868, -3.128300226096277, -4.262592789708274, -0.25289861204656106, -2.3814389739857544, -4.259825873966358, -2.5746577579907113, -1.7621280451164016, 2.5776012562731347, 2.506300068648202, -3.2782947496081505, 1.7373499171421616, -3.009796099990382, 0.5053469512595592, 0.8313509097658202, -3.1068282006175236, -1.629898595376247, -2.6888269717240663, 3.2502920197570218, 2.4964797767664253, 1.7561541603114468, 0.36862277132493704, 1.397647682764016, -4.24203204889247, -3.4013729900527165, -0.6440060559760047, 4.238552521727442, 0.42164752978755, 0.6774031318893927, -1.8084999953148408, 0.2864130120318127, 2.527191132854527, -2.9947837125049626, 2.437324233443378, 0.471540783044881, -0.7697829707101543, 0.8678623206150121, 3.995532999501624, -1.5674311893472193, -2.1632722583514354, -0.5080499809308878, 1.6118803081635225, -1.5373975815846614, -4.223757839712592, -1.447949238612231, 0.3809440020763357, -2.236708230644452, 4.144361375742751, -3.058430871607433, 0.5025967039478263, -2.3210174892178337, 3.1979248045321595, 1.1281033131523843, -0.8278384826289178, 3.353362544185644, 3.007199177213597, 1.9589971118972869, 3.5358200690258013, -2.1054622923986024]",1.027027027027027
11,"[-1.0599215177410495, 2.4113063238240695, -2.0996487130196346, -1.8220456969110392, 0.4157956985640254, -2.835261365607135, -2.85913148741064, -4.8162953062619565, 2.5449275860907794, 0.37680055322709805, -1.680314376907904, -3.4346703215824372, -3.777949348416582, 2.7787887507561977, 2.115766133732408, -3.87465490654774, 1.246681239355199, -4.036555933272737, -0.27597220401541966, 0.3731972794854592, -2.4069253132516604, -1.8997086355741943, -3.02415531438558, 2.960256951812628, 3.483725529825584, 2.2484166020020986, 0.5585605501270748, 2.1701132358357866, -2.8332276601136885, -2.897596862842997, -1.5214083860295298, 0.7093344699320538, -1.9084810687069909, 1.062289399944955, -2.137593568562922, -0.6920110982487228, 1.714479026007795, -0.8358726534401789, 4.267036216394204, 0.8925267803222163, -1.687006462714683, 0.3117976733301989, 2.805151242669373, -2.7022160564820688, -3.346044624465131, -3.737889588701383, 2.4666305258509658, -1.7614063192989224, -4.280906338493981, -3.435332258964525, 1.3452021334360413, -2.390681778432203, 2.921679175750114, -1.0706291392697205, -2.656151239884523, -1.8840715465028381, 2.461142918802723, 1.0428372408829998, -1.1982315872673164, 3.7664542735444644, 1.5678064026723035, 0.9144346295958161, 3.9053857103932534, -2.0287329708251436]",1.0253164556962024
11,"[-0.9716182010582469, 3.738971772420582, -3.2210354193104807, -2.776781555065276, 2.405238517412757, -0.44810108681537697, -3.5942429988717843, -2.8749121111611142, 3.0235158013177355, 1.5255248746293901, -1.244488045328552, -2.731025978797781, -1.3258905995142063, 2.2633266629886624, 3.49904513603912, -3.239501149806904, 2.5022048658646425, -4.030125110666042, 2.8290499414120918, 0.2773635272839565, -2.6279967312661596, -2.927474612479866, -0.9593737201167838, 2.345878960712918, 1.0669669792456709, 1.5092625566952345, 1.0292637722875717, -0.6433739875401328, -1.9779413852428895, -3.7963669569254996, 1.3103565883265502, 4.2115653558158535, 0.21249749559574393, 1.5368160884246072, -2.4011682552994302, 1.7769652118626245, 0.9866033478907357, -1.7878151692735893, 3.879798290902776, 1.1784160157327643, 1.0504889525039733, 2.047095567390229, 3.436158228118977, 2.8448760209936492, -3.436620071551958, -1.5893667461243481, 2.750538745591561, -0.5111652925225187, -0.577854824603379, -1.5293469139539049, -0.3580311338654342, -1.7195424399826542, 3.549590700198469, -2.8441079008434667, -1.735901884137406, -0.24680493722688812, 3.5851669693420547, -0.2438102714498186, -3.4245379160434997, 2.897630703350093, 0.41429058670923125, 3.8057863390312363, 3.3702661876976108, -2.111068747028386]",1.0210526315789474
11,"[-0.9216556913365954, 2.718107485046148, -2.321426430463661, -1.7674875781699821, 0.8805523921131945, -2.736866015761451, -3.745324334770902, -2.7581804053021663, 2.799162705116441, -1.13300360497196, -1.6397695241706036, -3.699675368935983, 0.06484645538322864, 4.287134784794848, 2.788648678706822, -2.3266897062051353, 2.212026383169232, -4.221750870549298, -0.8622506172170469, 0.004321786875601918, -0.738299344272852, -2.191641413158951, -3.5001783918445426, 2.345523498922466, 0.8939045361471982, 2.579472945051542, 1.3838252928934855, 2.5935021925748836, -4.272290221067842, -3.2845308280350585, -1.3503116167096028, 1.9662584004215056, -1.262874271077598, -2.065717543720914, -2.909438076880559, -0.45869328742945675, 2.4850466142440015, -3.273215053307796, 4.378725267911361, 0.9068344900197889, -0.6597860506074696, -0.9693040515986623, 4.12441825209599, -2.9652828630483055, -2.0719642525864006, -2.0087793768908435, 3.0914989099673473, -1.5900783427168466, -3.9600119737439208, 0.03525157610994878, 2.518786902529709, -0.8096976902803685, 0.9896615982425963, -2.0437282130350964, 0.5808794642987796, -3.806894443945308, 3.554676115952041, -1.411491542270857, -2.3138985469518767, 3.645841347476025, 2.563454657880749, 2.358759704195897, 3.3399751072107486, -2.7290854879298596]",1.0210526315789474
11,"[2.7681321177763905, 1.1032412284241413, -2.5025341390656433, -0.8181784412202231, -0.5911257970669752, -3.0737777402886697, -3.5772739523348323, -4.389115395524526, 2.7090094763635286, 0.6383931961932603, -3.2939621583836205, -2.1762276577259767, -1.8250594501739874, 3.3811938636761028, 0.8560342782805734, -3.478540827639407, 2.215543993633827, -2.788379253342004, 0.051421881519354784, 0.1923186165051533, -2.785076655555899, -3.1682419154934958, -3.479480633294238, 2.34595693036614, 3.370575942888935, 2.826320346849519, 1.4806542714378246, -0.5689084294504158, -2.1816720740617384, -3.8592243019442876, -2.1086487147431434, 1.7216426726382386, 0.21081274140383238, 1.788995378838933, -3.154811235752093, -0.5195991526976615, 1.0157684663197122, -0.4533320866384978, 4.065102405500942, 2.563716229628992, -1.6679536188385107, 0.46443439119252217, 3.815164781471082, -2.4364088442456597, -3.0755984179471527, -3.6861123144662122, 1.7236946555481951, -0.31814352518063976, -4.154659144238063, -2.8422701999393487, 0.7607527269326453, -2.8582282501987075, 3.7903452625285197, -1.3217185848658524, -0.6758428957267837, -2.790726674755799, 3.3924766112648985, 0.13810637448797577, -0.47312936073861234, 3.3211159763387217, 2.7064639043639143, 0.33095466608222157, 2.4409388421552753, -1.7070413913515736]",1.0210526315789474
11,"[0.7774533467852557, 0.44534659844229063, 0.4766017355516048, -2.6578199569224688, 0.8971467347069784, -2.8417359684750387, -2.5159106714177084, -3.872157112880151, 2.508577266652583, -0.3642039098385689, -2.222373513474377, -3.5940765570492346, -0.8172723946436857, 4.103421728837808, 2.64301881639044, -3.2042800716694817, 2.3574516773013805, -2.4644418383246034, -1.7126709911721751, 1.4245438742810659, -2.4593518202591724, -3.2835637532067232, -3.5140364413001417, 2.701126196985277, 3.1512238603778027, 2.397554101616481, 1.1043837448690645, 1.1785369823767262, -3.833864673751372, -3.769226611134214, 1.3412276773138014, 3.231860716494272, -0.9438374274036243, 0.8402310922831574, -1.9052273977020198, 0.2185695283524247, 1.8319788826880794, -2.6810596152516895, 2.6254157693813474, -1.6356509065235647, -1.049679103243535, 0.3679056413646601, 3.3680661071112556, -2.8233688825343948, -2.869746182739494, -3.672882962628623, 3.13285178117042, -0.6978634572293335, -3.5310092705223015, -3.2457042919452315, 2.2454956219276863, -0.46799736007000536, 3.1163357201780557, -2.044461195738907, -0.8469926054712957, -3.5724698040416474, 3.1973871491763264, -1.118459573943572, -2.4095693686411623, 2.5821790969118465, 2.5755263649720472, 1.229573541111841, 4.187938570799714, -2.5952324681884456]",1.0210526315789474
11,"[0.132442686326788, 2.0728371312729, -0.9368299292683405, -2.648500748970442, 0.5817268251404335, -3.0022782729113735, -2.795774830601799, -4.492809386624812, 0.15802499585963803, -2.1495470959919865, -2.8561125956110267, -3.2736627617324734, -2.3100021239499293, 1.976800557058254, 3.477806852189934, -3.9325395232700764, 1.8073623375624757, -2.2755886903931457, -0.07438123043578992, 2.244774848718784, -0.8593012548139212, -1.4314365429033116, -2.6224746934251337, 3.204191303716828, 3.0630402892318056, 2.345057339066711, 1.412818689059782, 1.4791729864701972, -4.219347332339298, -2.1213173490526507, -0.6218395116719736, 3.6790928687598017, -1.0195733366869162, -1.123908041111223, -1.3482995936678013, 0.7213331191604619, 0.9201983884078686, -1.4352508158030537, 3.4876640769311837, 2.32339749809385, -0.5021282887289849, -0.5902496046444903, 4.032451997309288, -0.4776866487986564, -2.4548252077046584, -4.599724147371035, 2.1948716982038468, 0.08767437911767595, -3.549608704225651, -3.7072545522584277, 1.706102447209362, -1.4358122747139241, 4.1407836141598064, -2.3211060883630155, -1.1706588672405474, -3.960592521326806, 1.4400253488996482, 1.1786843194013215, -1.6012142325339667, 3.329544956814327, 2.562224741367303, 0.2060668695776442, 2.0818758338950643, -0.06063174638535429]",1.0210526315789474
11,"[-0.15455709477440008, 0.20509345112940203, -1.3916568355897099, -2.7226237889628595, 1.263541935363063, -1.2136067104857338, -2.477557671991973, -3.5918798054009744, 0.9636420329795776, 1.3011249722714768, -3.453278671590686, -3.17707923808445, -1.0384358098189541, 1.6932757126002147, 3.099224059117814, -2.3435486048521748, 2.0874756154612792, -3.358150155795551, -1.7651408293238944, 0.4636142392350186, -2.532059587119541, -3.036430089820014, -3.1508207466775344, 3.4428452472617725, 1.1881089650575345, 0.3315798708531865, 1.4161464513039257, 1.2625859018405694, -3.9979394821293566, -3.171970113094547, 0.008551734343969164, 3.4654737203616905, -1.5734966616071104, 1.052722831498457, -2.6334758802762885, 0.9735756461932541, 2.126238421210318, -2.864488940228834, 4.285880770525126, 0.40177831049751295, -0.45542149337336846, -0.41242426195901427, 3.652397447047197, -2.6965482543849624, -2.580872751009448, -4.578695100368318, 3.0806757072177997, -0.9179408061614991, -3.9099059931921563, -3.0719688993533905, 1.5510054632488492, -2.6021221407799184, 3.2440881364224787, -2.9972204406630105, -0.9167999958331826, -3.817741468747452, 3.0354715956239104, 1.6078530637898254, -0.20429688903720233, 3.8273593446851937, 3.0787942192554016, 1.5703806513533716, 3.2709334910696364, -2.080986444927619]",1.0210526315789474
12,"[2.747679472052999, -2.0695443203906603, -1.6652992187137265, 0.8644691400049774, -2.273318804605326, 3.5820153503905923, 3.1051957401189902, 1.443803149765053, -1.7992560899715853, -1.544536854854412, -0.541323249951813, 0.8115194922077364, -2.951781737920923, -1.325857363556181, 1.5781300806365608, -1.4751233438155225, 0.36399489928520967, 2.5748308885347044, 0.39261139784958177, -0.5401598794677087, 0.2563719461387461, 0.1832350105179543, 1.018567103301355, 2.337526933419429, -2.0775638957747646, -1.8553783444889622, -0.11636221265430494, 1.3686625941292885, -3.502349213591506, 0.8323522450988632, 2.0056401557572756, 3.3785996034347083, -3.403506808850243, -3.0406324039513524, -1.8802437458878307, 1.554619168801703, 0.173689251432514, -2.112169810604945, 0.3148157118286732, 2.925913541552344, 3.840085267526623, -2.3226036658796616, -0.08217888599140175, 3.5249703727940473, 0.8580060222364265, 0.9433356606517656, -1.653065367896591, 3.2257036056197315, -0.0586180859601752, 0.6795835748495691, 2.3014050920465463, -1.4180907951371617, 1.991089221937334, -0.2613751009049961, -2.7409156092981735, 0.9024897715418085, 1.4348923987977527, -1.6215997548902132, -0.5531168378026544, 1.78270705236785, 0.12254271241792347, 3.0050205006078077, -1.7101326008943034, 0.13570784863145224]",1.0454545454545454
12,"[-1.1450491124096676, -0.35412299191046537, -1.1525861475196264, 2.517095964379171, -1.50088236620006, 4.1191519384208926, 1.902881767861305, 1.957978387979145, -0.5544239159321209, 1.6210209107502502, 0.8500091232843491, 0.715025231171409, -4.090599512898118, 1.1901996129329593, 3.6034987529023144, -0.5587720024109334, 0.06790369607402513, 1.1571952268924566, -1.5317784522045264, -0.452168539332754, -0.20341405181772432, -2.1890899540453916, 2.768491404367708, -0.555850304221886, -2.292978113246086, 0.03857072838622644, -0.04795377974735371, 4.17033554976857, -3.5133711811532113, -0.9147885050170843, 0.6892558448500359, 3.0061446574642554, -1.932908412460112, -2.0436201925615003, -1.7826391534084136, -0.14836430961307245, 0.3352144830290974, -0.5075367497953291, -0.983794273578672, 0.8349952524255123, 4.023845640317178, -2.983681334676122, 0.7876714598422319, 2.0130090715314504, -3.077489369019469, -2.2384487736693166, -1.5038508335998966, 3.878751804838528, -0.8980634694170779, -1.4801421765130711, 0.9543029620667529, -2.4630701203683047, 4.093149685960287, 1.0991065176685915, -1.4908479540943662, 1.7136270266819433, 0.5896805873695063, 0.3230978696808193, 1.4880254579716117, 2.891043611304794, -2.646567430377554, 3.4625581485806807, -3.980724716541263, -1.7765678311945954]",1.032258064516129
12,"[2.4289342373256626, -2.116287918202587, -2.904556633025206, 1.8615581707791065, -0.41163112022054094, 4.131402744535575, 3.5912574003388116, 1.7372547549031716, -2.1219108842329315, -0.7151418410526303, -1.5213313765926237, 0.968529218638809, -2.343193522730808, -3.733061865203759, 2.5665934496191856, -3.0375775274608916, 0.15526727210327707, 2.5745443773084364, -1.20689815895871, -1.7679979773569003, -0.0321540879884753, 1.879125724052109, -0.2980195798848225, 3.540386143607858, -0.3095111209582999, -0.7338049203592864, -0.004539477968011352, 2.157624611756093, -4.266408434278691, 0.6054731595200845, 2.566840732059427, 1.2131597361602635, -2.2016537508902996, -1.9280901325655702, -1.6628695056327336, 2.79730073069845, -1.2173935596056513, -3.0061736594908575, -0.7877414627243136, 2.4366229273692697, 3.484195684048432, 0.28154047420004336, -0.6216728514354357, 2.4788478907229194, 1.2804829036193561, 2.725975040340492, -1.4116489651221067, 2.552452218577137, 1.5639646694740945, 0.8194004072333336, 1.5270084210392245, -0.8743428230425334, 2.694883543677302, -1.230725547814777, -2.7341232720320665, 0.5650451590335487, 2.8256941553389776, 0.001902347460052245, -0.30941392393443334, 3.829047103176222, -1.1968277555304505, 3.848924399160128, -2.3624892525378662, 0.32949057360431533]",1.032258064516129
12,"[2.807733313684356, -1.9480876267772445, -0.29257762673310606, -0.09613633619692796, -2.2860301255874984, 4.136707823540126, 3.599944573567895, 1.925959079592271, -2.1310886807591825, -1.8155730744454388, -1.8682429226786375, 2.0196873338413206, -3.157150573938384, -3.075553486688304, 3.7696268735149934, -2.764874456424381, 0.32325963773137456, 2.474210606612635, 0.11761560011725943, -1.005891430958614, 0.2180109306811474, 0.12619071826479375, 1.3804072978746043, 1.8540068930475377, -2.2958010129655952, -1.2854258640868512, 0.0874393715357421, 1.5705487762020964, -4.22655682818669, -0.9276299064962819, 3.046147566853893, 2.2964933965710745, -2.697950711413207, -2.628319051382088, -0.13430321011971857, 2.965355135650024, -1.4620406371294896, -1.866160686931972, 0.4809693510989912, 1.6011516834497348, 3.730163185417478, -3.08351895832109, -0.2990790757233213, 3.409519390938699, 0.05197715140043527, 2.5992930626185373, -2.1508086103907487, 2.2493619987858082, -0.5042255217360216, -0.11717595951319398, 3.351522601675918, -0.7865423140488418, 1.9752630661865327, -0.5094159860517319, -2.6968764906166474, 1.5114321970915365, 1.2470703681056854, -0.5090316418821615, 1.1017721351625158, 2.0385078063969684, -0.44427658976924006, 1.7226499857255513, -3.2539282961472376, -0.9116212164015021]",1.032258064516129
12,"[3.263161694696461, -2.422786549736066, -0.7954177316049461, 0.04003850145846888, -3.488002823058837, 3.3688665850748922, 2.757551719293832, 2.334959896608947, -0.9817177788291598, -1.7035421843040486, -0.8934234906883074, 0.5484358559642174, -3.0024003359612084, -1.4061805564163805, 3.2411405447668913, -1.3586964770249508, 0.3062475072916152, 2.371659337143453, -0.29365231420259597, -0.7838839850607643, 1.0462037959393733, 0.881057226228365, 0.2768457473170791, 3.3887381650828483, -1.192859115792407, -0.4354162931143746, -0.02091152144624355, 1.2910341989010083, -4.266327741293501, 0.5795264825748836, 2.2855466995109524, 2.29518146815708, -3.272721122316306, -2.2651356119676733, -1.293098722126117, 2.6886376535198577, -0.5132536600280263, -1.835851819214475, -0.08739084147186088, 3.651957391606705, 2.531209219473407, -2.5227238798376925, 0.4400897108626227, 3.1092826228567922, 0.10874581624896404, 2.7675112756845524, -1.5944171246369006, 3.189837979447474, -1.3372953406292276, 0.5755233674061216, 3.233277522350031, -1.4046373646726396, 1.7613796332350664, 0.14921028905563627, -2.171560020139775, -0.04938512154687591, 0.9936973935938306, -0.7541151641588935, 0.5454477988213824, 2.4427113799063376, 0.20258339954209914, 3.0126824998775454, -2.169519212273869, -1.1398191437297853]",1.032258064516129
12,"[2.862698388652832, -2.3133193517981274, -0.3232110837197085, 1.1206308676726504, -2.2991661359749864, 3.0431754055251705, 2.9006194291418166, 1.139819165564295, -1.8934356042829295, -1.6761187975649623, 0.44884725055867825, 0.9841499814719269, -1.8687727450562512, -1.5706884212459, 3.3922231590261656, -2.2858046981763103, 0.1926606493541423, 2.7583506488609775, -0.12083861059300738, -0.976579069801125, 0.7021743652191428, -0.043472394115571855, 0.22983468250915287, 2.605399356866796, -2.155902631661557, -0.6945621745825561, -0.01599083337787363, 1.313065379752321, -3.651695432982255, -0.4572499119392952, 2.9872533687751552, 2.706987922134609, -3.41559230685892, -2.697415465890413, -1.309786429698529, 1.601010240300912, -1.4079558776337473, -2.032316287677231, 0.3540379905482465, 3.196272341312096, 2.6602529057929227, -2.064649891232275, 0.5036475149042154, 3.182726656539862, -0.029322683118160345, 1.5840786081461653, -0.8377362757339125, 2.4819467433513864, -0.12904713066245982, 0.762445352974291, 3.5404226964260017, -0.7946650551758159, 3.6180227822876994, -0.5607752342880756, -1.9485152989124839, 0.3915482432504195, 1.5078545802527303, -0.3901310539999959, 0.6630914602309566, 1.9577032424883163, -0.11498850351558876, 2.728681861861752, -1.8682930476190465, 0.6560109385894562]",1.032258064516129
12,"[2.7678047387595703, -2.413227082918148, -0.823957649932779, 1.3832791080613391, -1.5703030947859367, 2.9594102528169475, 3.4525813001317465, 0.4231385279453457, -2.734357220319132, -0.0625395332536256, -3.1773695099369412, 1.3805457161695809, -3.1900452509876005, -1.1338212519941575, 1.70039576130338, -1.0723929296439119, 0.14465481218618192, 1.666671936641031, 0.41010302849980085, -0.20481580717520054, 1.0450647261170922, -0.5975681659000172, 0.07309638906635059, 1.7605861903447706, -2.052648657430713, -1.1310789669466157, 0.05673033667960545, 1.7035290501853462, -3.0778037354668992, -0.8345477930522885, 3.028162814009729, 3.2866066333935016, -2.8120762674832425, -1.6817210516960812, -1.570991740818915, 2.6385678853037047, -1.1116696451979131, -2.832629873300605, -0.2917519678261201, 3.9901854984537666, 2.4158488550038366, -3.1108238770046874, 0.8234178000703705, 2.7710223181749747, -2.2183277994714903, 3.0259396558823517, -1.8788397157076733, 2.011871959571482, 1.356748833365269, 0.5079164231075932, 3.5028419788457237, -1.2459933821337639, 2.73859550953817, -0.42725737224755767, -1.9344243413334299, 0.8848309439719189, 1.628266951386899, 0.5223932055538331, 0.03390311515076183, 1.183183358553968, -1.3230016909632285, 3.4190259642382084, -2.252365459326188, 0.2561347786691349]",1.03125
12,"[0.017107671938228597, -2.2397477194375695, 1.6191420538461279, 1.669119127439962, -2.841330152283642, 4.052205679562208, 3.160602667766571, 1.4896233697361845, 0.64911699175167, -1.8183083410075556, 2.124442694374463, 1.0082216236369081, -4.0076696695417, 1.0405008062216294, 3.678530679209741, -3.0757918555518566, -0.009774147946204792, 4.130645791789, -0.3264225053791363, 1.020757262264303, -2.9831334434056895, 0.38686757012084094, 0.9562094024267913, 0.5099636926166555, -2.1942938236307565, 2.8538269676634203, -0.1027391424672277, 4.19291929570026, -2.595494488401522, 0.8538548532663077, 3.0985944341326435, 0.9272195860457941, -3.3245869125099734, -2.760581376132217, 1.939361402318875, 1.516327488703109, -0.21919491752903253, 0.6821418496273641, -2.3167007067993337, 1.847993392249488, 1.7530718015437168, -3.04560020111551, 4.154405986389748, 2.9756030117496732, 0.3585143193460518, -1.6530261558215522, -3.41151404762409, 1.5786444747100965, -1.6146222124649086, -0.07458528095802075, 1.1168489118405298, -2.1995803286496005, 2.6553612273182097, 1.777725569444569, -1.3278006571350311, 1.8929398171593055, 1.0009585842775288, -1.5998704192496065, 2.2369226411239387, 2.2374779551406463, -0.5436077243011865, 3.101507482054795, -3.8942919677683037, 0.07592868446604428]",1.0277777777777777
12,"[1.582685123379978, -2.381081721736651, 0.26037103904743675, 2.0403511930026905, -3.5718163288411757, 2.3403887658307596, 3.146896007354153, -1.4455140598140876, -1.3052025161434182, -1.048320785229528, 0.31686239203604005, 1.1401982268234092, -3.1897355399795417, -1.4673571928909617, 3.0312004110436694, -2.544832894621383, 0.11771014897428245, 2.649741944890869, 0.5920089484243545, 0.296642771106576, 3.3569402743581582, 2.0389091948424696, -1.778121441660087, 2.1130288765457337, -1.7469266758007862, -2.2174636962472896, -0.05629711333803647, 1.398795414853982, -2.783851123754025, 1.1096468535003539, 2.874458665786505, 2.484700662934012, -2.6054023117529725, -0.6372902255319707, -2.2174559523991784, 2.9354464001956124, -1.297968589045424, -2.9828174686358726, -2.3210425765349303, 1.2639505563145752, 3.981113905792747, -1.3599260620528626, -1.0161282562866012, 1.5948195666832006, 0.5063750365296773, 1.6262821224509174, -2.3118377544145017, 1.2211227974890124, -0.7404879993849995, 1.0361189811315448, 3.5464052336119036, -2.013301189107959, 1.6736916767717671, -2.353834271650485, -0.9235031572139603, -0.49543841648256337, 0.6415660612959834, 0.7081395018866635, -0.8511899196548581, 1.475313944338578, -0.4659920827187607, 3.082041032308175, 0.1719260387922419, -2.709618626114716]",1.0277777777777777
12,"[3.135389786302051, -1.8398467094462498, -0.6728808264606474, 1.1753469201695472, -3.506230976063267, 3.592338754491074, 3.6689441195016004, 1.8047917239165328, -0.5738891317208632, -1.6540296839688393, -0.6885804869961244, 1.5759335802953336, -3.9032020488697823, -1.2351180776419182, 2.5518293297799963, -1.994957019329547, 0.1305681520006412, 2.472953904187727, -0.13320288835479238, -1.4732162523701164, 1.2459156680704, 0.3569207447669775, 0.597926391932009, 3.5082796325965107, -1.9334979628855928, 0.7353299223500407, 0.029448494249783186, 1.7767223407062143, -3.682530119766094, -0.5735782726741393, 3.2226027469368455, 3.005790587995876, -3.261549338903097, -2.669413851114542, -1.5921281233507196, -0.004940097571290103, 0.48115336470316405, -1.8393957071108553, 0.16830711065368076, 1.9845603380544818, 2.7574350554646645, -3.3579294126315045, -0.5698352873689494, 3.503895541417213, -0.9193101885940151, 2.6300801724713416, -1.9548610203198968, 2.6524884209036097, -0.23512846773432441, 0.7875514854101052, 2.3595223144137574, -0.5827719957845228, 3.2156382906082666, -1.8246201131785935, -2.1685479193750634, -0.19864384498451337, 1.9435657758818894, -1.414550924776738, -0.1057120565325679, 0.7607403930277841, -1.0926466467349338, 3.856297907614935, -1.5968927276524663, 1.018691934738994]",1.0277777777777777
12,"[1.460529768896771, -2.1972395262455966, -1.4453146013944993, 0.7308673411767094, -2.7098706195613547, 2.3048792145613435, 3.3679837177693046, 2.2271022677248498, -1.4422465891944687, -0.7308132092789037, -0.45160566056983975, -0.21246578339997002, -2.6108650832172966, -2.8886507675029978, 3.8044667609079426, -2.2384737576791363, 0.21773040194568694, 2.733255368114806, -0.3234385610262086, -0.693937634654856, -0.19331957323333826, 0.36535801250793243, 0.6714011214099929, 3.224469227385053, -2.455896249547091, -1.3198839309427395, 0.01857881793460378, 1.8464444494185592, -3.3168776541823934, -0.9482951598937271, 3.0806631500598187, 2.817822039408169, -3.252463711390715, -2.416222942580639, -0.1559264919228298, 2.5909191432778567, -1.7617985990949632, -2.3831193263502137, -0.4294896618451467, 2.901094841485805, 3.0227255289967414, -3.118156622252404, 0.12246951151714071, 3.3778551333068787, 0.7762907943663065, 2.7017205546306733, -0.43343759939626214, 2.40881165678032, -0.23561361939132183, 0.8842175154195714, 2.159734557707028, -1.2794235370040887, 2.2379769906704285, -0.1199352381657337, -2.337800906045136, 1.1530568214589947, 2.8344226707116613, -0.5776657316881559, 0.631574852558239, 1.5939247969048036, -1.687024838572062, 3.4369479411220745, -1.0824143602601162, 0.18376198800389687]",1.0277777777777777
12,"[2.6027825262981983, -2.140006632228018, -0.7927414443277521, -0.07960154962624344, -2.5518420843015415, 4.04583936821718, 3.725315107690826, 1.0644124488290858, -2.0392191969588396, -1.4980540320206661, -0.27291440849228893, 1.1636629858262697, -2.5405182354813625, -1.5337943153692217, 1.7912138423836486, -2.0019876492756588, 0.14549828251014896, 3.3999000531035026, -1.2119300066265286, -1.0460518322376915, 0.1752904561452926, 0.8829625990293581, -0.04650343370436413, 2.912465842667845, -2.665618587926037, 0.5971587664696647, 0.017978965558583637, 1.4436897165095308, -4.271532609938654, -0.45756544659110293, 2.476320121201355, 2.49282980190599, -2.908415675231829, -2.332554906238574, -1.0608886686352346, 2.7295947574094117, -0.8568498966220534, -2.958537375320237, 0.7374695355418249, 2.918466390228716, 2.9751429443427537, -2.1050278411767307, -0.2161285536188044, 3.102708913714607, -0.6535776619067293, 2.9908672302311086, -1.653844075695778, 2.917874578129836, -0.8059995851220523, 0.28434614087185667, 2.7535129007928862, -0.9532966783961161, 3.5753720253539374, -1.1021168310308629, -2.7112537341216503, 1.5177201601711212, 0.9227613378166626, -1.1154519135898973, -0.13733815937851246, 1.977860609767285, -1.5450636786809424, 3.8130923795330913, -1.5167087953045961, -0.9405084600096598]",1.0277777777777777
12,"[1.5733739261176238, -1.7845751296696035, -0.7526917599619749, 0.6661045983979375, -2.6376534819993713, 4.033892232343883, 3.6785005031511178, 1.3118507067584506, -1.458189278454215, -0.6218152092975431, -1.2108361014305358, 0.15241458262817453, -3.4197192193088735, -1.8860051992176436, 2.5745420116148665, -2.887052079415898, 0.10496508271772287, 3.429605998354952, 0.2113367624402549, -1.2399221505357867, 0.07365354023122433, -0.1823263863830638, 0.30801381197902405, 3.077772083105915, -1.9206647604984382, -0.8872233429727173, 0.014166730108495729, 1.1858643478023543, -3.7220240875550132, 0.20631234115683011, 1.1838750531928408, 2.3042589165252223, -2.60047505630025, -3.0436270693337617, -0.5841849914740348, 2.825150076277844, -0.6543251778678573, -2.7091077829016896, 1.0412592330584638, 2.300263536226965, 3.7567019665183143, -2.7814972495979156, 0.609869752533246, 3.4747849444431504, -0.47821220740923126, 2.149035310407107, -0.5539819779121143, 2.9501063555809814, 0.3810898546727215, 0.9265096776304281, 3.1697499436926835, -1.1292333575992286, 2.252548867504898, 0.09002656152289285, -2.6937487463097654, 0.35319882114384293, 2.356506350992794, -0.8544912549230465, 0.1198132340626516, 0.7722214932353106, -1.4548967422953756, 3.079226163902484, -0.9421348383944075, 0.19135538956034254]",1.0277777777777777
12,"[2.6555906064182615, -2.1850420867012015, -1.3654267869524472, 1.06422169335639, -1.1610282275147767, 3.3568096094349453, 1.848263320033812, 0.15200893034596308, -1.6850883954693912, -2.776914609103259, -2.11003215784838, 1.5783761475757754, -3.153821478731902, 0.6459013285701134, 3.5554825460958286, -0.8008405021835729, 1.7145020494403904, 4.00635021975053, 2.28804710485752, -2.541419136865839, 1.7257783721335338, 2.101313477009388, 0.1271896558258349, 1.2041346095613397, -1.004138951999289, -3.0301340067372795, 1.4407676174662296, 0.31666338481542833, -2.3156387025339153, 1.301071730418432, 1.5372686268959361, 2.6540284305287596, -3.3987403092781823, 0.33183525299624117, -0.03442969498686166, 2.9626959961122856, 0.30833463088702406, -0.9788703060508548, -0.5381313821669783, 4.306507019179469, 2.622828897576775, -3.551760451457932, 2.2490777563128646, 3.192813838266646, 0.3564547517805812, 0.8865338458204551, -1.4894311585599822, 3.939206197024353, -2.5158128758866978, -1.0655587629323229, 2.6196498343951626, 0.3275302527743288, 2.8993776753967957, 0.3745392957663526, -2.7425040395635056, 0.06649004730804398, 1.41887028830053, 1.132752136602241, 1.601891850904002, 2.335956639443814, 0.6368735500734859, 3.0839377204645597, -1.5068512969159586, -1.4221602775515487]",1.0210526315789474
12,"[-1.4196181983919134, 0.37628429478642333, -2.507871716759332, 1.7695825393710964, -1.8183122289209628, 3.550289785776123, 1.2339584158190926, 1.256297138755645, 2.4461207622226206, -1.6713154859743025, 0.3157920674218724, -0.545238644959941, -3.7640514763512405, 2.2261879809394323, 3.394174118943854, -1.3581868002373865, 2.266445804796942, 3.209129958775962, -3.718338542491211, -1.2334877826903177, -2.236803987468313, 0.9861864604680364, 3.2482797134873254, -1.2125575026893307, -1.1630321388458134, 1.2144271558701618, 1.3916290106131168, 3.793917398541183, -1.4089050286294602, 1.8006985321912201, 3.268535880452962, 2.9476458639696377, -3.378773006406055, -0.5216587243205444, -1.1188712102997802, -0.7769447346382137, 1.209627140665187, -0.13899834010248444, -2.621682421211726, 0.5463666436221397, 2.804603737314286, -1.0078369553377462, 3.7318966618779386, 2.0982766612995754, -1.0263446440777682, -0.32811540212230905, -2.04343025692615, 3.74444838698331, -0.009702517217840323, 1.5554130596231242, 2.910795220598927, -2.1640457002174616, 4.046125284495263, 0.009301623535895587, -2.2146758632158807, -1.571398843291358, 0.10102499907655282, -1.5879707970532135, 1.6749867370953104, 2.954731604623276, -2.829932718815427, 1.9993712399566035, -3.3069599861598054, 3.0006353614391026]",1.0208333333333333
12,"[0.5490848461157766, -1.1708110376267054, -1.1970040862661, 1.0424309250673698, -2.3525359847553853, 2.554060477113583, -0.010099763654939142, 1.2182306239265552, -0.417156945098317, -2.363069008097283, 1.019483836069685, 0.8454685435812551, -1.8267439482695327, 0.8673622452233447, 3.460351026467974, 0.9181565801126106, 2.223107930229852, 3.273075762719571, -3.6297086909468943, -3.108604276643755, -3.0784132259965507, -2.673187631039311, 0.04564718777583843, 1.6855498886586509, -1.5241946434693254, 1.6225289835357142, 1.4444004557551597, 3.9674903730731907, -3.4635382502461662, -0.504884112077976, 3.1504821700249193, 2.659135182790224, -3.01693653306659, 0.7335224926142003, 3.134147424192903, 1.705702201444232, 2.329482969684969, 0.49156747775076826, -2.34010327753861, 1.453945602552372, 2.8361044761031593, -0.5711186446725782, 3.559332718358834, 3.3796762163309397, -2.097087879630424, 0.6181875813750362, -1.57158887500454, 0.9609280333117916, -0.44668022939871443, 2.0327096633309822, 0.3190945934960987, -3.7940481332341705, 1.5634184935540612, 0.022480167004458318, -0.7785618596690878, -1.1465288527395114, 3.469583583742083, -2.363841839980612, 2.56228222311145, 1.922556912864852, -3.623711757785518, 1.2051432692273507, -2.770428311980685, -0.5981203239890405]",1.0208333333333333
12,"[4.073482598330709, -1.989481136808224, -0.6152850148649299, 0.12089768112074095, -1.9746925103397945, 3.763387102769169, 2.146809886725703, -0.07187785956987724, -2.261199301537241, -1.684570209843619, 0.26541957673931293, -0.04895418258677364, -2.8564314290945885, -2.6173629922651913, 3.6039587956531554, -2.4943002754701884, 0.526692053570057, 2.0800002386284575, 1.3282109792005088, -0.9334855796142623, 1.093299793420916, -1.401908143851582, 0.24419171652452568, 3.4351536997962664, -0.3412165570628536, -0.26014446533567437, 0.05298247908553594, 1.243053336752582, -4.211510753548758, -0.8508512417719893, 3.111283745771949, 2.591388398301869, -2.5705761280618087, -1.5916403786957407, -0.8821289585024764, 1.707421839624884, -0.0251300424227614, -2.703498070259988, -2.266420714115606, 3.9238110889574465, 3.060452242913555, -2.1122887036927054, 1.073515288347381, 3.235555468976087, -0.089041847915765, 2.4548366177460434, -1.8143225516702952, 1.6263026973878674, 0.5796205280543614, 0.6584393069698895, 1.0825380840614987, -0.6248775539041623, 3.2874244315244487, -0.5245933092263064, -2.701377077516542, -0.2613364402992622, 2.2878039362907363, -0.30906734305579575, -0.931333182609867, 1.301274365717489, -1.094540518886886, 3.5369893985327163, -1.890496812465087, -1.0618552661036198]",1.0175438596491229
12,"[2.2543356478607173, -2.394672420580288, -0.7866983343651486, 1.3476741700217416, -1.8330971937718419, 3.289343471902186, 2.3701101311863666, 0.49949971143290833, -1.6641405532427038, -1.2751839249067398, -0.18726560304131018, 0.7031215548662447, -3.292297410777548, -2.4057542531343725, 3.715731672570364, -1.8233118560348287, 0.1706030914620409, 2.499175315320687, -0.05170379412916959, -0.8451817986133219, -0.07966144591351354, -0.020423409070078002, 0.5141827885244499, 2.0187080819938643, -1.9259016875205146, 0.465396547790923, 0.06176780149863187, 0.23462215065140524, -3.9562720351040883, 0.14353262676675455, 3.2663324114590875, 2.5516200288792006, -3.0893104595995324, -0.8526588752772217, -0.7999457138361976, 2.406397360689615, -0.6229763491522616, -2.860163748581832, 0.7685063541896993, 1.5487215314139628, 2.746572057450162, -3.113826699224843, -1.0225512361883409, 3.0242154446540157, -0.5376993534051839, 2.452584720662999, -0.3143852361901408, 2.2062856152239627, -0.10776771341702279, 0.6763596859314854, 1.6564209923306092, -1.0696591650591087, 2.726976468498837, -0.44203376497468005, -2.2478188168144504, 0.06763182210140689, 1.7015669652367746, -1.2549382814430674, 0.9015799095222474, 1.6310255504819995, -1.2037250614060375, 3.8374438085555473, -1.6677417899682112, -0.1563231427101729]",1.0136986301369864
12,"[2.0232264816402763, -2.2008606576974596, -0.8804337999175271, 1.37757463827818, -3.5343796078825176, 2.401194142609876, 3.309570290686218, 0.6946336374542877, -1.914023523778549, -1.0482816857511548, 1.0876312125642809, 2.988511781057521, -3.573111657140071, -0.09373305055417269, 3.6235011282605165, -1.1844877792330288, 0.5529433416269218, 3.5057057502507343, 0.7433347110800539, 1.456873511443084, 2.51565679102435, 0.3412172202610436, -0.7587152388142278, 2.367560820634144, -2.5790075470607787, -2.6295033546285254, 1.3623364446741983, 0.5419193851998172, -4.034934512738461, 2.14287915154536, 1.805526471726988, 2.133011319356609, -2.0922586451063423, -0.7624322585373079, -1.2613260694741057, 2.2321668427445998, -0.19673696107042604, -3.5701200590709616, -2.957960210513825, 2.8645397892257836, 1.988167486656581, -2.9720004345857625, 0.4631043992088327, 3.1920719697721514, 1.5567002267560777, 2.3442022189983307, -0.5038113665720256, 3.141367019035182, -0.8204067710466602, 0.05669233919794668, 0.610869301904803, 0.9442706211009783, 2.7279089680477075, -0.43049200580921565, -2.541720893189445, -0.3179700197783266, 1.8967521969895806, -2.0482530646480095, 1.2215295811687374, 3.138599831435446, -1.4684945186403642, 3.0970772707242915, -2.0645112506598045, 0.16866918116600071]",1.0108695652173914
12,"[0.8847195425894295, -2.4348946960537017, 1.2829491762479204, -1.5672989691276995, -1.8028836789249476, 3.188421907218147, 1.7926764059312443, 0.8805637265769378, 0.47396152065754715, -1.8671521968290365, 2.161025649310065, -2.808613067351492, -4.108558393202315, 0.2964797714555739, 1.9547833314997776, -0.7116578895378741, 0.9589004522772093, 4.254596671165525, -2.100470681244825, -1.0140523138402249, -2.2712419400148223, -1.0492868493548142, -0.3800985498224123, 0.08388825878031432, -1.4453687423149668, 2.136556464280825, 1.375036439590948, 3.2227120499429547, -1.8849691177460697, 0.41716930561107035, 0.1583657761889512, 1.4242870634621265, -2.221825228304301, -1.9994021865548843, 1.535713897861241, 2.1630630679561853, -1.2178726764190986, 0.5999196171969826, -2.9312104495655724, 0.15841745511553773, 3.8907059410934193, -3.2610204115741723, 1.51224825713869, 3.234514908601905, 0.15402314762473868, 0.4783722544476965, -0.026356276280958157, 2.565685748967656, -2.221183518834519, 0.4864268804626939, 0.23399291545830758, -2.066960441586265, -0.3109369374083042, 1.7496215260928878, -1.1603032021324788, 1.4869223911660718, 1.7209900450022508, 0.5437678748144692, 1.937884917270357, 3.689732138861862, -2.3349216523921705, 2.649420711300877, -2.981475740738865, -2.4239014569042867]",1.0106382978723405
12,"[3.5889421473625505, -2.45180599863244, -0.3644258332189832, -0.36797188809083003, -1.0952877632990365, 1.6090799330787109, 1.1515596119250127, 1.820803978679694, -2.4510358316172884, -1.529396392409183, 0.5268828342478864, -1.8754701116866088, -4.08961082244661, 1.6148227776436832, 2.7783254337971437, -0.11486173456151816, 1.0717847231621127, 2.503983456446068, -1.6185950698240377, -2.465051325945617, 0.6288467109798201, -0.19520044380340662, 2.835350774875494, -0.34798570797127826, -2.100445446648716, 1.0503753745516502, 1.1186173718047976, 2.382293149893915, -2.125298669120967, 1.9964469626293597, 1.286760715857044, 2.1467154661578296, -3.1251899771904235, -1.9968291546704964, 1.1932269888807019, 2.2752521611636416, 3.323976143092208, -0.8059682521496554, -0.7077802396046462, 2.864371208939896, 1.1350094698168707, -2.316395288253691, 2.9601794711535274, 2.1195255126879444, -2.1591568798178056, -0.18857114007149464, -0.36003426079931566, 2.899177228984656, 1.276143080190918, -1.5882447926641667, 2.2913909599149047, 0.9562857977352981, 4.086015085269798, -1.4688391626309873, -2.7418369722102445, 2.7551438776332478, 2.7390808405011797, -1.9627517656012927, 2.5553837824435544, 3.4860543886340647, -1.8257251570686486, 1.3371784666664004, -3.559842618844554, -2.388732500711339]",1.0106382978723405
12,"[3.5890556011704953, -1.9817661131196145, -2.157805731247893, 1.6481127914691767, -1.8790085915933656, 3.9705026685839293, 0.5245108882696949, -0.6789020191207595, -2.2854583639179604, -0.2515762690373865, -2.090696997930743, 0.5725427770283731, -3.831260310271431, -1.4829304929110874, 2.586517816931202, -2.712189523074953, 0.8300411347058037, 2.4178160834559725, -0.46862417680512547, -1.5677141076585777, -0.5509429154610994, -1.3293140739311826, 1.076314158989315, 2.8632510759072383, -2.7914290878906085, -0.7986366013830984, 1.286446651605071, 1.7801601455427665, -3.0967077165379213, 2.48631603023873, 2.1495726085548688, 2.9778690235919845, -1.9157583957815936, -2.4111740620803674, -1.6682862693473592, 1.0642321719747967, -1.384608193250434, -2.6751885805001034, -1.1409520390291117, 3.9372795586741876, 2.5680983660033228, -1.6557087629455407, -0.1123069199783377, 3.0593374514893132, 0.33730300949593817, 2.333967703401771, 0.004128952034142541, 2.121720268467098, 1.3917620674169755, 0.36746268351218103, 3.3199321535561657, 0.5919259607744335, 2.7481196657027187, 1.8163106855925644, -2.207870722087673, -0.8218398499500296, 1.3823178858030836, -1.923887622282971, 1.4339715306018828, 2.8545635492392374, -1.694928157662373, 1.4861602119591295, -1.918863145731699, -1.6581719051170187]",1.0106382978723405
12,"[4.027036382613853, -1.848463394826694, 1.575682084188686, -1.6983316695631494, -1.0681912047336375, 2.1157524411300903, 3.51422142952065, 0.190506917815628, -3.184749121896502, -2.176577436486376, -1.5079601758257597, 0.47133654743629516, -2.5984714400559694, 0.1019018164296881, 1.7813410147458075, -2.135160593346894, 1.1932579641395087, -0.9183612801300973, 1.6285623425783986, 0.7658637123293879, 2.1452985063143437, -0.6866917598061364, 0.9929642248310148, 2.9683521837046625, -0.7135456680735934, -3.0472492977065873, 0.985851788575387, 0.4319709361727, -2.8260645891019838, -0.12380716619898768, 2.8573238483233103, 3.952707876027402, -2.5537702660277617, -2.0553459815070525, -2.935385637254492, 2.154557081158653, -0.6407240801971952, -0.05569898616300861, 0.6637222333691515, 4.290868333510476, 3.893046681615366, -2.7051571767341467, 2.005782106686158, 2.8281104113963886, -1.0660246041948653, 1.643132467806356, -0.7877042943427576, 3.5157780856061565, -0.15591593189697905, 0.4132347713424299, 1.551618408916019, -3.13330682645044, 0.7058409623874142, -0.6989753135007545, -2.7261667594255847, 0.34545819462268823, 0.8482506441575598, 1.4939004398932356, 0.35381875869886464, 1.621813268029652, -1.9450290358830962, 2.005425537924017, -0.5719421882571236, -1.6408816309671617]",1.0106382978723405
12,"[2.849702389343875, -2.1866288440028585, -1.5077138586254781, 1.2123474499470321, -2.3269071339174987, 3.245618104533357, 3.5223129059283247, 1.3773637471010056, -1.9784730702193227, -2.5341997572203, -2.134259774072444, 0.6295536435255691, -3.6222452558048213, -1.771194305128624, 2.9823382677243147, -3.3958360278577313, 0.6413218782965368, 3.1626682044139116, -0.695354288263195, 0.11211023061874215, -1.055477379511711, -0.38783915487096665, -1.1535482416893237, 1.5044225923707677, -1.9209114016650242, -1.7115225265771528, 1.4117353279987053, 1.0510620120010392, -4.258391785959396, 0.5140641740671225, 1.7666512136157335, 2.6739503684692396, -2.8747974807072048, -0.9211753428824854, 0.8084424215703738, 2.8878101007656336, -0.999108364236812, -2.227241864329845, -0.9312909736721717, 3.3365247066576713, 2.3205798362517753, -3.010615989551191, 1.0149540601271732, 1.6984201423427248, -0.673336342569643, 1.2779006686467058, 0.22393763313145154, 2.295038704635935, 0.35693149667287455, 2.907054418422028, 2.068894860345031, -0.9505777228965019, 3.1376063358141217, -0.10274003678101196, -1.2993660145543457, -0.11482084903297207, 1.048532073104619, -1.6567282781756734, 0.4452064781774556, -0.3212826873361436, -0.2321580061030119, 3.448025426700265, -2.4372168315355114, -1.0843668976372296]",1.0052910052910053
13,"[-3.2984612044640245, -0.2912886253703493, -1.7336934834739983, 4.237979666877551, 3.84848600136004, 0.7103040439611119, 0.4481686580931905, -4.088651745827973, -2.4067543352800875, 2.1376689437880168, -0.6910552983259992, 0.8967204080790953, 1.0054223319446969, 3.5893561252751955, 3.0831545600523884, -2.38810909865464, 0.38421466985421726, 4.403075373488668, 0.8807076523044902, -0.19357086530659495, 0.8301598531110106, 2.5000389654326685, -2.0179765055942633, -2.509142117942204, 0.34562739749443017, 0.3527770479594835, -0.03423408546198209, 0.19233340206532845, -4.276315859837621, 0.7006194269212975, -0.474168562223015, 0.33509645541076205, -2.6774638719175936, -2.213893266349638, -2.6280267381303632, -0.9906313318551243, 0.891239635855077, -1.6920702457349146, 0.4531698171695262, 0.6698079318169052, 1.357433849862705, -1.8043736126771646, -0.07787909670369736, -2.902891396035443, -1.2432072597157007, -3.564025770285764, 0.46661606960570823, 2.790436571243196, -0.006408780878218057, -2.6268120630486047, -1.4415436512997382, 0.4083462078308988, -3.001305459194206, -1.6993076601628987, 2.367036616853574, 0.7567900002567165, 2.9684625962339988, 1.480374138103973, -3.408085918218342, 3.404413597257977, -3.9258872039571497, 3.8565234351067446, 1.3827251981536857, -1.832755326525096]",1.032258064516129
13,"[-3.409402507487792, 1.1606699189405438, -0.6950250389373204, 2.5541601182014633, 3.7204496288889715, 4.009433644194318, 0.7521722862018198, -0.47724249077813785, -1.7372153028757362, 1.2871961266245988, -3.276192379613076, 1.9696000055199518, 1.4428576233530157, 3.934001471296109, 3.050533856060033, -1.7368620018278003, 0.31356658996046116, 3.038947556566071, 0.36260055065807406, 0.6597459224908048, 2.2437232363824053, 2.1956974253972836, 1.353406091840655, -3.592839949938736, -1.7136874114465688, 0.2639175395897082, 0.07116792501283764, 2.129266145739708, -3.2202817195048694, -2.6410042076918145, 1.0816227582500695, -2.7533493264693574, -3.3969591499750607, -2.5570736338479847, -3.1547991002512292, 0.7555150862166933, -0.6514446645275317, -1.1514681206649446, -1.1595790900719327, 0.05823964098997013, 1.0232541755830704, -2.46544394157961, -0.7523360443047626, -2.953928054705991, -1.3915234207750142, -3.1801677710176146, 2.5925508133702193, 3.487015751618328, -0.3750802555397084, -3.6609680962059996, -2.769602885349868, -0.6061839626346661, -3.7408514033057596, -2.5830030477970487, 0.32440161722444916, 0.7037899811554943, 0.9836405976307366, 1.9599675437571835, 0.05494026348765946, 3.3991337115944544, -2.6923091419331024, 3.49262490702794, 0.33602393865442637, 0.14277345181083145]",1.032258064516129
13,"[-3.358364524932483, 0.3237124301962462, 0.9182040046198969, 4.066101280372273, 2.55791411377536, 3.594730329549545, 1.0420442896403683, -3.6633480502997675, -2.063041741586429, 2.4513877112365114, -1.7120732824914098, 3.372716012719221, 2.7745740442848534, 3.549647255177978, 2.4145210396224495, -2.4456931021625685, 0.34758102334688945, 4.330128313224892, 1.1795400957590187, -0.48821219085564366, -0.0579438372389699, 2.3792282639122906, 2.0687308005849916, -2.341326444920954, -2.1984180892219776, 0.06006951664867177, 0.023397381351834473, 1.2483079671741795, -4.1151079203110426, -2.031177434094901, 0.35712240951046736, -3.0795867205744027, -3.380075541120975, -1.3019822362242583, -1.5140871819148929, -0.5749204818042449, 1.1297303314657128, -1.24729326787933, 0.5821167585909081, -0.5704497593455856, 2.559582580408387, -2.3783622635314514, -0.34762999314570686, -1.880221504854518, -0.09454758864027668, -4.61294888312615, 1.9580032408193326, 3.767722444304423, -0.26360692929344204, -2.4908943442519034, -2.218225712433311, -1.7909135347447585, -2.1122271991184487, -2.0559257409361633, 0.8889589309792161, 1.9457781189709515, 1.2389327433806065, 1.7990359345478262, -2.197992896625104, 2.9391609498379605, -3.8355136957147926, 3.149254251956451, 2.736299734513175, 0.5597783866208856]",1.032258064516129
13,"[-1.8749728239688674, 2.6959331602574554, 0.5176776388071624, 4.276558644458222, 2.1187216545147027, 2.585457193949928, 2.8422027248890123, 0.46225798232231896, -3.15562943992793, 2.4346694551663024, -2.6595281417713097, 1.561072579452102, 1.4844783687629861, 4.627302383963932, 3.752592209114419, -0.40442756877631947, 0.24811745811929553, 3.6832417896691236, -1.102354009487436, 0.0502759737731896, 3.3504084184501184, 0.7109918910912051, 1.342604216682267, -3.7252021103283495, -1.047364130988814, -0.3076170629625069, 0.08667683009603899, 3.8107341168344213, -2.7074951928804896, -0.3817058440061081, 0.8062913894187866, -2.9569256045519365, -2.735743205608257, -2.734190716945574, -2.4751537977120215, -1.432784935358038, 1.292647196073383, 0.40656521199927603, 0.53121448491459, 1.7072812399658899, 0.9470100589217008, -1.3548834321633108, -1.0608634642525558, 1.17740032017808, 0.8822613006861545, -4.310396941711025, 2.5423990925409403, 2.47115369945916, 0.2552799654580874, -2.095500915680363, 0.7678654205304181, -1.6139772094981546, -1.1778112859981658, -3.101518673838908, 2.0226231919222326, 3.4003525196898305, 3.395092135449771, 1.8174424942643554, -3.157767792957514, 0.6852279003091715, -3.659833563267841, 3.43744257289395, 3.3396660604246384, 0.43255366368820514]",1.032258064516129
13,"[-3.0195971995871282, 1.465815616334903, 1.1711706319541322, 4.276859996210125, 3.110339931516269, 3.863412117879128, 0.49714925239987684, -0.6056357413757139, -3.4056005646398506, 2.456788358850995, -3.2769409279542048, 2.3324035560004224, 0.6474429434006677, 4.091095196645956, 1.6574028248803119, -3.0384401669199077, 0.23268845095140556, 1.843751084929825, -0.010882152783212695, 0.5072606464668026, -0.8909194740434752, 0.19211824423400903, 0.6570664017823634, -3.0329711327020554, -0.8577216348483059, -0.057067914308163825, 0.022782878217544766, 1.6543648454081477, -3.4406421477288927, -2.849707970264289, 0.7729599194114052, -3.0654536577540465, -1.678523898639837, -2.1729663627729714, -2.5064263229027386, -1.2624313707306625, 0.9810170273279895, -2.306501004550758, -0.5467656171791205, -0.489927204563435, 2.025686047762512, -3.6350309381644297, 0.5815055648805774, -1.3478095605162856, -0.7472388032754184, -3.1203895985395484, 2.8256228005560686, 3.8603760439814905, -1.1843653994396033, -3.3037865065276177, -1.2351861592336135, -0.30910180569022516, -3.6007637776156076, -3.026574240113768, 1.586942254742942, -0.3763113558521827, 3.2156600026954854, 1.9887650877328715, -2.5695423746536434, 2.6733128384922233, -3.928624202810383, 3.725264944679707, 1.2459473160889032, 0.8716290352421898]",1.032258064516129
13,"[-2.872076537777118, 1.5072644748131108, 1.4418273863664575, 4.307795709053805, 2.3156422876668348, 3.3710632145905253, 2.452375955089545, -0.7464581167633062, -3.0933103523552252, 2.182070560942811, -2.1932904743883705, 1.8108012973720728, 0.10149762160087006, 3.280813327574182, 3.553525177936791, -3.2262674484342897, 0.27351022181911055, 3.6986844503487504, 0.5023521850823444, 0.5321633149707334, 0.5617100312042488, 2.048942747356851, -1.1434908826991097, -1.1312978195902361, -2.8043279146567643, -1.5494744901833246, 0.024081301370099673, -0.04642994136429657, -4.168016052805454, -2.5157022597569716, -1.0007972885925158, -1.8566294514452097, -3.347580542855872, -2.966653578275496, -3.1437283234807256, -2.3433304170585227, 0.3423066166059726, -0.7254910878756918, 0.47357001935880044, -0.35053201296942604, 1.2423107622817826, -1.1410561041510905, -0.05133690202290764, -2.396636008850919, -0.6486697170895677, -4.0666734377249725, 1.366374379789201, 3.8538909441596148, -1.4486917119483491, -3.3384884221823947, -1.030066637475239, -1.0439488636051313, -2.952633345564466, -1.9627091313401757, 0.24356959688528845, 0.3406615349195006, 2.8061734007871104, 1.7617041686546515, -2.2008991380738645, 3.032132265824421, -2.863890775662247, 3.010501018841143, 2.9759948132815652, 0.3390207964125998]",1.032258064516129
13,"[-2.41133253506177, 1.2774102904582707, 0.9258242985711029, 4.2184134090344685, 3.599163081987564, 3.9541406656624605, 1.9811981686355014, -1.83483115086407, -1.3135807783088524, 2.3168002931894627, -1.390601669531584, 2.708242693360186, 2.524396888373921, 2.157219833112193, 3.1058601091017466, -1.8340013351914015, 0.32851595270759015, 2.828429198926803, 1.744579186951451, -0.6600192627193049, -0.5649297871676164, -0.6740316095591692, -0.1538929703821692, -2.656663303648443, -1.6172747355585666, -1.6842872788983538, -0.05232253214150656, 1.200010924921889, -3.3724228541579526, -1.7171754970142745, 0.27763685105902014, -1.4106090793199506, -3.413311639633249, -2.7891492650389345, -2.093351118549917, -1.352379300326178, 1.3122150564517665, -1.7655626194913752, -0.6809969830280915, 0.013405878605278643, 0.6544301176544973, -2.078892510550003, 1.371092773484183, -2.0912486411787223, -1.0402262704049516, -4.528262195675507, 1.5738493860941953, 3.0892793926415845, -0.40106578525937264, -3.718059217776795, -2.2219447335227906, -0.340712531049838, -3.5803840464498977, -3.1006488824667424, -0.48955127037143154, 1.4332516923511527, 1.1424319392025997, 1.3394315563365853, -1.3015259533822798, 3.830012636828009, -2.996336057283628, 3.8287882577791543, 1.8663243577096893, 0.6828840869599957]",1.032258064516129
13,"[-2.1321046422587537, 1.4983487387739567, 1.3005506920258956, 3.4241087591185506, 3.563526532156419, 2.5080475647766787, 1.9099867493833544, -1.8599595873834205, -1.883258747479823, 2.4502291138839776, -1.363428533034146, 2.481352812680775, 3.2661383243453455, 4.609617293351965, 3.2230841292686425, -2.1530853940230323, 0.23666548335217819, 2.3647430641751526, 0.6215099816930315, -1.7888005107851104, 1.2404119355399312, 1.5417283563165782, 1.1937059789371567, -2.6406904009529235, -2.8182336787244973, -0.9942129941026907, 0.0013781087670314274, 0.8815668065100756, -4.006849950405515, -0.9909177824553441, 0.34638455654573874, -2.876968313285121, -3.4169425824434128, -2.1157030629133042, -2.5446340983534426, -0.21043412188464328, 0.6829206056677732, -0.5651942086766271, 0.4540617888345411, 0.6942690083569922, 2.678714774884053, -2.5246462858760763, 0.05786639757646139, -1.9298398124757918, -0.8472851007306694, -4.446487797412313, 1.591972863883314, 2.8271459902363487, -0.23411613991276664, -2.9566279876445103, -2.6110986093269837, -0.20501612973398342, -2.8294392646333315, -0.12939933071635235, 0.3748838613429931, -0.2019520379091452, 0.9838184004877054, 1.6424223367437287, -2.434672575311154, 2.5651514672245623, -3.920280967673082, 2.8182487524460473, 1.1711699148043315, 0.7014841472906754]",1.032258064516129
13,"[-3.405061403547845, 1.811929436976819, 0.8671954252162195, 4.311495032136482, 4.13675109268523, 2.4146188413584295, 0.9178971141651877, -1.9680542268766583, -1.8487109156680757, 1.275292360396643, -1.557014913312507, 2.2959094168372824, 0.6529035444108526, 3.2555575569984816, 3.6062690393401318, -1.881681116427765, 0.19317055906289327, 3.793826588890492, 0.6923715985627552, -2.4070804583923957, 0.445779174256146, 1.2820961968305187, 0.6313470730798585, -2.3760967795655255, -2.844571962909296, -1.2540649818530103, 0.12131411029017658, 2.611394853503798, -4.051821620477807, -2.063694252642938, 0.6744898187096244, -2.259836319417529, -2.9830828528739213, -2.3866865020682373, -2.565555001635851, 0.5397716230591965, 1.6458339571290403, 0.48784299373072604, 1.5265643781832434, 0.45584910259559125, 0.4433445010493072, -3.3302738980597595, -1.371964143128981, -1.7886651436886103, -2.3100643923404616, -2.4958850066581073, 0.748490619781996, 3.7921678631358353, -0.6455396992960438, -3.3105808646054324, -2.7388383737708617, -2.7027857751746667, -3.7595744278089125, -2.850847297828381, -2.0157372845302515, 1.0456761776079502, 2.1303325176072274, 2.607117052804698, -2.0642953040306837, 3.103872615575481, -3.8082574787408277, 2.0736386127116964, 0.816673154792417, 0.5129085034611371]",1.032258064516129
13,"[-3.095710382956051, 1.926026825926411, 0.14433523874974286, 3.2880226333781084, 2.966473484666425, 3.360162130819065, 2.0838691573733494, -2.3217219369399427, -1.6909191374417363, 2.116275606097538, -1.430327230462587, 2.9843382569690027, 0.20309761765899426, 3.531565995224956, 3.5806084954260644, -2.4607832211092657, 0.3067702350503422, 2.0122725292149273, 1.055725707354865, -1.0343011449987467, 1.172605138732945, 1.5138612364496067, 0.13296360319877643, -2.1894727345933727, -1.7082419768208643, -0.8955546520935795, -0.03858281675050046, 0.7293296695865741, -3.406949978866975, -0.9257025291113217, -0.39607815827654747, -2.558867591374907, -2.933241851315649, -1.8866832344458286, -1.237276790774308, -2.390698587159074, 1.6713723442081614, -0.3148177233607086, 0.0970059261951951, 0.783767095257341, -1.0253755128429365, -2.3274075148362794, -0.5532296973627271, -0.5361381449009617, -0.8556049829886845, -4.311765923054345, 1.1699314514499133, 3.9275065903841337, -0.012615054751067167, -2.525829399755751, 0.22559720255500126, -0.52478749801463, -2.917050392716145, -1.6045790778271032, 0.5387138472887327, -0.5541382024271791, 3.4734626253260723, 0.659011956940783, -3.419193658402893, 3.3107195304109487, -3.4390264538329336, 1.9326528030044152, 1.0214425307308352, 1.3209258029343058]",1.032258064516129
13,"[-2.956713792042443, 1.0881156744825844, 0.0615399150652354, 3.8903770639537916, 3.1541457852548445, 3.163661301719774, 1.2650287538252232, -0.6072257090092419, -2.638304571554124, 1.7981974712966866, -0.7806486503896974, 2.4831394001081932, 2.74362353074128, 3.2601633354451764, 2.3323752697544995, -2.7315634488695015, 0.3886434355585684, 3.071348453854336, 1.0653020328332494, -1.4487049957709746, 2.4904529590876967, 3.153512611005117, 0.035679787219633496, -2.2362640112285312, -1.0935675275888161, 0.8997494897396524, 0.02069086305128434, 3.4493393322163253, -4.139256823215268, -1.1270814619912344, 1.7023448670622119, -2.722693596408503, -2.99750483644226, -2.400608480242601, -2.171848084898946, -1.686776872266088, -0.3616334277548533, -1.4895027756142116, 0.04153639183875009, -0.4783489147192583, 0.4241608021457486, -1.1079135836088276, 0.15692189122323427, -0.9154071111536177, -1.9147736813718876, -3.0112404673957407, 1.5966813813109333, 3.070219014999516, 0.7585151819585098, -2.7785295334664792, -2.3023707451048105, -1.4049540521295754, -3.489302006432126, -3.10859608914106, 3.359862886136549, 0.5012258213079311, 0.19249121922108614, 1.3054179777306618, -1.2619407790279082, 3.0842970451855694, -2.882942002795874, 3.768714386783367, 1.8511744652451956, 1.3315644037156467]",1.032258064516129
13,"[-4.01027837668529, 2.2773825893880817, 0.3268040924308972, 3.2949164634671284, 4.129639956303353, 3.8938226785643484, 1.470050573297514, -2.4040046558894743, -2.346110205503389, 1.629181835931158, -0.8107009309031932, 2.811182343927059, 1.7987981413873337, 3.3361118032317822, 3.290914207993018, -2.717818516177327, 0.40385823428389345, 2.3983797512553133, -0.3764509479307116, 1.6053015723816266, 1.1359319847526312, 2.5702580201946432, 0.17126158054185964, -2.1473651697574616, -2.1248453292008502, -0.18384332291199057, 0.04837378902205983, 1.4694491452698797, -3.9613666767222675, -1.8173421720410499, 0.15540825797595698, -2.8349692483706885, -3.275907845245551, -2.636323437975402, -2.779797828348931, -1.4933966484618115, 3.175924391257867, -2.210791922537438, -0.4057205968852384, -0.40436408497919885, 1.1908153185796269, -1.8316894283063738, 0.45389089048692755, -0.3852425511111946, -1.2540794717917718, -3.9862906088651644, 1.8128653690630077, 3.4736580156666035, 0.6128235421032863, -3.5036184441607627, -2.757161946751716, -1.4734012132712309, -2.618412676923507, -2.87131559555685, 1.8854447721961085, -1.5220931445933852, 1.6297739486002578, 2.616880747808172, -1.998962704874953, 3.5961580796655976, -3.3948191586237573, 2.904694524299109, 2.200209268394409, 0.5566107486408203]",1.03125
13,"[-0.9640947636545316, 2.252547460714446, 3.4035609083884424, 4.1726776039728, 0.2032359222408493, -0.9711661976209296, 2.0808569010640046, -2.2841336623773945, -1.2036748702396514, 1.2538489626970615, -1.9844314197058472, 2.138179055891679, 2.27603206754795, 3.4327698409173752, 2.4803216050600434, -2.905635662371086, 0.3580560052382157, -0.5467250453363626, -1.1930276710783985, 2.928737551224496, 0.6331702529715023, 3.3750550128852197, -1.311994294441237, -1.541794601170209, 1.2963004161167953, -3.7635576306816385, -0.018297563879380085, -2.1248453492554074, -0.6696762224573267, -3.2638424369300094, 0.5370344768989165, -0.5181497809699318, -1.6585571875371052, -2.4695111110010766, -1.0542062946506352, -3.8572593991867357, 2.3797889404424533, 1.7157186473254882, -2.8121266301023304, -1.9027343181836374, 1.7929614897311208, -0.09437335090827514, 0.0519884356559972, -1.8781062417436036, -2.74832904298853, -3.4782245268534075, -2.017995504849368, 2.787667435718267, -2.4198568979597326, -2.3058868997150874, -1.7367508910181932, -1.6946138263475432, -3.3766279140147093, -2.128113686370061, -0.9918905979068282, 0.05509189884060939, -1.2358612549786496, 2.3237357061014317, -3.4469739355729665, 1.3952445238799545, -3.928258188830225, 0.9594178001871418, 2.8649579700224383, 2.140348483077014]",1.0303030303030303
13,"[-2.2760333985201497, 2.6334802252907945, 0.5598623163190091, 3.1628210805247012, 4.051142064368918, 2.7932735312870864, 1.6074307689093692, -2.203109221590631, -1.6949089108232782, 1.5315684765637188, -2.412459022387047, 2.682329575951787, 2.1143774608111645, 3.7057473882582035, 3.512619370910703, -3.411328572512257, 0.36991465368166365, 2.5663310201535587, 0.15010050129748093, -0.338777183128397, 1.1076027968993771, 1.5572185274638128, 0.5744603057245558, -2.4090060884647317, -2.0101234412615625, -1.9642125457854394, 0.06629231240514116, 1.9080857728408072, -3.635028680707225, -1.018784081011733, 0.39072804825935076, -0.8130610725026561, -2.772397554739176, -2.270498407936698, -3.1290796769744187, -1.6483182848904834, 0.586313434118158, -1.3655169697984963, 0.19534071104129128, 0.2947758852387757, 1.4070432992066155, -0.6302919953956436, -0.49570297445324135, -2.530028563372926, -1.7781207702005566, -4.605739156198581, 0.6599059599771759, 3.3675069847106167, -0.863362171217924, -3.2367558406822106, -1.416933917900147, -1.6354364368144374, -3.377660823686086, -1.9761022458680797, 2.842764017206359, 1.9791214721757755, 1.860126943345609, 2.4855230013478935, -1.753890134800089, 3.481992460652239, -3.3001553692098553, 2.671817385355915, 1.473934100182778, -0.8082097326763311]",1.0303030303030303
13,"[-2.4775117755178013, 0.18234196310880546, -0.3571779221198109, 4.079528485461186, 2.918373111121456, 1.2353174613859719, 1.1563702485373142, -2.440747958190446, -1.8467481607707714, 1.8576848495933647, -1.8748410954676242, 1.4460175200088397, 0.7622966048127024, 3.315265498795145, 3.8164406638848605, -3.2042595955460036, 0.28258382688360717, 2.944908673353115, 1.1715156364390187, 0.2782889500464667, 0.2894584261824952, 2.2648823528117754, 1.256199660515173, -2.207513958817489, -2.5590835698924357, -0.6501600509988954, 0.10138024900791776, 1.6304519893969633, -3.4646992296124286, -3.0607902708015806, -0.5050108084638119, -2.440881906506361, -3.3797879388567584, -2.739081282708966, -2.7681722268976277, 0.17021082020014666, 1.0332892719601994, -0.402977174187335, 0.5568273552198751, -0.30921818351521574, 2.2946644829059886, -0.8940316875639428, -0.7921983405772154, -0.6836071899931129, -0.9690038299657129, -4.183772752246535, 1.8729721671297401, 3.7473644052195887, -1.6917008591046134, -3.5146404728257745, -1.696402628378993, -0.8014607124863776, -1.993251938418759, -2.873086784112075, 1.2865664196483722, -0.09749286007757968, 1.7654508044950168, 2.6356344560080203, -2.3808706839189586, 3.105029731427452, -3.846618092467823, 1.2773748076922602, 2.090543207273403, -0.23383784217744547]",1.0294117647058822
13,"[-2.5870407995371036, 2.946950542690911, 1.7887095309605139, 4.027943832620953, 4.078187557561813, 2.843303258470355, 1.845515787284213, -2.382216140158682, -3.2295092495520556, 2.1865884208613675, -1.5169125857436163, 0.9075954011474203, 2.806769564146493, 3.7082171016379384, 3.7962323036485297, -3.323655485364805, 0.35831322618180916, 1.7831293427295223, 0.08917823706011063, -1.3226717142997995, 1.770029447941903, 2.4042861575188117, -0.1972195435464219, -3.3469248510790983, -2.5558248111345097, -1.0398144376449197, 0.09351244406892134, -0.1871708309094029, -3.2677604691927344, -1.5472657893239605, 1.4920782681393825, -2.53370593354403, -2.7022399234950107, -1.943967697800883, -0.9282132673458552, 0.2492887434076505, 0.6960262334775169, -0.7298797946406888, 0.2772150000573347, -0.14252632150871664, 1.8208043101903266, -3.9455568356961805, -1.015747624461956, -0.4102297590527658, -2.1315195284616637, -3.486256067036906, 2.3195950321899046, 3.7978330152024657, -0.07234512527338238, -3.7235011212054467, -2.4393649257828045, -0.15117822412769377, -3.1951454752001847, -2.320540678424557, 0.8007127257301705, 0.3796098910423097, 1.806703136730085, 1.014549312613172, -2.8582253551571224, 2.885693095081015, -3.4673075351186577, 2.33626981992359, 1.0326840238283361, 0.18824967095558823]",1.0294117647058822
13,"[-3.2380551588175495, 1.749579186379146, 1.6440372434721402, 3.6334317273818275, 3.6742537561020563, 4.088175994980836, 0.4591250670012492, -2.084421051070562, -0.791904889649877, 1.3866241278061207, -1.3742398923203805, 2.1186857985366787, 1.646422007279356, 2.816488848923336, 2.6576793905518676, -2.236438612172854, 0.20818343279038498, 3.796977850478637, 1.2144157177876955, 1.924049846553067, -0.21774331782439238, 3.8163036457883583, 0.5595854770253269, -1.9453967610571832, -2.27113616216628, -2.0739497503095885, 0.10386922655649067, 1.4816938544260931, -4.18921608389915, -2.1868434264291277, 0.8979700905211805, -0.7046564316157288, -1.8504271650874555, -1.2397208837813352, -3.1034899674571355, -2.23449432795416, 3.391686132956087, -0.4867600001528215, 1.5856169837702363, 0.562485357723225, 0.8711528712579478, -2.66593487156487, -0.19954637493992766, 0.3116460496925222, 0.325342687461302, -4.1296161464832775, 2.106533847055926, 1.2155064761506416, -0.8453020987060227, -2.99114801843777, -1.7001240202975794, -2.3227907711075635, -2.7840386325157467, -3.0967114507429123, 0.6060072253193602, -0.9037830094223454, 2.028438945496392, 1.9383615648291004, -1.922374657636865, 1.6916855366779882, -2.451820673875529, 1.769928929659207, -0.47080509934196546, -0.4793325885296599]",1.0277777777777777
13,"[-2.140030825641956, 0.7110902635892933, -0.27204382928913884, 3.4429021397462884, 2.112691008387605, 2.8440083839714725, 1.450089740718371, -0.9737700203183004, -1.031028087473878, 2.3868687367177994, 0.43253572341798296, 3.790155694707531, 1.1134511334858934, 3.502032878603532, 3.3566783917653114, -2.525078091224371, 0.2814654309244785, 2.638722745387836, 0.5013344658494137, 1.079945939094685, 0.03534555701631692, 1.155214475265891, 1.6187112973822697, -1.6893581691538189, -1.3381965260259392, -1.167667696723205, 0.05965596476329055, 2.1948831523457732, -3.2490431836976876, -1.6963002597930625, 0.05210008984645259, -0.17160348832197458, -3.210548030864903, -1.9312216609367066, -3.084689124119387, -1.0850229325065572, 1.0173246082049034, -0.22051531999040808, 0.8817028855080615, -1.7485717661366842, -0.8004966103310138, -1.367247195475108, 1.068387261421012, -1.7385594872972294, -0.7749875383202407, -4.023591707267316, 1.1251250860547255, 3.8236032081503457, -1.2265046112402143, -3.203168834411203, -0.3107624242085647, 0.09043019173462286, -2.868170135856775, -3.108162427569425, 0.45425624049429186, 0.8310335021672876, 2.020631328802136, 1.7404131214563798, -2.5330376533202967, 3.561362249800644, -3.676533904351432, 1.6071485877267522, 1.598064285257349, 0.6750376200824908]",1.0277777777777777
13,"[-4.3862262365748315, 0.7956386211444105, 0.12752123893755718, 3.5206108928727575, 4.134892114094282, 4.088954628132208, 1.202951049152826, -1.3684102470427857, -2.2056404034887636, 1.7070479277104122, -2.728914393923553, 2.21150688675898, 0.8605637634921464, 1.7715511302466806, 2.7657126728261887, -2.3983659345028636, 0.14690941107444488, 2.132120169373818, 0.38917906318827766, -0.4863696795917205, 1.1863477837265701, 1.5526445118434413, 1.688693486351274, -1.162273084861848, -2.836053592381292, -0.873707691874246, 0.08666233777389792, 0.7923968915390716, -4.277977268935463, -2.805578558548908, 0.7878919172869385, -1.3370704540946396, -3.252796022618354, -2.5041213549126144, -2.5971169186525387, -0.7336080555189095, 1.4866154974798966, -2.5482277157101616, 0.44557426345691187, -2.7197266458268152, 0.399140388532393, -2.034891825503911, -0.3470272124044321, -1.9468686761480614, -1.7457099889310832, -3.335862564725075, 1.2352840631280402, 3.170838653878527, -0.0642666089515484, -3.617711299764047, -1.7823567960422437, -1.0726233075007219, -2.8490783107160724, -2.6785368592148306, 1.2001201578779337, -0.07078390255936948, 0.9561077114632481, 2.6358405099109956, -0.5305960105455856, 2.740865576847737, -2.9487952134094693, 2.0043125052887767, -0.24849035494362148, 0.891937185918209]",1.0277777777777777
13,"[-2.413381938776771, 2.4604966216466537, 0.4030627998945445, 3.915074348775766, 3.941499835312473, 3.97800055740786, 1.5894711660875753, -0.12283991374931458, -0.394754028769972, 1.1403270087697783, -1.4075591307696529, 1.5133225929219725, 1.080688669324902, 3.755987248898388, 3.5191864161161477, -3.0007747338935955, 0.2720317396765707, 3.6808685804379637, -0.3241098843296856, -0.39056640988895774, 0.4036530791602042, 1.9559477887338312, -1.3503412862610906, -3.074477453418198, -1.290002956569582, -0.9483329757012631, 0.11779597000081787, 3.0436527572232155, -4.283827726721413, -2.318383875505807, 0.6937717178737616, -0.9042701443877714, -3.4160431569492538, -2.9409516752735274, -3.0696822922624927, -1.6844858151191393, 1.6295393890252816, -1.4157437543705818, -0.38320801170920876, -0.9981287471506323, 0.28313082288323166, -0.6011060944863795, 0.7654991976102228, -1.782445325651351, -2.0542732467716376, -4.357143645862757, 2.193151390288131, 3.9596038802401647, -0.12172807812242392, -3.7232781297412987, -2.666122087180181, -1.3077451031067535, -3.6619481292893763, -2.1810668386529546, 0.8099573393495385, 1.4265359590030033, 1.1455185851731675, 1.9237145769247297, -3.0907839398885577, 3.827248298938022, -3.9278132872177562, 2.201452724310851, 0.8950273193578255, 0.922656841745999]",1.0277777777777777
13,"[-3.21509797925615, 2.5860847354023004, 0.32633651046971457, 3.6486361310547872, 3.8794596327975355, 2.282242350191047, 1.3346711889299017, -1.0642723459619114, -2.178784721074031, 2.011508937258053, 0.04737259105649394, 1.9937009611892182, 2.3641543512369636, 3.5096181653285456, 3.616491677014807, -3.819957299972542, 0.3433820294913607, 4.0705259626081665, 1.4973793087647398, -0.817166096353504, 1.3595809720146583, -0.8460765157698507, 0.7557391624948976, -2.7613354107079267, -1.20379726321104, 0.23933088487623655, 0.04699067503221693, 3.2527111127236443, -4.211666451548875, -1.6214875227354186, -0.39724929234316697, -1.8342400316738052, -3.072054567362195, -2.17062082059692, -1.611024761701346, -1.4009225861170458, 0.41371582562330533, -1.201684978786114, 0.3194247371380918, -0.25104652731846333, 1.8602961520945347, -3.1266622611375525, 0.18704489734259502, -0.3722908951503394, -1.3366728489973934, -4.099545455970578, 2.0310216712631877, 2.041047959049342, -0.8224791603474985, -3.7158724344664047, -2.773132978436627, -1.5394519722166942, -3.11491237060911, -1.1026626112889124, 0.09735226447823142, -0.7357659350581552, 2.671762237645622, 1.9028333236666803, -2.0175707142271158, 2.8783745855371192, -3.520276175315609, 2.5389017408904575, 1.3714182135765176, 1.2893781673868179]",1.0277777777777777
13,"[-2.7344321516540973, 1.740729316094592, 0.09388386907953997, 4.263976926310949, 3.6392901236034603, 3.113107655260212, -0.5586637833567173, -2.3980769578605243, -2.962692225887658, 2.311929801880215, -2.2154409210671657, 3.0860966488076085, 3.3290142875021944, 2.614734480112897, 3.782762738949454, -2.9990144736644972, 0.22156323421022073, 3.7636695495654373, 0.395791257843204, -0.9374504697563547, 1.4081073540401254, 1.5998393704821279, 2.2283490691292815, -2.2814157202452456, -1.4583344915727792, -1.317464535162625, 0.0801065320717878, 1.150849406772486, -3.9708517262518876, -1.0079752186061772, 1.4416700663351525, -2.9797137799702056, -3.181578305373967, -3.04838271308221, -1.8948010750827797, -1.211459687350812, 1.8767527004353763, -0.5468725025557776, -0.1717883818043729, -0.9238759357996795, 1.8802055660941235, -1.57891044834478, -1.0002875281780728, 0.1594371827097535, 0.09788270220342166, -4.550285349064266, 2.36269829647206, 2.909717291339534, -1.6222664515292287, -3.4966253936545764, -2.4264305290552697, -0.041597863292078596, -2.0159861098226735, -2.875763560508503, 1.2131744361181878, -1.1935920398704654, 0.8892585856148782, 2.6439831404823013, -3.37911434807218, 3.4685346659928316, -3.0451813582495904, 3.840673948267914, 0.8682015656528743, 0.4634340147176992]",1.0277777777777777
13,"[-2.4394995402137787, 3.0008514138450337, -0.8604729943027906, 4.087731768446272, 4.121107130314202, 2.41260255275986, 0.7497505637900784, -1.4608232245037007, -1.4317305761440906, 0.48125362103653124, -1.69139061206435, 3.7492223924646395, 1.4712328709366493, 3.21920648589821, 3.7838875126073743, -0.8660514582727228, 0.33888976910160107, 4.422618121277407, 1.072769029376817, -0.4683669646020039, -0.19576711783591305, 0.27797780649262016, 1.3277471155376055, -2.4936764044349267, -1.7307553753193958, -1.618784835004044, 0.12900650622620313, 0.9863203963952444, -3.6125911333017964, -2.2941985990378133, 0.9971449792633322, -2.2617040623014595, -3.3031782991029535, -2.5158389668417893, -2.8386670189126435, -2.32254720398719, 2.4839582366710937, 0.4135710774661595, 1.7307281302688389, -0.2827750273221355, 1.2430304095845004, 0.2606179448733559, 1.593671871967351, -0.631933171093448, -0.3132156059010702, -3.8168107262572217, 1.4424727297219873, 3.0055120404006535, -0.9438545816274742, -3.5167979139871415, -1.8313739248821133, -0.6352251524901471, -3.1643701690760744, -2.830546484466355, 0.751279320765974, 0.5838803864290805, 1.1143355970327384, 1.5411826039489154, -2.8059916531732525, 3.7668219985528713, -3.009760199750314, 2.550077039853754, 2.030842898892292, 1.0420336252360016]",1.0277777777777777
13,"[-4.471900514862979, 0.6666307399223161, 0.9266944291069148, 2.8899918695321816, 1.4644106735533378, 4.01728393730564, 2.346581914747551, -1.2757862122811994, -1.333201504771484, 0.5513948599894413, -1.6313305652913326, 2.812871687385432, 2.4929522484591646, 1.9317287381101738, 0.08544062278977149, -0.46667245797358514, 1.8585623222114314, 1.4542630929734575, -1.4696974579466258, 0.9537771001006543, 0.6705440556259654, 2.9661687694186694, -2.3994813376678303, -2.288028397497029, -1.9201548189340238, -3.796822325028852, 1.3340630035098728, 0.21337451676937036, -4.27266970580294, -3.8230099237901825, 0.23226818715344932, 1.9070471576239874, -2.4350587776096466, -2.5565123923598874, 0.7475810339595752, -0.1028302076056824, 0.036668165130065544, 0.3584581416558014, -2.6927130675993327, -3.0409262341643446, 2.368970284151821, 0.2824897576582752, 2.4551887051195287, -2.272152718506521, 0.6747357059312638, -3.939209666132497, -0.8413925740682049, 2.601117087126557, -0.19384834315933874, -3.1552593371248516, 0.21343278637606833, -1.804710602772233, -1.3718976354121186, -1.997071753871202, 0.8030750544294631, -1.5737126890869386, -0.7770172941797611, -0.7784162102290271, -3.0782859723172145, 3.7869735678476433, -0.7967455763242723, 2.624736804710082, 0.7106061540584591, 1.223469302433136]",1.0210526315789474
13,"[-2.730739430612151, 1.634536005487759, -0.9159153478429091, 4.180939584510097, 4.127018209555631, 3.852388734274075, 0.7560937991366534, -1.4876743584893202, -2.9896183471738995, 0.5024013803427587, 0.056029403954046764, 0.1626560215491859, 1.0641617491917332, 4.611440467482555, 3.669980383879926, -1.3801642711628959, 2.1960450266944047, 2.2961044670587953, 1.3442987241519075, -0.541256411141015, -0.42851467248690334, 1.8919251092501486, -0.29612638728514795, -3.654409707125272, -2.2885509838977534, -0.7115988351110016, 1.253292354120725, 2.394475659358957, -3.780638387004897, -2.3939337816006274, 0.49396107896226216, -2.975618843900371, -2.82845765589415, -2.600336489274796, -2.9685971444033976, -1.1314189133533121, -3.018461968759258, 1.3527902004103822, 0.39643534638878203, -0.8347979230602214, 3.054763090662207, -2.539857689808783, -0.5503258549167629, -0.7685245747053149, -0.708995996988522, -3.9218002068518905, 1.851107738176224, 2.842447405070849, -0.34322612961748655, -3.16281662259109, -1.9569997764146394, -1.4568796235581034, -3.644081871625298, -3.090942925401269, -0.005350008737837086, -0.5144430631454906, 0.7603504189357619, 1.907124920213358, -2.065778314796961, 2.9297628505873847, -2.9037112218476464, 2.285298829072558, 1.8125541063802308, 3.1179816073026494]",1.0210526315789474
13,"[-3.3635184896981527, 2.265411624724286, -0.21511538690797438, 2.925785564292344, 4.052884484409659, 3.690223694426927, 1.5137847499380577, -1.29324119456847, -1.300906333010016, 1.112780167370608, -1.705473178852105, 3.6513306244891295, 3.1126986348708847, 1.3301379069874817, 2.1332956892280164, -2.640506608757879, 1.9691873534742417, 2.4104736549383796, 0.6889320674501955, -1.5147952046681104, 1.329159893904668, 1.5749932402307385, 0.37575049597720234, 0.7316441395354452, -0.6191572970132426, -2.2331705236568524, 1.3778864339519334, 2.021886540001355, -3.943323684214975, -0.4398339469376584, 0.537313712506717, -2.569678803979721, -3.1010875186768296, -1.3183407290189664, -1.432208206487072, -2.5808097263909673, -0.5711444504549843, -1.0182332851780207, 1.1921752780912567, -0.9871089692727031, 2.3389529338795407, -2.2752326895363706, -2.247793096128703, -0.2268912012358612, -1.303073165232914, -4.611090161979953, 1.8387324228362854, 3.940121875542728, -0.3047795344929727, -3.4013231209512056, -2.088126107672779, -1.5238576158952397, -2.0254079226874913, -2.9861465204866313, 1.670073706345995, 0.30940667217920315, 3.589640149220296, 0.9314532688216914, -2.9945006295270553, 2.950608665626199, -3.5368471083139674, 3.7178558643331248, 1.18015820446451, 1.5737182601487114]",1.0210526315789474
13,"[-3.1437437715630283, 0.39972420121231567, -0.13672934931279868, 3.8761818512140516, 3.2100417596815296, 2.5332680854819825, 0.8464275397396006, -0.5604377523359805, -1.9618667012028537, 1.3249706292026873, -1.8206882971610503, 2.5707874079222366, 2.7573683301576573, 1.646372692467446, 3.7187665074155247, -2.9958158296797213, 1.9145035692914356, 2.892775586505474, 0.6940350155074123, 1.1905947644323231, 0.28593734469346455, 0.9534007655568426, 0.6288554785454641, -2.9250832188353204, -0.8901819287985155, -0.4490567014614899, 1.4526087136145625, 1.070275549980785, -2.5543313662418123, -2.082192786247826, 0.4884938592093847, -0.5607828425689005, -3.3675042333786163, -2.103920277590774, -3.002293611492158, -0.7342854624484462, 2.864658708597148, -1.422350727099834, 1.7283989810542528, 0.739280954506351, 0.4459970543436039, -1.0695201282718139, 0.26023146560318244, -0.42288515761333956, -0.12461823848342257, -4.454315492407667, 2.1013393055995016, 3.610145745836992, 1.1645186154436977, -3.5172041267164063, -1.0988277027412507, 0.5410182660991492, -2.218345105525369, -2.832137404445502, 2.3165220576109014, -1.299537092065088, 2.2475271674511133, 1.9674057291384446, -3.4352996398435436, 3.7146123937798423, -2.527056455700035, 2.4923623698885717, 0.6422197536641141, 0.9266453753728491]",1.0210526315789474
13,"[-1.4533425155150734, 1.5335558819439916, -1.1168835617730704, 3.623604983814442, 4.0718381247664714, -1.3748343858654968, -2.868451749230879, -4.491926789340116, -2.8401100345422745, 1.4080265956080373, -2.8743469153835743, 0.6069313800522995, -0.3134688557572054, 4.381815159026155, 3.8164892876897154, -2.6593010300317337, 2.443407006334418, 1.7438725545963296, -1.1717028262868796, 3.337017011279751, 1.7094243460023004, 2.6417838500670148, 1.4821082728928325, -2.008058929250405, -0.7961994812861558, -1.54635619043276, 1.3320433430566867, -2.19112642098516, -0.7956365541987287, -2.3275614753631775, 1.4327275500336023, 1.816197083402473, -3.1359917295183015, -2.9044414041659232, -0.5420141714670241, -0.5800572076178354, -0.5434943194754502, -1.2900837236086986, -2.9343891370648327, -1.1996270222201897, 4.051728270263332, -0.4417685450746861, 2.9069745108437584, -1.6378123895960863, 1.4632735769748404, -3.926162858954072, 1.6808789840160663, 3.1871754215995116, -1.845452985644838, -2.9160694901240083, -1.0983549210139538, -3.8799977695385452, -2.0967400026265186, -1.3708910981191247, 2.676583778232604, -2.7207191954124155, -0.7503057789327693, 2.3946068653691723, -2.4945876288798043, 2.828224019796017, -0.5903373064975732, 3.1555062778261083, 0.5099186975759596, 2.579919718597918]",1.0208333333333333
13,"[-0.3959336055697411, 3.576768861806077, 0.9389649330553185, 1.1577186119997718, 0.82045689935663, -2.9415340390650107, 2.105055045509028, -4.1041206188329244, 0.08962506722149843, 2.320884660493704, -1.1513148686272383, 3.4260180277996355, 2.116913820047374, 3.6944419893152096, 1.261026714631102, 0.6692483317541666, 2.577708501899129, -2.5703295004832034, 0.011514368540057718, 0.8657023824875091, 2.3588316279305537, 1.0524256642998666, -0.5931801873629817, -1.2005757984766767, 3.4135285620729827, -3.7749293743537313, 1.4642265180059901, 0.06876656209278587, -3.5486925147138275, -1.3834213100946435, -0.17103610247224543, 1.232254363766316, -1.1030752041760348, -1.821001208906725, -0.6410105050573962, 1.0855556656176963, 0.1234525104582107, -1.143988579263027, 0.2554034138375454, -3.4972092411683318, 3.956643277650959, -1.1508912527441213, 4.064290360629235, -2.332723097991397, -0.33627265739417944, -4.5905052760380025, -1.2412813086433294, 3.1872613463342803, -3.6381345755230674, -3.578764666046213, -2.6401537903683736, -3.4386131758605476, -3.6560448298608823, -1.8772623330264908, 3.016749226095335, 0.6025333784944633, -0.1229843666180287, 2.2163861991937948, -0.9517478072548224, 2.100206314759686, -3.2565001811670276, 2.4924093475399647, 0.06085136049216677, 1.6948687984798334]",1.0208333333333333
13,"[-2.993052962195061, 3.08432029146271, 2.085291102164251, 3.928598171316805, 1.7034043210976606, -0.8203861708157199, -0.11588592853024515, -1.4165862529585336, -2.884201329685059, 2.328164140232591, -1.7238474374369253, 3.2245730609102394, 1.1604965346967102, 1.5557273844095654, 3.6704158465373142, -1.3439774677389713, 2.5246718450540313, 1.2857411594135528, -0.8324706924453111, 2.5995736450739413, 1.095057839168105, 2.821159217355195, 0.2941877680791196, -2.283788118885957, 1.0672365807919901, -3.42934767369275, 1.4890906428447908, -0.7893810533506818, -1.0121075889525293, -3.8639703873233606, 0.30743280336322837, 3.4494973410552587, -1.7542979122356308, -1.2804061635541124, 1.4413421800754453, -2.022022966961071, 2.8999005390428643, -1.1200496167245722, 0.8595123002190475, -1.736524883677913, 3.3424822120770292, -0.46684525656950837, 0.8220605709643887, -1.5292138314795223, -2.0429216014663525, -3.572162901165645, 0.9912177654062637, 3.8946274817676407, -0.7872020672147028, -2.95506149489643, -2.5215693733348683, -2.203873772736267, -2.9715313505464307, -2.9606257907350924, 2.455125247561744, -0.5152317383225954, -2.2624476230479242, 1.5025950967999493, -2.6770325729687388, 3.7964993245862977, -3.354629012172213, 3.732774706850746, -0.14987949099013864, 0.008129100005159984]",1.0208333333333333
13,"[-4.505504440376484, 0.6039861400138591, 0.8746656399068624, 4.3282931676121015, 1.9130916887343448, 1.2281546862525612, 0.4386900385929088, -2.230842385068191, -2.9167737060707837, 2.236722818238605, 0.5405153966809023, 0.94664822092805, 2.518617619962269, 4.563036796567078, 2.286610958492153, -1.6232694806668309, 2.2216424398187873, 2.460616158963826, 1.4382346846132694, -0.17694925402429162, 1.6207445668298222, 2.702258181158671, 0.5939346566534687, -1.5738366792014933, -0.1805609608502458, -2.246185702526387, 1.4804606807820029, 1.5682705078389112, -4.212826259949147, -3.6841042463470193, 0.03698684725281576, 1.7431700513220438, -0.01884313703697571, -2.6626164700382997, 1.1597271061406473, -1.4854334640819522, 0.3651747973008883, -0.04045065973315232, -0.45228108003281997, -0.6703591256652544, 2.1695210386464985, -2.553311588066135, 3.5466582333023124, -1.630589863886911, -0.787113844458836, -3.2540121573890013, 1.7918253591501074, 3.4210961545210576, -0.8375586955642559, -2.8567967793743834, -1.8370299757218822, -1.6699324251297, 0.3604988195369718, -1.4968334540703174, -0.10426131551161233, -0.7246251024049581, -2.4447875967936743, 2.1637335950021335, -2.8974406901255496, 3.1166519579318193, -3.632621020710971, 1.8928659070103389, 2.090075857904501, 0.8493860066305909]",1.0208333333333333
13,"[-3.5334911603734116, 1.6375940508635491, 2.2740500591593586, 3.458286968538454, 2.07232064763449, -1.695501828443921, 2.6397437103182977, -3.95719016371949, -0.010859237017360801, 2.2031927854379734, 1.9530829050895453, 0.8383790356902674, 1.369197049086409, 2.4105356812210177, 3.7846094541811075, -2.5333790926915127, 2.1101141138545136, 3.1699102244256077, -0.8048482428732304, 0.7931451858550405, 1.8978924229850278, 2.7921916120011323, -1.0522507574860005, -2.1270603563088715, 0.012776873705940162, -0.5019796711368105, 1.4827507192003084, 1.6882761110714362, -2.604475719985593, -0.6547775825425015, 0.011381282095951184, 2.1384338890929087, -0.7382934645222596, -2.074266473311379, -0.4701022718885125, -3.7563882394390538, 1.1011157093276045, -1.384051194287372, 0.5097661791673256, -2.1284023222589545, 2.63595442848055, 0.7419922189370423, 2.5557500363221783, -2.8699704970678184, 2.771561066824898, -4.411826078458798, 1.338277648700681, 3.5992220537804247, -0.28319513044902145, -2.9226748934616333, -2.18472840543515, -1.1687385718141392, -1.1462805000001155, -3.106375144570746, 2.2032750269578747, -0.11632105206697957, 0.19539885340207008, 1.16973067124307, -2.5393352722337084, 3.0878757406110418, -2.104354178905906, 1.7409400291025428, -0.4269588461778989, 2.8019935976071197]",1.0208333333333333
13,"[-3.1384842626227796, 0.3686933089652089, 0.0410009602090331, 1.7073956877258196, 1.8446442189818992, -1.146559536113256, 0.2127167126752324, -1.466208819709418, -3.406031054126265, 0.6818892781447916, -0.5345304429838765, 3.1055823868930803, 3.253624200527575, 3.8318706618181992, 2.5839930172881194, 0.37231352829787534, 2.911010705089945, 1.420569959991849, -2.847585333714182, 2.869248961917765, 3.205469296229453, 3.1564830862117157, -1.2869794749514591, -3.7227597173336613, -1.468306614898618, -1.7572805954353523, 1.3151951431597828, 2.2957991483880607, -1.175876699877318, -3.0526571619729355, -3.361165569384985, 3.2396722389145864, -2.5925091412412855, -2.9173141799845825, 2.257579399879445, -3.183769492539062, 2.075586339571607, 0.6673902686899431, 0.8682846911719928, 1.2895212183396714, 2.7057362244507557, -2.1007543933798476, 0.5942815683719724, 0.02551334039231179, 0.26754427824548993, -4.535009298226891, 1.4526013514329752, 2.7549157843305, -0.48008780991541977, -3.6929391798726297, -2.7653056243944336, 0.6639378521913066, -1.5674938863584884, -2.6641345770451466, 1.3738704862536362, 2.5536176607496346, -1.0503394684202354, 0.7148689619340853, -2.7143006653369897, 3.81975428709275, -2.8588693439460178, 1.9941781414104236, -0.2599868867852423, 1.0553380947757063]",1.0208333333333333
13,"[-4.441618500793538, 0.856114372356089, 1.2603405561402332, 4.2053440404691225, 3.8394501468879656, 2.4867907674028373, 0.834413832810693, -0.2566239609450687, -1.694499865589239, 1.751284709969641, -3.187202780723001, 0.058736848804423314, 0.707228047606395, 3.8605179093268425, 3.810478094058355, -2.2260267842381145, 0.5308564533068852, 2.8414493222157438, -0.14642078694342797, 1.8229447713150417, 1.3232401106051825, 1.102612721532925, 1.3451564760711299, -1.493763655708157, -1.356320059638179, -0.3081758801858908, 0.14572795942498082, 0.733807436519695, -4.240005075526738, -1.6324035614499013, -2.058526148856486, -2.6212541543672425, -3.0067100071083117, -2.4837044529719767, -2.324411663157713, -1.613137179592374, 1.8571452005818891, -0.4426631515202558, 0.8350014895997271, 0.08214231859248566, 2.4893944553448013, -3.3328578822116137, -1.2345925477375461, 0.6488410960896962, -1.3632337821202332, -2.4596949702217783, 2.235016486492595, 3.948766187122705, -0.00019658000828803868, -1.5902106801108213, -2.6919529938198554, -2.925106048342197, -2.2059997450496676, -2.4393613635603173, 1.0893400648718412, -0.1453695251895385, 3.4036600649823314, 2.519518108109355, -3.0354926445764727, 3.18465075958538, -3.532306351420602, 2.928940138939125, 1.915706750900569, 0.639350820093746]",1.0149253731343284
13,"[-1.4452591663060352, 0.671387392074809, 1.5217526554712857, 3.748680970227613, 3.6446184327522575, 3.242434692340111, 2.754815586773491, -0.8908759756338251, -2.3548925038105284, 1.214961617062449, -3.0302776172287134, 3.660473344309396, 2.543935598081484, 1.9257058060706083, 3.285825738337196, -2.8598069204010534, 0.2205384868693676, 2.941823039242642, 0.35247786818363763, -1.2133480221016502, -0.8789633041603739, 0.7369865964617561, 2.8302550753785836, -3.4591019538525103, -1.9243594086051536, -0.769426146616407, -0.09348379428020065, 2.5642399876172135, -3.5562833899267385, -1.7346606221831762, -0.46899889751036566, -2.998939547187227, -3.2854418856841185, -1.2576819680014957, -1.7084250872347835, -2.7952713371373354, 0.9328992049332587, -2.630703966101626, -2.530442313706394, 2.365829777629989, 2.7341918533494143, -4.12966794506203, 0.8755636007042035, -1.6457815022398707, -1.9601300752864925, -3.9364588982628277, -0.38168533507791924, 2.8131520149021725, -1.4046585495195345, -3.5516959012582583, -2.0091640214142537, 0.2053705101821645, -2.7553386469144563, -2.0107127139348235, 1.389903545528539, 0.4341041814666302, 1.626684647196384, 2.106458246320777, -2.34004104793857, 2.126064690059285, -3.930943855272455, 3.4976273454632034, 4.251898221904599, 1.1285744847273913]",1.0149253731343284
13,"[-3.0324683911367036, 0.21088622142973623, -0.08187781949714794, 3.2245229266370203, 3.948208851928601, 2.9083040824976463, 1.0029901531162726, -0.6518130028929079, -1.840833744365936, 1.9204680353344745, -1.729760594575537, 3.7605834941342526, 2.6039819452801574, 4.599687934700768, 2.449441846072111, -3.1950935754925474, 0.4001496047546509, 4.070553458766858, 1.3699343933820938, 0.11053623786902222, 0.804654861743302, 2.259676201409304, -0.31808755521814797, -2.4816748138743083, -2.12856877624771, -0.9557541952929819, 0.09699689513796586, 3.1752020135187884, -2.795089281350892, -3.331772757355111, -0.9351050041048684, -1.8500262257294984, -2.457904441438987, -2.8549141209392532, -1.8003648208194825, -0.42713908270233014, 0.4174990535097256, -0.26301911134312006, -0.029896948096592046, -1.1713164520411066, -0.17867601235435937, -1.7232158405965536, -1.041788777200947, -1.2616898453115444, -3.145964802980699, -3.7083966782031728, 2.8479403743632234, 3.3991959786988404, 0.4018971380054133, -3.714969567450215, -1.2728514978560712, -2.434188992805675, -3.366950099448424, -3.057256850072684, -0.08367633834151553, -1.6626147482849432, 1.0613444965536978, 1.6738510521235848, -2.752229949677555, 3.7310402893394787, -2.705753515741728, 3.5923449396989695, 3.0595615791366164, 0.19960650895235799]",1.0144927536231885
13,"[0.5020860354651528, 2.0816092329736215, -0.7027983824125699, 2.354699158653425, 4.11573337761678, 3.956614202000018, 0.5440593510962064, -1.7956378485885915, -2.090708656658677, 0.5707056461582773, -2.713678574750761, 2.6342526908954764, 2.7726858606938776, 2.874741303726361, 3.621924287750876, -3.799840770291227, 0.25859243399308396, 3.616091542519719, 0.6448641112423819, 0.925103533844945, 1.4169243171269732, 1.4883196101196567, 1.7656757530204672, -3.4042243696904473, -0.0568786849190408, -2.0235175007545996, 0.08102360760093924, 1.5031181308952957, -4.246576286318126, -1.6466004687791762, 0.6167432971785325, -1.3835396340769497, -3.1819435485245195, -3.0111530801050437, -2.5256983737316268, -2.7971834087556875, 1.5562317020896201, -2.3850807737501025, -0.7340051654415363, 0.8768043934152315, 1.9158340032040222, -0.429509894434251, 0.22014852495507753, -1.0634980322659466, -1.2706372061960602, -4.44211395526874, 2.481080814842192, 3.6363173627758347, 0.8414604957203375, -3.610554615606971, -0.37102494907765005, -2.05586800638029, -3.7425836326381976, -1.9055561857597743, 0.5290741902234206, 0.8149081619806188, 2.3557185734622816, 0.6640100587145866, -3.010607362586525, 3.1255454104115197, -3.3619396337094622, 1.07062397029612, 0.594273498750665, 0.8044774444843632]",1.0136986301369864
13,"[-2.1039415020500223, 2.343239579532956, -2.107789761611519, 3.2764161440102852, 3.085852487438131, -0.6064454744228356, 1.547395356014755, -1.195209778670775, -1.8908047378973338, 1.9625193108186347, -0.43039289419822113, 2.7123976672167305, 2.3652280987297454, 3.804136127483019, 3.6957781014098163, -1.0602768419748356, 1.0343158010331486, 2.5528679489574784, -0.18827171784179575, -1.4586828966507763, 0.5039872913027288, 0.4223636987540871, -0.4089325534342786, -1.4172027210427587, -0.9163210987833862, -1.5799918474545809, 0.5650013430705987, 3.377593905898568, -4.275029525513359, -2.0832230365264293, 0.8859144697106377, -0.3224983707423883, -2.9721458239207657, -1.9692090374197475, -1.40873395900682, -3.4869170419868887, 1.5948178074818071, -0.32083546570905175, 0.8168054104614461, -1.323596936016245, 1.718795853417316, -2.3326647034407273, -1.1443135730793672, 1.924914578259886, -0.27982030828431653, -3.460592701799585, 0.22391053715856035, 2.7642110704663474, 0.20360527997355526, -3.5828886906683644, -1.1796648329607113, -2.4563477401582565, -3.666691024982359, -1.6727910267746156, 2.368513621431012, 1.2738211370996797, 0.6006282098802707, 1.9899225326271415, -1.9011629517293642, 3.3716227724228, -3.2151663955146836, 3.2363518943935023, 1.8249484752950067, 1.5108355890673024]",1.0120481927710843
13,"[-1.1996471285918835, 2.032330853071939, 2.359487638033902, 3.354041081628445, 1.1758023840510463, -0.07152324080835251, 0.6030694972552834, -2.5670088094840935, -3.5760454667654686, 2.147185354901455, -0.6026592166360725, -0.685912046663625, 3.193952316075994, 2.4910100691238126, 3.465027896248589, -2.227804538761767, 0.7461887354901332, -1.4059268460744658, 0.055334760842833175, 1.9966942350193002, 1.7240908763900806, 1.2649580003652003, -0.9186320754752482, -1.8143129451638735, 3.605555010661115, -3.612998742881394, 1.3379852804198498, -0.3218600155605824, -3.104952707975012, -3.274600227497124, 2.2927076249279548, -1.5117811116708346, -0.5699506550278808, -2.2868074634666704, 1.2226559342446301, -0.4682695982750711, 0.4933843433416598, -1.2195849003400623, -0.2238439689411018, -2.131183890672827, 3.8649839309661718, -0.8295668576534169, 0.758990815468374, -2.2559742247139276, 0.0674826233967449, -4.138582204176015, -1.2559981504877675, 2.9823323969813202, -1.8905610964992459, -3.4046228838614585, -1.7103021243324301, -1.263453211188861, -3.7557983079016166, -2.7000762843936745, 1.6112136408494226, -2.0036806250911705, -1.3222398224326128, 2.630541119884221, -2.5655561572156946, 3.421470442579541, -1.4615334715519364, 1.5358708310427986, 0.8061503238470957, 0.9620967785265124]",1.0108695652173914
13,"[-1.8287044814740976, 2.1318107217110462, 1.7272325977872753, 3.508150960691185, 3.579300744972294, -1.6586641156464066, -1.3744214916449415, -3.612828550690941, -0.5100796047243497, 2.428895940589482, 0.7027085925751619, 0.001658076855561852, -0.38375350102123074, 0.9821419409544601, 1.8085644608268117, -3.453893168292631, 0.9004974238940027, -1.4188498042018827, -1.8819588755788748, 1.9780350998871743, 2.1358139426416, 4.182956501452546, -0.027815230868156404, -2.8681011590198944, 1.0538337878000972, -0.8789593469327865, 1.1989684073449784, 2.064023662587913, -1.67477175903096, -2.652222998686586, -1.0186343351412162, 2.1609585965280784, -0.38288226384445856, -2.357321068681063, -1.487482141091887, -2.015906838547722, 2.1147538498333733, 2.5582883887273753, -0.18763916474886821, -2.7966081251916735, 3.1238865406900374, -2.5948064900563628, 1.9089225197832527, -2.258069156209725, -1.7087301879958638, -2.268717674012783, -1.1100119821806622, 3.9522433865729822, 1.4396467072202268, -2.1895953584890044, -1.6776931004426077, 0.2508945193431473, -3.667097767383423, -2.894538636734877, 0.8550981575636594, 0.9560583983428421, 1.2054767204327592, 2.3175898856166217, -2.1164894404275785, 3.6985196772119764, -3.4595468062831127, 1.8421359024073187, -0.43269129390922934, -0.08058133615912988]",1.0108695652173914
13,"[1.1077104270851565, 3.598854631037652, 3.5394513769948284, 2.4969832798510456, 1.687191969908706, -0.9651926487385469, 0.7600938610908785, -2.860655490769843, -0.1904493876308777, 2.4287646646829892, -0.7425397056116128, 3.855510023680023, 2.370787693897641, 3.0039146066868576, 3.6277857664531674, -0.27979525587442367, 0.7214059574526908, 1.0137503334045779, -2.2722571767825306, -0.5083253421733835, 2.614512659489523, 2.8066188341029306, 0.39152595984591154, -1.9213200759186675, -0.23855991672469312, -3.3215263612552466, 1.3669472541873517, -0.6307379258503083, -0.617267516639096, -3.2846416785719446, 0.7734985161638381, 3.2681002806726633, -1.432798238866289, -2.0813446108146714, -2.2305942718583966, -1.6342914385513072, 0.2782385756072707, -2.316350278415729, -1.5645073761499684, -2.596755211280166, 3.812024917912532, -0.871379916871169, 2.220410342941825, -0.541700099800785, 0.9109334412028264, -3.606449741517112, 0.2111383038173593, 2.742986267825152, -3.0896302845025847, -0.6787844744671028, -2.7739509634989603, -1.4098965574111064, -0.8127558397208952, -1.0217845069764926, 1.056251610154018, -0.7387549207367394, -1.844245781900066, 2.6012455239674788, -2.8862100068199914, 1.2226498295522275, -2.220331835198635, 1.7746208282618983, -0.3661723361350151, 2.8642357766054882]",1.0108695652173914
13,"[1.0013849849462488, -0.36719407052128394, -1.4493115610633287, 3.5657312500912344, 1.689997682396215, -0.48129084629838587, 0.13306820778725548, -1.1127350059467718, -3.417161538647811, 2.4305789063974035, -0.9072710588392955, 2.2691402994942806, 3.471826615539218, 4.305906391310629, 2.9786711814928286, -2.894796561957034, 0.6643257445825127, 0.4127252308655964, -0.9196516270741024, 2.7480713133072268, 1.6741908035493172, 2.064673210913975, 0.7633847376532974, -0.5543152971500245, 0.6941068233320845, -3.4084000655373474, 1.4836104092551272, 1.4570457107443495, 0.5824155100906583, -2.4047144585727303, 1.3102241945490032, 3.1220340620547176, 0.03960075096332605, -0.5396564737324054, 0.19201405302106545, -2.2827211217184096, 1.7615966267112004, -2.7970889093757227, -0.9225292359831853, -2.1925700758082054, 3.211932270322547, -3.10106725985576, 3.8350100586604388, -2.332653814766282, -1.879267649916307, -4.091340342989963, 2.0630063217050356, 2.436272257072007, -2.4086010437994747, -1.9122532818220197, -2.1734495051116807, -0.9180121417161854, -2.418173327514632, -2.400199592742257, 3.3732911850474205, 0.15617414261244655, -1.2461530560973255, 2.1064245067784837, -1.9714751918961273, 0.6609229244742272, -1.038520146461237, 1.8630860159918539, -0.6612761581187577, -0.5020290541682537]",1.0108695652173914
13,"[-0.8914197761932803, 1.3774298977159303, -1.335666793321894, 4.213167896561349, 3.960494978722065, 2.6752103697290015, 1.8486770022257266, -1.2281143921182234, -3.348806244481601, 0.3890249792314864, -2.7698598562985968, 3.779276408541939, 1.7485124377292913, 4.147764748535095, 2.983768921212192, -2.434310397607641, 0.8306418485522785, 3.180660099962767, 0.8848430122934858, -0.7384678550678002, 1.4596425400374056, 1.5248668637126885, -0.13460626649411078, -2.778115529512463, -2.4574541125894243, -0.4809053038170772, 1.3235098476512617, 0.7711440595529786, -3.4618880640261, -0.1948065284504661, 1.6282041004568764, -2.8540444201028157, -2.413321318784017, -2.1271869903363116, -3.1346326554780353, 0.13593608071166496, 2.931414789415276, -1.4243579090865122, 0.6854274019995903, -1.385914148846065, 0.6374804959646065, -3.0979275595248086, 2.9874415145233675, -2.158655509627769, 0.29937541086515984, -4.255445443025614, 1.3166431613315321, 2.6571091972400946, -2.4271884741010017, -2.994388162910715, -2.3753155273950224, 1.561380452269125, -3.7156161275155304, -3.1049988407584967, 2.380358696426377, -0.24159945444703645, 2.344203885460301, 2.463448228485214, -3.124353260906468, 3.4669307039267254, -1.6449986470815214, 3.7211567547166298, 3.9172050414616297, 0.7760563450529255]",1.0108695652173914
13,"[-1.7384629444668105, 0.42600333008203395, -2.782618762238867, 4.163353797496762, 3.160949155464032, 2.4317758660715794, 0.9242994291733697, 0.7957781719624983, -3.012705319606387, 1.9086013776685582, -1.956107169479481, 2.3429220079154987, 3.2621018228748397, 3.284448478081476, 3.622377827971732, -1.6877536704781122, 0.9467121789596123, 3.0498586633642497, -0.8562307239212548, 0.8307090221060904, 2.3001589868178, 1.7851892608610487, 1.712268093614747, -0.855043794758743, -1.8726793565965878, -0.872075551615922, 1.2814449706931685, 2.6754825601449386, -2.851090370947934, -2.3002353518710734, -0.7647429523245545, -3.083769663342943, -3.3681738924464657, -2.2693861088698233, -2.718386874108547, 0.8139496039517986, -1.6211553686501228, -2.642425235139302, 1.6773690770607863, 0.7914191926083666, 2.1969692081199854, -1.5615416460334126, 0.1952974667043772, -1.7295085879967105, -1.9560877343015428, -2.9307048590580447, 1.7582433659740968, 1.3621326967821137, -2.1990517252421746, -3.6349163868467036, -2.753655683425224, -1.4296392171772025, -3.6947698286518156, -0.8356663607129466, 0.9881501139552595, 2.755209945655902, 2.8537863327761763, 0.9446739983384154, -2.5644417998493942, 2.7609062688091077, -3.5125538146714854, 2.366680069482661, 4.06272841903004, 2.027362642165092]",1.0108695652173914
13,"[0.6135661788980231, 3.093828060133637, -0.6987780394638902, 4.208068958476522, 3.802311793704491, 3.635697331137993, 1.5551700113452345, -1.5183913144337078, -3.5618583533465484, 1.8415042350708921, -1.0804678700684822, 2.7373967228306246, 3.474577872648205, 3.6839411853299033, 3.254207879813488, -3.4085427531708294, 0.929235413686381, 2.8945004389891973, 1.6742275724009525, 1.7489865225515404, -0.2974267966688957, 2.140225428126514, 1.4785007406150852, -3.630910786136456, -2.107653568031425, -1.3436953666355036, 1.1093598844232857, 1.290827049988081, -4.283588569347808, -2.6970453103478134, -1.9384101385065025, -0.13652934653068516, -2.084962558408116, -2.9461032572321852, -3.132546844158649, -1.9750560352139956, -0.6724856404664866, -0.7127095077529383, 0.6144837435832861, 1.4742602281074428, 2.8842826613080463, -2.8344118041531416, 0.5277870324189982, -1.7573323353342043, -0.7593547346325464, -3.415295014955918, 2.5848994344169536, 3.6906952228137673, -0.4236224064850277, -3.097330218543324, -2.7040463498488996, -0.07057575175455955, -2.757540095420844, -0.2558048086912468, 1.5317427694193688, 1.6563573575378874, 1.2713110816370152, 0.9324097756908543, -1.5332709111870968, 2.6007492261454166, -3.096228953895184, 2.5508541729293075, 1.1739048383421753, 0.5495058615611932]",1.0108695652173914
13,"[-4.286534296034409, 1.2377999263566681, 1.006143405404782, 3.415525936653891, 4.121862742996398, 2.7580268695871797, 1.091196938579103, -1.7088473352244198, -2.7656135677467537, 0.9915334123832553, -0.4005230702425071, 1.4075586059323033, 1.6717953135360304, 3.8396044773617275, 3.5809192850533713, -3.4371767914850704, 0.6891105076681747, 4.339681660049936, 1.9333457801206633, 1.4970601770955665, -0.1653395398347559, 1.3502104464699243, -0.5198149257466061, -1.8123051041005453, -2.1363152334544675, 1.6924139513038856, 1.4431754176037037, -1.3105790539249513, -4.237163654871707, 0.587360519355427, 0.8619143100499495, -1.4519927060371232, -2.4570698424215127, -1.153945152971153, -0.459828912144721, -2.7229717319427946, 0.22110093116366586, -0.3527852705979662, 1.332163879299047, 0.1387199561613895, 0.9470574851654663, -0.2713480031366535, 1.3002519200641038, -1.7400229112330399, -1.4751097306820382, -4.613141440138393, 1.852298887342636, 3.661335138974759, 0.33688085856379935, -2.9681096406041387, -2.7012944710089584, 0.4272909267350369, -2.3447362706442076, -2.749484553090932, 2.5804009989754455, 1.771060330193749, 3.449971763931218, 1.690626180453779, -2.4728316020004297, 2.6974296064613057, -3.5993995234224094, 3.4534775555942385, 0.0809576755188921, 0.40651827212502617]",1.0108695652173914
13,"[-1.5460808019571022, 0.8051278708912428, 1.0688917485571197, 1.6896476045844269, 2.426107681539435, 0.7576239000522422, 1.5867601279937908, -2.0972185068501785, -1.7545850328454353, 2.0372156723353156, -2.2671746451291184, 3.4474352311862906, 1.8003480163398455, 1.1421792024630508, 2.5679400549058147, -2.6974219955579177, 0.6772133077052636, 2.81091638139629, -0.023100637118523615, -1.1456384739743508, 1.0745282553611144, 1.3337109224649695, 1.451554495676736, -3.304681101920117, -2.8409681153561954, -1.472714484512192, 1.4355791144501482, -0.28360417867345133, -4.255495448319602, -0.7300592145082199, 1.1177995879278566, -1.9003022397510367, -2.93621059987908, -2.9705590820575827, -2.4855235238354654, 1.0780105781801868, 1.0249610287864863, -0.3354304871568403, -0.1909142868767361, 0.8980935134799194, 3.1447121503194517, -2.0007066733271075, 0.6226981234628726, 1.5647767033349307, 0.25621078024696875, -3.704988911223804, 2.455258742577252, 3.959500962317887, -1.6818913749054327, -3.4944533568582186, -2.16637177674114, 1.45488347059905, -3.420067959876156, -1.7278507637496905, 1.5124951405969875, -0.41158997855641066, 0.8982322829956312, 2.4254169299880863, -2.815535264287858, 3.391801563825915, -3.2566816463728587, 3.05830539246947, 1.5245343103751323, -0.5962294035751671]",1.0108695652173914
13,"[-2.7120159054065436, -0.28774741149754, 1.394149214781009, 1.9959887739119404, 3.023218546519194, 2.9908882441852773, -1.048406436636823, -1.8243438715470077, -1.7017950177878374, 1.8295161625410463, -2.588354804349956, 2.356274852592334, 3.460444168169348, 2.4348686765317202, 3.7574186830148273, -3.1596229465385064, 0.7281482513256147, 2.5621732881163757, 1.57112042780584, -0.47819138938695493, 1.7418671913523678, 2.0961991243811733, -0.47001303955515716, -1.9600016762894652, -1.6246550953177825, -0.310289284898553, 1.341788586946787, 3.3094002707644483, -2.679993751106255, -0.47899774997685696, -0.5960436557603914, -2.7611281424934004, -3.348734966727024, -2.49724336640904, -2.870097677584823, -2.0561910691772987, 0.2037409581064641, -3.226784657460918, -0.3438648333651706, 0.15201865721512875, 0.6249260721792578, 0.18021355209458312, -1.2452647647043855, 0.07111412801906014, -0.233512795164881, -2.0570425224603843, 0.4447071329993737, 2.9179442396987083, 0.21144415021243246, -3.7101631082532815, -1.9435993206602955, -1.3884898688342435, -3.7616279547961438, -1.8955315641755908, 1.3107709375904468, 1.3936300291621617, 2.195676861314713, 0.8940386730611687, -0.14447754705388727, 3.3165930880790317, -3.8964781469346517, 3.523875369030716, 2.567144303768454, 0.7286874589752065]",1.0108695652173914
13,"[-1.5771760104189756, 0.30627054763408545, -1.7097496553566802, 3.6072133720590167, 3.6666400193082365, 2.60557342522913, 1.3223981159351665, -3.0276807908942738, -2.2896600302521146, 0.24208493898582217, -2.6644493652577115, 1.7551702557755209, 3.0512681730318953, 3.047854889834451, 2.7926068168001996, -2.610240119613426, 0.9523561253386836, 4.307958518024471, 0.06010250285181917, -0.5838321066067507, 0.1989354498033905, 2.471153196755, -0.3598758433528406, -3.571545559005268, -2.259093061323692, -1.7967725010390492, 1.1265068867330208, 0.9091282002062946, -4.193191874801095, -3.2347075680839743, 1.9453079913008169, -0.3680507614916084, -2.7870087448239675, -1.408157866676698, -2.170607402988983, -1.1818920099805998, 1.8246587011479931, -2.9162424658039887, 1.5651539960529346, -0.7132198988838673, 2.9073748260545287, -2.822059692720453, -0.06946837488530867, -0.6003550975570646, -0.4006241597252739, -4.59316672007408, 2.0892355143456225, 3.7352904549799244, -0.5277677516040676, -1.296767779752214, -2.7299324858967573, -0.14131815954015947, -2.467749943671578, -1.4292938675789966, 2.325044868814298, 1.0759252450930066, 2.2563957261048366, 0.8938766095695154, -2.264209604534145, 3.4641408622555296, -2.859944470111885, 3.0328777038189987, 1.568124376973591, 0.6549326110946696]",1.0108695652173914
13,"[-3.4705993728604447, 1.9915940153549976, -0.1572678945767885, 4.126198626870156, 4.136404252292265, 2.9922041608721806, 1.595083695012281, -1.2947211925633304, -2.142854046616981, 1.0267680756325093, -4.2968690701390075, 3.3438372026980696, 1.928404818004493, 3.1466221162974, 2.422937519960467, -3.8312585283521354, 0.7992409792852295, 4.418297673467376, -1.2123587801819455, 0.928276018599171, 0.6075859486611892, 1.7644686817742645, 2.247572907037032, -1.6675562512536992, -2.2727827452755913, -0.7791438960971373, 1.2615505064561356, 1.750726062012729, -4.201795095029375, -2.5266489699729364, -0.7614430584192564, -3.008338595652215, -3.2231296733613997, -1.5615766187505506, -2.1403210709457996, -1.055088617974861, 0.17551342583454638, -1.8681957386519719, 0.32371933442403095, -2.276079084037507, 1.8265030937806972, -2.9899497748135975, -0.7593682760030321, 0.03480205950060222, -0.24905276006350485, -4.426062589143219, 3.083954257587799, 3.4846414561084638, 0.5826341047359656, -2.377097994325582, -2.5674619332766557, -1.922796875489749, -3.275970771111429, -3.090764487061352, 0.6038715807479078, -1.0565277875271075, 1.5348749656045904, 2.1108897881405295, -1.140533565124657, 1.7563136616524104, -1.6516970893295408, 2.952614930727532, 2.5317628272392847, 1.2687782512987047]",1.0108695652173914
14,"[-0.18384876132682268, -1.6412127672674104, -0.7366010547457482, -0.6806729563423518, 2.6808867776056253, -2.3842540713605658, 0.18656881746460408, -1.0565633310833462, -2.307595070968472, 2.0154364930034947, 1.643129906486475, -2.723960903330876, -0.6599012655073865, -3.6124909584922476, -1.2225393909337867, 0.46257843490774864, 0.2772711904624683, -0.09316381633314719, -1.6902069008431342, 2.903446932271525, 1.1843579999207916, -2.586280866367587, 2.1944047430412073, 1.8195977415522615, -0.5526103268777547, 2.0766264428148276, 0.05080919011769425, 4.136907719442861, 3.58497530400522, -3.351283238222646, 2.3933478584821373, -3.065948208527559, -0.1931507275700025, -1.020826133937983, -1.0848232068732908, -1.2240975652689865, -0.792819071873307, 1.0906243872402264, -2.3569861607972125, -0.09874594282443294, -1.2672923194771835, -2.9950592995792307, -1.088815059170475, -2.269746911911151, 1.1777664492391584, -0.7189500104552436, 1.3161792967597719, 0.45635326202673393, -0.9314969133624413, 1.122122804539267, -2.731959251765555, 1.9014502419320845, -1.6033810777215978, -2.0869470420839846, 0.7186481041013624, 3.3604174289636615, 1.5399559662482596, -2.4943081694343108, -1.0259967842657551, -0.20787795081826066, 2.0033079523870976, -3.589085748709379, 1.0746885603418972, -1.417767249130657]",1.0333333333333334
14,"[0.04148806009058614, -1.8726323321640546, -0.4627524070768676, -0.270946781700387, 3.612290052381294, -1.8537207868004677, -0.6926246842991992, -1.5400507150686824, -3.66722664976573, -0.8653761610644085, 2.0647158673229122, -3.7251936619332406, 1.5078726958497355, -3.665641336006565, -2.899630953379765, -1.3051846814725607, 0.37985281314015407, -0.9299522238865945, -1.660337099029506, 3.104373408797517, 3.34810236647984, -3.2770366896928946, 1.6386583256258207, 0.9734785532345669, -0.5803986803103488, 1.7629347775799804, 0.1292594083063181, 3.895952319377033, 3.598851659650303, -1.21448727674424, 0.09802659211984421, -3.079075045710195, -1.4465732664035758, -1.5604316786335803, -0.12793643276243083, -1.326490723454763, 1.0963945306108924, 1.126804078957473, -2.95456624393618, 0.43856807184684543, -0.48318351517400193, -3.9549952372668384, -2.6609604347697178, -1.828254131735048, 0.9570908693802268, -2.4745549359300534, 2.587528427756028, -2.1902228641054706, -1.5030273243782668, 0.5560531735450422, -1.2463017403578038, 0.27563513820916075, -1.1323372165875472, -2.293572126450202, 0.8489095632783743, 2.90832050209713, 1.7259659607932625, 0.6959328019392914, 0.27510660883706484, -1.6510623250738181, 2.206000351017698, -2.5664737266975255, 0.6557110160624787, -1.0773556267801148]",1.0333333333333334
14,"[0.16047741302298885, -0.28711484153269307, -0.8475575834400899, -0.378658089072721, 1.5248271282332264, -1.1414071154174943, 1.1160417738213455, -1.0887820553557181, -2.3322546354781966, -0.8424382905391026, 1.4891804129743884, -2.0530369409853617, -1.5093971375694866, -2.231174474178775, -2.4940831766074565, -0.02063316391557779, 0.4605031179482879, -1.9025258479579745, -0.30361604809202825, 0.13342083167201313, 3.2593460945186568, -2.219130721207767, 2.6323960542477622, 1.075473759276114, -1.298413952948389, 0.21431569839004982, 0.17532662064302645, 4.023844308536153, 3.331511917990313, -3.7880714036471637, 1.6319803734854623, -1.1134962736978748, 0.346958593823284, -1.4825540655164147, 0.8826462302821941, -1.9464698325702885, -0.37989402171082387, 1.4226805357887002, -2.5597568889183804, 0.023899059915289123, -0.9616536329835714, -4.063145090699202, -2.270402043270639, -1.9475508685179226, 1.5825264932736314, -0.9006666289437943, 2.807807456898082, 0.13877504143306865, -1.82208669610231, -0.4446669919071555, -2.240745985946563, 1.260148763599079, -3.073629543802285, -3.090574326130532, 1.050197323482832, 3.4196774528385934, 2.2762688040680206, -0.4911015332297859, -0.5789567982953443, -1.3551884223391222, 2.364939396077755, -2.399496663794539, 1.0466361757099751, 0.2856468033790128]",1.0333333333333334
14,"[0.7318620415484147, -2.1431824270386923, -2.265284514930464, 0.6418502261022012, 2.48961896371095, -0.5830023934713955, 0.8774576523452591, -1.0752213937628623, -2.4328038821882827, -0.3757184946484237, 1.1145057620603889, -2.295525202687846, -1.063692385025314, -2.8746709709541904, -2.4103654579590685, -2.085885742196663, 0.3023916322222374, -2.6600943635661576, -0.12551846252440835, 1.6035832064710007, 1.8756138155393731, -1.8470578336347325, 1.4654810869711299, 0.44493735263031764, 0.9943876660921677, 1.2739621160009584, -0.0421395210222415, 4.17941929212734, 3.3367610258185523, -3.488677146159546, 0.8272239616489274, -3.009741225482714, -0.1335412401452143, -1.094695874063706, 2.689942028734728, -1.1996652278376008, -2.65625527657399, 0.7639952005966129, -2.2414632490480377, 1.669980080655109, -0.5058558873302739, -3.5966875862481484, -1.943217829728551, -2.6389837139069856, 1.9222431458332758, -0.9458812764087975, 2.141978514886874, -1.1781668319175096, -0.2367013976545036, 0.7413533109947508, -1.9303466621647751, 1.3963326606780306, -1.9623970583742425, -2.550919493923856, 1.190919565886821, 0.923291996073909, -0.022935908357604617, 0.14546877363984723, 0.1439952945545767, 0.507866179045924, 2.0479804720449044, -1.4573313891869273, 0.22895334330176376, -1.3583046351833987]",1.032258064516129
14,"[0.03500755967224439, -1.1829927905297803, -1.3760188925157908, 1.6741054522123207, 1.4871370652376317, 0.7429712763140215, 0.8110669373714045, -0.5786788716809461, -2.2962833463100227, 0.9665639966107121, 2.0422119362716784, -3.2936645644622837, -2.0373176139494156, -3.08442099371062, -3.0954852653059723, -0.4339300724622214, 0.42004592315782874, -3.5356362722812347, -1.1914623215170992, 1.513431350300529, 2.1549508153636796, -3.282827949671847, 1.2806525419130654, 0.6422557535451391, 0.5730865024706648, 2.077332647198992, 0.05164312773811297, 2.7445274657155494, 3.27897554826216, -3.8389152766814227, 1.192348434318314, -2.2241044755181467, -2.2375024540228865, -2.5410324234799995, 0.39914652966252073, -1.4909289925038498, -0.0377502378081529, 1.437057209014941, -1.489019561023226, 0.6460279029205306, -1.5577053710711068, -4.055684847580316, -2.592890673743457, -2.6473685073104334, 2.7147569209884224, -2.084902348262405, 2.5350762892729075, 1.5688555104897572, -0.26178861899400163, 0.7170170508564087, -2.0241315848921326, 0.75840200437287, -1.083989481952736, -2.3388412507561913, 1.602091912330192, 2.0386579169467907, 0.7245859923939388, -1.8470646317426618, -0.26908460713541804, 0.7747095075194919, 2.754841362477125, -0.9558418202127668, 0.08909086842305403, -1.195762046147915]",1.032258064516129
14,"[-0.8381003889857943, -2.405692590016633, -1.3055365802182506, 0.7982677208674486, 2.450174639861097, -1.6281830139801756, 1.1221315869373094, 0.2502959239505709, -1.857987995747509, -0.3457598852334939, 1.5845975174337341, -3.6108060158420323, -1.796319905011619, -3.3229791931490746, -2.2966383991527697, -1.4073424839689788, 0.3515788692392936, -1.4945054896982874, -0.5701078126847516, 1.5774181902837054, 2.2657125527202586, -1.8544720699605992, 2.8808428671637296, 1.4631930171995564, -0.08767917079600135, 2.073751781165791, 0.14808582768365725, 4.183408866466838, 3.3091108510425062, -2.5678770588805326, 1.1127129567758618, -2.7322258206662267, 0.27928455936591345, -0.6612388355439964, -0.5640913955690907, -2.1267390106756334, -2.3156801750121443, 1.883470156873459, -1.7323050349804507, 1.3769011533470739, -2.3826078906135915, -2.8279538819948984, -0.6062298884428454, -2.9720324872621404, 2.670935491823074, -1.5576819325170608, 2.5526191684319013, 0.10850622639258906, -0.3421097204952811, -1.2583879024467972, -1.968428417663529, 1.0623632229759317, -2.184126606392724, -1.68265823099736, 2.2933876466343905, 3.2672485713419457, 0.14393099047617763, 0.39922477352383123, -0.7936243681982689, -0.6230441847803321, 2.3518656433968, -1.7578153268695185, 0.7592363560379451, -0.5006125892730716]",1.032258064516129
14,"[-0.6075601834405948, -1.0875217922213167, -2.1283216576537414, -0.2159152880057923, 2.829014471282291, -0.29634073731532007, 1.0497173811519505, 0.3775725028177281, -1.435755372834287, -0.37682064451901537, 1.380494932367283, -2.1594346110238503, -1.8257267247159419, -2.1804967270848676, -2.206129717028518, -1.63779368456408, 0.3553302436890511, -1.2663223822697451, -2.4329281411405717, 1.2817744051541096, 2.2894076136123513, -2.7732264448743136, 3.2378652750778234, 0.9253184417835281, -0.33687544153105925, 1.248686592363815, 0.16442089485717365, 4.129835577933982, 2.8968116155814028, -3.8624978615908536, 2.3686659282145364, -1.2188914117828635, -2.0784273775138264, -1.9699655609020454, -0.7007260236400233, -1.0236650700411132, -1.4420344750719232, 2.5051018763458064, -2.4112441272959497, 0.4587754918293012, -0.46165349401501143, -2.075515015630023, -2.4606686073480972, -2.892109126292006, 1.5892922918349661, -2.450892453207221, 2.9570035583846987, -0.23867487072862045, -2.0143552672606644, -0.04807883789540068, -1.7994304830615295, 1.0325526538068075, -2.5167704362512358, -3.020915694458411, 0.6383701885404173, 3.0728784375209828, 2.510725814643386, 0.5149904853967919, -0.8616699558986316, -0.9280598410284246, 1.8860611212272518, -0.41868532400037206, 1.1597468032348617, -0.25409152207700414]",1.032258064516129
14,"[-0.14461606810093414, -1.2422238161082395, -2.4437223239488297, 0.5887667477142615, 2.83014445847026, -2.140050705824494, 1.4810196671449503, -0.28675929118739035, -2.3902500403994527, -0.3079255862238546, 2.4318092784016776, -1.6233062044198023, -1.3426848504997801, -3.559934462741786, -2.235272528085892, -0.4479063543972647, 0.18567571408014283, -2.026251061774851, -0.8292564224251504, 1.494648412627308, 3.174400801424304, -1.5767221031204293, 3.2765464606598442, -0.48563559607507195, 0.8548490301708553, 1.3716984323382544, 0.006858548702961376, 4.065836120235948, 1.5200715701430043, -3.6866900409760537, 0.746369128348942, -1.786755435943795, -1.6275655960950604, -0.5228804334140482, 0.2995947680317005, -1.1883584774873994, -1.5348718507230419, 1.7335536277414902, -2.9036052399648113, -0.31641339742817565, -0.8999772833642421, -2.6541987545730987, -1.944987771793647, -2.5217673232823694, 1.8595664094728532, -1.1854772449624602, 3.1196510413521232, -0.6569699146926656, -1.453879704965447, -0.3841881491746957, -2.73627491653253, -0.13180153724966392, -1.5639727217660686, -2.999080532318839, 0.06996958792916808, 3.0905486352040774, 0.9606183934475795, 0.025025040199148196, -0.8426597779967457, -1.9371124855641924, 2.7913359693016995, -1.2795606320669504, 0.9097693206235122, -1.4206135804498725]",1.032258064516129
14,"[-0.4647273344803562, -1.4217362077046292, -1.9974543882954099, 0.43019354916867825, 2.768238640217027, -0.49160173347671254, 1.5378676037379813, -0.2118622377553774, -2.5311712188217226, -0.15517645810877548, 1.2978485237658408, -1.8425158249841997, -2.161110412440613, -3.6290336941162544, -2.7621292863099196, -1.0595412159463837, 0.3406015094877912, -0.6776213702689976, -1.3110503202938055, 2.9227902749048518, 3.064196645784456, -2.1744487827536636, 2.5208190447289955, -0.2510779475581385, 1.4479553865797474, 2.07388108072725, 0.020658850572304766, 4.180024961131095, 2.3070346800700356, -3.867429446620399, 1.1170139881930086, -2.7661861341475396, -2.311730123436247, -1.2361550569288895, -0.3303153248287509, -0.8434662961698713, -1.2081413331494626, 0.6136339279065857, -1.649534207344098, -0.2986076723738088, -1.9635255008117765, -4.025419456881771, -1.9096184809865535, -1.343440911330534, 2.418410499082734, -1.496449826248087, 2.6209829714471247, 0.9311717565008253, -1.0462299518821214, 0.9570820039043563, -2.1361199314913906, 0.3170428652186603, -3.2313779412686383, -2.947636181981223, 0.5093010827749161, 3.0955945406628547, 1.6250761501443032, 0.27886445560033957, 2.354443865229218, -1.3218030389913578, 2.7514730402184453, -1.5517351542268858, 0.5137410178410631, -0.8142935283293372]",1.03125
14,"[0.032122216249991314, -1.4552386397381123, -1.1213282693183744, 1.8510293196899776, 3.4199164078175475, -1.519807983783091, 1.7085742228348724, -1.1417166938837953, -2.094104169636721, 0.8378745697727613, 2.525173603552805, -1.8136537518730953, -1.9319473896683, -3.0940820701423393, -1.7712083014719764, -0.5638467989021847, 0.28246053291625917, -2.805475986424927, -1.8051102226911278, 2.4216339286097623, 3.330890359194472, -2.1665475415242423, 2.678859318443981, 0.6129761703597083, 0.8134207321473531, 1.464963452272274, 0.04548498263335157, 3.6722080264718846, 3.5639896457415, -3.8616497004156067, 1.7747051897649202, -2.8852287319763548, -1.5593861929218236, -0.7744254390478463, 0.40073385303101927, -1.6751310370219912, -0.9183669377979812, 2.0459337039970285, -2.111230697823817, -0.1547899785699705, -2.077444954639934, -3.619403264587234, -1.2305075522892683, -1.4690685166469137, 1.4644627629268197, -1.733952182276394, 1.99885862981615, 0.23757408682492115, -0.30217757802317347, -0.3959495497103831, -2.2477487569048478, 1.80447191297855, -2.4617352332486084, -3.089622590221436, -0.22625136166191065, 2.9044787709541824, 1.9901665397887274, -2.1588863139313608, -0.40156552819308133, -1.7599230455125214, 1.8451361580709686, -1.1500727532363428, 1.2615108828802792, -1.0326099562063624]",1.0294117647058822
14,"[-0.6764680350090537, -2.299706647718255, -2.1128912793645203, -1.4428868121531322, 1.1650892972661748, -1.5014918086005766, 2.0429391757392783, -2.9503878726126964, -2.1068193494743808, 1.5075494980045248, 2.923911515836635, -2.431429247035163, -1.1852903910828725, -2.6308901097680133, -1.1907405332591006, 0.14944412454647987, 0.34973212700100653, -1.6986357741554372, -0.841255570258671, 1.1938022443009366, 3.3157495278471054, -1.4938675589570514, 2.2590014697779317, -1.559511818762748, 1.618875547966581, -0.2996047159987827, -0.0736589620865078, 3.6667757255989084, -0.38190413605578755, -1.682990379704569, 0.8933565145217064, -3.038383809710788, -0.5219136507665809, -2.243238444099789, 3.540730479809585, -3.713662554809342, -3.2539506623616483, 2.088354639366757, -2.8330507437504457, -0.3761471765487222, -4.215689634390453, -3.770381115485141, -0.10983978307100895, 0.880756611474411, 1.9134683884357666, -3.3526717806893536, 3.1329736197858833, 0.6415829385146601, -3.346219449354193, 1.0427972376328594, 0.7857811066615237, 2.011914376880367, -3.5510000225640614, -0.7852917212105658, 2.46567425402361, 2.858063571307869, 3.0066304926133274, 1.3399905674244041, 1.6820790686991611, 0.02956475906432554, -0.47117103736036986, -1.9581244833336937, 1.676752985783816, -1.9385597813627293]",1.0277777777777777
14,"[1.8960015570606483, 0.17090342440295725, -0.8634166096896674, 0.8501965557211355, 4.131661937290802, -1.8431344433784664, 1.5117446969811343, -1.0998459606226794, -2.832465629100376, 0.17510812149842664, 1.643881040121263, -2.4415849229244078, 0.10188259121388166, -3.222669982750725, -1.8249198133164866, -2.1095916327241335, 0.3150806478028756, -0.7407365210323369, -0.3683374280853322, 1.386202841510551, 3.338496583622933, -2.3531548239809714, 0.7682350066586194, -0.17696517421141444, 0.7297166286797665, 1.7023562990180583, 0.1175968683448673, 3.953184176946808, 2.245736720023607, -2.935729971932534, 2.7551159857709804, -2.7769006159897707, -3.031035770280024, -1.899039507659344, 1.5429922133711904, -3.5582838375909294, -1.312803800728974, 2.9128808312120205, -2.3067418929232293, -0.993618236687704, -1.3232462041648387, -1.9654461317937928, -2.706571520071845, -1.7167715994536803, 0.960308469680356, -0.36626358331735465, 1.0735396705551248, -0.5022854105444711, 1.3451643639588289, -0.3563032145833169, -2.7501285911187145, 3.2454974094529025, -2.930750157608699, -2.335777532923866, 1.305885785954724, 2.9436931653934373, 3.571060276529418, 0.772691450547421, -2.35131884350501, -0.43936991787336416, 1.540114321088784, -1.5648407060224478, 0.7415319299412643, -1.110714614029621]",1.0277777777777777
14,"[0.21252274983653852, -1.545450673101458, 1.669594541835869, -0.3317400769333578, 3.5564598324411163, -0.04426191572805549, -1.2789870012348543, 0.920049312661463, -3.467012719429987, -0.6148467485870664, 1.9452400503117198, -1.046359620992858, -0.8407843200214826, -3.5928236592065304, -2.1137912273476096, -0.5436068273502581, 0.1413654490305859, -1.158427743578497, -1.5250996633456873, 3.0475964037076744, 3.3019939673899414, -3.070392435119021, 2.955614089159181, -0.6948164921806057, 0.47200425555785497, 1.556998140823346, 0.1162087892354956, 3.0874044786540855, 2.6904650758914044, -2.9593589311185635, -0.433988636818039, -2.9724933337752693, -1.7396641940598678, -2.964260568027863, -1.5525897995415878, -2.2997548393094345, -1.8331563734721406, 0.7248127834775039, -2.9118834082664136, -0.6163607104363562, -1.4941191203101225, -2.375684501452299, -1.246521299626191, -2.5029603360115487, 3.6068144426419497, -1.2552665018488796, 1.708780432605171, -0.5983599152360999, -0.9991690755795484, 0.14587839565544491, -1.5854759558359264, 0.7725778393420974, -1.9783164301649283, -2.312418133438496, 2.0422576300159068, 1.5849093221281303, 0.8406719641952096, -1.5800125836360914, -3.112648617654819, -0.20415746968725135, 2.1098511204924653, -1.6632607820960996, 0.5090803622879909, -0.5947127488221288]",1.0277777777777777
14,"[-0.11371433842614564, -1.6520252798576596, -2.35254817825268, -0.8323811526035745, 1.882606278500573, -1.0005780215024918, -0.051986874443474385, -0.020050137967732085, -2.7898476842231714, 0.4834302104269164, 1.4873582084469312, -2.137019658706744, -1.8933811301542631, -2.3813495470198482, -3.0910649970948576, -2.007908827950311, 0.2677862862649738, -2.934457962758179, -2.3597264165423963, 1.6663347704201579, 3.339327704480219, -1.772364675678304, 3.2748906299045397, -0.23520450288118194, 0.11164285907743765, 1.5798862093964368, 0.09438053998943385, 3.735686046077563, 3.0441692803724214, -3.850048637490388, 1.6555810612258188, -3.0144606417099333, 0.08654630493749238, -0.578064150290879, 2.6425414353211494, -1.7836082350170877, -1.344226779157397, -0.4434090960373226, -2.853297657393509, 0.2990675422686382, -3.1296379768275417, -3.581089197532215, -2.5724222443909555, -2.9338348033138377, 1.5996062621153493, -0.2983861708082878, 2.786309814488361, 0.5256178549804182, 0.16428296027315414, 1.5623470251414142, -2.25378331962252, 0.906920571814944, -1.7775955535972368, -3.09644153861173, 0.19939721293997448, 2.326706479877441, 3.1013927714937637, -0.5885397355719449, -1.3470044474981204, -1.1828020633922822, 1.5317764425450815, -0.27707207274277446, 2.1037719826570926, -0.8618001323936677]",1.0277777777777777
14,"[-0.2717932813485704, -2.295224950937924, -1.7444933025887752, -1.4671665624035208, 1.2929865483585694, -2.8500418383387327, 1.254147670470531, -0.10503797411611276, -1.0521754127776461, -0.6882299970959843, 1.874173037762477, -3.6763835540741794, -2.4069000556348294, -2.726307322846815, -2.718230951575035, -0.7149805025574172, 0.32893841018447434, -1.0819479640459657, -0.8826789792024072, 2.6472195553892623, 2.5387659903956177, -1.702173367753561, 2.530264094968324, 1.1091521763681456, 0.5677637152835986, 0.49120155992423387, 0.028792032856149063, 4.019569901497709, 3.4359453824740824, -3.4628823565619875, 1.8506112414669285, -3.0658650618115817, -0.6870215357448466, -1.7907819703524406, 1.385793660064461, -0.756151244741457, -0.600759724510612, 0.8051603492884978, -1.951439762902178, 0.08903684825135594, -1.1483203912525002, -3.9272476322190153, -2.3307826068956747, -1.7178819216748509, 2.3275926477516014, -0.8860371124076404, 2.5380866177736836, 1.0372900070888724, -2.493163210145905, 0.7986897852007091, -0.9979674020434398, 2.56218768239199, -1.9758154191808788, -2.0383149853928435, -1.2077107316050788, 0.36565356730611676, 2.466454513768335, 0.14689234597248219, 0.23002491805171776, -1.3426806600536478, 2.761939358447507, -2.0877591016013417, 2.9157240940931093, 0.1955603427819067]",1.0277777777777777
14,"[0.2212870603832452, -1.6752645492326639, -2.723023327631037, -0.8841036486305196, 2.0710614966515966, -0.33017221967856714, 0.677573201212586, -0.8900977594428449, -2.3817608096126435, 0.29510719671584107, 1.624876212258939, -1.9132365373344706, -1.459359446221815, -3.3352523785434585, -1.8328033690641825, -0.899743836276925, 0.23704682302307245, -1.5851544753104334, -1.3127533917190022, 1.508078499992398, 3.2059169786675605, -2.8990636912835157, 2.2128298197203167, 0.9190504900151254, 0.016512079166087573, 2.3353995424733314, 0.11293021024390823, 4.170776040836734, 3.5402470066339267, -3.852311929600724, 2.0508642782147977, -1.7312676881235944, -0.9092236664681472, -1.399329437112923, 0.37859031853116426, -1.5458667802043415, -1.5020675728863462, 1.7508286364946528, -1.4332182184741977, -0.10975888886202834, -0.6738502258847515, -3.4942713054367456, -1.0827538237268461, -1.4554070444550704, 2.0853900491929425, -0.36965920904612615, 3.1330814198882955, 0.5435645977345042, -0.7123375919670124, -0.16885354410323727, -1.3221508506834723, 0.5999872379269658, -3.6530218453715677, -3.0178135664772765, -0.09882845271482532, 2.0708587843733275, 0.8929228310461552, -0.4709229158593888, -0.8176406437941532, -0.516725996092656, 2.3074733081126473, -2.5282888317580503, 1.0547238724290517, -1.0916895926208428]",1.0277777777777777
14,"[0.8391427008568293, -0.565570762577938, -1.8326874066392786, -0.6985455591324298, 2.35426841222681, -1.6640992485050732, 1.4767591424993134, -0.9259623166258315, -1.4318922647797336, 0.9352204382370614, 1.4545291975775507, -1.038803366115096, -1.674317053440527, -2.079522118329521, -2.536005485416261, -2.149809011239777, 0.22935325313407628, -2.684675683997348, -0.2856126647824879, 1.5428166880877563, 3.353304774985293, -2.375000169955041, 3.313713810621818, 0.5960916111001486, 0.5993236599314604, 0.7739672851849869, 0.07931113373022775, 4.142539231983706, 2.4729918900461296, -3.7361510384858625, 1.774607108860019, -2.5299382357979137, -1.60318122391004, -0.12204219516755932, 0.8037229213302458, -1.4987491336640744, -1.4842315856986774, -0.47274452082957463, -2.287174261912827, -0.41838696400181663, -0.24443226745081126, -3.133105603840655, -1.4882359371930913, -1.1163026483715155, 1.7688183426966235, -0.8545747631470767, 2.2825072321560405, -1.516416505318811, 0.5537107929844063, -0.15659553120668462, -0.8196622323049692, -0.12342565110062487, -3.3562635708508393, -2.7703504355802187, 0.6697547485148195, 3.1888971946921103, 1.0839587483339144, -0.007135529853999734, -0.844515737252244, -1.816089153190374, 2.44730523370526, -1.0633664944305208, -0.022914421560378706, -2.538089974395356]",1.0277777777777777
14,"[-0.1459908971405181, -0.9832596864312586, -2.2929284612706007, 0.812253144659878, 3.800168015259438, -1.0889917681326684, 1.1853339342095595, -0.33336476673904014, -2.7205212926111475, 0.12705805219594357, 2.274936540402484, -3.1841586471375996, -2.096978112629541, -1.8202660069434078, -2.256799885735357, -1.1301468028243302, 0.31435573441721765, -0.7177907895291291, -2.6174691854142873, 3.3717785572813916, 1.8666218277805444, -1.963332899573358, 3.285226543945461, -0.3644854614425934, -0.4192237403268151, 2.4201365807778044, 0.1985049883059732, 4.193837060618151, 2.9034931892320093, -3.610206393397188, 1.535858806239209, -2.7962850490376567, -1.3964583294883244, -0.7453891975762807, 0.5838565160619793, 0.01658834140580412, -1.2946368411438927, 1.4851765274326891, -1.4621323646901179, -0.505685979746568, -1.1941373793165402, -3.3420213086436843, -1.8550768191690397, -0.7889411094139342, 1.8357722222229582, -1.0603505177472998, 3.132528414222433, 0.11227655183698207, -0.8528057660411468, -1.3128854000677683, -2.439329856582592, 0.0972753574097942, -2.9707962563251984, -2.043544697898956, 1.510073203973947, 2.5076863439220562, 1.6788738610313434, 0.7187505910649992, 0.4838125240227666, -1.376046666082671, 2.939335251576146, -2.056605233669879, 0.926231859467559, 0.2767274202690766]",1.0277777777777777
14,"[0.509016708124807, -1.9831609110680566, -2.7841962596972123, 0.5393777749470658, 1.3915372807751587, -1.6455614725278402, 2.1557839417762277, -0.6602145944291549, -1.4975077647315385, -0.24952418989696568, 2.4159305000000035, -1.6227576454176085, -2.895861833020207, -2.638486406199981, -0.6881671931712097, -1.7813608405542771, 0.2492558647733385, -0.9961820572053119, -0.4080591695295307, 2.4879853082097867, 1.4825376428166983, -2.177463499462358, 2.696492977537672, 0.3816756351236097, 0.16750671919707177, 1.7133684556214124, 0.04161354784000926, 3.985931271715454, 3.5970432433438364, -3.002046392519317, 0.8869575887075063, -2.9648945608355683, -0.041444150762000254, -1.39077777798608, 1.1063342815505335, -0.969246843826727, -1.1720676443574582, 0.9745246536219705, -2.944982357265554, 0.7907783879908649, -1.5509969995533375, -3.0672259348470763, -1.1186191942434653, -1.1050691588114185, 2.047353046722659, -0.6519053454835575, 3.06086362055674, 1.1965482780800882, -1.3847585724835851, 0.33304932644974894, -2.440180781548901, 0.931012375199862, -3.2367838435651586, -3.092304303400248, 1.8985161919657152, 2.116915455755629, 1.5675771840912045, -1.1275627681933733, -0.6077842424138435, -0.9071413149828006, 2.0052280356606715, -1.9675104585431684, 1.171642234084938, -1.3544544958012978]",1.0277777777777777
14,"[0.1635193926936654, -0.6818062143087419, -1.3953901199128578, -1.1166645599109783, 3.6018325412756336, -1.628850541068685, 2.3175427754311424, -0.7999781954039336, -2.1626206422733554, 0.29600644279351135, 0.10963430551825559, -2.382585712169034, -3.7472828960780378, -1.8601791300972055, -2.985322769466036, 1.095719465431854, 0.3242324291226668, -2.195068208468232, -0.6125392515973723, 1.9914663644365487, 3.358133727785512, -2.8761483548758466, 2.066622745437501, 0.28688200761723215, 0.32200336770970484, 0.6722435616316962, 0.11478774217161627, 4.029249872757103, 3.55439235834391, -3.8660377261269177, 1.5334896892861385, -0.031244712226025317, -1.1007897587544033, -0.83045778387051, 0.1579189645871666, -0.7270343742702565, -0.7697092449125338, 1.1761549152833155, -1.8164468466902073, 0.9375198598001289, -0.9294486981874068, -3.533831750321508, -1.4880965056067499, -2.130402279914976, 1.7768712659238133, -1.7621616652947352, 2.8314372717469647, 0.5093861119089785, -1.944059793565755, 0.6562227165974119, -2.3663461638053773, 1.1770100675814628, -1.8617219377023662, -2.0381542036089266, 1.0134361261982816, 3.414835228709419, 1.9357142625888002, -0.7014442556301848, -1.0006103885393172, -0.27489479419305585, 3.0003050364250594, -0.9671665061179853, 1.6545992217919308, -0.9756531102136636]",1.0277777777777777
14,"[0.04917172483341786, -0.48338293187916614, -2.737808020504404, -0.05367149277741509, 3.290912143880326, -0.8104164165243409, 1.2993993071633092, -0.4084856535724077, -2.546723598683169, 0.7083384783570854, 1.1164775137594247, -2.195144029024766, -1.3655575889066398, -2.130384200394251, -2.704958927274676, -1.2769178515895714, 0.2765994082026275, -2.252168424738541, -1.0254575701326145, 2.454938327125368, 2.852593091797714, -1.3549537251648167, 1.949845839942053, 0.05991139021546216, -0.1422032453828629, 0.9207380891824408, 0.06806486581815308, 3.643822077548038, 3.1391319494894905, -3.2584799604687444, 1.7986082043626757, -2.2030388532236778, -1.5155909049720881, -1.6327953260045573, -0.4598955329456738, -2.2007067769203674, -1.7915148463099824, 0.5423314145157209, -2.690223616036226, 0.4639196527700596, -1.9923556789840786, -3.5364097869283393, -1.9181561680869272, -2.5401514622623425, 2.6549013382878703, -1.5358700465271802, 2.4499954857457342, -0.2249024219768991, -0.9349641036517646, 0.3806368406067323, -1.6594767379200808, 0.452921820826022, -1.479646959201868, -2.5228108621626557, 1.4326291010722205, 2.778175336681697, 2.404726409874964, -1.8424329916530784, -0.8892911424869172, -1.3934499741880648, 2.9267683687191615, -0.9989543267145472, 1.1860643945757379, -1.5428523631018607]",1.0277777777777777
14,"[0.09788149570518404, -0.7204199314195274, -1.6545545207076875, -0.45681955485956993, 3.265215968677542, -0.9541350792036928, 2.4260368581827763, 0.13355275571425546, -2.1856876662541547, 0.5782636701648722, 3.6540442301809994, -3.1417353997865898, 0.5497225083423776, -1.5038561420921304, -2.5984061808399312, -1.5417094267660616, 0.4413140335544117, -1.9968327656404499, -0.5658913209145693, 2.3653558049294228, 3.169731880483534, -2.4916468367951814, 2.0479468388065145, 0.9498872343727082, 2.095312057553267, 1.8441216671761804, 0.0483557019612591, 3.369147449275759, 1.9873906269001582, -3.083503674670129, 1.063469400723396, -3.073776349467207, -2.117903341850134, 0.2666391520799116, 1.023152040219709, -1.1573207582139446, -1.7458229514404673, 0.5298820580311914, -2.2533348020574726, -0.7311965117536887, -1.2812837084660873, -4.159704651079744, -0.7057868000939084, -2.789779887253259, 2.072918103759677, -1.5141761659299402, 1.1297112667403832, -0.6714312789253172, -0.9790914303074654, 0.33907479580030075, -2.7728796858734923, 0.5853069101739776, -0.0870254248633966, -3.103616850915761, 0.4391615364324904, 2.4348605630532334, 1.6746512466392696, 1.1246349232190886, -0.915498865101507, -0.801155349314146, 2.743819821232446, -2.5798672658955883, 2.1768996328938393, -1.6573487522278132]",1.0277777777777777
14,"[0.275116636753507, -1.84381672849997, -2.5958118246166406, 0.5116238300792746, 3.285124267370747, -1.810664182524156, -0.29342286535599316, 0.1906832565342496, -1.5808917025642613, -0.3445124092245644, 0.9919014472724657, -2.9693864946959905, -1.1532329188007608, -2.195296379228579, -3.0515759977392922, -1.6267322968519609, 0.2740976623600553, -1.7181186152059105, -1.4602711534086033, 2.209838340975234, 3.3581894423403535, -1.0883748436050276, 2.0509517270194677, 1.5276575385521798, 0.3681066636993285, -0.3489952330258943, 0.017014041594797275, 3.8098381650596838, 2.4883604209999133, -3.772541961926347, 0.6908012623865561, -1.3101056332796042, -1.8043308143359915, -0.9305076999371885, -0.35212441471218625, -2.1346822198192905, -2.6816582426163422, 0.7149692957772243, -2.374769369344414, -0.23200119638135389, -1.8415180324963702, -4.172337197864759, -0.3584202554607967, -2.5929953793630953, 1.8711850273314972, -1.6902464072742658, 3.005466260702234, 1.0277611531311397, -1.2325329681419492, 0.8966858280689438, -1.2744894963877014, 0.22311166095358925, -2.752702169660809, -2.6935017135198236, 0.6738215997133505, 1.9362988262091876, -0.049790387032717875, -0.02740184783678795, -1.7746213601437972, -0.677908164484883, 2.4194119844568354, -1.5430770002856378, 2.2128311624848482, -0.5760155311062358]",1.0277777777777777
14,"[-0.6348779062514586, 0.4976924967083751, -1.7454388381215362, 0.2800772768020114, 3.4245879812412188, -1.8337318477655813, 1.645677164257374, -1.3472637261337392, -1.675880705569071, 0.4478512994992919, 0.5021377046871016, -3.423836285432861, -1.5233917669389174, -2.493155621498284, -2.1359481858464706, -1.3385130756910562, 0.28669133382307754, -1.4159363152782274, -2.1374893031529383, 2.493466487328719, 3.188056597982817, -1.7551058347534387, 2.5786833598295233, 0.17693315316169997, 0.6207926487878049, 2.0695896390571313, 0.12299157546100983, 3.501939256000938, 3.0221649603897855, -3.3058448172525416, 1.1615657458053394, -2.1712988437625103, 0.09907743593306972, -1.0420792713245612, 0.8739847246933585, -1.8258457703029065, -0.21804553571405505, 1.1169319508569133, -1.3527688094368417, 1.2446351138929184, -2.197562807180756, -3.6423344033370495, -1.1438408632773043, -2.4910872315670796, 2.3576159589826635, -1.6185724137664665, 2.6641427772810506, 0.5312956941277593, 0.09469707878912881, 0.07192588977482484, -1.9919503947840567, -0.4267560470430484, -2.986794558543597, -2.9126119740326244, 3.0785061778559886e-05, 2.3427558151558787, 2.060077390560002, 0.12417169954467405, 0.7626706762197464, 0.0969410816207894, 2.448917496037436, -0.7503442002953425, 0.4050379889091843, -1.1357306874732318]",1.0277777777777777
14,"[-1.683712381621127, -1.352969099426032, -1.425427770111224, -0.7124468057617805, 2.5930996545944027, -1.213954214995121, 1.7019118060685214, -0.9545160389374602, -1.7470511145584056, 1.0936836671948562, -0.47456558133003957, -0.9079027856996227, -0.23308833075814395, -3.1779471918972018, -2.8281163123163813, -2.8238793369579005, 1.338296614903978, -1.7268475738669966, -2.3195148218143284, 2.3956831610442344, 2.716485864712827, -2.0124334248255313, 2.149067569646383, 0.25837324798637945, 0.3477162357562066, 1.9537307804706319, 0.6165037434002365, 3.413297423290223, 3.6002456929493483, -3.2862319562384275, 0.42208965921317776, -2.987166047150497, -1.1361264939454416, 0.010286627096514733, 1.2251815601077238, -0.19409820051510596, -2.510861275272877, 0.9007235727159327, -2.080313283891333, 1.7378050740454758, -1.4313511982909826, -2.84937696841327, -2.3902817350139385, -2.04088670446351, 3.210896855064375, -0.3444133232438793, 2.943641812802422, -0.2301139519127921, -0.17742756383449837, 0.8636623600707621, -2.3442832620864316, -1.1513937413432727, -3.6712518236169056, -3.0980944057521254, 0.375035423999748, 2.9355128253909846, 1.7394233812327728, -0.1199447331127132, -2.258828649279025, -0.47269408775344013, 2.2610227095235134, -0.6416619371346883, 0.8534584637761844, -0.6335494185538308]",1.0133333333333334
14,"[-1.162306844233755, -0.698071368195243, -2.7792891202837273, 0.3103161728576196, 3.586478766567438, -1.7168753714066465, 1.4009395855700486, -1.1827529357526478, -3.8521333203599695, -0.2330823282435528, 2.6612119079304377, -1.8988590485227168, 0.7332460742566842, -3.1413726050218314, -2.6593558004032225, -2.6504770015361734, 1.074816270553632, -1.5345648127966227, -0.9268738822719931, 3.1676493829613634, 3.2609854191417793, -0.6590729819059666, 3.236033857974415, -1.8899550858399194, 1.4163563814513536, -0.2520124873295697, 0.5318577724313652, 3.02517699146719, 3.1877771937294206, -2.906408045988494, 1.2911997290334212, -1.634853317322756, -0.9877617080240163, -2.79884152742346, -0.14719394036202416, -3.0178198289371263, -3.4025097346882736, 1.7867972374597816, -2.169217091313005, 0.49313755187035935, -0.01541364675846646, -3.807533785720832, -1.6370466215337212, -2.873161861695987, 3.2062255130823654, -1.5065524078820987, 1.519450087216381, 1.952552560192096, -1.66937684487121, -0.36594955528767925, -2.3143683323205306, 0.368871699593491, -3.4411671565593185, -2.055284285615289, -0.2515535394437215, 1.6590291374564818, 0.3179605840339532, -1.4691735054378208, 0.569649647931026, -0.33773555464191185, 3.0597988418296267, -1.705222851479372, -0.1375917157447626, -1.7579770612561454]",1.0120481927710843
14,"[0.2915645211560971, -0.31869615210168956, -2.5614432830146012, -0.7723108798385265, 1.7024452017584835, -2.67004565109993, 0.8348380258289392, -1.860386973380229, -0.4336154454753529, 2.455710045034527, -1.02433512127796, -3.3521939280073623, -1.010481946223514, -2.6240348824973307, 1.761385117946216, 2.4467207007699376, 0.9035669357425979, -0.657351535773194, 1.2456241456079713, 3.3862482085470584, 1.7743490900854546, -3.2139775812838485, 2.1521007584531104, -0.41073420365229774, 0.365766937251776, 0.8495140010523574, 1.114511567263222, 1.7949768295725033, 0.2689415237582825, -0.4420975570690938, 2.2102991064222897, 1.0535488053499171, 0.23384609051857402, -2.5314729044915403, 2.1450125090543652, -1.0787306772807084, -2.375854419579602, 1.5411543307920978, -2.921468973306608, -2.1455784738508177, -1.4524767026360492, -1.3626036668765704, -2.8552289116714884, -1.2340673470747003, 4.083514245517361, -0.9860397429986976, 1.688142682731409, 0.9577127995118588, -2.29527242737457, -0.43227107603843407, 1.4955729491826932, 0.37357952103417236, -1.2124330120800741, 1.8780465151023962, -0.09079596435786641, 2.9260831272562653, 2.5645571814133454, -0.516332122948686, 3.692762172649424, -0.2736655315695794, -0.7679372467410707, -3.769537522500259, 1.5822999335527745, -1.814978062879742]",1.0106382978723405
14,"[-1.5039248163349868, -1.5610568925038986, -2.745228840517004, -1.2153362913362566, 1.6324603349236875, -0.4791760491829782, 1.3326704250921313, -1.0076650755244507, -0.16624073483009894, -0.7176130813957491, 1.4637265734238747, -0.8010664978849735, -2.5148007250207858, -3.08527008743249, 0.7985405780764163, 0.8250372161199192, 0.9590174369064228, -3.6547637690752888, -1.9481382555406332, -0.19713126292976124, 2.3733761772303774, -2.9586658173024762, 1.6588052463003422, 0.67515474967717, -0.5787263850910783, 1.8201801062539016, 1.334790331437079, 3.708992040731998, 0.37621015931840485, -1.2531798623012247, 2.0636533248336986, -2.8836518859671867, 0.7118688090354757, -0.24270778735723547, -0.3478465968011826, -3.3328269201036367, -3.222053700375036, 1.3802512172592594, -1.1821374892147687, 1.030309510557108, -0.868886461443795, -1.9525307601450952, -1.143394335530817, -2.2896419833015993, 3.9508445537718555, -2.5084442586640145, 2.3486318335489487, -1.9926138596163079, -1.6881008875490888, -0.5727049704500321, 0.15381224368957436, 0.5678334718449032, -1.3057903015707166, 1.0606398109491089, 3.124569646297929, 3.2955662116978957, 3.6014174535621772, -2.368873610133436, 2.97125796821991, 1.1672008479700096, 0.38226645408868815, -1.487984452722868, -0.22254728044690086, -1.3235197795552451]",1.0106382978723405
14,"[0.024067697341139005, -1.3280057245769423, -2.6426572539415436, 1.3516057124064607, 1.9722343938738356, -1.053286174456091, 1.0747801613960115, -1.6075583434293403, -0.9510370201869816, -0.4080082454259572, 1.691281599611687, -1.3003780958366118, -0.8311088549971145, -1.3987210156098306, -2.2460060373166315, -1.9861418959509054, 0.9460636750207678, -0.4206469068374359, -0.1315025967909047, 3.059994735283764, 3.34796291337058, -2.4153018571751796, 1.4189507440241258, 0.9110900989550561, -0.3816339433245266, 1.4412249529476213, 1.3272797820607711, 4.130076607960161, 1.1318214037546275, -3.296352144818952, 1.054089904551207, -2.4337261179135337, 0.16477374338817863, 0.5307044775646899, 1.3285975800437058, 0.09496434075554383, -1.2154303375433646, -0.04581786456504, -2.9675098168008733, 1.1119600984514186, -0.6738266837391383, -3.7118774318413275, -1.5651391224317055, -0.41450387814022505, 1.236116639815477, -1.9545694198227759, 2.329839713171104, -1.9470799668029115, 1.3384663795210265, -0.8158009000460444, -1.2827352212737744, -1.9760519492410844, -1.744837750189613, -3.0983936326751373, 0.44649814306248437, -0.31489085877975276, 2.410986358577306, -0.7881692383867982, 1.4493170085997056, -1.1441729000031287, 1.9350236907271692, -3.1298006715375313, -1.0992032735883435, -1.016238216355534]",1.0106382978723405
14,"[-2.761066785709323, -0.5371828209335405, -2.029476964027179, 0.4526705690045969, 3.5627542155409, 0.10437875406963704, 1.740912262020089, -1.4316238667686723, -3.0612886328281204, -1.0796070017879633, 1.4263326876348814, -2.1467189103379085, -1.9978725070394252, -2.8073189379187875, -1.283214261809541, -1.4622058875152124, 1.170760201924081, -0.6971700603662245, -1.7157370298682646, 2.169685838089116, 2.906214980511426, -3.1824280837461982, 2.1134586175473453, 1.784788919015704, -0.38853730053532026, 1.6766845181355492, 1.0608976701552244, 3.20277427724938, 3.543599393847379, -2.9978198571634884, 0.6924678995676282, -0.7827335770024613, -2.4208496580520165, -2.9473770209362593, -0.21998885555622527, -0.9327896907963851, -0.22013710852033674, -1.636333345994878, -2.6110163987104738, 0.7744173957927537, -1.3143307779199616, -2.5508283176358133, -1.0145077068097985, -2.222548803053973, 2.17352992488395, -0.9544617857465235, 3.072909435556559, -1.2817698276081324, 0.8403408117046998, 1.8681704443582379, -1.4368863716944167, 0.3231132346978749, -1.168790712250201, -3.0811691238346928, 1.08264151389751, 1.6315283441812523, 1.244259149104179, -1.630719689696132, -0.8520163559779704, 0.7451946149236122, 2.606818458959281, -0.7468251070445026, -0.9498127012675204, -0.9191795935077391]",1.0106382978723405
14,"[-0.03677586788316878, -0.1658833356396905, -3.2344350120982552, 0.2421064383185113, 3.7407541457429048, -2.265278881957414, 0.47350511817692065, -0.51718261504124, -1.4180155907307448, 2.396378367738027, 2.0282527891814865, -2.0570660205271234, -0.7124964047218294, -3.7215988982878105, -2.412334260661539, -1.6453245671316616, 1.0269414597862643, -2.951676109059686, -0.37560043626074335, 1.8278982342847994, 3.161724212094508, -2.2559011104047917, 1.4902828445974783, 0.5140501486683131, 1.2665834375879323, 2.191414626343316, 1.4736508325872564, 2.2903153654947586, 2.6031395146436336, -3.845197062869692, 1.9250311145283954, -1.5577055324923184, -0.1791580481878008, -0.017775580375565925, 0.9977729392710619, -1.636912749902709, -1.7438730467091945, 0.5410331790385107, -2.398024025145142, 1.944899833349467, 0.5339119147718574, -1.8938444657138125, -0.12292034962529974, -2.8783929309319154, 1.2235960412542148, -1.4294629096061364, 2.8653444632159775, 0.8515594184702018, -1.0230568103126823, -0.400245105535821, -0.6196987031640967, -0.03491429133165458, -3.5892678110322085, -2.382903381259047, -0.6945620446699619, 3.4162590022536414, 2.460157143199879, 1.297806995390761, 0.16568238343146147, 0.00811770035009729, 2.799343866457646, -1.0925420817306821, 2.323257410819755, -1.3408009933933758]",1.0106382978723405
14,"[0.1859708134122527, -1.0383029341656564, -3.0054107411976556, 0.0322675311329679, 3.8372370995778993, -0.6089674479114878, 0.7374493386531784, 0.08116647158290541, -1.2661069260720883, -0.7727633329918608, 0.6284531064006034, -2.7456997767231908, -1.0070726872821303, -0.7457630381020484, -2.621793282445442, -0.7035884627752731, 1.1447732938053552, -1.5568514333312917, -1.1971919145580767, 1.6618033518995345, 2.4401066064551427, -0.5080414961485131, 3.3320986751464114, -0.32354377871125695, -0.07386808664122876, 2.0609447253593807, 1.2530905100141119, 4.1986556104856065, 3.2674728827640713, -3.86828229845124, 1.6313636912720566, -1.7005777642778543, -1.548615367329251, -1.2492175148914146, -0.4539224746866247, -0.42962053198977557, -0.6375952303334423, 0.6881619577917775, -2.9422525840264586, 0.5626992384968824, -1.666734055014616, -3.7604379491598103, -1.425762691140088, -1.9320534895076604, 0.8711938189531608, -2.4177990902609516, 2.33341102968782, 0.7028281005809383, -1.6230458664946406, -0.2886654053822798, -1.7203219575567592, 1.1064832933525728, -2.3027807090277754, -3.1036525421613392, 0.1943890336655295, 3.080685449120353, 0.8724220495558578, -2.432978382138431, 0.5753697256353123, -0.8314715682069885, 2.185213906222972, -1.0004490891457656, 0.8544959581144721, -1.2738735140455488]",1.0106382978723405
14,"[-0.29660098821972813, -2.4229168824980034, -2.262431781076031, 0.7356442588939845, 2.5560600019205184, 0.19856155826281352, 0.1948113387596303, -1.2992213689488255, -2.1427191595023047, -0.32488965478386556, 1.7072372358029384, -1.9704808581962365, -1.3210586228758392, -2.4679026233573085, -2.331516421259136, -0.7918132648937699, 1.169200724620549, -0.9346244710239371, -1.1467016308993, 3.1926309738054535, 3.3410537217401117, -1.0956803854048947, 3.3023445124948574, 0.14595535587350428, 0.2966163835488905, 1.5159771968969336, 0.9641528990893828, 3.5546002530629024, 2.4138947823271018, -3.590616039496539, 0.6815595608295418, -1.6939865670467018, -0.4243799793132186, -0.3765139069747464, 1.0229604332402642, -0.28068110491931075, -0.35434084059578175, -0.42741515620227055, -2.4952770720660515, 0.3369684562744393, -2.2380034109675737, -3.892534569565691, -2.6095909757728815, -1.8920772867662994, 1.4967380879147756, -1.5234018486207952, 2.2699293226682307, -0.9717408414630389, -0.5631760265766848, 0.6262439812221321, -1.4705859278976043, 1.1173991744231448, -2.5878746608014156, -2.0515683928276855, 0.5954853167607441, 3.0895155910967502, 1.8008291981533335, -1.8192940920568128, -0.019334513464600495, -0.9289138670943897, 2.5685515372178784, -1.08717806489935, 1.4078960839269656, -0.9209423012802288]",1.0106382978723405
14,"[-1.0355108255590268, -1.4787113704276222, -2.9204808808320193, 1.469021409347363, 2.7500153944184893, 0.08963962784791368, 1.6950743874488636, 0.06445346439218425, -0.9303107200297107, 2.1795248640077123, 1.5374732973038272, -1.9996352441401477, -1.0766671231448686, -2.9770875746837486, -2.7592514081453974, -2.175368728139351, 0.8925405469552399, 0.08864820719011002, -1.1641187652536662, 3.4486387826006846, 3.258220304528443, -1.5609674477054778, 3.2342625075673386, 0.05707105094082354, -0.533263109298381, 0.20609692131987845, 1.2358822066673414, 4.1734497162710085, 2.3720804923899763, -3.8272618288582616, 1.0080875601978505, -0.03870398095063443, -1.5100914470366638, -1.2905432707588076, 2.2639494603827357, -0.8337960805132502, -1.464989899947248, 1.5075471859163792, -2.535261320764264, -0.739873494186781, -0.15305850755137262, -2.9538405053701666, -2.0577802430850065, -1.9098199200708172, 2.2200647047118824, -1.315709233905021, 2.254537056105473, -0.1251260314031225, -1.062238698567418, 0.07943385800171768, -1.5958157054947935, 0.5731549691277431, -2.6844785762598837, 0.0012612162004250749, 0.6865944240568371, 3.3979494619022987, 1.2830092603595031, 0.8988975723765917, -0.20364443836077303, -0.9990402572364891, 3.060570261292229, -2.5790315245162008, 2.57053013296846, -0.25533185283351634]",1.0052910052910053
15,"[-4.350988621845041, 1.7497880206967746, -1.9656402840777902, -2.0579977464088968, -2.909025970861169, 3.2334486326959127, -1.5858890340793568, -1.8208750573660906, -0.4692474329374283, 1.644343995319113, 0.481000638132695, 1.0940981813539643, -0.863195351181173, 0.250892342906168, -2.8928041834291807, 2.4575827549611744, 0.2637973857851083, 1.354743983867946, -2.189140683990504, -3.19610395641447, -1.678822288380465, 0.5631930543557553, -3.183443770067407, -1.2979514258655716, 1.8983781621197913, -2.4944484959485878, -0.04812965721909235, 0.5960893960082383, -0.7829442532505566, -3.6477513224166427, -3.930195456427794, -2.3043758846257543, 1.4089424033832558, 4.420114696600635, 0.0017225180930393602, -0.44701222730437395, 3.245573675596763, 0.9326312990619785, 1.3544735419314125, -0.851158607927588, -0.8203575700013055, -1.2139808566411001, 1.577933226721841, -0.1895570109717637, -2.037178892357634, 2.16797441930697, 0.9231978300528956, 3.9570745780522047, 0.861212573774073, 2.142407962043328, 2.9108164738890645, -0.49105324835331843, -2.9311186914548433, 0.2632573988695075, 0.43559092066039873, -2.3084369210383238, 1.2824949651528375, 1.375042501013158, 3.0152990016422048, -2.064483117215742, -1.9951425643241862, -0.20106713505982488, -1.052098181257322, 2.682654743032395]",1.0333333333333334
15,"[-0.41262331791191675, 1.6257471618351056, -3.2382805896042757, -0.6857745011028373, -2.4772527062818614, 3.2509021307931674, 3.1774369606983504, 0.021805791588172085, 2.4310111326131225, 1.7206274521967662, -1.8036036123622199, 1.2031043659486236, 0.5240233847488347, -0.42703102260477555, -1.875359224433588, 1.3045931983687695, 0.5212903886298523, -0.8792023518953974, -0.9493536613689324, -3.011202713746365, -2.954755363045478, 3.5889893211808426, -3.0268748037253563, 0.7520145047320521, 2.62752566254788, -2.7424494246064084, 0.09920756717901291, 1.3509011490448462, -0.8770005062881829, -1.3748756503010982, -0.5370700798980499, -2.25309128252728, 1.8769898943586534, 4.005670225870047, 0.351452754587227, 0.5025513046661122, 1.3877577935695515, 0.31961718485298984, -1.8535654674683868, -2.0083049258672405, -0.12698375976301657, 0.6428991728615117, 4.144202831943139, -1.8609778307877285, -1.7921040778377497, 0.8091522496876533, 0.7615776702684944, 3.187752898630657, 1.2072332223023392, -0.0010211221315066243, 0.8970320118574622, -0.11323489050283031, -2.81835798780537, 0.29823877273216337, 0.8403386734041973, -2.601467258302801, 2.4643182918326674, 0.09485451969208575, 1.1467852038704334, -1.5751112732133183, -0.18521855921064456, 0.15358297124946196, -0.5091989691478235, 1.3978204535800463]",1.0333333333333334
15,"[-1.022051676560549, 1.826407255938647, -2.26682247629935, -1.6493666623905516, -2.3666233945083417, 3.5884646034793497, 1.9088321479997785, 0.1794875561871464, 1.7693336972145854, 1.6427050911263736, -1.9108806932678766, 1.2133967256613474, 2.5408595602545216, 2.966396677962126, -0.6370434930504618, 0.16633077537524488, 0.35019276153623147, -0.24547789784586077, 0.2342422007316985, -1.8154690333306165, -1.923476241290152, 1.5435464342113263, -3.072369447163223, 0.863502006342232, 1.1002059761417418, -3.9515890894128063, -0.018449740168374362, -1.0894268884176264, -0.3495121509356553, -2.7078065657988155, -3.916803235119783, -2.850786146743564, 3.417668484391185, 2.4145327342678002, -1.9594947679194095, -0.4913175822483301, -1.7812452308987945, 2.9460260877686695, -0.5904944397803011, -2.4823601632387846, -3.8953830830537957, -0.808976019170485, 3.7172073900568074, -1.5066252108130025, 2.547722815257208, 2.4040266845752867, 1.5509612997755302, 1.982520665434293, 2.3782441629129143, 1.4419104441911763, -0.15428595802162615, -0.5474226855407838, -2.511760856836765, 0.13948928989821485, -0.6898978114039817, -3.225835187253285, 1.3766184449426921, -1.4712354821519402, 3.327512940483036, -3.1740123216210407, -2.881504710345803, 1.0249935024102257, 0.5375596166191461, -0.5466742606057733]",1.0277777777777777
15,"[-0.4915906523359847, 1.7009409713999935, -1.5722926044468968, -0.5700571504718643, -2.9929964778345592, 4.076459056639284, 3.7235824081592677, 0.012310201555374545, 1.9879536844751082, 1.9598692561602609, -4.0333781561241535, 1.1723043260559796, 2.216464983912524, 0.5946927317319168, -2.2736210752668917, -1.0863823279654456, 0.31550736528786727, -0.41803940574961507, 0.32206180395182293, -2.744355239629739, -1.008693757172342, 0.7458597249233442, -3.290890352202883, -0.721624059339914, -0.12161026201233976, -2.5810131610579763, -0.14688263389077166, -0.709837819704643, 0.8030433276530811, -1.080462682443608, -2.8733181784929887, -3.0708026628520217, 3.114570505008945, 3.4252141400175353, -1.4421075489934831, 0.2749215143903613, 0.1900501614310104, 2.120796737475481, 0.16323167922659076, -0.11339270928704615, -4.251455036703566, -0.1801723468197024, 1.610787187241909, -2.972025245751194, 2.7167139302982584, 2.819380203896414, 1.831515848797909, 2.265465566030721, 0.18491604706723574, 2.277428424912443, -0.19979076898861386, -3.706339063572674, -3.3557110269029455, -0.6161791504044181, 0.6111189263399834, -2.126508018475882, 1.2561341228648262, -0.5625803824095797, 3.1769662050491476, -2.449009299571083, -3.4575317332574045, 2.538484472099644, -0.2205180755266597, 2.0441746882534146]",1.0222222222222221
15,"[-0.9935982010116591, 3.762762819783839, -2.9347659211799226, -1.0366304625767653, -2.132532225871241, 1.4922200610835468, 1.5500571468982598, -1.4598452454196358, 1.7853112120079477, 1.585881855755611, -2.0234511907188564, 0.11801514234457522, 2.035332908962802, 3.573897317373365, -3.0958823399512507, -0.9321358967972166, 2.060998752961238, -2.123456504130152, -2.7195469175696156, -2.867707375043593, -3.1431365855870848, 3.688306473142653, -3.0576161589118867, 0.4449531666925284, 1.302359301103734, -3.8370861152209157, 1.2990920392370562, -1.0920933809634712, -1.5419119412450477, -0.06600815558723316, -3.1120604894046853, -1.0435131305748735, 1.8485426154140145, 3.8190260968347416, -2.908412797763283, 2.2368806832893786, 1.4782550936364338, -0.09613395029740301, -0.7206566213554207, 1.1535640736062436, -3.6774515496058453, 1.1206570186085594, 3.6537438322378373, -0.804380247394611, 0.8351205772663597, 1.036809704320752, 1.256872974593477, 3.956158492129988, -0.1107463704838787, 0.7722394634416812, 1.6598537473362167, 1.9736628300729384, -2.954461955746022, 1.5022438517394496, 0.9150162355536248, -2.7225179168841684, 0.8716002984024569, 0.01703440976635881, 0.8277785892552743, -2.183957444815848, -3.2574486339409088, 1.1622193240161192, -0.5933981942716918, 1.0000670135563077]",1.0210526315789474
15,"[-2.1933100314796827, 0.2215139995500186, 0.4920185358301725, 0.44594256985081016, -1.4624865029464291, 3.430583620138617, -2.634084767038309, -0.1331287565464181, 0.7808954872382217, 1.6141771133223426, -1.5508749759120934, 3.35099330579603, 1.5728507346626577, 0.9982871785169782, -1.3156927537424492, 1.457272797382352, 1.8892687143909335, -1.7870483912228667, 0.11565214804500262, -2.2798310638823276, -0.5452922504334967, 1.379985066384544, -2.416753827449168, -1.6828214621479933, -0.2046497911156594, -3.431278724494521, 1.3354876414529602, -1.625441122087251, -3.5161802082158937, -1.17328464272095, -4.269816676999271, -0.16917126879098987, 0.009748199679169511, 2.0194436452511413, -1.1858598272315295, -1.5796744180194302, 1.1345907456521696, 2.9366386695767934, 0.6181619574090933, 0.4707897851745213, -1.3058035557673535, 0.1702802387912702, 2.1679235043841505, -2.673801047103625, 0.17337047434338915, 1.7939683349369793, 0.17283732219029302, 2.939566492578028, -0.19599841984776234, -1.4272979605580143, 1.9478645944348862, 0.20327541774770952, -0.8746394232206636, 1.0256394527983106, 1.2770450085925178, -3.803517553678229, 3.562232885712282, 1.0345369857465543, 3.6384755017957224, 0.35515048132763605, -1.517966354701822, 1.2851894785415476, -1.489643695176181, 2.9257417872388247]",1.0210526315789474
15,"[-3.092044270268128, 3.038553192671136, -1.9129954793657724, -1.7403762511211065, -2.9123672300841554, 2.513348457949967, -1.5886991140692361, -1.2794067404306193, 3.196086822273645, 0.8949509085691949, -1.1661823522923263, 0.8158755881162464, 2.6089509469246233, 0.603522679575897, -1.4520776751462008, -1.4666139426524352, 1.6420525846282255, -2.554943766141416, 1.2949914239739264, -2.7282063719821243, -2.462469119310305, 2.0863745438533594, -3.5140612761202927, 0.6052432267703018, -0.6489102157502309, -1.6899693373443543, 1.4735540434382417, -0.3256719333551542, -2.871748175058428, -1.3626892417927978, -2.681066807501622, -3.0652712704915475, 1.2786311593571602, 4.411330078281004, 0.2573073981622558, 0.2640180141920954, 0.778980808429196, 2.421624807396176, -0.05942816353704024, -0.3663417553014412, -0.9410449402720845, 1.328192505536584, 3.083765836542941, -2.9527997885443833, -2.7498638833517624, 1.9658387434689368, 2.510021751142828, 3.8226441414774013, -0.4636879131205782, 1.3727213338375706, 3.5589280451587584, 0.2766219137410476, -3.252171072566721, 1.2062633907208937, -0.031136821502919743, -2.4977079610318245, -0.29336789754825165, 0.7095442217693395, 2.343023258892811, 0.029023453699388746, 0.8818758764218328, 1.3269197279571054, -0.6021250273655441, 0.5249125795532004]",1.0210526315789474
15,"[-0.32868660066643374, 3.2432186869337505, -2.7954512700068572, 1.0074178898126855, -3.488842942022065, 2.756004572894393, -1.050367060694788, -3.0049490565047527, -0.7616338757711811, 1.4474922079056292, -4.240216697924747, 0.8236354571628767, 1.4795111281832136, -0.09428976316651272, -3.09593448628147, 2.452250377886229, 1.735755310313873, -0.04726816462005412, -1.2046902636109795, -2.7002297314514205, -1.4860882860567728, 1.8250817925218268, -1.28085985830517, -0.6927506681675442, 0.03889360300776645, -1.8315541494809338, 1.446620415504804, -0.07123496725355527, -4.270641120310378, -0.9376990731037314, -3.535948820078392, -1.515961003461535, 0.6108738920665597, 3.473102045935991, -1.919199484808473, 0.6083953645245573, 1.4817182220955551, 1.303732323782394, 1.1719915527399722, -2.321900741314319, 0.08153632107510278, -0.00884720705049763, 3.359488500403154, -0.6135037905131888, -0.6330224158239981, 0.8260317767086858, 1.2024148267789854, 3.8199056466332335, 2.1678038712354706, 1.2236172116400912, 0.45631180072926947, 1.5518299348173996, -3.6261446742596033, -0.0782707379155585, 1.3167983044660634, -1.2387096074441062, 0.7611057619916786, 1.1373841598564802, 3.6287492301475175, -3.7770452967247206, -3.389588714509881, 1.567653140218565, 1.5718342621211072, -0.5637323354886081]",1.0210526315789474
15,"[-1.8936567090437926, 0.5612440151154088, -0.8115848057005719, -1.0414984611028206, -2.7956267100465686, 2.7031458216415922, -0.1725471340730625, -1.0853771371852343, 3.1964620237678236, 1.4037487751748576, -1.6699406834738173, 2.0692785454864087, 2.59260541121243, 2.8850331716401207, -2.210169914756049, 2.0387178053844495, 2.0716183645235065, -2.368908785224357, -0.5969251165694609, -3.1895522229280786, -2.340215587747956, 3.548029094841825, -2.1956062136668493, 0.2986613636877868, -0.4046500295444717, -1.5879830708301157, 1.1873053028509122, -0.9273071843785189, -2.9932482002852145, -0.932833490413835, -3.94692240820306, -1.4015627061522438, 1.7638279420009533, 2.559793656651686, -0.7708542904477251, 0.3527403941408535, 1.3181034942494791, 2.074446720577068, -0.34497101681660464, -1.0107888533826972, -1.975067175965232, 1.0168169433647398, 4.130729994194269, -0.5234762703222802, -2.8211373873655496, 2.916132344330661, 2.843321123795336, 1.890399916249005, 2.3728461297561245, -0.6796471235371986, 3.311760722045932, -0.16760909176197225, -2.9061055836276295, 1.0191354563457051, 3.3675406208305185, -2.367948976202755, 3.23688069271181, 0.4286110737531492, 3.693910347086013, -3.733268086405437, -1.4651221363179292, 0.4004145813198029, -0.9753944354779177, 1.0650838101068714]",1.0210526315789474
15,"[0.43431657059118534, 1.8495382456300526, -1.782440864285094, -2.834077791597543, -2.222118187106612, 2.8960944865083853, 1.7118138823635434, -0.4805601341795226, 1.5750185206921217, 1.9411498631294355, -1.1876025145905933, -1.8903727074232595, -1.1512291016079275, 0.8561543749434232, -2.6189726396180237, -0.4382866143385882, 2.1907002433812326, -1.1798461318666362, 0.1841779489164871, 0.02045338686486975, -2.95367956155067, 2.1004805341340176, -2.1384860509839894, -0.5619020347931046, 3.068722357385691, -3.7784156581652453, 0.9209471303943744, 0.9126681991894365, -4.122441418909436, -3.247120419988924, -3.931730779949115, -1.8638893307606856, -0.2767513751767099, 4.325639447573534, -1.104823177288528, 0.5923737445079763, 1.7931369848220633, -1.668781683741034, 0.9079810247296374, -1.2706560510920846, -2.212349974596034, 1.1302542033056457, 3.3518588452297005, -2.952083063280718, 0.022922346909450386, 2.677841278439593, -0.9100485093819921, 3.5870177462200155, 1.895007136397108, -1.82495996103842, -0.45238439014703935, -0.7115048449784231, -2.8313026741195237, 1.0053129444209723, 2.4178774390997044, -4.016236173314349, 2.4433370603876345, 0.16614098039076253, 3.169718774324699, -2.4495728732173347, -3.2737184668015393, -0.45100763935256694, -3.644372643585462, 1.4686658513954347]",1.0210526315789474
15,"[0.6752667030405037, 2.098772216787121, -2.09080943853148, -2.457744004508858, -3.280737818715284, 1.89531236002974, 0.3722740437955524, -0.2643850401843737, 0.5509158888187227, 0.4343229618725144, -1.4686676099682145, 1.3819041811913813, 2.224944725296181, -1.911085414370741, -2.0917326159599265, 1.0752462659878486, 1.8884879722386367, 1.4629110789780424, -2.120641860276913, -1.2393575076753545, -1.7597487257017004, 1.6766710835955891, -3.0320846120784597, -3.0931671609832763, 0.6268622960411627, -3.635773701375559, 1.4337922360583264, -0.9624536681917024, -2.3693433966719932, -0.6137095884874142, -4.260391196551111, -2.57697746643476, 3.7685960646614873, 3.5756482688398603, -0.7934648520720544, 1.4172114378882967, 0.4515399210884987, 2.0172904919689683, 1.8190965505726584, -2.184791009355777, -2.6449654768228044, 0.5813329256446589, 1.1871001022861323, -1.3146209249183987, -1.0853455949138935, 0.9869531192109231, 1.025492964118818, 2.6460731139903038, -0.05587101974020503, -0.4329313203140889, 0.13232349961275924, -0.7852064205363813, -0.8399058095492875, 0.5186065042557287, 0.27313521236479144, -0.34504505770329663, 3.2129977276498876, -0.47885459162139177, 1.9614386816640186, -2.9466215183027566, -2.6939288489416477, 1.6449512168859304, -0.09678112204598066, 3.1706338299049555]",1.0210526315789474
15,"[-4.50435815119297, 3.53715076565813, -1.8526653327090576, -1.5163896899575358, -1.9577955679890624, 2.1553170836091455, -2.266379743246731, 0.12221742463512592, 1.2445413699577148, 1.8323793380918794, 0.26223553183686943, 0.2920166051630805, -2.599013827652847, 0.6679663889935188, -3.028242812070268, -0.839798968134029, 1.9745040540019085, -0.7045003375085497, 0.7351690780527093, -2.9073397809741977, -0.5176426601125654, 1.8521842463674036, -3.221653724127507, -1.7692101527134116, 3.588128096072538, -3.480909733671976, 1.4126145449135437, -1.369027674454231, -2.6159150984381565, 1.3133236773376142, -0.9732943942375907, -2.5919531768161006, 2.746548256171708, 3.228959064386438, -0.06342145208663141, 0.04411634940416176, 2.215387277849856, 2.9360858361728734, 0.44595140438240244, -1.5956578719347059, -2.659270629784488, -1.0390593252439495, 2.5197282079022947, -1.7713860372081462, -2.2743095109887927, 1.7875948602986291, 1.833873775005474, 1.4675618403560122, 2.4025178287159856, -2.294173395257963, -2.7358484795513993, 1.1538446142744034, -1.1887154141119427, 1.7552773927134862, 2.4952522604971334, -2.045172486052765, -0.4723541878496573, 0.8333323716692361, 3.6211317253875506, -0.29639273451804904, -2.8840949488572836, 1.0730261241007173, 0.628325634010071, 1.1967597764763376]",1.0210526315789474
15,"[-0.6171845015324455, 3.862177058641936, 0.5261808173512719, -2.044536175289883, -1.443651280647502, 1.7384966990713862, -2.1681210858585067, -1.0541301259404594, 2.805030723309026, 1.7876415448092415, -0.8736403084802525, 0.7309043518652831, 1.9759244010188686, 3.34969450704029, -2.7173960819660796, 0.4821600426057635, 2.534720285492222, -1.5901135811112381, -0.6724593312033819, -2.3681881436729117, -0.6879022839181728, 2.3866489431816094, -3.319562772330943, -3.116409704022889, -0.555226614415071, -3.2610555911567918, 1.4558288666057753, -1.352722043830638, 0.49397779372713346, -3.8165748625843787, -2.870732694027969, -3.0593263474379775, 3.8508539486838025, 4.262419874540737, -0.7001396723671048, 2.94600088774168, 1.2927448776984263, 1.8643078010545155, 1.09579334453731, -0.5966292396212602, -1.9591170432761524, 0.6674727448609188, -0.8198690431396036, -2.268631476380805, 1.0973090497936264, 1.7598517423419457, 0.5940116593257145, 3.1013005620144605, 0.22058504947525603, -1.6259729881733491, 2.175928858969038, 2.3898604547725433, -2.956593291391888, -0.3982270257252276, 0.8981804139030424, -2.571380640166906, 0.4610391956778115, -1.6769902196648434, 2.4683065955394223, -2.3130763971114514, -3.4794304111978613, -0.19918543727678495, -2.032990438621986, 1.4217690596181085]",1.0208333333333333
15,"[-2.374163051725567, 1.5515033917747514, 1.7355006597753995, -2.7280057780933262, -2.4995217558536638, 3.151116226199761, -2.31957426745857, -0.625745257490641, 2.531268577960694, 0.8023744460025166, -3.288605787971867, -1.678980058434636, 2.300470833204884, 1.9745851890997768, -1.1366626105631008, 1.1148447981653662, 2.350485018929815, -1.6916119023889329, 0.9088101268517632, -2.034381295519206, -3.0027913490146645, 1.683089678071925, -2.287082586480234, -1.0805974282610196, 1.042796172764394, -2.996269723121518, 1.3696315092612585, 0.031118951328371836, -3.748894573300733, -1.223806012234697, -4.246560985584858, -3.078758894840116, -1.058959351007025, 4.0920146748399855, -3.0821836812421974, -0.5577009322364754, 1.1772796844939708, 2.764975495314391, -0.2927080171388498, -3.4000965392104923, -3.3470385073084232, 1.4850641994356517, 2.9767222661827972, -1.2620146167556276, -2.162494926237108, 0.9502710521397428, 2.1422905473392673, 3.9188944742594005, 2.5424564632875994, -0.8218282893867388, 0.9672451664197144, -0.6602009827534614, -1.852215039166905, 0.7094781319726484, 0.10665430593404768, -2.216047427938612, 3.3648486352513762, 0.7990329257963026, 3.3616630332792514, -3.784004780912486, -1.8326975973733381, 1.184848717876207, 0.9067174552814579, 2.306962793371431]",1.0208333333333333
15,"[0.08486028961496994, 2.090701664955952, 0.3510418414965282, -2.844607216789955, -3.5724756038830634, 1.9185900121224249, 0.9118135320681652, -2.3748093624920665, -0.34761595663817557, 1.5895574870892766, -1.1793610895324143, 1.6639401342775195, 2.310498891105382, 2.675084530854292, -1.9040963546512024, 1.8546420960371752, 2.544400633141323, -2.1884205716074576, -0.7481618216426184, 2.2368933061328713, -3.161813407068824, 2.950190662435997, -2.806101879589045, -1.791994500945643, 0.5179304939064006, -1.7482099012117231, 1.1914191761468602, 0.31176072021216994, 0.7858480429055321, -3.7776868467166116, -3.603777884021302, -2.025372054030936, 2.4038234440584074, 3.76294068249009, -0.9141868709210822, 1.9079193786644422, 1.7463315193754705, 1.0173797957990987, -0.3491835175293829, -1.0245441196295437, -3.6036383992505074, -1.6881010583723346, 1.298136298751651, -1.2074711098652036, -0.8592652109613039, -0.18487891321634153, 0.969199288291291, 3.932793648691508, -1.3680072366009486, -0.020190972189688572, 0.40784828495005876, -0.29529096928262333, -2.377026805945725, 0.012748843789909037, 0.372470406057523, -1.5615224843614792, 1.8535070688687778, -2.4984070090716086, 2.0576373200306364, -1.945996687657973, -2.57980544956247, 0.9579002603775073, -2.0931536993180657, 1.778290401363482]",1.0208333333333333
15,"[-3.5629070777266914, 3.9635576297898782, -2.8362269772999853, 0.2894852205621534, -2.801783928489325, -0.46795474254401315, 0.3871350997739882, -4.042057192444641, 0.7805011399359953, 1.2158009977479485, -0.4729035936692967, 2.676504484608487, 2.198004471603717, 1.9324193336471587, -1.731100609766198, 0.7482935072224715, 2.405762696551874, -1.2479768375294682, -0.7658094384914378, -2.442356700232284, -2.9476321447829337, 2.419124757363344, -2.326624641869021, -1.5430743609453352, 2.2037834273552077, -3.9124149579523206, 1.213758938206578, -1.0214774510397104, -1.9609335169994642, -1.9356225006044072, 1.6762358471890866, -1.9464264667499709, 3.6337005271624596, 4.286472317538689, -0.9551752742919584, -0.1304209259927206, 1.65383723902968, 2.304681779535058, 2.1909430278285447, -1.3874123648165684, -2.2537892939155437, 1.75085505776618, 2.8570900998342714, -1.0921830612723316, 1.3054721282635497, 1.1601834457817477, 1.1646033545531114, 2.742051884837113, 1.4487702791576003, -3.715622509927907, 2.2382514347954574, 0.2338229300557605, -3.151187791526901, 2.7532141449364342, 2.4294182836516445, -3.5511774963477727, 3.2706826844538206, 0.9159664267710756, 3.693934165798437, -2.9863757000790687, -1.8370509591215836, -0.5492448428957515, -0.40121677333469874, 2.869260204040886]",1.0208333333333333
15,"[-2.0297207964753214, 2.8837511380256164, -2.899167768118735, -2.844393154572589, -3.269173840158863, 1.7386462796694884, -1.7817332157238295, -1.7270128559952345, 2.399648049895708, 1.283708586635516, -2.74815059762362, 3.3297067352196343, 1.5827805851220744, 3.1857931252978102, 0.8900497763249728, 2.3779759078853506, 2.3121036242844113, -3.8513883604365953, -3.6743162280936494, -1.411699842499921, -2.1062206407783597, 0.6389205935393045, -3.0524735106429928, 2.354431605169564, 0.9359274854926827, -2.2136856628464603, 1.4881379550891114, 1.3698057688204595, -2.5937578881725383, -3.695795485690579, -3.7886994723499283, -1.892030497662958, 0.9312970894939006, 2.6541701621439735, 0.5856629878569029, 0.6111201794154211, 0.48447386923099844, 1.6424546856455895, -1.5924380758745342, -0.7748811965631186, -0.5866502063044563, -1.6898848413001817, 0.9374917063409951, -1.3732493573540108, -1.664841190183415, 1.2504703018714365, 0.5809869540216348, 2.6906987298049656, 0.43160072098497443, -2.866521564772615, 0.957119034901477, 2.8818542790820545, -2.9317792010356163, 3.8885240763571036, 2.659229376216088, -2.851638453608099, 1.9643378473796171, -0.6714197981940235, 3.666146742346783, -2.210948851273724, -1.6300600933940423, 2.8166328076067386, -0.44307329361549597, -0.16092466990648524]",1.0208333333333333
15,"[-3.2232913564534496, 0.8414005681069785, -1.5576431722420403, -2.8054268152861668, -2.638155389024984, 1.5028568368113768, -0.03349837545017115, -1.1068845544398327, 2.8695032006578307, 0.34291110416761006, -2.436157691293976, 2.0630317247390195, 1.1582200380560936, 0.8117266731383406, -1.7075497992680682, 1.2659188983174559, 2.3188017262663303, -1.618602341672694, -1.7113235790046506, -2.0517319791027946, -1.3251082476788558, 3.024338030437563, -2.644735702727799, -3.2030946471619433, 1.106334944674938, -2.8522234796037793, 1.483962601217598, -1.2170353488523464, -2.0510327559441603, -3.3749277270843088, -3.032001233958716, -1.8139223447845072, 0.9003461533533662, 3.495783061147808, -0.29569970256928646, -0.3495821568917279, 0.538560894686554, -3.0523178291487394, 0.6844160779625788, -2.4641219612801777, -3.0635397886748756, 1.3735315904281733, 1.5434544402366177, -2.9504336548432613, -0.5821273500139394, 2.743770346159149, 1.4277808532164127, 3.283552947567347, 1.0618296533279084, -0.04409866919704397, 1.0518240125860927, -0.254112631163231, -1.5374991278039538, 3.5287384121847634, 0.890430612212396, -2.8357338725649113, 1.4030320719133647, -0.5063439901123783, 1.5983682531587449, -1.1511437020405766, -3.4654255473642017, -1.674297458843479, 1.8527058359276236, -0.4672316650509394]",1.0208333333333333
15,"[-0.6938178844738605, 2.194670752742056, -3.211994443020067, -1.639309004147779, -1.8218471109054297, 3.083723737333608, 1.4647176233586128, -1.3999750081336113, 3.0343121894182676, 2.096054868901845, -2.045085270672832, 1.2990119705942906, 0.2335783084161982, 1.9308723785283952, -1.0329699117769875, 1.5477232326467991, 2.2688017647061094, 0.056811853603567775, -1.0386220894962295, -1.2031146172969014, -0.4587075998355734, 1.4538387911533717, -1.2013298675687112, -1.0246510784764138, 2.766185150301355, -2.9256270444038766, 1.3765610483438557, 0.5786247920060776, -2.0913916144622946, 0.6614202168170651, -1.2172369071190126, -1.7440339440296322, 0.5339850746656112, 3.820822092513968, -2.3317731810542943, 0.4697376701679312, 1.4207444245888994, 1.650379785976597, 0.4997478568391381, -0.7088791522843524, -4.059185886909919, 1.428535825571028, 1.8077029683784904, -0.85485304919021, 0.4912299550421799, 0.7812446475604291, -1.1129388504312796, 1.3433595837808632, 0.7157453309771267, -1.0443603063517095, 0.7366340549275532, -0.21680932088803595, -1.263296730045262, 2.1476989805768634, 1.1712164070820243, -0.6288193044251109, 2.940047690614479, 0.45232212771674435, 1.576080841678941, -2.498792787721465, -1.4505996514102635, 0.6760571887901264, -1.8051206025332938, 2.3093081018018324]",1.0208333333333333
15,"[-3.5162902970131453, 1.679103876010425, -1.993688438862033, -2.6695824481767065, -3.1354042757607625, 2.913802487165616, -1.9627427338944856, -0.29213225165313894, -0.8344656590182922, 1.8221308793985775, -0.37140963899261303, 0.2925056826160992, 2.250939677636003, 3.0217073436883157, -1.1857469637911875, 2.2834497640984774, 2.494716565297073, -1.3667288400027375, -0.8532797029238901, -2.17389496186495, -1.0464418471752237, 2.9836333553492493, -2.5769828551203853, -1.333469846713328, 2.7531810073836915, -2.867374953435343, 1.3989517938058889, -1.405807489132762, 1.3520001038527616, -1.4005343001441113, -3.1699628530743738, -2.5041762660029088, 0.9717298784813612, 2.717942960296647, -3.0509864528374644, 1.9815066085095037, -0.05234727154928276, 2.805734251109136, -0.928718384511598, -1.7780884285742278, -2.001677020448799, -0.8050312395463846, 3.5718794532084086, -2.526818758759479, 0.3073830954464143, 2.2598936002842667, 3.092117539809237, 3.536356640565031, 2.571896179895323, -2.436200742758618, 2.1185264824125176, 0.8254759338670515, -1.656794355700015, 0.47465206232199375, 3.3784757776914267, -3.744214025451697, 0.01902875993329367, -0.9913610212484947, 2.9935661000436817, -1.6457628968855973, -3.753608816570352, 0.6661448557864973, -2.189707809253349, 1.5906458946467228]",1.0208333333333333
15,"[-0.09734505338373328, 1.2510491645665902, -2.8355876564665734, -1.4908773838834155, -3.560040486604483, 3.9560264027363083, 2.7057213471298063, -0.2031690965859947, 1.5510706937247551, 1.2300436912795738, -2.062694555360496, 0.15042180942811778, 1.5953256602393866, 1.2419601798322666, -0.5156072736567312, -1.7830073093275391, 0.40376130004838195, 0.008898614350279943, 2.111613871338907, -1.8526242662730248, -2.020343767583579, 0.04555105417055416, -2.3288534106545407, 0.06891642310707392, -0.5465173303088452, -2.981818872550928, 0.025944343544003712, -2.1715846323614105, -0.8025436459777685, -2.935936769604551, -2.4761602683744206, -3.0726448662860513, 3.8537360691480593, 3.602431965280383, -1.8650545364600144, -0.3778081476347356, -0.8791027689280271, 1.343380370533675, -0.8047780861902285, -1.527940313666452, -4.048517902941614, -0.5779604736968845, 2.523245789270763, -2.5437137316525518, 0.4383407521200884, 2.357179583402342, 0.9461632648928767, 2.7509253994144967, 0.9297863819455665, 2.987926678601373, -0.598089496931895, -2.2085144977477102, -3.4154215236952927, -0.7475866435890344, 0.24847227007807873, -3.987670225970785, 2.754662742973845, -1.1444871062002004, 2.9179379127291867, -2.3966355644569903, -2.3759980797059903, 1.1644387669479017, -1.4068945048045485, 0.927103050963997]",1.0136986301369864
15,"[-2.989189181205663, 3.001799208543608, -2.253584912302362, -1.6329832725913271, -1.6453635983195918, 3.745522526771442, -1.0273998568289198, -2.240258257063241, 1.506092486976698, 2.268205348296934, -1.1585895880330064, 0.6625723535374505, 3.2223227125878404, 2.1430624979235326, -1.6952654363076878, 1.4253270703177112, 1.0066350951764997, -1.3798336213224072, 0.9303183910823771, -3.1884548086912785, -3.0761905737953703, 1.4259290090928278, -1.491417536936313, -1.7525839382860757, 3.384187701852917, -2.199627521841296, 0.5779305353191657, -0.80716208319683, -1.4995273829611477, 0.5116573299177414, -3.4388223342851107, -1.8295156940974708, 3.780366342672969, 3.4010842156695795, -0.12447780544603004, 1.2040223113975594, -0.20352530881570186, 2.158865801562275, 0.4689787132304926, -0.2430692773101506, -2.4159406759639155, -0.6105524146423706, 3.53485704076098, -0.3096650233316729, 0.6750639329374295, 2.533484518588473, 2.88895217014021, 3.9596445110135883, -1.9763301811951128, -1.2663896997048365, 1.3301295215391735, 2.6155210539148355, -3.7667241838704464, -1.6096646859894104, 1.0698025844833519, -2.7358043718072107, 2.4848991875804325, -0.2265031342085133, 3.2511385357434017, -1.825809826977697, -3.8421480502248757, 0.9982863335723531, -2.8138614785514315, 0.6370799981545816]",1.0120481927710843
15,"[-2.9566006404562026, 3.000983933220043, -3.1390939876031814, -1.5893261822563347, -2.035904359349619, 1.9362195833623144, 0.3120736170948201, -1.6291261319048655, 1.1730129218902174, 0.05046462884588654, -2.301162770858014, 0.6584042757252058, 3.0921360748232942, 1.7174712827668652, -2.234167485127031, 0.3608947031000147, 0.7044279985637879, -2.416406594149353, 0.3030409766862132, -1.8865110537273064, -0.6107397713093108, 2.198792677362452, -0.38798956535479334, 0.4403818909043624, 2.2555915234993726, -2.918254990378983, 1.413720864541068, -0.24539059028436394, 0.19020019118071296, 0.17728839651766326, -4.030304243488056, -1.210380404254102, 2.6473524220840874, 3.4414361750267255, -1.4244562348238168, -0.2796988616278586, 0.12232408821046459, 2.6996240047522906, -0.951739666645119, -1.2908258540199014, -1.5196307763444845, 2.056212998875031, 4.157546644919053, -0.7201292121738654, -1.6159356353561782, 2.4297853844433908, 2.133651268076969, 0.6617578104503368, 0.6872973951512032, -0.09003344135254154, 1.1677495625383263, 1.199045039002928, -2.3239404601555376, 3.1224472728763693, 0.8516756021897096, -1.0940474335890655, 1.9718482512093962, -3.0854929608399058, 0.509786668619109, -1.3031320913131421, -3.8311669455210233, 2.940302782710766, -2.8148425249584395, 0.24758433261159363]",1.0108695652173914
15,"[-2.5075799210577765, 3.916939411371961, -0.845454425291446, -1.6075911092583075, -1.2933357651823418, 1.5153563663242402, 0.1543611179375253, 0.8389725314169483, 2.884587092413616, 2.4148250382489933, -1.9414327731250254, 1.4394355779213712, 0.4156021839836541, 1.99096909693383, -0.5346712956054618, -1.5620306521423368, 0.5461762940173006, -0.5652416327121894, -0.195970362943996, -1.330067068216099, -2.7794879722330452, 1.9223665346269376, -1.2473765603889904, -0.7264603212033767, 0.24989516235941434, -1.011884318319439, 1.3853974155976712, 0.944849418706706, -0.9515256168276537, -1.475912961557045, -3.2116569639660266, -1.2033571032734, 2.211875458986725, 2.8321863110455157, -0.9080858745340711, -0.10357149174840452, 3.3103770310942293, 1.4305202040804101, -0.6692856442654098, -2.33986213359503, 1.151403637277348, 1.3234132979761792, 2.0718033832537754, -1.2736484108247639, -1.1088540284270736, 0.5804409527344878, -0.48145485377646224, 3.0977248213726214, -0.04012446277876036, -0.7310307276151768, 0.952627453581286, 0.976556219513466, -2.9321379663077174, -0.2918008364000293, -0.2598681150504476, -3.5848552705155026, 2.8887823515613906, 0.4408164941243169, 2.0013462589250155, -3.608124147087093, -3.792387706554734, 0.68227887174424, -0.7250653671591138, 0.8584465040340289]",1.0108695652173914
15,"[-1.9233383070703238, 3.1129165072824567, -1.5299311196785974, -2.3801098549499957, -2.0624322262335957, 1.7800250339070718, 0.7339383689024598, 0.7383098637414778, 1.1732341643366682, 0.968704370353084, -2.2212965507428777, 3.4320595129573026, 2.0455819384062606, 3.001329117878937, -3.093932946931771, 2.1613330949434273, 0.8210496082635023, -1.9882470766304845, -1.1721093509276304, -0.3687853003516177, -3.1334324650389593, 1.6643590445644658, -0.8134813720262906, -0.1926458482765797, 3.6787032317059083, -3.895286816299839, 1.3483479098239088, -2.6254990465574903, -2.4971727703689677, -3.8085019526650115, -3.0453168979359146, -0.679230576636094, 2.1771392281020914, 4.404021229567386, -0.9855311427812683, -1.9943574245561453, 0.23966310239602562, 1.1789866670559557, 1.1036772203380407, 0.2501294234880873, -1.3993110595011728, -0.7394339945175133, 4.154298765259955, -2.939650858512236, -2.415002116131136, 1.9725400976442558, 2.6213572287397118, 3.881702886817204, 2.4097653659008635, -0.11166591350546207, 0.5875114263462883, 0.7127102645687162, -3.3742849597637474, -0.5329272655137904, 2.3331451883036722, -2.7947450955376945, 2.4110861111864366, -1.6564006418732977, 2.0610820011682085, -3.2809574405195674, -0.6390981959448261, 0.7682701054945307, 2.0876740267904492, 3.001444289704124]",1.0108695652173914
15,"[-2.8183393903801774, 0.14968560675214926, -1.6123057062438426, -2.5735264918024034, -3.5822535538548124, 1.6260615337672737, 0.16507158406161457, -1.4752996915875154, -0.05455721793339463, -0.5165072667485751, -0.4890353257778455, 1.995918047148458, 0.1980166831893957, 1.2646876793734816, -1.5734714639450167, 1.4414917749362453, 0.5433220215655059, -1.0084944026127427, -0.6254714258069117, -2.0390329042100848, -2.918884422097963, 4.13759673496659, -3.3348347071668427, 0.8327229176641748, 3.2171322822506605, -2.538846337964548, 1.4890151342156144, 0.9388705933575725, -2.9807583896383507, 2.2708951804899087, -1.8879552628841643, -2.1418122044319228, 1.1796622916982806, 4.2513054917460575, -0.02392161881903343, -1.1911504389598573, 1.8330310793478664, 1.5531035801922286, -1.220497392047485, -0.47684032487170214, -1.9902753041660184, 2.479842789025992, 3.121846265013054, 0.20994287418484148, 1.9433932700744585, 2.7050954698863174, 2.0255424882551036, 3.387990557160705, 0.07554369117085935, -1.6411790657761172, 0.8452503819412199, 1.2715437348227074, -0.5160081520870539, 2.515120351100566, 3.36342513960122, -3.1937351011046786, 0.3284425266285398, -0.5066642089214342, 2.9506894228778675, -1.7315552564406014, -3.517946716799316, 0.4492874575930834, -0.6681865384686754, -0.19441673730312137]",1.010752688172043
15,"[-3.8332221046297117, 0.7019126160030753, -1.8921609614056258, -2.631828184673172, -1.8714482105006185, 1.8385696093973953, 0.09534746617503924, -1.6681954083376327, 1.9647394113550138, 2.3111131245893333, -2.081799597286585, 2.8303131193003472, 2.3628421947255056, -0.5276899762130356, -2.55817973655565, -1.2575528285517454, 0.8443013199928169, -0.7472885334504951, -2.484884915771781, 0.15175821881158358, -2.530532277422933, 2.0939115545036637, -3.462656223162464, -1.1569801657470498, 2.8887609748115657, -3.78072387979126, 1.1805442301965265, -2.0005739312644932, -0.9497094089683783, -2.1045693763711353, -1.5341262409374568, -3.0175923042699604, 2.814288316967781, 1.9592538215468402, -0.5468948205779867, 0.2703544945340934, 1.6756042510176323, 0.7521690043351319, -1.9777414306833443, -2.287257238199981, -3.5249081240668527, 0.1269575342253466, 2.549805930065691, -1.89010224772857, 2.3212945155990052, 2.8956587217927248, 1.2621757027894862, 3.8715441813986056, 2.5580055675376854, -1.4238583829607432, -0.2515753654664977, 0.4744418825803425, -2.949326655609145, 1.3574071150533753, 2.767999570663208, -3.1559589465650677, 3.6017886477637906, 0.5102721425774381, 2.0730116248736055, -3.0455506516960513, -2.1610372584774, 0.2869991665204017, -1.9919755991987547, 2.3698876883405067]",1.010752688172043
15,"[-0.6989619297633154, 3.8549026018131856, -0.7355642490726506, -0.6984429623110586, -1.6777618046864262, 2.048940096359252, -0.6087131184390652, -2.1304753422239315, -0.663571265138172, 1.7920164799412268, -2.003641830844739, 1.37297441758268, 3.3963037285072732, 2.455647798218423, 0.2773057813333901, 0.5535032518284853, 0.9511789099140837, -4.208853630283156, -2.9419695764322618, -2.7123250722509993, -1.7612209824037197, 1.4253671700715163, -3.5057269119579244, 1.9497274608283974, -0.8577740850155513, -0.25223311970810425, 1.3894677701120848, 0.2867585106569088, -0.8794350082193343, -2.089466787929931, -2.581151864668509, -3.079237251695408, 1.1847700045798266, 3.0854775389379636, -2.464043295158112, 1.6701323033697097, 2.7118544457781706, 2.6373183473865285, 1.35191811694847, -2.795876593751225, 0.873018967102317, -0.7466867298479816, 2.722503296059735, -0.41590905437535164, -1.4851985836130122, 1.6969872965331396, 0.852189587262615, 2.8641458152943424, 0.1980898875998276, 0.830888102688164, 2.122005158668198, 2.6575529917636374, -3.7565669860426847, 2.216189087878627, 3.409784013213875, -0.5509541067842689, 2.4096010293684516, -1.4946158869227417, 3.159399753587292, -0.3251361353685769, -2.755716038037223, -3.1573077783886654, 0.9536195200711921, 0.7731953570802083]",1.0106382978723405
15,"[-0.35393341905418674, 3.4055059741720566, -2.101211203108411, -1.171260305893649, -2.138769659232951, 4.136731525685258, 2.3835088194849456, -2.0775190493787536, 2.279762791180996, 2.1449537154879956, -2.0062708654734425, 2.354798381956859, 2.538218012210472, 2.4385019300451485, -2.3156291672310827, -0.8112050683142442, 1.2283360907460505, -3.2544294190847403, 0.23379603582263497, -2.608380814634023, 0.3961744781183265, 2.1670334571599605, -3.5064741496990273, -0.7783742707045238, 0.9784905611621766, -3.944595240577049, 1.0484735428743859, -2.7578018292993853, -1.2372767252886363, -0.1879211306093047, -1.4399983154941292, -1.6769560729625512, 2.8917218924186034, 4.02707355472082, -2.3737640861508056, -0.15882331018009033, 2.3537157013661174, 1.0577802756064205, 1.864161856010637, -1.4049599932196766, -1.6791910414669098, 0.13469738484443472, 4.16557341532064, -2.5729527531482455, -0.9996520964316657, 1.8671709498055318, 1.938718053125448, 1.8844571989790724, 0.9101055197576555, -1.435870076345756, 0.8775707773529897, 2.93671852915946, -3.0959139659380153, -1.1513225856025842, 3.4157281350958946, -2.6533827923703965, 0.745953969751298, -1.7476243130285962, 2.0877812812610763, -3.78232097684786, -0.9642469574131936, 0.40493306584292243, -0.7502201589255022, 1.9485242127513804]",1.0106382978723405
15,"[-2.393882668181189, 3.778515133375695, -1.4824194382858003, -1.8949592489477292, -3.4627370373629587, 3.4073311986289463, -0.7784668954907028, -0.9295345216414408, 1.5896168242585278, 2.1323987070113435, -0.43201110281190624, 3.6025329297610456, -1.1109320165675867, 2.46085515153784, -0.9065127675067384, 2.4113021154155985, 0.8813183224108444, -2.6448778094417302, 0.0006966130929837444, -3.173108006500364, -1.279765645895075, 3.867823089886282, -3.5069954853473235, 2.9338635521485417, 1.3974504087387172, -3.858107529814961, 1.4127558705128684, 0.11701095544826501, -2.612855778417474, -1.6865828011887212, -2.199035785981205, -1.5143370174150548, 3.700398150265727, 1.8777764705337612, 0.328637064862906, -0.4704611504098186, 1.9633605588498768, 1.8902344074592596, -1.2142038187335626, -1.2054502584980906, 1.3796655073917563, -1.9682496627543142, 1.2056668096342968, -2.139503675620528, 1.138611351190662, 1.7574996936183496, 2.1944982835417273, 3.9102847228698274, 1.5239478485024371, 0.8677621766152557, -0.2573284501712737, 1.7575602053902717, -2.302742572841336, 0.17281871379075764, 2.718175315396615, -1.984051374200131, 3.1773780859187557, -0.5165693278342223, 2.1544063343403215, -2.058097254694384, -3.5836298995555094, 1.3580231961621008, -2.2438654043744752, 0.32130824196659247]",1.0106382978723405
15,"[-3.286243455347994, -0.525764320328924, -1.10800549668282, -0.9655032204830887, -1.0666050251666914, 3.21580266667087, -1.8186117812775036, -4.2764627847038525, 2.2735003283892614, 0.8597870726966008, -2.4645909745739765, -0.043744906604391565, 2.7872956212097693, 0.9501364519485083, -2.4399202877105415, 1.9932627156579168, 1.5707215370284122, 1.9303362010037093, -1.7291407341317206, -1.2872125236483893, -2.3834038303388896, 1.2661374992527576, -1.414281890560784, 1.1206119061933082, -1.0054364550816985, -1.7378019717840887, 0.5442193716097257, -1.365134997346186, -2.585643788191253, -0.9030147168178011, -4.2671441623979725, -0.9208062211278518, -0.47824155887485253, 4.4029114863350145, -1.6734243283985326, 0.5073136730097981, 2.849386994944256, 0.5481022344938538, 1.0014539409339527, -1.3286169490883233, -2.0984673686534583, 1.1957875291120117, 2.8296307238088034, -2.054385715620222, -1.4849653378662955, 0.9843196738359903, 1.2218258718982375, 3.8716620759997724, 1.712427953163063, 0.37622191901451685, 2.500526222408819, 2.2810347875614214, -0.5224546158320664, 4.451036510098247, -1.364190531888395, -2.379784691341543, 1.3108792196918904, -0.6765574043566027, 2.2515174063984045, -2.4350013773949293, -0.858710358309509, 0.4935057312148956, -2.068727171431805, 0.9118162033313872]",1.0106382978723405
15,"[-3.198467773191025, -0.22722604788774614, -2.111739744516408, -2.6260145859168196, -2.5211073901116903, 3.7452411119839297, 0.4256044303369829, -1.7532298953457517, 0.4885183906074624, 1.2680323596734309, 1.0807641492636495, 0.42021238785308035, 2.2991830714095727, 1.0812177624843047, -0.9991491640943844, 0.26134072248279083, 0.902119414468861, -1.9264280563649077, 2.1484077089439277, -2.4598120310484712, -2.5107154321882157, 2.5543234491098152, -2.4161243773252092, -1.2359120540132353, 1.7385402053704426, -3.131776938898669, 1.4330460374082366, -0.8116158887251192, -1.499869968249751, -3.236571416057856, -1.8183673822913031, -0.4676505448389716, 0.34430174015768444, 4.332733825841511, -3.1462000303764435, -0.03235342112292472, 1.7212146882493158, 1.812233210862038, 1.3055879947301514, -1.8857818280354768, -2.028965654861055, 1.1620082431973064, 1.881713444701632, -2.4951458043197086, 0.6529253070342421, 2.11334218218985, 0.7331283942696327, 3.8739855935898655, 2.6000698637719775, -0.26605946765388677, 0.8395752301663281, -1.2121626089325064, -3.767434226498983, 1.2949585666655998, 3.3341792907304098, -1.5651366004197207, 3.1772924135140364, 2.637695413267623, 3.6879533300412546, -2.108843913774108, -1.8098449133757635, -0.9937957275123895, -2.7253396151980356, 3.070356087000398]",1.0106382978723405
15,"[-0.836321393808501, 3.3476519619298317, -1.2386562767971663, -1.505737513074001, -3.254847992923842, 3.4796206477701457, 3.593766216133551, -1.255610065110099, 2.058005114703686, 1.1076290866171719, -4.233563286088541, 0.5924676052371487, 3.0783395747168933, 1.4275853586138862, -1.0128786668300567, 0.6257480420623702, 0.9237165536469529, -0.4168547344194769, -0.07364372150528176, -1.7807250779703985, -0.5660901977413353, 0.9122310666972723, -1.549882095484822, -0.031740690254838416, -0.7173796222358072, -3.350479834207077, 1.1671458085703275, 1.1331385576785196, -1.6283081705748677, -1.6913573072222476, -2.4931180232093646, -2.9587592702973504, 3.1639088047161517, 2.2380546023586936, -3.118189493466795, 1.2783326410129106, -0.12182561848895701, 2.7680802039773096, -1.1500385847071057, -0.30187974640822324, -3.3010558289378515, 0.3528139316964037, 1.8801599201790498, -2.435417191746197, 2.5079166150159766, 2.5541944261441736, 0.43220500099746784, 3.078980045027456, 2.119310602995716, 1.014936131254207, -1.2245988537373096, -0.7787915834329276, -3.662679103658565, 0.16074901872618058, -0.37803435841548594, -2.998414913935096, 3.0876021259242377, -0.6621296259115396, 3.427814776015169, -3.7840562376912135, -3.334217496679144, 1.012934151064753, -1.7646558378238961, 0.015105462369283895]",1.0106382978723405
15,"[1.1986614868405678, 1.6236351065041945, -1.4398699335994292, -1.7383655250686467, -2.9626287891523506, 3.7712924816369515, 3.4980271295652305, 0.020724128371876788, 2.4466192080452953, 2.39615339992445, -2.9795079612421707, 2.1010048172304283, 2.5580019782636567, -0.23406417730812246, -1.681553927729622, -1.1502131759558565, 1.2897351587526957, -0.8362049789210906, 0.6648831341102921, -1.802376742281864, -2.067349532729932, 1.7612720669194601, -2.7492803528142993, -0.5703018164429963, -0.19163998891494483, -3.7723798643934585, 0.864289358410373, -0.44194014840448853, 0.039044167913789785, -2.826413565656881, -2.5714831454256606, -3.083374861736687, 3.8390237426241973, 3.988225761807316, -3.119139059409828, 0.6909902144418655, -1.7868505859671062, 1.569709633399133, 0.9781966293136715, -0.38689089155735323, -3.7253216639521236, 0.6419476397298728, 1.6663754025710402, -2.5257506125980527, 1.7273478944609413, 2.66607516284658, 1.3669945260335017, 2.5171205433546713, 1.5370168537483568, 2.4954191609293965, -0.3334031981608845, -1.7209328671058328, -2.584466380882677, 0.3767041953368557, 2.5358157854897017, -2.631747090188247, 1.2366987155474771, -2.285672824164985, 2.325999946911378, -1.864061255083811, -3.9202499920109717, 2.984301848137218, 1.2325454938174882, 2.0480846758736058]",1.0106382978723405
15,"[0.8385097034001658, 2.6291150006112427, -1.5597561033096992, -2.8407667328720603, -2.1188750525777267, 3.7457869729182898, -0.9828144857871377, -0.37911643198810563, 2.9800934136549357, 1.822227089671596, -2.5732759953860755, -0.8438177237719144, 0.8568589965586685, 2.651787001325633, -0.7018846738008513, 0.31425438089147484, 3.9306512748090645, -2.755663813976244, -1.4931273633568163, -1.9074432779555208, 0.3921353108019474, 2.874454122847476, -2.71636808940515, -1.845573719643034, 1.2855830447016035, -3.667966072715192, 1.4770140606183908, 0.3320624214496204, -1.901591907943391, -1.6461870350834709, -1.9250138553402187, -0.2521980223770992, 2.8972633723517687, 3.2448469567856066, -0.1914970370700102, 1.3422198127860137, 2.245429618277088, 0.7985226976285988, -0.2359951619015453, 0.18503090679203837, -1.251196349496883, 1.8196354133351833, 1.4264217211841537, 0.4023923615090226, -0.6527931969471582, -0.29015185685023726, 2.0443477475694944, 1.5886384656921342, 0.7446845364319153, -2.2272981063545183, 1.510096967069866, 0.4414918193518993, -3.0205740426259133, 2.815344700073969, 0.20007482279548183, -3.9564439852202864, 2.13811581380737, 0.1938836561786546, 2.444080345241848, -2.985689138513605, -2.2802575741203563, 0.6569869723911157, -2.76776030105023, 1.4036779092150138]",1.0101010101010102
15,"[-2.440821952193613, 1.4187275418793959, -0.06321788134593764, -1.5206598371555393, -1.7468361218215873, 3.1131904429086963, 1.1897625914334686, -2.0880485734687024, 3.1539940993099305, 1.8273176261011868, 0.7789276131734053, 2.8734309174714703, 2.8041585763430397, 1.8708900842826799, -2.8679905752064223, 0.36617102410087177, 4.0274105036432255, -1.5597257151215262, -1.2244506044924421, -0.898268480326402, -3.1634591834575443, 2.1424398032790126, -1.5508618643380734, 1.5369727315587824, -2.5018885543109497, -2.754574325267938, 1.4407607747298412, -0.20038424246181208, -1.4409183595524762, -3.4908562517362247, -1.9546232572529039, -2.4160578261926604, 3.8581150259552617, 3.962779950485879, -1.8851136432345217, 1.9412499430398589, 0.5288539416495899, 2.164886161931105, 0.8115687424305732, 0.5275520264787725, -1.6996020957759415, 0.28442845181425713, 1.1713124950515332, -1.6571179094247561, -3.151324469741606, 2.477162288315712, 1.669664725587213, 3.8767183938774394, 0.11358482974208783, 0.8836296640335886, 1.2639399856431006, 1.288501711226686, -2.896124893612762, 3.245701213609759, 1.566622435440101, -4.0258671403893596, 2.3735228778169772, 1.9495836424373287, 3.2690685087482447, -0.4768192579300523, -2.5182532735978866, -1.5509148461879785, -0.6248730811201805, 0.41400526346454614]",1.0101010101010102
15,"[-0.0236344897565266, 2.924131402888188, -1.8197559069650113, -2.786400262523477, -3.36040351334009, 3.4854496185350485, -0.0917859416280214, -1.3300777628755316, 2.5796931342357503, 1.9423324790483911, -1.4398705793578281, -0.3479748019854456, 1.8844679167169385, 3.3364449826409506, -1.7822378355493451, 0.7821360940897958, 3.8637210640502815, -2.0453428522859163, -0.24861038574570832, -1.4470960102226484, -3.0978676353204873, 4.266285886189059, -3.514065521955892, 0.40624311980078365, 3.533387262541714, -3.746063254000406, 1.4301230181746696, -2.2554095614170344, -0.4530759209765429, -0.05431769929362429, -3.6383120669299176, -3.0770974731330827, 1.2848016068502082, 0.6612366089541011, -1.1725672223425212, 2.6014324743107027, 0.5049708938420097, -0.30830976219498263, -1.0205561637343294, -2.835020778945583, -1.318176251688024, -1.8000476049435448, 1.664382122538594, -2.153834313240926, -1.1612994047584795, 2.7261821718689436, 2.553539310300999, 1.6341191738839953, 1.217064317964698, -2.5795671800381283, 2.814445102290789, 2.1014787176177796, -2.548530732037796, -0.06894746194331991, -0.48264282628797295, -3.410190934908398, 2.8194244055579945, 1.2707892177814868, 2.9273504448394188, -3.340394342759457, 0.03266058661734483, -0.35983514235330216, -1.4383962714911747, 0.6989576285761235]",1.0101010101010102
15,"[-0.4486333054317264, 3.95289590635045, 0.4913536634008333, -1.8488432385865412, -2.872621785912205, -1.0756346493826006, -1.8844914954729082, -2.821124393456976, -1.359017953790505, 1.6095050609064505, -1.6247109288547525, 3.075644255234657, 3.32392801069902, 1.2320076045058008, -2.3927511683985507, 0.6314180674712635, 3.5285111596889247, -2.333559137112938, 1.82221181354879, -1.8757182363323663, -1.2986850420643006, 3.6177888879136906, -1.173216129549155, -2.0483861951156, -0.563865255003428, -3.3793374731783294, 1.4878250600182146, -0.009511464363014088, -1.6216726558031052, -3.366308751085729, -3.2380846501683997, -1.9582285678581481, 2.6321541308286482, 2.6207470243094004, -0.17237705874674103, 0.24888013386599894, 0.7783482662348085, 2.930195186003403, -1.305182118943587, -0.9291534521401748, 0.1696055261043914, -0.5714908139182024, 1.8473324180039077, -2.2798700975170823, -0.9280348202052133, 3.0098618629065292, -1.1562520300891679, 3.2734716883738875, 1.420328612571304, -1.9423725905066695, -1.0362553796258842, 0.264376913149013, -3.75669141232932, 4.370103204586479, 3.320707887018627, -4.0265658579864665, 2.906609272466728, -1.933536531120585, 2.7755325102108728, -1.8357783248317012, -2.5747016187379286, 0.2899390404316736, -1.5759615974739574, 3.1937835577626514]",1.0101010101010102
15,"[-1.4339225734289223, 3.6711132161660114, -3.182515597337904, -1.8101853417971485, -3.2884072475402633, 3.2413664302326417, 0.5845386743399538, -0.9434522255200201, 0.8039009283642692, -0.669320946766025, -0.6184614601703604, 3.0968421706055524, 1.4084437137560528, 1.2621331106702725, -1.0390739136983322, 2.2678177750546933, 3.774944802148899, 0.39089122142946175, 0.4719204781341676, -1.8242089832455326, -2.549948972861816, 3.9954040404839732, -2.974715348604809, 0.27677720537012485, 1.832344426508084, -3.084329538041775, 1.4292962629750394, -0.9444708431456686, -1.909303606407469, -2.2972643522486824, -3.410917339119735, -0.2806042403181035, 3.774383268172322, 3.4890183394110257, 0.31736983767863025, -0.3226126930701547, 0.7945004849700612, 2.9442052711532773, 2.22977709259747, -1.540509511085983, -1.3134090272713737, -0.6437766477078127, 2.7418785352016966, -1.7038070173025048, 1.0166499959720863, 1.6303688788359865, 0.40006505341282006, 0.5604562160250239, 0.634457720496076, 0.5449942652434887, 2.162821807330088, -0.6881606811670896, -3.298047430240719, -0.5055884404484503, 0.7297638641292393, -3.3360319092080886, 3.561337451071713, -1.4456044348237351, 1.5514635784838722, -1.7207428368598272, -3.9304849373505983, 1.8625227437872685, -3.4338967239017655, 2.8119712907068974]",1.0101010101010102
15,"[-1.0927998307369884, 2.0514214032268994, -2.757706831687477, -2.001665508354086, -1.8853546605466058, 1.7959237352565238, -1.0742733058665324, -0.3899495152994019, 1.7809753111059616, 2.2083483196281906, -3.2236632719806204, 0.11670811459389774, 2.5486142064422403, 0.8281100639545121, -1.5973802049496117, 1.013750411740343, 3.9021025162692173, 0.6063780463366744, 1.086548527688299, -2.6651200754893214, -0.9190528856196247, 4.062982872949013, -1.5577611159531188, -2.010785569171734, 3.2745369120625307, -3.310333153373059, 1.3818237501379587, -2.5318915617979343, -1.0264250412580138, -0.17460298266677876, -3.007158323794575, -2.2618640089423954, 1.4179404340057389, 3.2811287224701995, -2.6852783040213857, -0.3548752671136196, 0.30345444206876016, 1.3219031577989748, -0.5793528087421845, -1.7657056948998293, -3.0165366111224508, 2.8274664284126994, 3.838989782314929, -1.6756971457663596, -0.23393229178287422, 2.548024673447588, 0.6507350482850467, 1.544199188118859, 1.1297182400592365, -1.0000495333461186, 0.42654471176330855, -0.30487787959028423, -0.7992401238635938, 2.0260131472539795, 1.8902859670478527, -3.6043443817041876, 1.9691021470342673, 0.627145582919375, 3.079427394084443, -3.673034516542032, -3.865336812983161, 2.1651992929955037, -0.8948490092034681, 1.161210684618792]",1.0101010101010102
15,"[-4.500414206177164, 3.9706994320617026, -3.210978181329334, -2.7669115042798795, -3.5614229851653385, 2.5044838491422396, -2.0128744796050326, 1.7363570380661322, 2.8669424206167005, 1.5899786294410372, -3.5009206761364546, 0.10216021766053274, 3.2547565330537203, 1.6631976453934099, -1.777348992452357, 1.9685602573650611, 1.461275055280021, -2.9107743133604957, -1.0975646770987115, -1.4313311745941881, -2.834913183929283, 0.6490602023906105, -3.331595982633611, -1.4381573336271076, 2.8888679496656673, -3.479307908998878, 0.6701301549344836, -0.7679084772327331, -1.8282411618927035, -2.4560614991525114, -2.5715932721532044, -1.2807229355101355, 3.5094919232197643, 4.252636523536492, -0.9588816898278243, 2.718068039705388, 2.239201463254912, 2.9417040263256564, -1.9093340499744962, -2.359219707275419, -1.208682262787677, -0.3859292623094389, 2.410421095282097, -0.588606193766219, 0.7999974586161763, 0.4955813454140279, 0.5208880281655863, 3.9537277742160977, 0.5621376162836951, -1.7243598681673593, 2.1489177697924977, 1.6348509219480574, -3.2673944707365106, -0.5519820259991184, 2.031557349487683, -2.501509546853481, 3.5663810488333576, -1.0291836426300471, 1.5094284494217327, -2.506484621143464, -1.3641542802542324, 2.4537515315554135, -1.499334974550328, 1.1424868877440881]",1.0052910052910053
15,"[-2.8588269464009963, 2.4991663411868483, -2.8312749692850554, -1.230156606098057, -2.794089543105841, 4.135450586808239, -3.3866103919456614, -3.5278042661866165, 1.0593976618127394, 1.3018061659588194, -1.640662827819493, 0.7916999473842963, 0.8262477059674722, 2.1400055511243035, -1.0455837465006916, 2.104359161235303, 0.5444286468463864, -0.17909996560267638, 0.36059752005186796, -2.9034702632304095, -0.1553609633935078, 0.6509498502793549, -3.221908543782621, -2.029279209978091, -1.0527183999825938, -3.0005902682466052, 1.487153963444278, -1.6814529969100773, -2.5696347424141437, -1.3209595475676394, -4.058608422165146, -2.8392698608917573, 2.5158974446037634, 2.538665950207336, -2.5660221292002356, -0.5114633499292935, 2.790146586107939, 1.7186874680521673, -0.9587988790782669, -1.0611318704774988, -1.8581923078942433, 1.1356002425056864, 4.034747222237863, -0.8733515297439074, -0.8031660219401139, 1.1186620864926615, 0.18135995188410448, 3.4805018125167777, 0.22372512974647696, 0.37162886284119623, 1.677686667847396, 1.7989169349995158, -1.7536328708073432, -0.6222874309252981, -1.1764697754311721, -4.002553003576673, 1.4580931387307472, -0.905764345479888, 3.441427148594087, -2.6286891159726467, -0.9074753113643912, 1.069553813943942, -1.5119444707428062, 0.7245887773492878]",1.0052910052910053
15,"[-1.7278600865301892, 0.1892101534634234, -2.2982067685959278, -2.0426532363667054, -1.3205804079937227, 2.984248586869943, 0.7983615439144938, -0.8699220815457012, -0.30676288275428054, 1.75686686902527, -1.6661405030021164, 3.5352376168387383, 3.447225362911802, 0.27297341457639157, -2.500230544076712, 2.4431888322312787, 1.1558714593976012, -2.4172863650484815, -3.7379385780745307, -2.4614727475155798, -0.03890933855547374, 1.4406435340870607, -1.2689950684631661, 0.024365183784342714, -0.6626871519185104, -3.1386746786251245, 1.095922824962701, -2.004104712532498, -1.5935061724690962, -0.41900562050826684, -1.9617919282845486, -2.786751616149407, 3.461834745216267, 3.320135674798768, -2.5003739823074262, 1.1642093511295097, 2.6004897591789895, 0.9313711187988696, -1.1585455855866307, 1.0547354494821295, -4.088910697338233, 1.4825488141027114, 0.5526627061786655, -1.9478163164597084, -1.9025093375848774, 1.021433160785011, 2.8552831315311797, 3.090989363541223, -1.619851761120798, 0.0804490334690302, 2.6672529196322055, -1.5797660214601668, -3.736979436424484, 3.315501893828215, 0.8430995976842214, -3.0358039411965048, 2.429558916480396, 0.9300034138904851, 3.5331404304302994, -3.105229248494295, -1.8251785695202538, -0.4642299596967948, -2.9554131385502824, 2.144156917764697]",1.0052910052910053
15,"[-2.3577617178918184, 1.1353498591072735, -1.272819500520252, -1.0684058211500664, -1.989806207603629, 3.5841808386364926, -0.40499921668997185, -0.16689525020592966, 0.06187573694619708, 1.724426272223172, -2.0797513168193555, -0.1921695061306492, -0.6541082552389967, 2.3902825685960782, -3.0923727809482804, 1.3840547848138975, 0.7856411649408662, -2.2946321568213617, 0.5769094193379156, -0.9314666921432408, -3.163675908112579, 2.28472265431442, -1.6482450713001011, -0.16083342262892802, -1.115492463085979, -3.9564976540568737, 1.2961115762844706, -2.6337624536851183, -2.846394171677983, -0.6194480756784769, -0.21686326933320998, -2.3902823344424746, 1.4987209599648446, 3.934445695889066, -2.128698548392897, 0.1641606820683721, 1.4183187685886782, 2.3459096200961547, -0.43459924635001035, -0.2130830657616456, -0.0958230613928166, 0.32335000514770956, 0.3211977977120912, -2.6842860158086626, -0.06424383940836575, 2.86235074276561, 1.6870196198739291, 3.3215166931759565, 2.1268156138751313, 2.2570885455727607, -1.3570279283615525, 0.9203142462829965, -3.5882316961835, -1.2554699267402438, 2.097506388245721, -2.3635323924595184, 2.4637901176513317, -0.09684255798867655, 2.206149424441861, -3.492717447858551, -0.6030902908657854, -0.5061200640770492, -1.989847989076191, 0.24612789027564452]",1.0052910052910053
15,"[-1.7577448442324963, -1.8944590401198296, -0.6615580784929982, 0.6350932616004461, -2.2567514921817047, 3.5411871177127523, -0.18839792146073822, -1.4753741988500355, 0.6026390613177413, 2.045100198586612, -1.2235845234387532, 0.9029085347868886, 2.9737173666491383, 1.5533751649092542, -0.4301202809422848, 1.6679095562983497, 1.0153383497258297, -1.4021807479574941, 2.228452774096442, -3.1565311446817463, -2.3471761803420867, 1.9276657526661014, -2.372685631794128, -2.6616153369763067, -0.5022662526801569, -1.4623372749860972, 1.1339052470281739, -1.099676109499922, -1.6725089506441215, -3.0852963827833344, 0.07847096664716968, -2.9180517499633347, 1.906201101215464, 3.728027104104938, -0.36935405939884425, -1.3495499705371876, 2.1633832144566294, 1.573199026772238, 0.17641128270658157, -0.6605150586277911, -0.6191394766996188, -0.25160495607402455, 2.7086367703317777, -0.5843336875398915, -3.087164391446973, 1.4460099992073694, 0.9813900481093301, 3.3841818749196633, 1.3278483581491614, 0.8537806748117418, -0.6329832691662246, -3.4842423832373344, -3.5702349683676076, -1.2923679266103767, 3.219752881052102, -3.9452329046965477, 3.4197295664623475, 1.07858838302703, 2.1012328786131107, -1.7573970254400315, -1.1985817813050228, 2.1628842441513725, 0.2472383438998098, 1.469998088667809]",1.0052910052910053
