Run Index,Point,Objective Value
17,"[3.315301721870663, 1.566613308875123, 0.004772853284609635, 1.1424853939748347, -0.6996689166052996, 0.18005058139664476, -2.3471295318559875, -1.5487347751171954, -3.066604284917933, 2.000950108619956, 2.1889375267135933, 2.2038657883024917, 2.953248398669654, 2.1453402255169123, -0.10392426648044917, 1.294151791974751, 4.020638744314267, 1.275248490062527, 1.0640503821239378, -0.854537653424432, 2.6055456561952317, -1.4898129678282181, 2.2513018987500555, 0.7873525688918004, 2.7898372892908503, -3.2249996319326666, 1.4721096363576962, -2.2767417748012138, 1.1523071103419489, -2.6102107551842213, -1.2843926340726979, 0.20257114088488182, -0.4828224817966085, -0.5736406150623155, -2.024837357369662, 1.0448113739736813, 2.151828687046833, -0.646698478969554, -2.5630355469177597, -0.6867583772299386, -2.7784275923000914, -4.107287930540623, 1.0703629084673956, 3.5068302897595958, -3.0085213300157463, -0.7047510404490205, -2.9636913277317536, 3.860724993317605, -2.1199000313321785, -0.6806517361648696, -0.10381876481851293, 2.9161151293012795, 2.593071213077626, 0.6830884956835561, -2.11873272130393, -3.6693293120763055, -0.44999806475647486, 0.345509678536563, -3.09203443667963, -0.9626664236373303, -1.8589128755883344, 1.251117696139636, -0.7991969796696009, -1.9600526110572654]",1.0416666666666667
17,"[0.6681557524404171, -0.9253338422884076, 2.0892893402352626, -1.047886688914323, -0.12837456845994355, 0.37855410688948143, -2.787982593595755, -0.4374822790682993, -3.25061745514843, -0.6392266876407691, 3.951707808602061, -0.8789730201728069, 2.9025832225218875, 0.8930416163989962, 3.0439927250060035, -0.6144424917650222, 3.9647331024749484, -0.3890668865878974, 3.1457520235344014, -0.9945257858228981, 3.2167866657754414, -3.2371073578357845, 0.46354667491152485, 2.7659807520800355, 3.746334658374059, -3.797268334578529, 1.4875261219945977, -2.110151909134257, -1.0887507918826007, -2.1343634759058023, 1.6559142762506038, -0.20488735823924709, -0.9971042417932201, -1.521977694742509, -3.1298422889971023, 0.028815985025069324, 2.8801842363151113, 1.7359579689103293, -1.9334716805013876, -1.9397247093478758, -3.012759024162832, -2.375352695811907, 1.9884034510751376, 0.8951321353445172, -2.1744145368973635, -3.256644382017134, -2.1846132454263145, 1.6784144139549582, 2.2833448284619786, -1.9622805423341418, -0.25252340426833664, 2.2270676431823526, 3.5868072543256657, -0.11005087034751498, -2.2782114844676142, -3.841269489012693, -0.9527717303682646, -1.5270155747834735, -2.2099685557128597, 0.3997321782179135, -2.34708319316005, 2.07804457500594, -1.939086449235224, -1.6218128754808534]",1.0416666666666667
17,"[1.1310807818870552, 1.3473534261551483, 2.137371173867514, 0.5905443139104308, 0.9470953666786521, -2.03079615484174, -3.111350227847006, -2.971811092349559, -3.3281124506464255, 1.0476761300331754, 2.508364557685435, -1.9349757984035016, -1.0925135745455425, -1.7243662515231657, -2.54916928057445, -0.37819950403183533, 3.9936396159153253, -0.7303060554547978, 1.9137835787392574, -1.9800587365943183, 3.3563020903503955, -3.230521772858932, 3.0858587456830042, 2.747588413816404, 2.66864449696686, -3.8835759403858434, 1.4319102186825132, 2.981695534078795, -1.312022287196077, -0.4568598305640138, -2.435862395412252, 0.2588362332305989, 0.0014148349929141435, -2.8311528572410825, -0.6866099852093396, 0.7289141640767536, -0.9699567049494389, 0.6512672286891306, -2.9484596578485442, 1.304678075751234, -0.9794565271399346, -2.8108472080895264, 0.19329830507042833, 1.2308865444166697, -1.6720563723661819, -2.3327902970616057, -3.081576688374473, 3.7193767250437255, 1.6437026012511466, -0.1243280856555089, -1.9523921284086483, 2.8340717138295437, 3.498904434134918, -0.5276601464489761, -2.0240819396435725, -2.518721465473481, -0.12323984068379533, -2.0180948467778963, -3.3440241469515213, 0.41447310719401353, -1.1895553795667722, -2.161429261934278, -3.085477591668517, -2.7301850144670556]",1.0416666666666667
17,"[0.9742502759959919, 1.3248360390148746, 1.1133727320418396, -1.7666211062135244, 0.30411725959909663, -0.3916472037739309, -3.8644550779504105, -4.509167855637904, -3.735049097146791, -0.04747405973251406, 2.8611589046814423, -1.7453946866810426, -1.7204419728072429, -0.19525810221557482, -0.7293983993815774, -0.943105864702641, 4.033776081144275, -2.234728503622654, 0.21626498198499994, -3.1604038004958146, 3.3533321077769025, -2.3258708928710408, 1.1757310340768576, 2.3257758624008504, -0.5832134437637995, -2.9877362620848222, 1.4890592812536447, -1.4616974313998121, 1.8848966772864926, -1.2374604607494066, -2.9757769132982697, 3.035853308370276, 0.7068214640984006, -1.249303742464531, -0.43217776094863786, 1.3623201222815764, -0.6554826558431505, 1.2946457709215928, -2.838617245524377, 1.494539766832055, -0.5116147714869235, -2.8035564504822226, 1.7569334629154192, -1.4963641017108515, -2.561995044868153, -2.179275442874145, -3.925937358996448, 3.754255512800334, 0.3784577679820105, -0.31498658813411495, -1.5301270446945354, 3.1247867948129517, 2.6776170610632946, 1.6417067444541216, -2.635077825387364, -2.1924456190514614, -0.5168446363476762, -3.3690685715002058, -2.3036096647883983, -0.5077708437538151, -0.4556763745260841, -1.0555317339642585, -3.4624403105565333, -1.7016429612271224]",1.0416666666666667
17,"[0.8532352552112279, 1.158468588397755, 1.1529134486444852, -1.3912306718782184, 1.214854022559628, -1.9160485530903308, -3.2270012958394245, -2.409623221204759, -3.8176015384110125, 2.3996835627400945, 1.8438095485003838, -1.6675796960404283, -0.9261600625093176, -1.3067838425212093, 0.36932601509763807, -0.7698797672177751, 4.0371363494912105, -3.4008247072622635, 0.655063005013657, -2.4546117464697215, 2.9324316442395024, -3.2372808253617995, 2.87211664601998, 0.2323601548813028, 1.292103944616227, -3.9571008911757533, 1.4840932328500755, -0.6354823161694827, 1.828149307260837, -1.656073879709534, -2.1320714823532665, 3.5695178814797934, -0.3694412771030188, -1.5195617758342976, -0.0983616252148275, 0.7860631183693628, -1.6692907248405098, 1.7095335096480246, -2.8543443046063235, 1.2607996530847103, -1.1269578801426037, -3.3041581345950575, -0.18901215568390617, -1.882096317732476, -2.883542722577201, -2.8206595877246325, -3.081464881999723, 2.046499788188637, 2.5640387941753557, 0.13487326375364334, -0.5380718676948235, 3.279715016241273, 3.0641807063866278, -0.3854400605256604, -1.9551409494337508, -2.0109120884770646, -0.2097667817984051, -2.944713670054294, -3.3571779340708856, -1.4948293624588282, -1.5787783087119824, -0.8811315935426298, -2.227246893851362, -1.5740221396328011]",1.0416666666666667
17,"[0.49077968217028134, 0.8322656161105253, -0.15518376333463685, 0.5717905262850587, 3.3319750455901382, -0.6402299918851577, -3.377717918284761, -3.347100317756043, -2.8150330049570416, 1.5265232465197267, 2.2022425603584432, -2.126940794593292, -0.6527526818199216, -0.38345164254341346, -2.7578635283173005, -0.09992837603512389, 0.47527415592316674, -4.214877143026283, 0.9985240247148103, -1.3512825391172014, 0.9456210331519292, -2.815182127672645, 1.3547107222250232, -0.02616213320676719, -0.21870617023171457, -3.946046852264231, 0.127339440935616, -0.36129814373359853, -1.070008104413676, -2.8319658869218443, -4.13511198307175, 2.3645705315681056, 1.544965651482399, -2.4238278174585197, -1.8847488083504982, 1.809901548604714, 0.47314541461434334, 2.6453128589599815, 0.07828423723758537, 1.4951414365783355, -0.5143165158728142, -3.484566876803135, -0.2061672137210594, 0.37126765478993107, -2.6659557270401573, -3.4883940182656445, -3.3529121660837484, 3.21293288866364, 2.5563964769358853, -1.945645576221364, -0.4359451880217416, 2.9679930731397834, 3.426451020149609, -0.6390291262249659, -2.7399588473469887, -1.9403367855903557, -0.6421812050073241, -1.6753057863855882, -3.158225326369275, 0.9362308550038382, -1.2061681710812329, -1.340039852185122, -2.9133615357123874, -1.1864675315041437]",1.0344827586206897
17,"[0.24294209163405545, 0.8276336767829519, 0.27458088670163694, -0.05882176338185208, 2.5589242017114953, -1.0343874766202659, -3.27151990752402, -1.6390892111712494, -3.7832298437514416, 1.167110953082279, 0.769683103504889, -2.211029822801777, -1.871666717312483, -1.1668968600059189, -0.977338151203506, 0.9070510949928767, 0.2796882127140392, -4.213580441339358, -1.7048809898987238, -1.140599445314871, 1.0052684630483448, -3.2430260870451124, 2.180521636112439, 0.45233633175034327, 1.550443005735095, -2.9747996125468634, 0.06982757479683577, 0.5558095869491986, -1.1312089356736064, -1.7189845890223168, -4.211057587326241, 1.410497132167052, 0.983750251017938, -1.6914201666519486, -1.7073542931552843, 1.2999587138109598, 0.9275956443463031, 2.8535787850259315, -2.389077244375394, 3.2949037784095014, -0.23736483475560266, -3.2759101652723603, -1.0631442619170024, -1.75501385281993, -3.4101774618542335, -4.318940216724682, -3.8340091939391683, 3.8427519833174655, 2.60729891883102, -0.5855238631568894, -1.5654507226487606, 3.1459766282034116, 3.8706311900363635, -1.436057070950851, -1.8589012014969422, -2.977638764905662, -0.17970467326101214, -1.9270092095652878, -3.0493737505069145, -1.1739063829572434, -0.8791864509699447, -0.6484317041044724, -3.9726456104300314, 0.29874354757660915]",1.0333333333333334
17,"[0.727614361250312, 0.5328920115053342, 0.8987638199023078, -0.5321585690944945, 1.7070604851738662, -0.3884259172261053, -3.155001047649205, -2.587738685315123, -3.022853040645238, 1.4843351885612783, 2.517574784254643, -1.490516292820806, -0.916953007263387, -1.3076985994665629, -1.8746331428835845, 0.2940141124501017, 0.45420675162504537, -3.9591585505054345, -0.423510864159878, -1.5807081526375026, 1.1437618436465256, -1.7283562852384589, 0.6118231781237754, -0.30852331008466893, 2.103594706545723, -3.26168600818922, 0.2016094337661825, 0.01885070828709495, 0.3152890457573202, -1.4892856565396697, -4.150360325287749, 0.405718043061553, 2.4916270203006405, -2.7003195093698764, -1.6797581550836305, 1.256163913063236, 0.7059487824062709, 2.944239516132485, -1.8210771275297282, 2.6634988873514844, -1.0332040502080129, -3.2046993800272716, -0.5629650586928732, -1.3749722684972634, -3.0052882337399067, -3.233320816660327, -3.170035268894164, 3.7113692711966255, 2.1431843489749567, -1.3636185423128748, -1.3686637754822397, 3.2820298748019523, 3.311554975904663, -2.4694634037759675, -2.1453406976011262, -2.8332722013333207, -1.2859690346053576, -1.2945023972552308, -2.727242577048898, -1.3898833116595541, -0.9908805504264508, -1.6547924304178763, -3.9569830817818668, -1.2511016507019737]",1.0333333333333334
17,"[0.18968652409419656, 0.39349934278900406, 0.15587846968725094, -0.9323192693978787, 1.8519554236588047, 0.6413742026728226, -3.3926673628172486, -3.2439084345108085, -3.858483822121253, 2.06533520774823, 1.5369069047768775, -2.349524675944664, -1.0087416067957098, -0.5385727131861264, -0.9022539336530184, 1.1283508060829806, 0.3829508341707718, -3.8518577306727986, -1.042098011566599, -2.490616600704423, 1.3179974377104222, -2.596149482130451, 0.8638040177902128, 0.272289585904636, 2.2401327592678943, -2.722284240107593, 0.05489068819730952, -0.43762194580912483, 0.043709061913279834, -1.0745433866645948, -4.270766280690011, 1.7000401036998678, 2.120227650825231, -2.800296422269801, -0.6996917941926357, 2.6703468158800634, 0.6920692882529471, 1.8539615172543027, -2.733949026363482, 3.11906550583221, 0.04225811119122602, -2.5879327161502443, -1.878972411941693, 0.023817617501147192, -3.181541077058202, -3.80222511800659, -3.4808882715971414, 3.9572455106370272, 2.590269959258644, -0.7679514511061165, -1.4226529292403851, 2.178183369064244, 3.0360710081922733, -2.65004890130385, -1.1297415133219704, -4.01722949505457, -0.8478370518654429, -1.738990073346789, -3.3699210221934393, -0.8204412935791423, 0.5889408956267358, -0.9382446527112167, -3.070181744986643, -0.349972068455495]",1.0333333333333334
17,"[0.0027926424887774193, 1.771170479573158, 0.6102847482985675, -0.3921309976766003, 3.803720358754406, -1.097139898687483, -2.9630070463499893, -2.1427305478303733, -2.8651138278538264, 2.440942834605827, 2.061762800847233, -0.4901067249240951, -0.7334268990737858, -0.13023928711768984, -1.4859648086685435, 0.5674203209073717, 0.3819381120061829, -3.424107071126673, 1.5350732308645638, -1.0118321541747823, 2.033719589489558, -1.9256739521488475, 1.3063316962992944, 1.3601069863326698, 0.2234348142554965, -3.919096920561867, 0.06307483578211803, -1.0787367302493684, -0.6969745237246632, -2.143813217183052, -3.1717984673043884, 2.918812034826446, 2.124204278692017, -2.995086071433924, -0.053167308617300124, 0.40402508718906893, 0.9591767480163205, 2.9393505759193808, -0.999962740629043, 1.2627704249145344, -1.393513582383064, -4.080926572215304, -0.34875209458449147, -0.8916030787915505, -2.2994792457623383, -3.514800781746443, -3.4192563021423967, 3.9490732025668285, 2.503173040800735, -2.1432973920129377, -1.2914880118180165, 2.465071951862406, 3.9065730428010315, -1.9557871070973194, -1.2446501348616332, -2.908685114645788, -0.3379976454813026, -1.81577242893434, -3.4495475505883513, -0.8805040158848656, -1.6042413253757635, 0.06097922729367389, -2.649038147446754, 0.5340243477372691]",1.032258064516129
17,"[0.05215346287030087, 1.407535199855075, 0.24069756571577156, -0.25539666865919763, 3.8904611753457012, 0.42380681913442864, -1.3067260174273412, -1.2286511752741165, -3.4394211224139717, 2.295996301086899, 1.0492776737063594, -0.365466881301046, -0.06946980186086882, -0.09392328301104769, -0.838889287718647, 1.3927130248562107, 0.5024453194989564, -4.228406580436127, 1.1246251669410925, -1.6862292769605385, 1.5979238046275193, -3.1691028579089884, 1.3914986526535926, -0.39457420361965523, 2.2845501885373816, -3.777873528508819, 0.13471963645261747, -0.5543854916860461, -0.7848784101938497, -1.509755525662039, -3.998728135808676, 2.2496368719815, 1.6318697066199221, -2.80532655128926, -2.019165662710992, 0.7968024102135547, -0.04917068262281554, 2.743301148025296, -1.741228111170399, 1.4515425982163475, -0.3269530173656757, -3.9938428627972975, 0.33464722125035906, 0.1943523400760927, -3.135183001374069, -3.9858544671014933, -3.7919922507819472, 3.958795126053955, 2.395107276202909, -1.7130997627151814, 0.026377843738828954, 2.0299493609398276, 3.8149849705182035, -1.255439451331835, -1.6534149335994166, -1.1575666150745243, 0.21874458084836668, -2.7528636889844678, -3.151097669491974, 0.3334645042739046, -0.3839387937684604, -0.7185004775427638, -2.329265953892713, 0.9330695499503434]",1.032258064516129
17,"[0.785107269361614, 1.185979295038923, 1.188872911887702, 0.22334068384885686, 2.922304670070594, -1.3882385424104544, -2.6452043414293374, -2.3488092731913652, -3.3900069045512993, 1.6730388790253905, 1.8201114050248646, -1.509448738005067, -0.6027502860740818, -1.4862646940457425, -1.5396175201584397, 0.08589799466030623, 0.44152501846307973, -4.212860368082329, -1.2890942715941325, -0.9156286160788901, 0.6571491160703326, -2.5006265880989296, 0.9051576187431285, -0.2832242435846273, 2.2075585191360845, -2.2498446093909594, 0.15694073153031518, -0.38485539840897093, 1.2448590498711662, -1.083906127203393, -4.166197454319643, 2.0638516514014382, 1.3704296246483227, -2.112651739387363, -0.7914287559859208, 2.844070581918596, 0.208157600204967, 2.8613687159391468, -0.9493118275510355, 2.06057502160227, -1.111567138368966, -2.336280571816193, -0.5691043317837935, -0.2788008739505429, -3.262917635095231, -3.9979066598283093, -3.922764243016416, 3.7634781305844465, 2.1388215429627664, -0.9341920766765646, -1.1291531469785334, 3.2836684854788465, 3.5200524634128607, -1.9981913575125583, -1.8786670258205456, -2.5117303984278094, -2.2696786629908043, -1.7626461996726417, -3.4802178639401165, -1.1237479082810693, 0.21611487709339872, -1.0640632333570579, -3.417380427708915, -0.43162762028711277]",1.03125
17,"[0.6530035638615124, 0.5802968454328193, -0.12886814743930508, 0.4912661165123573, 2.4368060102939975, -0.18291781846164645, -3.2207549892811373, -0.8054030630114744, -3.4226654190237067, 1.3603871724942325, 1.7394289017641482, -2.699351121207618, -0.7248105659222999, -0.3725177274068726, -2.3412938710576934, 0.7399761018568194, 0.21722053050961776, -4.206481688180588, -0.41871164191370325, -2.208732596079663, 1.060610910401159, -1.8680849211128603, 1.870604724157611, 0.504867816796446, 1.4823401709073631, -2.4787752687030595, 0.04266187853304715, 0.9221112732899401, 0.7267590059315585, -0.9601497879294908, -2.8770109427369843, 1.0932997990915774, 2.1695001462013033, -1.8228213540348537, -1.4498779803048771, 2.878611174055317, 1.4018684928657676, 2.8890675108576365, -1.1126583148004405, 2.9277634791093328, 0.05936107434315585, -3.6649955034592594, -1.2008020338910714, -0.08408329954002991, -3.4167532605087643, -3.735419050983262, -3.279319379702998, 3.7474944226458855, 2.2096913845423076, -1.1973733044583121, -1.1408729281114245, 3.270250410153752, 2.5525599704436854, -1.9694843999961025, -1.0805738843280488, -3.0092626744303073, 1.0184702573989008, -1.746739907315304, -2.7487834376350286, 0.17353790750758802, -1.3333156872717424, -0.4101234603632976, -3.3095759932159554, -2.166736838195061]",1.0303030303030303
17,"[-1.1471412941652963, 1.2835627182584892, -0.3720582770897888, 1.161831455286351, 1.4362406128082004, -0.6033568115677184, -2.7798102979279005, -2.1852304810764225, -3.8587735288821334, 1.4939418156596642, 1.3158366273706457, -1.3274908969428432, -0.45845674066065845, -0.8972106843919166, -1.7221286410324588, 0.8775329004147111, 0.1463027198945861, -3.0789263370212754, -1.0148008702811517, -1.769650519036707, 1.3122625885787462, -2.2813558071189797, 1.377763440167016, 0.24421679567440902, 2.4450067829469733, -3.89296598682845, -0.020039308950121293, 1.2167218781618234, 0.8057330640265319, -1.5910891067710609, -4.250637428528181, 1.8370763891999407, 2.742825429535774, -2.7986297799545876, -1.3667863589053486, 2.040044394455001, 0.7116163420332484, 2.329157490966106, -1.8867813848057842, 2.3509472849067814, -1.471846375528632, -2.356767153101327, -0.09573431717243885, -0.12926863445632697, -3.4319325962316296, -3.048038408793931, -3.927730191114414, 3.957858078010751, 2.1657597994622404, -1.246840405327727, -0.9928876549657433, 2.6042133980709172, 2.7690972511369627, -1.6666333703206486, -0.8488196199119725, -2.5810882187677553, 0.10975625347881302, -2.0107565933172733, -3.28384344881273, -0.8730439932410157, -0.7984025739568354, -1.510045466261831, -3.973926245356121, -0.1417795801780929]",1.0303030303030303
17,"[1.661893647682065, 1.150025679809279, 0.4094854838558808, 0.41298890330566373, 1.8376344759051368, -0.5513672884504619, -1.9326641673762865, -1.9368489558158697, -3.1470366236241794, 1.633796992883082, 1.4792936459706816, 0.748677061762778, 0.4855896155776773, 0.6743964316168155, -1.4223186629601707, 1.3991661221966243, 0.09392832460706668, -3.321134854412891, 0.7815502043245048, -2.5544215522748335, 1.0972497733887516, -2.7689388224421063, 1.9021787749851122, -0.982214783867938, -0.24948792477448145, -3.9168185054888975, 0.036295485411312056, 1.6004257960861796, -1.3254884974640189, -0.663581965391083, -3.4117631782149775, 2.991918849704699, 1.885040865199693, -1.5732041618806012, -1.5448557009346326, 1.6612420971328983, -1.0283762427227168, 2.87036732485139, -1.227321420900624, 0.9608026113578463, -0.23604054064522317, -4.175197036816998, 0.612556091551605, -1.398934487069655, -3.063340511053404, -4.593162695554193, -2.764396733702462, 3.9440299813419144, 1.9005662683967999, -2.6071444815269356, -0.3404158718775321, 3.2828380810839177, 2.9653947047022093, -2.1027823399166055, -2.449315034291582, -2.80823428036012, -0.9840256181175431, -1.536416472212857, -2.877802158491903, -0.6910779802524719, -1.5100746125529445, -0.3873698984067533, -2.9656535739939613, 0.8014773063663343]",1.0294117647058822
17,"[-0.2249392378686994, 1.3013738369313526, 0.6113802460346578, -1.3359530226910743, 1.3986306798993633, 1.229707443472148, -3.4015301923847994, -2.3270834273729353, -3.3931480928169386, 0.9838216845249778, 2.0798511101334918, -2.2120987851230183, -3.884737697642782, -1.7824338656196743, -1.672528887953026, 1.3905725700996787, 0.12322634623801854, -3.4452889765548496, 0.019808657778949912, -1.4941357299758136, 1.5290809618788037, -1.9960569334072886, 0.5944601315902469, 1.3043011050701114, 1.8214877365763988, -3.6562109678232195, -0.04580934910537737, 1.7168843559908773, 1.7640510410018941, 0.2236787448589621, -2.863843633257703, 2.2559713074844843, 0.07457782290620688, -2.5475287677733185, -0.5993730512482367, 1.4279939949379428, -1.9147810867157826, 1.0010275557201977, -1.841081094105101, 0.7201286433383719, -2.8139871728456898, -3.0144199152701603, 1.8573826307500374, -0.0764649170267731, -2.9618824252462135, -4.566917965344554, -3.8254410621400794, 2.4456861656364133, 1.5643596357821852, -1.8725722329987278, 0.11506111444910228, 2.89249190945866, 2.5219331719055607, -0.8952210745823661, -1.9306639257827451, -2.6981302177392896, -0.3149590074926304, -2.225097861419288, -1.29172993150963, -0.34816294492759864, 0.20655270379110902, -0.06535196378465064, -3.061968723323232, -1.8505677632983222]",1.0277777777777777
17,"[0.5730970922541012, 1.2451503096096705, 0.17155163879807078, 0.2120681562104052, 2.98338969358825, -2.290616292079631, -3.202244571583725, -1.596589278702932, -3.771367232716663, 0.7445519118921167, 2.7997434358855116, -1.9522947212694755, -1.2862657771212542, -1.3481675899108465, -0.1706415677404104, -0.4262639730342316, 0.4577017652511164, -3.9510550270027833, 0.9212928715014779, -2.654284725624474, 2.5737352102007014, -1.9773469979505185, 1.2332983097108918, -0.9058612095510037, 0.9636447131678887, -3.897697112412981, 0.07988053454612574, 0.2766277697088253, 0.05159403487965064, -2.549441613106735, -2.997187951930904, 3.3319062823846237, -0.030221502224746927, -1.829488868572841, -0.5307376548323111, 1.5778213785642856, 0.6813915983101869, 1.6534302170416115, -0.9077810537363311, -0.2154768932484722, -0.2915308259247522, -4.154668345126188, 1.2838999701313871, 0.3041505571280687, -2.4419846830254714, -4.252976440232666, -3.685173568600112, 2.2677877389957395, 2.5876584675836383, 0.30736601284062703, -2.6516019039377747, 3.2323211276187442, 3.4765024595104412, 2.6280431667425375, -0.2866641190576349, -0.26904281422936793, -0.12601855669805806, -1.2276768028877214, -3.3524824624043665, -2.352090223409225, -1.1117437585863204, 0.24033621878527628, -2.9269197074707045, -1.6884152379711477]",1.0277777777777777
17,"[-0.21421660518489896, 1.2910413472281212, 0.9442363317951996, -0.8182407190721934, 2.3314822713411525, 0.8991135887354113, -2.7031936859676673, -2.2585932558435027, -3.6672597065440646, 2.4452888984092316, 1.3177750644807789, -1.104289559542715, -1.0521596336438885, -1.4978186630957266, -1.3949903793011162, 1.3099359852378418, 0.3534874566051723, -3.0390601101559795, -0.8277760527011486, -2.5172182322043932, 0.8459768973684985, -2.172259537080965, 0.6028927270327225, 0.36228616173428646, 2.570951997614596, -1.6481079532550023, 0.18438234744916387, -0.3857719346588761, 0.9466153128266757, -0.5182007349705609, -3.2203745339662793, 1.8915634197657312, 2.1952348934162536, -1.9154084131669746, -1.6361094302078814, 2.926890865938739, -0.5747111368544886, 2.915919409320121, -1.5986633139375384, 1.5356769766177445, -0.3421366702443547, -2.2320368207784806, -0.3359760718993793, -1.686741639354588, -3.335343735160563, -2.1260654634864053, -3.859710553098085, 3.5146600630817426, 2.2441360912917676, -0.5940379976770236, -0.9942995438858946, 3.1042294338376184, 3.1097671092400136, -1.6116682196370755, -1.2726391712094136, -2.1008600114674825, -0.20889255088879088, -1.7474068494979966, -3.4805274298832285, 0.08393168807655993, -2.0026929108418416, 1.1759144539672708, -3.1135957644633807, -0.743553401760545]",1.0277777777777777
17,"[-0.36094422399824505, 1.939682976941818, -0.16687718685418326, 0.5884987080990078, 2.6182198150156215, -0.03311677625960292, -2.3879688049633057, -2.1475409266371015, -3.853762382768835, 1.3814874667288706, 1.6176984299812478, -0.9641267215546857, -0.700992007490802, -0.5459853773698125, -0.13288387549731295, 0.12095762541326938, 0.38135171221717834, -4.05316022575316, -0.40668544671074036, -1.0706566004280629, 2.132759001835157, -2.303726776386635, -0.6929304518576662, 1.1660057861809776, 2.0303230083042076, -3.9305610610564057, 0.040612486260397596, 0.2852688389294015, 0.4766062784300849, -1.6661538505969093, -4.245334850035336, 1.034640633770683, 1.9459535290647703, -1.8567082434028876, -1.454376317102141, 2.014016545482934, 0.42881155104272395, 2.945530384966857, -1.9731212067155675, 2.479120912621801, -0.2565856429885844, -3.3640870263960876, -0.8309687220144203, -0.05773810431454096, -3.3619121291755847, -3.6412684260405896, -3.8814278983558275, 3.929241156136086, 2.1181151020703637, 0.12954470498715065, -0.3006416226593057, 3.2578289241629483, 3.528206602013423, -2.3256993938286596, -0.9776791583211379, -3.9972382921950045, -1.4598730211483575, -2.612473062709388, -2.607782347782423, -1.5019280739696, -0.8111942808158236, -1.783758317850653, -2.8607523042870713, -2.1349301544246484]",1.0277777777777777
17,"[0.5857694379778495, 0.5175909319100414, -0.18302043100423385, -1.387179655189302, 1.1158527524631752, -0.8664921406838465, -3.840609404387597, -2.244416276874269, -3.786556432222934, 2.0383822480735287, 1.2570921362889529, -0.9102162998339858, -0.38426366318165595, -2.0519087797906823, -0.8037569767401138, 0.8776683221587425, 0.783923784615478, -3.422476634826964, -1.2244737533180787, -1.0578530358439266, 1.6606345924063186, -3.149819811097388, 0.45014399408496375, 0.8044507834577481, 1.677802640304228, -3.6534536843372525, 0.4134948309991734, -0.4748571613547386, 0.028652430140830187, -0.9972174668194614, -2.9278953791494473, 1.9098756935906298, 1.784641358330417, -2.9760588277515856, -1.5385606188306862, 2.361619873477369, 0.6980561230223313, 1.4413731333430713, -2.9600225115242704, 2.421924946644295, -1.2138411210685247, -3.2865129405029108, -1.0196611179430177, -1.4965971437422487, -3.4373124716927625, -3.724939222992205, -2.7807173668361536, 3.200805575003132, 2.2164743800002658, -0.8948120550049182, -2.506131616892774, 2.8776622017401046, 2.221575408389419, -2.5143876923700574, -2.2708886587935675, -1.999896216485268, -0.4239386038314943, -3.324950657980756, -3.398173963131158, -0.6145235766246032, -0.9559837061707042, -0.663064478105112, -2.760121248260449, -1.7315031879746994]",1.024390243902439
17,"[-0.15238800946008343, 0.7979982193838185, 0.07614441393433903, 0.19098896729519194, 2.0198820206693266, 0.8321939813902517, -3.881258151710844, -2.0133951576247022, -3.5906357241968667, 1.7766687528720075, 1.5904219640423507, -1.3412076841020433, -1.2441082106092818, -0.4606800147937858, -0.6963107167028915, 1.6735107934475426, 0.800670419607145, -3.6398270090462326, -1.4038482203346092, -1.6447179587654557, 0.5891938296432561, -1.8124075053426805, 1.5159334187829512, 0.45368841693207695, 1.32510741083804, -3.1188531523397938, 0.46830243059733706, 0.41630280243468304, 0.9842631289559687, -1.4742410977373688, -4.270559895477207, 1.4192062946405997, 1.0549879487438574, -2.4614380748681106, -0.9840675823617715, 2.23060586197923, 0.2745136875957639, 2.9234043228594357, -2.7517675829172865, 1.7051750931178513, -0.41157985099814376, -3.5728255816910686, -1.1054190247930797, -0.5639368228765489, -3.2727216537345183, -3.118245819505563, -3.927176876807497, 3.9187311342794113, 2.5797033066136157, -1.2897557077910022, -1.1203358021138483, 3.286875671015045, 4.137741854463045, -1.5397656363792096, -1.0002160756587364, -2.6600121608267666, -0.9731137814274524, -2.435589577367894, -3.380986424549912, -0.2988883831932059, -0.6922360091792907, -1.7569415791102676, -3.498473743013976, -1.3511641680810114]",1.0217391304347827
17,"[2.994297389120748, 0.6795332556222291, 0.5564868908316066, 1.0045993666882405, -1.3393357897618392, -0.9706646476939627, -2.336026245395299, -1.8987363633603271, -2.6372693008654577, 1.8657604842342324, 2.9823935792843708, -2.3292253561418717, -0.19757813294264714, 0.12819791627883825, 1.5324629217627783, 2.194409860918915, 2.1183382068624796, -0.6978018540241251, 1.4146294934578183, -2.9965371667286425, 3.356415079615629, -1.5331228139227147, 0.6578152816118266, 1.793008037250405, 2.8219628039603974, -2.6141578313385843, 1.1012380896993612, -0.86428908596749, 0.5727157431392532, -3.3638297626934492, 0.06811036000360837, 3.651218352181383, 0.4406618854929852, -2.1287037854718305, -1.1099282096575038, 1.243628763353241, 2.6742040309034305, 2.830983533262719, 0.07685218078743539, 0.3709336102809231, -1.7878975073604535, -2.8639168902913186, -0.3210599024356038, 0.1947913379849725, -1.6388176821213654, -4.264948076403677, -3.4622208456645724, 3.380120531450658, 1.037171273767712, -2.7013235300608605, -1.3404126408497532, 1.292565993955225, 2.2885453032882217, 0.4388121961722972, -0.9920821650746301, -2.9497511157298804, 1.1639388070522723, -2.2064733407532042, -2.799442720450562, 0.3789876346090256, -2.379005309964241, 3.231780722133224, 0.31025571544597597, -0.6706105541866103]",1.0210526315789474
17,"[3.674781701234529, 1.6938835848969793, 0.920542163375849, -0.696178945399892, 1.1578826832918292, -0.4109558365541276, -2.5473003509353465, -5.015553646833663, -3.549518074071023, 1.3142340961964099, 3.3398514713759986, -1.65016111965461, 1.3899353311232527, -2.3493401660620554, 1.704424179669773, 1.2904485207661442, 1.9034916847760284, -2.9155791712852723, 2.2898478860835585, -1.606601917234363, 3.2513923527418895, -2.7237598806479286, -1.0064677926676522, 0.4067947713409671, -0.5343883037159469, -3.6306440136051616, 1.4070684588711952, -2.029935422774063, 1.4385359236350417, -2.02900513787171, -1.3238889194146481, 3.280129739279158, 0.2720765015665643, -1.7472600724488996, -2.0591195639065645, -1.2381403831340545, 2.067098867353604, 2.5068356445868467, -2.795151491109049, -0.528270497980257, -4.2499228816862, -3.5448321888010508, 3.354266629947043, 0.3772811262440183, -2.0924418013814257, -3.603613382360409, -3.362787702854706, 2.2462571645127243, 2.5924080391201008, -2.1571380914038607, -0.8769074612884711, 2.9097035781926883, 1.7116598924060975, 1.3402302664447159, -1.907991914095498, -2.3571284622408495, 2.2957752283225332, -3.1765636692387087, -3.3718573924742534, 1.968029901119844, -2.769382574060579, 2.879810370298568, -0.6605824324729954, -1.1038406129662137]",1.0210526315789474
17,"[3.4928225203288914, 2.2757183028303607, -1.8434879838037883, -0.5369767388344566, 1.5175338781675423, 0.6338004784856341, -3.389827336727583, -1.6961787047249328, -1.8988413955796586, 0.4176169113748369, 1.6675276356895372, -2.8666584955226395, -1.4327940843997644, -0.24653922931359767, 3.5774541630097234, 1.0252634804873149, 2.141311370800908, 0.3807132081000624, 0.3012457211166697, 0.7534478859178797, 3.2474319687730753, -1.7628470871344055, 0.24145564358916, -1.0512467004035861, 2.461461090123088, -3.8258369719087386, 1.1267441909949907, -1.3124287632336065, -1.3498045715004392, -3.8521268199947896, -1.9562126669434816, 2.5578905794659574, -1.1790215182057544, -2.99205361224017, -1.7591248307017413, -0.35239110670012996, 3.082809723206905, 0.4259399392407359, -1.850462305487855, -2.632170154679667, -1.0332513720717391, -4.168964907148688, 1.1776470786186342, 0.7952046231236446, 0.29901895580988835, -2.701922246374229, -1.886767864471244, 3.549087254632309, 2.365649648450068, -1.8864511622295146, -0.8509098973712295, 1.6301435181609998, 2.6045160841575767, 0.3080580835344294, -2.7430257930571673, -2.6563841879361494, -0.36756891709721373, -3.155360915109855, -1.8465421958216146, 0.952846466956105, -3.641415016838192, 0.8940749005070305, -0.6082641280940211, 0.3236776773860015]",1.0210526315789474
17,"[2.764421369144955, 0.4732496768367364, 1.1274221143918544, -1.5238145183959957, 1.9392883681367894, 1.1871765331504878, -3.444158043001013, -3.1851902690158935, -2.439327114500646, 1.0491431572656018, 4.024299867928333, 0.42567672830946757, 1.955877806118653, -3.2779359011728872, 3.576715941384997, 1.7295384041335646, 1.586672939216144, -1.881751944574536, 2.421405170220395, 0.6936463816641909, 3.241516287062098, -2.3463564023059886, 1.6353146002217334, 1.739369035473889, 1.6349772504922873, -2.0013440851367905, 1.3881855191102628, -0.4689217307168906, 1.253845273296044, -3.0270112805264144, -3.033435678156602, 2.3638471323929764, -0.5995418822273462, -0.675420386732801, -2.997739790145644, -3.505538779009255, 0.865747567491619, 2.767616738886652, -2.907499347953207, 2.3439212619732515, -3.1607437281321173, -4.018866331263281, -0.501063683597929, 0.3885847253812187, -3.417126523839974, -4.003398311477691, -3.275642463857894, 3.1716612275663674, -1.16860991481078, -1.4349971090626605, -1.6669383605866175, 2.4715792256337714, 3.4653410875331287, -1.7208593014294324, -2.7434809673565663, -3.300328147589245, 0.5508805427583319, -1.3528679835205661, -3.416351484389777, 2.2151808677081313, -2.536457408977739, 2.411318420181305, -0.760557877915483, -2.0669101450479985]",1.0210526315789474
17,"[2.8557412115485676, 1.9178930427361838, 0.900348766271823, -0.31058721683100987, 0.21032730558634702, -1.3712330399996058, -3.826668820198717, -3.721375100476145, -1.7665147037519626, 0.3749022398303996, 3.8193842013773756, 0.6202250532517779, 0.2355067023481514, -2.2090676262210103, -0.28023450264026395, -0.7186661777889141, 2.0908530627785775, 0.3778780731191935, 2.8645439001297337, -0.2811889042689044, 2.1368617359935245, -1.8535806270933142, -1.2912325553669572, 1.6293902099522106, 2.9631701859689197, -2.451150459892494, 1.0328388684783727, -2.4871584023038293, 1.5340557299129522, -3.2971906309814916, -4.1916789923871125, -2.9264303805779988, -0.09159434143805673, -2.8476413630398474, -1.6759180757571261, -1.6551003922202712, 1.8546386119213913, 1.437039070423389, -0.951722977447198, -1.932505314532329, -2.234205907763215, -4.095149520786299, 0.9020617918762271, 1.4461983641949616, -3.4087645262214092, -2.8496103158470807, -3.5166172681798646, 2.349677806186505, 2.066643069203206, -3.6885611776561755, -0.0165893239939936, -0.4041715790582945, 3.9647696563966472, 1.3726554418976518, -2.0497227190511538, -3.79743981982795, 0.07910900709730606, -2.6503200875330317, -1.4540425728645827, 2.0905242428316564, -2.4887161745405777, 3.030504255736201, 1.2755780444479508, -2.0594230899826016]",1.0210526315789474
17,"[3.3237150932567348, 2.6283278497027664, 1.4830473277076668, 0.36784658091302247, 0.40045618548227135, -2.4797678546768482, -2.720809353701222, -1.9710410045593743, -2.9358441643126967, -0.295588165176659, 4.015094389825309, -3.417112654069066, 2.375743823831665, -2.2494347061933837, 0.7422121128542201, 0.8239112495837649, 2.3818167050273242, -1.9395752425328392, 3.137623873555041, -1.5263728368846625, 2.8535792121296923, -1.6471669909358333, 0.7279980300832878, 0.280050473235813, 3.600986070283155, -2.888131308205709, 0.9640241967193433, -0.6250836329804528, 2.080797874857501, -0.09937181285401797, -1.759741379179111, 1.1793542030853559, -0.9136336365077018, -2.665974684489279, -2.8767683296915774, -0.7303763196960735, 0.9210714345136638, 0.9434269098897343, -0.8310215348051695, -1.4384240772425652, -2.5459435982245098, -4.167965944193504, 0.15804915737682346, 0.8846104334987904, -1.193525391432772, -2.1953630565649407, -1.3694982135848166, 2.1222730690400193, 0.3249674854096911, -3.2178592668835533, -1.2805722860732325, 0.9946001944238869, 2.7601646473354142, 0.7087795036579635, -0.3516227789560755, -2.7786928943363156, 0.8199866130672533, 0.3677862898157671, -3.43913559785652, 3.0072233325769475, -3.9485095630203206, 1.2210568131371007, -3.314231522445643, -1.8539629910505422]",1.0210526315789474
17,"[-0.21605150410598983, 0.6855897796866245, 1.330242918861857, -1.3460854968991405, 3.328967603378281, -1.4051679637345282, -2.62242847281529, -2.3064167189202056, -2.366588750447748, 1.9345478732552523, 0.2729993074232189, -2.131005865242233, -2.104174970124093, 0.30842920891655723, -0.45374191123413254, 0.5289103719937347, 1.9344710791816946, -1.5732256097957724, -0.6794436225999463, -3.1715976559111283, 3.16776571337944, -3.117337412629298, 0.8280989657450731, 0.385708489325976, 0.8717398112924368, -0.3236570082179253, 1.260441989828224, -1.2381754675681769, 1.203970670606296, -0.6431930948087143, -2.8094254748332217, 3.576266165604712, 1.2367232482711639, -2.120233271791762, -0.15384770393373104, 2.1252678505756717, 0.5606278428784752, 2.7206896979835307, -2.2261783813661773, -0.9151950587726969, -3.0137515274395437, -3.1813656574441356, 0.7264471648687798, -1.6922827404560883, -3.1191724353418335, -4.540528053789955, -3.872489027920948, 3.826104139187298, 1.350137128748545, -0.039018010986642815, -1.9201054963692876, 2.2372727024878523, 3.9567536753048693, 1.0414045965054046, -2.4287916670485563, -0.35120301954835775, 0.6614744012964194, -2.422335583343318, -0.8128918768074258, -0.3584057998863595, -1.4032345322739992, -0.06872307791441112, -3.4234489617566526, -2.5150532725754626]",1.0210526315789474
17,"[0.24241331334038896, -0.05342160464109047, 3.2052039207055296, -1.758273681314368, 0.08182340196655291, -1.6541040037588681, -2.068689282742894, -2.7006705639080013, -3.410390016701519, 0.04917398774405779, 3.4556677948973515, -3.3989568538231127, -2.0404618217185115, -1.8865931312063309, -2.2396388922060035, -0.2734914171698357, 1.7050506875765168, -0.8438636471101923, -0.29542469122022097, -1.61379846061242, 2.70481274714347, -1.628151331536058, 0.17206497069354576, 0.14236624972408074, 0.03775092037651906, -3.4565817317290084, 1.4866666338485608, 0.783097511024734, 0.5922680738264985, -1.067441411227326, -2.137713093376781, 3.658008660114744, 2.1217309656235814, -2.9717902649759744, -1.3371674838303504, 0.16212948709009312, 0.9564370090084705, 2.8512563355787424, -1.8405138699299304, 1.8304173981556853, -0.7222589454272698, -2.694968887476844, 1.8179132856059694, 0.9334361891890621, -2.9743655562803992, -1.3890324272239851, 0.5435267659844234, 3.2005241883096978, 0.6130244892241237, -3.084150149783049, -2.3832914889879167, 3.15016752671659, 3.8714558411142095, 1.3019419744579759, -2.3133042140778493, -3.0376364397908997, 1.2986723910926465, -1.7907529469605232, -3.4571936559984535, -1.466687487203654, -0.17735381186329802, 1.495607928011216, -3.9934770213005546, -0.16985828784542245]",1.0210526315789474
17,"[2.657424093361215, 0.4298793237040046, 2.659271250448931, 0.16521061568247464, 4.099099766883444, -1.126879076989138, -3.86193702194483, -4.666814602824103, -2.8994318164388413, -0.03129408943949019, 1.7076906927957891, -2.95471951943837, -0.011529902454649799, 0.6757563676680485, -2.0117494616599143, -0.05526279262147532, 1.836566745409173, -3.943394157004234, 1.8624109159958346, -2.3851099608830046, 2.9156487169386702, -0.30904309038835365, 1.1783553711411092, -0.6754730362256851, 0.6526243569610642, -2.662594263001859, 1.4367740669865787, -2.0031322641351945, 0.16935068372422712, -2.1110438173246386, -2.587955258111403, 2.639659349836701, -1.2542970764559038, -1.8875677316715498, -0.6314034145490846, 0.583392110486451, 1.745479594622712, 1.6747915578496895, -2.8442080568175525, 3.0449633471300133, -2.2634347016562066, -2.9327787342608085, -0.02480060812747309, -0.6125419702680264, -3.2476763666833692, -4.361475872720659, -3.691730164340777, 2.1976043054150343, 1.7317997547730055, 0.9682401126288682, -0.25659330885433607, 3.275477409896488, 3.6437361083243616, 0.12397943066654221, -2.2660511564270696, -0.11636966067848564, -0.1310608551152097, -3.6251243578511447, -2.7697344228769505, -0.6039935812780364, -0.5968399409040699, 0.6399340744273315, -3.3455500158389153, -2.746761430860855]",1.0210526315789474
17,"[-0.2732801087032586, 1.824170100465556, 2.721203491026345, -1.8938441054745554, 1.5628331148478918, 0.1707807054733912, -3.8524884338968945, -0.965424356429105, -3.7150660238215645, 1.437747773984964, 2.5639188075690384, 0.3519960667794704, -1.5820565346717992, -2.6067449823555684, -1.1542738710085605, 0.07680520076795078, 1.8498590992697315, -4.217083577009458, -0.9316619216151898, -2.373109529487122, 2.7738353109089466, -3.087576002456369, 0.12188379239330893, 0.961180139539739, -0.48844526547211575, -3.547245142805777, 1.4096155044904386, 0.3610242190074066, 0.792414547020958, -1.8967794226384622, -1.2461974856335256, 3.3254206576183254, 1.0883231927404171, -2.9423525364624195, -1.3817357518181124, 2.514116896011517, -2.662687194341906, 2.670740520208199, -2.4663377332215113, 0.9438358762752237, 0.21670824692039736, -3.781456876141667, 0.8248063408926725, 0.8492431452462912, -3.0412111927814207, -2.8633891155303557, -1.845044596833261, 3.4052971764609232, 2.623694023288589, -0.8249564218044623, -1.1501362995657347, 1.2409302626247438, 3.0066066714027553, 0.7118009639837612, -0.18271346427120516, -1.409924830632986, -1.678764734970255, -2.035572134927029, -1.682029348454027, -0.2021480833338902, -3.515046962263228, 1.2734304215741277, -3.036293882532617, -1.3599470579048059]",1.0210526315789474
17,"[3.3193540474746106, -2.0490484505888924, 2.9537387679782414, -2.8443328672161163, 1.7378371074765484, -2.399649773216862, -2.1587255995963295, -1.461865547642481, -2.7482268416405677, 2.3740897738895987, 2.309560730036066, -1.9689308315549625, -0.9987886276771138, -1.1496003416883858, -1.1408668633372372, -0.34991733834702987, 2.322279502963678, -1.1436320738196446, 0.3633999303059517, -0.5894114709341267, 2.9236607014138754, -1.675597664167019, 1.2377797404262547, -1.0727071501041527, 0.6365516279525718, -3.723939861967131, 0.8274542642359244, -0.12441044653151698, 1.094325366349065, -1.5209468654042295, -0.4378738402771951, 2.0911130708862946, -0.5644831690534751, -0.3521397166121587, 0.9795391118192249, 1.8116542903171613, -1.682570878803594, 0.6937668022356072, -2.686760218457509, -1.077534008719807, -0.23704718011323567, -3.3361080797486746, 1.3429957164281743, -0.9300659077433553, -2.777091806981561, -2.388452975665402, -2.8847380126573574, 3.7344923803293386, 2.5768097833164787, -0.4932609897036037, -2.374329471833442, 3.285925909612411, 2.9642248723006146, 1.8703033964879987, -2.154652885972839, -3.4080565697520395, -0.053538965094687196, -2.3952549696823837, -2.3136325226363157, 1.5432066896297898, -0.9314325881859176, 0.23258143255046315, -3.347887870986048, -2.107277447259689]",1.0210526315789474
17,"[3.955798149588545, 1.6832823228083333, 3.5290708460572247, -1.439421865515931, 1.7588927171329412, -1.5129007852054555, -2.387699009204942, -2.4981114771269626, -2.8310536107601534, 1.7749629701612943, 2.820390941273442, -0.13505937161524884, -0.2953773482765226, -1.843780618126186, -1.4632128979485424, -1.9937060383749243, 1.622842036611285, -3.6886728914043037, -0.7064462930503275, -3.1723369689253467, 2.7887402167702318, -2.0074527179155783, 0.5363608681812241, 1.969480281541821, 0.42951594080549027, -3.9181086821520235, 1.2509762102563902, 0.9146075723706788, 1.1167789445799061, -1.1909371104370878, -1.5485667474203653, 3.1179266609262326, -0.18189002765898526, -2.4720233694491656, -1.8045966063230403, -0.3905335836715682, 0.5998950503629413, 1.7578562957296415, -2.8806848883228375, 0.12178977359522003, -0.779296826247907, -1.647162891871802, -0.39571226368997003, -0.5147758376452114, -2.322608667130286, -2.70978532822741, -1.7162988438794204, 3.1388910748689187, 1.9378297365188688, -0.4636372137712734, -0.5980562998679084, 3.262608523771531, 4.145161883247887, -0.4058122841401375, -2.5960030946446895, -1.896677548790031, 0.2542231682479169, -0.16673414778423412, -2.67239120580016, -1.3982518248832734, -2.00054060991979, -0.33151918561640936, -3.987335998614768, -0.10937681895547602]",1.0210526315789474
17,"[1.9101983335880859, 0.4333228807870082, 1.2961173065597182, -1.7072828983307347, 0.3333503057794953, -0.6638326993624146, -1.96710648887127, -1.8209613196908374, -2.961440715669578, 0.05324207699006345, 2.252127924452976, -2.8263236751330734, -1.347154538279259, -1.9877926456290487, -0.007164749229669587, 0.7762335093938048, 1.9630745184178788, -4.19473430221021, 1.6126348806415858, -3.164428814233652, 2.9075711998605582, -2.1192650621558204, 2.592063417086885, 0.08108164657612016, -0.8448800937552443, -3.9423749369384513, 1.106014563889762, -0.43532731281678466, 0.9243570547584652, -1.837868389362037, -2.846576797544765, 4.153046609298856, 0.38744486824108004, -2.4491592487508806, -1.4681551741279428, 0.6292629034345921, 0.9807045426731696, 1.706567451681975, -2.845883110022398, 0.21877907141615927, -0.007109692821456681, -3.842220106390416, 0.27944496765307986, 1.419060385690007, -3.294917876597372, -2.405798201945111, -2.1758224786955216, 3.444799873748649, 2.40533598476408, 0.030607645789897386, -1.3517521673590243, 2.334978208318715, 2.9173305024104117, 0.3700894096358042, -2.124367318652884, -1.769279508896543, -0.04674520132754095, -1.1699989646199893, -3.3342784713397338, -0.7243648136721914, -2.883310066268887, 0.5841419241510062, -3.9764495870871794, -1.2909206209826054]",1.0210526315789474
17,"[-0.07713394855240985, 1.0030496450205788, 2.9389441030434185, 0.40908681464605634, 1.1500507385613634, -0.6663792705101135, -3.0852189011407654, -2.7033234911189026, -1.3287126925725385, 1.8170523249923396, 0.5899299516280663, -0.07525091264114492, -2.9202237927537045, -2.3250567006980623, -1.1898718940904613, -1.179486182640022, 1.5367637871871915, -2.555384361677032, -0.5720006976123916, -2.43594368365474, 2.2228025779375438, -3.2418043537923693, -0.8248361081875357, 2.3098259181920593, 0.3628958824074276, -3.9472094789240644, 1.474356322943892, -0.7954714049074604, 0.7076580937185971, 0.2129469432151585, -3.2826989941727294, 2.3573528668396664, -1.7424949284555729, -2.084579213807414, 0.3348700239085255, 0.15243537926455053, 1.5167053067557055, 2.6761822863780025, -1.3525267764502598, 1.694704158670067, -0.16929340842168994, -2.629733799315755, -0.3704697018536487, -1.88976764484296, -2.786078217880795, -2.785323463190271, -3.3561119196434364, 3.958648822302571, 1.8094555955362583, 0.9604781134986288, -2.0337813974734438, 2.5563975341154945, 3.1093032304030848, 0.7346827245600565, -1.9868571285652847, -3.4873327201645297, -0.28370449575979895, -3.50595864556369, -3.230420295420556, -2.7875221489131983, -2.0542005074014207, 1.1737384570587444, -3.960935764942307, -0.8535604909642007]",1.0210526315789474
17,"[2.6208748171082377, 2.3622908105231755, 3.8982974199926343, -0.9910389534434039, 0.14913252711338254, -3.006039272470318, -1.5243399145832839, -3.759980058068733, -3.57096750089484, 0.385158950654914, 1.4700072894588108, -0.9780115180600923, -0.6464067249094155, -1.1337385213877083, -1.9233812508727683, -0.5032753004327131, 1.6836283221580297, -2.1974650049345703, 0.788633964992795, -2.9397134349429024, 3.184514932573742, -1.0246456465116491, 1.197184535438633, 1.540075405590922, 1.5677882591516212, -3.0547459983478626, 1.2922200638766708, -1.2201445244780702, 3.595872850123252, -3.175356605250693, -0.8654795666851656, 4.1313490667975, 1.9529575355360127, -1.7389480283015273, -2.06463359645106, 1.736866462343762, -3.3947029137863667, 1.0616206645739195, -2.8923086962427345, 1.2648122303966967, 0.34967795259635315, -3.202800343590583, 1.2521201123085202, 0.20127409092760817, -2.161479869525711, -3.26433357021288, -3.3544046219810375, 2.4131425930941983, 1.5463104914960906, -2.5682344371463377, -0.48777873494289636, 3.073700401925529, 3.1699248380961746, 2.5414480000980237, -2.184327059328385, 0.49374777826449145, -2.330506206581557, -0.8765304040073243, -3.0685714534869524, -0.7858089492964707, -2.1482580706186294, 1.6396326066892977, -3.44295365186501, -1.7689299651822412]",1.0210526315789474
17,"[1.1162781156877162, 1.5740542699705882, 0.9459793419426914, -2.2472202771438923, 3.9404380294091075, 0.9268787921295708, -3.8683396374788597, -4.340702594209693, -0.6894142511331864, 0.2198583443113774, 3.361307075625368, -1.938691301220985, -0.47450749441515105, -1.0748846917463382, -1.3317249609933184, -1.276165131887364, 2.2967430653490397, -3.494982643536933, -0.15015990371616805, -3.020228368306896, 3.252787520960677, -3.2855590705526607, 0.3371568812730199, 3.4288141481054017, 2.063293562649725, -1.2503650637086685, 1.0101570546967122, -1.238784779137963, 0.1399977966505822, 0.6639413131266863, -2.3777820482978993, 3.2771076034198576, -0.1166176062445186, -1.4582924816910072, -3.0218713724603194, 2.141371797830375, -1.7591120573656005, 2.5499205963149456, -1.5644865067136031, -0.8618709906060718, -2.6794156185836027, -0.5964664347753303, -0.161366127765184, -1.47702281521994, -3.312455207400373, -2.7822884306815294, -1.832844059085811, 1.397667022826872, 2.404709410389434, -0.11727946468417205, -2.0724306129369143, 2.810474396175046, 2.646738293071042, 0.6727055263176978, -1.883556678884009, -3.9701637861750254, -0.1588350545737681, -1.6226273467064103, -3.475193189011534, -0.14115380939729577, -1.0040490146960193, 0.4120289685582456, -2.6703544794205105, -2.6200454146788767]",1.0210526315789474
17,"[1.2485602189542564, 3.9059660113357464, 0.9913602455749713, -0.09049988112044582, 0.2158419163609986, -1.7187483475597864, -1.8161137569911068, -1.6667282360831934, -3.392620890943767, 0.797910223551547, 3.8934420463816393, -3.5022524148433, -2.8500479119765423, 1.5579614320081667, -2.400497025944932, -0.8299405436078016, 2.264658439227852, -1.337256574418225, -1.4061016121386478, -1.3923479976028288, 3.1013516825684353, -2.219158813382719, 1.4537600608573407, 3.1267084933975906, 1.686173402367447, -3.635878454094686, 0.9743402653785989, -1.1100650015464313, -0.6772969331782364, -1.9179595537710998, -2.3891783075130864, 3.038065441035964, -0.40866628260774096, -3.0316881635300357, -0.7989587081533724, -0.8107991325580579, 0.6470378470699041, 0.876422866644494, -1.7646128693984107, -1.0299586661287046, -3.82791055819525, -3.7454251658766577, -0.45044586153398464, 2.499504588642258, -3.315338849249162, -1.506843874382616, -2.5638821606137996, 2.5125952908403857, 2.0222392100122004, 0.04417692424213204, -1.0727254283652898, 3.086387579700518, 4.104696565950333, 2.7530559271161326, -0.7967299007696931, -3.7709697932921875, 2.5050681160925574, -3.205905380083456, -3.405382763751276, 0.23095841705201758, -0.2796746020414611, 0.23326762045006272, -2.794032404643395, -2.700942534859348]",1.0210526315789474
17,"[-1.556468290886501, 2.1996474485016915, 1.0625256896423125, 0.4235883517676988, 3.7013375960353803, -0.5058439094697504, -2.5669871560577997, -0.8465074499394558, -3.3873375132908814, 1.6551287344353285, 2.0228443607024964, -3.002260419118506, 0.5187425565504598, 2.9991794672316305, -2.5612862346152907, -0.8555134801133839, 1.8481086782512, -2.432029688623814, 0.937377849024247, -2.8565698795108942, 1.2677274040871016, -2.8049586574252907, 1.2137531351767528, 2.8209207160336796, 0.9906076027223674, -2.255522076704615, 1.3075904942712135, 1.3643299259815969, 0.2730958207592, -2.8793615977479776, -1.9181271830395152, 3.255927965380128, -1.3675927541585633, -0.5808841130084614, -1.2878864878208982, 1.187104128443061, -1.0050970140388213, -0.2033760822356765, -2.9460195750759626, 3.0962360995237006, -0.9143486991348326, -3.4182265712381183, 1.4112567989443343, -0.4200223175139428, -2.341343212090683, -3.1665735725252455, -3.2608708196463336, 2.9509052222971315, 2.6234583993497815, -1.3914711576693104, -2.764814214763973, 2.95642110030239, 3.3715580897574773, 0.9493519364989611, -1.621081114103708, -3.4413545308172457, 1.6754260639440866, -2.038716249843345, -3.368447674319838, 0.6749943523499159, -1.0275971648140696, 1.602246971630364, -3.8252544889576283, 0.6793348677660955]",1.0210526315789474
17,"[3.535995620280295, 1.023373712502416, 1.8377679420986948, -2.192126071869024, 1.4763084908401338, -2.012460467163604, -2.1685065793270213, -2.6836296936980952, -2.7286660117592225, 1.3581269249989614, 2.2747363699560976, 0.04994450838250564, -0.4540978515091755, -1.4768111392609513, -1.3024863320183806, -0.9108732249687687, 2.3322563402224765, -3.743299827883983, 2.537340392143616, -2.220234482831321, 2.6418567517955145, -1.6920667484516612, 1.4851154958742812, 2.6552433257652135, -0.02285455293331684, -1.852363133956251, 0.9511416811914042, -0.9413451554455567, 1.8186735946270796, -3.6078553193258642, -2.9912628804047454, 2.177608981660457, 0.3398509025046152, -3.036828644569399, -2.284112899387944, 1.3486678661807943, -0.352937538362044, 0.306978737695478, -1.3584412051970676, 0.15180909119329566, -0.14369489085964438, -2.5752554543541057, 0.29373110233672456, -0.45019511266863443, -3.4298253523261257, -3.710901379914869, -2.086710755926163, 2.926091538055132, -0.4307042882414813, -0.5820395468457643, -1.5615121102395915, 2.7688847369364145, 3.896187500769448, 0.38142855893140976, -0.9572152516768804, -2.6856993924106973, -1.1805677434408974, -1.9629761644610138, -3.3653258389765544, -0.614099252347245, -0.72588659538233, 0.7674303707433805, -3.798832849853191, -2.0114745277892503]",1.0210526315789474
17,"[1.3013891951520602, 1.3258095999494264, 1.639992702934861, -0.7678222874638048, 2.9716467192891436, -0.9324941977248495, -1.547615529882697, -2.943153193035606, -3.3456864085753417, 0.9132382409292342, 1.9268096790368305, -2.664596986749248, 0.616347825927587, -2.0191761902097425, -1.8127461809408996, -0.2057390763045427, 1.5149345419131557, -2.8957443313283964, -0.5424712274121157, -1.7694193158121692, 2.586879509010637, -2.302033936921507, 0.3549517344035944, 1.139980127787248, 0.4237060248728867, -3.3872767681851075, 1.4103955295606716, 1.2536586595538126, 1.85959086052912, -1.6081874109610885, -3.285940696445054, 3.349651295257349, 0.40387445932227845, -1.3762726403368317, -1.2978375553161823, -0.5057732718282355, -0.32339179709315363, 2.847883692632569, -2.793793691113278, 0.6513014174218834, -0.6596691088925173, -2.845417919304858, 0.9978869573398285, -0.7656600248975578, -3.413456260122679, -1.8836577022178669, -3.8814747820944344, 2.254480003800793, 2.2111322950178938, 0.6175953597865921, -0.7657712161951478, 2.612393358374823, 3.345500957691138, 2.006164665621714, -0.5973456375098916, -1.1796212245328068, -2.081749282175158, -1.9378421778342128, -3.4657383843787346, -1.0862039174791867, -1.3364286961052831, 0.8174310117256807, -3.152573798538705, -1.1755589851183965]",1.0210526315789474
17,"[0.6008500323888437, 0.45308389999820176, 3.238372484305242, -0.7632735394519272, 1.1433472189957752, -0.9367712562550095, -1.9936024369445096, -2.6871392842647097, -3.6988014368662707, 0.3860820233837712, 2.110276757267005, -2.20429321001397, -2.1925931900725093, -0.647474233368367, -0.9231625410791929, -0.6052322549978211, 2.435410294076949, -3.6127692379418956, 0.49381667409894614, -3.0136754117214877, 1.6948052769252167, -3.1222551511809598, 0.5677752821288956, 0.40113349548021204, 0.18180778446305523, -2.2688929313501816, 0.8664187516241836, -0.17368200446356938, 0.4028586325506164, -3.1992326580316868, -2.368926691999631, 3.5967773317211083, -1.096908680812661, -2.088557277114137, -0.028324516026449587, 1.1298556969024764, -0.1436823765609948, 2.8239942241050864, -2.5664918000332064, 0.7524947855469388, -1.7475024456034054, -2.719854106414153, 1.79819849471852, -0.9276241619112363, -3.2134427176362563, -3.3961196726799603, -2.89519379083064, 3.956520803091948, 1.5582087575344732, 0.38544064834531944, -1.3607264692532235, 3.01878034022696, 3.2756092743498395, 0.5990256677234728, -1.317164538102036, -0.8777449052863389, -0.7805759313659085, -3.8509904919738465, -2.9681650282955467, -1.7006352914270262, -2.692476474102433, 0.35519813074886786, -1.7999701818803826, -0.1023761030261916]",1.0210526315789474
17,"[0.05922518021071266, 2.557538734758862, 1.6225106562610285, -0.3914584965394368, 1.719028512379599, -1.8661843907870392, -1.5799441972386612, -2.390518643218955, -3.661385704134893, 0.7087343271844075, 0.7764537988010944, -1.7067810487723059, 0.17775290374373154, 1.070867051186466, -0.0317147330189641, -0.6674582925038319, 2.4459610421486255, -3.0389846533475784, -0.14379797212519563, -0.5563450394702998, 3.311288068272755, -3.2412673776978864, 1.1747307493346266, 0.7415654515671088, 2.2971848078062447, -2.7461292872682646, 0.7839716559105772, -1.6467267740600824, 1.017537739985431, -3.466961550043876, -1.3843787647913557, 3.598434478616202, 0.7276454711189453, -2.929964214194454, -1.001478317253673, 0.6987644168512837, -0.2195014969898912, 1.454339655543961, -2.723262983553223, 2.9382505265728893, -1.371437068256595, -1.810004079823365, 0.49167596934910685, 0.27614091647973793, -3.386922531367515, -3.944379078706756, -3.9266310975683996, 2.070757485909077, 2.248905741335556, 0.3971330425555508, -0.5948681952142656, 1.5318829542941437, 4.114791641694922, 0.7182116138579954, -2.5474030718310905, -2.2102896363482127, -0.6778189357700137, -1.7418777644602588, -3.1721926211445446, -1.8259739367181564, -0.9948125701244466, 1.6471111886562293, -3.5351485293766753, -1.3444710608681576]",1.0210526315789474
17,"[1.407987846888322, 1.0040242315566537, 2.573958406706023, -1.5349707486867938, 1.354924925530062, -1.1500388491967601, -2.9296113862983737, -3.8046620565967713, -3.829529214593807, -0.16337553250889614, 1.016817225162616, -0.33138220254586703, -3.134252130140967, -0.8948470901901944, 0.9204460359014319, -0.014868386418641716, 2.0120605336040565, -3.3573925365816235, 1.4682094312343266, -1.9646081844011585, 3.102491903619788, -2.9821473489137715, 1.7195341655457868, 1.4400842278296264, 0.603678667145192, -3.7328306800857107, 1.0173565950023575, 0.8616743873142538, 1.73738936839317, -1.6497333417075202, 0.03934549136914578, 3.312933422381176, 0.6248944594655466, -1.8557198826244057, -0.8470164897101822, 2.044234261265652, -1.4418298012774033, 2.935522728026723, -0.3789519571059845, -0.6846783797487916, 0.02584222860921148, -4.080591050129106, 0.9982122771051392, -0.052974294124950805, -3.230792610875856, -3.144227792849178, -3.0917939689379934, 3.6072744387731923, 0.8397580679249308, -1.1187751093230127, -0.6452831426982226, 2.750720016323519, 3.6904527714084154, 1.573716534274791, -1.3312905955690788, -1.1056284740116429, -1.0020233484653125, -2.7102906318665583, -2.045339902330225, -0.34973420969469887, -0.5024472394043304, -0.23106124377783366, -3.137828512091196, -2.726247781449107]",1.0210526315789474
17,"[1.2635766947961828, 3.2248924120625437, 1.7364880929776885, 0.055935128406374046, 3.067725111948932, -1.834145411161315, -1.7303147068755245, -2.4820054777509926, -3.7435795282122086, 0.6782252787368191, 2.915764018222184, -1.7186856464836973, -2.2293007700955014, -1.1568375812825034, -0.6097407912258999, -0.29661549141348703, 1.6271325828051437, -2.756764616640492, 0.7406184124654765, -3.0131734847123464, 2.6467425733074936, -2.911569841029308, 1.6687220595004937, 1.7252873175580858, 1.105050062524379, -2.51173782020082, 1.4115139840389026, 0.3664959180578591, 2.2324230982445714, -0.07111709672040512, -2.94278028222252, 3.186702478276074, 0.6889152296813645, -1.7447460879044876, 0.6836876769967737, -0.8236773567481395, -1.5678975741019077, 2.8335489315426194, -2.549647220449044, 0.5260445818583338, -3.066733878321757, -3.9748695564157326, 2.6598789896665833, -0.5865554445673942, -2.9476748425344206, -3.0411998454506177, -3.9077502842953327, 1.4521218906236628, 2.586735854139096, 0.2898041673876012, -1.1401304850828575, 3.2134923947163934, 4.144850602663795, 0.7908609787147178, -0.7001908525550595, -1.8039213937173204, 0.46878983400124496, -3.260638659797971, -2.0654449313177947, -1.6650050430954693, -2.1709994809423185, 2.0508867888640148, -3.1930066529549648, 0.1276299082109833]",1.0210526315789474
17,"[0.9649010962295096, 2.3254923941194034, 1.9481478863018604, -1.6706205428816228, 1.8700528401054894, -2.1423850321401474, -1.6208253699077526, -1.338237218268321, -2.001956634817878, 1.4028765650166768, 3.2481980557111947, -2.7308778867587504, -1.981454069993729, -1.8643437663353808, -1.9989702702219017, -1.3359059043043005, 2.5099046322836807, -1.0124160679411522, 0.798518711794429, -3.185065380713195, 2.692068072613388, -2.001500816694807, 1.4876658662496465, 1.5800415491808175, 0.786559120030197, -3.904774230745141, 0.821360857986342, 0.5377333412539984, 2.642569299685847, -2.0873128261999416, -2.0508472216899603, 3.0536993707335895, 0.8213901145483993, -0.9017796374322795, 0.08088639899626349, 0.9395705731227465, -1.417233196179756, 2.2508723709525693, -1.169240030954712, 1.2474087076924656, -3.1176158112949253, -1.3721223478360514, 0.870661556744069, -0.2729163503464777, -2.8836580103837957, -2.654330500766324, -2.1199577528370606, 2.5350697727497735, 1.747290546576501, -0.8714814714211429, -0.6209092040136828, 3.2530740221432426, 3.3087169626393207, 1.937409386700452, -1.6930174321097509, -2.6707437059249144, 0.2086532925331991, -2.4617914723007956, -3.2856305106297525, -2.293787211249983, -3.351842496356024, 0.2298805642092142, -1.8223945618095758, -2.7212986443379408]",1.0210526315789474
17,"[2.2488194711409575, 0.6910792547093786, 1.8161783852365834, 0.2605950864608946, 1.4876990631993459, -0.1694600729470146, -2.8225025078342383, -2.489680304761935, -3.8598569880771763, 1.9353407358093122, 2.4114025290080723, -1.5693084191461129, -1.7223505105999597, -0.6741695196346558, -1.1220511863167475, -0.2647894494520947, 2.115593142436442, -4.179723280489497, 0.6686430267871445, -0.755132983259633, 2.2059262793267314, -2.8026548541642455, 0.9597231489477099, -0.06879636813776868, 0.7400043410510243, -3.2969204722350556, 1.0892990206549897, 0.41187910636023767, 0.3039759686689786, -3.279591608207406, -0.7036360348941642, 3.5112766822124906, 1.0343652709811968, -1.3140606686368321, -1.1603962563052979, -0.004427014347641034, 0.9911307651018344, 2.7634096278014555, -2.967521719729548, 1.1788305363294058, -1.5757347169336264, -2.5105343173507073, 0.74257171449652, -0.5871142509534032, -3.125718676778118, -2.1435120296945174, -3.638697938610598, 3.8595028179458417, 1.472685466078733, -1.0497429610831364, -1.7196826229930267, 2.5465992605623295, 4.137787851690194, -0.5057683519959271, -1.7309403327778254, -0.6629024671099283, -1.1431070566139616, -2.08704684225455, -3.0839439194991556, -1.0595627061986863, -1.9979353269860631, 0.9942689231961812, -3.858837262687217, -0.3909065482525167]",1.0210526315789474
17,"[1.3915766804798921, 2.0383145164248693, 1.0607126652524022, -1.8853524637545034, 3.5513469792148564, -1.1215814019030652, -2.3330743174856794, -1.7685997005227485, -2.3099290596768416, 0.6519539231938186, 2.955314677061868, -2.479637591958871, -1.4890902044417498, -0.1083937809208928, -2.243228822474813, 0.5818991061371079, 2.222299846974856, -2.8033859680163156, 2.6327552853288974, -3.0409054168580876, 2.726370855258957, -3.1417235100675818, 0.8120300465824064, -0.765356989167122, 2.0093587832659883, -3.2780778971948195, 0.9740417700676411, 0.7466792925542353, -0.16073943436453098, -0.30241425172573977, -1.3274481898738155, 2.016648656506197, 2.5364870297712208, -2.1703750982154264, -0.6511527082475765, 1.0091148304406161, 1.290838838109044, 1.4622103789839, -2.2726863902334706, 0.47229016246563205, -2.2971579393540758, -3.428620010088795, -0.7331290407789897, 0.5252572965629808, -3.3008313144229726, -2.7911594946932405, -3.356780119998767, 2.286876667992591, 2.015180396463799, -1.8387404082296068, 0.6811277190299578, 3.0100760074225494, 3.4903704976485392, 1.6633426697545117, -0.6162236074208203, 0.03140848780955108, 0.6886184984732944, -3.269833070949219, -3.2120480732485537, -0.9482692535149321, -1.7119124452609393, 2.0034687675262157, -3.328333647180748, -1.3680079656425925]",1.0210526315789474
17,"[0.9485545069644862, 1.9253581055456779, -0.2564407323181017, -0.5793906795719068, 1.1584536241066696, -1.2889498823851058, -1.622758158509741, -1.8069881001181651, -3.129520732506996, 1.572743914989665, 1.143662271034659, -1.460602353688083, -0.8615189227937067, -1.5781296103028133, -2.5831166103342635, -1.360622557809759, 2.0058419783616794, -4.208660475725667, 0.34101286369637424, -1.5465785560748655, 3.3509530959847833, -3.1804842357446286, 1.6697941022511753, 1.2200642366850283, -0.49976261505726105, -3.057395541587214, 1.2635323591755947, -0.3743918240746226, 3.184286459109645, -1.9385211828612008, -4.056733065917208, 2.7256700377443104, 0.8202589219498089, -2.595384820003435, 0.34480068218391724, 1.5148074341554085, 0.04821599443750768, 2.335672365789958, -2.675665485614082, 1.8212776690681425, -0.32570969502074465, -1.8688231867237723, -0.39610454076702095, -0.6392727342140399, -1.103132702787799, -3.283816693354448, -2.0953098697769907, 3.6030480885267497, 2.2237325801329386, -1.1620864563969717, -1.596359983820765, 3.0365156289463178, 3.3954475781976616, 0.9167051382951557, -2.734855257685967, -0.3764268104965611, -0.9018837570736744, -2.2849187091965657, -2.2068222391378667, 0.0020224242988088337, -1.7575822218754493, 0.3763145294110761, -2.6833267112092485, -1.0280137766303117]",1.0210526315789474
17,"[0.7142942064747942, 1.3814427908483096, 1.143209515895116, -2.832508578183268, 0.02467947383349456, -0.6340724870829958, -2.5967150794281904, -3.4887869423423847, -3.644299335182729, 2.444256709972136, 2.4423403716820693, -2.2206131399375106, -0.42963826837118857, -0.6792812413016407, -1.496857474298434, -0.4792560925063378, 2.0988544792955897, -3.8067638591904025, 0.17170643585707995, -2.038311877002629, 2.0799933509812654, -2.622172926766653, 0.9126211310127393, 0.21771404550472118, 2.250824835375766, -2.768564221511925, 0.9025191591182645, -0.10593694706018464, 1.0336192852759203, -1.5265543838502018, -2.048872618759024, 3.9228073713980063, 0.5080764582068334, -3.0358832546683403, -1.4906392190451119, 2.3451372133699557, -0.047022026959272045, 2.6811938722859225, -1.6935881188563575, 0.6884873303028066, 0.5862530674167921, -3.4506306268873974, 0.9388161163749615, -0.2553620968071958, -3.145440641768791, -4.374483035408283, -3.6507666470540237, 3.9566301484883466, 2.2333370385331093, -3.603114325788274, -0.7504601172358945, 2.9563416290849522, 3.507147272713216, 0.08998524369315614, -1.946236220765395, -1.1357503374713553, 0.7372520912941392, -3.6512320949439774, -3.183207576140652, 0.23074395293624794, -1.7577616374729734, 0.9445735024689175, -2.0225837678579843, -1.5252174827011338]",1.0210526315789474
18,"[-4.324261488923887, 3.2874634853449547, -2.325094968899682, 4.084323687352969, 2.0933115935857622, 2.1085276160958246, 1.991937968814573, -0.17098905594158592, 2.5152158752520726, -2.1893716772214593, -1.8993637686465124, 0.8158984889746912, -3.1443390838362335, 0.7955397394843268, -1.3704510372882193, -2.1848983470153645, 4.035831881020487, -3.0570452980427376, 3.346952651780524, 0.7040643728831522, 3.358025048220115, 1.4654629270192083, 1.806021838312645, -3.7326119281701065, 2.7506802662734717, -1.7351460166901362, 1.4078524235052992, 3.911058908543885, 1.435333729064805, -3.3792253054376378, -0.2861845317260381, -1.8287016392267905, -1.147576768673296, -2.454081090020862, -2.0375409370447475, 2.9665205075611856, 1.3928431447908012, 2.85038794864447, -1.8155918468348105, 1.1361058849674939, -0.6549004119749194, -1.7546697650652368, 2.376152103583481, 0.39236623601495557, 0.7186598015964792, -4.022566213576095, 1.0117790159923588, -0.6685356544856884, 0.07411652762050451, -1.6239748431025811, 2.292427204538657, 1.2070152613437735, -2.1819408833002827, 2.0263979350414987, -1.3674280104740886, 1.448724098666736, 2.8707121415317753, -3.4597730585555087, 2.083764084154773, -1.04375498045155, 0.6851455131472726, 3.8326004444909607, -1.7352825256193096, 1.6609702091527292]",1.0416666666666667
18,"[-3.3643692756012693, 3.7265269619492662, -2.0819194650789816, 1.8758085610191926, 4.134118315776919, 2.0544160032517604, 3.452813577507562, 0.7784509011207803, 0.7768060354152393, -1.2964130005303791, -0.8208792876577328, 1.230884987470828, -1.0893817285812208, -3.0062730042032806, 1.178969769631232, 1.0073748717182671, 2.238442881160376, -4.116452543280229, 1.8877856908426476, 2.679335765315601, 1.7421451916511843, 0.4981956927555599, 1.0106488895532424, -2.029113221545475, 0.2380835205562737, -3.2556140677168326, 1.0715297541858324, 4.137044909383845, -1.5888663043348288, -1.765079520881916, 2.6944472089566585, -0.39297947830353996, 3.197806930015135, 0.245802756971071, -0.7080429932992212, 2.104237141102008, 1.5613977353840152, -1.1948864023569303, 0.24734384384993835, 2.0766620678705014, 0.5518620737201732, 0.2870246287570083, 1.6181304155322682, 2.3823953803876963, -0.6624059764611743, -2.603923149239468, 0.41434652029264907, -0.8521499741751757, -0.704194838107224, -0.94555779367567, 2.622518156479175, 1.3207619549178404, -2.907864717701161, -0.30159771453734185, -1.1405532606465316, 0.39874939884930055, 3.5517049740369884, -2.228870468428325, 2.263376683503917, 0.09922696758646032, -1.5427376962978139, 3.7927304832083735, -2.78842824485975, -0.21324550923221203]",1.0210526315789474
18,"[-0.7456370350099775, 3.2904973305522907, -2.8431355763644466, 3.474103987175984, 2.8040292626315804, 2.2394280961391377, 1.2057590590276561, 0.8575432917427498, 2.6144271074556076, -2.5542271325693355, 0.9577173228900164, 0.9780964192713258, -1.3276589338352989, -0.4450728627363853, -3.0120047805168793, 1.2466614578950377, 2.200793839348429, -1.6198186203638678, 3.536316276592853, -1.3051435786880892, 0.9091789114465172, 1.0572900812451242, 2.0958664748361904, -2.7098353711423995, 2.9535286728889547, -3.8585745153969397, 1.3188182214461524, 3.986682711381277, -1.3571546105558354, -3.8691053522729137, -0.3973185135879953, -2.341260537068836, 3.7106128948393278, -2.6985340753209566, -2.2169857437849654, 2.966923411103999, 1.4213466074670482, 2.841120704004027, -0.5349912048159849, 0.5586855220453544, 1.6430124761939875, -1.5168466556136286, 3.1278489494476327, 0.467874120613826, -0.4594993109160642, -1.0430771449404486, 1.946023914171184, -1.2107172495392227, 1.315277692600063, -1.6861239685874871, 3.1703139260450124, 1.2244782861161334, -0.840757481869014, -3.091574425073136, -2.4577890354672407, 0.966111494370458, 3.5378961565880718, -3.3017884501432966, 1.4223736533721956, -0.8078718510369807, -0.018334191872942496, 1.7710593272029176, 0.331081386486225, 0.10741038914614387]",1.0210526315789474
18,"[-3.4311529796443523, 2.833492030903916, -2.3336753120842793, 3.333911501336412, 3.0474379247343086, 3.171272353177674, 2.837339823829968, -0.8112518100559452, 3.2110960223743725, -0.9242749658079754, 0.4811597742282733, 1.0620753279092892, -0.7227661192827263, 1.3393617733045167, -1.4541247625450202, 2.4447978121931038, 1.918773831180729, -3.357678452611562, 3.609478501167444, 0.7184362059737289, 2.536332264238364, 0.0970750575840692, -0.3833591757259627, -2.69884974239659, 1.7463494646224174, -2.5687380689903705, 1.3505053664516034, 3.487376082909486, -2.1024617557087764, -0.8808918707521072, -2.0474290943612456, -1.3704248257796645, 2.6202936934764205, -2.451409387199148, -2.9621402913922568, 0.23407013137014676, 2.7655348556501256, 2.2428782985419535, -1.5505015696772122, 3.138190508494083, 2.228905792311194, 0.25246409590917024, 1.1548039300715052, 1.6588111436835673, -0.9631268300078123, -3.3135107794042242, -0.0640387156170441, -2.0268416693349254, -0.60711755770011, -3.466967518797288, 1.69993672784936, 2.0628023926794317, -0.9061345612831564, -3.004136613855058, -2.3100891755581845, 0.44780246882347197, 3.6013813911971493, -3.598860100704723, 2.230083773311255, -2.2166313946193705, 0.6088532537989402, 2.1439699057097603, -1.6498609621310276, -0.06136337588003768]",1.0210526315789474
18,"[-1.422851831427062, 3.511235656787063, -3.2373835655347367, 2.45407106050271, 3.8978568820380586, 2.3861418918918043, 1.0186818329482596, 0.5819957058410015, 2.383897967729672, -2.163835445946722, 0.2467442738052375, -0.5750370179005435, -1.0503887739007411, -0.9129334703053212, 0.8737966922562347, -0.9596731006032908, 2.2350992679762127, -2.165481033932841, 2.6595944165898033, 0.8635426846749333, 2.125252216802219, 0.27141305456693554, 0.9264364725384207, -1.508916004878479, 3.5128573814934736, 0.203840395980583, 1.1181435507342417, 3.448708090871173, -3.022561142936608, -3.696035165726781, 2.602774207270031, -1.6753502641186693, 3.42306379891665, -1.5526903620377164, -2.953387418899907, 2.967135367961656, 3.0597379531724664, -1.024244712608102, 0.2864217735949937, 2.4837304655460652, 1.0511511724927216, 0.4068124622009908, 1.7944119636556162, 2.3324765641337986, 2.4662634953723894, -2.332940487089668, 2.067203920670367, -0.39940369154824573, -0.24917165571994238, -2.3823557680291074, 1.8111200593931374, 3.2858608511478784, -0.5982560578693934, -2.665520222799591, -2.1820743273541385, -1.7235371859349242, 0.4188001623302182, -3.562428879610074, -0.46419322977313304, 2.1393905502276676, 0.7219987724560681, 1.0351557210002476, -2.464948486998785, 1.653448920684177]",1.0210526315789474
18,"[-2.7443543879536283, 3.2158284301268982, -0.6717018419225913, 2.4705487098741035, 1.3759334982902751, 2.914957820391759, 2.18113791960993, -0.7219592691020652, 1.0700166517278629, 1.133909376849307, 0.5764751095882079, 1.9740866908317805, -0.9684771979538425, -1.5373273012149782, 1.9156377941519844, 0.5030061400990893, 2.1571429904933304, -3.366566357244281, 3.30241914595998, 2.462427370535661, 2.791237443701773, 2.655734822325582, 3.058812103222745, -0.36235161457151266, 3.4197465196930565, -3.939615430021075, 1.0835192477745745, 2.113339603191773, -1.658060132449562, -1.3876606248169072, 2.809329340514649, -1.8316314592232426, 1.6086199610040046, -1.8518436842617438, -2.386686452758088, 2.4404741695962375, 0.7831254250132282, 2.4254043171217647, 0.09176801916215022, 0.7851396263581446, 1.5197942388482106, -0.7042036047749627, 1.8388331723258111, -0.7514947090105909, 1.4264698099539856, -4.573287338397465, 1.3204306237760552, -3.603026379421364, 0.3099644717396834, -0.3220211266338522, -0.39152531940753765, 2.1648855013563946, -3.7453170941589344, -2.867193096880704, -2.738873988092962, -0.037805862817851754, 1.8490285854689272, -2.3884879577574565, 1.8808666217484145, 0.24230891693578638, -2.839354751863982, 2.7525511397230384, -2.3655948483230036, -0.11377997696114472]",1.0210526315789474
18,"[-4.506301974488895, 2.6172589714848717, -2.1278654790298894, 4.250932660457993, 3.1724071371596634, 2.95885007369091, 1.219482635956449, 0.15836131353666077, 1.5947307227919316, -2.9673478023964073, -0.04750072910451303, 0.5536856251437755, -1.1163787958942646, -1.9065669751857128, -0.11753439466181953, -1.827849561064611, 2.1760506963599733, -3.8039730342822153, 3.0404274475451794, 1.7856193628616759, 1.580313584631171, 0.11464692416567812, 1.485807928219403, -3.4300473686590935, 2.209508115866067, -3.8756724172663763, 1.2497197604707455, 3.7462471944194484, -0.513980300710704, -3.8518100320947446, -0.46875638421512567, -3.085914205741969, 1.8610635774113278, -1.6510668134885664, -3.1543623184344316, 1.8980764120037126, 0.4230830558699501, 2.7867049059092586, -2.5728665564254896, 3.967323364460916, -0.13879861376711544, -0.2281204469303748, -1.0000299346390866, -0.09089791554068893, 1.0837405898427754, -2.4334964854192087, 1.4835932824190792, 0.3521969649235286, 2.232048739657301, 0.15541155769955517, -0.4162139979474848, 2.660242714423235, -0.7644810282947583, -2.220909181247902, -2.723273506031781, 1.6465460769453164, 2.2710600161915018, -2.925204170179083, 0.9249922781819817, -3.7498452072610284, -0.0528963208291664, 2.1619634345834005, -2.190973802180465, 0.45768515973006624]",1.0210526315789474
18,"[-3.8564695315165647, 3.9803623170275237, -1.3086072859506381, 3.443225348833707, 2.9480442044317585, 2.3396995797805364, 0.6788200788272283, 0.18893101467305357, 1.3763572680623213, -0.3744939322150591, 0.9344619448591822, 0.5365250984824355, -3.119599248104855, -0.6044541363957111, 0.48487458200593714, -0.7920853349793853, 2.0729786377870143, -3.464410501026959, 3.3061731147594897, 2.6949371544950846, 0.2637893515710663, -0.5271172143403383, 0.9226981722842703, -3.3641455798114634, 3.666140569182977, -2.866106920047465, 1.1729876271154975, 3.77421198055492, -0.8699248946565594, -2.284708347057208, 1.7073621207730036, -1.2265392056296445, 3.1840905140204434, -2.944212017936694, -2.5745644766348446, 2.808925015456412, 3.407638724282372, 1.9559208054324908, -1.5548621385839716, 3.6241586688153338, -0.14668681974189024, -0.6046924673974798, 1.047823380058202, -0.05506886981478598, 0.11959380034038287, -3.0816188252574914, 1.2620015732087984, -0.3211916291823138, 1.7621714184860604, -1.2121059119847377, 3.063457004674566, 0.44814645539894515, 0.2980845901972846, -2.9908345851783693, -1.7623369988660322, 0.9137997314400346, 3.423455220928732, -3.9480019918728027, 0.28457175432799997, 0.31356954565674244, -0.8372259050598436, 1.4463111689967543, -3.128510907207285, 0.07300840707182543]",1.0210526315789474
18,"[-1.9993564574407103, 1.1348148596774479, -3.1855813876876695, 3.405226441100144, 0.5694837179309957, 0.8760326613888838, 2.253260689569255, -1.9444791692689223, 1.3511277309322087, -2.1149891854650207, -2.9571578184422496, 0.5941092130972552, -4.090548606023849, 0.46227270805484044, -2.663510966242092, -0.04520694967875849, 2.0636782347899647, -4.2280646317855375, 3.6890032384769302, 1.4267090252348311, 3.0969467653304883, -0.9976152480584397, 2.0968939914104605, -2.991228401393297, 3.746580824464657, -1.7888917108507787, 1.4163873016949835, 3.4905614071060764, 2.8946019933069023, -2.259699926142942, 2.611198365219556, -2.991702723483081, 0.06213168033067901, -1.4360906743756248, -2.7133671090737406, 2.9655236024867566, 3.23357368724285, 1.7782296062760345, -2.9027074460704556, 0.07914481475515889, 1.5357270428827894, -2.0776630317484686, 2.7870688916219777, 0.15717069436047326, -0.7990368778948157, -2.9163125078378442, 2.849667345445315, -0.8270257757745443, -1.1448397218457682, -1.5890350522016927, 2.38360657464239, 1.329807903485763, -1.8421926199886198, -0.1457179652615757, -1.153831632602413, 1.4540212353792774, 2.890814319910193, -3.6749780800502814, -1.7150712508908637, -0.3889098553796685, -1.504784847585773, 1.3493550938465098, -0.45911238035606206, 2.59005463147999]",1.0210526315789474
18,"[-4.046090454259016, 3.928580130770034, -2.495036636254382, 3.911199588549244, 2.3607708773364044, 1.7896886767526095, 3.3113953468514183, -1.8558643714044352, 3.0717823105522917, -0.7402510907365929, -0.9899020545979881, 1.3242147404726385, -4.128770692454532, 0.9682211207349557, -1.597206384005084, -1.55320059456432, 1.832728901550321, -1.9822098614304864, 2.399607981341407, 3.1786108479580637, 3.1073614468465145, 1.6458076418004515, 2.360790260498186, -2.9129971882183106, 0.5651211054536738, -1.950215413376345, 1.467177976603767, 3.901054154802328, 3.2993054894223315, -3.8224049093940025, 1.132549647069043, -2.943267694577688, 0.27321587473437836, -2.401933157325312, -2.9358395586487243, 2.770467817109996, 2.562166067451854, 2.0060293483616114, -1.0619334013358563, -1.1544581549771242, -1.741171136162482, -1.433570255994764, 2.91251654836534, 1.4960731893345787, 0.7522144553069443, -4.238250751332482, 0.9750612997535457, -2.1210729292908246, 0.5089895628142587, -3.4585105908795395, 3.5178470807207516, 1.6845785063531775, -1.4937968388030733, 2.199870925284995, -2.694383169134456, -0.6947314901073411, 3.601478598135918, -2.940101273336546, 2.284891733219018, -0.8560552562204046, -1.0518367326407894, 3.7140833087533496, -2.5763265514683127, 2.99610881388314]",1.0210526315789474
18,"[-4.2245632037801775, 3.570240551157878, -1.8768474853465795, 1.9730930950649883, 4.094070418479814, 3.1659587541277774, -1.6506653376999845, 1.3527896670383242, 0.960708206853689, -2.0070936701635693, -1.6355112132155598, 1.2396532618744938, 0.9956780465638613, -1.091979933329493, 0.5872790254999013, -0.48820170978701966, 2.114046925057277, -3.5282020895907595, 2.732672230574735, 2.579746321216234, -2.1543451269647242, 0.17762300758897476, 1.7621436156293215, -2.462240124996825, 3.367412267290823, -3.793732789153976, 1.4863359935187772, 4.165270147602136, -3.2885757376115112, -2.549096012187316, 3.110882128042456, -0.23461233096913103, 3.6135863955937157, -0.7227619171180357, -3.1199605052984336, 1.3329898134615321, 0.5234086528101595, 2.886236859846161, 1.8516129309653666, 0.9237775599613037, -1.2257512401788933, -0.23586136410638014, 2.187675620147468, 2.0998504114751975, 0.6160099219827904, 0.24689793091791357, 2.238892168809423, -3.473518287106241, -0.7684494075767503, -1.4411982836979178, 2.0631724762305326, -0.35258958252490835, -1.2817712005202089, -2.8429496786628823, -1.5908872637544054, 0.6816876302411073, 2.6517490368182512, -1.9688680954069029, 3.682341864391895, 0.040466605886928964, 1.831494124823594, 2.6785184892621103, -1.2026784449010421, 2.0747447429072277]",1.0208333333333333
18,"[-3.634955761689064, 3.9726176676875076, -0.2916891295303454, 4.328503042992151, 1.472217292698872, 1.3628865876631255, -0.22658753946733756, 0.1215141402656782, 1.7912883792112395, -2.049068750118661, -1.8808264816403661, 0.6641359343042414, -2.5591879892756806, 0.03605429899657611, 0.6838136005557404, -2.0247058582747104, 2.380462764303629, -2.3753322941215225, 1.4693651804961976, 0.024420747115148966, 0.4836497388538923, 1.780121540396541, 1.5157687079500988, -3.366808900200718, 1.3392435137635812, -3.1098492490232115, 1.4234780631548019, 4.1141474190240475, 0.5720349649158218, -3.8331008275155973, 2.323996750493073, 0.226970027742748, 1.0095678760008875, -1.6895604635198749, -3.133775075147981, 2.2842619051702675, 2.130957977948609, 0.7276656915898816, 0.4011822136705419, 1.512233760685752, 2.23292705777955, 0.20902000741676066, 4.129191783749244, -1.7024812648232142, 1.3335476669692188, -2.229271807421494, 1.2417569407427358, -1.6428058464779605, -0.6782017157837215, -1.574838812275448, 2.968385254488562, 0.2508415794068921, -1.4511848627273154, -2.24539328056683, -0.0788641320012593, -1.2140172331616672, 2.68176418445328, -3.8856812315056333, -0.2581242875728409, -2.9408309329352926, 0.46226473163037496, 2.4302002721389844, -2.0060667623664754, 2.272082233293361]",1.0208333333333333
18,"[-4.498076609780162, 3.980683175298657, -2.5156284553037365, 3.3452231590730825, 3.0074197769110884, 1.7292793531205504, 2.526915604842523, 1.0212277496229296, 2.8689750801665905, -1.2055472434221621, -0.10253770020272435, 3.4123538231141266, -0.6204375011037606, -0.9607972176511322, -2.994953148453384, -0.17662579990588156, 2.6738879388974377, -1.6553001061355865, 3.6815799686119477, 1.86204676454775, 3.347769170793395, 0.06036050418265193, 0.40143358155447717, -3.7082541413271346, 1.892893828559873, -2.93562453215983, 1.3613001306767658, 1.2302667893179526, -2.4750208625180248, -1.1090008652733774, -2.1134873410752837, -1.7805940498560622, 3.4439721918135184, -2.0867278115167016, -2.316410911225081, 0.5793778110626109, -0.1461873693485649, -1.2238813322483468, -0.4952980865335071, 3.283888786965554, -1.3767031825437606, 0.756779656071495, 2.9081112762301062, -2.532890716683251, 1.1418249146182022, -3.1644933333227145, -1.3406698847281164, -3.2165867484177832, -2.191740441236627, 0.38614775049771155, 0.3686124177331839, 2.9437751580573845, -1.0521416347771169, -1.8282550956595465, -2.469459807780163, 0.4491187789903308, 1.1346436454836273, -3.8279913145045543, 2.5905291392697034, 1.3986675600000986, -0.7358184305668025, 3.782880204443118, -0.9633139473293123, 0.9394691812315126]",1.0208333333333333
18,"[-2.6825913704457127, 3.310213776841322, -1.3051011605694836, 3.6834159020903545, 3.538931421661639, 1.0836892758774284, 2.8961930711932276, 1.4788924334847877, 2.5969865599067528, -0.7462758760456238, -1.2870244756112172, 1.2518280838536042, -0.6687022548913695, -0.1135035921766053, -2.387892057730314, -1.5518982592567623, 2.6115588862594796, -3.4640479030395577, 1.8914892023294458, 2.685467993105034, 2.85840088996153, 2.7921630571251184, 0.09571585745642364, -2.8191675158145673, 3.460196920182146, -3.796645174870117, 1.4751501691397775, 4.135368525840248, -2.929027953825299, -2.0547362045558124, 2.1906340466436314, -0.19089227387966679, 0.8476490695685408, -3.0337734718389746, -2.256992712292729, 1.8297134497956538, 3.387721970187764, 2.1757072890634586, 0.761416936199711, 1.8872755948777309, -0.4540296509561983, -0.1185086839354687, 1.784682256992048, -0.6604082361716425, 0.21127326649381828, -2.075913527587727, 1.9282754040822663, -1.045688456078137, -0.12457465049107164, -1.4216832381403997, 0.2330385808817832, 2.084869180612108, -2.324209428448662, -2.6363755840781162, -2.273692058944249, 0.061434755882844694, 0.2161858564521415, -1.5007644254727475, 3.190848641065824, 0.3711748083242412, 0.4908162557462108, 2.9592343727910753, -1.2853092263774724, -1.7965582801600468]",1.0208333333333333
18,"[-3.718599162959039, 3.972167479436657, -3.1041807043948273, 3.4177916149263257, 2.941675454388236, 0.8982052543255892, -1.5856981327030604, -2.2523877100637066, 3.164330461194787, -2.4306848194440134, -1.312788746003823, 1.2690722537483077, -2.3706775376729206, 0.9172751242491449, -0.4921788427555226, -1.221058963027118, 2.5057419000438306, -3.590536746309674, 2.4178551823944563, 1.1869508633607053, 2.748149054764557, -0.014699049249809804, 1.594344850326416, -3.0710904113726487, 0.597326061184722, -3.7729936838950633, 1.4869889147891127, 1.8810071166798714, -0.6124182086558796, -1.1558261912916372, -0.05848274129830311, -2.473805649228839, 3.852608397735772, -0.8530072635511323, 0.454278733710086, 1.1142109086255956, 0.645460700017957, 0.4270167651736676, -0.43266350885207683, 0.3541851181973772, -0.8310405127110254, 0.629695968223908, 2.547989131551641, 1.7292475838502717, -0.8746618104225649, -2.7347177214386504, 2.791564183763971, -3.194486416594706, -1.5336228689565277, -0.32899347808803614, 0.5365609324663312, 0.37761881930463526, -2.257242533509386, -3.1082459305563446, -2.1437096679860725, -1.7930114021192631, 0.9892323236362872, -2.494960079103893, 3.4939624305263304, -2.330192226809391, -2.2743795214176403, 3.853596404109231, -2.3245969017838286, 3.1548512423918913]",1.0208333333333333
18,"[-3.1582779646270276, 2.950235731694469, 0.5253045492741295, 3.2385589246716675, 2.8735384801429587, 2.0385186719866364, 0.5517006232400297, -0.22033715897454953, 1.5250016710142105, 1.0333983089312393, 1.2211058099837706, 1.6263754763232987, 0.1295964217943153, -0.3329786556956603, 0.3054501168602721, 1.7003534831476574, 2.1578927256919123, -0.4137423364510022, 2.8388409498999647, 1.5340007984502921, 0.42182475163122946, -0.03539837254113076, 0.5983710527832311, -3.660815644307898, 3.688829021384473, -3.482990253643647, 1.3086046414918147, 3.583036157592915, -0.8566643320549667, -3.7740190231973605, 1.882452731914145, -2.0358753818874433, 1.2750532909210428, -0.41809269590624787, -2.862267490753201, 2.313028519996565, 1.3728163920781502, 1.312881950065795, -0.6338393971220909, 2.487236674039216, 0.7934131857931042, 2.925653623491213, 1.260281118927242, -0.3878551534367616, -1.9683611501194866, -3.641804661835011, 1.5431546352844485, -0.5626548021124973, -0.2773473127628092, -3.514645970521834, 0.611581102687338, 3.150481591898988, -3.3629087470405103, -3.0771404136366707, -1.0675915580617579, 0.9485133620943931, 3.499848914712285, -2.4505730667212653, 1.1509661445847272, 0.7951085360862953, -1.5978079922033437, 3.6332482458434137, 0.16194552188435307, -1.1440767530093103]",1.0208333333333333
18,"[-4.005310576916913, 2.724533947303728, -2.65571169230601, 2.9814787512102776, 3.9717335683889994, 2.107233723116636, -1.4331288386289276, -1.9413047769773226, 3.084447270256803, -0.9225308881254278, -1.5142501060320404, 0.16847711408714539, -2.8890725307684972, -0.35031451312318784, 0.7270083340059031, -0.6283489825961655, 2.5459968217519657, -1.5417164523445541, 3.0183355960732112, 3.391265795711794, 1.9777701289867262, -2.7724575350263456, 2.4148212677796956, -2.859061881280788, 2.318577891435072, -3.868047714852362, 1.27692993123419, 3.370218945603597, -3.4022751070194315, -3.769535993267992, 1.2727987325122387, 0.12921542965425759, 3.251123999935279, -2.3360885557540008, -0.38415774315277096, 0.8246609997090468, 0.32637029295203523, 2.5737941980028824, -1.853101283674043, 3.597635625846861, 1.913285305571187, -0.6928236079113506, 2.5709997733699925, 1.975565644748214, -0.22281285977976603, -1.3847090801063218, 0.8756407902098989, -2.778949803602141, 1.4830555677410744, -3.5806762320529786, 0.5613961453400582, 0.9160410610746192, -2.79745041401676, -0.35510211067921116, -1.9390766316457972, -0.8752018170545979, 3.1443956287797263, -3.9112610381314643, 2.3037718695971083, 1.545779642449235, 1.0963757815759543, 3.091807581240101, -0.7591939224232003, -1.1353468781538663]",1.0208333333333333
18,"[-4.1208222611342284, 3.6217456922529165, -2.793064387826263, 2.941233540166822, 3.8753694035737323, 4.037832907819577, 0.2742736966832997, 0.7508352723700704, 1.914043962067408, -0.14643870045522145, -0.47458767324906653, -0.8156499454095747, -1.1738255629535566, -0.07673006868508875, -1.0810374710490465, 0.0638654168760664, 2.5551527759159613, -3.35204109517176, 3.6307755215044573, 2.297068623045693, 2.6789390910080932, 0.10780926505873123, 1.1869315404618772, -2.7582620741498336, 2.2792174966983563, -3.386418786810863, 1.4695958355482541, 2.628273221551627, -0.641827213717596, -1.6754589260731807, 1.5208032728040617, -2.3413680486915456, 1.381223976623416, -2.9146244829980072, -3.1548133477600335, 2.4840354942934484, 2.1915920660695036, 2.9144169652059744, 0.38713339833859856, 0.74012033637486, 1.181679594814085, 0.005913986902012669, -0.5154887137802224, -2.969101902579066, 1.178843098778989, -0.18010299299102117, 1.9783073802048892, -2.129533944907802, -2.622483428038933, -1.3119300649244479, 1.1972468866506198, 1.4192996461316572, -3.7489667881596596, -0.7701577444535359, -2.6579770124037063, 2.248027964030793, 3.393643051364098, -3.0563455445640537, 2.9374237949031965, 0.13374899962682285, -1.1035190424944987, 3.119704671553817, 2.092744091128115, 1.5662953549824072]",1.0208333333333333
18,"[-3.608716577977826, 3.3345882147233024, -1.0707642718878772, 3.5418538583799823, 0.7131390903502908, 0.7228829643334593, -1.249058192620827, -0.6364478124001551, 1.00651350726933, -2.881407008943927, -0.9700514662833938, 0.5172902224123915, -4.120168356796861, 0.4957266227591973, -1.940849712613741, -2.016817303413654, 2.082614201604893, -2.3086682503198634, 2.0816101217301473, 1.6701352535701617, 2.4436621489592225, -0.5797739939271263, 3.3276842429666598, -2.6642652953665076, 3.477678023204217, -0.9105263266994006, 1.3065435600041955, 2.6882066794551327, 1.4354562190808047, -3.860735108951314, 0.5090560502526276, -2.7761012606914184, -0.04710094909913512, -1.9718935920020142, -2.1669531571276273, 0.5135337248370215, 3.438869646892573, 1.3379154233324007, -0.5387835807234584, -2.3880017304790586, -0.20088493889134862, -0.30230943634042673, 3.5775184105339655, -0.3634527576758675, 0.41024781254446985, -4.092175721396823, 2.236350743663263, -1.778072419160732, 0.7492908597106254, 0.04551441027693626, 2.9073416607243328, 1.9551364437459426, -3.5850324523467885, 0.0022558222108585158, -1.1979102453125245, 0.9657570116854151, 3.545719641784306, -3.745705669300957, 1.421754764338317, -0.7949634264999782, 0.21663578915610082, 2.2392155004008467, 0.0929668703573816, 2.1130763399555743]",1.0208333333333333
18,"[-4.490488962146713, 1.3811916270693736, -0.4751725337983401, 2.695953038807125, 4.106136476117694, 2.709378095781993, 0.015144150503239695, 1.9505826271490607, 3.205922498051648, -1.7009047836516726, 0.5220341611608047, 0.6302261848986186, -0.5653026326135191, 0.5892096150746002, 1.0909532857745028, -0.7587457865864677, 1.009984807392879, -4.09184523947638, 3.5450902247410685, 3.424486365880254, 3.2924079788047274, 0.1230012252743552, 2.0318499260247296, -1.8139237395161747, 2.5002868621332865, -2.17152600263346, 1.4551423451113488, 3.034909449415347, -2.0161013508981305, -2.6607776504470735, 0.8194795842660408, -2.5374777103379396, 1.438587900998091, -2.7880593616594886, -3.0487840780960416, -0.5221522053571896, 1.4007595330362803, 0.29740691515777584, 1.8344308443529571, -0.45718925004496036, -0.7831091091055373, -0.22512858117453666, 2.39126565761803, 1.0869189820246663, -0.33583719980825033, -3.5217285894527244, 3.127910258020518, -2.1751299538065085, 2.526895885205431, -2.99040974792658, 2.5400931786978806, -1.6688102336532533, -0.39235897576135037, -2.537603023191033, -1.827008057708333, -0.6161341939214753, 1.0440586270287187, -2.4497644750735788, 1.9366644371887016, -0.03166980771459338, -0.011364948594829172, 2.458223988087222, -3.4999175529902034, -2.71739366868631]",1.0106382978723405
18,"[-4.237518919228878, 3.969943788559341, -1.0344077375659717, 3.9542938092642617, 1.2612172772794845, 3.8297944646764055, 1.0984639038038977, -0.9329757331545657, 2.8969511938655588, -0.9228631711524158, -1.2969228926276304, -0.21900832636683565, -4.040022618807885, 0.14583749063405754, -3.0586965063684555, -0.2661538532641585, 2.1372623290950203, -3.3818197581304994, 3.1047986636976246, 1.4899298152575406, 3.3520255546824864, 0.609444669394765, 3.2918147731108918, -2.2044446779812867, 2.22635011411006, -1.8984508033336798, 1.2457042105018654, 4.071011927862028, 2.3480114802238714, -3.7281350530264663, 0.8391477035628568, -3.085911683390883, 0.646320936731432, -1.879991030309645, -2.673505717496204, 2.6373316805744955, 2.437235934487327, 2.4489233589465536, -0.8926324715455409, -0.6522170580649903, -0.5965094724870333, -1.6462227053653122, 0.41885418324600243, 0.47578972778373757, 1.6314333983895037, -4.61241077606876, 1.7977535942230018, 0.15372193951599733, 0.14420727439227127, -2.8928980534134467, 3.1287790001744353, 1.3376163458851342, -1.9476625773993297, -0.14711458270775202, -2.579195687184489, 1.2682460279064687, 2.539949635307007, -3.8063002585562784, 2.32828319238393, -1.5625610274001158, -0.38074983656811145, 3.4821288004467164, -1.5365211801887337, 3.2251721651896372]",1.0104166666666667
18,"[-4.460777961822542, 3.4048985561949876, -0.6843597088265468, 2.6282563379760786, 0.37508180948254655, 2.7131884871691923, 2.777381981669401, -1.1018467970480248, 1.8242120150898764, -3.129967622286289, -0.798745006982962, -1.6462056736757595, -3.2367989768668983, 0.3053128609749312, -1.6926421587268436, 0.7877493659404776, 2.4475111006544035, -2.5100934343778083, 3.493815613802215, 1.0150780720520236, 1.6580361863722057, -0.05100868396098135, 2.904861167559266, -3.2543066065683686, 2.618307679042584, -1.3976513350142814, 1.4126716920867401, 3.785524415778918, 3.33831772928091, -3.034328234073689, 0.9472799613533408, -1.9583894891580553, -0.7571370552380885, -1.154889157937532, -2.3404504911988, 2.4631210066883895, 0.9297194590615119, 2.943107637508824, 0.17871027599437816, 0.7804132332089, -0.8165628764617763, 1.5025311867912923, 3.177652093410467, 1.388269379395394, -2.4477525984614013, -3.644089061155757, 0.33673554595970767, 0.17283541205414432, -2.591494561171524, -3.6382073003033533, 2.509320707351277, 3.2136537376677348, -1.2985995944611837, 0.7485935656198321, -1.7052472145154178, 2.0495995302754677, 3.4941427976284922, -2.3086847961850667, 2.7912972085045835, -2.7211221613734735, 1.372318718282009, 2.423962993713771, 0.8654492424630189, 2.290233957931547]",1.0103092783505154
18,"[-4.474703098366997, 3.292716994240186, -1.511254997993309, 3.7863309450747753, 2.2840316613850873, -0.5634142709477716, -0.9750978427548129, -0.7418868126339587, 1.969723997770752, -2.143306060232756, -1.9646543536773424, -0.8320263434689006, -4.127313590474396, 0.11314839153554287, -2.786195132183371, -1.9392379803482949, 2.243341712648344, -3.7501990559615312, 3.4769765197243254, 2.0934283237587907, 2.677083442919364, -0.24971761810023918, 1.9617773221743582, -1.3722977763665476, 2.1964444539167873, -2.5775460766198064, 1.4680707299922693, 3.346204631521159, 1.6849402996437455, -1.8733075508679164, 1.0884763975155638, -0.07556165602712195, -0.7338350104903888, -1.2907900681342674, -2.2670877740933015, 0.9655431476979466, 0.6456026748123613, 2.401586477644674, -1.0229083052303878, -1.3466187980886506, 0.17705199809381578, -0.5909617231162132, 2.9449359219276894, 0.004669299167781582, -0.5161869178182924, -3.867930106262949, 2.938332347378143, -0.14150351675366646, 0.25572993057696625, -2.5896078815514576, 2.5966980119403695, 1.4205880971404365, -2.5411774042511484, 1.032867426121844, -1.766778185405541, 2.5482729221723135, 1.6578556551247168, -3.6745257977139847, 1.9014179521704, 1.8336731682742886, -0.6767351790388413, 2.8554734313308545, -0.4511740380424989, 3.056614309324474]",1.0103092783505154
18,"[-3.3180884753010664, 1.2626981607719934, 0.074852448406181, 3.1863583904594144, 3.0655321678984704, 0.8839511978706538, 0.8372762366275356, -2.1329275444634197, 2.134242510329532, -3.0542572771677934, -2.58464367164252, -0.2739779231776612, -3.37954929353183, -0.6869942651112078, -2.5869944521428656, 0.1283744346179836, 2.688693111019041, -2.7950149607845076, 3.675035261675508, 2.0870912525989933, 1.3482625866254045, 1.4108715530758005, 1.7702535137669204, -3.6373571342924786, 2.78334715015553, -2.8891505853258748, 1.4361918081178615, 4.172768532621179, 1.441933331661427, -3.545840631310676, 0.6116727976281453, -0.9375062580818834, 0.030346496255220512, -2.553911826481566, -2.5247772018548487, 2.669538263502609, 1.0321076251153514, 2.9310406095845525, -0.5236482496605441, -1.320709016547676, -0.818223058503392, -0.129725969795351, 1.3668233668077652, 3.2976004440192392, 0.4238121055989683, -1.8249561065557942, 2.008012616011967, -0.4594930795394579, 0.7246853014629617, -2.6673996418745594, 3.473380205169204, 0.6364797130346828, -2.447787237857756, 3.0432339200676655, -1.1865629705792913, 0.23006426334684937, 2.96522338142897, -3.784987332482589, 0.21329140303480854, -0.9912268807352789, -0.6617808718881315, 3.0926560812308646, 0.5343080321287617, 0.9571043727057384]",1.0103092783505154
18,"[-4.503557636488544, 3.168193630416207, -0.555267172374796, 3.4591775316055635, 3.076329682031264, 3.059763561538845, 2.2264214387748424, -0.6119224371126311, 2.713209822672273, -1.00202906332567, 0.5217515872115179, 2.253665551707371, -0.20490531395053235, 1.0099174968048992, -2.9762003422927163, -1.8958276632029074, 2.2292823990485635, -4.195379489277678, 3.6729805909319015, 0.5606378595323736, 3.162696658735002, 0.8105055289089358, 2.9215996112775184, -3.346349287922854, 3.183915257734959, -3.5278076442828556, 1.4223300285033142, 1.8529220383322542, 2.41508775873929, -3.8606853157751666, 0.9011160832652289, -3.081210110169598, -0.5377305443622445, -1.1874285615864355, -1.9890777669429236, 0.3453121590458257, 1.613175905132139, 2.8159737225063677, -2.043779317351193, -1.4607044348080516, -1.5987460693997244, -1.9016519642313883, 2.4609799384707984, 0.33874976511362154, -1.0237848256430202, -2.3892540949248424, 1.7954623038170974, 0.29461427093074244, -0.6928177824660507, -3.607371394574563, 3.2930749321618737, 2.6170606098156775, -3.019687317256211, 1.1758334979133633, -2.2332984202347834, 0.23292987069352522, 3.506039134292005, -3.903427606709411, 2.038786605139633, -0.5310353569730382, -0.8931614942705989, 2.91575672283789, -0.2920651669964721, 2.036847722931206]",1.0103092783505154
18,"[-1.5775687708352075, 2.2240585276511924, -1.3203061702159133, 2.6891961444479295, 3.9353932552107103, 0.5794773766887489, 0.8711164308955732, 3.1541264623293825, 2.9953503684151768, -2.84416621733144, 1.313112095190262, 0.5578574802166811, -0.9133118896442074, -0.8591619688544669, -2.56201598855234, -0.17952791051020459, 4.000470222414393, -1.5742366276012143, 2.158225994764745, 0.7693790496060773, -0.12124352498073199, 1.3647502143484525, 0.6616974383382834, -2.255154043972042, 2.9024704332537987, -3.4706859524132625, 1.463050978844966, 1.4791586305740125, -3.5989030327941536, -2.3373857616428486, 3.257835881822353, -2.109898844572645, 3.8557433093017215, -2.7092820332734826, -1.212345980352766, 2.209016755842904, -0.6729781153409145, 2.930916879836315, -2.372166319860872, 0.5523341615605577, 0.12186764799212924, 0.7681803183064239, 1.1605929602645448, 1.4760252620676315, -0.20109942215317, -2.6182073353206086, 0.1952610320954411, -2.517433543434087, -4.171610968216647, -3.0806961985719212, 2.847177379083644, 0.9929121690057126, -2.9553493288177686, -0.34356712077884666, -2.724454232373334, 0.16977256318774914, 3.3539930093673282, -3.649346197318428, 1.149216770528545, -2.710867700889594, -1.35743754799878, 2.455698476465086, -1.6727212027109641, 0.3643962552431186]",1.0101010101010102
18,"[-4.384093057144478, 3.9348425605531627, -1.1785160380635382, 2.412750039426861, 3.4305597736290148, 3.7140361857146837, -0.2627187462684102, -0.4344977222641543, 0.8553523347264778, -0.8358464415714397, 0.5531131431713355, 3.3955941228582467, -2.3217147588678797, -0.8303019239282747, -0.2716882710994948, 0.6831219174057828, 4.031414901159421, -1.9985875315564392, 3.6038445136898978, 3.386557243609536, 0.19836683040127756, 0.4675592996748015, 2.4625959277238683, -2.6149493957774466, 0.008937106241451609, -3.9352419445624096, 1.4857475631381236, 2.9091470963112234, -1.1852818343166784, -2.8336064680176474, 1.0370201495742168, 1.2533151611478668, 2.601960909147747, -2.4661364327346527, -0.8253982392414874, 2.958088944576595, 0.8227969065593846, 2.921629509167428, -0.832129223564793, 2.5492700948742684, 0.1755575686122992, -0.42230803915836657, 0.3947474181897206, -0.3474371022617808, 0.02641876835302387, -1.8970012410378745, 1.3134619583633096, -1.4092620787576524, 0.7994924042151019, -2.4864599326163552, 1.981657466090808, 0.2686631269827293, -1.9664145096131722, -2.898970095756379, -1.2300145560426863, -0.5885983152692453, 2.0242568025604712, -3.224993119213303, 0.6103996039838071, -0.6535861079866337, 0.29118006147139863, 2.8859288938149277, -0.02905337048265788, 1.124169762897855]",1.0101010101010102
18,"[-3.0438855153448037, 3.1967996065992748, -1.8852628979201405, 4.269765111213248, 2.863831634101213, 0.9401838303781545, 2.6572321327520054, -0.7552179550072831, 1.5281005348254086, -2.328273063342584, -0.5537111415160195, 1.4964123605913386, -1.9663220066436327, 1.2696074138732019, 0.03521427595501769, -1.314835324253674, 3.879729970591071, -3.602713773294024, 3.0730948260507973, 1.2283699149256795, -0.9793492845271063, -2.5398409258566024, 1.2194272659384486, -3.6281386462250347, 3.527200509064084, -2.9825785457754863, 1.4837960906333192, 2.8779663047959785, -4.117045916116734, -3.8008110474896406, 2.933992998016959, -1.1862001061669576, 2.3496561860405754, -1.4054322029662645, -1.7822669695461482, 2.9215105767014817, 1.246912051107452, 1.4469838745183146, -2.414863670008334, 3.137188175962831, 0.9993505807374092, -0.6279832927455415, 1.0243536687257455, 0.6351622104473682, 2.403267056942437, -1.5088458474249298, 0.7481121883546522, -1.7564604493197977, -1.5442912058378506, -2.1246965222816745, 0.23144871240017628, 0.7287467574675921, -1.845773824134509, -2.598193516470592, -1.6934345121259187, -0.8075411761086313, 3.5970219519795035, -0.8624000454480449, 3.5314397056847535, -2.659585288563121, 1.2828222421328401, 0.6876543624577565, -0.04685584598569026, 0.6976576713399608]",1.0101010101010102
18,"[-1.8592779793071939, 2.61018748984312, -2.7102946325814727, 2.4945114493688907, 1.0946958960406565, 1.775370492664919, 1.7933975697220286, 1.5798929277733365, 1.209718107450752, -2.5408917625885445, -0.6868381370706016, 3.6993642180787956, -2.2457249472120715, -2.3412736647308887, -0.6835352927473496, 1.1433361422820285, 3.9501457661261434, -3.1138333287641604, 3.593836339567567, 1.4755589223159826, 0.7946037803577672, 0.08456641130022735, 1.5354684233601559, -2.2843848929414725, 3.2586383417915132, -2.9154363895174877, 1.4058061259981967, 3.551644644819324, 1.0609195702740712, -3.8248269319852137, 0.4918245399864254, 0.8452381585804774, 3.4986868778961693, -2.3785650880847293, -2.3167641027556733, 2.752697752671419, 1.7053436168587963, 0.7620085264553145, -0.3866352677142479, -0.41183423805600006, 1.6389950450460053, 1.1613626415420033, 3.272897035974082, -0.21080661237945153, 0.6841089001176189, -2.7024791497525698, -1.1943646217994615, -2.402028479350207, -1.3246509536677415, -3.5350156466723393, 3.301355826159062, 2.7169054260368397, -2.7048552029241715, -2.1509577664444715, 0.7569966376649209, -0.7964316488726533, 2.753213342921109, -2.116378813765492, 2.915983553722845, -0.6489293300218362, -0.9277397949255765, 2.1602746429038424, -2.6646862922573913, -0.5450005615443637]",1.0101010101010102
18,"[-3.4501203759176473, 3.5928738147628407, -2.2838314918246265, 1.8751650517865714, 3.651332739469633, 2.091454216506047, 1.0353297140226834, -1.9495167108559253, 1.1915212353700952, -2.5354503218347513, 2.795531958289758, -0.5205870962672492, 1.2019327485818398, -0.2317655392335718, 1.2349328295222808, -1.732834658391536, 3.8494289052027897, -1.9651767927570893, 2.8740932573264453, 1.9475516907523085, 3.069161586470768, 2.6705451444108403, 2.719410849971222, -3.579126280576047, 3.0903807252042697, -3.1703931325241888, 1.452320906301791, 3.603501965648132, 0.1389549505857559, -2.9048253407781335, 1.7908191205126596, -0.44696808910486585, 3.7844120484357, -2.571460163944886, -2.2080503514359524, 2.732146982132279, -0.10374442073321055, 1.927945885555895, -1.5707555353247729, 1.8959245011673436, 1.7403940859879152, -0.2902679646824818, -0.033006117352942344, 0.08757746658422694, 1.340412622505714, -2.4410321787521294, -0.1434221115818004, -0.28306315499377854, -0.10337969245309164, -1.2790877810266439, -1.156463408452876, 1.362873334195829, -0.09185080440623006, -2.926834238121499, -0.15790482371400594, -0.5164111797890065, 0.4702681879541206, -3.4879937717261527, 2.2048288968250676, -1.0142918809639696, 0.7373930831571454, 1.5976997002515843, -1.2623149814096886, -2.285560998340605]",1.0101010101010102
18,"[-3.731535415896391, 2.7364805021553424, 0.22939573849501915, 3.5469145720976414, 0.2585981462254514, 3.1010479706878655, 0.3509623137742197, 0.7296317699610038, 2.905477315758198, -3.026369475972349, -1.2298853891345294, -0.9038657855605788, -2.691277673199337, -0.14118993504606972, -1.070736892975079, 0.480463168830488, 3.8880652271255056, -3.8671735076868377, 3.652533566608838, -0.4549726997894439, 1.1485581865403613, 0.4748418847455944, 2.4743497166781525, -3.6112128195562803, 3.1334435826337295, -2.1429374300797193, 1.4476400354090355, 2.9393871783580043, 1.8031212934576175, -3.2918264369911783, 1.458177612998579, -1.5945843569489384, 0.19890519502925508, -3.039861977520755, -2.293098978036841, 2.7743993247949277, 1.279386557024536, -1.5763995441600387, -2.8289268894945874, -1.2935879195372912, -1.6355123304490182, -1.8527220303248653, 1.2827947048987036, 2.3045083060513165, 0.44243380711966074, -2.9563997070593184, 2.1070127010819517, -0.06072179495500074, -1.2760014632111658, -1.685411253214609, 3.5689884115765933, 1.6799630943026707, -2.3162007806189884, 1.1857739537934633, -2.697939422302366, 3.260191302544583, 2.940738395119207, -2.4147525890205586, 1.787243225819093, -0.33556490122300775, 0.36976062545858923, 2.4530845936422687, 0.3365059307240301, 1.904109122206858]",1.0101010101010102
18,"[-3.4657214568103356, 1.9304857250669403, -1.6896123664311604, 1.0892698695785237, 1.5463100678291892, 2.5801475040095725, -0.7618217009697521, 0.3402873220253373, 0.928564115136016, -3.0224158189494075, -2.244309504490359, -1.7747637751178016, -3.9253496421419998, 0.5638018490277248, -2.1851529924563686, -2.2420901025336804, 4.037775436109539, -0.9402292770360279, 2.0107985508189836, 1.0088946747814291, 3.3087216006731794, 0.14314729054687902, 3.242982551135001, -1.909089346986136, 1.4926421209146543, -2.784704379109323, 1.3918872526199397, 2.7734479003643013, 0.9872018385323256, -2.5472024234137627, 0.3120181183000601, -2.005673984773438, -0.21407819126771355, -1.1340604235496525, -1.0493744123499793, 2.9587408201381424, 1.90801084877523, 0.09872378169343099, -2.8351042116268386, 0.6437540125071928, 2.573678125222684, -2.394204314594737, 2.2789167137955633, 1.2748158852829299, 0.017685891893853972, -2.1503248518056335, 1.383301145689307, -2.111623128453329, -0.8274478207139919, -3.727475323691924, 2.171480004777643, 1.0505021094388902, -2.1381270104368553, -0.9234268243259884, -0.9263312328137285, 2.066740003794309, 2.504188792519206, -3.271734898320524, 2.0362676809269105, -1.5054452462571195, -0.734700522307733, 2.3997062505681788, -2.8360935831705403, 3.1731823850897753]",1.0101010101010102
18,"[-3.102203831215286, 2.375410575820345, -1.583362886812241, 1.864788123079196, 1.6229812677760984, 2.5667266763330465, -0.12307781832770393, -1.8164960136338248, 3.193075586825643, -0.9705397292356235, -0.05962227902813355, -1.8463564844465878, -2.6381923967293726, 0.9225279799102053, -2.2129716539571866, -3.31952445638017, 3.9069958210452684, -4.210145358335266, 2.9248830577216838, 1.4842916800595192, 2.558785584652335, 1.0519835760604144, 3.0384913181669577, -1.0922034124119009, 2.6971282440553517, -3.0904419326500894, 1.433739903126468, 3.514624056825428, 1.7127346464484294, -2.958321490764989, 0.762779329184175, -1.584178940610407, 0.33971966295704303, -1.1979136219412472, -1.6574864597592738, 1.4410086445855712, 1.8144947961357496, 2.6409564740662796, -0.298971088635986, 1.0967586410029118, 0.11216805950902697, -1.1843447058901215, 1.2629496018053334, 0.8850787825971287, 2.369521806624534, -4.254233766500453, 3.116669054277988, -0.43317835962904516, 0.9947571119196946, -1.723131414759166, 3.323259528771934, 2.4134655272906365, -1.9299444302452589, -0.043485749540492835, -0.4045358964902892, 2.2910800153044746, 2.097851070112668, -3.544254241650478, 1.7475029508371418, -1.3292657630490818, 0.684166810567439, 2.8917685908598973, -1.9314179601381625, 2.8869559911809155]",1.0101010101010102
18,"[-3.2390145714208955, 3.587069905733736, 1.0290235695472076, 4.256412738273441, 1.1550643344538982, 2.29923547063236, 1.1102147474397395, -1.5858069927681497, 2.3019460157852176, -1.6739540383422649, -0.5878067362825868, -0.9238060983386456, -4.103038421265179, 0.06544063818485461, -1.4718184549342808, -0.33078125162702177, 3.8621510058870565, -2.8319738386313054, 3.379122586684716, 0.6790139822989144, 3.009973127328761, -1.2011091434758914, 2.8890725768698315, -0.8494976062907318, 2.5037621339551093, -1.0160829988244737, 1.4890853948786777, 2.7754584304436847, 1.880779739484587, -3.2111806937281404, 0.8200984275729808, -2.150990665213914, -0.6736418512715538, -0.25748278935474866, -2.6369890691198936, 2.627479308976428, 2.341561572851565, 2.4496551743058035, -1.8042650203310329, 0.8352585410695652, -0.6444455885187312, 0.47220420937728136, 2.987864762516991, 2.1491458256642244, 0.5172658489241468, -4.56386374810264, 2.7071993915877615, 0.08153425312478635, -1.059517372808696, -2.598715481587046, 2.5793490183161536, -0.2536998885573829, -1.7487307204422804, 0.4426425279983309, -2.204638686840621, 2.1167707328498917, 3.5910013971988266, -3.9539651546995196, 2.3226204816352842, -1.8124626282376444, -0.11068637006135112, 2.1239494598414046, -1.2501514176982296, 2.6943795957847225]",1.0101010101010102
18,"[-3.4673984249782714, 3.520998652582606, -1.3600600550629722, 2.939681251694259, 2.417129775142204, 3.790226637814351, 1.5530913019658952, -0.15817543847978888, 2.789283108601517, -1.3052976552845605, -0.9581010248787956, 0.12293410549735329, -2.048326719401552, 0.7173258232214317, -2.3904908838650734, -0.48323231750182033, 3.933314605384445, -2.1252635007206457, 2.8320488645629878, 1.618395154291393, 0.797724449360139, 0.641294208285058, 3.1324494794218927, -2.5671187042123096, 1.947341873518774, -1.6379162589795935, 1.4359986755981922, 3.487440197143227, 2.5923322150576293, -2.736404352884099, 1.453534697138801, -2.179340309458622, -0.5372556490737663, -3.031073250700075, -3.1547372961595723, 0.2784517194823781, 0.6312007466531713, 2.768476151787017, -0.9247265409104046, 0.1291195874948271, 1.3477158367524396, -0.43130180354766623, 2.706126660861808, 0.7780138618882367, -0.7933325474519258, -2.7588944666501702, 1.8375247408121378, -0.987982187270683, 0.00035477287119056733, -2.8109597426392634, 3.23454547182293, 2.199638994480887, -0.6725035760702642, -0.3610313257513593, -2.6800837499121384, 0.4924996024304542, 3.4508852418133213, -3.789781857141728, 2.420048829347819, -1.366521226222193, -0.7157888526266308, 1.5900594521635338, -1.86454581008582, 2.9761084011867855]",1.0101010101010102
18,"[-4.493040088317103, 3.244332485784214, 0.5680639688921434, 3.885673280651815, 1.4447826384252394, 3.8124793801431993, 0.3581180881144779, -3.1546095264656095, 2.101085592589652, -1.5431387998822117, -0.7678325120218137, 0.2090681351864605, -2.469034329655155, -0.13931214217046284, -2.986863234572326, -1.221664524743061, 3.864021994671165, -3.2622787053227027, 2.0995233492783223, 0.5307116121445974, 3.3271340109628262, 0.28140687141382403, 2.8762869172083607, -1.0654691511416527, 2.0458315837458754, 0.1804908729307637, 1.4869156732810342, 3.3901332832061715, 0.547162317574922, -2.7248081314741244, 1.297927924845363, -1.6572885914657354, 1.6862471921815916, -2.4460306796105167, -1.813504968627356, 2.689855854327333, -0.45887471177267214, 1.7878616697838952, -0.3296902375239752, -0.81961353246761, 1.2224619657257614, -0.8551119259191102, 1.1857903827625242, 1.879686723887943, -0.97559744489833, -3.6583383128995886, 0.9295229289303777, -2.145249194437911, -0.11523442849888349, -2.511424230453591, 3.521010858627489, 0.3467184219878525, -0.9722402408988399, -0.7341096175312591, -1.6480643817948768, 2.730192436579024, 2.279325629604915, -3.0590171122631116, 1.0190804689254973, -1.8994949273412316, -1.9394230877663547, 3.7941362261788094, -2.615014462521162, 1.8180562640887268]",1.0101010101010102
18,"[-1.9343807233007881, 3.3143103197757853, -0.9150412482485522, 3.456887530922002, 3.0734203179271997, 1.0484429398925432, 1.273091241666027, -0.6580607300315517, 2.947646941413937, -2.271135556351358, 0.056047046632903275, -2.930395604689414, -3.6417586111785627, -0.793828751610576, -0.31845481501681094, -0.7807821455751964, 3.993316055714331, -3.1188200028034276, 1.5625450177771856, 1.603925272619978, 3.151657275674682, 1.9453428744664067, 2.0734956934199475, -3.2897627249905357, 2.8699858044628606, -1.8458796566170503, 1.4759875910372657, 3.136982991075507, 2.8614805780948784, -2.1629239838469454, 1.8850295332440408, -2.921408687732929, -0.49068273465174417, -0.3490879643166478, -2.210247283121831, 2.442766831757178, 0.3259187399289405, 2.353892993035619, -0.8094550382385839, -2.4362105996531596, -1.3659135731934198, -1.3606601723436114, 1.5977708167590445, 1.3896481633073843, -0.1941978134604458, -4.087063658919869, 1.1318051644445735, 1.06838682360118, 0.8799285380344094, -1.5240669036039574, 2.352794731160982, 0.8600111080583946, -0.33329470412400375, 0.5428192175871043, -2.122709123853576, -0.19709889464855712, 2.5447496345761733, -3.9561072049820436, 2.1062808327054148, -0.7632210077895883, 1.278984288276153, 3.463747870189565, -3.9282893083521984, 2.10709861916719]",1.0101010101010102
18,"[-3.537611776978415, 3.596862931662352, -1.7455841074388938, 4.127955144371141, 3.1176263987670003, 2.9034818017186, 1.3230105678162087, -1.2545353464644589, 2.7542651868773063, -2.018563794045946, -1.324399010280103, 0.0024838128019938344, -3.3998098118084537, -0.32573751650507204, -1.2805802627585312, -2.3798755404550316, 4.033323562813698, -3.134539221366479, 3.6824460251157145, 0.5853834635023841, 1.9177265954391631, 0.341477683521626, 2.8659306237207187, -3.653007466913585, 2.843280958650477, 0.26565599257113814, 1.4790859819582594, 3.5775608419042584, 0.5519064085446077, -3.8045980177020624, 2.222831232246294, -3.0068845226244902, 1.093898033100213, -2.7130897386964046, -1.428351968341378, 2.9445256387956174, 2.5824615909442468, 2.6124780836672468, -0.11024018633430566, -1.5269027974976375, -0.6177368559292888, -1.8050085848533515, 3.3736095107641244, 0.5214575098382117, 0.19060563012210632, -3.210007470463914, 2.3254428484267775, -0.6375050380472584, -0.7421843852631556, -2.7705498192181794, 2.8349034939849744, -0.05125158028036347, -2.063333338205217, -0.46272195274811534, -2.338714614984016, 1.344910946332197, 2.952768435867572, -3.386840754477225, 2.188712563879299, -2.3013037558700464, -0.27185809009259654, 1.500584913605885, -2.1929052357651715, 2.658274807144639]",1.0101010101010102
18,"[-4.113311500448997, 2.7678051844410714, -2.259249338818575, 4.336670504457129, 3.259737728994941, 3.2289595570217453, 1.6908147041990447, -2.6912256903149347, 2.4798492084268253, -1.4043251403241936, -1.2284267768551886, 1.6888866796124322, -3.7637450943973505, -0.10153200100909177, -1.8000352125845058, -0.878723766733414, 4.0080549537336925, -2.100635875056431, 3.0909247731319818, 0.002044833635406418, 3.3196492764441317, 1.8375758321849698, 2.052572065152077, -3.540979130297216, 3.6426618321173834, -2.3339208375803597, 1.4861204443970017, 3.1173572616647522, 1.2532197822277307, -2.5930619826018955, 1.8448898819485744, -1.0462136850358097, -0.5723963167268326, -2.858725394130742, -2.1702629298887763, 2.6231315082645397, 2.465881998322108, 1.1797101493191744, -0.07964763688766241, 0.5648329845649143, 0.41720202500824644, -1.7270686586748019, 1.195291265480399, 0.09880948498393871, -0.8518756177967803, -3.6914560664421106, 2.416098626971167, -0.6964967468994424, -1.290370894603737, -3.2176353597216627, 2.4768259186616115, 2.0782451125229864, -2.489266464604407, 0.15917715441909042, -1.458298575544408, 0.15414749573239306, 2.4932953344838245, -3.9574401550534137, 0.5283423818003639, -2.2981211502873795, 1.1568674230485763, 2.668943525448382, -2.473751600284438, 2.2551544795427967]",1.0101010101010102
18,"[-3.6305660412615293, 2.7188406755776033, -0.4479021343274423, 3.376630800751915, 2.325159464786339, 2.4375729284029157, 0.3097352818256487, -0.9570522942019624, 2.8435751896912564, -2.1905565336867343, 0.08267976940197275, -0.3139586741380649, -4.011132672490647, -0.6610716535119018, -2.96917489102112, -0.19237194797323637, 4.037492670582732, -2.2139480744418085, 3.153375264463224, 2.900452651336775, 1.4823245960994897, 3.003774784580781, 2.9078744022159575, -3.545477729234898, 3.188652483852699, -1.178274736075418, 1.481603248775465, 4.156508920740845, 3.3187477051333643, -3.628074982828101, 0.9661685838401814, -2.607383187755285, 2.3491129604583145, -1.2828806811007964, -2.5770026169045406, 2.144393211212388, 1.4318347736648718, 2.09214168359904, -0.7599935054981466, 1.4639736846149523, 0.8812750167388024, -1.8790333874752863, 2.464016970128781, 0.516067491001609, 0.32446820275400784, -4.445005717005794, 1.5122658783707787, -0.2914321510864849, -0.4397039914110842, -2.544699426834795, 2.4913718953993698, 0.9485309341339405, -2.4782646114311704, 0.47444405713044835, -1.9699963542994432, 1.4785646689230472, 3.6006945310849394, -3.834956259464484, 2.9497967708097197, -0.2854879116173561, 0.4072999430663279, 3.848703695778167, -0.19766866263308813, 1.0587835398725132]",1.0101010101010102
18,"[-4.287658905827587, 3.028548707826244, -2.549245587152582, 3.841929532919117, 1.9805589834986128, 1.8762109087080154, 0.6226988492970482, -0.5859780373092972, 2.3978444764730225, -2.387298886494895, -2.2604037716657954, -0.406071798518409, -3.1926874416542974, 0.332629067040667, -0.916903383434363, -0.37218575733128645, 4.030559195160869, -2.5758591504249586, 1.0086436162522867, 1.7909959341371482, 2.746115305156232, 1.6737217773810873, 2.7819501712033925, -2.2285741998714084, 3.742466602259447, -2.0172217867042312, 1.4734391381920722, 3.7342318731620985, 1.884273899152362, -3.0925212987303388, 0.19384840655181723, -3.08574433262511, 0.2958108399414022, -2.7971287078772233, -3.077828548196174, 2.199744750456091, 2.8370221496866272, 1.8237882226050304, -1.497859915370003, -0.9621550685739861, -0.41485143223172094, -1.1125255095914828, 2.3458302857901683, 1.9113536625672394, 0.11230961800743497, -3.357908394646352, 1.5461295558896586, 0.9222963918487546, -0.8455263723604024, -2.9783060792133913, 3.5095088780870376, -0.13662226339477246, -1.6496586497311765, 0.5077310465123308, -1.3807933091139388, 1.6883647745737358, 3.598388493078012, -3.4408492125537125, 2.509191722742881, -1.0376717191842986, 0.4140544046158113, 2.3634711816683067, -0.6474317525148054, 2.137770232995035]",1.0101010101010102
18,"[-4.135432675897849, 1.6183319754084224, -2.584671742666183, 2.7611057622354815, 3.5041189799464214, 2.343299923164615, -0.30280635853290194, -0.820964106704628, 3.031851270449309, -2.639561045641976, -1.0095930323479103, -1.9315282465524874, -3.430892517301013, -0.71633854473628, -1.7729043345636786, -0.5691018136937224, 4.020262860305888, -3.483118559518383, 2.226789741169028, -0.11261435491504046, 2.862949169400475, 1.8904503297247874, 3.240486440508419, -2.9303021078062153, 2.6542461158197557, -0.4053167640623039, 1.4868827318883806, 4.1204341705632554, 0.9369908959563699, -3.468333474849052, 0.8540088109320392, -3.0104138373851455, 1.2387521180966035, -2.712276298578824, -2.665249715162158, 2.6627258608737057, 2.0939932660891287, 2.924281835038575, -0.8664973129455391, -0.4614111878869714, -0.3932079541153324, -0.7200228496739485, 2.5245632616537743, 0.9639539745835664, 0.36750875807648353, -3.442954491267053, 1.4387712793758451, 0.13877846022142304, -1.4815683636413843, -1.0164044360419793, 3.524676917284508, 0.9603790098576713, -3.0475588359684247, -1.2423220359214056, -2.742667469319106, 0.6133161583371944, 3.474819519612357, -3.619555742488119, 2.90399233899155, -0.9387401143412799, 2.2804427599372077, 3.8311926817332704, -1.3140183567146997, 2.865780163761903]",1.0101010101010102
18,"[-4.474915312732383, 2.807212596682978, -2.821199058126233, 4.321906088744105, 0.4796914532027854, 2.4095271046515174, 0.9059525656723846, -0.8009692974913464, 2.5883012843313487, -2.6360101802499454, -1.2394926894890643, -1.5858578287268488, -2.8520971483726196, -0.3382330073509731, -1.8283675067935066, 0.3484342931031311, 4.037454370184773, -3.171590160729218, 3.5039024232103912, 0.44025902674881223, 3.1029059523578093, 1.2569746040135277, 2.391469574910675, -2.931910271778687, 3.629291805337183, -3.215150521460005, 1.4686608365739977, 4.075816116363177, 1.7545470464307942, -2.9475758110160264, 0.6956667123182843, -2.2019811096239357, 0.9241974351966122, -1.8385561578070801, -2.390851547390116, 2.5327555020668577, 2.8601376215959635, 2.8715564992498757, -1.5319283114071425, -0.46211168592738927, -0.560995478093653, -1.8345997226271282, 1.1591935913825484, 1.014385508742735, 0.06201398798500676, -3.2620387136579327, 3.0089277590434653, -0.8905495394571628, 0.20776000040314674, -3.3721962198498607, 2.3525697594216712, 0.17642776028437068, -3.441677063014864, -0.04116265551281839, -2.567231100258225, -0.58503994161619, 3.196701379830361, -3.7091218332098554, 1.5443478488972147, -3.4345918833590057, -0.3293388881382141, 3.4855805816520866, -1.4447494664359106, 1.984214796344224]",1.0101010101010102
18,"[-4.505698802105901, 3.1065956670430794, -3.082253657679195, 4.316162354599801, 1.9790795132706906, 3.054950386924313, 1.5994012808980513, -1.0259798373486793, 3.20979828715441, -2.1978871502875945, -0.9177981620676849, -0.010972228836931719, -1.582579131144456, -0.9564018059932511, -0.5767426914543787, -1.2314144914332663, 3.9954670293526697, -4.2058128520962486, 3.6304808269638653, 1.3309916530693497, 2.7389201675486166, 1.0873089941596186, 3.192676491624365, -1.974710150276009, 2.74839042248293, -2.0410314542258527, 1.457685469111327, 4.054186953419016, 2.1767086256259285, -2.044175743521581, 1.4249640163755255, -2.2877680138799272, 1.0473179408112694, -2.8588059310005285, -2.895850597406131, 2.9619087166022475, 3.332018667566552, 2.8930890628448522, -1.8698071946377022, -0.425972417965844, -0.9627349101098366, -2.3459889894858614, 1.6738393136908747, 1.6931984924981995, -0.6935973553277947, -4.305614637970324, 0.45086613714359136, -1.1747864296863653, -0.5823989954800887, -2.3145299897583103, 3.1289434730186656, -0.5471138766037928, -1.4206835752198246, -0.48469650179870905, -2.2493239251786936, 0.6854252314346136, 3.056102155037334, -3.0768915857218637, 1.032435361803391, 0.07807878944049862, -1.1968179103699783, 3.0154803430889934, -1.3555207208287152, 1.5967383231147534]",1.0101010101010102
18,"[-3.94831693481052, 3.655894576221584, -3.2388188075250532, 3.619562096272585, 0.983094544881415, 3.5517078764190764, 0.7968008956610434, 0.5461475591479661, 2.103793905468295, -3.0641278623695114, -1.0028944398493027, 0.08910302867763298, -4.114602143362528, -0.2736766528708469, -1.823692358060679, -0.9839602263924021, 3.921382635266897, -1.6224151303617256, 2.0781096224992837, 2.161437436996482, 3.3577665206970186, 0.5141014091978273, 3.279106764388165, -3.7349786347504565, 1.8051704720635666, -1.6623280681742088, 1.3749323893101684, 4.160345381419062, 1.59719275999816, -2.9644706760489163, 0.362838227523554, -1.3350824960077592, 0.9082765951020383, -1.8351236695795585, -1.7177789971453432, 0.8719168804514352, 2.2337813176863905, 2.909961941888432, -1.3133773203565557, -0.07344498308364628, 0.47687142960723317, -0.7789195402687887, 0.5746317583700806, 1.5423999141986484, 0.4925366794503121, -4.23867211610753, 1.4523844788584641, -0.02889061110808866, 0.8466762168773293, -1.9926176824855977, 3.4785922620016065, 2.3608906279746305, -2.4518245705502855, 0.22411288501231424, -1.8254514969548996, -0.18952964137443584, 2.832015424240109, -3.5228505366803766, 2.6862640085918685, -1.9515135845100477, -0.13026099456966328, 3.575212002687578, -1.1219660674309813, 1.428749039661004]",1.0101010101010102
18,"[-4.215894027778802, 3.2290645844348926, -2.400594525250016, 4.018073775262459, 1.8254235681415436, 3.2769057318629753, 0.8864085659423316, -1.9047370570942301, 3.2112163931471605, -3.3229656853766136, -1.38103320648244, 0.04731602912918875, -3.6301738905161622, 1.059502210344548, -1.9612384245581787, 0.1424951726551279, 4.015798914430414, -2.290433294557177, 2.196054181561821, 2.9159760906720713, 1.386028459935671, 0.05830828052482895, 3.3005001981262, -2.4369220071133486, 1.9782362278807573, -2.3313839153930696, 1.4174263472736046, 4.1559512835483785, 2.5552280296033936, -3.869066092315105, -0.25211453384442695, -2.6633191098658227, -1.003558687764687, -2.309068547405153, -1.9375387253599659, 2.4628928123719223, 2.9726630910884424, 1.896971301543264, -1.1246482778309395, -0.4707821649543879, 0.2581121640091504, -1.86586504731607, 0.8270154247178594, 0.7677775086232747, -0.787259605533703, -3.0354553129430153, 2.1933821772612103, -0.28714975090302847, -0.6436784009897454, -1.5786472520790589, 3.475083266245285, 2.1466584745194877, -3.0156196756710845, -0.47046767342592355, -1.9315169910104226, -0.3480679985015118, 1.930130484798674, -2.5135778898164043, 1.1523935174062507, -0.7291082128367208, 0.27463806472663876, 2.7377079191963274, -0.3966355244428341, 2.348173276261787]",1.0101010101010102
18,"[-4.081195575498887, 3.1040725342906836, -1.8449777427404312, 3.7549876673890434, 1.6218827535668199, 3.624690424944229, 0.8382295883138455, -1.4077931429403234, 1.6443861842030805, -1.6628248336658227, 0.07422066889737, -0.42561349037051044, -4.035415437883814, 0.2545116554374223, -2.8704760472453543, -0.8128847962852878, 3.9351225778097314, -3.6667375257155412, 3.5882474009340823, 0.5944335670862505, 3.228484713140853, 1.1703463102112521, 2.438361988226251, -2.8464971717151224, 3.015470588301357, -1.5757365368553862, 1.4833896602718661, 4.079919841903494, 2.927678461688914, -3.666689836831119, 2.049310166128327, -2.411018287935092, 1.2387338345473178, -1.4510104751890318, -2.855027530835325, 2.8326168997594823, 2.4765598799766653, 1.9144713426798763, -0.7831184408861631, 0.4637399078005988, -0.4936118788663793, -1.6095553684052546, 1.932599800448153, 0.39987115333938617, -0.8258473163559987, -3.462982913092082, 2.161699081607195, -0.26947971571159157, -0.37774943779799747, -2.4634699548696966, 3.4063346467767164, 2.6813818046205125, -2.2896085935275923, 1.3753313812535075, -1.7108842301397262, 0.05627621255925985, 2.0851689373632025, -2.7788905406319024, 1.9578927582473131, -1.6431710409483125, -0.1397572941917808, 2.3414289066937313, -2.407838760858919, 3.1167283382921753]",1.0101010101010102
18,"[-4.294509074190688, 3.433763018495218, -1.849323679211224, 2.29658959722257, 2.8701280632411903, 3.5062501806805253, 2.114218975724921, -1.776183204188177, 2.504430317746482, -3.2452562897369055, 0.4881682138017279, -1.3106507975415695, -3.308973591918004, 0.39018282540733973, -3.0180405770254084, -0.8366206507200971, 3.9400697352100513, -3.320881609895522, 3.012941249219896, 1.9003978935498358, 2.5280123249772255, 0.710205599699643, 2.9714054223187323, -3.278863236153102, 3.681078174378067, -1.4652902248420796, 1.4887560464327472, 4.062687198981948, 2.692736933132476, -2.3063103591432847, 1.2543803247063572, -1.2766339495558867, 0.6114456548156533, -2.0712401998546333, -3.1025800594482487, 0.9415940183926343, 3.4166983773001007, 2.8642619009481747, -0.6039047215877889, 0.527456618797512, 0.21116312859635067, -1.2249833094255669, 1.712777577943944, 0.7334966960099915, 0.29416992143071025, -3.388176332291512, 1.9603122785089027, -1.1694477518625328, 0.21347875238096437, -1.561218504612644, 3.0652831024963465, 1.2634264392064722, -2.8737099732436784, 1.609685349164683, -2.263824738612076, 1.2894161516613696, 3.409735939963767, -3.384210557921845, 1.5863428327192768, -1.4848711186599026, 0.008133850330167003, 2.8052726546892064, -0.8409178152925375, 2.124269000616477]",1.0101010101010102
18,"[-4.397651936918968, 2.7321824562308485, -1.0127820947787078, 3.5581081785159903, 3.0994316816284657, 2.8488411160927916, 2.2107313583184465, -1.8277647772547319, 2.821695747856412, -1.6138334614969985, -0.906713033196605, -0.29126248986587094, -3.8885516832980933, 0.9489567881259231, -1.0617350031046988, -0.1547373136703598, 4.033160711879702, -2.1243548205848537, 2.8333857061528445, 1.8113310402486145, 2.366697093373608, -0.045810648407176524, 3.2886497117918485, -2.4926269120665894, 3.3690401994098735, -2.102405645422418, 1.3824938961670172, 3.154742584696344, 1.5934841157530673, -3.094868779878667, 0.6575064178463741, -2.860461029013956, 0.576637032247465, -2.363001346955662, -2.442549894916103, 1.5433337409349328, 2.4028415030583594, 2.107350073726966, -1.4671929354612476, -0.06871767682286889, -0.5840792777417027, -1.2176820090419507, 0.9205344825866988, 1.3501985742210258, -0.2631975639744869, -3.92100254063715, 2.6326128089895717, -1.0164721467351232, -1.0570766349035685, -2.48619060857349, 2.409987615812521, 1.3430572168933441, -2.5783379442997236, 0.28565809141174714, -2.21675606571996, 0.5264219522400257, 3.6016932346643995, -3.4314677603721524, 1.7428912942906205, -1.326828500020323, -0.09177126312677347, 2.6881046785329703, -2.15566993979548, 3.2371364706616745]",1.0101010101010102
18,"[-4.250388666290378, 3.483146903687456, -2.2121803943907836, 4.297849825111125, 1.4257621595853303, 3.165051165705308, 0.2435682855257295, -1.8205180257316886, 1.6478836600998839, -2.304776475354723, -1.4496435042417737, -1.2714736836319085, -1.9745786694029155, -0.023081592742051155, -1.2782628661447162, -1.2998344465469809, 3.9341129293111887, -2.563133811241404, 3.530546342240394, 1.3466565880477162, 3.035610588664889, 1.4279919526486948, 3.1497448766099363, -2.6441103654949694, 2.91942318516135, -2.0448409904715947, 1.4649927195961847, 3.9024562029551793, 1.4828591678031051, -3.267406733410114, 1.7794626471639234, -1.7829945884290188, -0.2539638508572326, -2.0071632558468413, -3.1460210544692546, 2.267707544164433, 2.53572109761413, 2.839959397176763, -1.5497290645188133, 0.5174657523708437, -0.8291376354436648, -1.1156712307126295, 1.7538606661006366, 0.69474649413316, -0.6237237733088453, -4.466607877552408, 1.6690506589926668, -1.101858438568889, 0.6299570661180893, -2.5820108061959006, 3.5102360755401776, 1.7938098395890396, -1.5369852705163163, 0.021203848925305746, -1.7474720011992062, 0.3819177983153445, 3.4448498768732985, -3.3716058482823223, 2.1666039791789062, -2.05633335133444, 0.5262515990135073, 3.8329596932902747, -1.7994557530759092, 2.7905266163065794]",1.0101010101010102
19,"[-3.3863645200406385, -0.19658170953262954, -2.4143924113281794, -2.215108074666332, -0.7151214841073433, -0.881259040960952, -1.064072037501437, -2.87954596846207, -3.4041193707907813, 0.923477475259129, 3.0743706144726612, -0.6076477788110768, 1.9596209990283673, 2.288172920371479, -0.19985446495596443, -1.2689461634691939, 0.4483809432886907, 0.8414154542721886, 0.42249907402125664, -1.6878337144744213, 3.3242953886267523, -0.21341055032003886, -3.472019668252598, 0.38049944757459164, 0.464987626862828, 1.070038627998056, -0.11444174670642748, 2.889042513104131, 3.5492488918856195, -0.06503459685304636, -0.5480904255291954, 0.8196765451037878, -0.04516335984602016, -1.8359351550438219, 0.07663684265422999, -0.5549239042411198, -1.4676396734702815, 1.3523620593357442, 0.5629305525006814, -1.5078317312650396, 1.954667331362868, -2.6049489517440354, 3.5635602497059415, 0.07483193907442809, -1.7457621726231036, -2.3738175907827164, -1.9965977529361447, 2.051940966594477, -0.7798358915613686, 1.0507148726531519, -0.1707049732197965, 0.344772306332012, 3.006854682630776, 3.547619515935267, -1.1147574380348482, -3.2625098433573823, 2.1130693516234373, 1.5700198370891727, -2.898981064813298, 0.1924103070154155, 1.1889509144740809, 1.8734611087949293, 3.3073491139344053, 2.290693529776613]",1.0333333333333334
19,"[-2.7485643928307457, -0.6751105840485271, -3.219898479197996, -2.4507846577390775, -0.5619308340159672, -1.877316295920912, 0.8563361778642755, -5.061484177855597, -3.1753041586016084, -0.8653447550066107, 3.942547555319717, -1.7555570847248925, 0.7248735224577767, 4.107897314809633, 2.3463474313902974, -1.4016100978692254, 0.36303055148700647, 0.6227803643200942, -0.2157742081375179, 0.021372367410834037, 3.348185070492627, -3.247063785697252, -3.2971972146077446, 0.5387559364786376, -1.6423739067741634, 1.7026591917934697, -0.17142069015170375, 4.05158225326532, 2.6832056848742076, -0.1065289089158939, 0.43333587806979035, 2.2109134561282717, -1.109641970879578, -1.8519689985765, -0.5595971256214298, 0.5998076600215096, -0.15489611726298916, 0.011242934671310434, -2.7815891865915816, -0.9100018356753916, 1.7957472568937751, -1.9698387428830662, 3.9616431502510294, 2.3702530118157914, -0.15938963350704302, -3.802717136448671, -1.331306574912742, 0.4491332151307945, 0.7083524811141312, -0.06651227071199184, -0.9270045232493602, -0.48146714330559576, 1.8146236303857242, 4.025349674592344, -1.9762976581372942, -1.3973330462646845, 2.0166208125340797, 0.004493066708856158, -1.753152241491541, -2.778264184284737, 0.8368182489437754, 3.111365145727704, 3.0246660295353416, 1.4853424022413964]",1.0333333333333334
19,"[-1.6386695972302248, -0.05117004837948291, -2.591740865745477, -2.8149492929428166, -0.1721176089373262, -2.537879146289598, -0.0038878375101426554, -3.5049262119574203, -2.2446888335801134, -1.0009424240942857, 3.9491222158395964, -1.5349561748864688, 1.181870395255652, 4.624130100199943, -0.5155178854153801, -0.3137778569985129, 0.3920674420090956, 1.481656705488684, 0.37629856332614214, -1.271870724480456, 3.279725175730895, -3.1768118282855213, -2.907231484339588, -0.26830406833865184, -0.6159619578000395, 1.851727350702677, -0.13325178977593996, 3.0453447434305287, 3.5172798415481954, -0.47311340905157073, -1.1747412061156552, 0.8062226008568031, -0.09707465737457699, -2.855935150859342, -1.184766618672778, -0.01449303363195216, 0.8353509456016066, 0.9405430778739367, -1.8527784980151707, -1.3251748158989811, 1.7157451982738239, -2.551726471717291, 3.43858501829136, 2.070629909961731, -0.8059197903720261, -2.13451971242105, -2.3045268394473934, 1.5125000303413485, 0.8024625009354258, 0.5403132040607184, -1.9147720285731458, -0.041566004651856864, 2.112254268426031, 3.8827027085367836, -2.4786332256829566, -0.8492164877159128, 1.1544024001939523, -0.5087924395720129, -1.6431446969993437, -2.885540167340169, 0.6545138077320084, 3.5566777925234128, 3.715156251246117, 2.001716691960771]",1.0333333333333334
19,"[-1.1597703327052578, -1.46336149793007, -2.4247513631190807, -2.8365818948794566, 0.4536954090346824, -2.4059984986633407, -0.6208626763068109, -4.058449530549504, -3.225611403287938, -1.5661361395460842, 3.7592027824394028, -1.9017903964192517, 2.2010131149999177, 4.644659360205198, -0.5651728329714745, 0.8926861568162441, 0.4639518645617665, 1.6569358586352936, 1.5891550415445925, -1.9988621558581967, 2.837653355214486, -2.6901944492186565, -3.4860510786872907, 0.1301410878279376, -1.2775487449620917, 2.1379466691434126, -0.07236902328532856, 2.079594951702801, 3.4816877005576066, 0.3888394875578177, -1.262708061851094, -0.2793342803502942, -0.6563681362283307, -2.3424733121891976, -0.8770840631296087, -0.0917819173488845, 0.2936357271910349, 1.0923989445440099, -2.9629154479218243, -0.560573779943066, 1.7619825010133812, -1.457460484050568, 3.983310230600162, 2.1247650597716876, 0.8650438181644856, -3.7511558480416585, -1.0250152798776138, 1.3313172031368554, 0.23301785323300428, 0.0893329524527211, -0.10782164415522533, 0.3939421874065957, 2.12933745047556, 4.242222610913744, -2.0602781590161277, -1.956969548931053, 3.0554575012147334, -0.08177682891172461, -3.4789467274977155, -2.0687325112313566, 0.3532656292677673, 3.7875921852990477, 4.071603216995656, 2.712276859015469]",1.0333333333333334
19,"[-2.544160984438708, -1.0557923912168636, -2.720114539232767, -1.8050326524656846, 0.7902064348663614, -2.987724371062348, -0.8113432253335087, -3.380021922063896, -2.747279994194516, -1.587474913913022, 3.2917745730188677, -1.3757463621856851, 1.0970193004386242, 4.407599368598797, -0.6931854520453441, 0.555669414454331, 0.52022055151591, 1.8672152551201349, 0.9798847603514099, -2.418206104992458, 2.1644721532777575, -2.9569460235162355, -1.748047809989967, -0.25179753048658904, -0.6026730544557038, 2.811505138383943, -0.0160971976435823, 2.384818501325355, 2.5108473276237095, -0.22280298791852254, -0.9406720799231119, 0.3350528066079455, -0.32309460105582, -2.889219137679852, -2.2314790578762658, -0.6652028108812946, -0.33878678194252754, 0.41101604685380544, -2.5721869729737783, -2.7310179012124722, 0.6628274195278865, -2.185018775855853, 3.0581523031370335, 2.731036270931756, -0.09193690214320183, -3.3123426868530235, -1.7998854907509383, 1.0779284165953276, -0.47001219203011413, 1.208844603151331, -1.1251018174325647, -0.24365503104035924, 2.952037441582816, 4.3885467361118256, -2.7093277743636754, -2.2506755056500056, 2.468617018203232, -0.36187540104547244, -3.098549106558028, -3.4866524193246846, 0.3132348557295404, 2.9124255299604562, 4.165566440952737, 1.539255726808638]",1.0333333333333334
19,"[-2.622362244057787, -0.7026790464065913, -2.038513796834384, -2.8419394971664405, 0.2671671991853307, -1.981588953806061, 0.18851377065885555, -3.880490575411845, -2.617803716938953, -1.2248250271774, 3.932939895701899, -2.4785894554713623, 1.5235831605515409, 4.638977968135795, 0.9416715375390619, 0.49898920842801037, 0.5632977217920913, 1.4038539431427262, 0.6940728476545475, -0.45977201487747593, 3.3166606894819526, -3.2842422995846845, -2.6616118066118433, 0.952854954993124, 1.0598791136763228, 1.514419102900229, -0.09702525830358702, 3.113417088516708, 2.685706670035923, 0.8725228476329346, -0.7778107200260072, -0.13606013547635998, -0.4111826009210977, -1.3337236650278235, -1.2407504274724928, 0.1568406916295943, -0.11376913365644553, -0.0783147532371708, -2.9243992855696996, -0.90835082101129, 1.9026097007280636, -1.5998090863678875, 4.157375535293998, 2.695664526168184, -0.32922097938482714, -3.3584260003143673, -1.5818093765152028, 0.7563271979516724, 0.5441496333199709, 0.7501118154510269, -1.927416963492362, -0.4229389190488442, 2.3883304915896426, 4.3714611322924535, -2.4597513054031, -2.140659829636951, 1.5083129892067144, 0.44333785599506526, -3.0067592697413077, -1.8651764969808509, 0.877850428871259, 3.5717255629503843, 3.502144846371348, 1.9472050210497431]",1.0333333333333334
19,"[-3.195935855786886, -1.544959828158499, -2.5781086917452423, -2.8368975403402694, 0.5725200618376831, -2.8086952659654765, -1.101538279690705, -2.715424095342005, -2.349911610562603, -0.4518227226509662, 3.9064148526031524, -3.1350475528073747, 0.9957939047539043, 4.621030901605021, 0.2561487306771461, -0.4114694939235015, 0.3435453952613059, 0.9492517693425921, 0.2524528294663078, -0.9934111602341775, 3.3292088539386744, -3.174952421901431, -3.1395302858689966, 0.8808212897292109, -0.4334641561121102, 1.6648574386084687, -0.196926808055539, 3.1318764034904554, 3.3455781812662275, -0.3101997013542658, -1.1643165814893055, 0.04973536695996861, -0.5584800185059664, -2.7928517183036243, -0.864616826095007, -0.2146194492737432, -0.48254969551373733, 0.6012171472497398, -2.0008972463998242, -1.5715626007403234, 2.5614426431191353, -1.4852857249843898, 4.10280399563817, 2.6506381499091543, -0.05983670424499468, -2.6983575526662973, -1.6901379377381727, 1.1030619818105651, 0.44233653866535527, 0.9709649538155123, -1.3504467579808077, -0.3495959289324223, 2.7590895910763886, 4.245715618573167, -2.626032088829086, -1.3353857928933812, 1.37110020746058, 0.3715205745347822, -2.585929231515514, -2.1224103740178077, 0.05155457089935406, 2.8220219508232454, 3.873147480683443, 2.756282357656428]",1.0333333333333334
19,"[-1.6359736987395008, -0.5455361228011711, -2.9094177094435008, -2.834944453487795, 0.22855004859374883, -2.2098471992319078, -0.45249432575694604, -3.5043672743114422, -2.4487074574598204, -0.9307308142206465, 4.018333336825127, -2.7089896187408704, 1.8282018980212165, 4.543001554232916, 0.7810875453905829, 0.4068684939790753, 0.3355503164865128, 0.39342086267893217, 0.5012575487642286, -1.1050029042119878, 2.9642102013455602, -2.523803036719629, -3.4435411647062044, -0.02526419537159158, -0.3928317141452577, 1.96038855454958, -0.2312855011850503, 3.3618318145921147, 2.99816958547746, 1.7988534244396108, -1.527132236981568, 0.8546159729789651, -1.0931647710185666, -2.1630791044838675, -0.9562846420084925, -0.22212349943149742, -0.442914035482711, 0.30522503184776517, -1.7824011122336747, -1.8102332622952817, 1.8739347565071771, -2.387127637070699, 3.5560986245920327, 1.7277336334705566, -0.2310140743953157, -3.4486997439044, -1.7402912125460068, 1.4241991725423915, 0.742145976489017, 1.6864371020962277, -0.6406367711695764, -0.0870118479440215, 3.2089139774783453, 3.565968566148785, -2.20224922041902, -2.8283049841755803, 1.0907497822852865, 0.15512271442037565, -3.397084175993192, -1.7242896646053942, 0.22415495628904944, 3.8561859798583753, 3.2582872335059676, 2.1702873758766383]",1.0333333333333334
19,"[-2.1199078470959694, -1.2761046740449644, -2.4140922504091002, -2.5304093702866144, -0.5841895712240746, -1.2529151550904487, -1.3285620349242278, -2.8025854170726356, -1.9108311298579932, -0.3570361786948283, 3.8384871110693757, -3.016614621168116, 1.915009088156759, 3.8427616366616664, 0.2429171173598192, 0.5384858356260745, 0.4850084258836891, 1.0507650866745548, 0.12471130999681318, -1.6631864267244558, 2.489934674328722, -3.286880993362241, -2.742376887954171, 0.8813877255893181, 0.3744011481455266, 1.827103037598087, -0.10729100206069253, 3.9778070723008434, 3.182391562588947, 0.5288636353238698, -0.985573251504536, 1.3595494504521586, -0.6913026609239143, -2.0486947526908073, -0.286690334549093, 0.5161074044364397, -0.007685381539640435, -0.06449099452197793, -2.6568654087448897, -0.598095001636093, 1.8503707630667938, -1.9069686303164555, 3.8595855221167494, 2.3620617740444074, -0.3117120922778503, -3.155805843842136, -2.1032727721959805, 1.48969972284982, 0.8378923378048789, 0.9474759915508905, -0.8977493471768832, -0.3422744626061277, 2.845626619692103, 3.899279069715664, -2.1484653743382385, -0.569723956378966, 1.7096700219026393, 1.1158929359328122, -3.47815322608996, -2.1803286094502203, 0.20726920605225535, 3.831369468708708, 3.323939749803882, 2.225818706875349]",1.0333333333333334
19,"[-3.0264942682348686, -1.9181449797454195, -3.0258505911908458, -2.344835917445871, -0.46753181980568115, -3.0517471409381773, 0.6894078035577282, -3.606796370129184, -2.5316259394947687, 0.30866630166593234, 3.6257293950386194, -2.946001243321049, 2.505608635592362, 3.542614598942893, 0.5866813892981173, 2.3356509738115196, 0.3145767567529869, 1.4000414133012873, 0.3993598576081365, -0.34526847343749756, 3.254406309073787, -2.2845861565123844, -0.8092011596309048, -0.6557722268263622, -2.2973942829209673, 2.860001616232891, -0.09664037125342399, 3.8450432770423983, 3.026696885559767, -1.131094109768974, 0.6321366870772501, 1.5910895628089494, -1.5796944939145545, -2.445738144506115, -0.8408174007338547, 0.10099086769039776, 1.5413843230044584, 0.8701575485176455, -2.9248071588768694, -1.9662115411091414, 1.701994635857028, -2.1534395765264693, 3.030667064441583, 2.0211282411606555, -1.5910329103190903, -1.4541944358382137, -0.613613427345745, -0.9209462628075207, -0.7195060259314178, 1.6420615062307475, -0.9328017076027538, -0.5339179404208516, 2.4923550371265617, 3.6172527392210374, -2.3681456952125908, -2.3893324785946324, 2.2344443537639114, -1.0797251387514812, -3.113790441019166, -1.205996748260548, -0.1692915641413848, 2.821502511774884, 2.3465072326456644, 3.070965915010664]",1.032258064516129
19,"[-1.614524935837411, 0.240344383814584, -2.608102075054546, -2.1979453831475073, 0.3052643052701155, -1.486806265204631, -0.5062807310463524, -4.216756868872587, -2.434181761254695, -1.5631093127381668, 3.111342986790328, -2.4669868290114794, 1.8396779951829259, 4.331860764122453, 1.1423313526214836, 0.8548680261297879, 0.3682458654698817, -0.5076101268408557, -0.6777249192983595, -0.6697815228884458, 3.2936153995001947, -2.1596042616012445, -2.642940533374416, 0.34816974192980915, 0.9389207725365905, 2.8630917001127756, -0.04765972739905795, 3.8055284948539567, 3.124265011363883, -0.5428562496736751, -0.2307986312522995, 0.6985704525341863, 0.8182981484713683, -2.6307447410732374, -2.503957760475765, 1.3894541469430652, 1.237822459640112, 0.7003100793754691, -1.9263026949550488, 0.6388057118283446, 0.47792639389593106, -2.588390110830484, 3.704278741066524, 0.5631168157206372, 0.7696068710255628, -3.610465705113603, -1.1573575552490165, 2.317305485238059, 1.286907286372864, 0.5275544976491985, 0.5392500249870062, -0.9981298637374377, 2.106333886236398, 3.8431086225385247, -2.743044116939358, -1.4727465313316737, 1.1899872458512026, 1.3410776308517338, -3.1881365002761943, -1.7794310090383196, 1.3853756581463001, 2.856153941038284, 4.1114763873516615, 1.87015839056496]",1.032258064516129
19,"[-2.9994912560096547, -1.429330471161753, -2.6040542430544695, -2.5699534797254144, -0.483148102348944, -2.613283800664537, -0.6412900649495736, -4.3536810621128685, -3.2987473480098997, -1.336477890989689, 4.016041991835511, -2.9919128459701296, 1.2135878330909553, 4.309344230312035, -0.7732743481498369, -0.15337425432453766, 0.3071299366025062, 1.0077123473999487, 1.0395552672458126, -0.8035981647345348, 2.8943638689666704, -3.2598364739574066, -2.5061571453592815, 1.02643595250404, -1.0970922604979232, 1.4456408822961975, -0.19936715502565386, 3.8056701107813637, 3.02505217802898, 0.2690474271623833, -0.824142470442082, 0.9517361404397653, 0.5238120721035395, -1.8098535159940972, -0.9204518151458313, -0.48180766342551395, -0.6715358915147307, 0.6190916886301996, -2.5364906238288807, -0.5680683017439911, 1.110559372480139, -2.130048988828568, 2.6925543623911854, 2.389359417388653, 0.7078877596636284, -2.27425596437658, -1.6894658313595803, 1.7951270210765182, 1.0327192768763476, 0.9578006074196448, -2.5406435663246993, -0.5373878989194002, 1.8805443522201468, 4.462949859499565, -2.3737004533594117, -0.8174527873451293, 2.424263354939365, -0.03273680489919356, -3.4248259942537023, -2.4464646469696887, 0.27353117242094005, 3.3224638055063984, 3.973286613408739, 1.8510685012197008]",1.032258064516129
19,"[-1.5977700326325854, -1.2077026912042612, -1.6039063275017622, -2.8414967183278232, 0.3430182651712684, -1.7321881460509774, -0.5107215069586428, -3.69192512933937, -2.698619993348715, -0.9914249370846268, 3.8682863253302253, -2.669245110247923, 1.73736043571497, 4.277562273781622, -0.06578034529515298, 0.0936571718125927, 0.35116843760631833, 1.8425749293510438, 0.31424541617831303, -0.9907936700528686, 3.221334431996075, -3.174639022706004, -3.2207585640380714, 0.8736535997851567, -0.1371339210648901, 1.8615908617287416, -0.17010989586656053, 3.083548440230941, 3.5776226526688584, 0.25189337632701664, -0.8585320856900306, 1.2103592888452754, -0.6719259743758257, -2.3483038732083275, -0.5945741932622173, 0.4738134761145631, 0.15663809199974435, -0.4317927637390371, -2.960246693191142, -1.4513053265695508, 2.067324208258503, -2.1511439311313767, 3.072481751642273, 2.389738440692794, 0.36913175413776417, -2.996916935596033, -1.6559478418897298, 1.0684004810064769, 0.7218757971347871, 1.0161164063331192, -1.8236938707848576, -0.652598799388016, 1.5277522085071449, 3.5040042847647825, -2.6335972187908676, -1.4866094269510777, 2.2276149549025956, 0.42850183815884063, -2.952706142942064, -1.5713455632034985, 0.3929125473270426, 2.5669030368529633, 4.251962191555982, 1.8269503421845168]",1.032258064516129
19,"[-3.3097008951973534, -1.4120833282634075, -2.3211214159544737, -2.580011031896759, 1.3044288896516285, -1.9796823993771397, -0.5714045910178802, -1.335707807191806, -2.0099996682313472, -0.18227721220724777, 3.7752398241072203, -2.057413881748162, 2.9683750970502016, 2.8786359733324836, -0.23839311412119563, -1.8826571577118045, 0.3525722949419438, -0.6983506602858303, -1.066706966748158, -1.7157826105433445, 2.2936493988314357, -0.2648519742091745, -3.503756407268338, -0.229389670259194, 0.4923784433145586, 2.81056318739552, -0.20602986553386116, 2.004506906468512, 3.6007329265546444, 0.7709203970129735, -0.14416190549802999, 1.8313969166553508, -1.2117302513015704, -2.0183430715197455, 0.7048794340546548, -0.8661049049003582, 0.4866077738906574, -0.945991986902031, 0.04108756402712366, -3.4182732551882813, 0.9307017206182561, -0.4625957772453746, 4.123769782886366, 2.494351177225118, -1.3705310115505078, -2.75080128088802, -0.7317095559442599, 2.754467237511937, 1.0099918705224376, 1.5025131396213094, 0.015422649494475305, 0.31590544528579334, 2.0044548336427526, 3.6073619438234683, -2.4039722472863168, -2.1579763832756043, 2.1431293160023155, 2.2933753508881685, -3.112979805478652, -0.9397462882234346, 0.9777502751351951, 2.78073918042844, 3.510716923936926, 0.7763387886453567]",1.03125
19,"[-1.9251851205245112, -0.9619226190841773, -2.1607182856441214, -2.3389249426363214, -0.25650272352546266, -1.9672860791378557, -0.11559078359304364, -3.8613897858771584, -2.325159730040081, -1.4062977443400189, 4.014569967315255, -2.5797946279000636, 2.141420375822805, 4.505143280927398, 0.19298845737271428, -0.2982597312265549, 0.3202377777845874, 1.283404967316919, 0.6549325771748469, -0.5839361889042971, 2.9736612785239043, -3.077789896438749, -2.741027521245898, 0.2751932903724279, 0.405450515878435, 2.2571572073616863, -0.18283641718288632, 3.5221064607793435, 2.8796252927101307, 0.6147557378377138, -0.8915830004264037, 0.8282438920414973, -0.012936111202576484, -1.6462950193206187, -0.9500350153221886, 0.2800538805692229, -0.2814250591611138, -0.25281682904708874, -2.6893069789763397, -0.7710752167666468, 2.4652575150675924, -2.510657888146176, 3.814904765648954, 3.1463613045920056, 0.16193982196665735, -2.9191536942327945, -0.8667570150072796, 1.444172930632632, 0.6608106390598567, 0.3332396959813798, -1.232024317156666, -0.587016622260145, 2.2788124231131808, 4.3875868980770365, -2.6577403947078144, -1.4452920440836128, 1.6020328663295311, -0.07270127505191748, -2.699106111808983, -2.930667596282706, 0.7381393560675642, 3.855603223605663, 4.045764415593206, 2.8982332003782507]",1.0303030303030303
19,"[-3.4383120046113156, 0.03118788326805033, -2.5810268276880906, -0.8924482922352475, 0.7215141408986321, -1.0921775617912215, -2.5439142611627563, -3.1502099984727283, -2.6870941172390532, -0.5198115482998321, 3.982941358149174, -2.092920691874792, 2.1733843998229263, 2.521380358777691, -0.6750508753949783, -1.7960994100632621, 0.3206595911921061, -1.4008444511649238, -0.2109159630314193, -1.773563602003689, 3.1211569203371132, -0.8088104016889657, -2.326162103564272, 0.2969485975237088, 0.5620070146156395, 0.7164180368089705, -0.10153392100977188, 2.906229637809872, 3.404736156837124, 2.4383188451721867, -1.4285354560771504, 1.3293098427757046, -0.5375075305704035, -2.456299188526409, -0.9510384999859127, -0.15371706833650145, 0.1124761538306534, 0.3252998727205046, -2.1193298111976357, -3.4250321432416437, 1.5467832862891162, -1.2086986876077987, 2.5057715456260445, 1.2162474772984422, -0.6064987584393122, -3.168955510349127, -1.8222266919330827, 1.7463722219409612, 1.2661312687722552, -0.20513166498135493, -1.4605627892626285, 0.07353267829557224, 2.7464755061819335, 2.433863492112379, -1.627260865189872, -3.63462933868228, 2.334426358324873, 1.9917674605464946, -2.969897287595402, -1.3100114015841775, 1.352966347822415, 2.9137253844367743, 3.3837298306491435, 1.3397350956661012]",1.0285714285714285
19,"[-3.485837809496344, 0.8130359310904286, -1.3176727184241137, -2.770386470980641, 1.5060960788164919, -1.0639930951271104, -0.8490832310589892, -4.200134452919945, -3.07521699120346, -0.2369511560840495, 2.5763496216417314, -2.15935148807148, 2.0926116352122457, 3.378640005554594, -1.2244615127646807, -0.7895986310651429, 0.34730697614182626, 1.061105395674011, -0.13230606413731538, -2.780702707816344, 2.7355027890603756, -0.49645095444009624, -1.707168906634506, 1.2349257334378545, 0.24824699551484256, 2.0812467130411783, -0.1718539674684545, 2.4712296299553302, 1.7331447077556374, 0.4809522128036061, -1.5219989427462668, 1.1494080851311774, 0.782762355433626, -2.3536386254636863, 2.367116761681705, -1.1545908823066868, -0.7908844307050586, -0.3595562047963303, -1.793984625675502, -3.0370343152501533, 0.6265586176650788, -0.7994131391806713, 2.7194914244302972, 0.7711415731616145, -0.6992705041450872, -3.0757148686717626, -1.3782582540320445, 2.481693405192462, 0.36410769194160325, 2.2092028639613295, -0.33887743904452944, -0.43782624761360645, 1.597334551750071, 4.278666183632319, -2.7331246761375922, -2.4758116589018684, 1.7948343031701457, 1.2517208977925565, -3.1583926687908557, -1.5517070215265871, 0.7430162112793899, 2.746342414216062, 4.1869526543911, 1.2423270189757072]",1.0277777777777777
19,"[-1.046381220477962, -0.6922867776700612, -3.085440118589847, -2.3866207416429304, 1.3721511343129227, -1.6424335018669254, -2.4344567482748642, -2.974867541691647, -2.848702772985112, -0.29628927640028724, 2.5347634461724255, -2.9197574920730247, 2.049874185258173, 1.0720903755234608, -0.16967924356706038, -1.5448217355767877, 0.29971249423750845, 2.020146749794248, -0.7892540810521087, -1.4719637011206408, 3.256360039666996, -1.9237797228297224, -3.3710496175426656, 1.091513428396818, 1.6478590563344198, 1.782081344898138, -0.11553809825814787, 1.8034690438585241, 2.667166984142986, 1.9364328258949701, -1.1695071349954218, 1.679180219904842, 0.8053479452509731, -2.420276333404791, 0.24728844752209853, -1.680588936360333, -0.1122787064261288, -0.8652645790579022, -0.15040410824871375, -2.880280841300344, 2.2416308350237353, -0.916806042371886, 2.2829467114812108, 0.078222946424649, -0.3310942771365082, -3.3551951959951376, -1.2972837022896224, 0.6701812156969347, 0.15981931010253858, -0.18466181232728096, 0.06883293415559322, 0.09449026849571002, 2.656250007069925, 3.5159219822376855, -2.0256563222981763, -1.8095148196529172, 0.9775170877335796, -0.08269090645374289, -3.448644427557892, -0.37364328442457984, -0.4270309772041348, 2.9048254334719408, 3.6565576768358774, 0.8235714657850097]",1.0277777777777777
19,"[-0.8638407552533738, -0.8079380984028253, -2.7060978831031606, -2.816332729303646, -1.3322718156877174, -2.7617030126852615, 0.5223860633594088, -3.1504579764107796, -2.458638578430096, -0.1516953369747298, 4.024456140824917, -1.558355349329388, 2.6866942260149065, 3.746625425020575, 1.0456900707667034, 1.1009883454014826, 0.25771317597715393, 1.0398979535996415, -0.1183299466364135, -1.3934054332251748, 3.034889158074405, -1.8594911711332016, -2.568245397481811, 0.09270736136350666, 0.3602900535108766, 2.294077740973701, -0.09547210702826091, 3.499615355729228, 3.0910860979200683, -0.3603208103840791, -0.5576370967589505, 0.6585805998654963, -0.9337189564687902, -1.8731065249945074, -0.5502318895875025, 1.185021475184607, 0.36525793556054165, 0.8801530644458239, -2.66318576374443, -0.4342593150490861, 1.4922032936387728, -2.0805206050407623, 3.712504318388892, 3.0760347578984915, 0.6480448508371595, -2.368891411651764, -1.943416696684066, 1.6348698918190943, 1.888285538544187, 1.1015874054402413, -1.100570551366239, -0.3416105835175762, 1.7498828066954624, 3.444533437210632, -2.3068000814036784, -0.7090287008159413, 2.2035150373102104, -0.14459018604162838, -3.422723463562506, -1.9931756525846849, 0.9536157024828632, 3.8561161036099967, 3.5684223978391674, 1.8919838528439488]",1.0277777777777777
19,"[-2.1762485635949846, -0.4893455541053725, -1.2045938294508947, -2.563074162615194, 1.2229182299015675, -2.2857613871154916, -1.1175557088069563, -4.1622476599215394, -3.6596979698541987, -2.3863608357238504, 3.4477908634901193, -3.315015412443078, 1.754355744945212, 4.5829800109904735, 0.331112482823817, -0.4764460942382126, 0.2809428753020671, 1.8325730464982772, 0.3526906723905156, -0.13167769219297543, 3.3280364364594006, -3.279295066398662, -2.9345964113832883, 0.8974718374822486, -0.49319429680024335, 0.3790865702466968, -0.14748443330013006, 2.312146877336659, 3.1793306788781104, 0.9646655118796494, -1.2188297870468743, 0.39651217739744826, -1.013789897274667, -1.5548645870871471, -0.6862884338864242, 0.8933514028769141, -0.5776725281726711, 0.7080585938305438, -2.942172831337643, -1.6207438968392158, 1.7028630178246387, -1.2060942912463088, 3.9981161772329084, 2.3830135146478644, 0.4380081023408222, -4.369846366192834, -0.1411010329257263, 1.3496058943738571, 0.12927925455208777, 1.6234130144411965, -0.8554288941661395, 0.2808985479215034, 2.1343650292217955, 4.331639375150297, -1.9683315097493912, -1.7756931829037736, 1.1442281641605834, 1.236152836323213, -3.2181601868153664, -1.5757628140885935, 0.46354553674915483, 3.7885687815055835, 4.079809718377281, 2.2610508240043705]",1.0277777777777777
19,"[-2.5988053174182535, -1.2019521846255063, -2.9372676526301538, -2.5373859376734065, -0.2475859092468372, -1.854560080598974, -1.2916391025595446, -4.340217680839961, -3.593072823299406, -0.5428869919811223, 4.000992715274646, -2.8796517631303353, 1.786896127250018, 4.481660618515325, 0.1368977124770334, 0.9700360598964829, 0.2813704578246271, 2.0590981364127137, -0.8131960338417163, -0.16227203739000196, 2.6763698493680987, -3.210096816959704, -1.76541637804553, 0.7299185147042762, 0.29996771088459695, 1.841767140847293, -0.13980952361354168, 2.153162088359359, 3.5989039043108537, 0.19895353275547537, -0.8913777575801742, 0.6402484717568391, -0.3223793971492195, -0.8234123757374321, 0.4613534476482566, -0.28988580069139086, 0.5180639809125506, 0.3661704273079968, -2.439684570359597, -1.0548098095935534, 2.2424103709137464, -2.0736883027663873, 3.9917567339792646, 1.2877348094475842, -0.2782766067831872, -3.346704003538302, -1.4539249635618479, 1.9284794197188844, 0.5894848738709488, 0.5454529138103037, -1.2670506060585565, -0.608437242540469, 1.8646890867958863, 4.355903258958939, -2.2877483004689476, -1.6624543499577706, 2.1885908965561987, 0.4175141024383818, -3.2303109107832086, -2.5657665664328833, 0.21380613182895608, 3.4180965877038694, 4.119501901810161, 1.566868702949853]",1.0277777777777777
19,"[-2.9425513410636768, -0.7132666520706421, -1.9342852903871544, -1.8363310502239842, 0.12154715942032912, -0.5505290624577582, -2.8162451353841638, -4.512748502692649, -1.7782987353540696, -0.5930499153984472, 4.014981265976942, -1.7627760091824443, 2.777818459055843, 2.563199212273663, 0.42496011839021597, -1.3946766979875647, 0.8852259279072102, 1.7340603703873145, 0.3560014246919914, -1.9760848405236573, 2.900212647948278, -0.1674641217428685, -2.904443970712841, 1.9829837489353355, -0.6657617528438416, -0.021069437996733553, 0.2750197118154466, 2.718550179889279, 2.280264704754754, 2.5973618049157734, -0.6958398965421051, 0.5702607582028472, 0.4430577955556185, -2.6054923124757674, -0.333865283831975, 0.32430996735612133, -0.011043277583681288, 0.002604590686766141, -0.6059225683304541, -2.2592891943364504, 0.6948264986365296, -2.630964340165651, 1.827658050333051, -0.6634116728878532, -3.405002153621194, -3.0316584955430197, -2.0716265149104487, 3.545890480167958, 0.7584098436719635, 1.6270085090303277, 0.07666654729094813, 0.2765483124747434, 1.6402804448627741, 1.7979771374183924, -2.08348421212711, -2.5500585329122574, 2.262752343651761, 2.0046181442163915, -3.480550491629959, -2.4517650705259326, 0.30065252887217064, 1.9519721889430017, 2.9786479242161157, 1.5578478537296843]",1.0212765957446808
19,"[-3.2344839900933575, -1.3223581076516417, -2.112993287046499, -2.739644712137314, 2.444152690959115, -1.5873573851191207, -0.38145486567807585, -4.0122160461807, -2.5254379228188104, -1.5784097456077812, 4.023633399250404, -0.6569547897030412, 1.4845000439706726, 3.1830462688032783, -0.36957031181254396, 0.2050411777777933, 1.7715437422246647, 0.47910862072143123, 0.6677080276111734, -3.029412316091137, 3.0949017686001548, 0.6105516095183259, -3.1848034253649136, 0.5484186919578293, 0.6863222395857974, 0.5839100304854383, 1.2625205111039572, 3.065145142821626, 3.3588466562090655, 1.3244980228159084, -0.7704726186810185, 0.8120736744481167, -0.20329715544386634, -0.6625264050970057, -1.2451839202649009, -0.4857252671028781, 1.5939145189121997, 1.2677255348323504, -0.5760602148636141, -2.3902956088073424, 0.4822566358228355, -1.579730084678535, 2.60431220834736, -1.9206990331601648, -1.3816963099512232, -2.229521345520956, -2.102320891129246, 2.9205256186463076, -0.13049607282010467, -0.05330875294716719, 1.5212913462719513, 1.2709311203784035, 2.0568634863926167, 4.244941653092976, -1.4998707729084864, -3.0530995456873895, 2.062141275702105, 2.2238921762070403, -1.8817905610583514, -1.77962936687201, -2.1192441048799813, 3.7956854477790665, 1.6538986285536201, 1.3950970777246647]",1.0210526315789474
19,"[-4.251473357478215, -1.8965212284951165, -1.4764124660112834, -2.8348056057202755, -1.196184230992468, 1.7122162875066333, -2.2641303301498303, -3.6568599987614197, -2.214517402362769, 0.8364882887734688, 3.992387051650863, -1.8553771653548834, 3.1649022057056087, 3.105955523434393, -0.6619670309089466, -1.8528087386760694, 1.7929089953016006, 0.01296062895394412, 0.21396629592156616, -0.5294017916594016, 3.337947781390349, -0.4646013327103906, -1.9278043549720991, -0.015608386156611198, -1.6084809004591474, -0.030913526608396413, 1.125571226771805, 3.180552668196039, 3.5823261437910974, 0.7245192239463005, -0.12393707635705842, 0.5086113172759514, 1.855201947323255, -2.6942991568165113, 1.7827304951409186, -0.6393010580751347, 0.07500702344959444, 1.3267171690053716, 0.21567755558259882, -2.0054333232313604, 1.4695345382514924, -3.997182319097818, 3.5052820814429086, 0.47017955619110263, -3.318596512078638, -2.6930157285411074, -1.3519604066090434, 1.1886007809512096, 0.1251827065109003, 0.23333550828590932, 0.45120828107170485, -0.20662876006758168, 2.9776968476306607, 4.425563061521351, -2.7140215711431264, -0.5014668707382426, 2.2857960065557656, 2.6405515151758663, -3.122711915876212, -1.4909920521362063, 0.9333095256828414, 3.7757665338877984, 0.8766404573566668, 2.0283374421773854]",1.0210526315789474
19,"[-2.4976086009073954, 0.22492534589687252, -1.9263750424143975, -2.795759500289294, -0.6360571401524621, -0.15668013336820918, -1.3043963640071068, -3.2320226279121074, -3.689284809227977, 0.00700502069840947, 2.289972648747231, -2.19275487790452, 3.392933090289166, 1.506636564098154, -2.928462243517976, -0.9102218007568655, 1.5501102450329303, 0.10143658500729424, 1.5570186840469706, -0.9085936479936764, 2.0042227686302816, -2.674343567237904, -3.209291255027596, 0.46199534604694115, 0.8932192821230608, 2.2700900579767245, 1.1943625420168753, 3.0200265521121157, 2.0181634664428527, 1.1850632361314968, -0.14948289389661062, 0.07465024629141492, -0.39228941826902863, -2.0080666764369726, 0.607839334405175, -0.00938151560903111, 0.2915941701854451, -1.2180979104837255, -0.4486920191720304, -2.4291717529570622, 1.6777196504538106, -2.776269026452054, 2.5109459125541074, 1.5199851172020913, -2.3270866444256457, -2.709709999552059, -2.590090768253863, 1.3143117506229256, 0.18674015495793578, 0.5345220858509712, 0.8672170752398181, 1.0007626003853543, 1.971301386732629, 4.195549567261411, -2.2425662457278817, -2.6033349969893824, 2.4619288468158778, -0.7246160932728238, -3.3984880711067356, -1.1943542067960529, -1.102978328878025, 1.297896292810893, 3.7483073322135496, 2.72902160287263]",1.0210526315789474
19,"[-1.3502110631617166, -2.442958137825782, -2.4951964999610365, -2.6307821791862125, 0.7932050269245887, -1.5519004830033123, -2.660896207994684, -3.6941732308045885, -3.7678092422533918, -0.40523111726921945, 1.6409794399268776, -1.2601670818211823, 3.239529917174126, 1.690182044330556, -0.3993924971252734, -0.8205492320683728, 1.5608335419681434, 1.401835749557214, -0.60958451036216, -3.1815328809518433, 3.345698370247117, -0.2647573947893793, -3.442363754700577, 1.3132559739004956, 0.11791490625943969, 0.3365681522911126, 1.4887823251401837, 2.871631717496595, 3.0871358561934055, 0.6865423440576228, -0.2646557679223933, 1.7854215418779555, -0.6374642945030587, -2.2528094581129006, 0.4063565667345942, 1.8843289921759632, -1.6246368442250854, 0.5150011789178515, -0.7807568040125193, -2.4942640262843754, 2.0823030178595685, -2.4570089401547563, 4.049692527053212, 0.45431487427404615, -1.926571145100793, -2.592807422642136, -2.103616074327906, 2.83707843796223, -0.09035245525974489, -0.00444711892554428, -0.7254762674301842, -0.74453562276048, 2.5235768292031295, 1.0032488690030958, -2.6519479781194515, -2.595931944718085, 2.673977898189878, -0.14276638890723814, -2.704113160810024, -0.20207077343226487, 0.15950686112669538, 1.1424469028069424, 4.1474298909432985, 1.6489598519580226]",1.0210526315789474
19,"[-3.9473878013866655, -1.9421991851645921, -2.6792146885938495, -2.154530206553055, 2.2284774407510284, -1.90784024841046, 0.2952865832875122, -5.060483237902395, -2.427663740998055, -0.07341960178025511, 3.1072017696453607, -1.696388066220102, 2.009365006888392, 2.103415132054813, -0.9701609521160248, -1.3795146987496922, 1.6837868659859734, -0.044457482238621115, 0.6371934938432173, -2.154244257032228, 2.5847078409356152, -0.6867770308779793, -2.025704742669821, -0.29693081775540997, -0.08470248377730116, 0.4571604467084214, 1.2640336925969113, 2.3642846318611173, 3.284404420664538, 0.29034258751517417, -0.008047167152132717, 2.223353600321561, -1.9872308108736716, -2.465495934872742, -0.3574978012171279, 0.017435363959818706, -1.3191289133815456, -0.8671769266879854, -0.20735916033548912, -2.6280770505064504, 1.8206841733480739, -1.2227565977919488, 4.138380785064936, 2.0036783955981834, -3.4382638301761923, -1.7577953654488732, -3.1576348535930214, 1.0452731709205083, -0.42184636434319733, 0.30480263257246787, 0.5277249835432201, 0.2877866582831514, 3.732975337442975, 2.5628632503470303, -2.456953350247895, -3.3641854209260593, 1.571433960008831, 1.425995156441778, -1.989696486514501, 0.36224274752992924, 1.314157633006753, 3.134806337618495, 1.200970156175593, 0.6949698300221799]",1.0210526315789474
19,"[-4.157837767452049, -1.792815993313588, -2.782091852559689, -0.8550449117094141, 2.0401511281316207, -1.307320832635734, -2.518365473528082, -3.090711727353955, -3.5522530889429373, -0.006459459266862144, 3.971057887260136, -2.239361772178973, 2.1253550415675004, 1.0905769306458188, -1.1740133672364759, 0.6717628954409375, 1.6327684893864927, 2.03045033959677, 0.6571805952370278, -1.2273898869645925, 2.8808155309836376, -0.9751899053489673, -3.4740899731196087, -0.22498322652452185, 1.4424885595765742, 1.7284424249850772, 1.3785802886757696, 2.209083321993974, 2.6640773059001663, 0.6076407295800814, -2.368499548284382, 1.3373862476286509, 0.921746204784171, -1.5279461933658547, -0.3829760993371023, -1.2735294933426577, -0.20888524683230764, -2.316251151147146, -1.370185715186278, -2.0693616587447967, -0.4140621931876789, -2.6081676181933107, 1.8477105104088174, 0.6797632348647372, -0.9889317661234226, -3.9062234339220976, -2.1560050478275037, 1.6418884069753703, 1.8986446338243266, 0.7454747880067504, -1.3426328004876042, 0.30027130221608583, 2.2525902006876115, 2.599818237440044, -2.71864628118706, -2.533166832996688, 2.4198174326027457, 1.0853260921011758, -3.4142629429141453, -0.4755028968997487, -0.37874719144505753, 3.412927261634678, 4.2482330514852435, 1.4471320418152949]",1.0210526315789474
19,"[-3.8997814082381823, -1.3958945076357523, -2.231884155594414, -2.4774736666110813, 0.9917830013768437, -0.2749622595506991, -1.1369007032660043, -3.4715891320923116, -1.6854684672352964, -0.07108958242359376, 2.0466051253922055, -2.4703353594626516, 3.474501773843513, 1.4795225309969724, -0.20016212325796257, -2.373945882661116, 1.8078327440755444, 1.3097047692363208, 1.0611061964884718, -1.71987409659067, 3.3421042090256643, -1.313550176530254, -2.668680284035152, -0.8790299821742052, -0.11497492240984201, 1.4566465762456362, 0.9609263502127364, 3.1031987687216813, 3.551609006576441, 1.718714456424478, -0.294570577237221, 0.9028394090390299, -1.2737302544141222, -2.3060090448758905, -1.3296159144057513, -0.03665172100772285, -1.1787072451580995, 0.2810750279686746, 0.2029786006396358, -3.4934404307621434, 1.1148559487843253, -1.5536341290077245, 1.5373767901455788, 1.290451735955431, -1.827038701179292, -2.102460615998596, -3.4677826224122077, 1.271460586928514, -0.3883705268165226, 2.040342168162151, -0.22559299531042099, -0.04254723855940773, 2.3885341066592343, 3.999174860202697, -1.027454134625824, -3.4343191283067336, 2.507599355291534, 1.5750427449543685, -2.4208642857711116, -0.2147302492253491, 0.848804195393569, 2.228674200273, 3.443123422927832, 3.2223294567244767]",1.0210526315789474
19,"[-1.2003360539135612, -1.7356899693061918, -2.8360177481587723, -1.8509071455046304, 1.785069823019837, -2.0197051981600094, -2.3431032085461965, -5.064699964906333, -2.7839270508334644, -0.8877912286588643, 3.725266688698346, -3.159906986877914, 3.198984182162399, 1.8633611614464813, -0.5282814796851634, -1.273670889107513, 1.673142949947246, 0.20148780489002882, -0.46465420014132536, -0.8231432475435215, 3.0299495590034047, -1.0586134560930458, -2.364573929450926, 0.9249513847349805, -0.5364210429942126, 1.522077565763854, 1.2890175077234778, 3.3317624432139707, 2.692899900742382, 2.002392735960206, -0.28540726342675016, 0.4393107613434131, -0.09835836288447475, -2.1880313695505422, -0.2944351639540465, -1.9333550279283653, -1.307527522580033, 0.17218863272461135, -0.7265835226078068, -3.228750246272776, 1.4636464292686597, -2.2489839457111054, 3.701997996961335, 0.3098832908933056, -2.363342621034144, -3.9632267063047206, -2.0278090364975014, 1.5517956844878034, 0.9534270350291564, 0.6289197039323455, -1.3457033769669169, 0.3240864308216639, 3.4071472592152476, 3.5747267067362807, -2.2518102836958462, -3.8091994876802104, 2.6388071731708513, 1.5811998939507392, -2.454681345973124, -1.0990241762223185, -1.2230675147152141, 3.7813855562312986, 3.517021801437225, -0.6620178394520821]",1.0210526315789474
19,"[-2.8565747182331696, -0.3483453155452007, -2.6884121213371204, -1.3788150659359633, 0.9343896723344707, -0.5506800613989338, -1.829246423844729, -2.933226151905481, -1.663220993355863, 0.5381670980945042, 3.6332330548462597, -0.5613362568619293, 2.731818179932113, 2.6511620489673677, -1.184055164976728, -1.237475671446405, 1.4413107918448849, 1.1085449646550418, -0.7980118465286294, -2.0318586486174763, 3.0638029032136505, -0.8134188247319308, -2.8439256205575423, 0.023103870020694195, 0.6029142914887363, 2.820843576881029, 1.4558456029197446, 3.2999229274606274, 2.6306691897389847, 2.5277369405943864, -1.5000026010935108, 1.2874601058064514, -0.5793861630657455, -2.4932261891339365, 0.12715224828052565, -0.6564496579554443, -1.246252217960189, 1.3588374494516808, -1.156543556454938, -0.4963223919066504, 0.8265297345152445, -1.4980623036561331, 3.603745701010371, 1.748196179015295, -1.6284424966981017, -3.81036946800736, -1.3431520281796132, 3.2958531022284903, -1.224881733407737, 1.410586458878838, 0.5585580659384474, -0.48988712084566177, 1.6999449634503454, 2.9120267923449505, -2.3254241562464095, -3.275011063184564, 2.5465760003385194, 1.4265248842275604, -3.4713784391829394, -1.9472245815185047, 1.1835824801612718, 3.780675665342066, 3.700795101958442, 3.23185327597763]",1.0210526315789474
19,"[-2.636191555902557, -1.0718723063325641, -3.1534390852651604, -2.8387731476381313, -0.2673284449265362, -2.5340021292690125, -1.9990124032313648, -1.5663114250000447, -3.0333246914951895, -0.8772948330607875, 3.990178946970105, -0.7054628169188453, 2.7406608757160082, 2.8602487275178627, 0.175671803391947, -1.9023779945989205, 1.3577933284313177, 0.07229407338638749, -0.35647180281578933, -0.8111460137383929, 2.7947937957058873, -0.9701903465978189, -3.3975877576726425, 0.5369540608437813, -0.2695307047581305, 1.4972235156324496, 1.4810507308305372, 2.4170865830847443, 1.5474279911585993, 1.1594081574188164, 0.12310741394950209, 0.1428393073116132, -0.25970034203043924, -2.5623870109774955, -1.1855851371635542, -0.8481563075669092, 0.6666525430299577, 0.5277844956321306, 0.2725567969739806, -1.9084463189751157, 1.4563217134061426, -2.3326099265015574, 1.6517481955779538, 1.9832061410372321, -0.11240969836863912, -3.6044447736307146, -3.49847462323419, 1.328160886506219, -0.8463593114873191, 1.0366489588205643, -0.49022152440245575, 0.8431557473546654, 3.3674797588672103, 4.327102187162825, -2.6772960860190325, -2.706489294119432, 2.5032456629805253, 0.2112112420708363, -1.7926723256559853, -1.2969878256935394, 1.0669303961304526, 3.336692319233717, 3.92569676541953, 2.342623236543462]",1.0210526315789474
19,"[-2.251880474510515, -1.8043288499762034, -3.135804219505924, -2.5016974081672463, 0.2580467601972818, -1.9331637336497907, -2.1766780722261725, -4.0857176065375995, -3.357040789837035, -0.5564786157135813, 3.983429086229317, -0.6941176480840301, 2.5548088075121047, 4.160576253486351, -1.2987341603592175, -0.133993677883808, 1.7878392994429886, 0.7779164849457618, 0.4058068687723773, -1.487927486212363, 1.1765958065713025, -2.432674245822805, -3.06278114617829, -0.08941289345838555, -1.026482526226622, 0.043327380753411804, 1.1392642762427307, 2.1158198294745927, 2.0317765910487533, 1.5029008427520778, -0.5585424814739104, 2.0601320640042435, -0.2762346019900932, -3.0187299191314514, 0.487346657477816, -1.6401097439357886, -0.8444396217240847, 1.1032946437041102, 0.2643969834253874, -2.4112388577821933, 0.50493274638136, -1.0040207301102382, 2.149826073614635, 2.0271776677070625, -1.329699616293975, -1.3235273250498012, -1.179509746092298, 2.2530773501164076, 0.9432453309053699, 0.9364721004518082, -0.4643358199821747, 0.3875865634840433, 3.571909894816095, 4.280516160691739, -2.381926381376514, -1.9358232714683519, 2.5532226570854815, 1.2923765518492922, -2.936198249295964, -2.3350257502037466, 0.0776299879468536, 1.8997442732907193, 4.180270847207789, 2.741232194483668]",1.0210526315789474
19,"[-2.3340329238599087, 0.17185155603931024, -1.9483792922722514, -2.2338213186552514, 1.4515586560541562, -0.7794704443989043, -1.8018166511250966, -4.757991893726184, -2.2389758411787026, -0.20499769033229792, 3.998852996594528, -1.3407000324379705, 2.4035565958769607, 3.70639724046635, -1.1181885125971331, -0.7530690958462598, 1.7371458453749222, 1.8516891992328772, 0.026871491304495676, -2.716650304674623, 3.3237700571830975, -0.8968279725345785, -3.5061050247619856, -0.37142015283308927, -0.6477347222357274, 1.4264824862052579, 1.1015190809927693, 2.694758256061684, 1.9592536387074548, 3.5507764809109075, 0.11480865096839876, 0.012634854843494803, -2.3645503005377173, -2.8634692507428867, -0.47908272548020714, -0.20163327567811795, 0.30825399160976047, -0.6665213940525903, -0.2884364950263254, -1.671632272373996, 1.2568537746084258, -3.1512249413419138, 3.276337850104994, 0.595908670838324, -3.096836644278401, -1.7974584112973444, -1.908926853774785, 2.39816121214628, -0.26896886825180893, -0.03390273793367027, -0.5616355974920904, 0.07046680375672945, 3.2553051926922123, 3.187960002816809, -2.6826750424086088, -2.8694637062234443, 1.386354582265525, 1.728060814197898, -3.4726598981032266, -1.953457472251065, 0.22646832200242273, 3.308587083959752, 2.5945976127356434, 0.9834736558661714]",1.0210526315789474
19,"[-1.5935750800142048, -0.8564704001780408, -2.385311823047217, -2.8301397891204476, 0.6425808908286668, -0.4573174073234444, -2.4916173611974743, -3.659273957187001, -1.952934473342872, -1.1437243598001816, 2.3612033311372977, -2.0549243014962717, 1.4289718668008673, 2.121702196106274, -0.9831038182480646, 0.7168263282565521, 1.5604785121936169, 1.1821858598823962, -0.10959099723191562, -1.6469872603917988, 2.2971181620536627, -2.0408630561389227, -3.3663965846234594, 0.330692699972448, 0.11111038033822651, 2.57407373863272, 1.2137895513479475, 3.672793795684576, 2.9417724957291655, 0.23538701621916136, -1.2680466609421628, -0.29139167967962465, -0.018332877024726857, -2.958826054425685, 0.19652025237723958, -0.8884717181030096, 1.8871565773512913, 0.5588598279205986, -2.3053802628042788, -1.724597365488322, 0.5980930059875172, -1.543176345716978, 4.045551008420059, -0.12902234547380198, -2.275684540762466, -3.4975192960374093, -3.6737819326572976, 1.9783194422475203, 1.9457305101318085, 0.02194013149267282, -0.8510477262826635, -0.6015781311052631, 2.145513206191086, 2.475231257428198, -2.743564583927267, -3.196450517656314, 1.4162702133978327, 1.5429729664065894, -2.4273773049085987, -0.36956699825248873, 0.5586155094814536, 1.7253480942079271, 2.2633907166692673, 1.730581673714009]",1.0210526315789474
19,"[-3.6381843706657158, -2.1456763154346623, -0.04839414520727159, -1.2242921054628768, 1.1295736919120196, 0.4365664409141097, -0.602352049702448, -1.59179645418992, -2.6742246594717134, 1.8521854535406233, 2.1421659510424123, -3.1611371526865337, 1.8248662259377415, 1.653673911167782, 1.2997333089367493, 2.4570348152279142, 2.1182447200840113, -2.964557669092345, 0.45148332211646275, -2.038965618140114, 2.878916653205769, -1.0638721181305528, -3.230493601515061, 3.2527579369974084, -1.9684526431012466, 1.333631954834368, 1.0674272777280036, 3.4712273048933038, 3.4111965920422906, 1.8230375425189709, 0.11358378487516807, 3.760890603495616, -2.6058024921629315, -1.5776056714307352, -0.42982785117836486, -2.228336563313592, -1.1303726017848996, 0.7377623595584278, 0.5245448984777676, -1.9684410713535205, -0.037026408834566205, 0.04677215619188324, 1.666637030909365, -2.3941548568328375, -2.5991855431231823, -2.01774730505765, -3.9276311582385324, 3.303736157460933, 0.47609131346269895, 1.11424345592869, -2.390761084029733, -0.5591720227115298, 2.1418550332395094, 4.448652034748024, -0.995914467623227, -4.039598098972961, 1.784020399460153, -2.750109079995555, -0.18474068169195235, -3.1109317598791835, 1.3092748781481423, 1.4243448364958176, 1.8237865705290925, -1.1249335146143915]",1.0208333333333333
19,"[-3.845432165478858, -0.9939703968768652, -2.9591827801709902, -2.837733734619259, 1.1156478809662038, -0.8812699691857745, -2.657396455535755, -3.5950928031311853, -3.818195368291852, -1.323222155224208, 3.731854523048552, -0.928671770321025, 2.7297403625027363, 2.151554650696542, 1.879739140567063, -3.5743482155421695, 2.229862828382517, 1.3345360810507774, 1.07383804326616, -2.0232374282109427, 3.1107093337591714, 1.1980370663479731, -3.4628415966058417, 1.8153713278647736, 1.568773210515165, 1.2350701971480136, 1.2376744449828072, 2.959679126249976, 3.5997843730889048, -1.5101496614144438, 1.2722978279570532, 1.3071927705167414, -2.4943526132386142, -1.4311784394987215, -1.380309685752752, -2.2028068243573418, -0.5850225693111053, -2.603694087232727, -1.718793689951001, -2.1293352070910228, 1.0604461079577538, -0.3786945471303529, 2.3258302535957127, 0.18064732404219574, -2.531260769996568, -3.44808775453333, -1.3061626882733726, 2.141987150720174, 0.31593703105777904, 0.690229335458491, -0.04445869623253684, -0.9178539639879644, 2.7373520092776022, 2.8832480706935115, -1.172720399327889, -2.9972481814780085, 0.6999481475758531, -0.21273393290322384, -3.4434718689788824, -1.4733026485573542, 0.9421876061152984, 3.218072102139659, 1.4523779215206658, 0.5198329649693803]",1.0208333333333333
19,"[-3.5528832496983753, -1.4451586002968455, -2.2893608178875313, -2.4436515961045577, 2.542994187034257, -1.2203093273749466, -1.243008152504132, -3.9578772876601738, -2.9161255579623306, 0.46528653465620473, 2.8658107391830874, -2.1014103665763484, 1.4519872005106076, 3.3398768198138127, 0.4222352194058503, -0.4395595708473482, 1.7582017222027804, 0.08893630115287815, 1.7521060833229625, -3.0971041634363745, 2.9467648977932486, -0.6592250383164389, -3.449980990297285, 0.0681898095139335, 0.5717789595743433, 2.366254526683802, 1.4538487911461475, 3.860997410894617, 2.542883482573576, 2.275453233199658, -1.1387885439506953, -0.3131578495247188, 0.020182816029864603, -2.616094577041114, -1.0465506355615846, -0.30455542698384097, 0.5186573465455251, 0.23508711568722596, -0.710280690415565, -1.8235186577614666, 1.8637809505947744, -2.320971641133283, 3.675633907474185, -1.068949537975529, -1.436356033892594, -1.7174659936021994, -1.5998259894079736, 2.5882409433832168, 0.07745633155652171, 1.2862119772290994, -1.7579004158223661, 0.7524625101764522, 3.277839298176103, 4.355840964656992, -1.6363387226900514, -2.691743673411157, 1.0619560442130438, 0.5623873679175087, -2.9061116724368734, -2.458084005870056, 0.49958455814579444, 3.2077357182229513, 2.945166970289404, 1.2652448676781696]",1.0208333333333333
19,"[-3.0451510163201214, -0.8483258146168267, -1.656794645107369, -2.4027534012272125, 1.3723116638647122, -1.4232161762611095, -0.6899759097949756, -4.778480151846497, -3.6661815981668737, -0.3095387071254008, 3.3935507452181897, -3.238217098441108, 2.982248380820565, 2.6483318818622843, -0.648860638393064, -1.9441865350095915, 1.828515558607237, 0.20496518901591004, -0.1637423835422332, -0.9207754077980731, 3.3286987023473125, -1.7750039197811138, -3.1895321878772966, 1.1327059310156211, -0.6184774415440897, 1.2387145705610776, 1.4180225283143164, 2.7674589206855265, 2.7420525104533944, 2.4298279791777757, -0.4263090220753819, 1.050164076684934, -0.83418733937633, -3.0228329655309594, -0.8645871590810434, -1.275782923921731, 0.33929167912658864, 0.10081378558631476, -0.13865146461041666, -2.2584551841197067, 2.865296740943043, -0.340323201110974, 2.1929998468349186, -1.194560372032146, -1.5569491687521824, -2.6687941926300187, -2.877431371486825, 0.8888166650210891, 0.9030928681994255, 0.3002850405249412, -0.5288800896952022, 0.55463218831049, 2.039915018827665, 3.667037958718113, -2.485625004666546, -3.146412680371822, 2.179716938424617, 1.1341095088068989, -2.4965146574620514, -1.373475774223357, -0.20517687185447525, 3.514863461829146, 3.9994588318562942, 1.4330669929833169]",1.0208333333333333
19,"[-3.643991511145668, -0.6168411008094308, -2.7698722664377056, -2.1138278931426546, 1.3216336130500295, -1.0872646250205589, -1.6818124050345058, -3.7934395405931887, -3.0349076884295725, -1.3482290052989079, 2.5754999652500596, -1.4026367758506493, 1.923940342022807, 3.842064191201474, -0.20583749154414904, 0.07152700555873603, 1.968486165160534, 1.49987566825867, 0.25773400517618567, -1.9789869597383543, 3.2671875224589932, -0.7914458245136307, -3.4817505769571717, 0.8395899712801042, 0.019818363539969436, 1.5758182053409682, 1.4603778150594382, 1.690269648810335, 2.357325796357214, 2.93222774294531, -1.0224188727791401, 0.4242235154043605, 0.03880755895717192, -2.559871632085582, 0.5165199308824452, -1.2592894948863909, 0.6179071237488123, -1.082900112028604, -1.482545651719986, -2.7484949721095164, 0.9983293314837213, -3.1066961047168826, 3.6354435158171907, 0.23347316298326048, -3.43774634169307, -2.657418636968449, -2.2497384872487074, 1.8716315562353882, 1.5355524414192556, 2.443582691330681, -0.5498571035686349, -1.2116254520210876, 3.7911963912294286, 2.0225487194376344, -2.445465411705623, -3.4429155563558034, 2.2661175193325946, 0.8389709548918755, -3.412892339475941, -0.6966067255648002, 0.3230453526656738, 3.4098298911759817, 2.7023211673502527, 1.4638822188050966]",1.0208333333333333
19,"[-3.1943592525950137, -1.53533645043297, -2.9864041159784396, -1.926734971274782, 0.4683540961832962, 1.2532769587370514, -1.634801463831759, -2.7576519225104694, -3.4878991159924913, 0.2566168046944424, 3.7117635496532255, -1.8297589388584792, 3.3857857734655226, 0.8126307946859865, -2.7843461727553045, -1.3701137165888007, 0.1324729637746408, 1.1473487629890422, 1.1463288990751015, -1.6935185558736765, 2.1982425773472034, -1.1211940511830567, -2.553736898774835, -0.5144773860074068, -1.7178371181600796, 1.1223888527982422, -0.18540823592015632, 3.0961755074085895, 3.15335663750601, 1.0596469769685228, -0.11899166884717793, 1.4659586821436414, 0.26075695728694515, -2.1806820184146307, 1.2067294462816054, -2.1179863218796218, -0.2550202826326595, -0.11714868660037583, -1.257582244541814, -3.451477659167168, 2.2873683402668186, -1.5196750228745688, 3.2105474369739877, 1.748871447183971, -2.2299507816304027, -3.497297868870456, -2.9828914846891217, 2.5166304558935044, 0.6207380591982216, 1.7308370806214988, -0.17142096347588465, 1.6048262648815292, 2.0332453044079366, 3.379046659024901, -2.7229711134911287, -2.0089637484077585, 1.5862039044201182, 2.6430097450156125, -3.3704770477109087, -1.612696131720789, 0.7968786550187467, 1.6071247109375721, 3.1023999408273277, 2.2728535091572195]",1.0136986301369864
19,"[-4.4816493226049205, 0.4947915138075383, -1.9932337809912026, 0.5982177950112211, 0.07530599875590172, -2.2698726011482444, 0.5023807175327233, -2.7947394441352023, -2.851016585175021, -0.6548357874910593, 4.003056581066861, -1.4558571327441125, 2.430875781531631, 2.450478034789758, 0.186287767581106, -1.3854324152503725, 1.0382810433594172, -0.1753623975305998, 0.3793884761880805, -2.8690566390451817, 2.526495685546953, -0.1382006490918366, -3.4868797019457722, 1.0617344779819184, -2.049430391171531, -0.05817272250367367, 0.49603545280887085, 1.383404297263792, 2.4029573544483953, 1.2494055296787943, -0.8787567504176829, -0.03053348082805174, 1.953141634102558, -2.567508614985369, 1.5184864812782126, -0.24508434884864255, 0.771374155713286, 0.588975978505938, 0.6848473319184001, -1.9158049571300662, 0.7375925824056587, -3.32016242009775, 2.959297838018732, 0.11560165435182679, 0.10523921538337677, -0.9576141998402403, -2.3699311671787715, 2.301261976177959, 0.347455254304587, 0.779764696109579, 0.8910354374131224, -0.7413873373006115, 2.833163744891086, 3.184277290609881, -2.158472721763577, -3.4592092822567095, 2.306569213715051, 0.8679811401583533, -3.0767409277869335, -0.1311903835281223, 0.05235711185921005, 2.3095531513208845, 3.253810983081512, 1.4148625775310983]",1.0120481927710843
19,"[-3.707208010845865, 0.03684895181007142, -1.4492169080435124, -0.45313991178812474, 0.6616747932794892, -1.0418892738400916, -2.4016529650235268, -4.006646840654665, -2.2225734349448167, 0.3021750130271118, 4.007024844971418, -1.158733732268098, 1.2695528496945407, 4.643004801332794, -0.8067356002779741, -0.662929736452518, 1.0830219486587047, 0.42696999706100625, -0.9550432425979727, -2.561202624892452, 2.8954631414129643, -1.7307617427297728, -3.374935467721426, 0.23064258699721918, -0.3347947989857553, 1.0097615182149755, 0.44959547825989693, 1.6938502171560277, 3.5807309989753904, 1.7442749937828756, -1.8648684494583736, -0.277980305909295, -1.8928792907679157, -2.5489354508083575, -0.5228311591002632, 0.03347679709472495, 2.3207824766049563, 0.5340076984558088, -1.0934007781893649, -1.3393212528346266, 1.1312438240701155, -1.392191280309002, 4.164097663890985, 1.9419000817776508, -1.1083524386976853, -3.5795466330638384, -1.8778803325437483, 3.025999208648974, 0.8367677212694611, 2.0815043143524594, -0.05026403110510258, -0.9528053292924177, 3.61842535656753, 3.2662303038161333, -2.741832649517685, -2.417847859261369, 2.492201579581431, 0.7333186091381698, -3.4023290265171626, -2.070171960734573, -0.0827305455972509, 2.55260277316895, 3.9479744202794116, 2.667938140064272]",1.0120481927710843
19,"[-3.9491525434754737, -0.3733934944454961, -2.6720821088387687, -2.80363739747122, 0.1974709019899471, -0.6214820531946547, -1.3417551268884425, -3.201575778616767, -3.164747582575322, 1.0536975968659552, 3.5452823096470456, -1.1571063482516453, 3.4742691894534112, 3.698106052421745, -1.0146730727127542, 0.30475656480573543, 0.6923928990456387, 0.1910082130886721, -0.9177627959041104, -0.8228392935522474, 2.8045164799679974, -0.4799979234346695, -3.1065469029823967, 1.7165212804322607, -0.6370564672034655, 1.5129222846267036, 1.1316701308104609, 2.1234095282946184, 2.285063948788557, 0.31644078826254707, -1.189511703430194, 1.262317486826144, -0.20262793445101213, -3.0215749997281693, 0.040531481634228164, -0.5133044650172033, 0.46326036785727454, -0.0064025606594350915, -0.9786823011851743, -1.063614694829386, 3.4334730093495383, -2.6231228425892894, 1.4404553859828348, 0.8401992118307177, -3.166179893394469, -3.730679075826621, -2.8130374036971872, 2.3541363384906044, 0.11755028364676695, 0.4747782357173027, 0.501180833108314, 0.7913775794471384, 3.5318696128405707, 3.0889618795900504, -2.044198028732078, -1.4090062567062958, 1.4916479039198136, 1.116130639248336, -3.338051765280852, -1.3659283910201827, -0.4451288281390402, 3.036409860322727, 3.2370958257239812, 2.5701979220456073]",1.0108695652173914
19,"[-2.2894434652897746, 0.18066583614285703, -0.37397252200864894, -0.9295987535711239, 2.2213670665645497, 1.1340267421639296, 1.5832145945473441, -2.3188004023654667, -0.6615447549230309, -2.9552088418662565, 3.97500114421534, -1.0668872506051779, 3.0049259291698465, 2.3730103786897816, 0.9015110379548432, -0.6284318100891567, 0.6195158185664491, -2.432431762420525, -1.10261113715693, -1.080053563336375, 3.3577873930312756, 0.65278312606676, -1.001211001891249, 0.6811123158376947, -2.3136690196605416, 0.9318386965908012, 1.3778291040989945, 4.169619803524868, 0.8529662291578952, 2.2954614579031203, 3.1659545120241486, 0.1323933271993698, -2.0188780529155097, -2.9682691601969706, -2.94018228153167, -3.565050129007896, 2.0584968552215206, 0.33141010637031065, 1.228341194696125, -2.468068208788722, 0.806716801267426, -3.991688581877628, 1.2569101295937632, -1.2568392119247738, -1.1476061329667444, -4.447151019088259, -3.8982321707895653, 1.8378397558972526, 2.058933690104982, 2.908128844465704, -2.212142562729, 0.2880670816149983, 3.037241379268682, 2.818340445689392, 0.3075749484796395, -2.295120069264369, 0.8662860666219454, -0.7560833920461276, -2.4874440973665344, -2.6575384167701506, 0.7764042506481611, 1.0585689275696144, 3.108460975478967, -1.6602353872751747]",1.010752688172043
19,"[-3.147217157654393, -1.393152461414654, -2.4605212342546845, -2.74941039735985, 1.1727630906512871, -1.1916195685318924, -1.5803445624415693, -2.9830230218182354, -2.640183601986507, -0.3763448199440586, 3.033750154832075, -2.7665730503389856, 2.9569770068996997, 1.6851663294817651, -1.4570593491163275, -0.7024662019773386, 0.6733386742146463, 0.6278805675537333, 0.5125794134393044, -1.5221285942628664, 2.5721936995795076, -1.411369511401841, -1.8634173901416666, 1.207276495623788, -1.3906654196842945, 0.2932618571786165, 1.269552595510251, 3.790646296236142, 3.600550606535088, 1.5868852469024053, -0.5343486375950948, 0.8816678123208409, 0.28375517484194956, -0.9965603674049646, 0.7188894457891857, -0.9865989881641604, -0.5610064514169446, 0.26281076530510056, -0.3096171669183412, -2.1231013779639127, 0.5274076079191106, -1.5965997992016923, 2.7016369502203936, 0.13231356139445394, -1.4682291323766006, -3.765466052886289, -3.459048836040375, 2.436573113204464, -0.00997745972238584, 0.5368729126307389, -1.1160687310435693, -0.9612729287300344, 0.9623316697406092, 2.9690187231138854, -2.66686330852364, -3.767683864786478, 2.431789740430337, 1.5563861206091953, -3.402597238085045, -0.11259962446552185, 0.955829474180327, 3.221413784533473, 4.080770616188222, 1.5908166182145682]",1.010752688172043
19,"[-1.8721195959356558, -0.568989045038736, -0.771812880647921, -2.427019019866126, 0.044818580457683055, 0.07245441655399376, -2.3415243537129014, -2.3845221927819007, -1.3203502925423707, -1.0503331064602124, 3.389203319341143, -1.088236155058908, 2.0049383715850255, 2.0168691854116214, -1.3795075551078066, -1.2590059115643655, 0.47717690418564285, 1.101073087603697, 0.631999906247166, -2.2848737328994666, 2.6130857880894407, 1.052887251203377, -2.3740637944709113, -1.2311171415713855, -1.1308730909032187, 0.37177371395871317, 1.4861114970578653, 2.9317207192075836, 2.941853504324392, 1.844339364624315, -2.1710125483176608, -0.43532181042905826, 0.07176325180055676, -1.7488374669078128, 0.6032097825758298, -1.3398192564169513, -0.883000864407768, 0.7282123362469265, -1.8242256536583683, -2.036258772532776, 2.2656644306123135, -1.8479530554980859, 3.142028177152809, 1.5808116966619936, -0.1962239692651726, -3.4069771651940086, -2.3749038261874187, 2.1262921431886, -0.5917582345736362, 1.423931657030089, -0.6313795246724477, 0.4594576491317852, 3.322869766207885, 2.6368980212829993, -0.9289272307219716, -2.546722451180504, 0.37530824413019226, 1.1832468803611857, -3.4140647245861473, -2.1998619986849373, 1.013407377510097, 2.7869205597719895, 4.124105442550384, 2.9278261164971005]",1.010752688172043
19,"[-3.216883975838079, -1.1850080968291246, -3.09216591010274, -2.04240943905825, 1.7639398643032143, -2.073536014968541, 0.2682561270509638, -2.170050681603507, -2.9407824239296128, -1.2262749110514157, 2.899134125800439, -1.4704351232853532, 3.2320725574569638, 2.9641548815248284, 0.12976367016696266, 0.6120543096548868, 0.5820273337814557, 1.2865149597263947, -1.6602685057545499, -2.546962737953412, 2.5303799862453253, -0.5669143524352765, -2.6600882118078952, 1.061135745511828, -0.09078782540013795, 1.356754586867499, 1.4246148466094437, 1.8465856852866107, 2.9635960428273447, -0.05435157706844196, -0.40936682102777466, -0.6000625099393774, -1.6554674220068566, -2.834852159512166, 1.1137472475690529, -0.18433953190746505, -1.3831834971188672, -1.2215693358339794, -1.6135012482614368, -3.3424804208805843, 2.7119026139150755, -1.7338036778037524, 2.3344308874232325, 0.6170342876199714, -1.8453759947351025, -3.7124793029363725, -2.6939149724973923, 2.692266968566142, -0.5199142244424129, 1.067231180390089, -0.4781122004550691, 0.17006395866086263, 3.273430050691426, 3.7029855717745312, -2.7367192616797626, -1.6694700129315836, 2.9571059127613553, 1.3025129234938035, -2.4582667951161534, -0.9676834549328748, -1.3715248390273747, 3.1273935757875964, 2.6559228012368945, 2.121072922940704]",1.010752688172043
19,"[-2.996291941156658, -0.4062792010900257, -2.5165679599814545, -1.9407221979723843, 0.9824836274194222, -1.6522386565902056, -0.15458317440564273, -4.518476237020174, -1.3073120813925212, 0.7689128141530234, 4.014167369364452, -2.4661599658332793, 1.7691009946787553, 3.8247263580635886, -1.8302662814735648, 0.3498162108973125, 0.6011492491517649, -0.3293251780571226, 0.6721519312448904, -2.5395801149540094, 3.3409996261153254, -1.0042371510974517, -2.7827645209632945, 1.3266494771628414, -0.5678654231352962, 0.7107635873482034, 1.3714011326323072, 2.3105798552910746, 3.456004641994536, 2.81506491481569, -1.5822343165468427, 0.8429196138310555, -0.5517964178433172, -2.3691299638798102, 0.5180361839912989, -1.6692842895474396, 0.06164754772294623, -0.3896338758578432, -2.9670831509688966, -2.4449368334731383, 0.7635185219487419, -2.323170717018193, 2.547006692186155, 1.5968360451059964, -1.8414475023708925, -2.66536589917557, -2.5889159647523754, 2.1452600026518325, -0.143003235745643, 0.6092907134150011, -0.4060563331604806, 0.8175377859823851, 1.8740624266118622, 4.1848528544386925, -2.7378201401613627, -3.5453869382479803, 1.1234927829636148, 1.6961602862823684, -3.1754309169378883, -0.7425102266142974, 0.5683930459780155, 1.7356682523896485, 2.5358784177874916, 1.423719541270307]",1.010752688172043
19,"[-2.9445044212246985, -0.456223534356228, -2.842509424131818, -2.8376476955899155, 2.4584126707771894, -2.0350440598079134, -0.7083316950894619, -3.701533808977584, -1.2346696952606604, -0.22274033038648527, 4.001825218979737, -3.70911264011508, 2.1867592270474527, 2.109405268149898, -0.7763587974242874, -1.2183853820833463, 0.6256741489900473, 0.7383332928518509, 0.04504062627573874, -1.6746462395466695, 2.8848478351481504, -1.5907454952657765, -3.2958912456869034, 1.8411621605154584, -1.4633942284042294, 1.0279622068669159, 1.427393815322328, 2.0759988592372656, 3.2296287796781504, 2.475224040449305, -0.7259796744048347, 1.366849293179857, -0.8181372657789083, -2.6617894951099155, 0.45416109547655276, -0.8549054376509404, 0.2046197895432329, 1.0545047897630537, -0.7185800320310528, -2.6559856034048157, 1.0466467174969583, -2.1361570631217077, 2.511265678911948, 0.30193614861304696, -2.748977458367108, -1.7450496707714551, -1.67464974793347, 3.0681883829192014, 0.7207568838752217, 1.0474145361809108, -0.971780142937906, -0.9621894289090264, 3.4137642731476134, 3.9236668499322795, -2.524969351885483, -3.2536466897000484, 2.928106100561898, 1.7487405883390088, -3.4248749859055994, -2.3825528650471757, -0.841110614892256, 3.781656033258991, 2.599007057250807, 1.658440327407955]",1.010752688172043
20,"[0.333205039195579, -0.5376938485918413, 0.3103793854768498, 1.9753778404054063, 4.130528912839161, 1.4536762846532716, -1.8943477451031765, -3.360642846533114, -3.6361844339270797, 0.3137636074939066, -2.3259982075223364, 3.541070590026772, -1.54446926208654, 3.1543713573964522, 1.9645661258133544, -1.489132429796878, 0.48234323839436666, -0.6292003254603526, 3.6901183944692364, 0.5988686498810728, 2.456023833850641, 2.1325637378903766, -3.5011047537959588, 1.9714219030164466, -1.3570484888434942, 0.4938598869046394, 0.027943574316545206, 2.2968815361734376, 2.8629119733807276, -2.5630223506623118, -0.571356813375755, -0.7567887301961876, 3.8400895438939355, 3.5522051357125877, 2.790262834720775, -2.9851550301492438, 3.4543219755522268, -0.5538069184574681, -1.9179677813157066, 3.815783739072416, -2.239232354996221, 1.9611127993995612, -1.811834549345219, -2.8714704847016033, -0.39106781417082026, 2.130966031685838, 2.9901754784759964, 2.7960107793912834, -0.6318179496964486, -1.6282032952370302, -1.7387131746750766, -1.4755614184091108, -0.3561092120341879, -0.13612287766192566, 1.7228533136620623, 3.0911966795170924, 2.0225363712065443, 0.7082584942970807, 2.036390520210219, 0.3498600141206111, -0.6347669312483328, 2.2806649830461656, 3.546574132542405, 1.1543075335260364]",1.037037037037037
20,"[1.034239344267415, 1.149333015552869, -1.1658649307871416, 0.34055119953427143, 4.136190933400692, 1.8295047434466696, -0.9117826176474233, -4.918806454263106, -2.7679105284492618, -1.1479706927384683, 0.4267791310557111, 2.869719940290861, -1.2023216967541708, 2.720402388685495, 1.540672290845448, -2.1726925237900176, 0.5722943172371248, -1.2407044766068065, 2.4935911112066056, -0.7709563911206115, 2.8645363496675413, 2.957879631190317, -1.39775410231114, 3.557933576415241, -0.6060910510558304, 0.45042304413740275, -0.1276115648950925, 0.1966917504333653, 3.591695571908934, -3.4402290885103533, -0.37450667540296334, 1.4056378948954324, 3.042530600256664, 3.224151280859827, 3.401578790374275, -2.2268471709634414, 2.681092685429026, -0.45602563925285255, -2.0094439758555547, 3.1208160409550225, -1.8924296068498798, 3.080297777403958, -2.4817220795508916, -1.5310089814226981, 1.4456635005020408, 2.70246319104923, 0.808708228137066, 2.808497289277998, -0.7403599089531717, 0.44098539647869034, -0.8511651952339321, -0.2212040088722496, -0.9675616340675012, -0.5808753349098283, 1.2349925118808818, 2.538001660083146, 0.5866650837258356, 0.8184739123354839, 2.909097011151966, -0.7808832575681528, 0.7222009628671516, 3.5108186715724248, 4.119512255271098, 1.1029449006272865]",1.0333333333333334
20,"[0.9819957081656762, -0.27824041156694296, -0.9735370082955588, -0.863792326685035, 3.9182665074168663, 1.7922332977126505, -3.886841766027811, -4.218090017190367, -3.788908143473928, -1.208358788906028, -0.9702476028231195, 3.791718879840728, -1.4645953927827515, 3.392417995823228, 1.3708162167202582, -1.8885785152073797, 0.42234304876663736, -1.5361004069732336, 3.3913135243170993, 0.31545519964546487, 1.9067270944840353, 2.933502447318836, -2.352716048777608, 3.5265113863874813, -1.461481388938863, 2.228087719039417, -0.047098777042146905, 1.6197688741838534, 1.666034935239387, -3.3357863333736097, 0.29591029197199903, 1.3156124781700522, 3.8381686265800843, 2.1206136335230257, 3.6236728751315503, -1.937861097765543, 3.4146879307486593, 1.568028577562189, -2.6102005767345124, 2.540691334966768, -2.383151145355979, 1.9136263978758823, -2.8415763964215675, -1.7597292232505415, -0.25268956689648064, 1.8975166120024114, 2.9629011455383787, 0.891662832792668, -0.962596138763993, -0.6030190341269205, -2.5839733011749804, -1.4513495964098329, -0.24670781852754564, 0.14201132287600765, 1.3699273574448372, 1.3696019575113079, 1.2216178278003018, 1.3281682845119467, 3.3253667890730405, -0.15615992116174449, -0.7946517592897587, 3.6148115393513987, 3.3003515667357455, -0.7557574388264576]",1.0333333333333334
20,"[1.012866883552497, -0.6242154707590251, -1.0832760102021237, 1.126506797340946, 3.7271941240710165, 1.0752080605598517, -3.6738370579649606, -4.475865159677612, -3.171666361167376, 0.6400893383792308, -2.2867813742257663, 2.993568751903507, -1.3878416026840248, 2.9131393225493696, 3.172768906749247, -0.5655560935006534, 0.5719206691046858, -1.3498681054076376, 2.4026821967873886, -0.00010914269531969722, 2.65065888584215, 2.6381907001114224, -2.3191637442807185, 0.5449012919323839, -1.2065797976042916, 0.12538759892507179, 0.11540312820737082, 1.199796355574866, 3.596699023954968, -2.7296584657522125, -0.3249131490529561, -0.16542877783511434, 3.0536192184475563, 3.487705856077371, 3.1538253679260118, -2.285168692685244, 1.7182251474095802, 0.01586096238125722, -2.373655200589125, 3.2384075192278323, -2.574031690914036, 2.5817979606617785, -2.3032901111574438, -2.219018027480561, -1.5441861482519372, 2.7021029051119543, 2.3654976335674314, 1.6065123451871797, -1.0229867922872193, -1.2181055451874498, -2.4232911269847177, -1.6006282079031569, -1.1634182459395062, -0.7850815406936122, 1.9859541156071916, 2.114675000779148, 0.6688960128179066, 0.5146388566307482, 2.0511173528608793, 2.0782530928133234, -1.153819517150217, 2.2402668518318585, 3.855120831067598, 0.01253488940204929]",1.0333333333333334
20,"[-0.9334839074194885, 0.11590529627574486, 0.4596582543226265, 0.8482716271655373, 2.979416615669289, 0.6752347832927063, -1.9381561686168622, -3.553961335983551, -3.211549853615956, -0.27628224101222726, -2.1992903651306857, 2.519005954555658, -1.4069663024283159, 4.047688294601765, 1.0242569716552192, -0.8498997869981681, 0.553340260782447, 0.6919286674823758, 1.9149427390105729, 0.22465715673742823, 2.0005635675948295, 2.597258365622989, -3.4028145412434965, -0.12657099544910477, -0.35103368612761265, 1.084768327788397, 0.14586993050124525, 0.14956329422528125, 2.4630240345989334, -1.0261328154096183, -1.7496510121431568, -0.29561936209532985, 1.994697614997522, 2.613595399355373, 2.582315846410337, -3.664183461266273, 3.2177625582408655, -0.2663166768839552, -2.790018558126718, 2.6864965354626986, -2.0167316605117787, 2.45911215968898, -1.4307803328906146, -2.673737150959612, -0.9298007320484054, 3.0312424334819323, 2.6575273834633713, 2.105818722322823, -2.2549376234425305, -3.0852319350225215, -1.7973160040687688, -1.5802723750084793, -0.8176371572715857, -0.6535749693080647, 0.5749963270147566, 2.3693877365192955, 1.1050804000269119, 1.5767781136789853, 2.121627002905285, 1.7226154004577514, -0.7021569952996551, 3.192087678424479, 3.8742099104750727, 0.29360752544883134]",1.0333333333333334
20,"[0.3793143835129081, -0.28700849472599455, -0.01470256011600407, 0.7667316899726062, 3.9978156886530183, 1.3891258607992105, -3.8205005869408626, -4.861358722972523, -3.656385723345171, 0.3123762293967093, -2.021098007494473, 3.8453984376272645, -1.7400145331368106, 2.807992265928301, 1.9841402244843773, -0.27920370866370325, 0.31705191209924466, -0.49438834729157405, 1.5343476355222967, 0.8575400178427869, 3.347929662504429, 2.4272756114841716, -2.6029294643137018, 0.9623470139085113, -1.157069978496927, 0.7376378614488647, 0.05115224375704386, 0.6809207135531379, 2.1189652847739024, -2.4753970305583457, -1.1884794995893444, -0.4881004004100121, 1.959819619568521, 3.0294191279960216, 2.145959338937015, -3.0875979990633056, 3.4480815988821956, -0.9821930422509823, -2.9089904623573943, 3.16129282956294, -2.098557187254074, 3.1411970276658057, -1.2401197528619952, -2.7288255266529418, -2.0092890309305007, 2.881173439018887, 2.162680503201931, 2.084504244800645, -0.20877584330620236, -1.6581638630218647, -0.8623161010769358, -2.358218304395551, -0.41594115077913596, -2.4533064296490275, 0.5411620513984059, 1.5877171515542234, 1.5013002477735362, 1.4165865976502954, 0.8963829505914367, 1.2872855410860176, 0.47939309698530935, 2.6909447726087006, 3.8849300397814934, 1.2312484364346366]",1.0333333333333334
20,"[-1.1434876737675355, -0.011359685150332394, 0.38192901930643974, 1.2027082429636957, 4.088809966721407, 2.090424216491045, -3.167296995461012, -4.289454479282074, -1.981901996441846, 1.4181054484481876, -1.5694594941003714, 3.809023691805036, -1.7973040944526544, 2.6372093016204037, 1.8276176212585966, -0.2899384706749973, 0.3138228360504576, -0.702073324478169, 2.3211066958357645, -0.1928633954504989, 2.3266700135063116, 4.157632114244631, -2.40799698004083, 1.3358783358049722, -1.9181658951103278, 0.5593728448971365, 0.014336084782771985, 0.005630138564775122, 3.3523142727661863, -2.2498785578839278, -0.7656331401196417, -0.5989957845784109, 3.2705300412041787, 3.936811883475736, 2.910436764329562, -2.2730537189007185, 2.870941393197352, 1.0226596841189013, -2.8231481300024712, 2.7495065007696877, -2.5144776283531507, 3.0492256739559602, -2.317713868576617, -2.967091338316594, -0.41301910396610586, 2.4742173370725435, 2.6368709848318965, 0.11801053017596463, -0.3519625075382353, -0.5359170787320815, -2.249679527656783, -0.6271473690723834, 0.8045809210033262, -1.021341693544161, 0.24981137032412049, 2.6805875687698637, 0.9790534771437004, 0.8157929962855591, 1.3497349999190362, 0.8822957843004535, -0.8697309918115086, 3.1968097902510797, 4.212781808768679, 0.7114525089116083]",1.0333333333333334
20,"[-0.029746990108803606, -0.19702698698227694, -0.43012804127102866, 1.331043553323014, 3.824949309280831, 1.1996635213927642, -2.313796900669256, -4.7001196634669595, -2.5971378932693643, 1.0191052085962418, -1.8936205943245874, 2.1384658058037767, -0.9392245568511992, 1.9848840430285728, 3.525677401088802, -0.014370647446876057, 0.288528400109281, -0.23265417982707348, 2.382029097364092, 0.003297536943903223, 1.9343164432612618, 1.9300656534654304, -3.0964547229387556, 0.7335033199454584, -1.6057227344230904, 0.4122233168561754, 0.034372642058896785, 1.5482401400103614, 2.978409277243677, -2.2921844685440607, -0.40941472571468124, -1.409249687083805, 2.616713337662151, 3.9215346553007273, 2.3046214409996315, -3.305523098800508, 3.2793606840079286, -0.4046793424683278, -2.5180066082901615, 3.16173728144482, -3.384412167151292, 1.52663340313958, -2.082383210425796, -2.724694081347164, -0.5501021694582011, 2.9597055879350482, 3.022571612633159, 1.6643814510095143, 1.0247605003822375, -1.713156422054683, -2.1319860026787407, -1.1530593187388205, 0.7483161724764889, -2.465214208017466, 0.514946545685139, 2.6747062376701236, 1.4536126798738471, 0.878493702718909, 1.9825703459691213, 0.38471422149804446, -0.9342210082952407, 3.1258575164767595, 3.821273469788914, 0.17270835881594598]",1.0333333333333334
20,"[1.6002969806072969, 1.2547444134836772, -0.5861607076402853, 0.12066181113463514, 4.079273329835299, 1.7831544066264553, -2.287330919916822, -5.005762062402428, -3.1531460196937, -1.2625149789768872, -1.1874674538286152, 2.1114266594746596, -2.0952468825500308, 3.371809316161631, 3.417373662451888, -2.026119691452281, 0.49074375355758953, -3.00586102720697, 3.6430169215007244, -0.4545412203687186, 3.314206613453843, 2.796266189352014, -2.3212365082081394, 3.4734450774707737, -1.1483415335212372, -0.3568525945004182, -0.025319350677045105, 1.567275846627646, 2.224973493796258, -1.877351004757132, -1.2229477997810347, 1.7659045769646515, 3.81932931515418, 3.7541724216256345, 3.620389298165957, 0.4287908389951285, 3.4269037977710624, 0.7081874451584245, -2.7298332090094584, 3.3747477671874297, -1.2058185557501397, 2.6478135972871724, -2.0637358112084585, -2.798973077332343, 0.09527374836851332, 2.975517003542074, 1.3924314001798732, 1.2407582691464305, 0.5432628238151854, -0.3950028468982454, -2.331069214679555, -1.8067684241079771, -0.0006866708369950292, 0.9021335024939585, 0.5251879452372366, 2.974701275600241, 1.4259254402836083, -1.1618082680368595, 3.2125750575515073, -0.8304852042683807, -0.5418149033277536, 2.5799254928436537, 3.547404104787246, 0.03783266962740178]",1.032258064516129
20,"[0.3807606875442936, 0.7731307372761554, -0.018835050411666, 0.3236365478046154, 3.1753978983540576, 3.2961206872039783, -1.7303806414687937, -4.917229878601193, -3.7894608790369877, -0.09534222236939494, 1.2625245717873304, 2.1016620713670466, -1.38220088349099, 3.1778799905390946, 1.8344031756244354, -0.8663645814729732, 0.5334173124832486, -1.8343093878258006, 2.2096785965884442, -0.09789904898799401, 3.3560472287262857, 3.2717303667997912, -3.3142374071433256, 2.757391310103377, -0.5300493226548408, 1.2919385582799807, -0.05165055730489021, 1.1909204977359187, 3.200483667166746, -2.107347501328928, -0.5689797731045706, 0.31633499404074, 3.3082887831958794, 2.919434187955858, 3.6219536607762297, -2.3198739172536342, 3.236404196571219, -0.3136289289024945, -2.8174893943700092, 2.4268123698138004, -1.2144792613190123, 3.0460262105867093, -1.936568192872926, -2.8481804719178836, 0.32228677644331805, 2.1737752949860747, 0.8172015549298279, 1.2721972692700718, -0.9220708434913889, -1.1985369111062294, -2.7439447911197132, -1.0984165945809103, -1.8609289268428963, -0.6408220127675036, 0.5207260080938836, 2.0896181624321453, 2.248626830772044, 0.6132916418710237, 3.1742775472886042, 1.1374251416540508, -0.18370661192065407, 2.86108494625289, 3.8968331363897346, -1.3467800698429835]",1.032258064516129
20,"[-0.24619983863394349, -0.015721426429307198, -0.34165285860830713, 0.9378132878402591, 3.8408220321629374, 1.865708329456212, -2.9351482923065335, -4.417818381112552, -2.258125059681956, 0.3475759805674082, -1.6789538083031075, 2.4443237549541594, -2.007630871421847, 3.2601614990171823, 2.7853094394352307, -0.770946134857448, 0.5540773014444916, -1.1323449352714392, 3.2957661301242194, -0.3060361213021179, 2.7440559907459567, 3.322026279698768, -2.9374259433054526, 1.7893949755657719, -2.0971051305086226, 1.1307018241997053, 0.13835310070949247, 1.2261004519543126, 2.7299949601802775, -2.8561730647714363, -0.9941721044372618, -0.8942226595505085, 2.4041483102441856, 3.931454375911402, 2.776865272866124, -2.666524673984835, 3.3972945472859637, -1.497500194465437, -2.9637497472672973, 3.222572258677505, -2.5061771791372416, 3.1357697529556416, -2.769992430462666, -1.8718214032545832, -0.8694390791777574, 2.9090107845459467, 2.5548464114990197, 2.349469429377641, -1.4158409236076555, -2.017718830949736, -1.8453959688246213, -1.9105919114883, 0.13379472030327774, -0.8582667508904886, 1.1202502281973792, 1.6839136593521236, 2.1821452728835715, 1.3035536620421757, 0.8538730547620272, 0.9595165131014, -0.2336990737107379, 3.250972252380626, 3.6279366621218516, 0.4191884898505494]",1.032258064516129
20,"[-0.15321351198629551, -0.7426908693481669, 0.3735809694527644, 0.9549174419967695, 4.116490435384464, 1.1669140667694675, -2.8663030458021956, -3.96405683129643, -2.086482767423863, 0.08500692148179412, -1.589034192144807, 3.3657039028914957, -3.193661838277756, 3.2580699741729093, 3.0776424489890797, 0.5777753859132596, 0.5691511232685441, -0.6732169118413922, 2.8639309938879625, 1.2777891285007237, 1.6141925361840974, 1.8305791981562152, -2.3367281576334062, 2.2615444682698636, -1.266698790346575, 0.7143003833661707, 0.17669810341277076, 0.868840917813989, 2.0400493920594927, -1.6727838136766122, -2.032031897768276, -0.35879308408934585, 3.771091932188546, 4.288593611476548, 2.744290028269003, -2.416502534349255, 2.8110237790252794, 0.8337246742998368, -1.3835858140352961, 3.707929497396902, -1.3755901228713414, 2.512615921457974, -2.2399754948584985, -2.3103447032656916, -1.4378428045251097, 2.962018568633708, 2.1088602286497395, 3.111570321752892, -0.6942329424822615, -1.9354022708437362, -2.2315577502050075, -2.364172888664387, 0.5309045790485265, -0.2224804307811521, 0.6938161329075576, 2.6971012672655115, 1.335591533567028, 0.5687509873318242, 1.7654510521715803, 1.2876844391000883, -0.4706580971098453, 3.3970984773780977, 3.884750704118988, -0.07538209933473533]",1.032258064516129
20,"[-0.254744834681671, -1.0354957050921578, 0.5012228930175309, 0.30023052964227925, 3.055665450670009, 1.1102551809454195, -2.825856843533752, -4.4979897247622915, -3.0636728290656587, 0.7795818935653487, -2.217649161605289, 3.7235969230879826, -1.7578081965147427, 3.939097026020319, 3.214924320729607, -1.3672639865423575, 0.3710225705148352, -1.8358520539151413, 1.6442969754560255, 0.7899802868427906, 2.644332024865957, 3.9636188083817494, -2.8051983523711943, 3.1036734401365407, -2.08186714642793, 0.0748894586849628, 0.044631069247023265, 1.2691340897950707, 2.730183673127946, -2.2414762648211206, -0.9321289418400432, -0.5751063374814346, 1.8598360670037335, 3.453827819701815, 3.126443355834027, -1.7911502623204443, 2.530960704222168, -0.7315755756035617, -2.847785627493282, 2.8659802191479216, -1.5589407235590111, 2.090618946171563, -2.0423453794744653, -2.9687287594600145, -0.2674433329625621, 2.85318568066034, 2.7224596234873006, 2.388117435806252, -0.5016280332777314, -1.7453564200443417, -2.7652760778272536, -1.5645548206460806, 0.7906717531992032, -2.132156188823591, -0.00875159710317952, 3.2288746114967664, 2.73142750481027, 0.6132930372789468, 2.9273969049126283, 0.44820594341584175, 0.4343824461481989, 3.696711929962548, 3.769382245400125, 1.9512434408327957]",1.032258064516129
20,"[-0.34743309473230866, 0.07844233298002326, 0.9208918310774066, 0.773377689563701, 3.9974492571240137, 0.8634719264319202, -3.870929734862033, -4.289430731445262, -2.966454069641894, 0.006450470677632492, -2.386404770113368, 1.518808713946186, -1.02811934562291, 3.143193326856616, 3.0431651030096267, -0.8388546830866872, 0.38386237547772073, -1.0809876442679691, 3.130053448281058, 0.8332014119182062, 3.1828637617691973, 3.302472243597444, -2.2795017582281676, 2.208928545721434, -1.0246847053238177, 0.906672805597303, -0.013898962824266614, 1.1673685173680266, 3.4889886255034863, -2.846660033212923, -0.6981312071444485, -0.028935033290069245, 1.7749281504232675, 3.991040340917599, 1.9737292608425543, -2.397898872730484, 3.065274037093122, -0.09033944113909001, -2.947495851786002, 2.6169217429193803, -1.8976845889952234, 2.4725614731709213, -2.5216254300641383, -2.4366700799031142, -0.8905840488356422, 2.5229333592399947, 3.0305275131984724, 2.5252877124128124, 1.0200757925953718, -0.7449323048579257, -2.6950626978653585, -1.408649138701056, -0.41151251997677474, -0.8392729598286033, 1.9093757910506821, 2.299873913182555, 1.3419870100471558, 1.6131451255653062, 1.648577639590188, 0.911626570868179, -0.429725922470044, 3.444511222603902, 3.5507486206606256, -0.20503286517972305]",1.032258064516129
20,"[0.8163950048142103, 0.49322581480640715, -0.522882172433048, 2.119802612352443, 2.9583354783685216, 2.1154240831240876, -2.9219751863949663, -5.0642124203975465, -3.845462181964806, 2.107914601661954, -2.041644796673799, 3.805096298720268, -2.818973930101548, 3.804292291083627, 3.807381673873596, 0.04931606017706841, 0.247540430229356, -0.9171989044121609, 2.874940340731636, 0.21928708573382094, 2.1982396997027376, 3.6078078528245836, -2.3866336149865375, 0.5973213786426141, -2.0419267811702273, -0.06775453237104784, 0.03332150804842425, 0.29348615275940904, 3.498585207947976, -2.2447873622909706, -0.6780978507184537, -0.590043794869687, 3.0725439830244685, 3.8004613062803747, 2.5431468238114414, -2.454506187099022, 2.5455255752796226, 0.4384118221482529, -2.9572336852428625, 3.980915779119268, -1.2519711115488237, 1.5987221363882105, -2.815139462989168, -2.130509625488066, -0.8993736143763369, 2.8780746538104705, 3.1250101915527893, 2.8629342676235625, -0.7264676521934346, -1.1345599191982592, -1.2158629750867018, -2.4609505361882458, 0.2679973528068866, -1.2938299322005107, 0.7155004980458536, 1.7981472169229822, 0.46257243668968717, 1.1783313392189383, 1.3045104680766564, 1.1087012094909132, -0.15028407322362491, 2.260790558738048, 3.3840350040604963, -0.18104734709626275]",1.032258064516129
20,"[-0.2837241618858372, 0.20080959525609382, 0.03483613138228531, 1.2689056448755118, 3.4478811264668363, 2.7708098263223597, -2.6766788686519187, -3.730628395292157, -2.672550666827428, -1.1309701959550262, -1.8406893049167414, 3.128107197420119, -1.1993215032791869, 3.3990638194511207, 2.703476146353818, -0.5708450783923881, 0.41333258245664467, -2.1436443134507406, 2.5888460832039737, 2.1914079525021513, 3.0585107361286523, 3.477558843145534, -3.4923359316561213, 0.7980494253950887, -1.6980334352573825, 0.5786793602212467, -0.004612666183932079, 1.6352266377169526, 3.5979506197577034, -3.773348990541229, -0.8350465344712513, 0.014031969311021464, 2.034254194224727, 3.662548505708793, 2.4967153363104946, -3.515318233756034, 3.3479705343403627, -0.2560361142942331, -2.5711552830273816, 2.887128897320663, -2.079867851472652, 2.798101907026959, -2.513932024162267, -2.7095300645713447, -0.08743853639124066, 3.0471883575288126, 1.4472113962632291, 2.6620803607774013, -1.344737154682135, -1.8409371831160901, -1.8922202704898707, -1.1995854235302752, -0.9717303220367854, -2.5157935595335466, 0.6854363126981611, 2.043843809508313, 1.3923252289971084, 0.9408729761653323, 1.3085917426940128, -0.34390806624266257, -1.4576150397204106, 1.6573600609720223, 2.245316426723207, 0.34939874966104795]",1.032258064516129
20,"[-0.6289215609371986, 1.0359283140171027, 0.6164985822078741, 0.00877748970075315, 3.7353329921060436, 2.809910519979287, -2.0960869353020084, -4.366208991216077, -2.76280980186122, -0.7033173397313743, -0.45718420723972525, 1.8030774496617024, -2.436452687044928, 3.303153220854866, 3.3807130434131345, -1.8253769035782912, 0.5291510718952811, -1.9371640484719437, 3.5392971260092123, 1.5541703040526018, 3.3542460664010134, 2.52984177160494, -2.844874120282585, 3.428195806690815, -1.2686931555421217, 0.8965388461943631, -0.03864949318619082, -0.018783624224703033, 3.0027748936445953, -3.3096531731665237, -1.3326562980343857, -0.5696688600662299, 3.044676634387436, 3.1354681894124874, 3.0449443911655805, -1.095309042549263, 2.8948492126081455, 1.1483594242524855, -1.6622767478677423, 3.889211896171378, -0.3647356891798934, 2.0028490908741134, -1.9097965321903803, -2.9597161847481726, -0.9103686188553097, 3.0349916410054276, 1.4648904315310096, 1.1941174669146628, -1.5795950117650224, 1.4687977502396572, -1.1986293474658047, -1.5060119236804517, -1.1000358017747631, 0.11130350651482201, 2.521073828513787, 3.2853835455762557, 2.506023963876533, 0.7919287498442, 2.148715649962706, -0.8352240061385242, -0.3862717532180393, 3.828963895306225, 4.192663461655408, -0.48868756640648897]",1.03125
20,"[2.784057849407914, 0.08341126491041187, 0.21126759766141878, -1.1780432138808097, 4.120841959323874, 2.1606815992633286, -1.7160077217250533, -4.967615998751922, -2.980307403022122, -1.6657229959375432, 0.22700056751433373, 1.4327465114902724, -0.8732925755918245, 3.947401480009599, 0.9386688000569361, -0.44056319363196045, 0.35838734488991053, -1.9414802243679836, 3.3278688338571736, -0.7605127413825836, 1.971518392117544, 3.2566095349587942, -3.3818765163871527, 3.021013306110611, -2.2109604099690894, 0.09402121264059837, 0.04380284836649345, 0.16382972806895701, 1.793444074873217, -3.505478137179235, -0.047208883285288605, 2.374273027312172, 3.042652633786394, 2.237982214766776, 2.4811189725135243, 0.09569899151120709, 1.61142081408238, 1.375793686060284, -0.7286224093494744, 3.7006321132576465, -3.0904400039116795, 2.886300390430453, -2.867439041680104, -2.2523000360562078, -0.5107615603380289, 2.267525740122492, 2.915519663305147, -0.5912653007737041, -0.6765119366857133, -0.660630760530628, -1.916479352809362, -0.9110559532730602, -0.47188536557276384, -0.3899468086687388, 1.1682573960052793, 2.57565436882119, 0.9388836463575895, 0.3143531702514035, 1.557009941430326, -0.5801408303808882, 0.7625436890028783, 2.455893472546623, 4.213855819692825, 0.29593716265575953]",1.03125
20,"[0.5556314223744389, 0.16865926431103034, -0.18176070331923858, 1.4086536382297066, 4.136298229539041, 1.4982312196449044, -2.993051364766999, -4.868752930738853, -2.4516955045024003, 0.2789799525439831, -1.5830226829328695, 3.856692894499537, -2.528696882677023, 4.022553179819092, 3.7347595427323403, -0.35106747108061864, 0.36837571913792977, 0.020552912395498668, 2.5374350518442275, 1.111527669329142, 2.2774913781802875, 3.580723240383421, -2.5567163369106867, 2.844240656225759, -1.473414475439505, 1.2720654008042709, 0.022425800315321737, 0.217333455108762, 3.5974086730000088, -2.653418945444112, -1.0054962039859154, -0.8608244714009174, 2.4951212900815696, 4.420115898798307, 3.576818123204857, -2.4670660814469976, 3.1336625313728566, -0.18869051960911626, -2.9425721026995917, 2.973124400664551, -1.1500228904425853, 1.3342592042022696, -2.8771536522245915, -2.9546902093380196, -0.33274438744175366, 3.006817636125421, 1.6792925615097194, 1.4894758906634875, -1.5464763227575684, -1.6009317405878556, -2.171818301564864, -2.5783966139996153, -0.37761681623621557, -0.44162150770354647, 0.7737900253075631, 1.8289623231288508, 0.6704869614069575, 0.5750672954847111, 1.258523825640347, 1.2301565722845162, -1.356181729256228, 2.542077660474771, 3.6696999702696687, 0.6152143464761854]",1.03125
20,"[-0.7946899063225786, 0.4861615527611297, -0.024870010438381787, 1.6178732303302836, 3.2005110718762735, 2.351384509035758, -3.2087697507451227, -3.359723975320744, -1.1495743195489259, 0.7670525442454058, -1.8806341544178247, 3.0395272832380726, -1.214325142352925, 3.2894618805306366, 2.8651509067462193, 0.1931935321364369, 0.3283256407234318, -1.4900524495449703, 2.286957151319797, -0.005446937402825536, 1.6482016262330372, 3.184734156792546, -2.2421018393490986, 2.051094732589223, -1.1617574132754385, 0.5396756529030189, 0.034796996235655187, 0.4673686656781696, 3.305483716034195, -1.2211431790232317, -1.5183697723785043, -0.6452018072633864, 3.082211756885156, 2.2390950206149327, 1.8111873681380286, -2.6771340013064373, 3.3560753531268825, -0.23797216372085334, -2.720963322404915, 2.4641323412794733, -3.5176674926454155, 2.2712551636357827, -2.8829194390818125, -2.4349253427603372, -0.46354530176878256, 1.7582096852256908, 2.030176596339528, 3.015862963755056, 0.4813925780439985, -1.6710102409902354, -1.4634619244085831, -0.8784237790278966, -0.6600163989048085, -2.1153908576392326, 0.756450143791473, 2.447185338354195, 2.3096343515401014, 1.5554379503061118, 2.318512689398797, 0.796466848404623, -1.4030443462764959, 2.4028979078693373, 3.3754242876511342, 0.24403913057751397]",1.0303030303030303
20,"[0.32814302871972423, 1.4032373385922905, -1.379385023009731, -0.9968932783105137, 4.135959348648707, 0.5430526151065338, -2.2145425932471863, -4.997224683244756, -3.8155345618561314, -0.9867543462389767, -0.7839567819739137, 1.364580759607287, -1.032409008794841, 3.029548547503366, 0.8576532047473904, -0.9038808460666689, 0.5240004939216066, -1.6159183724536048, 3.3003605205802877, -0.6153200032770154, 3.137277375135973, 2.2360580428601335, -2.992407384770813, 3.209389959731076, -0.2810914368152352, -0.41415722609693284, 0.03632939208689562, 0.1330413660628933, 2.62622326776117, -3.0610515707272166, -0.834951374479942, -0.10489127384729302, 3.857157452212983, 2.9215844317926645, 2.0008209436862257, -0.476914683565563, 3.2381258915261766, 1.181766793888312, -1.8798124037293436, 3.2903380183176254, -2.224753931953857, 3.046249949528927, -2.8830441055735454, -2.5247671236311455, -1.1135265178597362, 1.5396618648523277, 0.9115861172758838, 1.8932595076391197, -1.113554391061834, -0.3978571705701703, -2.255216691208481, 0.4438184992611358, -0.32049755863062895, -0.30350564016690806, 0.2785371485355095, 2.512947223394054, 0.9633747091847157, 0.9534211596182803, 2.9399278268919327, 0.2087210950766114, -0.18665463043044075, 3.7046099656765694, 4.195864086385478, 0.23051877212177058]",1.0294117647058822
20,"[0.44994627962510336, -0.16101915632637928, -0.08368227898111186, 1.6301838583869226, 3.6539703329320634, 1.672188416131742, -3.6038223589718648, -4.651746172984958, -3.057919567495746, -0.2808927956655579, -2.1849831595354616, 2.303379873886324, -0.6728425234374876, 2.4714132422346196, 1.8623086464950647, 0.25133705947379353, 0.427158988148575, 0.1452077495106593, 3.139172812698946, 1.3381103235458105, 2.0107029641669927, 3.6356655714960366, -1.9210759049989705, 1.4030481790446012, -1.9014565302631163, 0.003508014290483752, 0.054305813978580524, 1.123155377555093, 3.357175349328064, -2.0169126217183857, -1.1718717914170222, -0.5701704186493572, 3.6375849796040387, 3.4515523086140227, 3.214789949260919, -3.0250817179755294, 3.452630754406824, -0.28903268425548684, -2.946097584592455, 3.614520084092352, -2.224621923912563, 1.8905983764080263, -2.840949651327889, -2.0082515871472673, -1.0124530761695645, 2.5692776487850835, 0.8744665208646869, 1.1989370127770007, -1.1400815051338156, -2.040092700556452, -1.872413003041506, -1.6532228079413256, -0.44072043718169096, -2.105979876383791, 2.085291716006334, 1.3846273491593188, 2.1472145869366166, 0.8486623364388286, 3.147356149255815, 1.3609477185476375, -0.11418962738138236, 3.4637091969879927, 3.9887727713487315, -0.2823686784852565]",1.0294117647058822
20,"[-0.17220696969209492, 1.0097850662232148, -0.40473519154844995, 1.1203991554877484, 4.136744733023347, 2.514278320052007, -2.049653993584567, -4.777443358859862, -3.8609218609310383, 0.4743107451147095, -1.5113470142393464, 3.790117243111897, -2.476915270170608, 2.1407699904170743, 2.498346272696448, 0.2828924165976978, 0.5421513420297098, -0.42146579133603457, 2.8505161216108945, 0.4536494294865807, 2.391211010640762, 3.544035110949634, -2.5754187781272804, 2.325965936270915, -0.7105517144570399, 0.06607223678603064, 0.13213273042866008, -0.6060800835142455, 2.1901281735611544, -3.223996565435437, -1.0181541718509097, -0.2845532948601758, 2.597192502859483, 3.6598755506631395, 2.308755595062714, -3.386005500087825, 3.4493876984205736, 0.19496686572629207, -2.241587699084789, 2.8084940928025626, -2.366458504319831, 2.250366491551913, -2.8746073172865008, -2.9142012742013503, -0.13655778747636638, 2.6359104744524453, 1.5067591692297344, 1.3708744323737418, 0.23622183230106697, -0.7994973554266838, -2.442179495427714, -2.489548287286142, 0.42438447925772016, -0.7048435692722813, 1.0379742336913536, 1.7983403728176655, 2.3979286140834106, 0.42989538305797753, 1.317829702707988, 2.30584815525817, -0.11708355214054211, 3.722535096572827, 4.204567654991253, 0.009539573261984305]",1.0294117647058822
20,"[0.1951230511580122, 0.6330064748425617, 0.07996365572792863, 0.05823004427808867, 0.8921670115560627, 2.027998779555534, 0.04052146823875502, -4.998316525764084, -3.858384034720244, -3.073042900769038, -0.5254430710073017, 1.5262084347546576, -3.725627913845499, 4.605678308957402, 3.115153526862145, 0.0672791220004918, 0.2554164772347184, -2.9393356113967073, 2.819067171021854, 0.8970798571860292, 1.8532145092528438, 3.905178397335267, -0.8686775296895617, 3.4611705622558278, -2.149212564811229, 1.700221554664557, -0.14859871935481384, 0.13930618452456964, 1.74064962693462, -3.8619137388972526, 0.19566061734678078, 0.27914022555411794, 2.0287169180350535, 3.4107722837273737, 2.9182640772716844, -1.4420940324743774, 2.838398430861753, 0.7313815772967334, -1.3785448463152186, 3.425100632039454, -1.1657033876677612, 1.736198325273688, -1.6701603008673669, -2.937866155962482, 0.25178129299137575, 1.4963445013513956, 1.1275528623043762, 0.884371714652034, -0.3762091913149346, 2.7201003680338958, -1.009372809938659, 0.9091836574993339, 0.7338751638727125, -1.7354639438521848, 1.8253089995502298, 2.8640471211873093, -1.1304371065339995, 0.22982466751701397, 2.8262441010745505, -1.5410153882750413, 0.08911995486662089, 3.3381939128230766, 0.7216961499733565, -2.611056659601342]",1.0277777777777777
20,"[0.4159264043283661, -0.7678138685788378, -1.482239691149112, 1.3122013330952917, 3.6495264616365253, 1.6585482550766737, -1.86815514797021, -4.834239287807614, -2.6617884344600804, -1.4287113800539593, -1.4991657711907567, 1.3236798668159104, -2.94900160533281, 3.2280778675841155, 2.731248261275444, -1.7234968239355903, 0.4295024709508004, -1.0963352969658355, 3.5728146153490865, -0.20790384402743753, 2.629908650579902, 2.9729227549385904, -3.438492205749395, 3.545551003167319, -0.43819027441282166, -0.5433081830929258, 0.03728653156916212, 2.383086059315513, 1.57870188520051, -2.8170219539289274, -1.5458331702187387, 1.5858468760497306, 3.0459489871849694, 2.1567598096984932, 3.111755971427771, -0.8235240676781277, 2.933390731751853, 1.5796071627057922, -1.0168048179271385, 3.569550063104748, -2.343413233395284, 1.9557919692148305, -2.2997914525924923, -2.963188122661462, 0.3943490967093746, 2.570351225301835, 1.7655493356580199, 1.2437858085862494, -1.699637935894997, -1.8158138614763524, -1.8926582534879937, -1.760547681196493, -0.438931618224373, 0.26209837849070583, 0.273189531424222, 2.9199421157026135, 0.6945126876684404, 0.4041792918581884, 1.956847298920858, -0.828584063780974, 0.24180050292985214, 3.7391421110301755, 4.197886050687708, -1.2763796134982868]",1.0277777777777777
20,"[1.2103495765912824, 0.8966813811346419, -0.36177422428138867, 1.109424570699232, 4.117077551287596, 1.640269613548171, -2.266151354186717, -5.036846722980348, -3.046964371179465, -2.0500218975067193, -0.7350964850585615, 2.653534827893309, -1.5689631234846655, 3.1203865633598706, 1.3489898972259546, -0.6963918226466095, 0.4796052215975839, -0.38865316082351753, 2.702523087973126, -1.470314639337993, 1.9875893739247519, 2.6286819010714684, -2.39354692123002, 3.095538968949305, -0.7048775392194792, 1.117730629402343, 0.11942690210554227, 1.5399556828390824, 2.6671885996903573, -2.7625982058662037, -0.9155906156921354, -0.130062187847598, 3.828442684741176, 2.774214247996323, 3.245803820465023, -0.775954093902997, 3.065889039252116, -0.07935882557951501, -2.2389467569804333, 3.6934648770268144, -2.760416440936344, 2.2866368768128895, -2.3923501845343775, -2.087486787263405, -0.5984322589902598, 2.174178091086702, 2.9749379453003977, 2.089986428569607, -0.7776774689355562, -1.0176064401650533, -1.0557877855760955, 0.687700543579014, -0.20915078793197162, -1.1381145012723075, 0.3076062391564355, 2.475741677805742, 1.9116756937888089, -0.008812339713069106, 1.7875389228495646, -0.7189465896977854, -0.7457402432802481, 3.2862681656616726, 3.219369014389046, 1.5346847732872568]",1.0277777777777777
20,"[1.5315778193260061, 0.5042369469993152, -0.45166451557870646, 0.16150438957192736, 2.949959339227453, 2.3810782166769533, -3.0175270776425847, -5.022660161101766, -3.3245995133138933, -0.23667343113479167, 0.5121400598161666, 1.4070980514560336, -0.5545107234913966, 2.78348887549799, 3.031044783699151, -0.45804101963144755, 0.489832527335827, -2.9099740691647455, 3.630967723949298, 0.9229753992310276, 3.2885330593939344, 3.741978146943533, -1.992275662628142, 3.2190183380018755, -0.4154033392872526, 0.38198988201178563, -0.02193402405839967, 1.1042674133585066, 2.408688292243208, -3.7527535829831713, -0.9979809558340886, -0.4803323891817377, 3.2873540570153486, 3.379062169608086, 3.6223156116875224, -0.1780630810910665, 2.8450933774302958, -0.8031748242335812, -2.9302668592390075, 3.3612306523087234, -2.1039407777762538, 3.180363757703027, -1.4446009412218461, -2.834185563424788, 1.5603821674552796, 3.046664146177411, 2.187096769376646, 1.1554602869965633, -1.3286694026666876, 0.4854816494682598, -1.8834627920334253, -1.3088158613655383, 0.4426973394807152, 1.8057498131394414, 1.1902730599886422, 2.401327023482307, 1.8526451207067276, -0.15038878862933786, 0.8929526495762263, 1.3970449723086542, -2.064983203133526, 3.73990270404734, 4.195211518453363, 1.3114073814381328]",1.0277777777777777
20,"[-0.43076196567320557, 0.37938487637379864, 0.5875490440322281, 1.6338675131622094, 4.135165752597669, 1.4988999871953104, -2.5452794138389665, -4.7928248492382455, -3.0820368397696933, 0.06470811247413841, -3.080447893831435, 2.6944757425812904, -1.083811145789991, 3.019268747416902, 2.5425370176013606, 0.2923188919220413, 0.47244078762400565, -0.8712620376758222, 2.157998707290597, 1.0402588291947652, 2.705315340181111, 2.8840818086276783, -2.2124294258478243, 0.586236678318699, -0.72914958792446, 1.4349502165534131, 0.07587971885208136, 1.6071923247153328, 2.644771830633893, -2.912202886771466, 0.10002408392556517, -0.26361160791292376, 2.6144144483685494, 4.199712764406888, 3.5153325713674093, -3.881599322483013, 3.224509872931745, -0.6396212938954738, -2.882727389279891, 3.5586098733629927, -1.8009959312497608, 2.429737327989964, -2.361871040007942, -2.4428068347440397, 0.07023049218437127, 2.536913136231594, 2.0950783352117313, 0.7748031961848396, -1.3039415416814353, -1.3299326448342985, -1.0887722429038216, -0.17383839805975, 0.11738854475340663, -0.9233897469127255, 2.057957971455311, 1.6275849379670917, 1.9877016305813329, 1.978396398789454, 2.3762692595603614, 1.6333507167640435, -0.5190268603664598, 2.793937761541072, 3.7151130056396697, -0.5486311218065132]",1.0277777777777777
20,"[-0.3633743475776676, -0.22452610961942515, -0.32147468008282976, 1.419466441663203, 4.066108163102325, 2.206297065775864, -3.6687715998367856, -3.7937383849980764, -2.326437544608789, 0.48573317063767835, -3.2949894420836148, 3.1803363964674567, -1.9261968148754742, 3.6408156409618178, 1.8732653318486496, -0.7971343995681575, 0.31349544530191764, -0.38084079320812114, 3.6511367043248075, 1.5301642182183892, 1.479324966133753, 4.233072875484881, -3.0394190131226138, 2.478251127608094, -1.8424242180328794, -0.03549773493076458, 0.013303776359978592, 1.6169332318469245, 3.415927045819678, -1.5713835690314386, -1.1793403359332202, -0.6292462227963453, 3.014340693185009, 4.0573811387377665, 3.5486461395094544, -3.335824123618338, 2.557911606721759, -0.14954778952134845, -2.9055780247774754, 3.2053225673401378, -1.1476368970405089, 2.881233838175405, -2.409054340645189, -2.7668231143307254, -1.6406987189780118, 3.045272740809534, 2.1567394357640914, 1.9652147687113999, -1.0721102169033578, -0.3587479327479155, -2.5366778625674806, -2.004515833682759, -0.47946756436297805, 0.34193243802371653, 1.481749875020143, 1.698755323270184, 1.5542999390391854, 0.26730232927000475, 1.5981707843578916, 0.724579175906181, -0.34341498228592826, 3.5186232518022913, 4.246211650589686, 0.5368434288426519]",1.0277777777777777
20,"[-0.02205485476986524, 0.014690911891993563, 0.8880748924046562, 1.7947317660553674, 3.404328534645482, 0.6222127905972266, -3.5930071299417925, -4.356180471279184, -3.8017946572699137, 1.1496200091389799, -2.3462708682042974, 3.7932793116672516, -2.3759587756366747, 3.7214360234934163, 3.146331702900194, 0.7124591788763047, 0.21153902411826164, -1.8610780505910998, 2.173518014021619, 0.23704302424503548, 3.1922925962893256, 3.095058694175766, -1.6757102308759015, 1.8078772731604769, -0.9806533468930717, 0.08073939441270417, 0.06743578191704175, 1.6738204207874379, 2.6209190808012757, -1.824711416681058, -0.2728412061002078, -0.5026073238580198, 1.9168738056088144, 4.308382885899181, 2.6910934648656952, -3.095258813744263, 2.88444635705269, -0.339479207412612, -2.596686184504695, 2.7737855299911676, -2.3042216096087853, 2.335060577250383, -2.3015053089876383, -2.9064715009717146, -0.1271708966415176, 2.985689303333107, 1.9095473551858755, 1.340130251873589, -0.21001295536202869, -0.4649854119452953, -0.7717025966773365, -0.824351129463629, 1.410335003267072, -2.227558248373949, 0.5455645088817253, 2.5991214123372393, 1.9252218234108411, 1.7810278992938864, 1.5592208375607104, 1.0162538044440577, 0.14320820979886917, 2.9491846610473584, 4.200427459529889, 0.33367948687010973]",1.0277777777777777
20,"[0.2559067425729983, 0.529260067910003, -0.49315779035263296, 1.7946920425651653, 3.1324258255690296, 2.3917323672984376, -3.043728510528898, -4.396029619526698, -2.5241569028570607, 1.047579511104708, -2.132467691719372, 3.853197808451495, -2.586711339089604, 3.334616748213123, 2.6968306810113005, 0.03413762308448964, 0.45882622306817744, -0.3854977375484172, 3.2863877270452133, 0.6440142269724864, 3.23317671020264, 3.433040156055071, -1.717090099166678, 2.3588875614963607, -0.1009756573640338, 0.3936313129508364, 0.09075351368384454, 0.011552471273752474, 1.9849152698078372, -3.1138159621490353, -1.4995349129229918, -0.7144800527303887, 2.736907928790937, 4.042394744838307, 2.6599258523332994, -3.5250229243990487, 3.4500405521275117, 1.5762690701992836, -2.1488828965695865, 3.2444046170368788, -2.6289406553494152, 2.044372185831969, -2.327258306854321, -1.5808475985503765, -1.4644034120483278, 2.8684370161568586, 2.44687539002158, 1.1584432071208508, -0.09773235491708487, -0.6268605537795153, -2.6201318366167623, -1.105925782753836, 0.3284666227690899, -0.777176031969104, 1.3514368684814142, 2.9838741060404828, 2.304184048593016, 0.9786637136757241, 3.4554253756522417, 2.121884114071764, -0.39883969839471567, 2.0625710658501895, 3.5981225631361995, 1.451522044782745]",1.0277777777777777
20,"[0.26755064068076084, 0.42073194843455786, 0.019332711972293082, 1.9848479700315638, 4.113633844940943, 2.7015173049802335, -3.4586800104331865, -5.056866847108987, -2.783176436233305, 0.34423933187183026, -1.476114258263151, 3.6878714473014753, -2.4021594755773705, 3.7289190214195926, 2.7733738112743893, -0.8672648818860521, 0.33952379587381576, -1.2503205561601916, 3.620927055555293, 0.6106461403244561, 2.5523538958803704, 3.5882260148728653, -2.0861307954091837, 2.3735850690769267, -0.677790381376384, -0.16710732840112108, 0.052882065302655545, 1.396854275363992, 2.0765509166066614, -2.64266393015983, -0.7454858946135325, 0.16911480972964865, 2.616458886404723, 3.0811697688994153, 3.6168651207854743, -3.061114075789681, 3.4013172871105093, 0.05219549755064962, -2.808669905787208, 3.5183943766921657, -2.055379266214527, 3.0585214241304697, -2.8259395806863017, -2.315035465398854, -1.5871385905055402, 2.7690840070758176, 2.872677267231367, 2.2430924961333667, -0.3655290802813355, -1.2924670387167707, -1.266188496066818, -3.1972962294847145, -0.16951382495491685, -1.7536324996706383, 1.748448426164704, 2.029179763268721, 0.736071928277536, 1.3142975900489766, 2.6856473690984086, 1.5763789214636232, -0.7927966868363423, 3.2975505974350905, 3.3272006276603654, -0.2123312864632042]",1.0277777777777777
20,"[0.8350274924037264, -0.011531031173204413, 0.8945519488125316, 0.8848415821085032, 4.008965005645119, 1.4119735940722722, -2.536318440758231, -4.325378847875057, -3.7177958897701444, 0.699520048864148, -1.8140823165705529, 3.1618560152714337, -2.1582342811085162, 1.4485296912295278, 3.0229307031803514, 0.2972020856263825, 0.39299292797697005, -1.3072224572014906, 2.629296807114179, 0.8688307168823239, 1.1441789170121188, 3.979904717775519, -1.9063488435042713, 0.42010259929680993, -0.816932756716354, 0.5474032575839493, 0.1539964767601106, 0.9879081549902113, 2.043855420270596, -3.672817193543005, -1.7730451532896194, -1.8391858393897111, 3.8396681854064343, 3.592822880695159, 3.1450703154012585, -2.657054926825291, 2.845764289614589, 0.29248523603023224, -2.961328042366346, 4.311698433896662, -2.344464013215669, 2.917557898836301, -2.881849497129579, -2.8147104601450623, -2.241445942170286, 2.5640288008273537, 2.055629391298312, 2.690392110611294, -0.7493801031371917, -0.6896359626762362, -2.7516420580940744, -2.622810399740776, 0.765710608343548, -1.2840813986939787, 0.9149089702191053, 3.351372995639296, 2.71554937592291, 0.8338314088764738, 2.115483346511349, 1.2889010471890645, 0.22366837960956815, 3.138978038964052, 3.6757385473032165, 1.287416347031748]",1.0277777777777777
20,"[0.4112877454275286, -0.4419220376230748, -0.006511536500691473, 1.4090207458287907, 3.9977268326024133, 2.008471929771459, -3.8867217721164646, -4.478825506142715, -3.60550113801607, 0.18336908690711723, -1.9580748293756152, 3.160800031110291, -1.9403579522187067, 3.372820975587148, 2.2260523413193973, 0.5645346840856676, 0.3807266985208514, -0.5139875473358413, 2.758261801059794, 0.2620810214761546, 2.5490412159110387, 3.1800250345818055, -3.1042607377023335, 2.998149460579757, -1.397033616074722, 0.10370637279779682, 0.10940488907087648, 1.3230476168870582, 2.248199387283245, -1.60356351838577, -1.1228671458213344, 0.3005790457173445, 2.8621894397561984, 3.5407790067774347, 2.7588997690539396, -2.650301956472385, 3.4316464140688345, -0.9241783978860734, -2.806964288532716, 2.8632720415835924, -2.839133243266544, 2.6919844397613764, -2.226077057321522, -2.6445504477401793, 0.5872959094491103, 3.0398128063612693, 0.7485620646744449, 1.5781402019354873, 1.0914278847108245, -1.481206501270924, -2.458826973824015, -2.4253885520142173, -0.33264911928976315, -1.5673161795482253, 1.7052939841465067, 2.04740581384827, 2.206079423231523, 2.2215672305596224, 1.7742182319104025, 2.3216149356670828, -1.3222218785243434, 3.316380218452256, 3.6875187740966946, -0.45834680955758356]",1.0277777777777777
20,"[-0.47039862640549773, 0.17115878120519526, 0.18428559787593085, 1.040218132730057, 4.127786882803167, 1.7574997061793762, -1.9142702968819205, -4.947652592004319, -3.8551040253810536, 0.8905980693345311, -2.0999884845749737, 2.808365559332166, -1.2588002735108195, 2.581130552577655, 2.5769730640275124, 1.2481496448707654, 0.3135387157474882, -1.318367387906693, 3.046660379719437, 0.542550206158631, 3.0837666309646323, 3.501380917822399, -2.865085746253771, 2.0548678481091596, -1.2821089645861778, 0.9478554577301771, 0.055621476771835876, 1.4769436341941664, 2.0661936963242273, -3.3699119291285125, -0.9261405704512622, -0.38385480653426285, 2.6032475166802502, 3.5910740005751434, 2.445050261565722, -3.621128610632007, 3.4551181733799834, 0.03289942564539844, -2.9615569118320964, 3.429233335416747, -1.742966075912858, 2.212427731881908, -2.429659399976811, -1.7592812184973345, -1.3756549892009051, 2.637034965601603, 2.599944061130608, 2.083888061164387, -1.3345375162628084, -0.7794906345731468, -2.173794447172824, -2.5966022919382863, -0.2073571502308311, -2.208751164196822, 1.2706871207681218, 1.673762896611608, 1.8154161841681158, 0.2584251297266871, 2.2906286354489165, 0.17654912406316614, -0.3027522179696137, 2.624881513414887, 3.1227319585621247, -0.5345649651681039]",1.0277777777777777
20,"[0.5693483283415695, 0.27452851960583935, 0.8172298861460952, 0.5936422594448669, 3.7880815066251476, 2.0451982447709653, -3.233871329131808, -3.840497571641797, -3.1293601664904904, -1.0444737285920407, -0.7915123111777449, 2.9679645448397376, -2.9065427633904823, 4.137360520587808, 2.775105912055876, -1.7862139586901518, 0.9571825083291129, -1.4244114113450024, 2.9257617724893215, 0.08797886964020035, 2.271390621318985, 4.078210230344175, -3.512645173431307, 2.4265990241491733, -0.08811124668821257, 1.7931214390742716, 0.44430655430891974, 1.1754898841079513, 3.1075243701757005, -2.335065609517928, 0.23743795913491372, 0.20098662358591107, 3.627334446795006, 2.9288550885065936, 1.8202215772551191, -1.3053595404351028, 2.5908819309008018, 0.30712530561693385, -2.358960272004977, 3.0100362219577725, -2.370989885473485, 2.616171903339041, -2.073888448089855, -2.2530980642574017, 0.11814384310914988, 2.992099486909996, 0.46630605460345387, 2.5428595615511527, -0.4611251924824882, -2.236782816164565, -0.5629197875962948, -0.6668420814144256, -2.309733384889551, -0.7209034449502117, 1.8880041696379122, 1.1865209418324922, 2.096013344253697, 0.8489761891850434, 1.1190126041047306, 0.26281438967253445, 0.8995656151092246, 3.812503021348946, 4.1529182446586725, 1.2203852390557097]",1.0222222222222221
20,"[-0.810492051116032, 3.076304896708673, 1.2564726385032414, -2.639094322584808, 0.8514827451343329, 3.6177490484176387, -1.6271298735734478, -2.837286478634236, -2.4558435940582957, -1.8022520128548707, -1.847236413762783, -1.4059486552507803, -2.07424747083277, 4.417359311038217, 2.9446141845638625, -0.6155453836581035, 2.3289059516954347, -2.5359758431279555, 1.9842247262990744, -0.5275274401162022, -0.10245476144411203, 2.9487024856634747, -0.7287553016220611, 2.1167673870086166, -0.024930792908939736, 0.5123320667473896, 0.9606436026333001, -1.0822434578121434, 0.8848872880510267, -2.3118444897834634, -2.233049647379241, 2.387042943920445, -0.14660760173316045, 1.7039314402610284, 1.6453778348909125, 2.158441110477496, 0.8153822508188089, 1.4414502529808115, -2.160109464420926, 4.118283854356549, -4.2475403480505705, 0.5006549225595116, -2.5271748435094867, -1.1914986554707325, 0.4600347634774703, -0.7700921877592741, -0.9952891435439413, -3.3384447245766005, 0.3770155469059895, 0.41392776758186667, 0.5561271805691781, -0.6490461191236763, -1.4524929964764202, -1.406214011845992, 0.8988786675083769, 3.2478791959796345, 0.49455486899175705, -0.26197501132725876, 0.4583569949773829, 0.48141403489406076, 0.9725680772069872, 3.6885472805391877, 3.831531812837431, 3.2092539387720427]",1.0210526315789474
20,"[1.6238795322591772, 2.7331162619648355, 0.052549297539364215, -1.8867387799732784, 2.9671357138641246, 4.115558879756419, 0.28485728915910147, -0.9756175899316839, -3.5711691911819483, -2.305026453927237, -0.49654026867098, -1.4793064571563375, -2.641076304550934, 3.816080164909343, 3.6464757201008706, -3.4119832834442665, 2.3768009715843186, -2.917086430691697, -2.294925086339181, -0.4639488141077146, 2.411276412828945, 0.42128183304014, -1.1379988985869136, 1.6728124641731643, -2.2071177213090225, 0.32514459744393553, 0.9638885243617197, -1.3294443332976, 2.428015006566202, -1.2481311564694626, -0.5773491244129039, -0.9897959795244771, -0.25341570160127413, 1.7670494265746988, 0.4213704440445438, 1.567398003133773, 2.125826798233458, -0.5774818763912637, -2.5628932537901656, 3.5075243407484136, -1.0503705604826963, 1.5942012113280848, 0.42707918250824184, -2.6729706337420502, -2.97787060760231, 2.2136062341509373, -2.5058370283943643, -2.475814003024955, -2.204679945404653, 3.3526054302370776, 0.3389317479127856, -3.148808340170904, -0.21328104455512312, -1.4980021922574052, 1.5440630383847673, 0.3680284568836856, 1.1204300323346195, -3.3171835006184507, 3.217668250212221, 2.3234760687498746, 1.0323159791414347, 0.03252664273112715, 0.3074835325021894, -0.22528480883527013]",1.0210526315789474
20,"[-3.7057657262167094, 2.5854495724878825, 2.267735067567001, -0.7477395984152064, -0.520263934205415, 4.120606269560911, -1.6673454321996426, -1.3285439892302593, -2.645953294842393, -1.8533433424147132, -0.12042226233458875, -1.1521288671848116, -1.9435506892913315, 4.644094405394163, 2.243117328059942, -0.4305868844601079, 2.370833793418786, -2.3324001338095544, 1.8969131687291934, -0.7370402777286693, 2.4954045161708582, 3.1983962714416636, -2.594185199667376, 2.616180775554047, -2.8450677403692186, 2.0322251315278943, 0.9017744858765124, -1.2468817458440724, 0.5338300605370745, -1.666850743412449, -0.4377020942544144, -0.07581167398180166, -0.5701833112296864, 3.0689457041266106, 0.22365955239508484, 1.492660773390151, 1.5315989957323626, 2.6903527460576546, -0.5617701482535704, 2.8174147949023345, -1.816577668422683, 2.928793958892724, 2.421473315787442, -2.253126201399958, -0.698107495474984, 0.35884432102450914, 0.2397403947835579, -0.6578363961998352, -0.17836604030643932, 2.086114385810206, -0.6314092077658833, -3.894963492745413, -1.304733254748678, -1.5219732059559563, 0.6973995983519639, 1.4854507153501442, 1.7912566505435845, -1.5169581659086542, 3.641740610412454, 0.038855326514958655, 3.039325962685185, -1.054041978335316, 1.9075622384289912, 0.3057128021872151]",1.0210526315789474
20,"[0.18226826836029142, 2.0190140320596477, -2.0774908380916504, -1.4902946076610986, -0.32202935017221956, 2.970393919364754, 0.5975729278442733, -0.6754592667354351, -3.6475016687921076, -3.102698192437664, 0.7253855949368964, 0.649793702824576, -3.4318707362815175, 4.461142604227214, -0.9892384722030134, -0.8132549766075678, 1.92361705864541, -4.0475566716911136, 0.9357275234246543, 0.2787913643511224, 2.091770805081256, 0.6602696188829202, -2.763232863957813, 0.5365853281096786, -0.7813741529728688, 0.6533132783473787, 1.3956538793663757, -0.8182219256057773, 0.13264951932424762, -2.721744163006173, 1.4395884648120127, -2.143507391370883, 1.6625569474235378, 2.288681371702732, 1.1763693197071639, -1.25696432428974, 2.7514357663977322, 1.1930034577682458, -1.7611818067750253, 2.5229745462609605, -2.0950360536351402, 1.0345943100527242, -0.6988616325450718, -1.9911517888920547, 0.6130242943192643, -2.5211378092151695, -3.675019371174403, -3.1381838402851328, 1.5106284010139732, 1.7897950054205234, 0.3742967417799481, -2.542905121181666, -2.548766968796337, -2.5065649448581615, 2.279314113050477, 2.132616633430009, 0.2632473789776697, -0.7294644737897669, 1.0474063744531048, 3.8270071309402214, 1.5675298946768033, 0.2449642802418892, 3.506919963343675, 1.3301700221171968]",1.0210526315789474
20,"[-2.8648898835084564, 3.973792801625877, 0.694189048469847, -0.9445770680401295, 1.3917447853362268, 3.248019410927662, -3.4004738389602314, -0.07514740097445571, -3.460842810932512, -2.387669811293747, 0.9208097866977469, -0.43493301969671516, -4.127025347553914, 4.244853927482766, 3.4082307194886248, 2.4419603724180226, 2.380219750457465, -4.14541927155847, 1.5760953552352617, 1.1321830294544055, 1.0129472871177294, 0.3750856743807778, -0.3423401039261975, 0.1481220589176293, -2.3978302236013738, 0.9450740409349665, 0.9826206864501348, -1.5933390488375314, -1.0132093327428011, -1.480190381794988, -0.34338456804892137, 2.1545596080589213, -1.0956461441720167, 4.261800341904132, 1.5089055423028999, 0.015619444725878395, 1.4798136817106176, 2.163911919907253, -2.385399109612896, 3.9773502195601527, -3.3050337765239663, 2.370549338598935, -2.808075590723734, -2.4399326577217533, 2.1007612495208123, 0.09916483809290758, -1.830740479858717, -1.7055433111064844, -0.3855332445312106, 3.5855565433001955, 0.13014831242085687, -2.0853403299184845, 0.5603689542411456, -0.8445932742631892, 1.1306401387028884, 2.306897461102691, 1.155938081452149, -0.4327684638536342, -0.15193474028930654, 0.2844190110324275, 2.907889147624208, 0.6789070783566362, 2.5390829523183656, 0.25947116973385287]",1.0210526315789474
20,"[-3.1727711425930725, 2.719878083068079, 0.7483909810878426, -2.491404172285647, 3.0032190245801407, 0.3642365965445822, -3.2653780447603373, -4.814903553204885, -1.760326729350392, -1.498109205499899, -0.3244083882167619, 0.9775637508300791, -4.119513509715288, 4.6402246780513385, 2.2530398821964814, -0.9639698704629287, 1.9316378712574416, -2.597297315084558, -0.5953146082279253, -1.1226079234140212, 3.2771237889340306, -0.12085473888343445, -2.056282619752751, 1.711838196456708, -2.8428399864941114, 2.567401989678234, 1.4238142791583934, -1.357446866513658, 1.7047928702394677, -3.8295937184684186, 0.7452247530096491, 2.1080514958321928, 0.46718071356792196, 3.2364245682350785, 2.097142119470801, 1.3170063882630598, 2.2764526063654262, 2.4718715951148242, -2.5003420219560937, 2.3831870453121438, -3.3608116921809312, 1.4064013043980574, -1.5278108156530572, -0.00690780571648042, -2.991315796164149, 1.7430482905392204, -1.5372535820604956, 0.2849867396068184, 1.4067622225843226, 3.638498277627315, 0.11622898755619138, -1.1985955188491304, -0.8061497383570326, -0.20464516476945427, 2.8120231147881305, 2.8753552650457954, 1.3913952093148318, -2.5348261432656765, 3.562326100459251, 0.9571035327458597, 1.5007227540732233, 0.43859709559210924, 3.6103266006608763, 2.5831541210309488]",1.0210526315789474
20,"[-2.190172951233773, 3.933449365851456, 3.005558590400435, -1.445340582130033, -0.33956426370947435, 1.8491489858253436, 0.6974047067285523, -0.5452747645975817, -1.7464118879091297, -2.016594836387682, 1.809985324151285, -1.1157416675505896, -3.640986048886912, 4.63202413106332, -0.16432515486101318, -2.300954433705077, 2.08290630843106, -4.143363928338408, 0.5454242510484675, -1.6441975458407239, 1.2847447936807956, 4.190731907933253, -2.116282565208705, 3.4165747048212496, -1.1206713657908374, -0.4696003479575097, 1.0545474295861454, -2.737344091601531, 1.0835088086198639, -2.5663558390820214, 0.18748700049554634, -2.1857612363555594, 2.9593498526160915, 2.874855562888313, 2.1370113746020603, -0.31872180934336813, 0.730710136658453, 1.2577281369836153, -2.3470754363416217, 3.7561781631511524, -1.8029611057110526, 2.264312732139401, -1.554321432172237, -0.7977789183204226, -1.266348017634735, 1.8567037792423908, -1.316923584756073, -3.5768666252675376, -0.41876415186958527, 3.451376513733798, 1.2599451912427706, -0.3629670777452081, -0.9383083540094217, -0.41407243334126687, 0.3683468276272779, 3.5237699222840515, 2.067739899281659, -2.6760584746738867, 3.6840563591133137, 0.2078241916476381, -0.24614009313269491, 0.7491038331527421, 4.1083730382269135, 1.546245691411956]",1.0210526315789474
20,"[-1.487323016392798, 3.967742672536875, 0.4025386946012114, -1.0342411264651354, -0.7012934777658443, 3.6195913777907616, -1.4943014925947857, -1.4168211920387401, -2.408195562117238, -3.243581436460086, -3.0909179391703825, 1.335916884467935, -2.3462455934647624, 4.555133358724054, -3.093521613525866, -2.4853469377005206, 1.9352725966489146, -3.869553635046227, -2.3745028360726206, 1.5591016331035648, 3.324435979197526, 2.3418822803851054, -0.9453144011444751, 3.0988966219282132, -1.5728436225714204, 2.864786269261662, 1.4638541668946936, -1.225801780177434, 3.047699532532973, -3.8692173772324785, -1.834889286593623, -0.0027133197311334234, 0.7510316137326667, 4.004455471100373, 1.6993089789096107, -2.93286559450782, 3.3451575723111153, 1.6613870870056133, -2.7336198936500455, 3.5065835626392223, -1.0917801576210282, 2.3173796201562564, 0.24778351530569453, -2.2332613399883403, -2.7582932824781112, 3.050335533050295, -1.2745534718357088, -3.5453331159649006, 1.8164744338935435, 2.60623630233579, 0.7062651054353023, -2.124562268534425, -0.6617293828857511, -2.7825814135531672, 2.5723250894558354, 2.2042590173719687, -0.9458987892809523, -2.0379253772846018, 2.6836693138183945, 3.279483788865048, 1.6809009762606735, 1.5602430306607753, 2.4894778321417546, -0.5397461162947619]",1.0210526315789474
20,"[-1.6235653543647786, 3.890409078943673, -1.4753278213822276, -0.5271119783981384, 3.3166816755522928, 2.8103157998519803, 0.3699181453194038, -2.5218238176650662, -1.4482022427156727, -0.38945065340683716, 0.017936664293602633, 1.391728230545314, -2.92414135184183, 4.625891607565206, 2.808599240925039, -1.9446498727353214, 1.9996387780047102, -2.7864546469984965, -0.3721152363589976, 0.5649525418784571, 3.283152957092282, 3.0424758555032536, -2.2523574631497163, 2.7847758496330766, -2.832144189888485, 2.510845346786055, 1.4875841591569736, -1.2796676549035109, -0.37118602600184203, -3.854537854823694, 0.1972556830660127, 2.4894107334977997, -0.7706364791796166, 3.3357824014218953, 1.0000993739380735, -0.38887475558526896, 0.5741106199378401, 0.42958415933253047, -2.4149079688566237, 4.28220081292352, -2.6673908285466057, 0.548757922325944, -2.605014473862449, -1.0006762782591943, -3.3364769607110007, 2.2289503047465713, -0.4947776639688378, -3.5864702996639823, 1.0575350464653948, 1.3397004045870964, 1.2590599545186376, -2.877500773538371, -1.672941712603563, -2.970400101319393, 2.0496821258063638, 2.215194003352764, 1.5780903763882161, -0.8437583116683705, 0.9946877908992231, 1.0087256875739339, 2.957554331196608, 3.722120756774687, 4.1657305466119965, -0.4791688727545824]",1.0210526315789474
20,"[-0.6483872550447327, 2.061660837096717, -0.15146396817349983, -1.555490829167253, 1.7527442567918727, 2.0684559664938327, -1.2824663078476768, -3.2454950869084858, -3.831102327830531, -2.2470942318614906, -0.9937804138603651, 0.7620912284281661, -3.908009186339034, 3.6383875736706073, 1.5971303033157194, -1.5808412667830885, 2.0065097305041704, -2.5830230073524785, 3.4158948247005174, -0.027063748615906547, 2.0470658663571655, 3.7602653955608676, -2.215117971920645, 2.8823212098803044, -2.5722026541360767, 2.414360212374557, 1.3077202106829153, 0.6891917236266872, 3.1337656658261013, -2.104598464041044, 0.473399150731842, 0.872671717514552, 3.8429967521156567, 2.507555326105223, 1.7361305508828253, -1.622376179753259, 3.4160138895452308, 0.033702468348664194, -1.6576393994421865, 4.267349354973645, -2.6451064876805903, 3.1804946356589356, -2.63511639013959, -1.2289810910811572, -1.8375966383724776, 2.9822449251892276, 0.760637203822567, 1.526805037162778, -1.5765955794279778, 1.8752034653397582, -0.2446054214967497, -2.133117436351667, -1.2120862982600271, -0.15019035022294136, 0.9599158601078108, 1.9883831052892917, -0.021499682663545128, 0.4686036424615957, 3.680761419323221, 0.10401990207224254, 0.8314922801698994, 3.795341320138842, 2.4902776825142854, -2.250889812355827]",1.0210526315789474
20,"[0.8778114771574317, 1.5877507540210176, -1.7935603778892804, 0.7654281989384197, 2.3694944410768355, 0.0576614308516592, 1.1055948255977426, -5.056306130656348, -3.087812050185323, -1.9333620827911915, -1.9433014992366133, 3.4590248129426806, -4.116652427920611, 2.625416172849399, 0.5407824246701207, -3.6796903165173296, 2.453003441287013, -4.22276784297162, 3.416370096252698, 1.7623504058117327, 1.738093917391586, 3.1561114114027777, -2.2068299836185328, 2.3125182917196683, -0.856629582256478, 1.6888087713999242, 1.1277430359537144, 1.0125266985074908, 1.3170351026397236, -3.6797700474953943, -0.9923423555979419, 0.9417884905124357, 3.5807844446969788, 4.410999568559757, 3.0505010843689453, 0.31683393455562103, 2.3490870269229536, 1.1512502954656476, -2.2730293415148433, 4.244201130134312, -3.36282326219931, 1.8017546806846596, -2.635844562453393, -2.503512991931168, -0.372023792984428, 1.8072252380515343, 1.8855471830754538, 2.147624476833113, -0.35379667059881725, 1.0055243795066948, -1.955175099743925, -0.5954060912796209, -0.23463955790544844, -2.3062862666812634, 3.4114869221176565, 1.6912620960334501, -2.644072042690134, -0.6507468887838965, 1.9009974252101247, -0.3014039624318038, 0.0036773782361306795, 2.5047878079239476, 1.8147886328957819, -1.195197285348745]",1.0210526315789474
20,"[2.162347893420277, -0.8201856620954646, 0.9069349572330854, 2.6168457628809687, 0.4957959999225141, 0.3217518990626982, -0.6536832197757605, -4.926970773532487, -3.7394840939910066, -2.9840795043103343, -2.5984540881233134, 3.310910912198806, -3.621891790285688, 4.131792685906924, 2.0285839606565528, -1.5509706594009427, 2.0137500948513503, -1.1820065008711644, 2.514647219581691, 1.5570196122715316, 2.7429684689474736, 2.9952117459836187, -2.286756563136802, 1.576868090973965, -0.9793674933883948, 1.1495888963997016, 1.3536556574294023, -1.061600122533623, 0.159155895510404, -3.8287533106547023, -0.09948502350348608, 1.2805871577381103, 1.8318672437105197, 3.754898599979306, 2.9657015430243465, -0.7685661133526137, 3.348941041040913, -0.947463898749022, -2.502341925601369, 3.7882339673907235, -3.9712780809620014, 1.7936411036841027, 0.31903160807413267, 0.3415902735236547, 1.3357108696028879, 1.0078804791321812, 0.1796398857873711, -1.5012648002761266, 0.04355956486067036, 2.6938369425728492, -1.49158218318336, -0.7324861782618008, -3.597084242915084, -0.12273582816334283, 1.479969512605786, 1.4376495703233338, -0.5233961079988977, 0.22633338403679593, 3.2043649380189345, -1.0842975197755824, 1.2923094820620893, 2.733199703393632, 2.8055040616494504, -2.727416394441359]",1.0210526315789474
20,"[1.6448462379086952, 2.7913571445075496, 0.6589007029298113, -1.0130009330315062, 3.6546282849590632, 4.1257141430987545, 0.05420146120909414, -5.051214484170222, -2.572285592890734, -3.30103309218735, -3.0710247967787243, 2.2548840149867404, -3.130745171935568, 3.554020003682357, 1.0724113570370961, -1.1467805351313989, 2.3938677507970043, -3.6292888905950402, 1.8114854492502923, -0.5723992044354409, 3.199976261187898, 2.6986663974679885, 0.15423868638195692, 3.046332791063467, -2.821230942066958, 1.294098923495358, 1.1671486570798297, -0.5998494712281317, 2.390130353354818, -3.8574241780194054, -0.6767110038808959, 2.042157638086618, 3.01782788487355, 3.6373034357610874, 3.4699158431665134, 0.1283892781808943, 2.229933649580569, -0.03463706679935563, -2.959846105380342, 4.279617880706753, -1.9161716679317713, 2.5327389953173722, -1.7003054163848037, -2.251398939054164, -2.12808691943229, 2.6619917303785448, 1.7695433811271, -1.4414581995034847, -1.6753574655517316, 1.2016722138792297, -1.026038051407445, -2.698732695269353, 0.6421496032485572, -0.14493055974207802, 1.2639004593101766, 3.510315694311259, -1.729024917750525, 1.0605777657135422, 3.030907191590569, -1.153387501909524, 0.27939366441602204, 2.7566328790063945, 1.7900074684606295, -2.6786610096178887]",1.0210526315789474
20,"[0.6021611313539355, 0.38819724834292857, -1.3425091588564855, -0.4541322632226127, 2.995941137370251, 2.4642360450787986, -1.0897849038243361, -4.481606961922943, -2.840477241178793, -2.434613889378901, -0.5292796138114769, 2.5404784198245225, -2.942521370515526, 2.8695410488538475, 3.5089294894290335, -2.5618982244402813, 2.6330826749035072, -2.9137277115919367, 2.1901940151686414, 0.02178958122398522, 2.291548977584581, 2.667630569776552, -0.041424137998467225, 3.283217324454615, -1.5553323351012005, 1.621628722961515, 0.916969725536522, 1.8358911660077668, 2.604266518980406, -2.1184147417196364, -0.14203234435910744, 0.9933709237842083, 2.0787674813413832, 3.3099314329073897, 2.8633701378460668, -1.919517433333987, 3.4060894437321076, 0.0949911428928445, -2.790684492321945, 3.1877617189006613, -3.2776395890046413, 1.504344105142215, -2.7257871319528686, -1.8756650389874645, 1.1865816581232216, 1.6698426531037993, 2.9265348782568696, -0.7990314912392827, -2.382717016390466, 2.2884013025020664, -2.1659107476837125, -0.5830239554731337, -2.8333881062666437, -2.263167569432196, 2.0537103840965747, 3.2299557785947632, 0.3198650561909935, 1.1974520279983012, 0.8999141666869264, -0.700174218611707, 0.9443868293596742, 3.103901614064293, 2.4626488888599773, -1.418241168607274]",1.0210526315789474
