Run Index,Point,Objective Value
11,"[-0.8176458637475221, 0.9107731517885334, -2.54440653855029, -1.474480275070765, 0.8015918818150614, -0.9771581422369673, -3.730348691305339, -4.62756294363435, 3.053664843071105, -0.5198172504291786, -0.4885460870139364, -2.496859103313936, -1.9305587314761867, 2.3477316128852164, -0.23247445410918632, -2.898708600107444, 0.5706211172600688, -3.482797952910584, 0.1447427983780668, 1.8576212564426748, -0.5912323369403171, -2.399583883173205, -2.651236955621094, 2.907882508402992, -1.2246010079069545, 1.9449042756056971, -0.16538011812840658, 1.3069947272790685, -3.660939044920192, -3.863705518651721, -0.6170462025310508, 4.230348574020091, 0.07809134131461315, -0.3570099572994352, -2.020076910160193, 2.797648371188403, 0.8181955730651167, -0.7614407738561625, 4.141706022172484, 2.8235352925159467, 0.36414465092057396, 1.3217860718163712, 2.674817660831451, 2.6089434254358537, -1.7581201245580644, -2.579319813610358, 1.8750024876558746, -1.1104633141525473, -1.819702054192959, -2.9847648883316413, 0.51914053242754, 3.2613391597447383, 2.1597745470374377, -0.9681701761721127, -2.680915074460996, -4.031658623847018, 2.3154723913721504, -0.38516344497519184, -2.7252357737971256, 3.8297574733603406, 3.0455669826359695, 1.4785276964194205, 3.34016944598256, -2.433644000100476]",0.9545454545454546
11,"[1.1393437742311763, 1.54632408570975, -2.690852414462328, -1.8857030095467857, 1.4036972320795544, -0.2862033423048086, -1.7752997800218073, -4.878152211327291, 0.6111628513153886, -0.7137413862249258, -0.1099604562118714, -2.5442160541854344, -3.9126975959613803, 0.13147991896361955, 1.399728941956316, -3.2587993499030397, 1.2366513454530514, -4.166651796245896, -0.32547252267108795, 2.238892819978064, 0.8908956322495423, -1.979356727953664, -3.508560073179055, 2.910664494597551, -1.300330796240455, 0.8566345165130421, 0.5649484156403553, 0.574389225315231, -1.9698413128327859, -3.6590810950419836, 1.2536588757604867, 3.7457345225566576, 2.780321654004306, -1.1996686125361538, -1.5339655702751758, 1.569519199492714, 2.342400674207524, 1.3534247882458348, 3.712721282608729, 3.686486417212226, -0.5024697313838393, 1.877050575097913, 2.679887338655993, 2.229444260640263, -3.1142507659149237, -0.7706490918975519, 2.1750977322725458, 0.37465536789452414, -4.270126761913619, -0.6993508397832446, -0.1868405454530382, 3.0473643067548566, 2.162532132700844, -1.2580692627598657, -2.092501890552267, -2.1391102365598447, 1.1949328029305555, 1.528770579378455, -1.365325861985713, 2.8418002961523676, 1.4151951089612476, 1.1401633218990523, 2.780668086404637, -1.3652454131342728]",0.9615384615384616
11,"[-3.268383516606558, 1.838578097875368, -2.8780067171184163, -2.8319676520728527, 8.951350495189914e-05, -2.717084414128312, -3.5970810102289867, -2.3548978615120926, 2.4734481050863653, 1.165162296248715, -1.6080926211277071, -2.5840757598813067, -1.4179138662280535, 3.0748073854925098, -0.32119427292930225, -1.9243520405394352, 0.4754074229976942, -1.4417336788979558, 1.9141970841739542, 1.5021323987831114, -1.138955615258844, -2.0517576410037215, -2.0824168061524126, 3.238423567166063, -1.2861767733842315, 2.433282673429635, 0.03242109911125435, 1.141443041161582, -1.3912193041066327, -3.230171975718635, -1.3254849197025917, 1.6540007601592848, 1.2346212512764156, 1.3461005154261563, -2.1726413222773586, 1.6352231846391871, 1.9606003312526334, -1.009519155816255, 4.264396997827507, 0.4244561308741507, 2.9469146847683825, 1.2427941775737659, 0.24786764175043263, 1.4138010531190768, -0.7509947941691708, -3.0873051856420735, 1.5592914908356081, -0.8090363088160863, -2.43837713239791, -3.6648274679474255, -0.3681626992861969, -0.9636507597609444, 3.334153725330352, -0.4798470294060062, -2.1782003352227255, -3.823936899794846, 2.056087185832311, 0.3680350909937773, -2.066209721293588, 3.512472237055598, 0.08410485386319388, 1.468752840639394, 4.246705918318802, -2.707870846285975]",0.9666666666666667
11,"[1.4591659602358478, -0.9622223258122198, -3.058001573015312, -2.308759008726949, -1.952947643890282, -0.17407358509321824, -2.0349306422633564, -1.8460277837290868, -0.9395842904495648, 0.10810200788981977, 0.22000183208897267, -1.7309729505264932, -0.19102167650253277, -0.42748004434395415, -0.5065794655031015, -3.4123332133111606, 0.4399734857702806, -3.216002059498039, 1.1937607184105787, -1.0624311122062533, -1.7414100019302157, -2.606075519835005, -3.319888031233417, 3.4337958005223985, -1.2780303432822788, -0.8691298787172237, -0.024829404207274752, -0.20383263233213156, -1.50028785535824, -0.9108519768452337, -0.7541703802341999, 3.3240247989291367, -1.216143932734543, 2.095494521548597, -0.6796762206978789, 1.7232168526145797, 2.3050630612957455, -0.12480250833920725, 2.64176853145681, 3.496705863730247, -0.8393858827932105, -1.5215363607075794, 3.9416258814257112, 0.9516551871849037, -2.756007720395975, -3.3345585307050145, 1.9888042361905511, -2.8273049106401853, -2.9107455233098194, -0.7943487822931585, -0.41814184599086357, 0.3231926168259145, 1.8129024078961136, -1.1329292129902682, -1.4643407812875973, -2.259994123812568, 2.4977885946650638, -1.3773639291616075, -0.31850189436957566, 2.192853084112273, 2.6195378335672874, -0.9094592157928938, 3.2184427145809176, -1.4238174877458663]",0.967741935483871
11,"[-0.6092368998145842, 2.048701504033553, -0.5844521965943663, -1.7276396783759713, 0.10620148230560544, -3.01381953823634, -1.2010201113372747, -4.522652815113774, 0.7359885121517298, 2.3896043651375414, 0.1717289964161568, 0.9298370960553457, -4.1031307974427556, 3.175764703428624, 1.8661555776659207, -2.0564380683646633, 0.483976310189968, -2.9168140968750027, 1.798124021474755, 1.0498211463496436, -1.3299236051219225, -2.4145418061301336, -2.8981210979118277, 3.3567197518934577, -2.828035892409902, 1.847630727411433, 0.2253090180017408, 0.10965843895364785, -2.60490991812967, -3.187383661692151, -2.503085762172378, 3.081275197533032, -1.401493470557889, 1.4329342258518838, -1.7811884145081618, 2.3807888417775116, 1.432943259137101, 1.4188776150919296, 3.2757140746976017, 0.5268988076448198, -0.30343388284148076, 2.961204087758265, 4.123307488923908, 2.623801888488535, -2.4396807967247973, -3.1524230521099015, 3.0081761554257294, -0.6774661169488555, -0.13445497297030662, -3.1904403082122306, 1.337897962065086, -1.8422680926761177, 3.798077613930448, -0.6963949326829366, -2.1624074431670204, -4.020860292950088, 3.5947219475785723, 1.1766118730388253, -0.4476615665051342, 1.6499084865622635, 1.5983952067560856, 1.8580453353455662, 3.495344143752275, -1.069106475755094]",0.96875
11,"[-1.3813398220161033, -0.1504889565489319, -3.2286936988637427, 1.0475702787686543, 0.8550018782481742, -1.2344034810247067, -2.799021334324088, -4.244511331431892, 1.9068542092488932, -0.2210869160313584, -1.6217221095242353, -0.05102880533475096, -1.7349312994981059, 3.3014079560515266, 1.0420314854803185, -0.6977687288903178, 0.447842994680598, -4.20567817804975, 1.645318305103488, -0.44152758447250195, -0.2890391497259671, -2.038661776605776, -2.4176831956104987, 2.9141505858099515, -2.735665206265589, 2.5709595971178576, 0.02692878398658126, 1.4309990696274226, -3.784908984714426, -1.610839285760835, -0.49964474652701973, 2.7068632211950567, -1.9115647187521807, -2.6349751374661143, -1.8598252869108831, 2.371281433109515, 1.171273075701447, -1.0656651599689104, 2.834903702566711, 1.6123531622255425, -0.2609851411133342, 0.17173953343338677, 0.7344580283977498, 3.312468417653179, 0.15294799674512105, -4.2743494424253266, 3.1328700926265793, -1.854228357561744, -2.5048365242991593, -2.6796316387707906, -1.269626774488314, 3.0267662761995897, 3.5352705443944292, 0.10776950218624526, -0.7543209169877345, -3.9741251170519423, 2.6840714863368906, 0.8999189679114641, -3.3328427705932606, 3.828641560046735, 2.6750746500064295, 1.8458329609122262, 2.818357961796074, -1.9058102438808002]",0.96875
11,"[-0.4184993468851688, 1.4241848145460445, -3.1698602553574537, -1.7141704399559532, 2.0122338595811855, -1.7010788516592261, -2.8968615052305395, -4.622105004971092, 1.7027986560133763, -0.9247991279430514, -1.3490455063545048, -1.3196047345150639, -3.143848105578652, -0.21909068376979768, -1.5486139483147705, -3.4351822899346223, 0.38368824159933557, -4.070292961716737, 0.7675039362516443, 1.5187115097478103, -1.2552731136998312, -1.0074835389461279, -2.372594665615738, 3.544092990938221, -1.9426063135968845, 2.815346940449227, 0.08577317984162669, 3.0594727645422006, -4.2111657531018905, -3.8677005548371435, 0.9637728383389861, 3.7300712251900063, 1.1885795312118461, 1.8940961379928813, -2.835309806310965, 2.197006059027561, 1.4867056546751947, -0.3521028864226042, 4.28779289924358, 2.0121214688423565, -1.04796865853289, 0.8531599766792705, 1.3445538935209553, 2.4517909642929903, -2.0297481676356157, -0.011047226341749372, 2.0790448462798854, 0.25900754414292015, -0.6369414280702286, -3.648973532653608, 0.1703318070724114, 3.165973216900739, 3.6427953655196115, -1.9606791890143185, -1.373398696296654, -3.721092274245126, 3.55773262666263, 0.2786575650216213, -2.4135743933620617, 1.6272986412899462, 1.9497378200249944, 1.0004641117628317, 2.128695451631649, -2.2933864097268337]",0.96875
11,"[-2.3376252338138297, 0.1089291399687391, -2.4881672705238773, -2.256816084806597, 3.1028710575848373, -1.814262594676916, -3.7897194592605774, -4.056993244202962, 1.5444820458625945, 0.08185571225999932, 0.9208901516311775, -2.127787727203985, -3.1101650240636176, 4.451762200300518, 0.6086183108022167, -3.8627229666162335, 0.3637916168338097, -4.197671537163418, 2.7658216807783167, 1.8822699472433229, -1.0022706723765733, -1.472736227182386, -0.0445527327336781, 3.2763092176144553, -1.2633711882717145, 1.5236735621957924, -0.03260906639531569, 1.3260724670832418, -4.274484450397705, -1.8872165694170038, -0.5050594590901128, 4.213444640278605, -0.06101748234354756, -1.056576412574064, -2.3064384016742023, 1.2839530551667875, -1.3665324459284043, 1.998931956872687, 4.388983039801235, 1.2618882604238157, -0.3072661907975013, 0.7231588432623278, 3.690099234903565, 3.1822892510756606, -3.214668055335409, -2.441726478518087, 2.225083986807856, -0.8640629281256407, -3.796583840295092, -3.727543239933123, 1.611998618378633, 1.1214809073861356, 4.024712042399608, -0.960936439580162, -2.622848662661346, -3.8393208395588836, 3.007092260844841, -2.016072761133804, -3.4623042158693824, 3.4121523645635925, 2.2556245523696328, 1.2225437409186195, 1.4391892557638202, -2.390991126815802]",0.96875
11,"[-3.0865173266478907, -0.2233540872995584, -2.406110225382621, -1.9172570698677034, 4.008176139583681, -2.2321767595991195, -2.141066860570138, -3.8701385133510673, 3.208855068135414, -0.32369673494885065, -0.43489220058212585, -2.3084191867016273, -2.2328820853738, 4.643379602495432, 0.874451281505234, -3.698151881308884, 0.6184445870584975, -3.6586124066258945, 1.058696028081838, 3.321455720636887, 0.6430407866537132, -3.267468781481265, -2.8585161066426847, 2.88551831232207, -2.736320266663193, 2.3375495621513114, -0.02023662843691687, -0.2911741378907806, -4.279935934483909, -2.8988773855073138, -0.3269016723246118, 1.9013563421209518, 0.20366199645678434, -0.5051280661743008, -0.4948534530256604, 2.592834334191517, 2.690719288699589, 0.4657384566955648, 2.348215083075983, 1.9501510593230276, -0.949110712805306, 0.12774656361426584, 0.8415106618754151, 3.1247786200676075, -1.6044423877493554, -1.4970445858587633, 2.027622630900607, 1.6078704260043573, -4.19623043409139, -2.9781179426763686, -1.0960224921857016, 2.3146628153972664, 1.543459257585196, -1.1201010891911858, -2.470341168310366, -2.6344720640833312, 2.4426705060161744, -0.8737187588925236, -3.30291677494212, 3.2126818541853694, 2.7983393992289733, 0.2912894096726193, 3.9252049348258167, -1.5052864454143675]",0.96875
11,"[-1.3408089897284865, 0.3734881801824306, -2.6257998259606747, -0.032400187343555986, -2.1438399405143556, -1.1964848704153015, -2.8420488510371467, -3.589018875583143, 2.6237583537698694, -0.05889182018391993, -1.3451230411911588, -3.6806639101878518, -0.12422328072754385, 2.781164492786044, -0.16030540517938635, -1.517993203289461, 0.6465444173090112, -2.5924786055774023, -0.4983849736964709, 2.8302002920350016, -0.7001539411928959, -2.299425300353092, -2.856271857170977, 0.8404695616824727, -1.8120617176566596, 0.4074774487785242, 0.020312992973281263, 4.1921099214300535, -4.272173565789987, -3.280554590206392, 0.111434577015281, 4.119561705232927, -0.8195165156548455, 0.851420425309402, -1.2838489099652879, 0.9302498286740764, 1.545506935698296, 0.005219725866212166, 2.457371577466354, 1.821444113272187, -2.1745032810524627, 3.1690887650479023, 2.1144690418664935, 3.5228271876370094, -0.43498981704747774, -2.560773226139526, 2.7102719512636217, 1.454505790427444, -3.4949168496491074, -3.1653598685243405, 2.8313699086429156, 3.219516818404948, 2.0364644946839623, -1.671341511617049, -2.676418411025697, -4.0221106236777455, 2.7145519767734205, -2.081178141100883, -2.1870043536413943, 3.0636401062453, 2.5323626079662147, 0.9090179974407289, 3.4481175843060092, -1.1542942535634393]",0.96875
11,"[0.13520689636329508, -0.11444161278770082, -3.164169398830097, -1.743653104182666, 1.2311723588843102, -3.0476540666245877, -3.5694926808911993, -2.089932653343696, 2.022643920017169, 0.214776909018772, 1.4240435540422998, -1.9629775474595184, -3.149181030349556, 3.276435463330679, 0.854151754249591, -1.62447786529099, 0.7072788055556212, -3.582916565510339, 0.9573919488317657, 3.166803106158583, -1.2777627319651712, -2.629894610624458, -2.7630793921520924, 1.6795769693560874, 0.5547201194710443, 1.030759956216471, 0.05862099246504249, -0.9889707351687094, -3.0781524769863635, -3.8599485423481377, -1.3661639074972387, 3.098355087865315, -0.06243479502065976, 0.014097663155625967, -2.0516580443594217, 0.8242395149719091, 0.11419626971161434, -3.2211921055570727, 2.8730874753309497, 0.9984797203757465, -1.6688045394800828, 1.3355355214021762, 4.161796132110058, 1.4832756576954036, -0.11490400537692369, 1.1617559943108215, 1.344401843240093, -1.2814645538340823, -0.7929592178371678, -0.3061075719284174, 1.5146131378901846, 3.25345650663925, 1.6768812266446045, -1.1769817320055833, -2.6746377384163003, -2.126398176747135, 1.5305446798445437, -0.5559742454120429, -2.5966451057817057, 2.6044238252652665, 2.18123325115647, 0.6455113539732222, 3.042716980593475, -2.720268961298362]",0.96875
11,"[-0.5006832214145156, 0.714878211463478, -1.9202967395135302, -2.7922533194170733, 2.9987393383022987, -1.7025059205607687, -2.7777722204900397, -3.9012290370804825, 0.8490414578944858, -1.9211018798941903, -1.9568913877158427, -1.4936123779475776, -3.8726184219621826, 2.0872870313305536, -1.7955654243362793, -3.365001454982328, 0.36387200837366307, -4.124574217429989, 0.46471882766529277, -1.8445045705225784, -1.025022082261981, -3.2864206933885995, -2.704749376062237, -0.5850609864260101, -1.521015432162585, 2.6005573740791093, 0.0677190362702742, 3.7233969526366844, -1.2751755598025052, -2.3729781312835745, 0.017740714184804274, 3.490149293312822, 0.9210592356923918, -0.527614506971989, -2.0828107868405374, 2.6121079550750856, 0.48276696591631135, 0.4044936165004847, 3.797238646046462, 0.22235930843398677, -2.858155951027689, 0.5121146727850825, 3.9791524463241226, 1.2772700541865614, 1.8679625588420636, -3.1991485755020506, 1.3655993404859226, -1.8682560079404587, -1.652851589174918, -2.454047671993744, 1.4963544098045507, 2.0081031732858063, 0.9398137678817513, -1.3033141770595733, -2.5398789727526445, -4.031793344226522, 1.4302264887884055, -1.3688688808735732, -3.4528168240958337, 3.635539845407243, 2.765449718291993, 1.6240575900325247, 3.255033414619038, -2.2022137732290785]",0.96875
11,"[-0.992920056021846, -2.4193159518829557, -2.365265231363509, -2.689113567734269, 2.785159675231567, -1.5042436571576236, -1.6815883739861037, -2.6513669773477493, 3.1760580984199454, -2.958037206208292, -0.7263523264997372, -3.0000139891246573, -2.733966376619667, 2.328003402352388, -0.22447360984225645, -2.0899035185137844, 0.5978014533047523, -3.947430092304348, 0.9304685040009213, 1.5193571828240848, 0.07752839981926951, 0.057879399486761685, -2.348958243418706, 3.533835568747686, -1.2839667648102386, 2.8536393852059647, 0.07178556670710094, 3.0474599870408428, -3.6270995617504482, -2.4569466809777, 0.9362498839149933, 3.8799289213158032, -0.7731326489291499, 0.446922966642838, -0.9456237142510966, 2.3709325045665874, 1.7187935458800387, -0.17224073186957278, 3.798759185197633, 3.013178958582722, -0.03862170707642898, 2.433859621397816, 3.0805640858483754, 1.4189951923346986, -0.7697849990414322, -3.560123570636214, 3.1330932527769604, -0.448479378700648, -2.00694658520955, -3.218826333830819, 0.43233391326723203, 2.8628095607733055, 4.117650672793805, -3.0713801300668138, -2.671510877114357, -3.1549844120172033, 2.7683928765385173, -0.5083960891938869, -0.8854895018353688, 3.012432624000784, 2.0370220275271196, -0.3844817620559391, 2.4889178113612287, -2.1490956505866348]",0.9696969696969697
11,"[-0.06830869839723341, 0.30434537161890446, -1.45101410478928, -1.9660876573822206, 3.8632427467550023, -0.42331971660728, -3.292324081887143, -2.6842192487566803, 1.12297624939041, -1.4222593881388934, 1.3653480276816607, -1.8681598020662178, -0.05031549624899645, 1.781881507318219, -0.7559145621967162, -3.34706042312944, 0.4399575981067614, -4.005714725251541, 0.13534253889147005, 2.4077701647258163, -1.7401203819822237, -2.1364899885770083, -3.2632434271767687, 3.0483434179115543, -2.048842339565487, 1.4363205786494255, 0.021028386185038994, 1.8146863928293717, -2.8525347870578037, -3.322274675417925, 2.7435162604378855, 3.0868077860132046, -1.2507319060882405, -0.657113962562965, -2.966960243408285, 2.328847593332081, 1.270237983429634, -0.45663696818603505, 1.7235995012122793, 4.03034016368523, 3.363410626353419, 2.5760923771725257, 1.6294673492535816, 0.584845707858336, -1.766798077840365, -4.454062053607386, 0.16042881256767916, 0.7538992360189687, -2.320888920272182, -1.8541037192058356, 2.0585359083021286, 1.6480902567667974, 1.0014835992667337, -2.3027781370728246, 0.8843640593654203, -2.1467269493227557, 3.322682857523434, 1.8888249672470467, -3.184223154880006, 0.7775778325202731, 2.1607444831571687, 2.824690314280578, 2.46811539188036, -2.3126018137271287]",0.9696969696969697
11,"[2.5713363693416325, 2.492194328780635, -3.145287506202849, -1.2719227955769927, -1.1435496557433047, 1.1744704399261803, -3.7244989071405334, -4.646003975999199, -0.05189586073651098, -2.485219848435806, 0.1394840514877292, -1.9576078449505012, -0.40139831378017843, 2.866863109049123, -0.09076999020611154, -1.9171417032796378, 0.7230657205631065, -3.4994279946717435, 0.4575956359101584, 1.3457290458619717, -1.5686386799445344, -2.1825520450370766, -2.2326365473484224, 2.6370105723327955, -1.0643402121533498, 1.190160218910405, 0.032700594966552865, 2.65817521896841, 0.8387545151521865, -1.9095772305181737, -2.903929599296162, 3.931428359035715, 1.6222581933753326, 1.5008207875722663, -3.1319658698993593, 0.24683871848610583, 0.7459730397882078, -2.21576171450032, 3.545952776590176, 4.288439474638933, -1.621300964788965, 2.225016228586585, 4.1346642769349575, 2.6010288090873024, -0.8835233768984088, -4.586105481063462, 1.0416486403100305, -1.7845492583005997, -1.1330387510900604, -3.1751174973607714, -0.4574687131258361, 2.6839031904342883, -1.0607916611129153, -1.914578346075217, -1.1909811258370187, -3.8210313163517164, 1.9951918773873198, -1.117653997377845, -2.0949747994567347, 2.2957323976255286, 2.919553171592929, 2.785330204466287, 3.662085016654106, -2.1299479699448547]",0.9696969696969697
11,"[-1.5589305894582686, 1.0245031258604418, -1.3101022369034432, -1.5155865691286072, -0.2816624727506839, -1.7027817824631486, -3.6893491118604183, -3.00512642805798, 2.9288814814506576, -1.6916270897543617, -1.3076135771657673, -1.4847751261955573, -2.8979393550108234, 1.1825573653297397, 0.055001834085868506, -2.4142445615050723, 0.4797124666542918, -2.6573446715708813, 1.2504720334161186, 0.8473191081911123, 0.4257100968243972, -3.2414998679701017, -2.9584279522594117, 2.7090362859451225, -1.673235193065104, 2.0325448342811785, 0.15067078906994583, 1.7955164934863161, -3.171386104406592, -3.8461692744786564, -1.6421216607110827, 4.226762476771764, -3.37651750720703, -0.8497253230032483, -2.8467497185332253, 2.745532159580295, -0.5461070022848807, 0.9612636275829479, 1.8037380256490518, 3.5492831194523964, 0.18167087420356628, 2.2750901932601932, 1.9131681665452818, 1.616010206844402, -3.357309409512998, -1.7518121390060344, 2.480864181772584, -3.3212047099927346, 0.7638670395261364, -2.512526853808679, 0.04978614244934243, 2.4073265574731604, 3.9340255039309024, -1.1613619740261742, -1.8711298923848503, -3.97114367142335, 3.5424339346117573, 0.24708993403168317, -2.217102115169268, 3.034232680123951, 2.371241995133315, 2.9633832357755177, 2.849364640487941, -0.19199973333452203]",0.9705882352941176
11,"[-1.8919878859445596, -1.194870997256544, -3.200968188436378, -2.451674237434197, 0.5777385265670394, -0.7883172684582832, -2.4382303030598704, -5.057331668149136, 2.5401076516658043, 1.3436505273340846, -1.798533211029917, -2.336939559636712, -2.708205515232396, 2.4300782484228853, 1.3181812381496556, -0.6437549505668314, 0.46666484326840973, -2.6664946494154798, -1.0609157792892703, 3.4379702844709525, 0.8966153363459946, -3.2204899676657015, -2.051295489602233, 1.6437645616571657, -1.930818591226859, 2.7050432092669268, 0.023905765308540383, -1.0087720880690845, -4.2060135062783, -1.5394472434101116, -1.2343388239229298, 4.11953025126871, 0.29273934345996866, -1.1915473709666937, -1.8606050418761317, 1.3471775460659, 1.208926209735971, 0.07872372296815144, 4.111184558794618, 2.0612094037760986, -0.8906262583918758, 2.551484825086585, 3.8010932604860996, 3.129175009197183, -2.756803215952802, -1.4425872679130802, 1.8667295865611844, 0.3784305371722233, -1.579593225051129, -2.110963743242389, 0.920897286672833, 2.5735296891401207, 2.8250167025611446, 2.7435912515247214, -1.058255408071534, -2.886844370713126, -0.32960434903424796, -2.095043652852311, -3.1322735012394487, 3.2201510727925853, 3.0822437313337328, 2.4360197478640813, 0.8398686053339381, -2.7212864405304855]",0.9705882352941176
11,"[1.7701268658168035, 1.354878895394011, -3.2365667795704915, -2.8026042293811217, 2.4057314441172384, 0.7227814978273297, -3.7891839530635156, -3.639513889055536, 3.188731096558536, -1.0367211534869323, -0.36275382414237256, -3.61705963950413, -0.30854866654188107, 1.6234309873476773, 1.1249124918283209, -3.128390487072396, 0.5223816114220441, -3.5326036462435737, 0.6826949714694331, 1.9942237856135057, -0.1133911506943518, -2.611609688402246, -0.3931765775775733, 3.212391995731588, -1.6516205199634646, 1.2874242792515291, 0.10836099100415153, 0.5380917004812418, -3.8289615901908567, -3.805924956308682, 1.1435460747063564, 1.6868222259752876, 2.853593283552689, -2.9559193713012535, -2.3175855764053517, 2.932434698287594, -0.6612451194712732, -0.07318969040039802, 3.169482451720123, 2.649775336207621, 0.491944673676476, 1.353296556207847, 3.918536439643029, 0.8111419488888165, -3.4270313249740676, -3.8876718647612107, 2.002717458419009, 0.6796129150140722, -2.992445912056822, -2.19784848736795, 0.22345894328663002, 3.244471375693425, 4.108581211313324, -0.003752262783162541, -2.4056046382485206, -3.164976506822285, 1.9274569210520092, 0.8874695171792465, -2.876878585223287, 3.2207671652795087, 1.158144586003237, 3.7651966551975873, 0.12194671666248436, -1.567159499704855]",0.9714285714285714
11,"[-0.3809991353001596, -0.5882466898533826, -2.5719703369811597, -1.9665303014447226, 3.126724114852203, -1.0896916649843842, -3.441753444338376, -4.465018682064442, 1.3857747833062994, 1.528082341993294, -0.46096161710368955, -1.7831949851051139, -1.6293046878960378, 0.9479237665628095, 0.02650058736588745, -0.7643554141952937, 0.3805404134346091, -2.6751234057208273, 1.488672818609365, 3.3372586287519295, -0.05054451692282791, -2.4756522416812228, -0.1952055859056867, 2.8964011166956944, -0.6306771480476231, 0.42291609012660025, 0.10465783565872216, -1.9690289435088966, -4.232976997541438, -2.988827923091284, 2.093024875035393, 2.7466900776462277, -0.0883346347840932, -1.008228036767329, -1.914386414384132, 2.949482654089121, 1.1283123189651958, -2.41609486561365, 0.9204357567533852, 2.7852354132377544, 2.2782527100417505, 0.33689304652277785, 2.2223346458729782, 2.585927464963534, -2.8623145038728337, -3.285535991606172, 2.342483489573519, -2.095485466405907, -1.5011426435170703, -3.4841510552302837, -0.680084985282842, 0.03533749514070861, 3.5240218536210346, -0.17370486789358164, -0.8320622685121881, -3.2021421474524656, 1.8026085323200665, -2.090215204917437, -2.376881738408753, 0.9952454870124194, 2.6704827721922135, 2.569010140687632, 2.151696311076726, -1.2074357932166213]",0.972972972972973
11,"[-4.475037549995377, 0.9899420025519033, -2.3346874543385194, -0.9420202974331873, 2.8313221714620616, -2.6972742599443773, -3.381406950729526, -4.993457232900618, 2.014627053277335, -0.7403066027702551, 0.42673644800656285, -2.9065955192047, -2.5540997603064755, 3.205820377411983, -0.38062130419310286, -1.3450728220131174, 0.4837986239104972, -3.6314437985908716, -0.5809924000452433, 0.6562693267588691, -1.178473210392215, -2.8854419728634024, -3.5073634858965814, 3.2086816494486103, -0.6898416452668774, 2.551840905391127, 0.11237765921403135, 0.9233733415978949, -1.7215983909674575, -3.650762971583231, 0.492733631920212, 3.6264051980176846, 0.8357237654367926, 0.8589946056590698, -3.1249174947119673, 2.274721069330402, 0.36740374281555277, -0.5773342053423853, 4.261293910025487, 2.803701203053436, 0.6848751387414943, 1.791689622363549, 4.164763560925952, 2.598857899625464, 0.09733641843418805, -4.609137846314623, 0.9728458332736938, -1.7986068592921485, 0.877547956772643, -3.4257218964307725, 0.6624692085120842, 1.0777476798701282, 1.6790780155874396, -2.2747173898337856, -2.3836117879351058, -1.8190288555938992, 2.5087056577053213, 1.2594867606702227, -2.1626263161985593, 3.779523303255549, 0.02496486820528032, 2.6739222530591276, 3.1997522057601433, -0.7035097690176753]",0.972972972972973
11,"[-0.11651914770814542, 1.5947649045379824, -3.2345319361895193, -2.742860875931496, 2.0558412948839004, 2.2256501862467877, -3.8789825949888272, -2.608446262270293, 3.0863112048374126, 0.42767732155841676, -1.2029719129979666, -2.601663622062922, -0.7670971442767507, 4.513258032620518, -1.1397753995323618, -3.656695595638767, 0.44075935479062683, -1.841086398448917, -1.3836321716401083, 1.548771363979743, -0.8219202092604793, -3.2847016915114984, -3.319280280755562, 3.5311305280610026, -2.0882739839501196, 2.6513587773284844, 0.06871747067654951, 1.811622604505462, -2.1198462879339797, -3.527691167963935, 1.3276091852062846, 2.936390383031362, 1.523550056780555, 0.8846910955324638, -1.4002178248639294, 2.49481481470018, -0.7317612434272469, -0.6308256005397063, 2.6464772790025064, 3.7714317865673723, -0.8365606751521031, 0.5963636638562305, 3.3759231924149447, 1.8331942875081708, -3.366104202686524, -2.202094913244077, 1.2590266028597015, 0.185338773725779, -1.7512306625097627, -0.6799480515786578, 0.7326956106545827, 3.035189531114004, 0.9497346252182419, -0.7611806377498428, -1.6489585908975937, -3.6141781335948773, 1.7656655794097622, 1.8673665453184456, -3.480359932967202, 3.11907230770983, 3.08362170325247, 2.3681646636729026, 1.5918386756683591, -2.0871677078381468]",0.972972972972973
11,"[-0.6734502326394647, 0.9155062339312215, -3.184739926003607, -1.0674650063337436, 1.4636477036359183, 0.41893843846761003, -3.8211287438964945, -3.6708220348622254, 1.856935123594275, 0.07922221386258144, 1.1488433657680066, -2.3691442250857535, -2.731765940893238, 4.597752478146602, -1.6918002418761677, -1.104573584267054, 0.5102718649869655, -4.074606486007974, 1.9313564095886118, 2.4867562749156766, 0.9681191834525307, -2.130153297557481, -2.7169992360067683, 1.3315046576679013, -1.7795938495196313, 2.7160587914218577, 0.09043212626743555, 3.3327053108670475, -4.066934538999818, -3.8676612597076825, -1.1300962637215444, 4.234121980321267, -0.43566281785550265, -1.4958303251696585, -2.5269470523595468, 1.8486200355204554, 0.2635598034063722, 1.4483977996219828, 4.150677706721046, 4.247865559709308, -0.9032329471683744, 2.261081454351705, 3.600696719337292, 3.152014618513161, -2.5906888054394965, -3.5599363484260946, 3.1072239553200887, 0.006552093397079517, -0.45858070430606124, -2.7419490177532735, -0.42017730828471, 1.9250946570719174, 0.3870845941036096, 0.5937127536558529, -2.3679649818549375, -3.0983128853489474, 2.7319100417488085, 2.2647843088259734, -3.4690245537077122, 3.5928855530803037, 2.9335843433390116, 3.816695035789177, 4.025090940135293, 0.4997767975933569]",0.972972972972973
11,"[-2.8173274300580484, 0.738084473466116, -2.4773478064940244, -0.33559528878130807, -0.1918108746401594, 1.859493230882127, -3.1671665164952953, -4.726582954258671, 1.4329114447072977, 1.0496228291434617, -0.8308022739733399, -3.590250961739398, -1.944322023236578, 2.589132348514413, 2.0209333188517737, -2.878519209456307, 0.37235643103863825, -0.7930109405103649, -1.1607360944475398, 3.1821792025293547, 1.113446420551131, -1.5795264791137442, -3.141460859447534, 3.238137167875919, -1.4448434981796756, 2.8650389617236107, -0.10420085029166345, 4.038683212376521, -2.594460318894491, -2.7166055089223047, -1.8266728128342866, 3.8612146997622223, -0.3593605155524947, -2.5332102877012552, -2.4880758071887272, 1.454640181984816, 0.8294017720338931, -2.883887353873367, 3.4503100785739127, 3.1546694104535296, -0.5438509443896488, 1.0355064166572445, 2.3366946348449202, 3.402128065755524, -1.6089774095928693, -3.1758350002165625, -0.15901967547209517, -3.0870302729024464, -1.446710620226124, -3.095311819725111, 2.471659574846842, 3.0669494238378667, 1.6142026524089652, -2.2046872435847824, -2.7378182913142246, -3.8628803286232816, 0.9764622164447043, 0.5149077904735693, -3.054543672872283, 0.5485646954052559, 3.0829151012745886, 3.8566204221636164, 4.11643229909219, -1.8170336263611155]",0.972972972972973
11,"[-2.2750284548131834, 3.529110347731657, -2.5713114342234586, 0.5743306898815362, -1.3105081396156033, 0.6659826974223859, -3.8522471648642624, -2.7062116217159895, 1.2677762966332233, 1.0984988762070127, 1.1816302380463104, -2.2332580725565974, -2.5906190501085056, 3.0263255831560683, -1.241741957828894, -2.0633654061991713, 0.39670757044971916, -4.066669845613685, 1.6875190864724436, 2.217823356968808, -2.762914989122372, -0.8575897929646205, -3.4018971003299745, 1.413082664334064, -1.9213611101749772, 1.103997181456301, 0.06790041264303398, 2.3924309536171013, -4.161580595084563, -2.3091514509989275, 0.6558224688541834, 2.9750125468741553, -1.8642762683739602, 0.217981909734401, -2.655834729524274, 2.255286026072951, -0.6398963412852375, -1.6758001737203314, 3.499343557615587, 4.019782198281226, -0.7179829315236783, -1.1856482889559916, 4.154400192416113, 3.4846741910045376, -3.137418529999962, -0.7906811604051232, 2.019493910085338, -2.151583717774659, -2.1988791118669435, -2.015524798114871, 0.9592491904435655, 2.5120049198163756, 2.798347962397455, -2.8705221613953666, -2.7233929496487272, -3.012911329386185, 2.8820158089559857, -1.527401405016312, -2.079706674956997, 1.8461394651632066, 2.6306040757440527, 2.1997284707657476, 0.9308477222510039, -0.07111757106387095]",0.972972972972973
11,"[1.6150653067507, -0.6355652221052488, -1.6973671644463817, -0.38220179486016925, 1.7366761163031676, 1.1758239285782492, -2.6730950339499335, -5.044781665482739, 2.6895121932844237, -1.8683111843218378, 0.07053874539956134, -2.3922731605382825, -3.119172133862297, 2.0745881536523947, -0.7524578709728309, -3.292142733007397, 0.4888917463814517, -2.367387222117139, 1.3427731915762593, 3.3580479987107577, -0.7515547280158108, -2.678246969636584, -1.6189578783114786, 0.34560405849498177, -2.807807043188633, 1.2897365819303737, 0.0168706209151559, -0.1795117242572648, -1.5067115984261976, -3.705910450160282, -1.9711725568916245, 2.6787788220970077, -2.105496530868943, -1.2327247605091882, 0.7118234137036139, 2.433595851899727, 1.1214851564752037, -0.7111565486678719, 3.969414274985626, 3.33476914389579, 1.9642424748390428, 0.7028282399410952, 0.4701913639500064, 1.5003403406869418, -1.4208895064091094, -3.427631904039733, 3.129122270129574, -0.7636694904192132, -1.862817068257971, -2.283155377531194, 1.9634777620543078, 2.519750452266617, 0.3383517450370921, -1.1991273962031195, -2.11395800231003, -3.236234170886668, 2.7769980148924422, -0.7446810371896208, -0.3832817700418092, 1.0457217182953906, 2.331787470046372, 1.3743887599040194, 4.042920733060159, -1.0819058111366735]",0.972972972972973
11,"[-3.4587107233413388, -0.3146619150569059, -2.1565335196142503, -2.008263430706326, 2.415452972184414, -1.6357702605712563, -1.7090800731575448, -2.961731734493716, 0.22065282628428307, 1.857279195536731, 1.112176245189215, -1.0994743669570508, 0.7848003438692055, 1.3212783977723892, 0.02782689196624588, -3.9123980514562087, 3.9377384090619953, -1.4262406416047717, 1.0716558383781614, 0.4180410604679421, -2.9036817328215783, -1.626415768899641, -3.436775136611145, 2.647652060808767, 1.1022842514086206, 1.391187753654172, 1.3021705947190632, 2.6248782462167495, -2.7018046992876137, -2.798433593678216, -0.5515919797597405, 3.7521527651361253, -0.8550442385608825, 4.3427276534636965, -3.0517475128115703, 2.9651282468102975, -0.9140519100963925, 2.5521229298938772, 3.851128679657073, -0.3131536862098345, -2.779745688015364, -1.1166281181771205, 3.835711346206775, 1.0407550726746484, -0.27044517511481647, -2.4663862231061904, 2.058776718310233, 1.090156449008458, -1.8503254426708622, -2.543974696177922, 1.1721601446352468, 2.311260415303593, 1.7179436486528914, 0.7725367545690824, -2.3388691648383597, -4.042862300182837, -1.0871554717239948, -2.3307657519702403, -2.5593321788959127, 2.2239261849959524, 1.461811105424205, 3.4754279773137435, 2.557891692837746, -0.674961987313762]",0.975
11,"[-4.074908351982814, 1.668794233325361, 1.7471090628052217, -2.3938609881233877, 1.8821828303839896, -1.6130491008961498, -2.7807821585047945, -4.9866366985681925, 0.9493367812269384, 0.33464563981502793, 2.2759265387301393, -1.561968877473334, 0.07664394683732434, -0.6381965558260774, 0.5000764668249695, -2.5009778515663568, 3.9140781871041552, -0.34265920174667297, 2.6403632062743627, 1.9611762683308078, 1.0764883609449405, -1.1331782997851763, -3.4340262160679407, -0.8417618782264054, -2.2922997116458492, 2.6747328136382005, 1.4127902387095717, 2.677459555426151, -2.262949355525146, -3.102586207425628, 1.1525233083377553, 3.0312952724386486, 1.8009979658176998, -0.2176753916958052, -1.373356582594501, 2.243916827730839, -1.9486621214979136, 1.1901374733327827, 1.9149139326589446, 0.9969415956124318, -0.1700673413065592, 2.0007477345438813, 1.0596546903335013, 3.462371026905453, 0.31732157102923386, -2.494698577763765, -0.9180439609505164, 2.965743056058438, -3.7213673416236617, -3.0587327592412237, -0.6181968088366565, -1.0650845888691816, 2.9138869283804105, -2.947744107805926, -0.01720518607231103, -1.360880159332135, -0.36690666369183, -1.743174827008375, -1.2103249174258996, 3.774956967600459, 1.3867800795665133, 3.6453513204174577, 2.843221215979245, -2.2193928906274882]",0.975
11,"[0.27520387869864704, 1.5848541561623086, -2.386402556262803, -2.7254057835287187, -0.3800066455471647, 1.2908596685600273, -3.7250871830669694, -4.242290701510232, 2.7977042828820493, -2.9051683068825973, 3.9319419440507497, -3.548780517644291, -2.4773308193014842, 2.9067095991439356, 0.15431766626720617, -3.05946222820973, 3.9712877896224543, -2.467186590143144, 2.9270475800914078, -1.704487313252355, -1.9470213328666126, -3.185949180472341, -1.4109296993912972, 1.7712426690802303, -2.8439279393584043, 1.9736044486053288, 1.3578306740053008, 1.1419805367798603, -2.299421257712465, -2.072920561936507, 0.3722148220254164, 1.2944962038050805, 2.7178945560896564, -1.348154630001941, -1.7376506270582075, 1.4935126548980038, 0.8642948972840533, -0.7848417485757357, 3.547796044349089, -2.3379305872594998, 1.9970168347054202, 2.930772932955851, 1.5753885525954163, 1.9268481741838341, -2.3038448576439876, -0.5220929991461105, 2.031333715696931, 0.5726338218031998, -0.9555516306162269, -0.1743735769878212, -0.6147879770857138, 2.375198853303283, 3.8755422106361275, 1.3005410314319445, -0.6535000784132761, -2.3530262148108054, -2.1832225063722417, 0.6858630779626184, -3.4193928020965525, 2.7771753882616403, 1.6089979854235246, 1.1159687534081444, 3.5878514358795144, 0.3879182024274499]",0.975
11,"[-4.279961679916246, 0.9320972485236817, 0.28332047530894156, -2.365588392082665, 1.792323114674864, 0.4059041447478813, -2.9070999977070855, -4.6251264514764525, 1.6732335196559724, -2.4156236413786516, -1.0841303095240027, -2.353718309047887, -0.9933782827170868, 2.262536293014257, -2.7248253490345893, -2.838038472901566, 1.2543751076614256, -4.158084942673163, 2.6036495217090767, 0.7867571492107527, -1.6458359839569603, -1.5132896996479455, -1.0974742666732986, 1.0739855126339553, -2.6281057241036683, 1.526130330251199, 0.4295800690156252, 4.0790349241424275, -0.22060489463619848, -3.1810184331070985, 1.6560815301512992, 3.7257398290424537, -3.2836093564238995, 3.6789674551212475, -2.365709149530475, 2.413923308780193, 1.020043207385595, 1.515405834621956, 4.138511694514394, -0.2332630639544746, 3.0804386150490357, -0.7693719477388996, 1.9689911156672621, 0.3518926666709916, -1.5066342646049395, -3.427210748634025, 1.5280420913991084, 0.2899148788060544, 1.3865691049556497, 0.08192413902462148, -0.14255374000833432, 0.7798994011471443, 2.1679125729759026, 0.09947381001803723, -2.4260913193301303, -2.622434227459502, -1.6411851060675837, 0.26366183731261894, -2.2604120959048357, 0.9513701657191165, 3.0108563901457424, 3.5898146859999267, 3.9737146257757328, -2.117519248317619]",0.975609756097561
11,"[-2.6997478097158956, 1.701028586603942, -3.1994936853860207, -2.0677714991585336, -1.2672325976257164, -0.9267586423015108, -3.87792671564752, -1.9557734913465072, 1.580141711920056, -2.3800313457859272, -1.4881442001851728, -0.32284459707242785, -3.496482167426291, 2.1633760756071667, 0.44521619719338035, -3.3913230288245684, 1.3332329929151916, -3.089406783536657, 0.7041206186768405, 0.37785030252702123, 0.6533379101491444, -0.5728581480204621, -3.1394516400048875, 3.1344117010501553, 0.1301871016331655, 2.815545789523754, 0.5230279383065213, 2.9828896541660264, -3.189585047991661, -3.2675932357603736, -1.9917486871939287, 1.642834682947127, -3.308112436344411, -2.861840555765108, 0.45236638355313397, 2.876007061013139, 2.373216195220245, 1.4201247871099518, 4.42442263870223, 2.856664789134407, 0.5522287080681249, 1.6076965387323465, 2.338443377738874, 1.6314090253031672, -2.5637889798700746, -2.022825305148924, 0.3716765789578591, -0.17584777346717395, 0.3634032447710873, -3.603170078631334, 0.1737783975221543, 1.5458582887602725, 3.414212059216931, -0.9853841768831331, -2.0814423588322204, -3.4590924385713118, 1.889387001342092, -2.0216331785579174, -2.726669506069638, 3.7335015339384756, 1.780222919833258, 1.3988688108329737, 3.390649599420594, -0.9349450353838109]",0.9764705882352941
11,"[-3.3379816370837965, 0.43526892113976934, -3.1884986774541955, -2.1696820479224166, 0.6795890912628382, 1.4447061840578508, -2.219898191442347, -3.8920781553706028, 2.1360217100590844, -0.22962908298851237, 1.2688443426400031, -2.9926670218798983, 1.8478941119744015, 3.191197513046772, 0.8695927950266055, -2.6858254633284777, 1.3068977579641563, -4.228489452265819, -1.8499795597446025, 2.034144255067253, -2.575159828701139, -1.340058144283058, -3.0840965109014435, 3.5514822728747366, -0.9884236502238525, -0.5016249018325909, 0.4677281757656412, 2.084151725636204, -3.924459278810323, -3.52898998314076, -0.220904343099517, 4.203265628221092, -0.7542394588735873, 0.7660932836631769, -0.942749710600449, 1.8261352794737769, 0.34710489448550574, -2.020346590589432, 4.3289734732939555, 1.5968888894593636, -0.5373915426816592, 2.6670597063764427, 3.317434907838, 2.7233013618839053, -0.17507232775933135, -3.526073472716137, 2.2619439022339836, 0.0966272623136043, -0.16440618013360297, -3.2307133310495333, 2.0394572654404994, 1.4990218511040299, 0.44452670971124353, 0.7024182737505404, 1.2163432393783342, -4.037130478897012, 2.1773938756898747, 0.7441689589253166, -3.4717728832735504, 3.5355468070568046, 1.2286067651272243, 2.6159822718860184, 2.5586998908398364, -1.8766687717662711]",0.9764705882352941
11,"[-0.2176398508522075, 2.8286996347185798, -1.5879103108563424, -0.6209349888788654, 2.0368964302877197, -2.346765134971797, -2.567470789566828, -5.019609472594406, 1.7945128481464399, -2.202447172034903, 0.5800371032291568, -3.6930401818682363, -2.20894517995103, 1.2475634758016143, 0.6503107973189105, -3.144736731858729, 1.260827151775455, -3.223452023865451, -0.18405423146030664, 2.5349695750177506, 0.376297300313708, -2.621431779756511, -0.1362332245251232, 2.2226843909696816, -2.39554541663495, 2.1949306786254885, 0.5783000854998517, 0.9657195936178073, -4.129516698823771, -1.5425860439648362, -1.600341507377561, 3.948580108898147, 2.792184163843873, -0.7351664249216536, -3.110915182660376, 0.40739216232723896, 2.022832212907004, -1.3483097716237529, 2.8832430515749463, 3.421288558912706, 3.789032412766069, 2.693003535527516, 0.5289032845370418, 3.3642841535158787, -0.7810580575271118, -3.848212641464104, 3.0578038190418106, 1.1013504347843308, -2.658616355429034, -3.721599081291125, -2.052553581222749, 2.093451019866407, 1.8642491318943943, 0.052657244536979286, -1.5945989381585592, -1.915035551456708, 0.7193263150296354, -0.07206065000170614, -0.7064111610966077, 3.7799464760631096, 2.2543512920171267, 2.6657066976392, 2.638457637173336, -2.4941281146063297]",0.9764705882352941
11,"[-2.222895792104124, 1.3944197475583335, -3.0655794012932875, 1.1292878907888757, 1.8777810679030789, 1.662692820328103, -1.5981821183080402, -4.808790229545453, 2.4212717853985715, 0.39557325678012845, 2.61095155914457, -0.3742195956697216, -0.45912231446561114, 3.3398341304596544, -2.057308281270956, -1.1685302731744935, 1.0364379251226903, -3.4467354602872287, 0.30346438753701205, 2.867462964728205, -2.4193885858284814, -2.574188248925649, -1.054051739229848, 2.6690421755781766, -1.8902381194164133, 2.8654685497543113, 0.32729482562757406, 3.1902262289165026, -3.022180525292171, -2.9749363294710873, 1.1477904638043208, 3.2176319077593614, -2.9180175620216864, -0.44413147067349484, -0.4058322674937258, 0.009261378149862942, 0.32688194041136226, -1.4390058701081523, 4.044028699518336, 4.1208860468620925, 0.6292063309981129, -0.8729586523793416, 2.332660443925023, 0.4343123469433494, -0.581421482118988, -2.7834269690523863, 3.016395983714981, -1.8885526871868352, -1.984806832325085, -1.9842254249409192, 1.2030345581859057, 2.8239830330496587, 3.674815494826348, 0.4277404910396248, -2.6070545188807435, -2.5135091442755506, 1.7351018204677013, -0.9104905400456786, -2.206775035756913, 3.1433530409902675, 2.8666736731709888, 3.7685440804055403, 3.581411414499984, -2.195069666370127]",0.9791666666666666
11,"[-1.1092997330683425, 1.135858922750237, -2.9569048228995864, -1.2254597275273604, 0.06290694884614179, -1.3111537590300122, -1.4901238534448535, -3.28944491091978, 1.845207733159357, 1.100563231355384, -1.8339600050337015, -0.5751827820647009, -3.08184028792896, 3.670609120095494, -0.6378637182477163, -2.4946975761636088, 1.8556557118964137, -2.5837938641062745, 1.244255176929915, 1.5855367204164614, -0.5736616106758575, -2.1332203132286836, -2.3470069474667135, 2.0198645910167157, -0.07883864312554001, 2.860557388143844, 1.4484989618424333, 0.2632304805938981, -3.33617189493544, -1.5961980619884213, -2.26379979738816, 0.08782028337521863, 2.6402436188219998, -0.9824291584103594, -0.4917687298333697, 1.7753136123296303, 0.7304577426575376, -3.5605015945399003, 3.7904146185799896, 1.3272452607282097, 1.294196399978118, 0.44396969984543877, 1.6715188207547265, 0.7575658780405965, -2.2789799124680696, -3.7482578114566465, 2.9328644714225307, -2.5289391283822438, -0.29238308159461734, -1.0993071541045676, 0.789672477016579, 0.6840513053313761, 3.0366877330741477, -1.698081863338008, -1.8315993733509228, -2.803227230660421, 2.8473836426831842, -1.59919119722726, -0.7649988416396283, 2.6653501380186846, 1.0775379606003839, 1.6539568291212556, 4.241305863464223, -1.2068698550510106]",0.979381443298969
11,"[-2.004714438610655, -0.1820973876652794, -1.3452972760237776, -2.8043890501221154, 1.7820054502863436, -1.9488147527652666, -2.784085616312932, -4.70322671315075, 2.7283318310942977, -2.0719702113750222, -1.2348180716618722, -1.534736076642691, -3.4117444313430587, 1.0066875827978985, -0.6582204805440691, -2.308859197888808, 2.411970872136016, -1.8917809536817565, -0.7880832853409918, -0.4150044293619366, 0.5758075167148312, -3.237300528840361, -3.5135958720827745, 2.429609356436142, -1.149865145242479, 1.0916575517522558, 1.0254469903973047, 2.581559081122702, -3.8184634607016963, -2.976461148644163, 1.801424952870578, 2.01569710972115, -1.606201501432733, -0.9259365142562817, -2.854269716172129, 2.120996711145122, 3.332560351865401, -2.4240834072906807, 1.962424883388564, 3.539671873580642, -0.027296863672159555, 1.303989846455809, 4.14671167167727, 1.5505967465785186, -3.3528546068200895, -3.676093696611665, 0.9172777718120341, -3.0291846569349903, -3.831469115824805, -2.117131301084763, 0.6851380369480975, 1.1776323277977774, 2.6373081715180207, -1.4294605002254583, -0.45160403024726303, -3.9803476661112067, 2.3652890294000297, 1.7212355318686785, -3.3842043287066272, 3.613296499151666, 2.9544642666669727, 1.864269484988795, 2.1923290541449276, -2.668847663304311]",0.979381443298969
11,"[-1.3996484521553303, 0.15250940607106156, 1.076099176885569, -2.82269661427096, 0.4256284749504218, -1.928769134180304, -3.224662542052737, -4.198275813171771, 2.7347870515347994, 1.8678892415417674, 0.23909451792299158, -0.5108674762020022, -4.125393919568918, 3.3934761160474363, -0.2865399357424804, -3.8207038031938954, 2.217193176827505, -4.228217757681074, 2.3825168927347424, 2.7744849789108965, -0.7257784062413661, -3.1550480540607286, -2.609336654048874, 3.252306058861534, -1.0442182888417024, 1.4258142415061177, 1.3088880074973246, -0.8584843524037296, -3.7139819261807876, -2.4990662905482943, -0.7888928334970329, 3.5812024143254195, -1.3873461781859342, 1.126222189959129, -2.9471441354950043, 0.989624472496881, 1.425265799822451, 0.4468035574874195, 4.4093920140814715, 3.0482794354410405, 0.18124120019142775, 1.9463162946105559, 0.9001349927871551, 2.7709215513856034, -3.043105729498367, -1.1611548748869418, 2.17158510257196, -1.0944222877203718, -1.315803487864697, -3.4653065129045126, -0.29217335210851003, 0.45153396610718133, 2.57564609721061, -2.341197670637895, -2.3373634738446256, -3.0953685699553635, 3.4997588344360144, 0.36495111347712267, -3.477107597788147, 3.81748245734135, 3.0842722035569614, 2.1288604129888973, 3.2967195572319685, -0.4736522910894605]",0.979381443298969
11,"[-2.0090298460597507, 0.14231235895445182, -0.844427947235068, -1.9960343371434375, 2.4942413278338336, -1.9803598912901748, -3.2132779546685493, -3.844687438820513, 3.1783813231971507, -2.875233318262693, -0.5231210907285658, -2.364894774151095, -3.2078194016103483, 2.612957332536803, -1.5749779683847114, -3.9303791636596714, 2.083732171186874, -4.218541525992247, 2.34232650383168, 2.682949512435019, 0.7327500606937629, -3.1936119665714293, -3.37613747006335, 1.4325106285795284, -1.2466074834034815, 0.9134968709216239, 1.31280724708907, -0.39107719611699077, -3.586826780262898, -2.77471367161701, -0.3356424975513945, 3.3593544085871208, 0.7420819115366082, 2.3384348139870132, -2.28161756666806, 1.725520638206511, -0.10472687232264621, -1.7166211497476982, 3.6494055784715433, 1.1226023784342516, 2.501843942772159, -1.326135239193277, 2.3232401080552587, 3.525076041160143, -2.4085475025594034, -0.825076645371327, 1.2665326151245435, 0.9042447515105656, -1.8665490626476005, -2.8874484010378767, -1.1786266939405161, 2.677405383611311, 3.9865019204214285, -1.8476194680110571, -1.5634306897692585, -3.9536940678611847, 2.3822710699147835, -2.1919726786893405, -2.358726824099432, 2.360491601960888, -0.32560966333224295, 2.1104524142920322, 1.8445301192505876, -1.7303233970312955]",0.979381443298969
11,"[-1.7268103661774148, 0.8515749714603229, -2.993511839142174, -1.9937631733150958, 0.7993797972007946, -2.2532899121667573, -1.811192291135304, -3.2524647382686647, 1.8951141192944274, -0.8353263061292183, -1.4849013655584, -0.9990750511306028, -2.1970457149078904, 1.6513677716118886, -0.7643417760699818, -2.7349704179439898, 1.982788796067477, -2.8669889776866366, 1.827857302075517, 0.5503278493494703, 0.3166191770685124, -2.3464995843647887, -3.3669863597456815, 2.158112818954699, -1.6850690286814227, 2.6461139846862602, 1.3416033812423271, 3.0249433418669955, -3.4559109461792787, -3.710812685192553, 0.26132658811218307, 3.362742199603938, -0.3355288146874785, 0.983303139198342, -2.571422672719126, 2.9439815192031276, 0.8642815872498997, -0.5432196205417175, 2.2539122777574745, 3.8807115439513433, -1.8624565251476637, 0.7503341351856181, 3.846654589470651, 1.7430495601902787, -2.2135247756487253, -4.169878860634284, 0.03157411283886957, -1.7922884050220258, 0.9370479473527777, -2.7595376370037936, 0.580452337807688, 1.1248409572264684, 1.9350112045098387, 0.010164078405015986, 0.18680790273126435, -2.918295597551735, 3.4570139103616997, 2.6100375906241187, -3.4750808865318694, 2.229963186902478, 2.3577344248075836, -0.06359776178601306, 4.021338770797835, -2.481813488659077]",0.979381443298969
11,"[-1.552431575439025, 2.949158840243312, -2.376532496298678, -1.8090703373685437, 0.5765433548569892, 1.791038276488964, -2.5804246845909535, -4.435099274623621, 2.5470745182690524, 0.7678133116496387, 0.3381457135341474, -2.830644250728032, -2.546317058205318, 2.1405683582513055, -1.4151520989339386, -3.5467757807237192, 2.334258819144696, -4.107779073206672, -0.11272546878389783, 2.2724936784712684, -2.0154770037554126, -3.066219588985628, -3.5036315571072487, 1.8103368509961015, -2.8430254007438296, 1.9313207426076764, 1.0718018671893317, 0.18716640443404509, -3.116813259276185, -3.4117071829533954, 0.21161227903572172, 2.524672263171337, -1.716329890589807, -0.9825660154843309, -2.4670025821960024, 2.5237406158866618, 1.586190096886503, 0.0911797786347478, 4.428330767631092, 3.7408528534291996, -0.9186436158470981, -1.512777042045268, 2.0585217709357995, 1.6296949029961858, -3.2892798319850023, -4.199256954293427, 1.9724016252837115, -2.9590183770751257, -2.8378731912419064, -3.705710629145059, 2.5661840924902144, 2.114188667437616, 1.7740293409695373, 0.7243625686709393, -2.6859988986201535, -3.9313693462322394, 2.5457664384585312, 0.3067086207572846, 0.8744204843035153, 2.9679148483474056, 2.875354919627957, 2.1380541820806704, 4.2297142973372726, -2.662684652731593]",0.979381443298969
11,"[-0.37923629670794334, 1.7759502116041794, -0.10448072609083736, -2.0787115080629643, 1.3938478401359322, -1.367565447320892, -3.8838012801104767, -4.1768897516887815, 2.378976723895638, -0.9982613875119156, -0.3590417656872289, -2.4874438530654994, -3.4538670396695705, 0.8988652770637964, 1.9295830125541065, -3.206801875085357, 2.077664492763189, -1.9176281948622051, 0.27446338807287546, 3.4056437761705527, -0.3010830216524403, -3.0422323832743734, -2.150200511888067, 3.018950214481855, -0.6165412725796031, 0.8944940421022801, 1.0936577032970833, -0.04536277843329217, -4.283003918671358, -2.766120700690423, -0.5807247579024626, 4.2121346959510095, -2.0616544989127346, 2.814899225457382, -1.327573954953368, 2.4638464897569294, -0.7486911092342217, -3.570884747094533, 4.419204541441844, 4.324008656653119, 2.2059299468367946, 1.027476999968615, 3.397591276608617, 0.9135590933072755, -1.5929202763500863, -4.235249933146831, 0.9572181489051976, -0.39901390239949863, -3.480609684166852, -3.3088969186496913, 1.2098343241779568, 3.1673155192792697, 3.261156135492327, 1.2773949898704955, -0.435842905173641, -3.5130888427245885, 0.39148689463816044, -0.3610288929327775, -2.282834510617211, 3.037379398240594, 2.4483636342963435, -0.2672062969852196, 2.105656470000003, -1.6077991238829272]",0.979381443298969
11,"[-0.611711449976318, 3.5666494051674036, -1.1237798576532885, -1.8025021610663647, 1.0770764181440078, -3.0764848441786765, -3.866957192283126, -4.3138521082091765, 1.8139084350369061, 0.3270562514194666, -1.8604143901563233, -1.555089328381608, -3.9815936645272587, 2.1410562101935318, -1.1482180661118322, -3.560616404646507, 1.9962328474875926, -2.9611292785193606, -1.323924377829662, 1.7336978122965343, -2.0615331680592197, -1.3957851400324945, -1.6718571785192828, 1.6608631756952983, -2.2706357922574343, 1.3588169796278011, 1.4508496513133142, 0.8192613924354188, -3.653699328602068, -3.857636244459956, -3.4331291599435407, 3.4571839240482207, 0.08939691387355941, -1.264491013622127, -2.0484540874815558, 2.4294684094406644, 2.234633666951263, -0.4440855390274129, 1.8517007332992166, 4.245746681240317, 2.1471172659099165, 0.09692754154498684, -0.41635993780366176, 0.5409067634812139, -3.340999914135902, -1.6161421595441698, 1.4554650115382146, -1.6864246298295438, -2.352173083025693, -2.231045484492771, 0.054753213069252404, 1.5939113016497277, 1.2933907201453436, -0.580723579310752, -2.2567642048672405, -3.6062398089344745, 3.5289542802041214, -2.1410985138612517, -0.20979148978619744, 3.7891050699329756, 1.6407746772015832, 0.995536043442064, 1.8511927517189501, -2.5804694380666016]",0.979381443298969
11,"[-0.32871376005091335, 1.6849216700785172, -1.5168314560224827, -0.7586117203723798, -0.3114196280073146, 0.7580716694495455, -3.188756264223155, -0.9680727866840089, 2.0376896325980924, -0.4058439920357639, -0.29006590286879025, -1.499559069201684, -2.558786390355462, -0.6774441758889398, 0.18448616774722176, -0.8712429520947875, 2.1418134532964626, -3.956526742196731, -1.6395566949371023, 2.9465109053869787, -1.2929766823386875, -3.132740074737709, -2.7794260698792703, 2.8298621879883847, -0.9244396618642821, -1.325123695831611, 1.2755427683879894, 0.9020775656451511, -1.8509005047817475, -2.6348990975125552, -0.9837704035159769, 2.784780257796344, -0.9787602171542309, 0.30174328389781563, -1.6988882258938056, 1.6845698238623765, 0.5851273023824308, 0.2472110065620866, 2.871888277818143, 3.3619388797848093, 1.1765717771819038, -1.2416398533653643, 3.928430165034869, 1.8994613055469647, -3.4009495448683356, -2.507828379832315, -0.10398155533795617, -1.698656688521543, -3.49543647590791, -3.2110543932168065, -0.35086151717591196, 3.2471247137298533, 4.1159072974795485, -1.4338294412224328, -1.0221785955213363, -3.9071877305460694, 1.09150163075333, -0.18612806619895017, -3.4765798248236117, 3.7694598343342913, 2.2142829022374153, 0.5964792392553822, 2.850598525013655, -2.221509190602526]",0.979381443298969
11,"[-1.6957620982560049, 1.856185087925096, 0.009449261627928252, -1.2401053511364262, 1.061980119022232, -3.0306312102286093, -2.9616545723471788, -4.472373688560706, 2.521825249058985, -0.2459549343886671, -1.4347044003259979, -1.3049602528370854, -1.7544244312041464, 1.6746721201854216, 1.6981418775526245, -3.9293221432201393, 2.630248910455518, -2.09187558185794, 1.0039468049538203, 1.5929648908885805, -0.14222227784138453, -1.7145128372434453, -2.6466971181539014, 1.830870679808392, 1.8896541784277165, 2.7334657560463187, 0.9480658724743636, 0.24011485659783327, -4.07349152411892, -3.791275680282635, 0.12938443590475762, 2.4792981550181965, -0.5307420973854753, 0.05582232714798199, -2.2265967480518842, 0.2562198858011202, 2.2058090424226546, -1.1644699240962448, 4.275858445542104, 2.8934623778609865, -0.3139383626580082, -0.8040303912807402, 1.526240146033517, -0.2528098518095545, -1.1893666887669514, -3.012905493798847, 2.3514087242182877, -3.239284758542449, -2.092908338533737, -2.6083868302776714, 3.3052164412689735, 1.900387388317096, 2.8210761693514437, -3.10293996296011, 0.3905047352347357, -1.811011241392734, 2.94858084327589, 1.1403226440471665, -2.5843289982934374, 3.716296090570979, 2.762694085731405, 1.9481230992317777, 2.800793686020993, -0.15324547925314702]",0.979381443298969
11,"[-2.038685005822539, 2.0883508738000844, -2.880106213722585, -0.5408708665330508, 0.9241983420736172, -0.7225391429048806, -2.930997773470076, -3.3652659704516266, 1.4834314894445886, -2.60110251431278, 2.359781106533582, -1.6503441349976797, -2.775565648473721, 3.421035147872649, 1.88896715272156, -1.7607241793725967, 2.184157156964093, -4.012003916215215, -1.454084101160368, 3.1164458036543268, -1.0543197313253108, -3.1331480874537276, -3.336590513318653, 3.266300505166618, -2.843545426754489, 0.6642909110825004, 1.3483785958298014, 0.02306065529761614, -3.6678145985743393, -2.9480871439983014, -1.5122427867582626, 3.9815256723547505, -1.42657159474235, 0.5667834412313908, -1.2827607594381087, 1.6772501949763545, -0.5484920886511974, -1.9326222018074484, 4.323309650821285, 3.551588650946621, -2.0982391369809976, 1.082993723747911, 3.2660999752586006, 3.150933382917512, -2.66685284327037, -3.7547545119088817, 1.985059873479631, -0.9804439939576738, -4.247694811929302, -1.7184439184286087, 0.5519071953615059, 2.9972902171160936, 2.6971775012617742, -1.708922568555753, -2.4071789745761696, -2.3507131424827765, 2.205916615825526, 0.14609566652774267, -1.4266671450500297, 1.619839862024432, 2.893362417903631, 0.15668182185601864, 3.948852384070852, -2.6922621188390385]",0.979381443298969
11,"[-1.2684634211367851, 0.09336129944373361, -1.14246056912714, -0.1627930999502769, -0.15810124810634574, -0.7958919320260943, -1.5793820810353432, -3.66766870118892, 3.204890755538881, -1.0126766919117398, -1.8791434949011034, -1.0551474811862203, -3.1795616392268418, 0.8760983357917944, 0.6328169572774438, -3.6803121920060518, 2.442836314711469, -2.7008188999487093, -1.0104582367310346, 1.8662279580099406, 1.8032610952575645, -1.990346191820561, -1.7670037839811892, 2.288180878254661, -2.844987708408866, 2.335295996706055, 1.14717250195961, 1.111682126314891, -3.488744933312012, -3.496913761707921, -1.9946681693992847, 1.0371965405877432, 0.5367280167188146, 2.3361527842667646, -2.0685449245356557, 0.6625595827798652, 0.36785869045203967, -2.399395228149637, 4.159647101282072, 2.425618591008697, -1.455743630575697, -0.06836632942754006, 2.2139168678865158, 2.9805949398381872, -2.3659979805469504, 0.389485647217644, 1.0120371379587123, -0.8896334416536898, -4.281742218750447, -3.0755910005545086, -0.2903357188309603, 3.233918598730398, 2.366764669541786, -1.383751499322332, -0.6485898426990375, -3.3047714245044935, 3.543057906737766, 1.069858839762871, -2.6435995540006667, -1.1884180530874175, 0.7129752054406584, 2.928223854707192, 2.8362593192944514, -1.584185979773134]",0.979381443298969
11,"[-1.1480285187481516, 2.6324782500889126, -2.9666099957751966, 0.26391493206367667, 0.537993886889728, -3.0694932942523794, -2.029925471679258, -5.064341862908713, 2.25231550954662, -2.4956625762162132, -0.5781220862744506, -0.24628908604773558, -1.9089976173597984, 4.030754403410245, -0.8145811014870697, -3.0915336154867665, 2.1511891668730527, -3.1851960041599714, 0.744222211563438, 2.3950541890721704, -0.491607249579221, 0.27612636625545317, -2.859331360113903, 2.0358001268808614, -0.23170033481305707, 2.768650488822709, 1.4612224283007609, 1.676478524010904, -1.553289509317341, -2.353156257145744, -2.497770835511643, 3.813858701661641, 0.3907100317827436, 0.5262445742576772, -2.182246889887073, 1.6042661537204461, 1.8598908059588064, -1.591916855602555, 2.766268239041677, 2.3480711044715363, 0.04359701390739157, 0.2314479968502623, 0.3479557996740881, 1.043386822458857, -2.672910944788077, -1.6232734994934694, 2.5260011938738995, -2.4579353585576023, -3.79316358458801, -2.52375622914914, 0.8949291488202988, 2.5242598574815522, 2.0834775648806656, -2.45516614172356, -2.419981126572321, -1.4342432514491925, 0.6913527669474715, -0.36979395778744956, -2.155049228830666, 2.2031954324661425, 1.9705124341495113, 1.5818228960455798, 4.012610534318664, -2.262416337079598]",0.979381443298969
11,"[-2.382275773494962, 2.5184816825362075, -2.303635274276362, -2.0534485312553463, 1.1324627825775275, -0.035853599933264535, -2.1921608412448963, -4.622273186090859, 3.0854831356517036, 0.6417362516809902, 1.7112502395498692, -0.3526817190272178, -0.4297113362360414, 2.37485678655662, 1.8817352688341131, -2.9149477137644384, 1.8571635341638055, -3.0125928534401893, -0.6705631627772507, -1.7161987776285317, -2.1468472922754316, -2.0782714806524796, -1.9387435661683379, 3.299496636179277, -0.90394594163804, 2.269141770069624, 1.4278712524517747, 1.3748487352898682, -1.931701451149677, -3.57251755849632, -0.12612280721745123, 4.218620293783411, -1.3834680793365055, 1.5644754376692898, -0.6924992849488165, 2.369685173999602, -0.7981235431761748, -1.4884880028210614, 3.564038638583427, 3.9182235650194035, 1.6127665752932532, 2.1782423398508106, 1.4289891463961755, 2.6303699634809465, -2.3149566941953297, -1.9130201401487188, 2.9324945095592163, -1.2933239405152748, -3.779977309458724, -1.8589742696662952, 2.524925723796318, 1.8596500054507303, 1.9043381528194776, -2.682179895893769, -2.5704475522518333, -4.016833154775863, 1.435809999078509, -0.6705855314478308, -2.724602051684711, 3.06992634592513, 1.261060329989526, 3.855436147707682, -0.510975827028191, -1.5802476181424874]",0.979381443298969
11,"[0.6489760844640697, 0.5845548766990352, -1.1668555523871438, -1.014764771275312, 0.7640884329743134, 0.23846824137827194, -2.056575847698346, -4.738250918137627, 2.7895903138079126, 0.5206541900247513, -1.160381382226829, -0.9944138811454273, -1.5121770935356462, 3.938728859345658, 1.0152655642738866, -2.668921426309297, 2.0267787177997705, -2.9389435512369655, -1.2078988828280335, 2.694011698503514, -0.5116276791271199, -2.227888538007893, -0.46522405607733086, 2.45320733072656, -0.354583123691637, 0.07569547434336155, 1.3044023404935983, -0.3837819423479758, -2.694158919622489, -2.4859172273112593, -0.14707841110083547, 3.10566421022923, -0.7386910360179275, 1.5078264938160395, -3.105403929164009, 2.5324120161525254, 1.4875869763378837, 1.5589191998138368, 4.152129537713395, 4.27594408176012, 0.3535286227550818, -0.4057029445926055, 2.4953741155492897, 1.7048675735410497, -3.423765496446355, -1.8994966848025892, 0.3416083681855766, -0.8390155146948578, -2.3680255631763023, -3.5977102360282904, -0.6240619240925804, 2.0731992603184235, 1.2074219347088408, 1.7341944361604285, -2.1742911888842853, -3.354003996723005, 1.535952739427203, -3.8332373291102155, -3.474140079754933, 2.9327567377070958, 1.2936277966204424, 2.9839860649655243, 4.103707274204197, 0.13563085969719646]",0.979381443298969
11,"[-1.3834554691467227, 0.37055282913903365, -0.5321638363920069, -2.4972332642047244, -0.6362946217350536, -1.8299693850949257, -2.8737232723501016, -5.065689007359954, 2.8723686961857116, -1.9781781066402413, -2.592033614328343, -1.9022698976799437, -1.5512342599399669, 1.4189008571564627, -0.9947604987784858, -3.0992762841892967, 2.504698593887789, -2.13040555271064, 1.4584451272819667, 3.2431969297403405, -0.7417379320294173, -2.8930890799816784, -3.403878332214375, 1.0988416776532008, -0.9641114433830011, 0.826441541645208, 0.9433498746914648, 1.2128057386117743, -3.799049990257392, -1.3242908134431817, -1.9604106246338167, 3.2034868676625092, -1.7284005331233991, 1.4546745787305897, -3.073949863243443, 2.2996823329646943, -0.45739594433541675, -2.683847851085682, 3.7136365916124805, 2.3375095338078755, -1.0558900136788258, 0.8300363705860537, 3.3275046183667336, 2.0769065692799593, -3.383912711743406, -2.234303895733335, 0.6544238260661042, 0.3302208215482656, -3.900245067779773, -0.6205207679571165, 0.3561999324450327, 2.2988947949261074, 1.949035128511437, -1.901777663087437, -0.7039783835180626, -3.9249801023726008, 2.1044045499568282, 1.1953446848632356, -2.9867997121651944, 3.598800939574292, 0.8446515248167823, 3.3878159377899406, 4.250996992674126, -2.2623121503850165]",0.979381443298969
11,"[-1.4805962859218162, 2.2874333230994406, -1.079828873146249, -0.42456370826431156, -0.8717733649058124, 1.8676319305456817, -3.444451623148654, -4.942289055140854, 2.596726208290786, -1.508040604544289, 0.05452808596341402, -1.757103487896516, -3.4842719061691234, 3.321080647926178, 0.5359036153021337, -3.629053624042025, 1.9284073525660197, -3.957521903283433, -1.2284390633475235, 2.287158637272535, -0.9190642218144752, -3.2283404132392066, -3.4959705864007513, 2.3367329984004255, -1.4810647733173004, 0.798440720110053, 1.4773925096516147, 0.14064654936117327, -3.955641247856364, -3.460286673845229, -0.3506610379504741, 4.170009911076382, -1.2319495632867656, -0.6257735023340809, -0.7006518091926546, 2.9397266753779174, -1.583473570481446, -0.8340700282269271, 3.9967719483596094, 2.923049244064935, 0.4666440587585216, 1.3330202515039802, 2.630645236920498, 3.1976879209820073, -2.572846323158138, -1.915100250781741, 0.07723173507135761, -1.0513209995688602, -1.3776127692949178, -2.352732439963521, -0.24315257619082387, 2.2634213873762237, 1.9799701863863022, -0.3623965860756246, -2.144750323367745, -2.8067807013400223, 2.019309315582465, -0.2485438890620093, -3.4022114041818954, 1.9430109410862366, 2.3386160525689847, 0.3715606869182402, 2.8428868469729287, -2.4149022897917622]",0.979381443298969
12,"[2.6252288894644447, -1.895374111276193, 0.2763175280115172, -0.6827627202298148, -1.34660518249982, 1.9912020102334496, 1.5425655134325225, 1.3558398634755937, 2.583293088745034, -3.3201498509384435, 4.0245219757567465, 3.0385762011721997, -1.0718282113559254, 4.30127083110332, 2.8699228214327426, 1.8963303353352514, 3.640309243216045, -4.2282879876953245, 0.8051154962545004, 0.008459918525697718, -3.0565052525886376, 1.1900952399783913, -1.0201978194106682, 1.0150806721143837, -1.7990492130835924, 2.644447270501984, 1.4781264476686344, 4.080299762904642, -3.0330298265293205, 1.2168183304229414, 0.4961352958572891, -0.1096177513159935, -0.7165276329316919, -1.9154387930663597, -2.5376180142062075, 1.1668574492454802, 0.49869558047000373, 2.946049839004232, 1.2543397887039567, 2.197670443416469, 3.932263865922187, -0.3274344520540061, 3.557013297386338, -0.4332587478902262, 0.6486115394884453, -3.601073845538827, -1.5574037488022303, 3.1272989952689723, 2.3441522154344363, 1.3955714456734747, 1.9677942890340665, 1.308107251673666, 2.083182095113525, -1.4346868569594187, 0.38257053405199903, 2.7098390914039983, 3.025287009783985, -1.5149234186820166, 2.436966587505433, 3.7928414081860327, 1.0940694078949407, 1.365836547613889, -1.5524604201998473, -0.14824720904789337]",0.96
12,"[2.249398563679954, -1.987801897694176, 0.19413702604288496, -1.165117359564773, -2.8070715852917605, 3.7043496224475048, 1.7500543387184944, -0.2699750875521878, 3.0327212337465643, -2.8945318181664774, 4.022456883776633, 1.9443237787100331, -3.230821933871343, 4.041760225812929, 2.9839353069545163, 2.4561120524191273, 4.034015264580239, -2.595291943858192, 0.23822083192550766, -1.0687169750572871, -3.099742865768463, 0.8893570458379285, -1.6200524718892753, 1.077948785175425, -1.6085372942608176, 2.3206375824833874, 1.4890880593167566, 2.0750483911112587, -2.2535176880853784, 0.5926638403790798, 0.20280987973844747, -1.660308018477234, -1.570434917423475, -1.7044632377472426, -3.0163916135597146, 0.3852488322866914, -0.6514394966421603, 1.7246659844002394, -0.7729871227279277, 1.8940681216330753, 3.781513622525355, -0.49577685096746604, 3.378876639358846, 1.2937548503778262, -2.9726406483358256, -4.119788556691016, -3.196382582022887, 3.5643941517204563, 2.454481298208417, 2.857417462976379, 2.2730945149750785, 0.7834492483232925, 4.1072055414141575, 0.014910843639720506, -0.46471572399414685, 3.52367727254165, 3.329579726313316, -3.6190695842054135, 2.0543125130188624, 1.5506925351446936, 1.766959253439579, 3.4508903741974515, -1.586051632886937, -0.05897276698527118]",0.96
12,"[1.627328774587582, -2.2508129208378884, 2.1178713202739585, -1.8203591635111454, -1.4511844653452932, 2.9128248145569247, -1.012150263733039, 2.5981002742657617, 0.6273250176717813, -3.227851556946642, 3.9769356874299775, 1.6864022230943374, -0.793560947933696, 3.824583140743971, 1.8384059404258681, 1.6745970486569561, 3.99098895531465, -2.5467486403729502, 2.805499736033631, 0.8576602303163563, -2.8866467217300213, 0.004502458533734988, -0.6585571049761896, 1.291438324358253, -0.9767387434616552, 1.8844381733168492, 1.4743575315344617, 3.699487664993093, -3.3656096017277233, 3.183471959867913, 0.07819406803562859, 1.5111049313308507, -0.3093117068569278, -2.6645347039302476, -1.9645933427443296, -0.8352260679995864, 0.29193334601807286, 2.4800760096176977, 1.1383555466553403, -0.37895246349358436, 2.5557042711604794, 1.2410673348910402, 2.7467110095909266, 0.5707257652943817, 0.48468843918642807, -4.511575506078788, -0.778679681497554, 3.505874892421419, 1.1678872218004983, 1.9667759609260071, 1.0314617498887768, 3.1928677067614872, 2.576110569135616, -3.0286320978868866, -1.349424908407832, 3.4212495502849594, 3.2913658062715587, -1.9604365243789434, 3.432167172400269, 3.1130639693379516, 0.4487617112674769, 3.3066230151461866, -1.0822461063485678, 0.6073643768444628]",0.96
12,"[1.6712973802971138, -1.5550997696833377, -0.016399080236128807, -1.7193281797846844, -3.3181173978991483, 2.7275542269188375, 0.4900806009236601, 0.5876032464119828, 2.915702079689636, -3.065375376650046, 3.926367680672397, 3.307620751016883, -2.538163701586236, 4.640770887395547, 2.4033195980246305, 0.3563012809175383, 4.031597805838133, -2.4001486248067527, 2.4647175994195756, -1.1083165225657687, -2.9582778130635727, 0.704301789993854, 0.1815700252740975, 0.32890207716964437, -2.5092240961990075, 2.72034830925631, 1.4627616867275064, 3.520117796551397, -3.676994982567922, 1.4874506490153376, 0.39657045558254755, -0.7895697818499052, -1.121483029128636, 0.4038061226093572, -2.515728513661328, 0.8076163971392137, 0.9215764236991066, 0.34741294856573, 2.2963615839012648, 1.7853183934591208, 4.0319577787945295, -1.6492128964456478, 3.563960419816034, -1.5680928923772013, -1.441344390619801, -4.1530828753341025, -1.822134829479375, 3.6514411784803182, 1.7824344663671714, 2.7320250244079216, 1.9616126678372048, -0.676070421539994, 1.418841195493137, -0.33417880221021146, -0.1418841848803118, 1.332880399603805, 2.797041695262688, -2.0643425902027213, 1.5251990415329137, 3.28911291929896, 2.5146738327215092, 1.480156012180646, 2.0180393178384732, 1.6186611376614295]",0.96
12,"[3.971143981554358, -0.8380203873966579, -0.42910978121343624, -0.48512505752255186, -1.9024266490693742, 2.629873264184238, 0.7520275369146149, 3.3959207794323807, 0.38312844969126303, -3.257847481533766, 3.995842688353548, 2.7445499942265923, -0.28071083585420975, 4.6125219815487, 3.540895926939562, 2.0754312376000277, 4.035589919861264, -4.199500489444324, 2.434803062083651, 0.04085607215209727, -0.8418391571621278, 0.4312807756909989, -1.021440890861211, 0.5511110797334692, -0.927584463335589, 2.4291984495325694, 1.4890659604993974, 1.1586124929721704, -3.3976387254242377, 1.6573502850570407, 0.647447078809349, -1.5558221658858464, -0.4399117334000413, -2.590802874084285, -1.7126902303261216, 2.53518944451503, 3.039361977850896, 1.1370229240299887, 2.603399636765171, 4.169787562901931, 4.026272017985693, -0.29030726071458746, 2.9590630254185033, -0.005370142862335031, -0.4487076008328582, -3.9714942967298725, -1.541477437996941, 3.4950062202764767, 0.030429185957915772, 2.6274524031934368, 3.231729825696667, 2.3394947189487043, 1.73546702351791, -1.5251343548489038, -0.7112453103994936, 1.6993267167537018, 3.565728976975288, -3.6743479681800837, 1.9261524477208884, 2.6518093157424465, 1.212801289084935, 1.835347635780021, -2.3788525328617665, -0.773099758300634]",0.96
12,"[1.830778287357587, -2.4504617575220835, 1.3420445072906777, -2.2391674341724626, -3.0998325911934734, 1.8571280396516174, 1.1379090077596552, -0.5647456798437587, 2.810719709547424, -2.8565735180362903, 4.004650228197273, 3.858310425594257, -1.598266770541844, 3.2284046122477164, 2.4491348570753306, 1.8045510875049011, 4.036567845185615, -4.098502819292717, -1.612092856309339, -1.3600791302746231, -2.691602311523338, 0.5394899494074483, -0.21608960424072787, 3.353002942063987, -1.8430447602554236, 1.630322005982217, 1.4850447848293191, 4.055402786362576, -0.9500781427983229, 1.5605930922606808, 0.10227385680770164, -1.954331605719314, -0.37953914813262946, -0.9430511897662184, -2.803115404977212, 0.6423012684879728, 1.6598430244796578, 1.0321860754085472, 0.07662469733100696, -1.6834433368228379, 1.706834230701464, 0.3879756231972461, 3.630800216475831, 0.5066500066248824, -0.11889341444437035, -2.187868489861411, -1.091899275648669, 3.9121069551117458, 1.6355116776315353, 2.2843101470753946, 3.3122858038310516, 2.835550129355846, 1.9999919556650345, -2.9185214031174853, -1.0228709284525037, 3.5126618900791433, 2.031454421731489, -0.8641355513142867, 3.268114463055679, 3.7532868555663033, -0.1801812836023713, 1.5845240186321803, -1.3790430277173138, -0.3737418808102454]",0.96
12,"[-1.215361829568891, -2.4518533805710225, -0.2799023219145647, -0.8271911973107702, -1.9001538673111964, 2.5188716245963705, 1.9010011671865301, -0.5293907171399226, -0.12546378913128176, -3.201665555603189, 4.00606040400454, 2.457852320085959, -2.7499390442685847, 3.909932454038238, 3.4981141886069334, 2.3312223588107672, 4.031910864555563, -3.1889022325719067, 0.12249570865643655, -0.682180980885914, -3.14577190819648, 2.085331852742896, -0.783369928875807, 0.1545170747170605, -0.8370422596002399, 2.378069666334052, 1.4623894418775392, 3.9513616979085175, -1.5131929723409612, 2.360434908150288, -1.4893780663426357, -1.4978532899850356, -0.597565184379174, -0.3610878930532755, -3.121243192878506, 0.6465989888426052, 0.5679533906665256, 0.7579626125682484, 0.7815981368728284, 1.4145456915446366, 3.9965795546823397, -0.8370850848760336, 2.642166976778232, -0.05799041503699647, 0.0490945141352498, -4.100031079386355, 0.70737215063069, 2.509383082935875, -0.0843839365971073, 1.3157064927245175, 2.6710938800885886, 2.293053536627065, 2.803886785937232, -1.2972846683087065, -1.951457927462939, 1.8008102071040786, 3.396088306610959, -1.9160590781898836, 3.678857518990238, 1.3563193325983667, 1.0724546078862833, -0.1966684681419606, 0.09266322928951842, 0.6902066708886285]",0.96
12,"[2.5656975334718815, -0.390274130671016, 0.9708147378936196, -2.78067370594427, -0.7162488108099923, -0.21819894090810932, 0.8432717073749374, 4.023583749369538, 1.4354895745798688, -1.0560734159446543, 4.024517034206744, 1.821334445077567, -0.8285681787031236, 4.644441063386424, 3.7972330864460244, 2.4499256333832418, 4.019214109221877, -1.8643936251194002, -0.06400953243653462, 1.5326815376002427, -1.221014384267362, 2.119482372387515, -0.11215864046756174, 1.9515229191627168, -0.1554077658395192, 1.3667067064893166, 1.477245250283896, 3.046133370853813, -2.7364630906342056, 0.8216259154422921, -1.3030690772062528, -1.504005126216947, -1.6233728247228947, -2.275850775924189, -2.324759551093661, -0.01998514157148401, 0.5298001525031568, 2.273826532257616, 2.9223663609021227, 1.5608644382556502, 3.6891778022522788, 1.457876699829675, 3.215458500741376, 1.2825169922167148, 0.27597811440180414, -3.156975943373906, -2.8129095865590674, 3.2327044661047077, 1.1024388769198863, 0.524391959325755, 2.391840986791889, 2.55921842877341, 2.0081739628136774, 0.6574802433013656, 0.318634673067907, 3.38338210953192, 2.186896646126889, -1.2340127218497547, 3.1721800536221165, 2.601884674434176, 3.0770009508982827, 0.8128273885684547, 1.924844742169677, -1.1811762718352816]",0.96
12,"[1.9787919735003308, -1.7123239975003655, 0.9318273284252958, -1.0898042652969562, -0.6181318507573594, 3.6358454219357443, 1.756812802584509, -0.5655787358732771, 1.8528042534882752, -3.3219251412767825, 2.7350310949612635, 3.779947702917894, -2.5277844148872166, 4.567562041365856, 2.90175551635993, 1.6017249174342592, 3.9631892778236075, -3.8669539971378413, 0.9628819729969986, -1.52621085448529, -3.0624041068292702, 0.6514816514679155, -0.10232765365997243, 0.09538838861814286, -1.1465856718508465, 2.0179928822978237, 1.4824578405133537, 4.198976005850909, -3.5124202958645494, 3.9111287089633184, -0.9328257945526761, -0.4759161745032555, 0.21463284746261857, 0.555963559079836, -3.1458471532192336, 1.0830941057921057, -0.07364726489221485, 0.06837529504025186, 1.4024011314656126, 2.1838999290024237, 2.551127552246316, 0.9888267825774681, 2.0200613421102176, -0.054709817833801536, -0.8390059987917856, -3.4104990383274427, -2.0646326800010084, 3.3371979260985913, 1.9882181446895026, 1.7986962123987993, 2.1536285023568, 1.6630215170020235, 3.0250140640775576, -1.2520880080943113, 0.5119628730097023, 1.6831799661077138, 2.3862689824308276, -2.205920310723363, 3.1301307526011137, 2.977453189626667, -0.018778091284664344, 1.5562466910181776, -0.4663424268429287, -1.071836695252211]",0.96
12,"[2.0536458779314604, 0.5577980528486104, -0.2556023761522916, -2.7763370728438943, 0.6593832666741066, 0.08831061039864418, 1.7647493306957038, 1.1208748685907413, 2.2339309665153073, -1.8488447772242926, 3.7202320213557374, 3.8184403362615718, -0.18311431407550938, 3.7949344378880285, 3.1089630438247653, 2.245689512130108, 4.037407775372067, -3.2207489389194413, 1.2790214461624694, 0.8671748262989276, -2.7493311961654765, 0.9481031254009656, 2.0418383659186103, 3.2417212367948416, -1.5718673415722373, 2.4914856171527386, 1.454183594697954, 4.046626589784071, -2.4411841199239976, -0.37116796384954, 1.768022097453114, -0.3992578160795023, -0.911916810213927, -2.308447146138981, -2.4650141764236126, 0.22789349311552043, -1.6521920663308567, 1.890127033430208, 2.5554853443610472, 1.3249524577718321, 2.3397061261917065, -0.5050188654122714, 3.55335561903457, 0.10612121213766296, -1.7187621782151243, -2.910998098347719, -2.665803147086979, 0.7404945582898406, 1.7520054825225846, 3.6685413090525305, -0.009004252125809353, 0.47643162571887454, 1.0052396687429543, 1.0662166709863308, -1.1684028283623489, 2.1433445253672065, 3.44227497233755, -0.5867176747557761, 0.05945531534852755, 3.8202677921443615, 2.2377430612707423, 3.2638950813220013, -0.7847830885620588, -0.9752237030686034]",0.96
12,"[1.8414020870966283, -2.0705923784233553, 2.101168389876195, -2.0385144646634066, -0.7905061654685083, 2.74217972398965, 2.5201637018036465, -0.8976670325671592, 0.8282391932496969, -3.0579273942286953, 3.6471815324171866, 1.735389008088406, 0.8091791593756483, 3.5863462420635845, 3.3573294720233533, 2.1375521048029746, 4.03287249475465, -3.522530736885833, 0.2995441503301445, 1.7181575338340096, -2.311773121117426, -0.16185782325913278, -1.3748865891897557, 1.1746420024033504, -1.1648007136123337, 1.7944395998715414, 1.4844377788323546, 3.961097333632041, -3.9932959555616208, 3.8382552939409917, 0.8657219861996057, -0.08021158653395075, 0.14757169562134165, 0.43371472739128936, -0.6971097299178053, 1.3619065268766066, -1.663262303635602, 2.2268484184300568, 2.69699929969092, 0.7607009221303054, 2.5163990962601837, -1.5953958701485407, 4.075796414800901, -1.3704534086633182, -0.7765408279971407, -3.554046639788934, -3.9031884999658186, 3.9300235358377504, 0.379953540525819, 1.5716253939998825, 1.113380356399381, 2.0086776320118442, -0.09797312942185643, 0.6817286732047376, 1.3983989093553173, 3.4491833289890255, 3.094780986626005, -0.7091337823165421, 1.994428892123267, 1.4649843031768235, 1.9087913130381038, -0.7986764587030584, -1.5742757062451596, 0.43522716696267516]",0.96
12,"[3.0129932991899504, -2.1204197594875978, -2.1051810919559935, -0.23000094930351522, -3.4840138738230655, 1.5235565612059312, 1.1479628077275785, 2.1668234709186893, 1.6928437111021477, -2.068047835048694, 3.672722870346042, 3.6509761135716783, -0.7878596177603221, 3.522104569461548, 2.4374444297117246, 0.569261147540872, 3.9965863903541874, -4.15952825780872, 2.2667827694675804, -1.1406078505830735, -1.7176529752130696, 0.724454912282424, -0.7889127339714617, 3.1972296451591458, -1.1410283659341875, 0.6790522353330177, 1.4841837110582892, 1.3849773666408343, -1.69482602548841, 1.9200239494299256, -0.13492644436999712, 0.43295341140747384, -1.9563719383492448, -2.4320720327757623, -2.8522322214293503, 1.721476048531568, 1.3629018075325035, 1.0273129213822898, 2.6255456356311835, 3.0017145483765604, 4.066679826162884, -1.471917134987208, 4.136368323771738, -0.5161837977745141, -1.3080302882412074, -4.611574569852592, -3.4728496569051615, 0.8697409700675953, 2.5285064466995406, 0.15887730658901655, 3.487427512654789, 2.067716017617035, -1.5181613693334517, -0.7126099622948766, -1.109181209572124, 2.730792797654716, 3.383386041080002, -2.1586433527970463, 3.1958768370446338, 3.7624676678677638, -0.30036017263911274, 1.2574027228785156, -1.4943772189016657, 0.1675749441938698]",0.96
12,"[3.152903295597495, -0.2983087314356032, -0.021344314614052118, -1.3954475062620921, -1.6481842017258508, 1.7624079294097441, 3.124333774833951, 2.4597653566858417, 2.5408671677564123, -2.7438560847437166, 3.326480591928885, 3.4153019618730034, -0.3402058560253517, 3.4984908360242404, 3.816517224541505, 2.0762507550564213, 4.0336445602631175, -2.5102254772527557, 2.5205881755231356, 0.20628428967144286, -2.9558191751725222, 2.13197670367438, -2.067286669283359, 2.1885354569544635, -1.1229182282445074, 2.484804618045607, 1.4881947726758353, 3.6989816907629405, -2.8792276115482576, 1.0784127608395186, -0.6129453246663341, 0.16902926007007826, -1.432416162618979, 2.534014411891204, -1.6999164846825345, 0.7724044783920565, 1.7007640829851862, 2.94537950245997, -0.1279088702653841, 2.1665207052803037, 4.006876000050754, 1.3217130898129057, 2.184819003305996, -0.8247118219530452, 1.5438862027103366, -2.756044988870654, -3.1796328487734162, 1.2655077046649346, 1.0358691757155083, 0.3909808862175561, 1.936904563633375, 2.049455902464847, 1.2804822417294854, -1.5452481668024505, -0.9460962882389958, 3.524549145463654, 3.2966827701081134, -1.3741227524037678, 3.6945327736878224, 3.3266913779716702, 0.8027988143297318, 0.11467949167610492, 0.07352914936253452, 0.6496875195653634]",0.96
12,"[4.133443023906319, -1.998192458499942, 0.8253668870659185, -0.8782102772401765, -2.1560881238771543, 1.0244711014674293, -0.16512402262981563, 0.4903301309737902, 2.3877971295227094, -3.3221463199304306, 4.0214567598811195, 3.1065199116556745, -1.3546055702862068, 2.701723934185073, 3.7536999079574738, 2.1909628951273166, 3.9481291287701894, -3.646903585812364, 3.6474837566759186, -0.2268802939676015, -2.5721016230973355, 2.6845192379548055, -0.5818583206058716, 0.059762706997656734, -2.3032020988902375, 0.6196612182761543, 1.487041557483139, 3.86428956799498, -3.3028380805347277, 3.6483339245633046, -1.0582467113993013, -0.7660993882339044, 0.28619232801260575, -1.6023606779154258, -2.3942534724405173, 0.4499947409533488, 1.7714292461107184, 1.6281564662703851, -1.349058525141141, 1.0796963248011098, 3.1593122280020385, -3.521694352799954, 2.8729379075701673, -0.38002222116677453, 2.098443284804942, -4.609559614051162, -3.452880892053163, 2.1267566935677946, 0.019445619228173117, 0.3197742951222484, 3.0133923937211664, 2.204844038925196, -0.32143228672590585, -0.75830607364305, 0.6699084533588421, 2.3023005539857357, 2.3607046345834153, -2.333668754458342, 3.19916584619064, 2.2342497944056428, 0.7207199859223622, 2.3960861446383723, -0.47281376003222253, -0.2793539524866576]",0.96
12,"[3.23328170654587, -1.2450111723270723, 1.4595834198227151, -2.71483538932185, -1.640884641931498, 4.109448491174511, -0.14069593177162476, 2.0994972306032635, 2.665613600829487, -2.4831769973203883, 3.279346445310368, 3.4777448519628407, -0.9136409693384033, 2.7970442272424325, 3.81519584072728, 1.7258876072198288, 4.027503854381199, -3.481865400443182, -0.047336879291479894, -0.5518719741298128, -3.163663201859913, 0.8135574555162564, 0.762534932150896, 3.222987734864362, -1.7764806492638465, 2.4591000380191703, 1.4461961218657422, 3.5168771463982194, -2.677899489103661, -0.2969439088697703, -0.061285172704223956, 0.8281516670621312, 0.28739368442825364, -1.9178337404271328, -1.6610628880877147, 0.08423098382183242, 0.41167417582387056, 0.24871367410787348, 0.24222433587674397, 2.4381032067865256, 2.8780479841608058, -0.7174231094761812, 3.8847744095778305, -0.0855656128706172, -0.6128920925310042, -4.492143567499122, -2.1255135208057223, 3.8998665076397834, 1.4638330369402262, 1.808158786214779, -0.7877745548744353, 3.2863942397968553, 0.7346496021455026, -0.257380981912249, 0.37412776357753064, 1.502390707001457, 3.2423918880319444, -1.1107240631419464, 1.6521503578984587, 3.8220908185012545, 2.3424985408599657, 0.30848160326257096, -1.386868522211756, 2.4941634242728554]",0.96
12,"[2.860765845562473, -1.2958473103354882, -0.3056700573962596, -2.4587582600452667, -1.425877628415635, 0.8708923260383659, -0.5690758409492678, 4.636831582527044, 1.6683060803897223, -2.7218380555090445, 3.968486181915012, 3.353481937336284, 0.4679596006766866, 2.686823460264425, 3.794292480563259, 2.4503479203830754, 4.037701518723982, -3.5501076827216416, 2.325005352488353, 0.28395981310029433, -2.674220541763182, 2.15423112025504, -0.64451301786344, 1.6191923607473975, -1.1150910907445857, 0.616499945970282, 1.4879037752199258, 4.0281582452013565, -0.9609165560149033, 0.5463652718180343, -0.6635497553982241, -0.5930886601212086, -0.3957604101367963, -0.6049593929020962, -1.2101076765877, 1.2222212810313637, 0.5012832851844158, 1.6813177452892716, 0.7090920687696254, -1.0319013104433483, 2.808038716301113, 1.2708839256288598, 3.586417228077497, 0.14090734816005512, 0.6095982009402122, -4.289735687350542, -0.9451378171434381, 3.65526486699097, 1.3955500041502287, 1.7883562847261316, 0.6770855883490431, 0.4606624059731643, 1.2400111035428167, -1.1564386089042675, -0.3826774877372231, 2.2584386975959467, 2.024261566037981, 1.1973432549089345, 3.6856840042757595, 1.956062362710977, 3.0821807308684246, 1.9014956138902512, -1.6532446154701412, -0.9733063792063485]",0.96
12,"[3.067118716281994, -1.2329017346098092, 1.2000592190375932, -2.2130801083230462, -1.7464385705710659, -0.1971948016657985, 2.1095731651225664, -0.41436569845977256, 1.3883278006346926, -1.1643551594119934, 3.967659570311763, 3.5046228561167885, -0.8884269099986829, 4.25412934999118, 2.9498380516641887, 2.1992527736640386, 3.92881315627802, -4.007312037968605, 1.0819545027294637, -0.5974327348621834, -2.7889708835846023, 0.5610044526738369, 0.9582431643522328, 1.319381153855696, -1.7938294006291804, 2.8616270487953654, 1.4377557471664038, 3.6336040471097015, -2.5279875271300485, -0.3849589199526988, 2.6122665009926593, -1.4063624930859175, -0.4313307148824838, 0.05297596500866497, -2.338233980932418, -0.4698800698599388, 0.2756615853050447, 2.5695470737354373, 1.5155469552954566, 0.6599584858770601, 3.528039066280069, -0.3108194872643002, 3.3948651202858646, 0.6446545529178771, 0.22597314758091053, -3.71862757919319, -3.0033565474447412, 2.916364649799945, 0.953226750475086, 0.9284979484533523, 1.5137320301226147, 2.9220002012011355, 2.240134921883579, -0.11076886888511772, -1.0435256469952459, 0.9056803269130083, 2.442281395848674, -2.6151173882871985, 2.7591465118384084, 3.7551155374917458, 3.051735485734746, 1.610961448882083, -0.6580153733437228, -0.568517530577523]",0.96
12,"[1.3969203916874313, -1.909035301494367, -1.047815279675572, -1.1194479756689963, -0.8708490414168598, 2.1058801161550704, 2.01936682131007, 2.8983380243528054, 1.3863768900873568, -1.2940808012905851, 4.01550231554625, 2.242483568774668, -1.3515561070309638, 4.248375396900166, 3.1386197293773006, 0.9069152936243343, 3.9390936442521047, -3.9702508585315304, 0.8387101511514221, -1.1165578614285283, -3.001531942730338, 2.5791132040987894, 0.4619132914770393, 2.4990722067950593, -2.337497963944034, -0.5211383107649761, 1.4855164976016577, 3.2924678136471095, 0.5507573900558436, 1.6109885568578441, 0.4955830614798227, -1.2871875937904431, -0.18640702265336115, -1.7293873166371139, -1.6157652799568207, 0.5486433959460958, 0.5597880400139327, 2.450917832121171, 3.3960135972726007, 1.3298365983443365, 3.6638803671209246, 1.636815597414219, 3.9273181976365032, 0.5209812203591758, 1.3218031800606553, -4.426139635626848, -3.4103688631494347, 2.844187252186053, 1.411527615817889, 1.7854629762342482, 1.2826550976815305, 3.1364488896374056, 2.5909320097798054, -2.0404174525653342, 0.33187346315794974, 1.8015719904779428, 3.596232781938803, -2.5227054441897034, 3.0808673905161297, 3.002391004724905, 1.9620911036227842, 0.17583348497603038, -2.323425472998542, -0.7829933455569938]",0.96
12,"[3.394622767627537, -1.6873729880647472, -0.3966725977396985, -2.2293238802596353, -2.31901718118083, 1.6820396502319668, 1.736550758807003, 3.8545189999192706, 1.515255117626554, -2.1525101108790654, 4.018787246765756, 2.9030101815588876, -1.1951377437157427, 3.6181123058375, 3.802576380140113, 2.4350489223695413, 4.018772470875028, -3.2781491325520475, 0.31570251481285594, -0.12451978801168206, -2.3037770225602103, 2.0352907396569577, -0.6053883683382267, -0.47989532106827115, -2.1425286544037587, 1.7639758162722416, 1.416625159964797, 3.910966260196471, -2.694629830426013, 1.3034658215472756, 0.8783562470004398, 0.33698018100289634, 0.8749937595556132, -2.590987009769302, -1.0679721901045869, -0.9184843065281285, 1.9718586889287422, 2.564700466530737, 1.9630855563241236, -0.18890395907639457, 4.003984873575413, 0.1273267863831652, 1.970234481303477, -1.0647623682333673, -1.4760629572009747, -4.321924964814525, -3.666048704908202, 0.7296910640880632, 0.7932396144627762, 2.406300089773068, 2.6189594632501727, 1.6928359190083708, 2.221063053721454, 1.8837306930317768, 1.2435180372383154, 2.0926016809280807, 3.561189586190267, -2.805918023928641, 2.9913516874828434, 3.826513441452622, 2.0783309807452457, 2.2060577040063682, -0.9618986241772247, -0.44219154845554565]",0.96
12,"[1.6257552412787772, -1.5245310216448835, -1.688551283040649, -0.8466760169178157, -0.42444146081473755, 2.4955566143670516, 2.1249762394917986, 3.8812142608417433, 1.0693021273619188, -2.0822003372294065, 1.37333036736067, 1.3992954080690299, -1.3553413040583075, 3.5569478391652587, 2.5327947085954774, 1.252060690999076, 3.95523187253827, -3.3588164514373453, 1.7020836557648564, 0.8794488956391366, -1.605360813249356, 2.488882461410819, -2.029938514856305, 1.2205489878014402, -2.691916363664353, 0.8349523761965281, 1.4876571643897027, 3.811770777866775, -3.4469927835381835, 0.8467745085769861, 1.936288289633884, -1.776049324040477, 2.0966453060906316, 0.09692465631501124, -2.3223534167695052, 1.013608865925378, -1.4268927744008646, 2.4214066655953146, 0.7123441110080315, -0.14439632725736162, 2.8522695387580423, -0.7461056950418212, 1.9127194045939637, -0.7263013937510936, -1.9913366597782671, -4.612830028236822, -2.6212621733224863, 3.9564391809717465, 0.7724853520607664, 1.2822614448635872, 2.5989247454741697, 3.0395209806837493, 1.9505810919434037, -1.622113455089759, 0.8232554142369827, 0.9397495050672757, 2.367618769480936, -3.1110764686514374, 3.259718031431077, 3.624096768118074, 0.7194686001436084, -1.7447943193581055, -0.6153247438702591, 1.8041918122637355]",0.96
12,"[2.175874374507279, -1.7612087145843347, 1.6567652340968768, -0.44935530351196884, -0.1873670637859821, -1.4933855518699164, 0.6543576650767795, 0.5005545562828202, 3.2078625749343157, -2.2088841140695123, 3.996057668658209, 3.328927912499451, 0.08819882245954225, 2.806238904565586, 3.5668349963466697, 1.344234398945677, 4.016620577135207, -3.4042111978041856, 0.26419644618602744, 1.5101322327837121, -2.867029900144788, 0.07691007822220519, -1.4305113909551324, 1.311082012655096, -0.8529860205465212, 1.7364506676090465, 1.4853692089966601, 3.8962998940078175, -1.9398733796670249, 2.281730677698357, 0.9679771570548079, 1.145812614602999, -0.9761663021566535, -1.1627488696815247, -2.280864829493178, 2.07451277432873, 0.6574197241901045, 0.512087905679115, 1.094315923101532, 1.4601075256530112, 2.588078492836119, 0.4337342101586413, 3.829123045788827, -2.395401004026503, 1.4197874463766387, -4.523359771365311, -1.7055673191680571, 1.6205687028420368, 1.6459611162701013, 1.1844626370776745, 0.709753911751436, 2.784315260861843, 3.7129558160933698, -0.4194247373143743, -0.3365419183059161, 1.2096979606685876, 2.5663726829493516, -3.0954846822401887, 1.9364419453466168, 3.499043304718111, 2.762488702355477, 2.730475640879023, -2.397279031172995, -0.9079903437460278]",0.96
12,"[1.1092377425438142, 1.0311961852383706, -0.6420624349986921, -1.2782228290640587, -1.352129419980784, 1.0401437451140445, 0.5966649737670073, -1.4550271689284702, 3.172535529162937, -2.487963560020998, 2.6075072720390122, 3.1111446123905293, 1.1605835261824455, 3.042746463729337, 3.807912968287203, 0.8545551419747455, 4.036517565242156, -2.990925429230506, 2.2840106421514625, -1.088900843349173, -3.159480309267108, 1.0399169783341462, -2.363717733557839, -1.1457408996947644, 0.2827530749199929, 0.9567150216176499, 1.4873264238682788, 4.045730174585525, -1.8287989373488442, 2.629781534345551, -0.06714543152402636, -2.4757215002143926, 0.32429196290759693, -0.5719577392251673, -3.0594102875966662, -2.086076944345079, 0.024459708180036455, 1.6336166251599127, 3.9060956668636937, 4.270365244480035, 4.031076254711226, -1.644609203365489, 3.008094199273164, -1.944350486895238, -2.485501844182407, -3.5130828427599354, -1.2050768520780568, 3.440821893835989, 2.5097587405856765, 2.8610465754331664, 3.53695133840149, 0.5894052668248182, -0.636544638561086, 0.5066866879502294, -1.1741161916803393, 1.8174766597872516, 1.7608944049757769, -1.1382151528521924, 0.12652746651337266, 3.7809800308346184, 0.9832072812501563, 0.3823566566653871, -2.262215926724085, 0.6666827013679508]",0.96
12,"[2.3165584068166467, -1.7384206374559181, -1.3988330502704966, -0.2612200829013185, -1.9542469022128421, 1.4434116212045514, 3.7346655585863267, 0.08966619221854022, 2.532790208157969, -1.3610507742419067, 4.00880538203221, 3.5580102903526325, -0.05592561241091353, 3.7860406390452845, 3.464990614960914, 1.047303092293544, 4.028461285985329, -3.0758546742966626, 2.2423078744032585, 1.4654308597327563, -2.001248539495987, 2.2775699780897436, -1.7605821443776861, 1.7118038450192081, -1.2038574006442926, 2.603384292714714, 1.483439362983441, 3.5067753179745202, -2.1349777755552797, 3.882616128501572, 0.43560000320850734, -2.048717415523736, 0.14344669743889535, -0.8227500296872544, -0.8102481990227695, 2.441916640759029, -1.0358716457024666, 1.9470100843397213, 1.1613883973025843, 1.633310780160761, 2.30938637280974, 2.358452961958068, 3.376107010979405, -2.9215126694152533, 2.891400988408022, -1.410566434492702, -3.9191053921056134, 3.950470298375209, 0.32920637167523004, 3.481475547053673, 3.5661865927056287, 0.7014210382440602, 0.5879976776914624, -0.11811578595067074, 1.7357787197943457, 3.2646509232555543, 2.910643414266544, -0.0069109336360053675, 0.8828207586726475, 1.6937540960780133, 1.8738559740855474, 3.7124372458116377, -0.43245540668842786, -0.7821839452661343]",0.96
12,"[3.7387580503155626, -0.7939034824121798, 1.7327623885331067, -1.840429058791426, -2.746939916136101, 3.5848211797456786, 3.0035530270279525, 0.41945512426579196, 0.13812587646237695, -3.273140763602334, 3.9604819833396796, 2.699008576969741, -1.2424450251065886, 4.242639658388078, 1.8640260212403283, 0.7098283218112813, 3.8856811810231893, -2.174115572162794, 2.5922545701822015, 0.29085430028483605, -2.1389507209788987, 0.9783005384765158, -3.4335290090677812, 2.621169067999759, 0.01769795943175778, 2.5403078370854426, 1.4767282945389537, 2.5399380027256826, -4.053991747499022, 2.164958135745099, 1.496505321854281, 0.24037526815322274, -2.3341283532887127, -1.5269223720557086, -2.625608090064825, 2.122939357879759, 0.14381634225062606, 2.131626676437594, 1.7783116650254605, 2.815840369551699, 4.059430013165269, 2.714177618854657, 2.2503755198702793, 0.9205446190757939, 0.05321208165631375, -4.543001068606184, -3.8595728498273782, 3.956365671672482, 0.5213936891772697, 3.6499942420586207, 1.0406694175777318, 2.7007998414260372, 2.881014068347836, -0.07040884190480656, -1.1374802839200653, 0.6342668433885357, 0.6998589764168268, -2.207762804839373, 1.5960879472974707, 2.5113662122781593, 0.039857857243669026, 1.9965332679381107, -2.0775475883692813, -0.3977119783446993]",0.96
12,"[2.3720771018459783, -1.8963450834755506, 2.890803028986534, -1.6030503764722002, -1.839965762332457, 2.408830857197358, 3.7385688155355745, -0.5077728596281228, 2.6196809313276455, -1.74794439951292, 4.022379099474999, 2.8228848428432265, -2.049119851344267, 1.6561004228191853, 3.6886945112590683, 1.4016330557248144, 4.028642398804146, -3.624488268666787, 1.8110076592369173, 0.05385417474477737, -2.1833300510023177, -1.1021585618601177, 1.9799301744553124, 0.9111666356873115, -0.4375803564244267, 2.8085314122511176, 1.4714006754096933, 3.6668486059711505, -2.8653583303234798, 1.643568436825089, 2.7841854123520138, 0.7327156992525944, 0.22263556961774542, 0.5735242700445036, -2.595340079511875, -0.8968419254938085, -1.2147209731323254, 0.37328179791981997, 2.057057169587365, 3.1809067144726204, 3.7552515338656676, 0.9744859197896277, 2.3468319674539706, 1.800137039178086, 0.01997762812136883, -3.924299581924325, -3.759116716307419, 2.25770455252672, 1.4138066051316724, 2.4552907694894675, 2.8654440538165584, 1.1677203522217492, 1.1835377948838728, -1.7748590861540574, 2.747566906586168, 2.9994665058634773, 2.2232313784860693, -3.8062629153961325, -0.1798350042164114, 1.0465007410025153, 1.0165646043200902, 2.5576392302013735, -0.5096650498745554, -0.9454555190205208]",0.96
12,"[0.2926187092104773, -2.0199984242205438, 1.330371209281929, -2.1699240029528646, 0.6488361529627982, 2.1156271571358407, 1.334031905512884, 1.8442204758601934, 1.4364786153197762, -2.0820110264411733, 3.8129378151608906, 2.366390637696637, 1.484439111525973, 1.5528629873919177, 2.754935003482692, 0.266322777980111, 4.037035402028633, -4.085482917012982, -3.3221685484331216, 0.4467522230346289, -1.0923085029887365, 4.2078676589614386, -0.4987433401127431, 2.3728869230808938, 2.35595227973372, 0.9530795325525341, 1.307778670511405, 3.306145667326896, -2.8991884595239643, 2.0651843969818273, 3.1352067897259923, -0.7278982333861811, 0.9633461134590364, -2.207990935562646, -2.2607543300919195, 2.4252197109009934, 1.4607145222988687, 2.3922820782722938, -1.6673494873318444, 2.703679729769581, 2.6127207140624877, -0.015996641017134425, 2.7831747876801307, 1.0252423930768706, -0.2639340071089006, -4.611463790435728, -3.8926996657847335, 3.353303065923729, 0.16508385030900485, 1.3142265690711503, 2.86940730942875, 2.6037338583935434, 1.9497459963493387, -2.0336524798274547, -1.7413917220212625, 1.4607439182210116, 2.6839341219929773, -3.9420789378199554, 3.3770201554579105, 2.038603732220146, -0.10945787797294315, 0.16834994825206895, -1.3271281434574056, -0.15332274292416953]",0.96
12,"[3.242686115082128, -0.8475624898278054, 1.3621412799680281, -1.5251247651022048, -2.765910439815173, 3.081304298755482, 2.2399797867269013, -0.5160662795471014, 2.193301541737111, -0.6788001431655459, 3.0453864699550484, 3.767325683309181, 0.3819623783986903, 4.3137279468724685, 1.4672238400596143, 2.4122372805855328, 3.9975505487654854, -1.4441061221166862, -0.7056754852023316, 2.4464291194059276, -2.0524007636911827, -1.551835438563555, -2.011794651061847, 1.3423633069269785, -1.1995734612867763, 2.7929156400285575, 1.401633793528256, 4.086891370721936, -3.873084515323396, 1.1109923281671095, -0.5819101538350611, 1.5017986402870571, -2.24855728632513, -0.4509461583944201, -2.6545162580454846, 0.21003942764432826, -0.7076918530337459, 1.7045852963575987, -0.5848526600560365, 0.18156565905366495, 3.5866975740051172, 0.8830524610627406, 2.6095204325872494, 1.8738247590202182, -1.2754227787965537, -3.411825975665288, -3.0932802902491847, 1.971238493427341, 2.179798724331733, 2.4893325007310363, 1.170249362903001, 0.6513783179407492, 1.4499355956388045, -1.9692643667558243, 0.590401891192023, 2.5713500673622236, 2.9012430542953034, -2.359526168011221, 3.201648257376697, 1.6032908033923157, 1.8556292500077123, 1.7044871447744803, -0.9490827253497895, 0.7006017960167827]",0.96
12,"[2.5180116757717697, -1.580255971124058, 0.4176507689309052, -2.4128034073992684, -1.33050781545696, 2.003673535388536, 3.112795168401294, 1.1783795847903675, 1.7476338736378931, -3.0421948948631616, 3.134851020634935, 3.34013781156452, -1.1656827036761905, 4.368007337174961, 3.7975852006998183, 1.2563490148185181, 4.004628444752613, -4.1317842746797036, 0.2768641166193976, -1.523445651708802, -2.8863821290138842, 1.0391072902516603, 0.7575720765992879, 1.4261258735955207, -1.627399165926036, 1.6993658573606916, 1.4650409772699124, 4.196529031722034, -0.701935209975411, 2.7251181684222745, 1.5415262066737407, 0.006466367718776733, 0.0889803372896778, 0.5302605199000598, -1.8368894665844113, 1.9275483876049988, 1.2926388700788403, 2.0275559926922146, 1.1818616117152716, 0.1644203727760809, 1.156450846468693, 2.870458783375903, 2.869262387294327, -1.2732414438385597, 1.1065810688767594, -3.587207830284707, -3.2567052283646785, 3.0287234181285814, 2.3202630114775333, 1.3602352339571924, 1.2640814378126044, 1.5197790816893175, 1.3632165717863995, -1.708214435052588, 1.5353164188683195, 2.093666759674219, 3.259919839513429, -2.7134711582124287, 2.7563296819077636, 3.808415873577631, 2.2126725814810064, 2.167906729677109, -3.9113696252757855, -1.0180992454706754]",0.96
12,"[4.094753950996501, -2.0348473798027134, -1.0819525499056981, 1.7952438233281802, -1.1032905138752442, 4.121482092092386, 3.7278604754935296, 1.7231452922554824, 1.8788874707914553, -2.6030449668120204, 3.633051565780553, 3.0226617081524174, -1.1170348271531154, 3.149601633345744, 2.2154580750701096, 0.6525527337700776, 4.01144207866221, -3.0668200452864074, 0.42924303484336135, 1.2853513249958537, -0.8260385210506955, -0.20800880556581497, -1.113968518054151, 1.2136216708861534, 0.058124681469230666, 1.5970420570920543, 1.459939289666967, 4.198997887285457, -0.9532226138476543, 2.257631342443065, -0.6918994801101855, -1.8522463090041374, -2.9375709663967977, -1.0304206999628769, -1.7242670040082464, -1.5573989798907086, 2.4998186590572837, 1.560767546043651, 0.5918581322306842, 2.846636892128343, 2.8383046631924396, -0.15837087781540563, 3.5705332925384967, -0.597503190913246, 0.2244826697344523, -3.422087677161113, -2.846854514122872, 3.9596517161673326, 2.2931038763922964, 1.7049776997471549, 1.581802648597459, 2.502289844586371, 2.682461599330121, -0.8304493681037068, 0.6103730845774539, 2.083200344631242, 1.6278876800288113, -2.885576261086534, 2.52936520294907, 0.4139187712099961, -0.24486271332989973, 3.8162569249451375, -0.6029672308958437, 1.8028561064961381]",0.96
12,"[1.8870517603384467, -1.802094167788335, -1.6046697257428484, -2.055624906157259, -0.04560537672329784, 4.0279754976587, 2.7937839622440537, 3.210355563894664, 0.06715699874222825, -3.1308943223324963, 3.927285924905448, 1.9741112284189732, -1.4181496332561574, 4.5424165528486835, 1.309181437200971, 1.0373076832792805, 3.980219364117154, -2.296036520931981, 0.4270304783447665, -1.4629079297550691, -2.223854403424058, -3.2889919319055814, -3.479037853294137, 3.5566550620450066, -2.840116697007359, 1.0209576947552599, 1.4805528316370036, 2.4203638048916813, -3.6046413672587767, 2.4399959408971434, 0.8128250844726344, 0.38713960540756553, -0.5002336703513263, 0.06401110571263524, -2.9893419381080912, 1.605331460769461, -2.709146241411423, 1.1340943706843953, 0.345388017197775, -0.11773984646882574, 4.066328251239474, -0.5507389329960841, 4.140148646884234, -1.107245420203071, 1.2737998763710607, -0.6386206985223546, -3.533942914409154, 2.8457297812633904, 0.11812459824908128, 1.9586914834745013, 1.268613481992384, 1.9699154523801283, 2.7542902141413714, -2.2015783518417917, -0.06521880973522354, 2.142229295487881, 3.0737937855536996, -2.0678281228118403, 3.421464739637818, 2.966383134502154, -0.05267115464917693, -1.3208467654552036, -1.6202160486577237, -2.4750588036513124]",0.96
12,"[1.350762403284547, -1.1812699889593015, 0.3017404287180395, 0.13527624564138452, 2.150840017224378, 1.9148152986700642, -0.1327119313904881, 2.226680807251923, 2.3252495548354006, -2.320694836006683, 4.016435898818447, 3.374802760273497, 1.3657425389078321, 3.4407117613184623, 2.2320064437445155, 1.4671585422268087, 4.027421321363903, -2.123375026088019, 2.539986731726624, -0.18633860027655835, -3.0736910953898153, 1.5478151718126028, -2.298040242130458, -0.21729099545573183, -1.6621419434512634, 0.6825126271310411, 1.4558781573511999, 3.175442823464421, -3.6679112708921906, 0.0651695772362258, 0.9609468441853238, 0.7835343825558788, 0.7308869600456755, -1.5749350158019302, -1.9993515402456339, 1.7993143166567465, 0.9716530661662599, 2.8899633298237504, 1.7715330451890043, 2.4204281145437827, 3.597470235620854, -1.435157365586738, 1.2500991775833783, 0.9516900302887117, 0.1195418105715147, -4.137468565027527, -3.4804463775361363, 3.6851264012756557, 2.625720927200431, 3.080025653345621, 1.9891813007035837, 1.9422366607072477, 0.9759979272040036, -2.5388920040727236, -0.42597219603279735, 2.9734941527858867, 3.557454699108549, -1.5969023392288395, 2.075031586337814, 2.146384146384592, 0.8574628844888137, 1.7224839399252794, 0.7184096125386339, -0.4999479767338394]",0.96
12,"[0.8134987805547036, -1.6010190889877052, 0.013010284550783346, -1.5073852854399719, 0.18374062888002418, 3.9470852340007894, -0.28421281301125845, 1.3870179561128877, 0.2620314837852593, -3.2820640013129805, 3.4643544506318267, 0.29408382203699945, -2.490585107479012, 4.531340114874135, 2.8013830556228383, -0.39144153930334213, 3.451068731829856, -2.5840581553223654, 1.2000348425556338, -1.116690549739499, -2.1816450525667133, 0.14677603732493244, -2.249687219934575, 1.5379333093871932, -2.0949322907688974, -0.4988359463879797, 1.4877860958390905, 3.0524681691603552, -1.1074849877714126, 0.2522266164604562, -2.7212365543299404, -0.3195607115423129, -0.028943541004521567, -0.7878034002602323, -2.5061696001206775, 2.114104622448894, 1.3219683355835539, 1.5095043700769146, -1.736571064433215, -0.03464411718413496, 4.067131764240506, 1.5605412840256667, 1.9118357127550665, 0.5456690443603693, 3.2147784739454326, -2.391903373288176, -2.0077904767879504, 3.1221650435719956, -0.11167058623097681, 0.152544427216581, -0.49715468510049887, 2.5734588980494038, 0.6405334392190192, 0.18438160234991408, 1.5424265219699, 3.2686338591813806, 1.6876713442426383, -2.4872432631791246, 3.30380936593553, 3.831433822420728, 1.8943781498018093, 1.3462041667075706, -1.561579040214761, 2.5015116214019977]",0.96
12,"[2.51741858721483, 1.33001631117079, -0.10765070794679826, -1.8556439445757067, -2.2670369135984414, 3.9082312011551075, 3.2947538820446813, 4.635616988596611, 0.7779345094083756, -2.5420415706620143, 2.006909402544151, 3.8579480283913576, 0.6214786980213164, 3.8493374156748925, 3.010355573197868, 2.4553069777682595, 3.927249435356638, -4.07610623273584, 1.506951962578129, -0.013231847818348963, -3.107739819735375, 0.6431341635906644, -0.38340433313945455, 2.805113444733629, -2.8422950205808464, 1.6063647247325399, 1.478426554898936, 2.9961134185635605, -1.756675647663921, 2.1857692992269366, -0.6416648673364236, -2.1429555463296994, -1.468097968331974, -0.6259246601165822, -3.129649849533699, 1.7607345878663045, 0.5024860995459988, 1.9895088685933062, -0.37740689802080674, -0.8158386757863052, 2.068657807409518, 0.7558556829321302, 4.149956376279962, 0.9132542889554887, -0.7839913830161597, -0.3042210653883757, -3.9018480322012534, 3.850215960496034, 2.3454628658692673, 1.0530218607626236, 1.8776955881903048, 2.126129595720326, 2.2067687354613956, -2.333956663229178, -0.11072709260569003, 2.0384757928832578, 2.468933805032201, -1.9760015111099578, 3.67568250873221, 3.4854075597329364, 1.4788279443323658, 3.39514125230785, -2.476265570962127, -1.5579449863143755]",0.96
12,"[2.1360739404600038, -2.3655992014573903, -2.471544769896494, -1.7490254010889488, -3.0627698054097703, 3.9592804413471923, 1.1360151012094413, 3.249816094509015, 2.098894572786685, -3.268879847863485, 2.801762783121923, 0.2443876408295158, -0.10525311730518613, 2.41859258307014, 2.4285763658693904, 2.1175885542230657, 3.261934544920651, -1.9550903063565785, 1.303746684887391, 0.7225772068857009, -2.1443181601774857, -2.589767380025948, -2.779348932098202, 3.2999641642534554, -0.27593287170103054, 1.2979265696002997, 1.4651682704127167, 2.7230855991731895, -3.1878061010348056, 1.0388425863005857, -1.24366121214272, 0.24095491214247977, 1.2899708652811037, -0.24400975143348985, -0.3964572393575403, 0.6107694941933259, -2.252932887799875, -0.20600442166687394, -1.2048113611149482, 3.8267934311850595, 2.4744522148852717, 0.6557759313498828, 3.693742219341879, 0.44829664034290834, 3.440365705829477, -1.107237917266812, -3.6331673446665835, 3.8752483863758, 1.5020859877911925, 3.492132218538437, 2.1804423685483396, 2.087110213396851, 1.6385003987954543, 0.3336008233366661, 0.10405783539558289, 2.7308155227306186, 2.220603996140456, -3.424223610292409, 2.83674229770126, 3.7302040246716297, 0.22433006267520036, 0.9910252859134441, -3.3061735597721436, -1.3624396029309631]",0.96
12,"[1.2179814351867546, -2.4438737956594494, 0.5284765861498933, -1.8425674631308828, 1.5341919362171748, 2.24436411228116, -1.5693674503177089, -0.3319552715141474, 2.9320618883803093, -0.8248463218478097, 2.989250493849493, 2.123241976668294, 1.7019731979524293, 4.214360848516885, 2.9636962384526653, 1.8567447052550983, 4.031590617417743, -1.142235205062338, 0.8760653943933832, -2.3061514694326934, -1.0313814984261453, 1.6264722603810613, -3.4679555021676385, 3.4420235056900257, -2.7469751921264915, 2.229185775910012, 1.4779283216786296, 3.3539873772429236, -2.4550452118056016, -0.9816387361972828, -0.39616393643589987, -1.0973407473093528, -0.27571482720987706, 0.8775437474333612, -2.5788298797391374, -0.22454468408058714, 0.5233151038649337, 1.8600166670611267, -0.26066561075845185, 0.3809609008282201, 2.978030252833164, 1.3506872434736623, 3.9203599974116248, 1.7818630022327115, 1.9465254820399762, -1.9786664485147516, -2.9060209955680962, 3.3545280324691165, 0.446344457606733, 1.5244111020706814, 1.1267369597526458, 2.298946207013159, 3.851538415364735, 0.4471247653624195, -0.9892462606867158, 1.596508530565603, 2.3515204693210787, -3.2066500107401184, 1.2792659472819474, 3.3610178584228816, 2.0574931354406694, 3.643302861874375, -2.023427639205679, 3.007618823576898]",0.96
12,"[2.0969541130334433, -2.2650334794463207, -1.8039055762641594, -1.306513636784438, -1.7616258656555006, 3.0465043140145798, 2.4126898443373284, 0.3041288910272548, 2.576012108014238, -2.9736480905745397, 4.006241125584741, 3.1453922276198667, -0.7292799821857654, 2.682234871963459, 3.30214807482736, 2.4477176440225046, 4.03325484399467, -0.5394633609833903, 1.3309562593364228, 2.5479876055012323, -2.628320387225469, -2.0870507989481695, -0.8128443493115693, 2.4542392726608138, 1.3668318581636376, 1.7277045404940923, 1.299219161038498, 2.3731554882414887, -2.353721349790544, -1.690437931875068, 0.6924290096794232, -0.8113171289693949, -1.8133671044473734, 0.3961896731355795, -3.100569000840081, 1.4693214012026365, -0.010717698579939178, -0.7339630937040549, -0.05924211293712178, -0.4140957504269067, 3.865258939893226, 2.4435432125193217, 3.277896298317463, 1.0165163804529014, 2.4140125720697085, -1.673146213213787, -3.224137751949266, 2.0211049649407347, 1.9366039042832048, 3.673566900013954, 3.0143221373392244, 2.7193499075867837, 3.817809895798554, -2.214437748407594, 1.4987006205286209, 1.031568761367136, 3.2017705824962297, -1.4319360041934828, 3.6296015375440494, 3.001118952697867, -1.2727044448609108, -0.2137411877239006, 0.33938050243056894, -1.2996419906910457]",0.96
12,"[0.9058933026759504, -2.372775635943085, -1.3868143360961516, -1.394003240972461, -0.7659247935571081, 3.693207522617012, -0.4754162516918601, 3.0070526720417106, 2.114874815881994, -2.892244046688573, 3.9482470350548433, 2.9383032018321544, 0.6781493267639019, 2.1419640738426438, 2.9612175005882517, -0.06317351688166895, 4.001150729403761, 0.8723823314896322, 0.9013931222603886, 0.12655030607892598, -0.18015079654317212, 0.567338196623532, -1.5336698234326915, 2.962007121155515, -0.7696348189316679, 2.576505600879129, 1.4408468992339987, 2.596643805961031, -0.6038548023882082, -0.48750492167327697, 1.2431795852493672, -1.7384361841173435, 0.16864958623671367, 1.6459789516453152, -0.9951466687894897, 2.1722790204656257, 0.4142172138973216, 1.8737919522042632, 1.6776416298707837, -0.20035852662551434, 0.9381396112033871, 0.5192498710150792, 4.040992532529849, 1.5819735605914356, 2.615939585085158, -1.9116237783498744, -2.9456487868439947, 3.0556994094381884, 2.5249831232168733, 1.393199123350191, 2.0348495371954067, 1.6616310087315767, 1.0098279060424056, -0.040679192581698054, 3.211361311699904, 3.302036154770085, 3.4657139458303545, -1.2148590571395448, 3.4617527041694194, 3.803153903588559, -0.3887012384072773, 2.0019432228573093, 0.6406872297568569, 0.21241460410855428]",0.96
12,"[3.214399894849858, -1.2644195831186746, 2.3025168460082472, -1.0315199169254432, -0.2053433418720022, 3.1477672660847835, 3.4106626920182794, 0.914786858302358, 3.1644433410251813, -3.258179916639591, 3.635407986366859, 3.0215513034738946, -0.25499151165934897, 4.149085196033054, 3.2478402766592267, 1.5094670736086337, 4.011439232989737, -0.5665756270449087, 0.37995330498091495, -0.26194717182667426, -1.9776887525398603, -0.35149898050445305, -1.6453355502658267, 2.8746823619688584, -1.2929604469951046, 1.185706098310442, 1.488956309718285, 3.5424684904589667, -1.318048513251998, 0.9613055560375181, 1.2961602877185092, -0.8682107774375613, -0.3671770821232331, 1.150280035124199, -1.332165860527276, 1.4888391564207282, -3.427564627497554, 1.2014104657391895, 0.8075418953740001, 0.2205359858737279, 3.6811316046751683, 1.1818929613671703, 2.426757364453894, 0.5584745465173067, 0.07820422392050785, -1.6707439817527039, -3.8905274034884063, 2.4460038849836496, 1.5467188428096843, 3.6625178299440773, -0.4652116156266668, 1.2224273366640461, 2.3604614632462435, -2.4213732407059814, -0.4720184532056775, 1.775032173940947, 2.954706662492679, -2.83311807931826, 3.2963470732809643, 2.7718907437078135, -0.029058056385756648, 1.5330505246771906, 0.7202910116755925, 0.4568851028290629]",0.96
12,"[4.104628766960871, 1.0839123654394025, -2.9538275874457782, 0.23031960919576455, -1.51812560631901, 1.0701359045058023, -1.2689474509040877, 0.3555611239348908, 1.6780500687461655, -3.263153433649638, 3.283304142477976, 1.7720069407787133, -1.8041113742365376, 3.3916473728936505, 3.7818856179616027, 1.8692941888980195, 4.029641047212472, -3.1118871918850313, 0.2187585964433016, -1.4613630353639415, -1.8850820806500321, 1.2536614079070596, -0.05620001997789231, 0.6692166146752283, 0.24255654566026208, 1.3404235700145695, 1.4676217364268989, 2.423506060029048, -3.9339069934209205, 0.215857032132304, 1.0164388859676665, -1.9008795736073583, -1.6102440471271562, 1.0229333407072987, -2.214651389787414, 1.0137960901719465, 1.252567107253202, 2.940785579041147, 1.3547603234244459, 4.30233569471788, 3.3502555925394932, 0.7241075253229285, 2.5854245157015177, 0.13541580680836734, 0.2974572526523364, -4.610367576022881, -3.9188853148731653, 3.652952007537202, 2.4166305219874813, 3.2694461970220243, 3.1899576665369302, 2.123429524063279, 0.7640868279016573, 0.2693009162169566, -1.3148053180552792, 0.06779671076691507, -0.05127005088937153, -1.0277659917279878, 2.5250250338917297, 3.1815749167604226, -1.6178416470817885, 0.43184284341593226, 0.7104892949937658, 0.6179528098079843]",0.96
12,"[2.3257196443096895, -1.4152816713598246, -1.2489031581875445, -0.5712627691461278, -2.1587982159638406, 2.4493512529381487, 1.6126046298879888, -1.3003463773627264, 3.1512090668413615, -3.237849275088767, 3.683745260218869, 3.795669124921813, 1.0394612794498492, 3.354727132570798, 3.816432325052433, 2.066924616425192, 4.037181215389666, -3.1704404282376415, 0.09499551847364013, -0.4612359591907762, -2.5625609734713164, -0.9471715071276485, -1.2801337193811884, 2.9898563485468257, 1.0395075730131473, 0.5221354885804046, 1.4882267382684693, 3.078993752019821, -4.261033855763285, 1.3915333280452, 2.2673620602480584, -1.5641699375829965, -0.610375858568329, -3.0270587542383485, -2.0201852317583837, 2.9442418205690783, -0.2709532596181077, 2.834973375696606, 0.8409463476126289, -0.3490367010352835, 1.9614738412853905, 0.24351949586235, 0.9946732007333496, -0.8299830490869681, 2.6430746784228125, -4.61254445588591, -2.0229389176202193, 3.4411728220790305, 2.6219950622397996, 3.493454813401592, 2.6879385656455295, 2.8518993822723813, 1.1969422262967084, -1.0438571306352793, 0.6191535776751635, 1.8215298760421712, 2.3363161313046774, -2.570202727659857, 1.5496414923500563, 1.6215645950181719, 2.6083480779660073, -0.48471987254744997, -2.235907980735033, -0.8536808339210863]",0.96
12,"[3.450002234927974, -0.8296421042690769, 0.6159429185011148, -0.7824016221951886, -0.32960613599392374, 1.7366833877130143, 1.3635237052227844, 1.2292948259298095, 1.095793960753952, -2.794914367700235, 3.990424064319611, 3.678656516835396, -1.660050874395731, 3.8174608100948775, 2.813008443476565, 2.0110040120616985, 4.02039541293419, -3.8912417248327644, -0.4499941982001057, 0.43734602491569446, -3.0794142929268644, 1.711344285316802, -0.18911474843598064, 2.6864902578686842, -0.5308731546617625, 2.2501963870621333, 1.462323070223245, 1.7821233769663127, -2.938867620373812, 1.2252734209247573, -1.5258150302931193, -0.24918390062593682, 0.2116624594300977, -0.973829101602457, -1.1653011071361208, 1.049019848798609, -0.31386816761657205, 2.764840757779722, 1.6970133636054043, 2.163337443617679, 3.8908864589973464, -0.23011745616263757, 1.8788300798588877, -1.0137415776104302, -1.6575305744182058, -2.2887946578211373, -3.4626648048443496, 3.9556736907253254, 1.6421645001977436, -0.46796574483361764, 2.337068582138097, 3.1490907702034585, 2.688787812773541, -1.7944421692478887, 0.43044157568181296, 3.1242806463269006, 0.9191172666453622, -0.541686156930652, 3.3091743274418652, 1.769254271710004, 1.0605131042946307, 0.059779222797206266, -1.022471912680163, 0.4583704040852572]",0.96
12,"[1.668936391645806, -0.17529902307857625, 0.7574891962105146, 0.17960878195476515, -1.3312425740494203, 2.659535805823615, 3.7066519407420127, 3.406756814477566, 1.7072548970518975, -3.3201518969790826, 3.9305721924786337, 3.791384107199626, -0.741874939000106, 2.8025688766936843, 3.755806992044127, -0.018323341240688018, 4.018379903526225, -1.2764331674581282, 2.6011214000869716, -0.8041898166622016, -2.6168808552047427, 0.8586342508770741, 0.39345719882575425, 2.584210151336113, -2.293830388000637, 2.65999830032871, 1.482724140021996, 3.4438374571953614, -3.2033217754300263, 2.151948659123409, -0.17490153753398918, -3.0799518924638307, 1.950983412703103, -1.753996639420686, -3.1543103980853635, 0.6687046517452231, 2.5644433804594526, 2.9226683091915393, 0.8619655884312236, 4.286328606919987, 3.1908661897895056, -0.7418628387544173, 3.46613510388502, 0.653829103244994, 3.318002840160048, -3.1791009856984163, -3.154683626251803, 3.764748880064198, 2.611788610074691, 3.12701081965589, 1.4292712773843657, 0.13511588147548337, 3.5458276882815545, 0.4945691880860936, -1.023530741470966, 3.3290877378457933, 1.7949153105991775, -3.2426759992938443, 0.6207963340382712, 3.4565693947056553, -0.10819202678996209, 2.6285311162815588, -2.326172115125896, -0.87265793715057]",0.96
12,"[3.654894082562544, -0.7081630075725472, 1.8735315356254594, -2.7652894400553705, -1.522697814029911, 2.4650437937508936, 0.62740017217299, -0.09993566952280752, 3.014459978856266, -3.3031982282267833, 2.810840165551618, 3.8036003053944794, -1.295987289792658, 2.9316671295756964, 3.777465373065206, 0.9981829759866274, 3.8039628065049995, -4.098712774102564, 0.36227880099600723, -1.6811008799157197, -2.051450912593031, 0.83738407967696, -0.44714528060806813, -1.7422041628211469, -2.818924310328512, 2.8522765902264062, 1.4736127736194733, 3.2820363199667835, -3.419103666278882, 2.647201225695728, -0.09259648801212426, -1.294013128267668, -2.529926179464307, 0.5348473974954508, -1.7903139987867862, 1.8700147769082975, -0.48446188036024057, 0.9760040469610836, 2.058920853274624, 2.0197388329180117, 2.987017374573548, -0.4519190211218444, 4.057849704281226, 0.6035529592702092, 0.07290992047640366, -2.475027508094232, -3.8918976462391304, 3.958560635783543, 2.3068049313873717, 3.652096363933848, 1.9329017566755637, 1.721911675101403, -0.7338580098992122, 0.34064696912499115, 0.6140679896046041, 1.5800161039548062, 2.690235167538555, -2.557031027217148, 2.5441888282064005, 1.4979058357637318, 2.0798853610987247, 1.2754850830662463, -0.33743838662870207, -0.5696452876550544]",0.96
12,"[3.014996068768127, -0.17226707313961764, 1.5208279990607303, -1.988185139610593, -1.5318881913055697, 3.9739239212887347, -0.7526721842504098, 0.8519326769368449, 3.210388251597921, -2.7728374879748694, 3.818980984311946, 3.322827155697866, 1.0103482375727213, 4.567748200961021, 2.9920648135419765, 0.14222082621443533, 3.9663090633492337, -1.4464620336729208, -0.7145873035320698, 0.6272359551281597, -2.081888439715156, 0.35775640554105786, -0.5036400131510883, 1.7277329086683302, 0.8429849597966701, 2.659669005221423, 1.475862991584887, 2.6066568383458955, -3.4258058340362725, 0.5666607429898876, -0.4637449566505035, -1.4280787243842574, -2.053628257906637, -1.8585827806606214, -2.4588901379972654, 1.1951894417973845, -0.4157098128420194, 1.8584547809137968, 1.5996523223708448, 2.8886775833842844, 3.0611466679797887, -2.3594380432467905, 2.858515986816828, 1.9592669314598803, 1.9071441939963356, -3.829766356545566, -2.5732818345287605, 2.914349523638219, 2.610772804526063, -1.058874099176333, 2.1947092611838137, 2.7409410111587666, 0.49825658268111384, -0.8877188567964668, 0.3527457737699827, 0.1968809197704009, 0.5137560742058431, 0.2835224226539097, 2.3026897010932372, 3.775958808501391, 0.8420810386273798, 0.5914106622140873, -2.450394664388858, 0.13882898352625622]",0.96
12,"[1.0219718107995222, -1.6849280896899756, -0.5450113026437484, -2.407561286980365, 0.0948092792822659, 1.3041220682851926, 0.8188064924973895, 0.5864474204506149, 2.812127695145484, -1.7573276196570298, 3.9284032206220094, 2.9946530979983526, -3.836937328976388, 4.560405432666719, 0.30214789242514195, -0.342642972198671, 3.9821188896205317, -4.17929545817421, -1.508142014771486, 0.9116206733822366, -2.980986014914925, 2.7654062553453924, -0.03848012717113947, 1.8312329656757405, -0.7699122987799947, 0.24098734770134755, 1.4682859852305787, 2.9341236342659567, -1.8989715449693787, 0.2547186247187069, -0.17710255476499692, -0.20147589629946047, -2.011141916806653, -2.5330073243877296, -2.4918289243040137, -0.12982871267492935, 0.7870177353994048, 2.8756762955572452, -0.8823702347557656, 2.0436870935249543, 2.3481206710258657, -1.2242474418693474, 2.6982595853965927, 0.774467308308827, 1.442109729817851, -4.521127002802312, -3.4510465321311754, 3.6313559515350544, 2.392156756024586, 1.6113687628599402, 2.2800346308666457, 3.252361110885711, -0.4336222921033994, -1.1583352058802578, 2.4210011557836824, 1.4781511249163437, 3.5981645508746256, 0.5451696960171033, 3.0939089871053564, 3.4253338400582933, 1.331367189769515, 1.1597914561683969, -1.906005513002722, -0.39457952785012423]",0.96
12,"[3.9465518167651616, -0.8422342984016674, 0.13469234658707924, -2.337100119201654, -1.3307477616697123, -0.0065780267284445415, 0.9699714861909912, 1.0326544763106436, 2.396878451901102, -2.86759313907626, 2.294564985615035, 2.6985249115193763, -2.3761091935346874, 3.3541513397079123, 2.6292285872358208, 1.0170385364741463, 3.643330349937305, -3.340433055584813, 2.1673653323173783, 0.8970775047151802, -3.0783830755765043, 0.5430165701952568, 1.0615672808067882, 1.45272838305458, -0.009040609962596813, 2.0985083316191733, 1.4563361183822878, 3.966915731801363, -4.283597063109886, 2.6947585317265705, -1.2890134541055922, -0.42326689638755033, -2.1499319006216115, 2.576253754802055, -1.2155778599771638, -0.34540197448885923, -0.5440603272172885, 1.65137544948191, 1.6964591132956373, 3.05389789127966, 4.054809125195405, -2.0605394910749726, 3.2437055186548323, 1.3040488305560616, -0.3699778739256343, -3.7567808960543676, -1.3891285330646321, 2.6435468582539037, 1.1645021484766596, -0.46644244821247627, 2.4287750480110217, 3.142221457049427, 2.9244137404394035, -0.035000078000073986, 2.2515896833374414, 2.83812342979441, 1.9973259103290215, -2.2242015129565056, 0.45080276395251495, 3.053246159243293, 2.1477292232276017, 1.933306746237133, -0.9005472871529546, 0.4222922082896784]",0.96
12,"[3.9379800016282633, -1.347236781458116, 0.4372906272460245, -0.2368508237025883, -0.6307527784152277, -1.782503084111675, 1.3121228190098304, 1.4898648711490428, 3.2114172750325025, -3.1956908075762334, 4.005988598478632, 1.590857809395433, -1.7089490220509442, 1.821763312965409, 3.788218195095426, 2.2540141628997805, 4.0340990885833, -3.036255990248125, 1.4233055238138232, 0.08489393756364294, -2.3643811786604885, -0.9139142278896527, -1.3373230401612464, 0.2473703303129523, 0.38502779190094283, 0.16248389895126114, 1.4690625321275472, 2.395880688562154, -4.204555292272637, 1.8880231363254074, -2.1895283384885915, 3.4638099229891033, -3.3880621760933507, 0.737515391733901, -2.4105852015366116, -0.2887528218897766, 0.983583714386091, 2.3120466621317894, 0.8150636560459514, 3.3285185703718922, 3.4186327367239286, -0.7976398014662398, 4.070002370682917, 0.9196794546464553, -0.6521143324130985, -2.9091286328275343, -3.1606463178034825, 3.3819936424493795, 2.1380979379255916, 1.5817813105514813, 1.258769623215986, 3.25895715373531, 3.8999577694821954, -0.9245487746368861, -2.4384421191018584, 3.5098999515478932, 2.0319986025780556, -3.1307107735387505, 1.207345300559845, 3.6603204248356103, -0.5553049392945528, 1.1871986695450367, -1.9183668935398988, -0.6346681466479814]",0.96
12,"[1.8048548846220278, -2.037437733364582, 0.5266958621881859, -1.8852025179396232, -1.0319813931330888, 2.808848685421453, 0.7246955343357105, -0.6437791417423003, 3.1940536766362797, -2.623595189893143, 2.6716377691054043, 2.246325952380862, -0.6998148923668532, 2.5743148620468443, 3.51106397594699, 2.4520453293591613, 4.025198935928277, -4.1963172794106605, -1.3044323029534077, 1.858848940031028, -2.973051882232438, -0.23726731439689153, 0.9074837536066164, 2.538226540259009, -2.536764432698139, 2.2423460850042307, 1.483247768592304, 4.152727404261087, -3.704828928275794, 0.31471411080517564, 0.7307963748326087, -1.4305519388882628, -0.9376625944417945, 0.9692574513739096, -0.042865502626633356, -0.21366078710075032, -0.7869024792798007, 0.6813927209961967, -0.4584697815000838, 1.5106606151219293, 1.0579281294293743, -1.0282856298309486, 4.165631018401237, -1.4993515494391765, 1.523502293389143, -4.60135605947, -2.281304310510307, 3.6697702243793096, 2.13217032263831, 1.2006405526122514, 0.4616516077953614, 3.042044337056854, 1.3373446090644872, -2.87267190303917, 1.1018131755448226, 1.1799307022260035, 1.625186064876215, 0.5686122506365157, 0.21945826186732997, 3.830860661789398, -0.5312218645906333, 1.5282293862423173, -1.3720777719876893, -1.0541187984360345]",0.96
12,"[0.538230722564071, -1.8323011814912966, -0.5133695319592014, -1.1109585484446072, -0.55929743262252, 1.3372301625702336, 3.225249442374613, 2.6887576209235644, 3.1900694981943394, -2.537664125259491, 3.300248236448647, 1.5031878475956122, -3.650121324433516, 2.5694646592240047, 2.0536454583348407, 1.0979579702597577, 4.036329331120115, -1.9973002271731328, 1.1874619653719858, 2.6107074676834334, -2.8125335118667505, -1.5935094046005602, 1.9274310520100335, 1.398234654564607, -1.9945992413953324, 2.201561591761959, 1.4399693104781632, 4.169405315621733, -4.21110633670117, 2.3025683797454213, -1.5966687516965754, 2.1467266771948146, -0.6434970630359607, -0.7782674294677436, -3.032782184882029, 1.4711134817419602, -0.5356999289320055, 0.9089565917684324, 1.6516546406196788, 2.412015828283277, 3.5187230800567386, 0.4820961464418396, 3.317149604700229, 2.940666447911053, 2.373902700318147, -2.411386156489246, -3.3100821360028667, 3.7035486683947885, 0.8071949080047853, 2.405777635951499, 0.5854306121132822, 3.2822193933997448, 2.7348224084921284, 2.8627910066950784, 0.8248320838726735, 0.40325686972376995, 2.840371840867191, -1.4951346957421732, 3.4617121144832477, 3.5085936833915623, -0.5880671083805347, 2.1454741238324586, -1.1779269697383317, 1.8660122921697933]",0.96
12,"[2.569368640638414, -2.253689509728672, -0.10773770249341333, 0.1848441459323238, -0.6438946988990061, 0.004906796173976824, 2.115991485548901, 0.31719466970593413, 1.5484746834160958, -2.5787240687426918, 3.6219573310424846, 1.5609335725794906, -0.6184325717983794, 4.329311497300298, 2.8315111318152244, 0.16342632538341761, 3.9038491591775157, -4.214206408043715, 0.044517863751242004, 1.8928552898719477, -2.8807641786092657, -0.1161305971283495, 2.219770668027333, -0.7643034468157723, -0.9372428835902774, 2.3501218744697985, 1.4119087739382916, 2.3474994306989903, -1.5703393903201395, 1.5292522874543464, -1.4558521349722462, 0.46630565503124555, -2.662745481124289, -0.39636052413436096, -2.992561016061286, -1.2362001218355505, -1.1470107063880788, 1.4436317902386269, 0.40417082185455244, 1.7135682938877586, 3.1398044100573115, -1.154409680567217, 1.6731113739435162, -0.5783462265281183, 3.699717970612336, -4.401656459312166, -2.773286339150379, 3.661321253499461, 2.5306061330842495, 1.3164362790308521, 1.4313844096174526, 1.9823880298146608, 0.8006072079237962, 3.8046727520568764, 1.1101440943784524, 0.8736283416965502, 3.601046722601729, -1.0121776762135861, 1.874607713148218, 3.8235852259748824, 0.7105108777926565, 2.115656575055522, -2.1135092097779276, -0.6952763888789981]",0.96
13,"[-2.062126296720069, 3.2055928237781535, 0.20074652086837244, 4.2688388788140115, 1.7082027281168048, 3.7762847747187926, 3.725106682219988, 1.0143615251680886, -2.6447350175773523, 0.6068887791308124, 0.5935319042989315, 3.467126047099481, 0.8522202799362248, 1.6536230192139563, 3.8157862084291074, -3.065351603092708, 4.032982233742239, -0.23891278407246186, -0.25273675341448576, 1.8364672835613587, 3.0193870327439445, 1.1852067749900148, 1.073556733320861, 0.2790400236804613, 3.27009877947381, -3.8516300528565375, 1.463490538355848, 2.127558442991945, -1.7916310939511098, -2.0413464362326295, 1.7055339975394719, 2.57789367480097, -0.219981136294323, -2.32373077841022, -3.0522527966541424, 0.18340258809550647, 2.7784009297398367, 0.12084732622701488, -2.8877619986704937, -1.1132897735598768, 3.389293694443642, -0.6847759873540227, 3.9302038379056135, 0.33609175074712017, -1.3212548828836892, -1.579192252502845, -3.885586795388743, 2.733375930941545, -0.5782848586322811, -3.6895795606958224, -2.580473770817383, 2.2965468513526375, -0.5713921217760689, -2.844826074398674, -1.6211862484601296, -3.0896734890621453, 2.7254084943297343, 0.1845429223611441, -3.4318574345371986, 1.8151897096791787, -0.06811085627162734, 2.9848124863567858, 2.8878105728184567, 1.4699031256367734]",0.96
13,"[-2.480571742351964, 3.9620485120811684, 1.488309320289993, 3.515464678211634, 3.0815736521141908, 2.127418264993035, 3.6322264008253105, 4.186468230426022, -2.0236916410650245, 1.1644108192168088, -0.42010490518941523, 1.7708360752432746, 1.2993869857764035, 1.8593752376133934, 2.0338596322385873, -2.6104218824369396, 4.0027570892858275, -0.03950462700596016, -0.8898954912571584, 0.20461139923556249, 1.6687825576688922, 1.6848602231115852, 0.4129951761291937, 0.47426199978412537, 2.63438976052562, -3.897399002849378, 1.468801066394509, 2.5483668255764527, -3.537186106619255, -1.2202878479743609, 0.7610944241741935, 2.0241784662837063, 0.595956575864646, -2.62242856295245, -2.894502971085802, -1.4356551589649569, 3.454759248317877, 1.4302012893922846, -1.0520868423319403, -1.799299927577703, 4.05977748727986, -0.2744893601858477, 3.778911718637813, 0.6851607260870807, -2.9897020683374294, -2.8465811070398863, -3.1344436743032187, 3.301376693414368, -3.3447645020415058, -2.572964368165929, -2.0133445398344634, 2.0942350947594277, -1.5929181577130944, -2.1846254232371303, -1.936376263901293, -3.559572463520351, 1.1906290576075986, -0.7472593938356801, -3.2171840494442776, 1.4922707695380355, -1.5643696404661618, 2.710954641557862, 3.965387969421285, 0.7528715876096104]",0.96
13,"[-2.1435087431330815, 2.1960927098997525, 2.409073912435795, 2.271858896471036, -0.6932272501800176, 4.114523772950728, 2.297259280440991, 0.7726171566949112, -3.0757566129841933, 0.25428781549015, 2.3624691566979505, 1.81788580816825, -0.6083461473154261, 2.1235681996510274, 2.518790932813638, -3.9336165109037053, 3.599742694007367, 1.0911273978108653, -1.4172113715548817, 2.4741659023131595, 1.5153536682680513, 1.0634224058399613, 0.3082792921292522, 0.18962970260285253, 3.046106192529246, -3.266380948749069, 1.486019454069668, 2.5826142699019687, -4.281823618579057, -0.8066792475255482, 0.6539440503700955, 3.201456068462894, -1.0610942826228411, -1.6462969863593109, -3.1545579108425383, -1.0394888155083375, 2.9733393351613993, -0.6337557439055345, -1.1547935036127335, -1.4636106080089026, 2.6484991339314456, -1.7479567087490135, 3.7203753668971844, -2.0012289275610025, -3.0116270543350225, -4.218231682364347, -2.862848828992554, 2.222986009306505, 0.9219952028287842, -2.464643883258092, -1.7640454786311828, 2.825153837291002, -1.6983261769939406, -2.141772195215559, -1.0986149932410965, -3.6527804200061684, 1.6736184680821609, 2.4565694932389404, -3.3199227784722627, 1.2666678005906078, -1.3215770788245733, 1.6622478502472826, 2.564536883869401, 0.04667940461066944]",0.96
13,"[-1.746511061720287, 3.053329453263147, 1.0083735797503919, 3.8784630688101087, 1.9521910099551922, 4.135842166907278, 1.7212309180934877, -1.6455297132058233, -1.6934786861181785, -0.07933326384772488, 0.7981298657863812, 2.4550342692350933, 2.965075063630706, -0.18782144821741475, 3.1643735810091926, -3.35279750544053, 4.032197538719428, -0.2411077411383667, -0.23588458172183308, 3.3484713185846187, 3.2510197857983636, 3.9771888975464416, 1.2256931705255028, 1.2917342134269232, 2.120370566188921, -3.7087264151409234, 1.4369206304743671, -0.6716399533519755, -3.4796661201541403, -3.748115574690025, 0.5094027721704721, -0.8360002921159042, -0.2694944112580836, -2.147260590231917, -2.49398045254655, -1.9979341691374592, 3.401997152780516, -0.3003779058323931, -1.3667880599226951, -2.3710373023142486, 3.993775522770708, -2.51292461094453, 4.083825467589983, -0.9421147484669382, -3.3555866459514987, -1.588672247725846, -1.1541010105163552, -0.4417807876471711, -0.17728569656192733, -3.6638811917787093, -0.3859078675417136, 3.09558320070809, -2.060756769944015, -1.9489860566322967, -1.7943589915174762, -2.7408768301326267, 1.7981142633533682, -0.2887713189417688, -1.4289236845655786, 2.2828719556149477, -0.07198548075219008, 1.7579713435527538, 3.032789579322867, 0.785947207879595]",0.96
13,"[-2.591536888093324, 3.843228962948749, 2.48824222977554, 1.4076910628764834, 0.11704012925125995, 4.13657271255069, 3.6864639742111347, 0.5604606770592332, -1.2697977893353722, 1.4465248191857065, 1.229198758177815, 3.6044829556796754, 1.782246557217019, 0.5196669579668329, 3.7955478876514257, -1.2688873697891339, 3.9786412430874414, -0.24017880466972208, 0.8334773895365053, 1.5062876305662007, 0.8164329872046459, 1.0642409633642331, 2.7199938545996125, 1.6985980360935322, 3.395752774953988, -3.8695233516862797, 1.204221094869447, -1.6809568304564682, -1.3148312175238637, -2.005156346554489, 3.1789910525101517, 1.0560978599407764, -1.8938057833914672, -2.9112372557467148, -2.0787141693991895, -1.6350793973103088, 1.2039368683662577, 1.3336726701642043, -2.2925854434706636, -2.034371975719006, 3.9188283794762246, 0.40016443447314753, 3.820489608620914, -1.1472355990571925, -1.4467966989211747, -3.8575932297480557, -3.921872197311654, 1.5035312324346803, -0.48518182363202156, -1.3315580648217162, -1.3973664930895817, 2.301473054287576, -2.5122423805003913, -2.2446091063120033, -0.8137668220849824, -3.825811736214058, 3.5646255625658587, -3.021150001847266, -2.0731860652392653, -0.7503722570108042, 0.858666917408214, 3.205002200478204, 2.8926852412615265, 0.5878607440430084]",0.96
13,"[-3.3966886713113444, 1.5995160878094743, 1.9219016850497783, 3.985366040304947, 0.8999926787631465, 3.49093809466223, 1.9829592072286157, 3.1491477922018323, -3.7094765090815875, 2.2103417728801062, -1.5584001751463579, 2.6524033203337494, 2.56958402869426, 1.643764667994213, 3.615790691999756, -3.5396104482584194, 4.0265890922234036, -2.8970495479823053, 2.40649429683135, 2.330983907542595, 2.504835523622282, 1.3995045810827251, -0.11744087540068637, -0.7895900108392717, 1.7125273068573992, -2.989072668775554, 1.3897408846994315, 1.9414561970315527, -2.824312319693978, -2.8052291091575396, 2.1541073791019234, 3.851919437363293, -1.7093946838632312, -1.6808858114632776, -2.854972528243091, -1.250753699164581, 2.353976313794415, -1.2141825612874582, -2.1749769279735602, -3.466751389551513, 1.227942087989035, 1.7506060149296325, 1.2897220395968323, -0.5654730491226708, 0.16687370333890095, -3.4829386297421685, -2.6168954805070737, 2.886199663042584, 1.8288934248665387, -2.218107118035075, -2.7747190720108357, 2.911937907884689, -1.58200415271991, -2.789384365740336, -2.365866040827911, -2.5543730311264357, 0.07172895713303973, -0.08498336575181992, -3.4202420513358938, -0.2536813405588978, -0.36196931348056605, 0.6255237446176021, 4.067591033356869, -0.054910539315649154]",0.96
13,"[-1.2397573238776167, 3.632778221485551, 0.7983825314627733, 3.13644537506094, 0.5877644620494513, 4.0187346119027865, 3.3963118383446584, 0.5874279920246321, -2.4766563597331297, 1.474550145826934, 0.7418203824563638, 3.7987565774184073, -0.6405459467868697, 2.1963100318278146, 3.2656524007473027, -3.6513475200912295, 4.022126690830264, -0.1936187375807709, 1.6782159570316468, 1.6498225149436434, 0.05160841635258784, 0.4979823699905611, 2.1507680924992396, -0.7006974984359047, 3.7399748045054344, -2.4413769769227116, 1.482685246304042, 2.5483357379429514, -2.4738603310389107, -2.6658365393638994, 1.2884966043102004, 0.452736271823881, 1.4930458481197977, -1.5272540380503024, -2.1525984904730944, 0.28251357145125144, 2.9781303536311348, 1.4733435231241183, -0.7074374245469208, 0.7096508384447531, 3.755766090651634, -3.1715317776372345, 2.3342407646710024, 0.9094013967633641, -1.803854055486526, -3.6796600899537157, -3.017391568714374, 1.2875319324150347, 0.9956825772493836, -3.5126820422915648, -1.4866818878017798, 2.525976770702791, -1.696798359479787, -3.1048058634254576, -2.397652314687071, -3.9965283102297295, 2.5517108669364963, 0.90645221756951, -2.0521526019465677, 1.1202545298445006, 1.0464826108398, 1.7972659445166808, 3.6634740378400936, 2.1803044784994414]",0.96
13,"[-2.2957996264755636, 1.9142438133553696, -0.41510371381758215, 3.719735875474269, 2.660622587160992, 4.101893609041203, 3.3593742283874315, -0.33231628875092023, -3.642620402878552, 2.285772502500716, 1.6070049824605306, 3.4455024389834716, 0.16333452461201192, 1.9461039792427668, 2.563224108731591, -3.0902285137731575, 3.5239930840273646, -0.68602893295043, 0.1254251044335534, -0.9726948245847817, -0.7526812966277578, 0.054892256004682394, 1.69110799362524, 2.759463034009811, 1.825675145622946, -3.955569021641541, 1.4860750731717212, 3.2368285566980584, -3.4388072398796194, -2.7028865004730536, 0.9225870793607425, 1.9368437327874932, -1.9423835708310773, -2.8683104272630993, -2.827948878264476, -2.1837418016741967, 2.8432475051839585, -1.9601178154060739, -2.56379119736655, -2.2356968187837576, 2.82799588743941, -2.2047354086557904, 3.828841942673037, 2.0452169895230763, 0.07472404786423947, -1.2611275399369068, -3.7514935751592784, 1.6998373536042783, 1.2179436664604992, -0.2907441859717048, -2.7734481777283913, 2.069030204366769, -0.5392661190299747, -2.2987227623541178, -1.5326684107433257, -2.5396648775535233, 2.903158849621844, -0.9076036770841998, -0.5383217682438577, 2.096310830549219, 0.9518045232523791, 2.8649284261276167, -0.3248713190756738, 2.286894664420502]",0.96
13,"[-3.032265531313077, 3.829151860972512, 0.6579887267149463, 3.492915923023613, 4.101630130253623, 2.2270525728308277, 2.6594409561042287, 3.051199574273383, -2.4934649993757354, -1.8097917082008756, 0.3066752881508327, 3.591673389253478, 0.1461670714328539, 1.2949081473394068, 2.543676431774429, -3.744024002682303, 4.0374007092006865, -0.3680350652390655, -1.0267448418574758, 0.8238565984045715, 2.1422557885553943, 1.0036014171659513, 1.5317858508831617, 1.2555191785078632, 3.714941797638556, -3.154654643507989, 1.489091212684912, 3.4570229845872857, -1.5956579640174118, -2.9880698962365075, 3.035481024964262, 2.9371607439309817, -0.7519800870352888, -1.6514305129509756, -2.14429058328352, -3.0898287207225343, 2.34115860206032, 1.8532738008326666, -2.2160077242807223, -1.1005892046524717, 2.604059628808479, 0.1357073614598534, 2.8019328898901286, -0.28818769045962744, -1.7119579306910184, -2.985492965724183, -2.9633842101596923, 3.371687900787342, -0.006504720378055051, -2.759841813701276, -2.3349778874301528, 1.2337764159891795, -3.7671088255356313, -2.9115388878261674, -1.230162772939086, -3.9084682297504902, 3.4843105867262434, 1.748680355137429, -3.256412960027537, 1.9639575213932252, -0.38925768966389535, 1.0692883179942798, 1.7430654099632963, -1.6675871033955656]",0.96
13,"[-1.1752821687551962, 3.0053471266021994, -0.023445019615657703, 4.327623042671699, 3.090942287635901, 2.39593867142767, 2.7759291435742957, 2.62672650599038, -2.412152146175127, -0.018562866491579233, 3.9478694916761103, 2.995255740233573, 0.283297942933068, 0.9311667533515198, 3.6513536902745276, -3.3182397897351645, 3.9653425083482796, -0.8864123160391675, -0.12866136679076653, 0.6946444408329738, 2.1650299020539054, 2.329789780097277, 1.7008593686797564, 3.51521258030908, 2.5075551944080656, -2.881146437706942, 1.4758265400604467, 0.20679952556521441, -3.184867261114867, 0.37926741662249963, 3.0320001297762147, 2.687315671421782, -1.7543831466279411, -2.6798781019477955, -2.4303402471948257, 0.09247700946679765, 3.3323539544223015, 1.1988751825916433, -2.9196765057101994, -0.7213543242692668, 3.5829444970913142, -0.3832350470826065, 2.3020417700807663, -0.8645543082477184, -3.336162929188176, -3.2199124532097314, -3.3359135371021185, 3.264481266803216, -1.5075365835045411, -3.686231770667178, -1.1432243509049627, 1.2530618900122004, -3.1207167596008984, -3.0948492508037697, -0.9168150346455839, -3.4160498044294223, 2.3236403275568174, -3.3071435643074594, -0.1243740155570654, 1.9715199000903088, -1.3542573054719707, 1.023814191392164, 2.572019791505278, 1.1515993559641207]",0.96
13,"[-2.068143574842783, 3.9718307804746815, 2.066655967789603, 4.103286714259304, 2.6578626203785265, 3.460112888513208, 3.370903350209394, 0.7223303922776287, -1.8139731994797723, 0.3202804413199734, 2.6660141120635656, 2.1007156524742667, -0.03430327405813971, 1.9491086867084642, 1.826291947840613, -3.5534291518719545, 4.029105132117295, 0.6476500395497037, 1.7638347097846583, 0.5815847830698891, 2.4935907611111268, 2.3091321303298966, 2.2571392130698964, 3.1603959644253194, 3.2232127364274588, -3.901775234433295, 1.3413516348454975, -0.2703274131204487, -4.081319051731403, -3.7644472212454727, 0.12573960610706747, 0.035593118708114435, 0.06363221758523467, -3.048847279589185, -2.31778799779263, -3.1839371971555783, 3.444922876126712, -0.9894152890381054, -2.9583629230184294, -3.4724030596591433, 3.1230307528410366, -1.612156973800821, 4.057638894143731, -1.0662848981657922, -1.3533108150015776, -0.996573290145316, -3.6465848791918667, 2.186799314021725, 0.8905841469138104, -2.0033152996635977, -1.686179358196381, 3.2173184052189283, -0.6391173235222827, -2.215578665537464, -0.6718604672167776, -1.430056863990682, 1.1333301663036448, -0.3097282931639067, -1.874220422339354, -0.5949640038743247, 1.594522186922923, 1.7070628685238316, 3.1381241095549495, 0.3561953044182935]",0.96
13,"[-1.5647129051243138, 3.9798710822579406, 2.735895142410857, 4.335200294204968, 2.472247124308338, 3.975140969955254, 3.7144017975506607, 2.0143790579334304, -3.62823410376272, -0.2725514593895676, 2.845067221109599, 0.5097843493265524, 0.7021354411774778, -1.1039299296519993, 2.416035787023546, -2.957935293514441, 4.002687129183464, -0.04279080230017235, 0.26480616004421, 2.5703704611538782, 1.2686874145123501, 1.6660636773168345, 0.4562210497748209, 2.4927238357910344, 3.6385868272218556, 0.3914326561372845, 1.390413803967691, 1.4670292407455274, -3.521435607204667, -2.0036152316774203, 2.42723552406221, 3.399307117363957, 1.4211201150610884, -1.5343812946690332, -2.599887493566949, -0.346990938663923, 3.100563846713465, -1.0938316302703068, -2.2938033761397367, -2.2429197089907174, 3.9024285802414633, -3.039203388162317, 2.8147267949279025, 0.9963837610379191, -3.3090348236618916, -3.5481339505994267, -2.423442903812158, 1.9225303814869186, -0.4855829071541471, 1.1088514553752669, -0.11233172297956973, 1.6521089486131797, -3.7041899182937965, -2.1251293102809163, -2.669835916690255, -4.039403736629082, 2.206730917883061, 2.3681326714708817, -2.844931606416462, 0.5335472633841083, 1.036131623215475, 3.782204046260213, 2.310389515424075, 1.2441554168836801]",0.96
13,"[-3.425376256391576, 2.575337920841441, 0.7696538401724116, 3.677418775342455, 2.072396263671318, 1.253223566117356, 3.1899470580869673, 0.319954471354051, -1.9086536428214425, -0.5900408655264212, 2.7400918956937095, 1.9094494764296268, -2.99350016031488, 1.1059162861966605, 0.46966673921993696, -3.389772356469704, 3.985354048981488, 3.441580905955041, -1.430781742083637, -2.1104292265326974, 1.4555289701648233, 0.8902712693942945, 2.6608365456960876, 1.668018085626134, 3.4458680486833484, -2.2849715317639183, 1.474614481165376, 1.5551203942864273, -4.239679958948165, -2.7459495607348026, -1.174464598783331, 0.6980558987189958, 3.1421266910570833, -2.6140128337095905, -3.1287478770635286, -3.363112890012549, 2.797304301782119, 1.1681152001630635, -2.7425326975827145, 1.0937511914697142, 2.1201792376782986, 0.16204970670427254, 2.0609833237060293, 2.0232025987497364, -0.18446258696850126, -0.7918350453595441, -3.069706246995109, 2.977694569715591, -1.0585017674767672, -1.352915320824052, -0.9354809706722587, 3.284264366704384, -1.2311079553730881, -1.382194760338206, -2.7432851555165056, -3.52537309344347, 1.521110283190671, -2.2942541668478524, -0.8495217608626673, 1.4196317581726396, -1.8574951742943462, 2.4716897198763172, 4.078001898198025, 2.7546475715445116]",0.96
13,"[-1.5575377176864111, 3.798281936215953, 1.6996281939193658, 3.4083436742902293, -0.9929829150223473, 4.028688842913353, 3.733235656255208, 3.092971883704136, -3.558483199474707, -0.002731587359530614, 1.3406072877424495, 1.143882225255946, 0.7396537983626974, 0.27405294282616177, 2.078166931789382, -1.1490952005336257, 3.985671276281789, 0.9929839348849666, -0.48032933388350607, -0.5841615244588423, 3.2599485203621072, 2.0587395779370583, 0.827426421289692, -2.074324932333047, 2.814954338419398, -2.975726845007653, 1.4864856327247091, 0.6085847712541634, -4.182226034865141, -3.5656398265276064, 2.019646042431022, 2.0352391238592324, 0.1463852729479328, -0.5376344376930546, -2.690510483722447, -2.5157445943787096, 2.952443671903943, 0.40620377063357993, -1.8447794312802728, -0.42164819028153233, 3.947114458058354, 0.31663528146228104, 2.971384519203267, 1.6384825400398129, -1.1529082460543505, -2.456921973251422, -3.1500054919041482, 2.0747566010299687, 1.3683877219517417, -3.5930988429422546, -2.520006724867468, 2.5301475438180785, 0.2562077076295388, -1.940495358348655, -1.0186186456687534, -3.9516613972955956, 1.1761549196792482, -0.5258968248757175, -1.1008103944460128, 1.0639983681075516, 0.8403265263201278, 3.641326619675472, 3.7103663409388234, 0.0729399878525826]",0.96
13,"[-1.7176623974080993, 1.38501030663785, -1.1119785340758856, 4.326964751322827, 1.530590439978306, 3.53387700017997, 3.468053020685238, 0.4717714613430435, -2.4173476642943514, -0.7744748418159914, 0.8106536683931064, 2.8886628094972857, 2.9118669704852707, 1.9393957477487729, 2.228315603833554, -2.8627903963866492, 3.97058404852712, -1.3724929902441996, 0.618844279989987, 0.16318648573928662, 2.2298470873836207, -0.7996540282256986, 2.945078234169479, 3.4582324938497053, 2.1989669256687367, -3.8868319590832288, 1.4527354298231616, 1.0084122579690769, -2.254385186302819, -1.723897707138507, -0.47054809743584625, 2.6922873067837014, -2.335549037433286, -2.008199383164464, -0.009921395274722133, -3.169384798633601, 0.6262284103188014, -2.877314068583934, -1.3202924557812625, -2.9340103688090045, 3.1344051813196696, 0.07298689548356752, 4.1662434881889485, 1.232872778859861, -1.067162355481321, -2.8076534093324996, -0.3718225284381309, 1.0521089407614765, -0.8543020355359102, -1.5922255440953386, -1.7664875601452428, 2.8592045511758952, 0.9765114300423698, -3.1055956059176424, -0.6542336361965997, -1.3243206013342483, 1.1078226734456997, -2.8066545897302557, -1.3730325789295676, 1.4322941334690276, 1.0459863437416757, 1.1839097418923603, 2.3869101911313066, -0.24500693644046545]",0.96
13,"[1.552338671516384, 2.9369607465266543, 2.248451248835048, 2.2576381935146794, 2.971726855650046, 2.671561915968657, 3.409112144101637, 1.043348545683528, -3.606984371648025, 0.5985374797688435, -0.7150121486432786, 3.0927490990127287, 0.5326691550294067, 0.9855193133545055, 1.6658123759397394, -1.6038699887270647, 4.020922042530539, 0.5943499701864297, 1.7987038851892956, 0.31258567143058325, 0.5974337386864936, -1.5724499053522871, 2.7905307432850623, 0.9904848136949808, 1.64236453338832, -2.9252292538611875, 1.3773984436924187, 0.5501071711763843, -0.7600803844165833, -3.2200489298630224, 2.50065010423903, 1.0367661524686407, -0.16550592732785038, -2.1055416111861165, -1.64026453338739, -0.43257621139173863, 3.445709733954841, -1.2324535738056885, -2.2413780152358553, -0.6513257286063364, 2.406640214761734, -0.2745755067781975, 4.098141798469621, 1.680835295087901, -1.221065084471587, -1.4139847031919053, -1.0086161942091145, 3.614162377882444, -1.037255805395084, -0.52265367162813, -1.729398683631103, 3.173451348834327, -0.6354887967842736, -2.4681319059893863, -0.3397016849799943, -3.3327553646865535, 2.6651647586188076, 1.930903775962099, -3.161423743452631, 0.9428458084076767, 1.4493193535343818, 3.579889249146282, 2.6137732094066832, 0.1929439553088924]",0.96
13,"[-3.4142437575135354, 3.135940338473428, -0.6764569412524867, 4.276954196380323, 2.3758364348751395, 2.3626831721299477, 0.8946575133908263, 1.208690037366353, -3.807609496405638, -0.40576450053642094, 1.3605984275595873, 3.352297805846193, -2.7224744885354415, 1.2806046653733514, 3.8010128490376873, -3.900531204453604, 3.933914034954091, 0.8393652395926173, 0.18489513536378122, 2.922289013150567, 1.249922813518244, 0.9792558871283666, 0.9497739490663843, 0.10940163982779305, 2.472916994107994, -2.4371956110414086, 1.416591362518978, 3.7830606121093133, -2.3949909419422166, 0.02838796802395871, 1.0826684232807111, 3.4316764528356867, -1.711326095843458, -2.455759531905992, -2.705034468110568, -0.37174205480581723, 2.5113040287414687, -1.9110024473604643, -1.1123204142657805, 0.5910057384188594, 2.0882091163876537, -1.3714822948475134, 3.5341172137516703, 1.0342423619928125, -0.6343895311845764, -1.507656211735816, -2.8677722064669595, 2.315972340094913, 1.4674651317320497, -0.5808586843404955, -0.8676702505359692, 2.856476647993435, -0.1472974446452887, -3.041060749360492, -1.2885326892945577, -2.1544117119147237, 1.2643392703111793, 0.2973238489757457, -2.279320067671873, 1.5641714545792174, 1.9037619176472431, 0.8972941562838206, 4.03347506736691, -1.6287514726622807]",0.96
13,"[-4.500229926822192, 3.070165765151355, -0.75862806425311, 1.126801861474779, 1.3707466302123472, 3.0687554141612994, 2.5241897586123248, 2.0428382329516346, -3.7517556440884228, 0.7845656607648723, 1.6546055102948805, 3.0907537406710834, 0.08518281908430853, 1.500915075587864, 2.7029926134763302, -3.068963869266071, 3.908156493038811, 1.4793079102313704, 2.4363374911850793, -1.2374723992059973, 2.1307540580572852, 1.4180309863137024, 2.7454178845160273, -0.3776221609989523, 2.655729340163611, -1.7583879575840182, 1.3519143060189078, 3.573017671422887, -2.8753014989658294, -1.5266463174256373, -0.9995713779109423, 3.6455173232360534, -2.258572880634475, -3.024943901786982, -0.09778564177967697, 0.49788804864971925, 2.786075125764027, 2.1966295761577537, -2.9195425074157124, -3.467344036055359, 3.471206649322707, -1.02835558750117, 4.144700890678047, -1.195852509057377, -0.35185060072067353, -3.159541072612321, -3.4733045462892003, 3.9013538424254133, 1.0727439311254785, -0.1551184595802635, -0.7562153929411739, 2.7374474939615983, -2.8176837756370774, -2.486878090183782, -2.3646828680433076, -3.797758904210166, 3.5905744682404954, -1.0204178619670474, -1.8967646273109002, 3.6990531574206806, -0.8253136060309696, 2.6837407313408557, 1.2723161779405834, 0.02125867465097403]",0.96
13,"[-3.4021020616925846, 3.2964872222201733, 3.893740984582479, 4.3319648329937515, 3.0115211481622834, 3.4808683595907786, 0.29803439107719054, -0.07922216277585448, -2.3851619573021843, -0.1376381777296189, 2.93317894686189, 2.061744171467401, -0.8338470478301268, 1.7453443311542864, 3.7710670391902004, -3.5417853432853037, 3.9851587868370006, 0.6526771719535982, -0.22157483292009938, 2.395182502522936, 1.888619259011552, 0.28882409415299237, 1.5720604703593617, -0.08400094800564162, 2.47288980710851, -2.702707024992365, 1.3849120762891507, 3.002363482723388, -1.944151205220515, -2.369449394536496, 1.341632930136582, 0.5900744175507306, 0.06939301256683268, -3.0298052600142293, -1.543741714891139, -1.2630208479813771, 3.0602633531973504, 1.1015396310057775, -0.6199695999753594, -0.017700552458348895, 3.294485543271204, 0.09719052904810577, 4.166337410033268, 0.8202816538023492, 0.16025897247967558, -0.3079639261459082, -2.7126612778968306, -1.6444005116397924, 2.1938121026537103, 1.5769893132213495, -2.733183771282657, 3.221119692912099, 0.37418191611563356, -0.8427731198105688, 2.039349752078115, -3.5509902023256763, 0.8182689847217568, -1.0140588089602423, -2.441392409123658, 0.2106201875270174, -1.2650563993692276, 2.955570082439174, 2.170483925167848, -2.6506065466047217]",0.96
13,"[-3.7288277968830252, 3.577728525353748, 2.964077224451044, 3.4019382725653986, 3.9399822118614063, 0.28020222445638554, 2.3063570887602616, 1.4977932217132415, -3.452115644865941, 1.199088038990002, -0.033717185682617945, 1.7199533873880037, 1.5716033762464983, 2.01064837557412, 2.237047364738985, -3.6332031683088717, 4.019803948890461, 1.9351476627749162, 0.833090716434927, 2.182556090968673, 3.22194086573224, 1.01905221798997, 1.7401237222643695, 0.8183318216376926, 2.1551682286443894, -2.5619452090891937, 1.3529768222464296, 3.4545039080307474, -1.0467597013494658, -2.11645519982407, 2.673384034727194, 3.1122181369480675, -1.2389891735692578, -2.6976187785885295, -2.925690625474515, -1.0955120620344148, 2.3106547195612186, -1.5352260824713202, -2.80466058529715, 1.0120222625363842, 2.304918321468592, -4.091701412323974, 3.7928132092324285, 0.38730860347609447, -1.8802335496748803, -4.448539542395192, -3.861631909295195, 3.372496161829665, -0.5628680070843701, -3.656436616087269, -1.208483022019839, 3.2318747980836737, 1.333015195986892, -1.30063594435949, -1.5431525147218053, -3.9760588431076735, 2.445751260216941, -0.5225320340677574, -2.925365919412312, 2.665272346809382, -3.2140232213065687, 3.4020641440264114, 2.669609304263551, -0.6108666434275725]",0.96
13,"[-0.7141540582001571, 2.992635998209259, 1.521721045206259, 4.191876642577501, 2.0265773944067607, 3.9008202398209617, 3.6311107097475315, -0.5225243154868915, -2.78786674364416, 0.16257987592411605, 2.3681450744569044, 3.4766915698240513, 0.3097921908798299, 0.23411441696545077, 2.8025552952838186, -3.8087278373891276, 3.9693650827181433, 1.2831224927061744, 2.481165848007753, 2.5404232191936007, -0.1159033547967192, 0.3454918120799886, 0.8124937339120395, 0.6136735398527497, 3.5858284463364005, -3.588614691226364, 1.4760817280303007, -0.03488878625089953, -3.12714927818437, -1.6312496388795972, 0.1602990887326603, 2.028989079529746, 0.43538223565795486, -0.20652356735670807, -2.772787724913392, -0.37978032305231546, 3.216234838887476, 2.8443771813350667, -2.7546055421899127, -1.5531654932203927, 2.76655270373942, -2.3554356816953654, 2.6175850229558044, 0.8658874325016872, 1.4949209977607985, -4.123800799687997, -3.2588902650813143, 0.820858692435738, 1.4153075780052196, -2.8522261760328878, -1.2086901643132866, 2.3259729264371933, -0.36477529137521736, -0.4466622708881278, 0.4741257313318963, -3.5606656884653036, 2.949488951277024, -1.9167332602619123, -2.028887470767077, 0.9958408331185057, -1.06560093663653, 1.8140333367719892, 2.212630169699998, -0.6970422466295723]",0.96
13,"[-0.08335299411073471, 2.5294753004441954, 0.23005295584153906, 3.6265138280332643, 3.5054305037362146, 3.050834236987311, 3.663430208499693, 0.024053264706504818, -2.098587661884493, 1.391603680345181, 4.024052388510743, 3.6275975074441336, 0.9506535255317095, 1.5067227868909434, 1.0020840416119738, -1.847561259855139, 4.0377530962674895, 0.8918026715334065, 0.7168446587102986, 2.8125887516995727, 1.2377291513404411, -0.11941172924693078, 1.4616697117483375, 0.5332521371599913, 3.3932013019002687, -3.315314242986412, 1.4880556757443273, -0.28664950430475855, -4.269666927552765, -3.1119827406386205, 1.2065790284387805, 0.9493871831300222, 1.2570943360891889, -1.4343471710475568, -2.8598364058538337, -0.05809909772282129, 2.869282801772078, 1.4390752581195723, -2.909519177090244, 1.0202402858727586, 2.4649356676750367, 1.9607628181845764, 3.9865769264445863, 0.14072748930292922, -0.17262146528171207, -1.5177056109741356, -1.6910939279864738, 0.2910572377760272, 1.3644159567694025, -0.8154533526764283, -2.7643803482608833, 1.4401102146473646, -1.2177046678743817, -0.40533107869310747, -2.6041006235341007, -1.501992503647785, 3.182840695580289, -1.7958268513117814, -2.5005565522653077, 3.3781558609616367, -0.32991266725532087, 3.380180064826815, 3.272010092952863, 0.9089068392728468]",0.96
13,"[-3.970361113125044, 2.8348120426862846, -0.43977278372546674, 2.075229409868821, 3.1431713247674904, -0.24798211830890704, 3.7177279704055337, 2.7382243249758753, -2.5756375255610275, -1.2861512227586025, 1.8809823750261483, 2.539837255411923, 1.2849315410430433, 2.177836681620606, 3.248650301070612, -3.656380458676444, 4.037765393858114, 2.3276534977658403, -1.33591949747469, 0.89879532149264, -0.5866343406015799, 0.35938226031189147, 1.313226997989367, -0.14386767546056067, 2.4544102936346492, -3.557117341558274, 1.448233599966526, 1.4901835030985195, -3.904595851984749, -2.2414519979934355, 1.608333479577825, 1.0200126551309574, 0.45620883943730195, -2.557852445666386, -1.8597239557210754, -1.0723808946135256, 3.376279009227466, 1.0349471074937269, -2.7585471472892213, -2.4212320288701235, 2.7525833862161004, -3.556158755230293, 3.009481815159059, -0.7570765057077471, -1.9212873849771044, -0.6299455055433767, -2.919761684618763, 3.184089093312431, 1.0435882046456884, -1.9985891428935307, -2.7586243151330816, 2.0510397967586966, 0.37043262596481596, -2.8324793703944655, -1.463901553158876, -2.1765545149269148, 3.4355304917629943, -0.5909457435132064, -3.327134619105474, 1.9867451315553435, -0.28966319605598934, 0.6685103609134098, 2.2973724732186485, -1.4336522632940665]",0.96
13,"[1.856413878897601, 3.9792933613282684, 0.10708172416334077, 2.6121395881570733, 0.9214968368300105, 1.3819808621637488, 2.784105893946121, -1.4067622604899106, -3.8604451504604853, -0.41866249507432907, 2.449169319401225, 3.317390915280096, -0.3770296680629033, -0.3443048919031031, 1.0952959912965556, -1.9052967187038456, 4.034654005215388, -1.7221189713909142, -0.6114215789761819, 2.235845729213604, -0.0701788085208328, 0.35524061598357226, 2.0022609255365005, 1.1584335651716438, 3.657058529532364, -2.105640025992032, 1.323433656976357, 2.521444675943247, -2.78476354188109, -2.7898338013315733, 0.29815961345410924, 1.2348187547460505, -1.147464783522073, -1.6506281528489373, -2.730801988408013, -0.356362693978719, 1.8815511726719927, -0.9215263588898595, -0.18954189576487712, -1.8628937911564574, 2.3263260443183156, -1.2595422293389373, 4.093484213821652, 1.6427050472974456, -1.1216383963660654, -2.676379972298252, -2.4663958457699966, 3.783981673710729, 0.5725717627818536, -1.8159271896566356, -2.7669309654643826, 2.1520264100993103, -2.00445594796435, 0.49462114149404446, -2.3493868379368674, -4.043438980377285, 2.020239636953213, -2.6726109848469215, -2.9357462930630076, 0.27561327587611006, 0.16569300750345767, 1.4780750233714208, 3.5636725713734605, 0.5815572487735983]",0.96
13,"[-0.6035425211822325, 2.854891753714136, 0.37926047918901196, 2.3154934054682657, 3.0955355554545783, 2.9310436244629243, 2.6902447315562714, 1.5634192148378925, -2.033101828755329, -0.9107609346240746, -0.09870103815872056, 3.4812091329403363, 2.1752935570744643, 2.4379745764000615, 3.030862307977138, -3.597121076482413, 3.8820375405631222, 1.5834886262153849, 1.522391900183066, 3.4454537666669243, 0.8746681008159382, 2.3963109203423985, 2.1459016863964044, -0.09373008703530883, 2.73524806946998, -3.9570742452692267, 1.489076193959851, 3.547759207573984, -3.935644815539882, -3.4254431245431483, 1.3954654562238755, 1.5739744695836437, 1.2437221183422018, -1.7082893808319322, -1.8375285435040065, -0.6455243959078509, 2.5071901834934147, -0.8015682480480154, -1.982748622632574, -1.8673944307044552, 3.2945953803524164, -1.843950119124855, 1.3980545780231077, -0.9757873554436605, -1.3378165948225276, -4.256197313817552, -2.867869235069902, 1.126525012754988, 0.9591502575306095, -2.2550060432511163, -2.3641268926571755, 1.693658268008779, -0.3836134533906784, -3.031817187557968, -1.0214515243624283, -2.408527124989459, 3.1246640620221227, -1.4338579387169497, -1.1314324009932948, 0.9606938114820243, 1.6729817554684938, 3.1513818344098024, 3.909359312898892, -2.2655053117078885]",0.96
13,"[-1.0711531786612152, 3.228558609628909, -0.792761123134047, 4.2572526388251255, 2.605562498866385, 1.8256904011064314, 2.578571927410258, 3.0669361161371986, -1.983126395967299, -0.7908274191941891, 2.737568997895056, 3.8289869521490045, -0.7986738993549459, 2.2812622178356796, 3.8162310649599362, -2.507643858989623, 3.9938879269657743, 2.5222842569452006, -1.6074746334504366, 0.3594181786572934, 1.4605812967974219, 1.9436485668702603, 3.227825526521572, 1.6840645074077498, 3.3468880204601303, -0.4513923208646795, 1.4669876344062533, 1.910143610980866, -4.246159937227653, -1.4801997446249988, 1.4561371454385024, 0.39574450286208784, -2.2758579297131054, -1.3518328508308637, -1.2047817406466785, -1.0165244572993246, 0.4837758047836469, 2.480163818219595, -0.7253421917140876, -2.807014666032522, 3.454775129807472, -2.30461602639172, 4.1375055783876755, 0.6996575127666018, -3.434988738564358, -1.540284791848269, 0.07316610917881627, 2.4879537126471183, 0.625028440783082, -2.2757549293525816, -1.143668558270261, 2.8539185980679993, -0.689435538712297, -2.6715605354038643, -0.7696180019603462, -3.894303753716529, 2.4575344520363256, -2.368964717899857, -0.07605281308164091, 0.29858351859713006, -0.8721219963440063, 3.342116663311116, 2.820211148462644, 0.45237663164237923]",0.96
13,"[-1.3634236575870848, 3.603844058359192, -0.22598477371579434, 1.5333791330935798, 3.3468282266826197, 2.4320086519334514, 3.479738747480366, 3.9343333688237356, -3.3891793552159393, -0.8030208358623616, 2.1475203001124066, 2.496507583869635, 0.004148248249833286, 1.109560206217095, 3.7768818593603792, -3.313498603850861, 3.5783063093924774, 0.6053051031498002, 2.082266583549011, 2.342741479396409, 2.5868196258350076, 0.487962734415839, 3.270774770110982, 0.99000239449008, 3.4082617882376716, -2.3559093701300133, 1.4889306264477429, 1.037244276264793, -4.2096912897611976, -3.7111865792136656, 2.983700811480999, 0.5397946842060066, 0.9422240728692479, -0.9729208356973262, -1.1603656033595837, -2.6919621974543064, 3.1063454095847725, -0.962989891680193, -2.4897827647330795, -1.9110240526456383, 3.143064672341005, -0.019476897201434307, 0.9951107406490114, 1.5613377776599304, -0.4045226613162178, -1.7926554219320239, -2.7204042755608846, -0.431710220805416, 0.08771073143166222, -0.5510668964330305, -0.47746395124270435, 2.918094683944484, -0.8392782719158538, -3.0776010318010165, -0.6526606173886151, -2.3028698624457205, 3.4831224752524235, 2.587125940953735, -1.7940770826269201, 0.2848246695958625, 0.05840383006165878, 3.841349310294112, 4.2440756307024685, 0.029026487434341802]",0.96
13,"[-1.7953991989586693, 1.0370907294385674, 2.571941626638491, 2.7179934243184056, 4.079746461449682, 1.1977976139151503, 3.068956213480523, 3.0397250580618236, -1.1818223933989236, -2.3653398846648965, 3.4786896837200505, 1.272397543399319, -0.45634703572162916, 1.74643046733197, 1.51570927410808, -3.6847649213887324, 3.8190649987418044, 1.1300347160636783, 0.19230162984106655, 2.434262463529872, 1.921852679696817, -0.48323556667092493, 1.8197858636816509, -0.712278377665896, 2.9730942968866194, -2.884091940675745, 1.4572900879300945, 3.4573535636234047, -3.9922641331331548, -2.220753907132957, 2.000480086765842, 2.77155866722432, 0.18172935767467283, -0.16639307995611752, -2.2386035196921155, -2.6924708620952686, 2.2172475557406424, 0.7642417178217669, -2.811024782032141, 0.5471378698982565, 3.3686542472143404, -2.9497941378363577, 4.110592810239723, -0.46171614156618795, -2.5738099418424136, -3.0713962838333297, -2.977226190255263, 2.400973177730989, -0.18727381614466393, -1.999867102962125, -1.8604550366071848, 0.8995200012313518, -1.2736283854859942, -1.8820443617467815, 0.3253762699946645, -3.734633884080907, 3.1240644004934417, -0.8798139070277131, -2.193512590994234, -0.5657663880591337, -1.0018856421734776, 3.7254685964757854, 4.1572388753461595, -1.0762698882078567]",0.96
13,"[-4.498900581341746, 2.484820283038529, -1.5864649447371872, 3.225815969790024, 4.045950058910865, 3.360666878613742, 2.3592325184752507, 1.974570293744013, -1.9174542358998257, 1.320794686987204, 3.6301324297799953, 1.933253161131997, 0.9865828584771696, 1.3412675479005332, 2.643161982928413, -2.894197971436311, 3.9686822846403946, 0.03686529244015674, 0.45061097874177847, 0.5038114063229677, 1.1750297349671288, 1.584970473019692, 1.5356349668446532, 0.9252676892760057, 1.0508429893398614, -3.888468868540367, 1.3151726801214325, 0.8269269550081537, -2.3597844411920774, -1.059598774328708, 2.06252883325606, 0.3873466093992739, -2.083915102271356, -0.9864181356268416, -2.6829070582878956, -0.9170010592087048, 2.598753197701991, 1.8315704015882646, -2.2906495067118247, -2.9335050443455417, 4.0100356112953905, -0.30932529673163645, 3.8462902765819473, -0.1650338371798717, -0.05516068183497791, -2.3106480523906145, -2.927012190277457, 3.67624950156733, 0.4905141793787354, -2.356158590921634, -2.3502701433150404, 3.2353269247718317, -1.522617708622048, -0.7405170182906642, -2.5606105917268382, -4.041490855085014, 3.5296177464428324, -3.9258987381825525, -3.47971926225988, -0.29964995528313954, 0.3570777747012122, 1.9510813823725464, 2.3508235514281184, -0.538303172441329]",0.96
13,"[-1.7680149902659597, 3.926340742445818, 1.437474299186737, 1.265070603105618, 2.4797388399895666, 2.34112251272362, 2.99598643233899, 0.5606839123230429, -2.5232078286552038, -0.2876002001052871, 3.0023730680501712, 3.7152212683326296, 0.4215621646239208, 0.4949628990256374, 1.8886940701192951, -3.4303878812534383, 4.037749495361546, 0.44464314589937987, 0.19068435075968806, 2.7080803930893964, 1.0642022712624137, -0.8228997356956447, 2.986494093545504, 0.52398869924374, 1.574184493781298, -3.12274203444842, 1.485258765195044, 0.2807496241753049, -1.7510942288801858, -2.3899193014207256, -1.2884128730377464, 1.8166567435821332, -1.2589592513842605, -1.8703239531356044, -3.098509524867466, -1.955124778689656, 2.0580805099330624, 0.09873267361217869, -2.227926730993587, 0.6724910928396362, 1.8227131163760815, -2.5531872481484363, 4.064351112422787, 0.6205678768636868, 0.45542548741650646, -0.4802474675659987, -1.240525781983202, 1.2389479262008214, 2.33371893372274, -2.540258222177539, -1.3301952978418954, 2.791891401438179, -0.9912378350990213, -3.106518053897004, -0.558504768228733, -1.8201520766442973, 3.408637413347606, -0.40606990063868587, -3.4463442004113927, 1.2160932221904996, 1.5124001429233638, 3.5440193331701186, 3.667149205976993, -0.5694695025340952]",0.96
13,"[-3.2789626497827546, 3.859254623099202, 0.8204142424387856, 1.3781400742273155, 1.2692810061516502, 4.121408197785758, 3.515276830151338, 0.4081183477024297, -3.69951179511614, 1.0529957027713306, 0.7780037668618438, 3.0761073606555813, 3.0493494344818304, 0.47500939392910113, 2.593529472557389, -2.4361459260795004, 3.6074683811781654, -2.232241370281324, -3.722311601701824, 2.552559161338019, 1.0598925591075803, 2.255224316044501, 2.0630524443853187, 0.8794324444170167, 3.31288497943177, -1.6602297105235166, 1.4835883222032178, 1.7970648575773494, -1.7058420797852236, -1.403339310855582, 1.064444106114459, 1.1297298539953402, -1.4021915492848087, 1.0271117497746869, -1.8391001975690857, -2.296395179799793, 0.13268375153393652, -0.004436300030011248, -1.8398459579912751, 1.663390495743615, 1.392669507677101, -2.2239402176013336, 4.165175476799175, -1.891319678403562, 0.47452393171837715, -2.075595180219729, -2.273674855139352, 2.798712339551916, -0.7072193206855732, -3.727543445471796, -1.7176833138558725, 2.0960081328806632, -3.5133816381119525, -1.0320850157652, -2.4620913601295698, -2.2980283148050904, 3.485256711887076, -0.44035358406675074, -2.5714771803973004, 3.649845948065049, 1.1367045334459245, 3.0006171404625204, 2.2181349934743513, 0.5180667665995201]",0.96
13,"[-0.7742556961933231, 2.3646777288957823, -0.881662517662465, 3.063144109551159, 1.4174159991969257, 3.5354157813779885, 3.7336607062315994, 4.229777595304475, -3.4971193785003347, 1.5784631684791552, 1.5108725972527743, 3.015127147575323, 0.002501446774490712, 4.545856266070993, 3.2907648169484554, -3.903510298675988, 4.036423776208842, -1.594114756860679, -0.6457574154778702, 1.5463952528733569, 1.1762989766423972, 1.8813120906025766, -0.24014397965430279, -1.5202449002056628, 2.343380784259558, -2.7042625587344062, 1.3788730265845965, 1.1239170829713876, -1.8864452833501242, -0.47702540985709474, 1.7884938420118626, 2.603282433948972, -0.022058400161160674, -1.044576954366863, -1.7658096807945232, 1.1646976911804456, 1.701012471648685, -1.7318622138542588, -2.8242096591494126, -0.10598207339179977, 4.0605529539968925, -0.9725544715392505, 4.011058052527414, -0.6260520071220984, -0.8966776476555881, -2.7129203050460564, -3.3140056236076063, 2.7697405213082433, -1.3326088824210942, -3.5388354044155097, -1.394538198738125, 2.5890257982382985, -3.7679396150907456, -3.100350217026335, -2.06441832252944, -3.823024524043659, 2.8338697703873446, -2.5944646387681294, -3.090081686624445, 0.70487664138873, 0.5601586762857886, 1.2298682277373079, 3.631063257450494, -1.3634370195532068]",0.96
13,"[-1.3467064704621712, 3.6886478495733575, -0.07376813662335621, 2.943437380655303, 1.9381767807603731, 2.5597652869584504, 3.6845172212382065, 1.978088504384007, -1.4329355000742372, -1.932094940561019, -1.0893757577484717, 2.107768727624096, 0.9997838930777029, 2.294967434273638, 3.642905457751612, -2.5533018485320516, 3.9816787397012527, -1.5499152539943355, -1.5818748515944774, 1.3981061292025112, 3.312466769715099, -0.7405337183430232, -0.2867110456609785, 2.689063587402214, 3.4805671068261765, -3.7102158714850346, 1.4657500705338171, -0.19789764799179865, -1.7592711205581801, -3.0714852839319082, 2.3530353712038, 3.165518004247963, -1.5971326303348292, -1.316820528222676, -2.3972030756183953, 2.389723133336669, 2.7709519139751166, -1.3206446393362294, -0.6992894520628177, -1.1051564455666294, 2.45572944497754, -0.18460058988908934, 3.9812176418187266, 2.3901166927539204, -2.960862878948679, -2.4893069048641463, -2.225327822656255, 3.9580750991116216, -0.9620102624251294, -3.7071840900925115, -1.6441502673921402, 2.809579672157072, -1.4715087737703112, -2.2246179701964603, -0.8891455665279905, -1.1490365889112975, 3.4366066215051587, -0.02921509697756544, -2.9213958985425172, -0.3827703392004769, 1.3495739242167222, 3.8015678539481126, 4.013284681694548, 2.8900468617694237]",0.96
13,"[-2.234797774251427, 1.6238618611716529, 0.36556484615081664, 4.300373093830107, 0.9599212730352376, 2.187767447010537, 3.7281174394647807, 1.918418881598827, -3.1686543681232515, -0.548438306830878, 2.8925060982057422, 3.820251882663387, 2.2124141930428305, 4.2362934404673815, 1.139585841177786, -2.691565773016831, 3.998246051880529, -0.6501316341271677, 1.17956671512389, 3.3387554178139096, 3.3039886117532276, 3.2891739814559107, 2.368671198840371, 1.5211759214801484, 1.4188024162752417, -3.374113326775726, 1.3974503627693187, 1.2768197047109242, -2.588257422398463, -3.438682221940625, 2.8170042030629556, 4.236542484031459, -1.7852099647830553, -2.361130432918954, -3.095588871159852, 0.8085448879429427, 3.453106334601181, -1.525029606713542, -2.5969338835315705, -0.23642027181502812, 2.856579747086097, -0.6369141231191607, 3.3550720270449075, -1.4640107249916279, 1.8837861766779913, -1.5115425583231912, -3.4749466779331613, 1.9635396540906394, -3.343044465329191, -2.517679080933406, -1.861212989323823, 2.52187124521511, -1.4580875562307074, -2.240471074772805, -0.20288271034619454, -3.603842185070036, 2.615915419398148, 0.47051717897706885, -2.93505471408052, 2.010288360901363, 1.9893455579270767, 2.8220804210979447, 0.32006038685760574, 2.9066814802336873]",0.96
13,"[-3.6605567299352186, 2.764477962621479, 1.1080781519108271, 4.102184832287547, 1.3540734005845936, 3.6347999530794386, 3.600134038952801, 1.1492177857655814, -3.7129638269764453, -0.46105655803268175, 2.0769355077721565, 0.4804720465805987, -0.5919513430533041, 2.7736580217976785, 2.006995402505302, -1.2534267542573463, 4.010678542805435, 0.1546692590637732, -2.6186813064439765, 1.6669552243191483, 1.7679419723910037, -1.3503607349698106, 1.8351285667492652, -0.1939716506662787, 3.734734474517486, -3.459013089108091, 1.4713327253205826, 2.250369855735334, -2.4864438501120993, -2.6274895140940497, 1.162613817880294, 2.3537112463868204, 1.862360780504167, -1.8875731546975718, -2.3163295678826774, 0.40111928532789853, 2.6823301862696933, -0.06158728706934616, -1.4420044117853745, 0.014428889286481894, 1.9586646128421807, -1.5649529954911183, 4.13927885807489, 0.6121016682291524, 0.37423086596045874, -0.6277255308261982, -2.270167890875941, 3.9367603646092215, -3.059052426625878, -1.4526608032961006, -2.1515035816183916, 0.5929771162952404, -1.7139706816851648, -2.1298140665424454, -1.2422392701776743, -3.889280949680357, 1.9158046910544924, 1.0216471488010235, -2.202886072771495, 2.1700637919790133, -0.8217300216710054, 3.2243977292087287, -0.613682310308501, 0.683469750119991]",0.96
13,"[-2.129595303178157, 2.447145093390079, -1.2493522344455759, 4.117264998347386, -0.03744384430375236, 3.896763455436956, 2.283367354573815, 1.172743359914084, -2.21676139255126, -0.13350843286965797, 1.9233699612639161, 3.6725753393337826, 1.8905687510045492, 2.1175496996732712, 1.3638609591251667, -3.380326533486254, 3.944490343334199, 0.8838140025551482, -0.6135546797680524, 0.8635735159382747, 2.600572000993719, -0.2143901344115844, 2.4638474030005755, 0.42999707414477534, 2.9589698208971758, -3.887231652553671, 1.4888859964727368, 3.17642305166679, -3.8785439701126325, -1.1238000934552992, 0.19720392268609244, 1.1330191415903794, 0.41410418729645354, -2.771818868153501, -3.031737918629363, -2.441977076950594, 2.9513572981315668, -0.517839489609858, -1.8032853914132563, -3.3868100566697814, 3.449972710865028, 2.177735663121848, 3.9733044850059143, -1.1586600879643036, -0.6591097348505994, -2.8483751440872114, -3.5063155773572325, 3.785185679981988, 0.14204120157410083, -3.4278110770299053, -1.8792454876873748, 2.0121942628370157, -1.5051652395574495, -3.025842205508452, -0.6779781497751566, -3.6793111712615434, 3.1370844787815844, -0.9540925590327143, -2.0266039842711248, 0.8512310560181282, -0.11330262902805527, 1.3796455063403315, 2.597963525317339, 1.4581758442370591]",0.96
13,"[-2.130845427185549, 3.9145805609040636, 1.2085715875843532, 4.190516047225155, -0.4274455763392384, 2.5776238077666287, 3.6865525092781306, 0.10222915288887502, -1.5489966083985607, 1.3280040241090811, 1.0837783815340534, 0.7749775903117802, 2.864108849768474, 2.1760805165938817, 3.8063993107757064, -2.546411277192346, 3.9964532112889, 0.10240517720806122, -1.9945094337598301, 3.09549352041254, 2.089721334131974, -0.014004072854134408, 3.2502628400898854, 1.04853529798157, 3.188292948716616, -3.955696556861747, 1.4087338074876088, 2.2263557824630387, -4.131642817908501, -2.350904904240591, -0.6562025620896437, 1.752016232377771, -0.7669466369232282, 0.4995126317187317, -2.4364750458143156, -1.6556510954230734, 3.0825303916449034, 0.18989488252088516, -2.6952787060276435, -1.5577118240745405, 3.13935872489377, -1.9399095641962036, 3.9893157766859897, -0.48262208488791236, -1.584679075969854, -3.055487761985896, -3.9274334367499586, 3.959645621297564, -2.022343711545119, -3.202912710121055, -2.697363190205671, 3.2052392326326737, -1.269064170828052, -2.859740321966596, -1.4385666437189193, -4.02727780118967, 3.586545974011855, 0.8057552230646121, -3.257750957799047, 1.8303492305464981, 0.19848705538600164, 3.5636484274673723, 4.241642527162773, 0.12537564489948982]",0.96
13,"[-3.269094784060974, 3.725391137428669, -0.3259462215966612, 3.04334874794014, 2.30168562061722, 4.087008728615498, 3.5202987623933475, 0.10173128562579298, -2.7319663145780555, -1.8613280880740892, -1.7822525168851424, 2.8146304770788415, -0.27917544687321527, 2.249960911590497, 3.435239641219658, -3.700661113341988, 3.9424607627848745, -0.68338917601266, 0.6013700249926907, 2.003240069882014, 2.782106819973456, 1.022369603331239, 2.76219310926995, -1.44232102497578, 3.2477761595442316, -1.376529029904368, 1.4752751506852315, 3.036995149248828, -4.116612426532801, -1.536882116910301, 1.0814999575466184, 2.92116534321772, 0.4198140295377083, -1.3725770650600975, -2.1931961842348713, -1.858582085357437, 3.430206819734588, -0.8527772613589579, -0.7371610881862194, -2.989734477606362, 1.879441584398852, -2.1768416199221496, 3.719883189079293, 1.7415772751186926, 1.2104057019872134, -1.4069165874458067, -3.8897178633317426, 3.9584371454558425, -1.1320573626502968, -2.5039285305820966, -2.0947311453292214, 2.6705699812228954, -1.3093876148587538, -3.0196538316711417, -1.8438922057442646, -3.6494230297232164, 3.0193665188915615, -1.3065431261177127, -3.3923631392051052, 0.6522802162321528, 0.8502968445219246, 2.139908591804941, 2.37875741734302, 0.7856309292668353]",0.96
13,"[0.5408814090466891, 2.368781290421339, 1.2786214380949459, 3.427773150458048, -0.32914253704878504, 3.7927563851132002, 2.9773474315929995, 1.5757992790285793, -2.293609282308173, -1.4179566217254078, 0.3947409835099345, 1.6350168479473177, 3.2403262389010035, 1.5769239187620645, 3.67989591967145, -3.5772866474943843, 3.7826212094968144, 2.3105535643749544, -2.7239662205122483, 2.2270090012669534, 2.63781739486072, 0.43487490337145956, -0.04417614100111944, 1.7731056929521598, 3.746220405685696, -3.6117665231688436, 1.483571223991959, 2.9804664952544457, -0.0946940569575827, -2.492362583504722, 2.0556856764647558, 3.236510637784733, 0.2638891570353151, -2.380672406609143, -2.77101500540527, -1.6661243137792654, -0.3656886118727547, -1.452144432102377, -2.3566351777817145, 0.6607696800290941, 4.0473385602080425, 0.35658438261362113, 3.1268149584523885, -1.6016009983664559, -0.4895447325557774, -1.4630410476394076, -2.3078577982299926, 2.896762908868879, -0.167810592881372, -3.228487795657761, -0.8510887964259615, 3.13428509352027, -1.2947506303744156, -1.1249286125747153, -1.7892336087545966, -3.495367410040984, 1.1487941690375016, -0.6516463174398628, -3.207320589717881, 2.0619251551588, 0.2634158862658976, 3.1646394135323113, 3.4552264690460426, 1.1612848694972973]",0.96
13,"[-2.4896078608209633, 2.415777454781737, 2.6196828087099666, 2.6796848602862173, 2.4617959859323326, 3.0057341632416152, 3.5740994193960605, 1.8599541561987212, -2.747080314341595, 0.13937963137951706, 2.3773229450712137, 3.800294122701992, 3.321801919575134, 1.1765249089218288, 3.633887990471395, -3.2422794355983253, 3.6975036984728353, 1.0445615232127705, 0.7546042273424335, 2.7210195641187624, 2.7050066158085704, 1.109208429199943, 1.316162265505103, -0.43140533058522834, 3.1632953583004975, -3.9232995708843177, 1.478712096942597, 3.1537531275579087, -3.7503000981367736, -2.667311293520152, -0.439044948559852, 2.531242922505072, -0.5966026154495466, -2.6641682694263906, -3.091818317458303, 0.5299206929380483, 2.785150165317824, -2.169275923732533, -2.9675086793359493, 0.625922328250959, 3.388711087062284, 0.3000579374564384, 3.8642018975125803, 0.7906447670905625, -0.5435644712481945, -2.785670316768055, -2.9325238766068624, 3.8076234182414312, 0.28173098502602945, -2.607223201936791, -0.8925918845190952, 2.989058790458781, -1.9353642364252195, -1.7599526650425394, -1.8317928634474976, -3.7032611509557123, 2.820245027568939, 0.9580520634688741, -1.4131360579477983, 1.6143821688379536, 1.5016772432571086, 2.683668524359915, 2.6239516483848533, 0.7395524432386652]",0.96
13,"[-1.8750692275709309, 3.13921258998531, 1.2662883700394616, 3.732477977342839, 2.4416917720043116, 3.0731293587565656, 3.302564236911632, 1.8097103808255994, -2.6192868290712417, 1.247742726795692, 0.673351983806026, 3.8186529488225265, 2.13652641997997, 1.4053980528362588, 3.063613835317692, -2.62497244968071, 4.0133654028676, -0.008100638828316742, -0.4374797679708872, 1.7570458893780676, 2.3347087615173443, 0.7004229033687903, 0.662887890471069, -0.3164860283119869, 3.392885709280285, -2.1761506920624623, 1.4882400766662072, 4.198721867231513, -4.12917592777119, -2.843162134212009, 0.6140077116476325, 2.628529642882665, 1.4060755423655005, -3.0238041741523976, -1.2833771002502745, 0.7483350840313396, 3.064635010972024, -2.910645892199754, -2.0886609615547185, 0.48947533258424025, 2.649989276036223, -3.655464217858368, 1.0158308414436643, -0.5514359033558832, -0.28792717441179017, -1.7395867742598932, -2.95950608186008, 2.7814415558953285, 1.654575623953982, -3.7179007452403865, -2.3047937819818562, 3.137518718226728, -2.0376132776919134, -2.292211027972505, -1.2588715193415931, -3.239225622400177, 3.1018813307961284, 1.264796022289431, -2.798674337762436, 2.1793034630459585, 0.983653056326286, 1.7343538662014903, 3.0392164851609627, 0.6031416551410844]",0.96
13,"[-3.160112276482311, 3.814063143437015, 0.4140013346166982, 4.2223559851929835, 0.6381508873993144, 1.3765366470961453, 3.1599841693064894, 1.3148666076827555, 0.3275383296271759, 0.1784331666839865, 0.8983124984652486, 3.8240491665987126, 1.6284527437084648, 2.7794687936045315, 3.8154546386919717, 0.12247351398871853, 3.9881368945474756, 1.608649671924066, -3.018944599568075, 3.004272286224329, 3.350718469761948, 2.7243060555283414, 1.8485237038675444, 1.5870939615250017, 2.6401447647141487, -1.4337636489912278, 1.4875590719291625, 2.1126440283823227, -2.2652218021774897, -3.137313662519947, 2.1442025500435253, 1.5304628557162063, 1.7732749527024616, -2.0887486948184324, -3.124458733686308, -2.263053110471393, 3.4510259131361796, -0.052585078280203534, -2.961502981610994, -0.3015698748882689, 2.640981881622584, -1.7353174060459815, 2.7003382360174086, 0.1852907392391332, -1.7600253859444406, -2.2892310456178966, -3.8102396481727294, 1.3824606949550065, 0.21055255431697106, -3.7268180915750553, -1.2359324879637075, 2.506216377927693, -0.3995667561817965, 0.3383709427300756, -1.6361897715827856, -3.2022634393179734, 3.34400010710272, -1.1056655441357512, -2.3351278278556453, 3.60616981141838, 0.42200576661082373, 3.5465923827826487, 2.5399545475227816, 1.6832431681861504]",0.96
13,"[-2.294998572427737, -0.036161886507377616, 0.05051063167701075, 2.4074884185862846, 1.199298074057447, 3.815049251567175, 2.1913445015357813, -0.21215814590294912, -3.6167669777389264, -0.6136905670678212, 2.127274138877698, 3.4443905950049842, 2.1453146958328984, 2.3044164198417407, 3.1270722055899847, -2.6041287545605343, 4.031584134055786, 1.152569527234529, 0.08640056662668594, 2.243847633417316, 2.3093507604169883, -0.34458386433133537, 0.9753546347900115, -0.3240701111546114, 2.994051916742701, -3.3828043020854635, 1.4877678709946662, 2.6662484638113453, -2.7884153915972063, -3.5550778044571762, 1.6146742610886884, 2.193615507818126, 0.4628847768432033, -0.8813524544336215, -2.893988604387264, 0.47353224570052055, 2.55186545932891, 0.11810551213430454, -2.6033116789160813, -1.3137098487092347, 3.955355970934254, 0.36778321880159515, 3.780712635482737, -1.0941667485720434, 0.46323984559595377, -2.207110471237188, -3.4608341296480614, 2.9088669411090846, -0.5727987526074477, -2.713293202477366, -2.26098066780072, -0.34570363082494193, -0.3299719486445851, -2.0191154394350534, -2.05623771652721, -3.247526598451847, 2.6047832457121496, 1.8401378087834526, -3.1053991947816746, 0.108982267413269, 2.5510763413225392, 3.8269845563922695, 1.94095153068857, 1.720800211444265]",0.96
13,"[-0.10826962478187507, 3.980764970322337, -1.1757390350783792, 4.069336202955621, 0.5232663900420915, 3.0534332799899104, 0.5067656800040155, 0.1221342888727246, -3.5293595128722854, -0.14319517007747196, 1.076702737558342, 3.5396915285112978, 0.6099602816143673, 2.7008095642386376, 3.198701288875538, 0.030838294577212544, 4.022548414046093, 1.2006956444855306, 0.7416039350032156, 3.3730440439776763, 1.7586328859424083, 1.5778968295731512, 0.09847472625963505, -0.06293936178998222, -0.3693560048097786, -2.854140137034345, 1.3867694830953379, 2.3901215787169607, -2.0533110198187603, -1.8056637175532133, 1.8005410892344484, 0.5742163299577052, -2.0517160954961344, -2.3282726296838256, -1.265225457554576, -1.0761472113137136, 1.3120675116140084, -2.32351289198772, -1.5343080234924307, -3.4167619020154194, 2.95691093107112, -0.2276512522476135, 2.9517817690200645, 0.3354617652938945, -0.31684951543564216, -2.985566366175089, -3.9235411811226175, 3.7583049240248094, -0.8408446375565408, -3.0674021994523635, -1.152516691114947, 2.458272506244276, -2.193127521369245, -0.40717712736065503, -0.9863955976698635, -2.722879257935976, 2.3843962735816877, 0.078591735429932, -2.5253799077176566, 3.781567044907315, 2.2379873856486006, 3.274451124270074, 2.5932501404749724, 1.1829239456850442]",0.96
13,"[-1.5150351502876758, 3.985794882060912, -0.03956090776576737, 1.9766333508548044, 1.451690497946376, 4.098962789355183, 3.6260409253809716, -1.628637372340982, -2.102309564421771, -2.542756802744535, -1.1628228391235902, 2.7705259656677415, -0.23043860249852433, 0.4923364683872258, 2.5892876433209904, -1.8134175461085984, 4.00100824551709, 0.19879085413672065, 2.019649353597863, 1.5965683746341308, 2.819966954536593, 0.09679063095003182, 1.3511006722073509, 0.5235000537613648, 1.3740584979363226, -3.3531176915382668, 1.416502212279097, 4.132797555375999, -1.5907125395651638, -3.825734281320558, -0.37236723065373045, 0.7914322809472971, 0.6652148826710259, -1.4932649178074722, -3.1512939906201365, 0.686537200502095, 1.5159168180740354, -1.3493355710310189, -0.6190344295699375, -0.09995173583248551, 3.8754594330912244, -1.351897825461748, 3.461313748898739, 1.6291097826524645, -0.7434125465267156, -1.938530382118341, -3.6751145101734473, 2.178991199247448, -0.809528975101441, -3.6723967855489916, -1.3595636677179055, 1.9438592754543893, -0.760923778313528, -1.5232872526217245, -1.9285844043396496, -2.2665940239959665, 3.4401606638481983, 1.4738348914514505, -2.603261944355971, 1.2814576673659164, -0.3138515499930491, 2.3954456502114976, 3.5328512602393243, 1.0777164588373138]",0.96
13,"[-0.4969796643928799, 1.8603444269493636, -0.38396397228663204, 3.2820117219965343, 1.1774369650455419, 3.131216293791775, 3.1448689585297798, 1.4173192707353883, -1.6135856551703058, -0.24685580826098613, 2.9877912220116083, 3.0754523716945155, 2.682943338715651, 3.685132135727974, 2.9871824741070143, -3.861819264530799, 4.033214467628743, 0.22091998279542008, -0.9383260574953511, 0.3520885795221367, 1.8355385182112696, 0.8723543903037572, -0.20230358271459026, -1.6669015739383066, 2.403208012822356, -2.2986711377157043, 1.413472788834228, 2.394572076641321, -4.11027901593665, -2.292795753181131, -0.13700192524209287, 4.096886046070509, -2.2993456757606205, -2.0022718743128944, -2.567009839296235, -1.9213773721234892, 2.8590733095898857, -2.3146253501464886, 0.8301833900207534, -1.4099194452669828, 2.845771061774463, -2.96968063093752, 2.352549720464365, -1.4462207278745458, -0.14895929532171054, -1.5013814969333636, -3.6709392986280296, 3.689550893656088, -0.4764486758606938, -2.395400087506413, -2.426618437262408, 2.8180263736843725, -0.49353698425724146, -0.6499175292410158, -0.2000712970071976, -1.7345791741483958, 2.8835322529029104, 1.1223468011465079, -2.7210289291868444, 1.457513095671404, 2.557488500245054, 2.4307420955834513, 3.668468223091513, -0.4621909911128148]",0.96
13,"[-0.9147030032187253, 2.121800914298187, 1.508384105946516, 4.3259450361958764, 0.21680385607179975, 4.105332755982226, 3.7390151654728236, -1.9791451404450595, -3.8083179974102377, 0.11999851489855881, -1.6766209326447965, 2.3022868747312524, 2.902314805807805, 3.870532634863718, 3.573384679568732, -1.633337559686184, 3.9297551097825822, -0.39987716812784024, 0.09024030999979249, 3.0670376487680597, 2.9068912435188285, 1.892757533334282, 3.320915499347935, 0.3255563242003807, 3.718414999329359, -3.9526986932250954, 1.4311062414596512, 2.0453130258766867, -2.2201149824191804, -2.347544961433777, 0.8738992205202442, 3.8008172855150404, -3.4125015084297092, -0.9047219974716498, -2.740416115010524, -0.010565765224730655, 3.060771199443466, -1.3623307520850205, -0.45900276462519285, -1.930123579225243, 2.901506508699514, -1.5565499972157308, 1.325241281639344, -0.6999135097909672, 0.029300665110782664, -0.9872901711538169, -3.8585407955472397, 3.3634971454345353, 0.48893392524712664, -3.0150830136475664, -1.1647192592267186, 2.380695110580861, -1.4992238254917938, -1.7574929728807458, -1.361291813203609, -2.5739846336253227, 2.9363200567962315, 0.02854498857056812, -3.4634531839831912, 0.7729665809408286, 0.14321861136732073, 2.6425484057181854, 3.1113521448435417, -0.32837974621805]",0.96
13,"[-2.6517151925923397, 2.1875331136980813, 0.23756036025941907, 4.310763538801779, 1.7797447233905115, 3.506795909304593, 2.9971771364951545, 2.251478677220188, -3.7582751577749267, -0.5521548541353788, 0.7408304591157207, 3.6667510422531473, 0.17177291693160202, 3.237432750914083, 3.2216451886084063, -2.7558343896338084, 4.027203297634468, 0.8142683412388687, 0.8279792865166917, 2.4797859362027688, 3.3552219733767443, 0.3332262174653593, 1.4062358984243708, -0.3380756507525632, 3.605274937066876, -1.3693393894137285, 1.4479126770719464, 1.6685213960503873, -2.4880838501635774, -1.7390550607685187, 1.025662272323283, 2.5388911136703585, 3.0222456866303657, -1.9061194395128456, -1.7897944879119267, -0.7140817575116202, 3.182597386851231, -0.793070992834771, -1.2674105377707954, -1.0985748251141283, 4.058803783093468, -1.2023465814196126, 3.023830963765069, 0.6417902903710223, -0.04547724310111356, -0.0998098402887364, -2.9329771800971134, 3.239024576687476, 1.3334011422533159, -2.448388216843255, -2.522888433697415, 2.655886714540763, -2.271933324646025, -2.4011645140236038, -1.2190406972409527, -3.6755707789564647, 3.21633280997271, 2.2111055484330406, -2.5971589189991535, 0.37585546559777416, 0.47041381047506564, 3.2033768711277326, 3.6594367190305426, -0.5703766450907859]",0.96
13,"[-1.4543683028091925, 3.267471992415067, 2.467462722318613, 4.0114046899166, 2.0556464986932133, 3.094385046187833, 3.0673869191355, -0.2235786518172247, -0.33822031065590674, -0.8993850160205571, 1.5693934514762504, 3.8327518485844494, 2.9685176371070914, 2.8597723435586087, 3.0438125535611413, -1.811942997644113, 4.006676257201986, 1.4223092975358422, -0.8889937304565296, 1.7481502627646401, 3.1237108502789166, 0.06561692169091748, 3.2914503277278246, 0.6292604475567186, 3.7428891282216212, -3.677423320424706, 1.4886739086898173, 1.817995035562336, -4.131316732800808, -0.6491134172737261, 0.8176125560081947, 3.7486625523890513, 0.1823923500389899, -2.347937367884828, -2.8138206140676427, 1.0726979683331732, 3.358744765617027, -2.7176191846685676, -2.934611834830931, -2.1728234464995833, 4.0634962339821135, 0.6750054960976841, 3.5478972791999754, 0.9431835321119363, 0.09779947468738681, -3.3438451329219223, -3.0186498472766328, 3.232835847642621, -0.26671443512772175, -0.9284965415094124, -1.775652421107503, 2.9771381747985153, -1.378681715852408, -2.596500025497837, -1.2405069001591702, -0.3617736370705371, 3.102346216301382, 0.32452148939921344, -1.3356862263626228, 2.0932818761010092, -1.306776292091108, 2.493743951649995, 2.468662490312416, 1.478386565199677]",0.96
13,"[-1.582475408931713, 2.56577582000782, 0.8573671978643261, 4.33648927182622, 0.8136327834087917, 2.646127380591199, 3.2706807420377544, -0.6034362848374719, -3.0668740844668116, 0.956424953577351, -2.072556495883898, 2.5520008769046942, 3.2368356131847085, 3.3230823501330287, 2.931527792330836, -3.8443225864870154, 3.9733142983945733, 0.2629303407867634, -1.0300949903113867, 2.8613154705940707, 2.125047621611923, 1.1011187511361937, 1.363431387114805, -0.1940365484261567, 3.4096887918815177, -3.815633324221448, 1.4403875135170372, 3.5275118419615654, -2.347359504474282, -3.855709047103394, 3.2218940840215167, 2.7119843364490817, -1.4054261741410268, -2.8097048403226794, -2.2992017694280174, 1.6708078101714166, 0.8897343496536592, -2.819847523144036, -2.797204071423497, 0.5266018664433456, 3.5528949659079085, -0.5484363311353672, 3.5548655875675723, -2.820548253150061, -1.2035736749799222, -0.24816757262453537, -3.3006308039709875, 3.5238488619214854, 0.7268935837209058, -3.720996436020511, -2.1417309120519636, 3.2509354623435907, -2.2873159520544073, -1.1992798582768867, -2.0059915044930343, -3.8597619904145675, 0.25258702733519867, 1.0775597424398706, -3.039343976420299, 3.516374302974438, 0.39650102168538887, 3.3038908622682603, 3.689183417046425, 0.8499525384000097]",0.96
