Run Index,Point,Objective Value
17,"[1.8642712023335155, -1.158636811158074, -0.16631398064593939, -1.087498719963084, -0.18085407889973726, -1.9559220502736676, -3.033240222999649, -1.4470439654601486, -2.9321739876000876, 2.2887753795349335, 2.9388228881571803, -1.3549295783015536, 2.778311397994066, -1.7929786438898665, -0.24771232478835392, 0.8571201774266598, 4.016068838890989, 0.6534186253504246, 3.192875352762145, 0.4565511765765138, 2.122805321290703, -1.7689167609966514, -0.18132867913413497, 3.022984775543261, 0.10047289189756081, -1.6504633964630342, 1.4614674967745567, -1.4410625914083603, -0.0024844223452632486, -3.123709424088517, -4.13230715778179, -0.16372047449005644, -1.0119547547597867, -2.8632361805889066, -1.1531053583196638, -3.077527453930799, 0.2999687509093306, 2.1379730995563935, -2.958292107472117, -3.4771659432496866, -0.17994831575723902, -3.4875714228966737, 0.9091531118847659, 2.2707928899718173, -1.8958523881767857, -3.0064738512309517, -3.7834620220378747, -0.7086339583396666, 2.513614981470504, -2.4211641934115495, -1.3481782730790055, 1.3801768288317964, 3.332666481341617, 0.7202552224451768, -1.222123825132071, -4.042825871397692, -0.9895414191875782, -2.943887826232346, -1.2296891887700303, 0.8313460840296194, -3.925566720915262, 1.0451258252556157, -2.7191417258638113, -0.6048121685615646]",0.96
17,"[3.0423532569821967, -0.5313372609577052, 1.0095138284277614, -2.056541108608474, 1.2614459574057082, 0.4046337873188497, -3.651538291466622, -2.998958617907729, -2.015288169626559, 2.3424578062744135, 1.5336080343528122, -1.2312570357687327, 1.586534580748864, 1.0053496711064132, 3.1937023241331426, -1.290804157111893, 4.022281386191133, -1.6663837658332217, 3.179379067578914, 0.0004341248544583731, 2.4033372831360422, -2.8136062305347167, 0.9534637608865423, 0.7184610662889153, -0.10391408841389893, -1.4221154731941132, 1.4691964271675837, -2.7594128386474526, 1.2548028530841973, 0.20558561070045478, -1.8743992700795635, -0.21927389416777676, -3.111984206645994, -1.3738516194309478, -1.9927674318157271, -2.618518870564058, -1.283336844447685, 0.14980049911300108, -1.8193433228390896, -2.512796506468373, -0.8648629198679103, -1.526480656985942, 0.3834885989820602, -2.67318313704983, 0.3416567217866233, -3.9002935457001637, -2.891138693758681, 3.8260812208349373, 0.9268850203905372, -3.640293112049416, -1.5173899259456722, 2.952450859883515, 2.5081126827242524, 2.5090136154703075, -2.650307306678302, -3.5291523393759663, 1.1990295596319973, -2.3545903644623936, -3.478263341281307, 0.9783309734237042, -3.171681106011966, 1.3471718985733763, -1.5613371439677084, -2.7421874359396776]",0.96
17,"[1.6727973157477598, 0.07162108980316391, 3.1342706736498296, 0.1798180102486222, 0.6305821119757071, -0.36880468732911253, -2.6197927096353477, -1.4307375385570118, -3.5554360553965996, 1.4859533087426517, 2.5308648184682143, -2.091658116599912, 3.4678050146371584, -1.006308440809061, 2.4861623377730955, 1.802793428225474, 3.9804749129859545, 0.20132744088144783, 2.7373763391006283, -3.0257528508942837, 2.842920335638976, -3.239741186523434, -0.3707528440286051, 2.3698886642098733, 3.6380363080130294, -1.2436116649190563, 1.1881386508678893, -0.9331882652061818, 2.1192233175984114, -1.6431683990325134, -0.9129355233184355, 1.8788375705660456, -1.4577049825022426, -0.43421306557317774, -2.6922688770468914, -0.6065176438401927, 0.11465534642219877, 1.0172627441537119, -1.5832884823664601, -2.7925228235007413, -0.17579313090935056, -4.083273983454143, -0.8576944415216818, 0.7163865401430164, -2.5647520946858546, -4.016145165085671, -2.5324156720486926, 1.3733025007587927, 0.4374270562393425, 0.28428719639436295, -2.2514738521456614, 3.200857020774205, 1.1495296365859886, 1.1172485305221462, -1.2114671251662399, -1.8644527352273144, 1.3567940300918053, -1.7451669864653272, -3.115924444172107, -0.19362515026226973, -3.9211071990413875, 1.070604087286905, -2.9190840580474045, -2.163773997141741]",0.96
17,"[0.6217436505233287, 1.2519101592557353, 1.6660306332036159, -2.5389475789263036, 0.2491201524083383, -0.36337670735130434, -3.309616495615238, -1.5215389688209076, -3.6316656297930034, 2.433044391866807, 2.869895099061987, -2.6427171861522023, 3.4747047040791235, 0.4161182863870787, 1.8007410701006545, -0.39537325255460587, 3.8035949865605674, -1.9788694056329885, 1.8342659540264945, 0.8033211796100808, 0.4169171369427156, -2.123389126280089, 0.1147384535683229, 1.233888688390053, 3.1855830223992276, -2.551182048307929, 1.1776134344825055, 1.4051634054733293, 2.4739442389220696, -1.506696345435518, -2.7328949731776584, 1.1313803402963434, -0.16045929404618337, -3.032331144495741, -0.23977432041198, 0.5337988324123089, 0.5272439315019272, -0.13058024993344386, -0.13009683293253094, -1.8306095492263106, -3.653546952501677, -4.168017986422215, 2.406576546573839, -0.3969034922820448, -1.7258625990162026, -3.424637731424513, -3.0224327987805797, 2.9444098886416374, 1.9405581206198717, -1.4019467084551571, -1.8892158121856975, 1.6970168088013382, 2.290891632033713, -0.07190009340905548, -1.9110235923133372, -3.5115674520945115, 1.5127814952710512, -2.8751016113603853, -2.138364579847326, 1.6548288689980322, -2.579542913745805, -0.2456848603744941, -3.7035638556078254, -0.6402915648195324]",0.96
17,"[4.134139711377136, 3.6498814026647284, 1.1858060712549805, -1.82572210444616, 3.432130223905528, 0.08747546499181769, -2.3646800457318062, -0.8606748726807232, -2.8011339968336166, 2.117621925597755, 3.1391299906061367, -1.3063943145348464, -0.7155065499490938, 0.052530544665572165, 3.8062753032368772, 2.439066427553405, 3.852584886836701, -0.573047909561084, 2.767051734419844, -0.5172808366974374, 3.042208105376517, -3.2393696803748337, 2.32550460521169, -0.6458586531417643, -0.82510111164829, -2.845839368408818, 1.3137564790360452, -1.5623399675201606, 1.3982227160608363, -2.1682818746282715, -3.2547025134520746, 0.983532760727994, 0.732198502468585, -0.21238918840343235, -2.2080424249919286, -1.7362104491783754, 2.2860241609598146, 1.0384263515690009, -2.334715804736562, -2.396819269667903, -0.53542594439581, -2.1116753608725123, 2.0371399135759964, 2.157029626540837, -0.7021184964455307, -3.450094426522758, -3.536983416180569, 1.9904322243658643, 1.50535772896336, -3.697167740331311, -2.088306448409258, 2.8610311632596273, 2.9535871762453647, -0.7964258889623826, -2.719734023327852, -1.8069790782490045, 2.234386054260627, -3.3751557545031794, -1.6398214000819034, -0.7265867926664153, -3.3793530148805573, 3.798706601005297, -2.431702155707629, -2.6215742615727486]",0.96
17,"[4.102968964615958, 0.5505652350039375, -0.42143930385448625, 0.9538839782875871, 2.951346207594937, 0.12305623582542968, -2.346434645181902, -3.850934247888044, -2.611005194064531, 0.13583707504604625, 3.98133231495812, -0.25191323700933377, 2.702538114312606, -2.946383117021119, 1.6184582446036555, 1.4339025979489752, 3.9605723150207752, -3.6571574392085933, 2.395997596002239, -2.9745092954103365, 3.2311430386131557, -2.6546316488931314, 2.2747532157539405, 2.08472547393177, 0.30179580378287363, -3.4812919832080995, 1.3989430527544795, -0.5759104932362229, 1.9772635069778246, -1.209608052546825, -2.8814841888964167, -0.4387628435476403, -1.55159334662134, -2.995747646066326, 0.4268016381962889, -3.0649866953779323, 1.982945792125916, 1.69135180791402, -1.833809819130525, -2.279578077594143, -2.227857815321493, -3.6205960423787746, 4.1512405967661685, -0.09660960197481316, -1.0431171069115184, -1.4041455078569178, -2.970062285792971, 1.7746922653764918, 0.882014713326539, -1.7348469184566815, -1.2864895423422604, 2.995556066452255, 4.14470643367172, 0.9215725945401352, -2.0943077078469696, -3.7365177329208867, 3.146493033343884, -1.810295209478261, -2.7406036245871155, -0.03788492592304832, -3.780277656169284, 0.5402332965011589, -0.9730854699056654, -2.3430224739266405]",0.96
17,"[2.5134369483275445, 1.6212449091369607, 0.8333861654070644, -0.21928721667877382, 1.1483363481555167, -0.7979310590580914, -2.8210274021282267, -0.6797039767237725, -0.5724275264640131, 1.2983396731608252, 3.725698255460515, -0.3835929078852012, -0.4817440358118259, -1.7449753189373145, -0.7154651341773361, 0.5066607703960081, 4.021821467364849, -2.093675415637095, 1.783608837518168, -0.8152436280062331, 0.5206901153663122, -1.5012257786894616, -1.7483978567894263, 1.130220290375799, 0.28738751890659575, -3.6472624408561107, 1.4775435312905498, -0.2989458777721845, -0.3236220401044809, -1.8479431616700577, -1.5724057573242836, 2.9633442389093125, -0.7789268248428955, -2.5515610800262776, -0.9887966949929692, 0.03240036234147681, 1.0590699031899786, 1.6196285666731014, 1.2797712154118028, -0.4548959361980909, -4.184323647943442, -2.9825501384819164, 0.5249572964508284, -0.8422891823836155, -2.2873930800659883, -4.576912986067421, -1.5030576534001598, 1.6695081783857117, 2.6255326516922026, -2.3014664476280706, -2.408452095948687, 1.5732875561845991, 2.912908787671885, -1.8089021083971222, -2.0178008404102776, -3.8270528591114408, -0.3637466134456073, -0.6226821067322985, -3.469467825017627, 0.343107287911877, -2.1780089330762227, 3.7275460483213503, -1.2908011402404367, -2.5660531667243194]",0.96
17,"[1.5900918161918434, -1.769760149328376, 1.8344641408567552, 1.4735914217881927, -0.3543832451652289, -0.813936436674312, -3.827086062995337, -3.7612278791633234, -2.16421772636829, 1.5194987746801443, 3.3334883533249307, -0.17002522999559422, 2.517414544935704, -1.8906858381921356, 0.8178891024567536, 2.118514064532041, 3.9524609607900487, -1.3515453542466893, 2.54136040331414, -1.8602914195156943, 1.4823172346632258, -2.859840720185278, 0.6804426113512451, 0.622413929534171, 2.5983637844595897, -3.657409640910042, 1.2968939997177777, -1.1295364302634585, 1.6038404033276397, -3.2065532311228253, -1.8430069315055613, 2.0790649695093415, -0.6058114086067736, -1.472084060040204, -2.6555275052989638, -2.471512880700443, -0.5540015384509016, 2.568660234137494, -1.05345072501317, -2.0971186462405313, -4.2533590481886785, -3.678381646155607, 0.5528782145687108, 0.40565705191860135, -2.4081675592974703, -1.992895971583835, -2.5713574875719836, 2.4667212868134225, 1.5290051846259494, -0.020172135928155477, -1.0486000824025952, 2.590877757641551, 1.7236157101732523, -0.6092420683549433, -2.538273829292226, -3.409291780447912, 0.528000806385527, -3.1393287917588517, -3.429440252532354, 1.37670087562282, -3.9144644737562206, 1.0763937410938917, -1.8695317635325235, -2.7381076486804887]",0.96
17,"[3.497088211786632, 1.7835012913990065, 1.755285823437617, -0.06068726119991774, -0.24166030028246488, -1.2464086118946966, -2.532700408571273, -3.825407139086392, -3.8177913891082094, 2.4572516474994783, 2.345253050813314, -0.3011151463275591, 1.3346808752672814, -1.3976867596784746, 2.577643681261799, 1.5687116842197528, 3.9893383868458914, -1.9029449798763514, 1.6126037370936972, -0.18441269969455387, 2.720155343859478, -3.0922948810228212, 1.8741257825785373, -1.624911049902647, -0.17183877714395224, -3.8743105981277557, 1.4580974948941172, 2.7891227434910357, 1.0236867960735028, -0.46941409959892644, -4.153509656982038, 0.14378236598383243, -1.436618490322978, -2.5389859190632396, -0.7109486891378947, -1.0462969471869723, 0.03284325675749189, 1.8640435930361974, -2.0888223095506557, 0.1291664141964246, -3.825088982443531, -3.6293159504128614, 0.09850710973651422, -0.3406143893382234, -1.9119675070029618, -4.599317264006562, -3.896855420011282, 3.3763048470241266, 0.049919274265710856, -2.523205740009478, -2.0341613779715972, 3.1409985022439306, 3.9473953351008384, 0.8122762968164382, -1.5449965025724688, -3.2164321307362935, -0.9290073475800216, 0.22784987632692633, -2.7030229519320605, 0.4349997116484802, -1.1116944051560713, 2.58493695575408, 0.9279484354069087, -2.744851595260249]",0.96
17,"[4.134494204764139, 1.0144126954361679, 0.2845489013863869, -0.14162404055409444, 2.3498507692108737, -0.5771843875116844, -2.9515619953571646, -5.02020547770234, -3.487398301668316, 1.6307989155088851, 2.6259692867603066, -1.1150976653678666, 2.0679868433615667, -1.3123012379115193, 3.8091965054627006, 1.0236891539386985, 3.4867927351719903, -1.2855208650463676, 1.405840464397711, 1.4492293379921783, 3.126729568392121, -2.1783057854264927, -0.6153517235933222, 1.339213709134864, 2.834642533617407, -3.772195335229892, 1.4712803402446846, -0.8820325311360856, -0.9233970673160832, -2.0170363527013233, -1.7076239278102323, -0.9024353084135448, -2.672692500733564, -1.084890011857558, -1.6552499023053642, -1.7626871769246668, 2.4124904082065264, 1.9707036779543228, -0.5612455732902237, -0.2874536270306258, -2.7065806220107613, -4.152350449933663, 1.1299338860789696, 0.519022344750758, -0.830180428188229, -2.7270780988633248, -2.475802460839285, -0.037694597078001824, 1.4042033269206144, -1.0323852047379032, -2.5401491861302796, 2.9643825017246788, 4.034629508873347, -1.0899220604275135, -1.88472083278758, -3.4253011333988, -0.34499046994366434, -1.396293948171914, -2.6011382493016972, -3.5624394156104393, -2.7129407335362954, 3.200817180525737, 0.5506921957801179, -2.0414159524296065]",0.96
17,"[0.7347218483981404, -1.9699183257187265, -1.5320367174035807, -1.6279078428681841, 1.150171417977971, -0.6274909933429912, -2.054685184892035, -3.1536818916041836, -2.593090358712981, 1.4689452040941582, 1.3178821138897208, -0.21494367697662897, 0.9399588746392372, -1.8981989346121482, 2.5746804743486242, 0.2735260431875225, 3.993448643919977, -2.29292772667393, 3.372942319635511, 0.8849939026646989, 2.632998973169472, -2.935066100394917, 2.1226386813299047, 3.548566605892677, -0.832101468696661, -1.2360478916953965, 1.4799111056307896, -1.7082600257243206, -0.9858864528071782, 0.5527780838027709, -3.288586623052785, 3.4153204127318784, -1.4481440288215552, -1.4133759510461967, -2.165389174640478, -3.4510320505875267, 1.4843717832470238, 2.539321558576872, -1.9760998915387264, -1.4382056504297178, -1.6499237066107724, -3.2113957764366345, 2.8672500606447078, -0.6562536629312042, -2.1619351750726525, -2.2593968849183286, -3.833389525183031, 1.0312312733962967, 1.6359330636684615, -3.561595069376557, 1.9537575213132887, -0.047064257646472374, 3.9115793236312477, 1.499864969984798, -1.0023450559119604, -2.110440021308662, 3.3203082674217375, -2.428783420140079, -2.4886181496568156, -1.5838050990677772, -2.0747031801832234, 1.7196925079205752, -0.8294671598003103, -2.239458889620134]",0.96
17,"[4.048168309952129, 1.2962300678888536, 1.7100577737750853, -0.6047469435708454, 2.393302946385033, -1.747650384476128, -2.3156405778061764, -3.983537267935077, -0.34276622980507954, 2.3058991134445996, 3.507232758979227, -2.188106895825056, 3.259038322420348, -1.5759146481795927, 2.9719978883718965, -0.8620943865701697, 3.9945181772289726, -1.9452897754336282, 2.1304271257892955, -2.4324040056860676, 2.8830731991148246, -3.022148872626203, 3.0864780024499074, -0.29336977495414884, 3.641141405729939, -3.9314412951764792, 1.3064351357034494, -2.077654852808372, 1.3414785679541912, -0.8878259188221898, -3.743928385391124, 1.570925414686768, 1.4908125479148167, -1.4547033179229092, -2.160802538692955, -2.5260300507605296, 1.7241575385434347, 2.3540834820479497, -2.118431658936057, -0.5559927421619557, -4.238799182403119, -1.48895317262091, 1.802485047097085, 0.5650873954885468, -2.879643358662974, -2.3438580264388422, -3.3730242302509392, 1.8018915059125358, 1.7982472379120584, -2.113080543595056, -1.0622517070190056, 1.4240757653425382, 2.9326281174952937, 1.5004369744432793, -2.7384282504401436, -1.726600241803803, 1.660279542204616, -1.1458601310507166, -2.7237366357302557, -0.09059875797708378, -3.9391564332915037, 2.2230080767614937, -0.47892636262640886, -2.1474054830664233]",0.96
17,"[3.3881187138493, -0.5602611364109977, 0.05266118404120146, 0.5887852560956807, 2.0606117101722488, 0.7430937991130098, -1.2965963674658263, -1.6015355583890771, -3.2052229299144592, 2.395338638602442, 2.786287164716552, -3.338456717752972, 2.151696529589488, -1.6263220997202636, 3.118358252399852, -0.05652843780094641, 3.9773155601799037, -1.746135998163897, 3.0978672538572862, -2.6222093509599578, 2.9906741677559063, -1.2690201369345928, -0.6986144177630343, 0.5215952131195929, 2.2193814877698927, -3.3368266668855604, 1.444602541737545, -1.558542408995973, 2.049589603187362, 0.3137895786824072, -3.378826476671592, 0.7201458026348455, -0.9255989110403888, -2.8403443386169815, -2.8807874428006763, -1.5201669608723614, 0.932756055616689, 2.2048727535831345, -2.8896460219853686, -1.9449135550869843, -2.57460876491697, -3.4850910136167164, 3.3657525611471515, 2.2134849889278905, -2.7083862828786787, -3.7420372622291107, -2.6285973485046172, 1.50253800416801, 1.6928714038925032, -1.1633544652728691, -0.35317917688716793, -0.40322770837368616, 3.2558985246263057, 0.45932291615841725, -1.424035421102581, -3.260592736793554, 0.45117008897256594, -1.2255985801616482, -2.310355106622416, -0.7248865411653114, -3.600226845772389, 3.5686935762140726, -3.127866222230871, -1.8677828978683184]",0.96
17,"[2.344135327980898, 0.4484422319607826, 0.415123134848142, 0.8322371039389057, 0.6772802827709681, -2.2670465679677765, -2.3294392928886136, -1.2674797540688378, -3.55974633178713, 1.8204003662716892, 3.545224932559545, -3.009543680184953, 2.848761523452808, -0.9006323416125042, 2.1240720320842805, -0.25736261793382653, 4.034346523406897, -1.0266001356339536, 1.6020755629541505, -0.09228925604006744, 1.3669641619007677, -1.070758543182742, 0.6906197632691241, 0.5289008341428653, -0.568609361073134, -3.9555137118594326, 1.229118295682035, -1.7606079418670095, 1.938113565701858, -1.031860432590962, 0.06869347418929506, 1.1814709378930903, -3.1151716929650064, -0.5195723210029377, -3.154428692726161, -1.4104667802397481, 1.6297702009679131, 1.1625986353921072, 0.04031137902587867, -2.8802789586691406, -2.5990168474750948, -4.002224944797021, 2.567396419029997, 1.4926012950129164, 0.2924585565357112, -2.8839028296328437, -3.202251224789056, 1.8986981319412513, 2.456758520366252, -2.6336709560311027, -1.559987849482139, 1.336976936652997, 3.0401857867334705, -0.782184094485345, -1.9500378530488662, -3.9929611388396, 2.1457209367253474, -2.0396355121695624, -1.3615059330123729, 2.014777638441088, -2.794262889688097, 1.7395799434614525, -0.3127791033701959, -2.3446584387578695]",0.96
17,"[2.3808557421757675, -0.23216370462318697, -0.5305846928722212, 2.0810971460671865, 1.264586825439576, -0.19000176201468066, -2.707034461195047, -3.672209108863973, -3.735833338467896, 0.2803894409234333, 4.003938762360703, 0.5864160764950879, 1.039830274684902, -1.0294365445069533, 3.147211970050371, 0.8367574161776072, 4.018327115549503, -2.2270887412259373, -0.035165959223985244, -1.0156182759675778, 2.265766073485935, -3.0106396858951885, 2.691344456542297, 1.5159269147382153, 3.1916896100214744, -3.741523200650233, 1.4762414130459296, -2.7373599172687433, 0.6050571017299666, -0.860706141470706, -0.5647173798897396, 0.400087660169826, -0.8995618307193234, 0.13854795367605233, -1.4336317059191461, -1.5997792718817063, 0.8953312074072335, 2.9219042683822933, -2.3979268627719987, -2.363511585227653, -1.3589587855250096, -2.4187946261847255, 2.1811012186165404, 0.4597302063493761, -3.300576259042102, -2.8795507815526724, -3.125737690177827, 2.6101889156019786, 2.6153930052535426, -0.9742880170211969, -0.3919858414697558, 2.2951881909571097, 0.4328297851563896, 0.429343510942769, -2.6968657524282524, -3.885697993084895, 0.556148594941371, -1.4562643032500833, -3.2915682917574016, -1.4450184685742398, -3.2628351220220626, 3.8321285879966505, 1.2635335403830417, -1.0438373135585532]",0.96
17,"[1.0985043732776445, -0.3699081799740987, 2.4779887555526963, 0.1700051905159653, 0.3279844442229687, -0.7585294907725162, -2.63225152273165, -2.881186411043919, -3.8082369690237643, 2.4568309783180613, 3.717887332545388, 0.4313848173207939, 3.469463374718172, -0.08089413693769987, 1.5421203240700116, -1.1514279666873273, 4.037121304006307, 2.07048277888709, 1.304509674067524, -0.5631703916574253, 3.034239044467683, -2.9448486493346557, 0.14226257655511756, 2.1795653664023655, 3.188594948429582, -3.9053544897912897, 1.4855910973103417, -2.7486044053744183, 1.008180762966599, -2.0769915529647616, -2.549300020396346, -0.4378793117499289, -3.410114735926132, -2.9958847264720547, 1.2004520968148888, -3.470932548170379, -0.3158613022284007, 2.9447988306822745, -2.9280482579435634, -0.5613337705758831, -3.715098611179044, -3.1949436368260993, 3.4402150522286243, 2.2908396271560765, -0.06215464380148128, -4.338429914598195, -3.8304286519090622, 2.8859777969511535, 2.2685407691309325, -0.7302070386388697, -2.754658823301786, 0.020152558385023056, 3.6255214272350793, -1.0546193544531748, -1.8578749264899992, -3.2180264355217005, 2.298690464768247, -1.8870994249755284, -2.4184724855617947, 0.6393461920824403, -2.4562501008099, 1.4228491628524307, -1.0372804470949644, -1.84977594123546]",0.96
17,"[-1.7087856560668382, 0.0011046196233974737, 2.404486707340305, -0.700101860905898, 0.5492611765741674, -2.637287964701877, -2.6162549747328896, -2.3305838827632646, -1.7750460156489394, 2.1055667585525204, 2.2464153776466746, -1.8262074056873618, 3.4710073114896405, -3.3873378920933908, 1.6864461623951994, -0.2835077975124284, 3.8971485161023347, 2.7125026608479805, 3.6563112861444647, -1.2567404079670292, 1.2064322464562596, -2.0058395190054727, 0.2753320241969483, 3.3867644010150677, -0.6080614251535302, -2.9498636163420073, 1.4024156737225721, -2.6886899597816396, -0.8458894434658435, -2.7993860889552953, -3.9380994901507127, 1.105298504950015, 1.141799669049216, -2.375258442375679, -1.866784817722023, -2.742338400491958, 2.9012630328263143, 2.158614063305516, -2.9675084685659816, -3.3829311588897752, 2.46780547814272, -3.7463347832360614, -0.9703983685101779, 2.1566768224688984, -2.771594461929037, -2.4375237146703133, -3.894313590413682, 2.074085100666114, 0.5804599298929478, -1.1961664338164943, -1.6984722882092282, 2.022950057662344, 2.4648279862675566, 0.18722137944476436, -1.206095197767752, -2.0254760807522345, -1.9778849767686792, -2.660094201857685, -0.6825660044439412, 0.2700332567488296, -2.1739807019292137, 1.241591349336856, 0.3575002168874004, 0.7478884334422555]",0.96
17,"[1.5301038080418492, -0.9785193252221466, 1.886423865858616, -1.447855776512187, 0.11361415329253816, -1.5043792940469753, -1.8470640854494942, -2.786929850595378, -2.7100567121134675, 1.9829928341173721, 0.9106328722609822, -0.8881208366047684, 3.431911400256031, 0.4593556153535947, 1.818862807699111, -0.06711718987078497, 4.031382301873732, -1.9482404579439399, 1.4909427323777114, -0.29650120244088674, 0.7479878951323613, -0.090884725771321, -0.27977605692617247, 3.1615663989563263, 2.514016879068107, -1.000324980159959, 1.442288716466361, -2.215172766620573, -1.83013827596892, -3.516203782213376, -2.431797039386849, 0.022161789927808317, -1.3043280602100045, -1.615233034897228, 0.78105612264438, -2.6145321915791904, 1.083961535475582, 2.2931088071666914, -2.756612183502027, -2.1711968826008103, 1.3470678093053452, -3.1163358705535025, -2.383187560919918, 2.4128442985512075, -3.295751801265556, -2.6848376467613067, -3.423945522063555, 1.4010524738094357, 0.8627890352462224, -3.039462151421635, -2.1664031887698845, -0.9749728752943032, 3.677606123763377, -0.2243378998562332, -2.1976367757505644, -1.560432677560303, -0.4425639749932315, -3.542782439822293, -0.6148087896247207, -0.07652300353870434, -2.523282777313521, 0.17707513690473287, -1.3492725104220187, 2.6280194666133734]",0.96
17,"[2.07716427077502, -1.4549182913812497, 1.357663238778843, -1.626257912207239, -1.1061570695917948, -2.760870584561231, -2.903883527372405, -2.290869178053405, -2.5628359455636565, 1.331996784518378, 4.0075415249081745, -1.5216111383076083, 2.444357237792019, -1.0189549886049991, -2.8964341497174177, -0.021940213128289532, 3.956592080814675, 2.391653203547425, 1.2924123431814811, 1.9043003823235787, 3.3432172196005197, -1.8328578361888646, 2.2863452766439716, 3.482414012653385, -1.420944383092798, -2.21504827341279, 1.4869741781461072, -1.795538125699007, 1.7001236114889393, -2.2717941178750083, -3.1722660924461143, 0.9069834528933185, -1.980981267945429, -2.326126427694528, -0.28807685420043616, -3.747343606200526, -0.06623328148961122, 1.1090532131428084, -1.2453496769536452, -2.9865436858904757, 1.6593914590741896, -4.000130700933407, -0.5648465148512021, 0.3920934708504067, -2.9173157358905715, -2.0220048975289124, -1.995465250988337, -0.2696207350129235, 0.05685853812206032, -1.4499077839849392, -0.17660820434476943, 1.35741829387139, 2.3410397275103807, 0.6961139208968409, -2.3918612205622383, -2.016619769878529, -0.2540464902182712, -2.2327514619859996, -1.3071650240594161, 0.7105135369886362, -2.4846088212864803, -0.04068449972078514, -2.128016561966913, 0.3051225075698638]",0.96
17,"[2.888497928973515, -1.6835093690222598, 0.18539977838170973, -1.9887144101141363, -3.2634631778345855, -1.489372095992179, -1.1691461224958817, -1.4476329258341005, -3.3973919525170793, 1.9692471848833115, 3.2708422973870834, 0.00893733300702082, 1.8124651533728804, 0.3688390060331528, -0.27622793219678, 1.0995389399096438, 4.035455125171811, 1.3447168330339265, 3.130348025078924, 1.3381168622308888, 2.2317405717156813, -1.1605126090127635, -0.12239805588910072, 3.465928513757046, 1.650826061843057, 0.16567319584083218, 1.4541346054862203, 0.0037751267838375124, -0.8394724499801881, -3.858707411088568, -2.7361228766748438, -1.48648207230083, -0.9109911927748416, -0.35311470301126047, -3.0511062191947698, 0.05241518861226435, 0.38008444906260386, 1.7296034074896993, -2.823387059176116, -3.4113661803079727, -1.9335425134928217, -2.9594649031510847, -2.37955194485798, 1.806115450493968, -1.734041208464673, -1.166961706442009, -3.9175357702130955, -0.24485934682151672, 2.6048860958530313, -1.1927326065247006, 0.7958222036474807, 1.144446433601993, 3.956517596865693, 4.4234681402562686, -2.016301666653108, -2.381686206690569, -1.303863189175858, -3.0870727419777615, -2.170689992143467, -0.7710875801404248, -3.699852352821326, 2.075235791387051, -3.122584980326099, 0.4562010757930753]",0.96
17,"[1.6776552273983971, -1.2773716430867603, 0.48931668910568626, -2.133429070522941, -1.2726992680029108, -2.568505357071128, -1.2496113500541768, -1.4024419741550676, -3.5568131418900903, 0.5219169680321096, 3.98443397569555, -0.3705625959439093, 1.9442077967022764, -3.0929299709314373, 0.23222879039899358, -0.06041582504495613, 4.021738498102902, 2.3749140552914376, 3.603226506931894, 0.8529771443280637, -0.9830054192957618, -2.218230391483547, -0.660527614055239, 2.7757781145588876, 0.21657759859904843, -1.1755700480384017, 1.4204134802401818, -0.28387794137817823, 0.24450053274684944, -1.7909319795361403, -3.8985361844507294, 2.6721320195555953, -0.02781940978615638, -2.123120105064388, -2.0348412848084743, -2.714558392240432, 0.28049747065493, 2.674860742516738, -1.3869866683470438, -3.0316887576294027, -0.9172641612245924, -3.1352824472148186, 2.73842897047517, -1.071502555744035, -3.3374494816001152, -4.57176858424158, -3.921702103705993, 1.0709572733279713, 1.6656398126157304, -0.27584939116342744, 1.702953603562355, 2.401450835462331, 2.0547299599698903, 0.1648673548336777, -2.715187565439006, -2.494135245557074, -1.8589341990973915, -2.7557275508213066, -0.16760691504066383, 0.2079977212644673, -3.1682013719790545, 2.2028068911302254, -2.934283029261115, 0.0822140112341484]",0.96
17,"[2.1580191093434262, -1.6706230839915983, 0.888046898731026, 0.02301867793215351, 0.4334971880694882, -1.6600494325656778, -1.2713022275798824, 0.36698764685075624, -0.8556165032275991, 1.7505605013384269, 3.744589257680697, -0.15271549136214058, 3.3209234959682106, -2.628552061797926, -2.731952275495548, -1.5285203821034985, 3.9479212052467854, 1.4800351224751653, 2.69973403936638, -0.10389689441045186, 1.8660338967499421, 0.5555189037638273, 0.02228198969825134, 3.545904641833294, 0.9629892635982704, -1.7009970101293344, 1.448008792352049, -1.693378891336267, -0.6454351677385723, -3.6110693441580293, -3.2840627157934987, 0.10103992461243379, 0.14852699208471765, -0.10288689972188347, 0.5852832179216427, -3.4671707312267435, 0.608455875282702, 1.243162480800513, -2.30843057554358, -2.1693601393402355, -0.31631042752754107, -4.068202109949621, 0.3848749410546184, 2.096535312443703, -2.1924640326276417, -3.1754166489989517, -3.7895066179141392, 0.5133138149943297, 0.26953783738050596, -1.1923683949596369, -2.1399463094632805, 1.0868716858416727, 4.118476796700555, -0.4995004933426762, -2.74312449649899, -2.8027858173564253, -2.350741341565274, -3.9195196193456976, 0.8281058919817628, -0.3919267860985892, -2.9522467057272594, 2.3095348558654996, -3.6436713061177937, -0.49764070368391744]",0.96
17,"[1.861172013625718, -0.9186493474552284, -0.10475432163183582, -1.609910709322452, 1.698560432728447, -3.032550505378475, 0.741834943678791, -1.000144618326964, -1.9845607893686574, 1.324614191974905, 3.2885228862540212, -1.6790527902798376, 2.4153646468530123, 0.5596698688978954, -0.09843550263454351, 0.7485618571816585, 3.891461170854357, 0.14760553223830142, 2.2195984637498714, 0.940351429968924, 0.692110817125885, -1.548299152157748, 0.8368933745279858, 2.3571110863450224, 0.4977284421656214, -1.8519556561392028, 1.4274487589308782, 0.4857272099415486, 0.51486167180612, -3.835701715163909, -3.765026934793525, -0.5511170636776221, 0.2947162491964621, -2.519258802931684, -1.1617940594618406, -1.7929263030404405, 1.0884480463535855, 0.18176621787846337, -2.9136859770947185, -3.46776195899947, 1.4033882408516682, -3.6254532374200403, 1.223173684419606, 2.060077346123504, 0.23495757733350442, -3.829490398298552, -3.842937764959897, 2.045584926022139, 2.2150069087361963, -1.5810552655272256, 0.9558816328762212, 1.7745591811604413, 3.744084524799277, 0.08450527189461177, -0.7630303022850691, -3.7496272811965317, -2.541823275904905, -1.8690966479444255, -2.5054772692854894, -1.9775727831806327, -3.754728303026668, 1.44145519427325, -3.1212167765285495, -2.363772478011035]",0.96
17,"[3.3822418616421634, 0.7390816501315773, -0.3225161656107614, 0.7258643917104541, -2.412033510040575, -2.187638982706493, -0.0313034228598954, -2.622745424066781, -3.8609252088843644, -0.013026745008669849, 3.4289427591947352, 1.8944758415811414, 1.3266665652005964, -2.4858849892187536, -1.2442258716870556, -0.507982172060333, 4.030954020915943, 0.44442600963631684, 2.697324953790471, 0.8152694985986322, 2.0966878876063486, -2.5998404079247632, -0.05759771864458832, 3.3567444376564346, 1.4440362519909782, -0.5694527044852427, 1.4760987860558694, -1.2108401335725052, -2.6635253544913904, -3.136031824474642, -3.4608936589266617, -1.086185451201041, -0.7751075186947965, -2.4367701538414286, -1.6583230889366334, -3.873169327647023, -1.914885180277824, 0.6324981500194409, -2.5316777426518797, -3.474366082133497, 2.301074859047274, -3.801216008608569, 0.38823399422863775, 0.815503654934624, -0.010507931669981652, -4.507874312220543, -2.2549684050602563, 0.7672571765800434, 2.5012236597964086, -0.11869736868525749, -1.2387275199614, 1.1573562401258153, 3.91436704526584, 0.2910890909883801, 0.11834320466197168, -3.7771493902421294, -2.170148479238658, -2.8198306836120604, -1.8524838213111923, -0.10013660767356564, -1.7239401925381483, 3.06020534301712, -2.1073492780868914, -1.7387710201824849]",0.96
17,"[3.9059338016225653, -0.5806618398450003, -0.26223122132024373, -0.8320179578550662, -0.2175270036318982, -0.5963879753350901, -2.8477274272836772, -2.9431123485106916, -3.6495160078019167, 1.1394049066158902, 3.0737520414257884, -0.9669411699329085, 3.4686883340019503, -2.9133701591683314, 1.9945525388704115, 0.4290847913315621, 3.9217370696337537, 0.0242342785667361, 3.691294090627883, -0.3875066590855285, 1.1757184029068115, -3.2881412417694276, -0.6228559810550457, 3.4267061899089546, -2.5626868702843955, -3.446036154426059, 1.4890753580651344, -0.7949846738100179, -0.5483864160759113, -2.076138577912664, -2.2526615983006444, 0.5572366091830407, -0.7465071113858526, -1.7787110241691115, 0.2805138272457124, -3.506336461179128, -0.6347872408198008, 1.824638420224472, -2.9279952129993565, -1.7694672001713014, -0.7437410961358768, -1.75582623610262, 0.6908901395998542, 3.026436411911181, -1.6796922948057833, -3.718915926390836, -3.921798392794511, -0.6121205758612235, 2.474756767175796, -0.35885775050054036, -0.8704160440834112, 2.369810959625064, 2.4637993806230947, -0.5274625081511013, -2.716145940844818, -2.302888395905059, -1.0220961298790225, -3.9603498448933676, -1.5554837165638484, -0.4618356580608087, -3.5928574294771316, -0.3745648399258259, -0.5855977389431066, 0.07400591004025855]",0.96
17,"[-1.2736503418468943, -1.2322383076768983, -0.5819941627362326, -0.8404211325593044, -1.0518978339604774, 3.436533943011278, -3.712510962480574, -2.562430831708732, -2.9218371911716354, 1.7966619805095743, 2.881262587797371, 0.0646099283529531, 1.1235861816528612, -1.466517156987647, -2.2944264103277496, 0.3786124108453342, 4.037711633572281, 1.2447244998973228, 1.700388425562828, 1.3436330765404285, 0.08447328890946837, -2.4188685457164265, 0.7882839988220488, 2.4100941359117627, 0.838003447666828, -3.0441724114698485, 1.4801836439471006, 1.8983926332781658, -3.388596778525175, -1.1478366801732576, -4.144132617193558, 0.8237693371735507, -1.2941703072875537, -3.033795746974254, -3.119526909224707, -2.7078859436001075, 0.6385182202178314, 0.15650051486911654, -2.036795532303806, -3.388101580082716, -0.6557963846403884, -1.791796871571934, 2.8846707893320938, 3.524953876970684, -2.111137045846744, 0.2993430034298252, -3.047428723526232, 0.2860863665912438, 0.5726797779375152, 1.2616232094825628, -0.055126551615798935, 1.499890719599814, 3.4724443805721803, 0.5269620400832487, 0.7161194085964866, -2.3801790438553914, -2.0037043289801946, -2.4562164808209777, -0.6592854383855538, 1.162924893916059, -3.2362122614578364, -0.13657912023771557, -2.924611123574204, -1.1486703537562715]",0.96
17,"[2.77197965903963, 1.6382696330889885, -0.9700569174063803, 0.4273834123915614, 1.9505484903801846, -0.49670800197337095, -2.5381265684754637, -0.51656855335853, -2.4355753936264577, 1.7180274095204315, 1.4991706413409625, -0.6126122798080978, 3.3159695858279497, -2.0552975780144256, 0.9596477155462644, -0.37630428232182145, 4.024174182336641, -1.555350931979779, 3.6929327444291378, 1.3616873983706728, 1.021686093875463, -1.315552458520733, 1.7430813304553132, 3.1780858395192393, 3.136200653800168, -1.1947967610997845, 1.4826325336570985, 0.8405080190218434, 0.2586511377750036, -1.3300243972107937, -4.067382579896094, 2.8612845850956763, -3.398165042538565, -3.040805251604545, -2.811773853064204, -3.5479807235029104, -1.5942020206048264, 0.7709655752480679, -2.9278043873828894, -3.4193639304051366, -0.5480693957281331, -4.131178569393166, 0.0663326332840719, 1.72033365664511, -3.0037559009249115, -2.9511097749172657, -3.900929489483716, 0.28172945729884974, 1.2758211293327932, -1.627580723226773, -2.7244743530001063, 2.5127771205878187, 3.9395743822640643, 2.5429572886495233, 0.31797676873391656, -3.0859188549401075, -2.1178545564288602, -3.729845679830973, -1.6782488060772238, 3.831483885597233, -2.065380108415429, 1.5777989861886867, 0.2774201236968432, 2.1031744869113025]",0.96
17,"[0.9982065639841158, -0.8704784064549871, 0.4799936689641017, -1.8093359502670083, -0.24103674361798044, 1.2249137165577595, -2.8966237139602637, -0.213578237493796, -3.8124679909666135, 1.7203974872566739, 3.266762941279984, -2.549147676213356, 3.4634296080216367, -0.9192791064994399, -1.6767488596530784, -0.2908627736871865, 3.9673069632057087, -0.3410670828758253, 2.9015197319305153, 0.9290833857716815, 3.1996111424509506, 1.5081650102316364, -0.3446222431469739, 2.9885601853010115, 1.2086168728960116, -3.933671033423146, 1.4588701536076194, -0.39898379060251776, -1.2257952524620814, -3.0461954883287308, -3.2213753266496616, -0.7371565809197286, -2.1521166865369494, -2.408610428992117, -0.6419305021987697, -3.0387169983505045, -2.7618836865007896, 1.7159420891244495, -0.3931146263888703, -2.27055571860598, 0.5776635635162178, -3.9190577858784414, -0.6537740986527848, 2.68135506758609, -1.6747912815078776, -2.5246101391658775, -0.7037589662601604, 1.356652726594799, 1.530033879406966, -2.740808098865756, -1.935126220866017, 3.2747868062137218, 3.6688995622826046, -1.35587500830462, -1.2775208578923196, -3.7486129716470864, 0.43476287028683935, -0.9239632471909607, -1.4882149796935207, -0.4978123073250558, -3.0276350273535613, 2.3462038908884995, -2.7269780870174642, 0.03202108038346293]",0.96
17,"[0.1470209862652907, -2.3303267215863994, -0.8245222598777467, -0.988947986762595, -1.9329782980040697, 0.6758498531423656, -3.7778825196392676, -1.5926754679329205, -2.2605170376595005, 1.7015561362812077, 3.922114223154602, -2.0674766163389044, 2.646676044867646, -1.3769445119007502, 0.8171255545630806, 1.0003847419186362, 3.964032693577431, 0.710572254549819, 2.176774048307312, 2.2146072294051997, 2.0881381200804103, -2.5848362564037095, 0.877084885560635, 1.9901839276410886, 2.192789451359528, -2.665275555640542, 1.488097692007469, -0.3266634473860456, -2.2791416760088468, -2.6721985988952097, -4.2584585666585975, -0.7155303447138526, -0.52107446662411, -0.644297138952759, -0.23629649569112288, -0.9593636345076493, 2.883627436534701, 2.078200394582113, -2.765872982170417, -1.9274378927182934, 1.7867314622973258, -1.8001990581669967, -0.9951338599548132, 2.8312858134608607, 0.7147111346732724, -1.8476997463478344, -3.7804203118419872, -0.8908570019759251, 1.7634231904228994, -1.1664430218215878, -1.8749661223266987, 2.7552741899452853, 4.11773116277533, 2.0061028113667425, -0.4266320537064045, -3.6870206038878273, -2.0705946887090088, -3.0804905931916022, 0.3830990823146212, 1.3431314716007519, -1.3927269509945348, 1.8525091607105706, -3.336406586992883, 0.7884557348039486]",0.96
17,"[2.8887291812553686, -0.7123412201870686, -2.046506933746601, -2.669016531735342, -0.45015921215211063, -2.1784213102943357, -3.799415447690164, -4.808392874107592, -3.7130827600179046, -0.4061455204295399, 2.838424968592421, 0.3489892504503944, 3.1240197600690625, -2.369925798787847, 2.231844452998492, 0.7353441038313717, 3.6955427755767696, 0.09484651207552497, 3.2540597843092405, 1.0431571856769917, -0.18238976361901282, -1.6495868993843952, 1.351144375792756, 3.466816279908182, -2.1163765824851737, -3.809345319851772, 1.4857383456120603, 0.18284340064934623, -2.140590469337145, -2.455686370869879, -3.403929807827818, 1.1965436489720322, 1.2685080897028553, -1.5759806987260012, -1.322120680046442, -3.6489299461239213, -0.507062461218655, -1.7029828110151028, -2.1735284044581444, -3.3969653557129584, 1.5245404146131087, -2.952747870016254, -1.1100474111328573, 1.2964188511784516, -0.06650011266282996, -1.5314569634885236, -3.9277196726498893, -0.12068862714316109, 2.2131292649939924, -0.9844783719198171, 2.4160866357565984, 2.66362854676599, 3.0348466124118105, -1.0893581094174771, -0.8324936125498078, -2.347189133233398, 2.1365553139552507, -3.9161345389831546, -1.6008236716475899, 1.417214249751606, -2.205946392133515, 1.471923058062406, -3.0782124373413446, 0.1250355057979789]",0.96
17,"[1.749883898090934, -0.9169578713995403, -2.755865042306964, -1.1737988894214348, -3.512109283044596, -3.015035577987389, -2.445646743347584, -3.5643668514440146, -2.9900642181612627, 0.7311655643254908, 3.3309386840754276, -3.3096337404299265, 0.7819408286813099, 0.911069369668662, -1.5167654315432253, 2.425631860509459, 3.827396477539257, 0.9425428970610653, 0.0570866196056361, -0.9919853828313977, 3.3582287089308744, -0.28589491959211144, 1.8836447113347585, 2.3606841388260102, 2.2150675926322494, -2.681449493338108, 1.4890093504217778, -1.6582770037883092, -1.2185636149620935, -3.0029120785577392, -4.136919508623595, -2.6763573709032484, -0.03294757669420967, -1.8196093397871183, -0.15474424177957635, -3.723081868523387, 1.070918777848238, 0.3483986884244834, -1.6848499334809632, -2.6588857214787467, -0.23474684524629247, -4.027904406890137, 0.3924621741393106, 3.454830021673247, -2.053064367095908, -2.798272677300674, -3.8650780573873016, 1.0252582226682285, 1.5882118490120656, -1.6360329957809134, -1.2161036782049897, 1.4387561009838574, 3.4327438801433052, 1.7388348800744524, 1.4757546485608068, -2.3280497498613553, 0.6756661259327923, -3.1557406821382723, -0.061294306489660055, 0.604188486718229, -3.9483884144577424, -0.8038758014896965, -3.854924794208237, 0.06495685684323058]",0.96
17,"[0.5884019786376768, -1.0527902947066932, -3.02506468362804, -1.8989344759070454, -0.9940707104610438, -2.10576618128413, -2.8446373020364, 2.411141697717738, -3.694923024798425, 1.185693129583631, 3.58189797085721, -0.0295131342683711, 3.341289885005112, -0.2204522777189175, -0.5415515344074029, 1.2368992335315543, 4.037692868648463, -0.10772030381604725, 2.982030786205802, 0.19879898168476612, 0.33805312243764285, -2.402864984552835, 0.9702328165730434, 1.2603927782602597, 1.0532692429997164, -3.939130682166237, 1.4731115595366726, 0.30804643955493194, -0.5988788302149557, -2.531141993045842, -4.243675721581203, -0.7920652873957049, -3.4167143750265634, -2.8574833337839594, -2.6254831810192156, -3.881669055658985, -2.5898072874383837, 0.4750448019027109, -0.8337707699270656, -1.8235650426948427, -0.5386782664293513, -4.128715259361904, 1.3016075155431706, 3.474741078977814, -2.0582632745037284, -1.758854044203063, -3.0973000608565613, 0.2949202143282565, 2.5646090059939093, -1.9964546138313248, -1.348973713020475, 1.2716251695244627, 1.64371362943357, 0.6309573393570751, -1.7461326344696486, -4.04277643892109, -1.2460325503835166, -2.4388583264444743, 0.008447198741204698, 0.5269305256574603, -2.983407479029273, 3.4040436010382757, -2.4337713009181092, -0.9914193626086588]",0.96
17,"[-0.1390457570712671, -0.5737521522227684, -1.4415170642819357, -1.4400878757474727, 0.011512810200394408, -0.2534611886332616, -1.759174138904938, -1.4705926329341061, -2.6179015361206748, 2.0381703387374257, 2.1767556264229158, -0.5728234545118635, 3.0596388348735584, -1.6365334647536904, -0.3504991981564895, 0.07829091429153934, 3.80421773710127, -0.9542901135505445, 1.8547415663822897, -0.17530479639073882, 3.1117527761096384, -2.13097869976245, 0.6131698536387816, 3.2165231120892632, 2.871638990528842, -2.694754310106866, 1.4788943136911317, 1.092376727835437, 0.6880295161097665, -3.6364985131201437, -3.6187649000634075, -1.2845575071695277, -2.095381739072317, -2.244389817574299, -1.7589387456470262, -3.790365893707167, 1.4050330820228614, 1.052978995603838, -2.3272301719067414, -2.906113204911131, -0.8925584079711186, -1.41434959658414, 0.07897381069653986, 3.289167563236196, -2.50192981889248, -0.23115390022796323, -3.3643847676455927, 1.4418944249554357, -0.372749785848526, -0.434562187370341, 1.3043757164268464, 1.6546247236686487, 3.5729931131843307, 1.2020735056375647, -1.566351158145162, -4.035696078926221, -2.219633719678403, -2.1566146919774605, -2.6642478923785866, 3.4099623032076223, -3.5036065717775653, 0.5360861217656645, -3.502144971781237, -1.4658912128505577]",0.96
17,"[1.424834211712042, -1.8583363006877018, -0.973875932152793, -2.7990623054927326, -1.5183511574879038, 0.9756856407244663, -3.2864453889988154, -2.3878998493598553, -3.8418983289218738, 2.1805454074158384, 3.535447383686872, -0.6867179105144968, 3.4290865208716053, -1.1548568516039073, 0.145262466289939, 2.365541729858403, 4.033505961823402, 0.4557641108133798, 3.594828578966031, 3.445369323342425, 0.26315875634896724, -3.253805438870107, -0.9395516248934038, 1.743834852089164, 0.002921752636592445, -2.8571873430533703, 1.476569264607675, -0.15399928132044544, -0.1550078772958977, -1.8881430359859106, -2.4860637053465666, 0.7899363875994151, -2.95154078125422, -2.152741522074588, -2.233587884887128, -3.810782488242431, 0.25316832253341637, 1.7601895597514545, -1.7456947049905231, -1.0594842673741258, -2.052413804653102, -3.09446293816721, -0.6334174559011683, 3.508064428121248, -0.5809664440713063, -2.0022368664232446, -3.501891627922041, 1.0430849296679494, 0.3642965550646533, 0.5124461849740003, -1.4231147940311786, 1.8064639146626513, 2.715084347900138, 2.4253102570779874, -2.6079636362357044, -1.5435642574376653, -1.2470500782573557, -3.6799057609995565, -0.9172402813613163, -1.4628743184826432, -2.166555870590842, 3.836973873445851, -3.980769235715677, 0.9854522377542378]",0.96
17,"[1.2669260265667985, -2.4432812011720455, -1.2658767342701598, -0.8304994720179635, -0.6082758298055129, -3.0565019405868825, -1.1166405095258485, -1.0730618430550387, -3.3759474755358285, 2.0129447554385362, 2.6990458529371524, 1.1313697091930708, 3.234389686057336, -0.9268810374100459, 0.4382674290872568, 2.433199358250082, 4.034485226343211, 1.5450103312106493, 2.5815862341810973, 2.0481496109553774, -1.0090976779128988, -3.2550932485762454, -1.86168159442881, 3.090721645399933, 2.746084362491925, -3.766449722414455, 1.4717930437847206, 0.5111160766588381, -1.5038131564810255, -3.837340106630707, -4.271031324492675, -1.3471183940207587, -0.00866056338079546, -1.3623407527379567, -2.753936561075319, -3.543258872164638, -0.6203107365920437, 1.1575820874703735, -2.352906025742434, -2.275749385289023, 1.0304504464466038, -3.816524269893204, -1.2519508186966521, 1.8097090363878248, -1.2905112175361322, -1.5933083921404858, -3.6150121657459087, -0.6756831042370421, -0.5900199300829714, 1.552542929825052, -1.5030766204127448, 3.1137265015895905, 2.027128361929023, 1.5422833482658567, -0.5732810193558806, -4.00176537585348, -0.5754739928218111, -3.9416994302501274, -2.4771820325046088, 0.26237539246520875, -2.4219004111495277, 0.6265091716755327, -1.6852973864323852, 3.1495104188265657]",0.96
17,"[-0.4075680468796119, 0.44564432966695167, 0.8838512316081854, -1.1088365506837103, -1.254977023304809, 2.5722774217192628, -2.072944083249503, -2.4641072999051654, -3.5164952349934144, 1.8849552557489044, 2.009116292178965, -0.6124791766551793, 1.5683534537890438, -1.1730675624263713, -0.456268499971619, 0.6015893337113085, 3.9319329185312246, 0.6944182508599123, 2.631324647168742, 1.6130626736148965, -0.42349221656644076, 1.3493540698738427, 1.7286353018499079, 2.453871612082845, 0.8410137255436513, -3.5443340191847525, 1.3110517863494322, 0.19306087358138513, 0.6293340779845441, -2.2518529337964326, -2.7572285050472027, 1.4911380517716288, 0.418355052239461, -2.8098396656993154, -0.7162410694107991, -3.8204533937710976, -1.0947331773921716, -0.7714853877444856, 1.346479772626651, -1.6292559053780442, 0.29294148681005044, -3.13458551881744, -0.3884316320102792, 1.3120197512855518, 1.2735934616952558, -4.516904623046683, -3.1252273212177575, -0.6415496799820612, 2.341443724734129, -1.3486920868030723, -1.5860146829365513, 2.037692684911678, 3.5258499433203214, 1.9368219703537917, -1.6394408865714514, -2.9364351046454673, 0.3999390595794634, -0.3562780470185727, -1.240088076354137, 0.46444457250724797, -0.49425378727476055, -0.39317407868692555, -3.9890670584739203, 1.3659505459424]",0.96
17,"[0.377931667416197, -0.8247319770065593, -2.7091037095581525, -2.5926292414910237, -1.007970622094615, -0.11043366166393231, -0.3365387810736111, -2.9108217942453702, -3.7677882472240865, 1.4181537538667883, 3.449085515131079, 0.7580582921222218, 1.4037985678650577, -2.606648525768703, -0.2969196320633633, 1.9291608924215313, 4.011123674393374, 1.7355096819981644, 1.6927417878869346, 1.8094208113788943, 3.099892771496054, -0.3331139425327996, 3.331809469257776, 2.7442239948407163, 1.697832419988028, -2.4169019754903838, 1.2993113809810888, -1.9147479872451028, 0.6525528310389473, -0.3554123471715127, -4.159042566143447, 0.4731465868799541, -0.1439377619008172, -0.07473472913947621, -1.7350383967757432, -3.8826507418816374, -0.2572456542739209, -0.08095110735335331, -1.4363612093707312, -3.340586285764172, -0.5333462868393186, -3.618979387260456, 2.489523335987042, 1.4715841490268264, 0.837586405841598, -2.674569993474114, -2.8651548052250293, 1.8261744804397693, -0.6924838815618197, -3.135918197708127, 0.4381536054235974, 1.567111573217519, 3.154136707031511, 1.4400140962706982, -1.0900370525686927, -3.790487391000347, 1.2894756247999504, -0.48523469135753095, -1.762748675946807, 1.6875573622755438, -2.920204849867206, 0.11777183924649282, -2.5800969410985766, 1.8371456080589585]",0.96
17,"[0.8696038181045928, -0.4798918954447515, -1.331785886769826, 0.329346677097734, 0.4788597258911962, -1.875993442644103, -2.6538246334667295, -1.1091261869526914, -2.777847356495535, 0.30177360949794174, 3.387058376076967, -1.6177861358197376, 2.408420806016588, 0.7242184235149625, 0.2296514580523358, 1.2547552444263266, 4.036022526799894, 2.6805239544005954, 2.5206031231708264, 3.0243431362019813, 2.363723912169803, -1.3415277073171383, 0.840456888202976, 3.4036554221595283, 0.5212681614543779, -1.9823490718944325, 1.444961944071014, 1.3358400019579122, 0.14961347796170377, -2.2581078176709903, -3.809207754130791, -1.5125961693604826, -1.095850733189927, -2.4403269438802315, -2.122865117931923, -2.988255195312343, -0.04754860571508355, -1.110136115997146, -1.6181831552752683, -2.9766279977190964, -0.8631079335442694, -4.165027858043854, 0.6934813045558378, 3.523279088097691, -1.092041571693625, -1.7184422343939856, -0.914957072890747, 0.8885263597282227, -0.18987606953339276, -1.0168595390686503, -0.12099133287530545, 2.885905473790756, 1.960694750837165, -1.3807366586800929, 0.41456404451439677, -1.7290408646611004, -0.8795848965930452, -3.8356413599325156, -2.227225376051432, 1.130024833561766, -2.6162099392603793, 1.9727503971440505, -0.5369691127280629, -0.5869782896439666]",0.96
17,"[4.120082934084307, 0.044935255002813035, -0.2683119388503548, -2.535485217323625, -0.44223700414343414, -2.2085487924240144, -2.820460548742565, -0.30594610290401314, -2.6809611661130335, -1.955967026221824, 3.7015471007670775, -0.9429481067483213, 2.587513254825928, -1.8557377982177758, -0.4045354389103628, 2.191129553036032, 4.004664079724287, 2.3562533615759627, 3.6772623534232878, 3.3081866228244454, 2.441289284765329, -3.1879977666256343, 0.6327882846811259, 3.406178339868154, 1.2455550582562926, -3.921654135369346, 1.448386657163104, -2.2521376146621437, -1.9777728642966603, -0.44961664889377717, -4.209412154302206, -1.7450365748987762, -3.0210372577027886, -3.0436974080317527, -2.493627288154233, -2.1622438600071305, 1.345486345981942, 0.23783686554212924, -2.948882539513905, -2.2574382071472803, -0.05358287173597516, -2.2458447768241703, -1.3123655486217043, 2.0442130527651976, -1.9518495564814744, -2.7693106631802897, -2.140279110441786, 0.32227860432169647, 1.8783449869783215, 0.7337730640903457, 2.3373035603082175, 2.796763387227415, 1.5725163200521912, 2.874152618688971, -1.152489161418818, -2.442743092810254, -2.651073567706331, -3.4224337209401656, -1.5178795801212928, 0.517897772274957, -2.8198599621666007, -0.688791843533676, -2.254160177373337, -0.08087763260527316]",0.96
17,"[-1.198870561134645, -2.447878834472269, -1.8468502772913893, -0.6398433365557032, 1.7898609791589024, -2.473841679854403, -3.8762573842757746, -3.402169691214773, -3.3661535092929347, 1.1166986416946931, 3.8927562804813034, -3.2316198877117865, 2.5466220724313966, -0.3290971524015317, -0.9824243881843955, -2.1776866045054812, 4.029810610197693, 2.1664070820306662, 1.172028336432557, 1.1745967652532192, 2.963334407169201, -2.9290963728529746, 0.2725044123117707, 2.876029273492632, 1.1680086199576525, -3.2006004899243448, 1.4855261714647878, 0.8067454331931807, 2.3033915408513215, -3.8110399455094823, -1.8603420209222543, -3.0713374790408787, -0.36637474977508466, -1.829606536040441, -2.1659351698098854, -3.325805171789556, -1.050763914994161, 0.5951345865066374, -1.7934344363927008, 0.41524794764924433, -0.5219760318785226, -4.172092900837842, 1.3939241958205464, 2.849964668321985, -0.9078268845837166, -1.8011818283032568, -3.919203476849, -1.1993939694339806, 1.5788570474837038, -3.695310653381032, -1.948484600204262, -0.6841357112533553, 2.440624641570423, 2.2946638592745563, 0.13918599102953455, -4.01622771910993, -0.6873347114956263, 0.5275248244794244, -3.1491165085644575, 1.6434290186445715, -1.7475823115511102, 0.7381306697407279, -2.2374649281582033, 0.43905643423102597]",0.96
17,"[-1.2491642675441488, 1.0307656674087144, -2.8361979984207726, -1.599665621952626, -0.06143021508396118, -2.9473958534703906, -3.731238672958895, -2.2548835487221623, -3.684427901748024, 2.359525717992109, 3.5606470005935607, -2.2411875998412754, 1.5142301747625735, -1.8741611477401443, 1.7095681002977425, -0.15997120083616334, 3.948614438431766, 2.627751888698594, 3.330048933745554, -1.2973139867011967, 1.753625069820194, -0.9733565043953436, 0.6397035120301157, 0.6569852638573437, -0.5366718010157003, -3.8721871552941747, 1.4763249218892103, 0.7768151672221907, 0.6183080341113727, -1.9773497436009502, -3.1929204134266325, 0.695940879538131, -1.2260538534461816, -2.9634686584664554, -2.8090673834145177, -0.9449860125402676, 0.5249453110881301, -0.05994360197469417, -0.37466963904917616, -3.173414507776, 0.561528888085832, -1.4607899657662413, 3.779910625354497, 0.589152533128825, -0.9333318576580685, -2.5729257736375444, -3.883555912951039, 1.0656776781792097, 1.4517084259425057, -0.17704760669404251, 1.944116313566267, 3.0747753780349014, 2.611017862952947, 2.1001156274809203, -0.7335489174856369, -3.254156591682462, -1.6400160627486677, -3.860870737515666, 0.5232315407463097, 0.485036017789245, -3.739482900476721, 1.9336497094003653, -3.713605231841767, -0.2903975537256265]",0.96
17,"[0.6747770234095054, -1.511093058622028, 0.31026921784867945, -1.2770475175994298, 1.289030112294504, -0.5240663897693836, -2.707511476949496, -2.1410024892056057, -2.973328737805341, 1.7711287474719604, 3.9678432095224356, -0.46934038852593, 2.2789457087038487, -0.718114771072108, 0.87276039274086, 0.9075215481058471, 3.971362049815227, 1.527831566033699, 1.616391217849333, 0.2013750800854195, 0.8653444509250976, -1.683437843695824, 2.1960130355373186, 2.4362450681762287, 1.1453884387476578, -1.042235771857462, 1.4064845528329328, 3.97031868674669, 2.7950216839776054, -2.9908572390070205, -3.6354649398763366, 1.537109758608751, -0.8113387288314781, -2.289087182759526, -0.9979500481592225, -3.7933872881283968, 2.4253885522901144, 2.917386018347976, -0.05574225417792178, -3.498133340638527, 0.19606184740369087, -4.171332166004165, 1.52801523192784, 3.2290793237380844, -3.388906126888639, -2.1519481735603097, -3.869793260617646, -1.6911038779831125, 2.6240413419786783, -0.3192280006303527, -0.7714667892734577, 0.364228484468875, 4.022528778146046, 1.2197373361333648, -1.311919898249261, -3.014789937654069, -2.678314501970597, -3.763359190555059, -2.6547911336496908, 1.287905466543443, -3.8047659078642604, -0.5322295583596943, -2.4607107256188967, -2.321759264027266]",0.96
17,"[-0.2787493147797352, -2.27378236347965, -0.021262860581904963, -2.8127244293000224, -0.607051953189097, -2.0485444975685585, -3.578263871950166, -2.2244816257630333, -0.7801101099720058, 1.2423930288159295, 2.1204152255518744, 0.46720212816521833, 2.660598869040467, -1.444247083811189, -0.21924481690551711, -0.9416352492873726, 4.025628327084944, 0.7251235618430554, 3.528472766952816, 0.43518175594784947, 1.1296785216736995, -1.599592016077676, 0.8425883788568893, 3.54809643762607, 1.4913708866562385, -3.140172607130733, 1.364807959301732, -0.798451400156925, 0.3830882426909493, -3.154304347735774, -0.7089517396709102, -2.408751710914308, -2.2374252850741785, -3.0279984926822654, -0.5590792516573768, -2.239843294272055, 0.11680298879556225, 1.453542961301853, -2.9671506645048833, -0.35518841455454897, 1.0544733381912526, -3.3484194793111737, -0.7379404758233533, -0.1816584993807444, -3.279904077315611, -0.5844557722030197, -3.770364679755893, 2.923012525164584, 0.7870253386871984, 3.5929743184541834, 0.23482707780754264, 2.7590894383464875, 2.3160916931768654, 1.3010557831250769, -1.529984202735442, -3.7446998850448283, -1.4770347855122559, 1.7005565629626695, -0.9509256359200071, 0.3217491871864556, -3.070391981040512, 3.8396924382889783, -0.2507182118168032, -2.4196864283058623]",0.96
17,"[0.34305490653646314, 1.249475114881952, -0.8795507527013866, -2.0941097503936303, 0.31466821831446173, -1.5949713957829377, -3.6142615706085888, -0.47972079244239274, -3.594878293833011, -1.201079049748416, 3.959024883718922, -2.024158032694382, 3.3753751199393562, -0.8487325636800258, 2.510673127119187, 0.4457347456085291, 3.923170756359274, 0.513720491205205, 2.324959887165652, 2.11015861516543, 1.8577827490703498, -1.167356879299449, 2.6082645074429514, 2.1259751209499957, 1.4182342504068304, -3.9496395451679045, 1.485594751074393, -1.4687002005976, -1.8238557368134154, -1.8570224930754082, -4.185509738781174, -1.523156155653758, -1.2018960384190605, -2.2130348010025713, -1.5329757045311974, -2.418968843638843, -1.0358668803980167, 1.2507689021923598, -2.6578623539068302, -2.9566864804368436, -0.560271733874879, -4.076192904337643, 0.534440852914716, 2.2310796547988754, -3.3848751766116703, -3.913777688038727, -2.7996728739849743, 1.8187454786275346, 0.07930504957859164, -2.9922989336148054, -0.747682776771539, 2.1267869862732427, 2.372091085095403, 1.5592677074936294, -1.7278079510646438, -2.481196919655498, -2.2051674416216454, -2.688903606288978, -0.49824661671294757, 1.353738558830155, -1.8823514279466886, 0.8115396365392481, -2.9111246130063737, -1.8466314694550185]",0.96
17,"[-1.2535795124524185, 0.9019694308405779, -0.954913061695796, -1.7031658918079358, -2.37060277238958, 0.6832180707547808, -3.7570780398810286, -0.27765258594819664, -0.8523516394896538, 0.9356770476939755, 2.6624518800976267, 0.30287154522649695, 1.334386884000578, 1.78252253770085, 0.06718532222129703, 1.4868248126801311, 4.033720176615419, 3.1607048283826575, 3.3136126909505643, 1.547400517308576, 3.1928497148960275, -3.2391160325524813, 0.3313114495593607, 3.432357481052466, 1.5441651459357497, -2.2487800937268307, 1.484755656902261, -0.6728341859125206, -2.381327470957914, -2.6801345923807833, -2.949897581963974, -0.7314688073669711, -3.2973092505989827, -1.6497433050528194, -3.0612091600039104, -2.795146515796642, -0.7764812945328475, 1.3450775736043064, -2.9669590332761895, -2.9256812430681904, -0.6310517326395649, -4.133198645442269, 1.8499037845951025, 2.5313511773631907, -3.333392891389364, -0.46097673334357125, -3.855286739776149, -0.11274522544637694, 2.2475688145616117, -0.47293757389351876, 1.2779415241316232, 2.535317906404444, 2.1786635317454586, 0.9256301956998609, -2.6913285324754765, -3.596492008896079, -2.3164925877547464, -2.6834964177804537, 0.5655365634393128, 1.5495721954489725, -3.4177416031256014, 1.5695658378122594, -2.3826532104262377, 2.654455214761341]",0.96
17,"[-1.8116851379673675, -1.5312316429714736, -0.3348936681346584, -1.905600024590612, -0.7520863970051002, -0.619797202380877, -3.0139303977920706, -0.9618623076467459, -3.799299360975509, 2.4581225539514997, 0.9797429518190386, -2.48347336290628, 2.2803264379751327, -0.2223947707804792, -2.258680378487327, 2.3701748905894364, 4.0364343203066415, 2.256782308508026, 3.069958065761889, 1.183824525642133, -1.272728919712279, -3.1684218025834427, -2.778529991047244, 0.5119412212584757, 0.2519024465868014, -3.4207965420326323, 1.4788130425315051, 2.0880510977911673, -2.201037064083205, -2.193528858258457, -3.926914833698465, 1.211660764717216, -1.0401054737453412, -2.901545897295578, -0.21699270239519852, -1.7912131024652713, 2.931525068048104, 0.7932081345644639, -2.108111754870995, -3.4131320821555176, -0.9957021227777337, -2.8640040821182664, 0.5401635077086815, 3.5134514633838374, -0.3025520821321599, -3.5235414089989336, -3.434742563221011, -0.0760943943378759, 1.3229015655660241, -0.2277177014232309, -0.1467615191600936, 2.3058565956468695, 2.815067255922059, 2.8515231679615347, -0.39866289796333493, -2.229494282211032, -1.2305741591757888, -2.2188937501142885, -2.361673411576906, 2.5797010721007476, -1.8110729121722353, 2.8706001135755352, -3.792706600800003, -0.04308508115044754]",0.96
17,"[-0.5317443547304915, -1.9590683772536814, -2.8359586944185247, -2.355067607468915, 1.0532911181694238, -2.168275816429085, -3.367534612376055, -1.6830097293426771, -2.4910370511530546, 2.4282468559624175, 3.737941712877898, 0.7621246117732592, 2.7430990449036567, -1.0411647482054756, -1.440411960321704, 0.8850919815905663, 3.705890731012544, 0.4068149669713652, 0.47214075643802467, -0.7567119524997941, -1.158175076188793, -3.0656360899885655, 3.173262989783267, 0.5718477695398159, 1.0939133399619445, -2.2386864641462116, 1.4819941940543275, 0.3705278611487787, -0.16162871959757247, -3.2576578739108992, -4.199784458410987, -0.2337296796639325, -0.4198875484282013, -2.922483600294551, -3.0768334035254137, -3.2820500899669676, -1.273967477113517, 0.31137866419382465, -2.543717075764934, -1.8404766979428349, 2.159253981782641, -2.865796306628515, 1.2693326469957082, 1.0470742124122203, -2.412228805805825, -1.0863427166282782, -3.677272183018297, 0.9885603851398763, 1.9389119958546392, -3.4629511495193026, 1.2643400410199752, 3.029892252753152, 2.1242941274010185, 3.1264555267752896, -1.7760489651005447, -3.032559669431926, -1.396402795407687, -2.2062679189497962, 0.6175321945541201, -0.8493194602241472, -2.970089523997059, 1.600306121790596, -1.555625889504475, -0.08050575435615492]",0.96
17,"[1.5740994670955124, -0.05041644718099936, -0.019171683365201808, -2.738805768787268, 0.3985013926656474, -1.7196426193925822, -2.015291714619332, 1.4703693014454924, -1.9712473165992213, -0.09571895186971835, 3.9132857720567302, -1.5252939475981417, 3.4655362722081873, -1.3722110522205266, -2.1533974116071564, 1.2857809700677945, 4.027862010830938, 0.6798886944346416, 3.1548632904126133, 1.828207976141765, 1.9476483429057938, -1.0804028268484316, 2.145507508842615, 3.0375410186993834, 2.907226907058745, -3.9182761401007387, 1.435402655819321, -0.11241017965513256, -0.8732068404637676, -2.5183549813655834, -4.0500353091101, -0.9708752408809593, -0.45155276430744695, 1.0586613463748424, -0.22952269062285957, -2.080797899419683, 0.6586920008655452, 1.5935001276856382, -0.545479235209422, -3.4761729029451973, 0.5627856377781082, -0.34493385489555317, 0.7366455845561813, 0.07403761265981235, -2.2964866518608673, -1.5203607411519315, -2.9984342754655087, -0.0087958244790598, 1.5154597305392221, -1.0216243229726496, 0.6648286437575862, 2.454350699807938, 3.923426807509197, 3.0343768923896066, -2.3826482602723202, -3.173967743718298, -1.5423609909129699, -1.134595325711911, -3.3569728534827505, 0.941196034023111, -1.9845579519571324, 3.1412780219656007, -3.5803779542334038, 2.4662640425643216]",0.96
17,"[-1.193537592381909, 0.06822363386138175, -2.189862997788068, -1.528478517309693, 2.226966082000679, -2.103894467315717, -1.471810274918342, -4.047210957365309, -3.763443891617723, 1.2057522396304683, 0.8270749604015393, -2.3531886449690975, 1.9123416383090999, -1.8468088133165286, -0.44998833003075056, -1.0022397263858092, 3.990630504160486, 0.9555363998247073, 3.160026498139592, 3.2905807524811204, 2.3604595716614662, -1.5595375712502921, 1.1197255840847882, 2.3506238445702903, 0.3964946034244844, -3.6832496700187543, 1.4432766312542837, -1.1756283490131736, -0.011515845972958128, -1.6146577778524238, -4.254851815737939, -0.9092761381285702, -1.986778044530221, 0.33515838546200616, 0.2732546010170325, -1.2459721209606585, -0.8370575627664975, 2.556373156699224, -2.5738363295046796, -1.6806632365704668, -1.984030964292348, -1.577631521953001, 0.783224324184638, 2.4920979200731233, -2.6690818933814437, -0.8160073966483223, -3.382276062985804, -1.5740114420689129, 2.085355212815852, 0.8313896627818622, -0.7647713868463261, 1.5548190061458544, 2.393624484928792, 3.084066243798942, 0.5255479575426917, -2.5587591153818368, -1.3978604410915914, -3.920672250591683, -0.22330505950479762, 1.5008082293338556, -3.57682061118582, 1.7328227926609352, -3.2074974301568058, 3.2100816813732327]",0.96
17,"[0.9646497922606606, -1.4027065041662459, 1.5182746317428886, -1.0602643853569245, -0.39320459214794684, -2.6668251045122693, -1.633833624067178, -2.5181786899510303, -2.3067375886913037, 1.6772932545697274, 3.4426620560446026, -0.1725617935983239, 2.0335063012427392, -0.621290723947242, -0.3067033194300292, -0.6786684951640113, 3.8576375086607144, -0.8575299126210006, 1.5823855971882375, 2.5011479916844284, 1.6436936730450187, -2.7253782501409525, 1.15305098552089, 2.8254931097108855, 0.8719397104446174, -0.697496392499072, 1.4102292787851507, 0.3817890724073935, 1.4084937057246043, -3.2652639891360016, -4.269800599847022, 1.2416906177951734, -0.4159376049113742, -0.4164800869550698, -1.374146474581919, -3.248899765242969, 2.276513582441499, -1.5276482369555322, -0.7053759596093676, -1.243344381955918, 0.5173600359891711, -4.068312081701125, -0.42009403383975796, 3.222302590997101, -1.5443517140128562, -3.4139387679370063, -2.2883620433918077, 0.7335760623123506, 1.2834698841065832, -0.7521855381163983, -1.3825902805444548, 0.3985408213717794, 3.0544922810441584, 2.579688515335439, -2.7369526249094562, -3.3873826269180434, 1.1098164721008368, -3.190874869034662, -1.165422385855781, 1.5541617602884834, -3.6028178234330284, -0.740535821668479, -3.430242425542694, -2.720952997146523]",0.96
18,"[-1.143148556436933, 2.5430009017945774, -1.8936352817586428, 2.586093015164049, 2.586243685190496, 4.136656429325004, 3.7131321269738926, 1.2430225576605485, 1.0379863890502095, -2.9548931520116417, -1.7197530323854444, -1.1309092737508775, -4.067780068301763, -1.6436707495531575, -1.6131208835520574, 0.37194547879749995, 3.8880367825694617, -3.49750039708258, 2.916828287357246, -1.3592473903137787, -1.1029846506884762, -3.18612443563121, 2.519156790086517, -3.0801991957805166, 2.5470720392941364, -2.7772495366755026, 1.4887172188732392, 2.262410603228459, -0.9515852210006712, -2.2313345163300378, -0.8562598116979772, -0.5986312156350218, -2.7500243211624325, -3.0107586629818166, -1.1360786653021504, 0.49297600345487746, -0.5242971801208691, 1.6943215163581749, -2.3868871770636506, -1.3348279565869918, 0.1417347359844532, 1.7995972678043195, 0.36540528805238415, 3.5247623725248007, 3.8510070839532364, -3.679138656725589, 2.75476817267368, -1.6418684323768733, -2.8771339574609116, -1.298554475635096, 2.113630005014597, 0.5749242433987036, -3.4109864709335156, -3.0333788620489095, -2.670647349205191, 2.3215315266906087, 0.5120174868970448, -0.671623502080537, 2.356979872566923, -3.283822217306847, 1.4784219462128456, 2.464315288065759, 2.3354949714218156, -1.9416988597600535]",0.96
18,"[1.588897889241375, 3.98126051916911, -2.6964101117004753, 2.809826727599988, 0.8393315041896396, 3.836554148710258, 2.315653654169407, 1.1084403950341204, -0.5673623433727677, -3.040907347831018, 0.3407842089435944, -3.234364831950283, -2.3126131372434457, -2.7749301852396595, -1.895151512273983, 2.3553660689341687, 3.8732428870259525, -2.815726110791626, 3.678077113630196, 2.2876597139431256, 0.352843939608972, -1.5886044719282382, 1.5167817897863043, -3.6149500422307383, 3.7404519827737266, -1.1967154593435956, 1.4863761397117663, -1.2577331154593683, -3.7766960892925576, -1.5537080931282365, -1.503362810228654, 0.6795363113368553, -1.0358693947591462, -1.9051683392494168, -3.1548001051849512, 0.42497549592326167, 3.4510703173275235, 1.2642965990563442, -0.8097359390978087, -1.5448027789588257, 2.9208915587609825, 2.8273159328477333, 1.0110401596592171, 3.1679186387648555, 3.378193324300893, -2.71215695415088, 0.5120108222371245, -3.6476093072358875, -4.141938400949427, -0.5787205032538789, 2.716166629083746, 1.5148355620083205, -3.7559643986292226, -2.575844367895328, -2.710420285964432, 2.9971324661047403, 0.47993600802465336, -3.508549809117161, 1.9601754726376017, -3.701018779898461, 0.6748760749027232, 3.7676815731471094, 2.6995353818426326, -1.9287614278842249]",0.96
18,"[-2.9169020829859384, 1.9417612779632591, -0.5991340259316174, 0.6853930662128422, 1.4382615144884223, 4.126975070547826, 1.64746590375819, -0.23081413290262986, 2.6902562816004774, -2.543283505894781, -2.5436428483869666, -3.057932221832175, -3.973799208306329, -2.0084055078967182, -2.6356710900290956, -0.5446822167675701, 3.781140642960148, -3.82361941993687, 3.645851926333917, -1.6658796815300707, -0.6899885183511216, -2.3226201357463485, 0.5677008974815094, -1.1083106187462828, 1.5809744064751634, -1.267411633797048, 1.4479793944582728, 2.852463085713609, -1.6553521148968722, -3.820560906701911, -0.09280389731414063, -3.042773770721564, -2.305779403817312, -2.48729482106652, -0.23306142448314515, 1.5750617111663288, 0.30980399806421477, 2.907571367291771, -2.5235430169266637, -1.4560286054864833, 0.6118963067392162, 1.7271957744207478, 0.6440043598262637, 1.4027745373979164, 3.2335840548410038, -4.606541039296623, 2.2822963215137366, -2.935660737290179, -2.721890548821489, 1.0274945029913454, 1.5011857687798567, 1.24745354720466, -2.7096333440165496, -2.6501932440238285, -2.653392965688303, 1.6548535727643812, -0.252080127846115, -1.5960491951948943, 2.4850706676557315, -2.5723625078998817, 2.7364799108333466, 2.101451566628337, 4.2504764113153835, -1.85279526474753]",0.96
18,"[-2.4325522462586173, 1.8555759261782243, -1.659290923131727, 2.4012187471781465, 1.6533640189772836, 3.9745159592522863, 3.0059770341826493, 2.210536902027778, 1.2915662213001737, -2.952637746481235, -0.7601833548079376, 1.1031617040101782, -1.6005287106701318, -2.2951315812984503, 0.26782641760424664, -2.8062926690213197, 4.003974506766638, -2.781022513614759, 1.711659542901137, -1.4843200855492193, -1.631717589167117, -1.4700986809018497, -0.05733142795784518, -1.7501684771607484, 3.7265998099246476, -3.3359547153116234, 1.4817479144703756, 4.034565522250624, -1.8636336602905224, -2.6884072570319706, -1.3116014973113956, 1.8797329036031492, -1.5070145417789198, -0.6422062884625914, -1.81354669867413, 1.5633006306330026, -0.5618722979632361, 1.6893429772447988, -1.8881892448039892, -0.06448188160732382, -1.3078066763021676, 2.1497620889274285, -2.470248924782085, 3.0304702023970194, 2.237181295699115, -3.7881541860268753, 2.8477292370111997, -2.720880737335894, -4.194537469116061, -3.046291846319869, 1.2434831946849072, -1.039572472866043, -1.9899211432425465, -3.060862586783205, -1.330078887595939, 1.084980528836305, -0.9558099150986814, -0.9801834978218755, 2.1322674030891045, -3.4868133029285477, -0.6409595140917823, 2.5231897952125344, 2.0524958875605233, -1.9290578874654383]",0.96
18,"[-1.495372020229054, 3.402929436446065, -0.32136904319900084, 2.2115826061613, 2.3113193214131265, 3.957611364109119, 2.3997958615725334, -0.7123821452710961, 2.347823734686761, -2.740775390025601, -0.5143883138865069, -1.0015157455482644, -3.9595349429442748, -2.434067825849356, -1.4948035423288895, -0.4696344460941977, 4.004449138058796, -4.185439682209981, 3.6752700590715572, -2.0923613129068617, -1.6525565180887947, -2.6158910524422687, 2.8927974912689134, -2.0965250747785573, 3.050491065136347, -3.787038649237087, 1.1696895933398186, 3.2154956963504002, 0.9446619618908747, -1.404108428271576, -1.833707404334838, -0.6219720861706499, -1.7397007046673074, -1.8655891476560198, -0.7703686863102911, -2.1444935861864534, -0.5286641269579528, -0.15608580665920946, -1.810900710769526, -1.848350261167113, 0.32875559149913364, 2.3053473095926473, 0.009101143585909799, 2.561329957068037, 2.8360635368352725, -4.355318039617777, -1.7922317526406362, -1.3816736205432845, -0.16361213758758542, -1.4112274399837716, 3.0163978519071195, 3.1341219747057845, -2.2540701964657925, -2.329365791508749, -1.4509077979866574, 1.526277301521168, 3.484047810595903, -0.1710479218376484, 3.331379618550036, -3.0373088506636634, 0.9949129557099445, 2.437176566348013, 1.8167442028968557, -0.6527975385379392]",0.96
18,"[-1.4165787555442428, 2.4318394059296944, 0.36628411470419, 2.179275009934032, 3.50763669937194, 3.321022198615272, 2.66865311108075, 3.4463730940773303, 2.1807433561922616, -3.315368881508281, -1.9399698435974138, -1.0676790690160067, -2.564021183726157, 0.29813213084788326, -2.1368321298465744, -0.8972106088682311, 4.0316601602887046, -2.077253367557613, 2.413089417832646, -3.0154750978121143, -3.0071865279862884, -3.2252851868895323, 1.1631036246734678, 0.548565540618474, 2.8345299794033, -3.0054396383120587, 1.4272769055069559, -0.28617748305910906, 0.17587731873600188, -2.551815331680183, -2.334547985965555, -0.4225017805689408, -2.7814760583439955, -1.8980964763252421, -0.46498232391550454, 0.5357995448803344, -2.1991936030091845, 1.4421758933266007, -2.943595969949129, -2.1642360299812267, -2.880547341682129, 1.7565675107522787, 0.10432769645807083, 2.713848754859205, 4.142981338309021, -3.861257656585859, 3.0856225939894664, -3.644948608844069, -2.494838280520733, 1.0837152845553475, 2.4807985206571566, -0.40189766436584495, -2.5081990472168063, -0.5590728671617509, -1.77228902360835, 1.4199323563221422, -0.3808652140943021, -0.8190015322627291, 3.5500561257099656, -3.0644369813301644, 0.247326421791777, 2.097095630160962, 1.6214986016189183, -1.996137262337456]",0.96
18,"[-0.917116660375773, 2.374554442387201, 2.4867404510666518, 1.8782892693611024, 2.3235462679934757, 4.105077274654002, 2.742364676082097, 1.2335866773757642, 3.175581913570215, -1.3039643358518551, -2.2990972066536948, 2.1768718302358097, -3.9797534017486482, -0.8341199320842231, 0.3018757740058966, 1.832557062590872, 4.026620967363306, -1.242774942631605, 3.640578869600222, 0.1534995871158389, -1.7807348468451178, -2.7843176905832436, 3.298170810211004, -2.9278026851299686, 2.093660679438102, -3.5486966826793784, 1.367328551417509, 1.9916807045446094, 0.8712181512997605, -2.5473984543827095, -0.36578368186628857, -1.1165945425401385, -3.1850389683962437, -2.3864930525909576, 0.13990512334107752, -0.18629653539391577, -3.4294398458869635, 2.7942443118276445, -2.08554257626598, -3.3452408879468147, -0.15878414244919065, -0.5958366380020257, 1.5323310265688335, 2.674880034902981, 2.569633258838473, -3.445371295382812, 0.9086184567368472, -3.645827126666976, -0.8357490224616444, -0.6742459106098176, 1.7054575629220372, 2.0507893396063794, -3.470372621696842, -2.487706107767143, -2.287846500466701, 1.2369944288128432, 2.160240533793748, 0.4075501556860244, -3.4753766093082135, -2.828699312213068, 2.2604656587837706, 2.1258435798323205, 3.7877679774760153, 0.35103534748094845]",0.96
18,"[-0.8043882720429837, 2.689542828709487, -3.2355604281514734, 3.829112976475752, 3.7749750186557787, 4.093765175669826, 3.0764664510942383, 3.480520240934289, 2.663276500036624, -3.3005955021253808, -2.750036952165728, -2.633893731873526, -3.484110757708825, -2.8862617479727026, -1.3902133503986622, 2.017379469455092, 3.977058029886138, -2.962370786516219, 2.8319550871449204, -0.9925640124155239, -1.3152200613387843, -3.280829328413516, 2.8825575277210986, -0.5214532543919712, 3.481000413432337, -3.160931749870185, 1.487999341675862, 1.2684258311731316, 1.7108561926580061, -1.6542138858082656, 0.24218858387348563, -1.7828026626886366, -3.2571927391890454, -0.7684329790321791, -2.2026261116926316, 0.9825448692493521, 0.6869668397798667, 0.4215873519910076, -0.42392498380453536, -2.9702403261853894, 2.3893830621987284, 1.5313196387623667, -1.8527042170860284, 2.8427226123489175, 3.231593908135691, -1.6010513580662362, 2.0332624585824104, -1.8423216856486566, -2.5557830269820343, -0.7748049441737122, 0.7500058548431383, 2.3102175946516263, -0.4763016706586174, -2.942102164640907, -2.197332488119538, 0.917727390089085, 1.3704855641765081, -0.9156649353328756, 1.2597712208143017, -3.0482349779263624, 1.1328787635060409, 1.1803361972223405, 0.06615020990734388, -2.1470493575312686]",0.96
18,"[-1.2776807199667606, 3.2872367552677444, -2.008722820165568, 3.4771053203306064, 3.0370527715734688, 4.117135827840984, 3.5354595166634017, 1.9965556195770846, -0.40799516505922884, -0.8090099303823015, -2.014180754945645, 1.3342652223356808, -2.5175379269505154, -2.7943118657151036, -1.1876214613127913, -1.9676153727564176, 3.8507084946340293, -3.581748528503277, 2.7786081291901774, -2.8419042227238283, -1.4033003640717991, -2.2347810120093974, 2.5973837533822395, -3.63707347072406, 2.5054373111347026, -2.3852951010801644, 1.482445587069941, 2.737017375720998, -1.923117218470936, -3.8299656141564427, 1.0995733112269082, -2.2856250695139506, -2.950649763391481, -2.6057676459404893, -1.5915159718167025, 0.3548364700577222, 0.41561184792965744, -0.5813434352237707, -1.3061210756668198, 0.3922710276257195, 0.5766777526551063, 1.53547398513167, 0.794798904575374, 3.313902442555842, 3.5821480074116656, -3.4191104929584166, 2.4495426812097425, -3.4946736862813905, -4.263176846622529, -0.4618203660757322, 2.6057085948078296, -0.7282735142285075, -3.749257764012914, -2.0020570175816275, -2.5087234027913623, 1.3971671624715216, -1.7550270878494867, -0.5763351951097966, 1.7770591119796681, -3.725504270581196, -3.2352714050493194, 3.0136050525953193, 2.484682678137247, -1.2887881943395252]",0.96
18,"[0.6831974139093324, 3.403053394611888, -1.7294615127616222, 1.3978482039676992, 2.243905982357482, 3.970272937338943, 3.020503434445187, 2.6907625124011094, 2.406441297108249, -0.4600537948424983, -3.599442690725236, -1.3896974191315181, -2.257389491385463, -2.246373251361622, -0.865025192145108, -1.1060703247806072, 3.966465281615448, -3.76994461059189, 2.3032067010973596, -1.9757711813563397, -1.2470700057597255, -3.14886319250735, 2.7279444405563362, -3.1331343289432154, 1.508525332437193, -3.558377764993528, 1.472759815131239, 3.1579383647910473, -0.24708046465889455, -2.784501344355354, 1.2741724065605682, 3.1469888726045836, -3.204607661560698, -2.5698560534442443, -0.944444114166705, 1.5559161703106819, -2.429469475294937, -1.6250411268389535, -1.8321398579998407, -2.1796259752024385, -0.6508071039944645, 1.5620095071205615, 0.31208202060384527, 2.4710988559643807, 3.259961691109889, -2.4706306175685793, 2.5180320047962894, -1.9721406323037334, -2.9333108494820093, 0.054532149583866873, 1.9020170211226037, 2.3163411974215444, -3.486231984491039, -1.7469164717588415, -2.427454704791539, 2.1153903373705707, 0.7736481801662307, 0.13773267068362904, 0.47912431679506007, -1.8498926371270137, 1.1494559266047364, 1.934554990194519, 3.8461049608274545, -1.2534551546897115]",0.96
18,"[-0.7371244854049651, 0.9669815209351631, -2.232448558126441, 4.308568835409761, 3.206992438121251, 4.136534922052861, 3.695158005848597, 0.00841392838964472, 2.1857002528631426, -3.0045308249413285, -4.292452754277769, -2.1827925126430388, -2.945022012505124, 0.10966183503172355, -2.23946369840727, -0.6046722483222267, 4.035349530654965, -3.87245237803315, 1.774631362824522, -2.94653359991133, 0.43219698892742797, -2.9341598253157315, 2.5980222779206974, -1.5968393337653664, 3.360960013625737, -1.3856025949285926, 1.4717733476521635, 2.20307885577727, -1.1561261634847124, -1.1151228936169846, -0.3210445071289256, -1.1159116386959014, -0.5868115442518782, -0.48143146964773376, -1.1623282693528691, 1.1037168961651533, -0.509654716798934, 1.2998388522692328, -0.7451719366597722, -2.6994940363413553, 1.7170653208577145, 0.18920281698371966, 0.4106320361956165, 2.960383957337698, 2.6237252940343696, -4.088381373657696, 2.6632831420710397, -1.6534306544112576, -4.247645717745575, -0.9118374972080805, 1.8967432828757018, 1.1230468442112844, -3.687617407397346, -2.0301844648957568, -1.1282393053134487, 2.4069740386267644, 1.732126471061533, -0.8594462283230421, 1.7310386066980779, -3.1470495233651494, 2.5425246102877095, 2.824135048645199, 2.7160547871914047, -1.9283677996822153]",0.96
18,"[-2.4311828816194003, 3.985145689274724, -0.25694842192173784, 2.300475195635234, 2.8458781712325822, 0.28439718313932616, 1.8308271825328766, 0.24157645263385652, -0.9920692101325209, -2.1232234549612796, -0.3502279119789633, -2.981419692300951, -3.6610935488075884, -0.7347751213232927, -1.4486293920398192, 1.2238635732177003, 3.880566233534524, -4.112409455660865, 1.3908704780485976, -1.4380686884750769, -2.9647733986221456, -1.3351917945716893, 2.971619776599264, -3.3314660088477757, 2.3950586985734175, -1.020194344793988, 1.470622125723465, 1.043055316065107, 0.713139019487173, -1.9385321583202564, -2.1508795022175615, -1.4383366703484428, -2.5438995850128974, -1.9974805227649906, -2.8084733392563708, 1.2878596591716536, -2.956922623222831, 0.17704598658964454, -2.8332079659566434, -0.13221522192997145, -0.29946955868156533, 0.5248784113435332, -1.0478485367467776, 3.491730456495948, 4.107095901983268, -4.526118636320842, 0.8953977246521607, -3.0517906401186474, -2.7333429483133185, 0.23918160562840307, 0.551952646328262, 1.2998312310704259, -0.26274490444084897, -2.941153430004904, -1.4901540330012444, 1.6994226143585391, 1.9324770972139214, -2.176995966189017, 2.877431883191319, -3.4223164423105654, 2.7663227346379147, 2.099314682388956, 2.0014605927282076, -1.5684902438570214]",0.96
18,"[-3.211645503008098, 2.8707282410181536, -1.1987812412950631, 2.6228540872262838, 2.592385730841188, 3.342698135737108, 0.8538813150257449, -0.7642548651209637, -1.977037776431466, -1.0949375719055698, -1.3615938648541024, -1.312205500152912, -3.8312403493656344, -0.3131932181002453, 0.04753588730795699, 1.4136974756453853, 3.979932138303578, -4.19520992212091, 3.284684055080348, 1.127483870675182, -1.822387986368681, -3.0538706085885345, 2.99435677105877, -3.2512440104672233, 3.4007216004577168, -1.711367531359975, 1.4540961621850987, 1.4874884088635847, -0.15231962300518276, -2.954528820002739, -0.5364251450280604, -0.9247518510173832, -0.6540791361410148, -2.9784986458390588, -2.6554410148709837, 0.5741728372498208, 2.596553373452581, 1.5077294377526238, -2.868022641199383, 2.3357618698008284, -0.4822086948528047, 1.3366689243668577, -0.42940228591333857, 2.829230895923539, 3.1341024898938135, -3.0337465022259043, 0.5972170028418977, -3.638411080853644, -3.228450518545259, -0.498753945920391, 1.9107785226204894, -0.584395155643997, -3.1514706385135036, -1.302979458990764, -1.0951861333151758, 1.9278549635399282, 0.001366105301716325, -0.9873371692817641, 3.0661691164251357, -3.782925256370295, 0.6761119409244216, 3.062667855238511, 1.0201892411674045, -1.2720819869686026]",0.96
18,"[-1.2543568051893466, -0.24324893666484915, -0.9195365029983579, 0.20495286287048176, 4.124599263364606, 4.040060293294484, 0.618013678557007, 2.9628976818237396, 1.232570999354182, -1.8050979505914668, 1.8303285837393495, -1.8715361911324542, -4.090961894335022, 0.574436479895398, 0.0845074805345063, -2.6406487542225996, 4.036647711249333, -2.333736179812723, 1.9232340404273887, 1.0671105304143476, -2.639377698402993, -0.3891114851778936, 3.3282752047663173, -3.7158787860855136, 3.648401619130256, -2.6193433853299686, 1.380885456239704, 0.607320772095864, -2.290634539016467, -0.13631140952830534, -1.897714469635021, -1.8139179851590743, -2.4082192385780425, -2.019597045234012, 1.5808398035989075, 1.858101914552069, -0.678776468856986, 0.09182402478340745, -2.8796035197596423, 0.9665078844950532, -0.6896061939694975, 2.542413142224365, 0.3560258386640607, 1.8350174522823592, 3.436222762179988, -4.607323424571683, 2.54320584002098, -2.0478355859756867, -2.259755395118524, -3.149985812304263, 1.1215305849105546, 2.625605285581294, -2.887381746873465, -1.8325316447613176, -1.007096754962698, 2.228061141981079, 1.4774463384928493, -1.9030196622638829, -0.9069124668065709, -2.8620759136224914, 2.5461172285772125, 3.2212033918750933, 2.95714590068654, -1.4342009536421854]",0.96
18,"[0.9422145295208637, 2.2424878774805364, -1.958735393670531, 2.222348840984938, 2.0050009476480466, 2.73303315734125, 2.7378353819301835, 1.1118098855574559, 1.670859889640798, -2.399261508222242, -1.7011355996678887, -1.6494295358304392, -2.2459138047959812, -2.99513306961758, -0.6911893885405151, 0.3863045459573522, 0.4790557748866169, -2.959333087983741, 2.8923568678877114, 0.9295548369234653, -0.9607434669481222, -2.895112390648073, 0.002499331095710655, -3.404589995244434, 3.345943973903065, -2.603750884508835, -0.11617982768488266, 0.6524339051327264, -4.2166199930332, -3.3802841805142574, -0.9766700382283958, -1.4631631582630833, -1.047718908684192, -2.4014734837688088, -1.4233015588270421, 0.40404474335142504, 1.7076674202540634, 0.888101634609308, -2.6210124923187093, 0.8554097444362677, 0.07508107165046574, 2.9048716118385642, -0.6796098100672352, 3.504536972909499, 3.359220444242597, -3.067434520956179, 1.2321018572278473, -2.813343154150849, -3.6708756533111315, -1.7774474061050545, 2.9731846607606327, 0.7535501135329616, -3.0142441794711243, -1.2618241435645148, -1.6802589902214853, 1.2272998450181625, 1.1173868343130815, -1.5756647766233953, 2.551950961480374, -3.620257122012064, 1.1912479877455777, 3.3026735943248955, 2.9252442439937267, -1.1570010969265885]",0.967741935483871
18,"[-0.2310890019276921, 0.8020153084384991, -2.3301882988212803, 3.502564222199134, 1.5308385904638762, 4.134101333049088, 1.8624804529937051, -0.512353636644406, 1.8580274674032848, -2.901762473044954, -2.0238500336946545, 0.27267183533811973, -0.8640177329052677, -1.0089362510764368, -0.6110247986223162, -0.09110383086629714, 0.5556351500522145, -3.1042351804678807, 3.166303070364544, 0.6607035986716315, 1.7458423040990816, -3.1782235117861974, 1.0867473588733174, -2.6624484361995897, 2.9102577488995065, -3.197948787279948, -0.0953263596583549, 3.2811253367678783, -4.123060754497647, -3.6985129652044715, 0.6657696983603604, -0.33261327129297347, 0.23233870310485594, -0.7117073001844236, -2.662445289614257, 1.7512988479811331, 0.2584709014588864, 1.2460339100980053, -2.863879771429777, -0.2199612699921356, 1.4222619458981778, 1.9868149648193287, -2.3890491368128504, 2.4249230754618205, 4.098145032292464, -4.586376050833968, 2.778821511311557, -2.9751631216172667, -1.6308888433326465, -0.44831281294686387, 1.3093550801976777, 0.4199940632701019, -3.522735990023662, -1.4747296334374116, -2.5086062916631495, 2.8425328623410233, -0.056718779405401376, -3.319349528608127, 3.5007522162752887, -1.207447475778181, -1.130590366092986, 3.8341367245206324, -0.02594798680375421, -1.6838028142832429]",0.96875
18,"[-2.432889030382984, 3.97664774435507, -2.7853331223115365, 1.6855911391119789, 1.3915738420280936, 1.8958916162274688, 0.5193204144454617, 1.7548479180577499, 2.3171790722312475, -3.203906843321083, -1.1074005805331442, 2.082253929682557, -1.6226021216539974, 0.8872156624094163, 0.25783990575398474, 0.9318138924486357, 0.5407679137062426, -0.7306088740997846, 2.7250052297766003, 0.7411763655518119, 1.255300474648644, -1.662589412907402, 1.3569161787773072, -3.704563706298884, 3.682716746050274, -2.6205037861849454, -0.1252757233262992, 3.270372533642045, -2.7988064024307917, -3.7614753693707694, 0.7639298867527988, 1.4851556858315673, -1.6913539902255443, -1.3999647125427424, -1.6013210854918114, 1.742942986203159, -0.5909696701985327, -0.036057959822643815, -0.5318460943869876, 1.6904891500038548, 3.1963105529970934, 3.174779366230163, 0.0017265127869054986, -0.15387694291161336, 2.2262085311647004, -4.230489032374887, 2.7629158916316183, -3.4482558702933237, -2.4589974465286817, 0.4452343921852417, 0.8292750823411263, 1.0391234344135878, -2.6512784215424534, -0.45203365540043416, -2.4499288310298253, 0.9232131124835684, 2.196027325634656, -3.809123682392121, 1.8958608506192494, -0.5286695765602418, -2.952207643724889, 1.84708260069441, -0.1432787403485748, 0.008500131575834124]",0.96875
18,"[-1.932919251587578, 2.215944016724486, -1.1519339538407234, 3.2875866791142947, 2.4864163893128106, 3.8026866515651756, 1.8771540091360657, -0.9664555394405802, 3.1728958643046847, -1.7061266573556724, -1.0618740979078756, -0.8017868755991979, -0.22826056973748915, 0.2319335006933425, -1.7181126175271926, 0.9132508484022396, 0.6922327818215039, -0.9524305438404106, 2.8506756749896573, -1.7031463045555788, 3.0900601383375736, -2.863970080903096, 3.0437962134794203, -0.54231955111204, 3.5421996450538806, -3.2814080910437906, -0.14043697383961296, 2.9372312735995183, -4.002940616907209, -3.5692722670064994, 0.48454538552319804, 0.05330666387682004, 0.6449060960878549, -0.44788052142905316, -1.8605501477969921, 1.6045353168241563, 0.7582002471800692, 0.6031569352598293, -2.940973100250162, 3.281347090986092, 0.8117042528588385, 0.7068266612144942, -0.03661471836888941, 1.9847393046012534, 3.0293217681008024, -4.612474787898657, 2.2906254404600337, -1.3308042173303574, -1.7793811324088673, -0.778284848241109, 0.7786507289831963, 2.1991219741426278, -2.6477805387877718, -2.293728736763951, -2.6831145436105492, 2.979360592389271, -0.7738490617772557, -3.2509143082878267, 3.6749320316884457, -0.6476381017905294, -2.542024470277474, 3.8250872601206227, 0.08440868209039087, -1.1118343604255247]",0.96875
18,"[1.2821723169858132, 2.436639250647637, 0.6109286236871629, 2.897622018400928, 0.9392264178658527, 1.691118885362069, 2.0229743338487136, 0.429994305077508, 1.446400655536717, -0.8081587090709932, -0.6226801097185527, -2.0336357117849357, -3.177378845289563, -3.1186133952039525, -1.113602540387327, 0.13555290134635217, 0.45971975388566644, -1.355861177066353, 3.1618937609067608, 1.934656226548446, -0.7988916274959537, -1.7945762759330446, -2.6601991019720392, -3.6186881274474256, 1.1637429815932268, -0.9070214831328627, -0.05459525244488447, 0.9035049881069454, -3.6046079783011846, -1.6063895312160221, -1.083986925353546, -0.44969930815091064, -0.30703816531320494, -2.4861445733457157, -2.2527100570845486, -0.4083012838213081, -1.8717229920557317, 0.07256372774316078, -2.2634469098963184, 1.7290909841255147, -2.1994403335252066, 3.053091341812044, -1.5911150804978798, 3.436361759399286, 3.2548167721788808, -3.2561338688523653, 3.1305549429430397, -3.555563884184627, -4.255750956923267, -1.2043913647496536, 1.4158414743886791, 1.2356604454769387, -3.1595613720700957, -0.8539316651128697, 0.839332013202331, 3.107853164038256, -0.5196994530504249, -3.9286881842367807, 3.2374843170829015, -3.783603446077847, -0.04604106945801267, 3.3756875069098515, 1.7161519526510778, -1.1308480503586205]",0.96875
18,"[1.3731145936449876, 2.913938826755426, -2.922435739709872, 3.1963781478217097, 4.099525865607439, 3.366631310942588, 3.1648830243099138, -0.7236956577961912, 2.04281362613301, -0.27008654642084773, -2.0090454236060635, -0.4549469456237005, -3.407956535949732, -2.274120785050897, -0.40620132609372345, 0.9956281795477627, 0.5196920092310084, -3.431862386061053, 2.219737350547668, 3.1257359166057457, -0.2805308050131501, -2.6044602511088737, 2.1304439346441963, -3.552921809401713, 2.8214958084352233, -2.491498289743367, -0.10081432155870484, -0.30001276891700246, -1.542197290242535, -0.7424129609370151, -1.2175159391135968, 0.3298635686825728, -0.7820448302455294, -2.4919243669601925, -0.8842420298262008, -1.1600363929210034, 3.452227380428385, 0.3492644392144699, -2.96751686013122, 0.3956629524468857, -0.6730856401379781, 3.1770216564900537, 0.10793817119033022, 3.1004432820083743, 2.427942763989381, -1.934770188161695, -1.0208866584721847, -2.8577530133978843, -4.26739776358985, -1.8420827590405284, 3.5626218985254097, 1.69376501758882, -2.440531100385004, 0.6619564155874336, -0.8597085668907516, 2.1264308716352565, -0.03450264751316512, -1.9043946546359831, 2.299764051404294, -2.747695453409734, 0.14732552308145053, 2.3448551732419416, 4.211434088505668, -0.6522929311774524]",0.96875
18,"[-1.6199266438818434, 2.4227333182170083, -1.0436774361561678, 2.8557810461701907, 2.3892910322726775, 2.190825894035658, 3.4940214976848476, 2.6279080918363826, -0.25935246202379547, 0.5167333637152374, -3.363687081239407, -3.5167619783652313, -3.609635720616583, -2.421229155768348, -1.5362838169717234, -0.8280902795003636, 0.5766375726845463, -4.227204009583035, 2.2724640614289044, 0.5555004704920974, -1.7649379706371706, -2.252836379097895, 2.878375569554667, -3.3067981671934996, 1.1711163570544354, -3.617229094803313, 0.033798515202300816, 3.487354052737051, 2.7407169826155497, 0.7461034380285261, 0.36406848127058855, -0.02102227820149616, 0.030573311892244437, -1.2768753912426618, -1.1413803936864502, 0.1756301434220217, 2.085800261998119, -0.1860086236316565, 0.9955492905137588, -0.5585121018605999, -1.0729282757331422, 0.5094994742551224, -2.509020689930452, 3.0920975506830493, 4.1407711039055, -3.763187061754362, 2.5465387360051417, -0.24552767147241328, -4.239223162231327, -1.6359475313867415, 1.399960858973178, 1.9157843575499522, -3.295376856870181, -2.5045020348017335, -2.2935377680819986, 1.6935513614622826, -0.8366952984147898, -0.8191320538358571, 1.736619656386868, -2.4695418126412383, 1.5784879058712256, 1.9911831144171834, 3.9865143616020484, -0.8293340270079993]",0.96875
18,"[0.5351243617520842, 1.9212616072063935, -1.5204240740803616, 4.290159462026473, 3.5941337892511807, 2.4206872179190286, 3.5815883245803497, -0.4457071154398653, 2.0030345998846735, -2.891160724812123, -2.5541748409220193, 0.4608801117863346, -1.8006783289930284, -2.319169377005565, 0.5721741928959657, 2.3907008975930557, 0.3742785903686727, -2.7123225583349857, 2.8416116848450383, -0.9889522064118538, 1.214991751762141, -3.151253811543463, 2.2000138912007525, -3.603772767372958, 3.5454103716619567, -2.150089054602498, -0.0369578645621544, 3.820339258557512, -4.214985534756344, -3.8242667713617604, 2.963728476732409, -0.8586716438703232, 2.5258357926921913, -2.620629831102682, -2.7140950671677277, -0.5018285399141234, -3.4101990169631042, 1.6991838735784417, -2.6163135256389296, -1.5380409450814267, -1.06202893833898, 2.6226672530859894, -1.992357284404052, 1.4788901550579894, 3.469813281490062, -4.447961452424972, -0.0647905792571466, 1.296873934249878, 0.8388545786793502, -2.1013023880497137, 2.553468071457757, -0.9739410694322076, -2.777908959417596, -1.549901670874101, -0.5466966617606781, 0.5779354438037818, -0.24556756309125566, -3.68759758545823, 2.769761090680851, -2.8801461154086048, 1.7489272369204958, 2.9793207957755676, -1.6236069538229192, -2.143880563651038]",0.9714285714285714
18,"[-2.1460625735758994, 3.6111882964794626, -2.196185206254228, 3.65024669481802, 2.104823814111404, 3.728617999003058, 1.7223112822586075, 0.642640353345592, 1.7579323354616796, -2.340664545265032, -2.0743578272408536, 0.5220206520676209, -0.6292857389069612, -0.4293093750567658, -0.5972701798269096, -0.6152165664760896, 0.4385820271489367, -1.7684982505925204, 2.8127227347499892, 1.1852216421708963, 3.2966621455053584, -0.38752578458467035, 2.5187257757670585, -3.652965997223916, 3.7334334710550237, -2.7657679481219146, -0.03676648030937457, 4.04963093025977, -4.155554215272445, -3.6462953245197807, 1.3907609032063704, -0.22886450173084794, -0.2502950288060415, -0.4968284914426977, -3.106900533152633, 2.1522654820740317, -0.5099217104812621, 1.4377481669130197, -1.543243672451361, 1.0919611835092033, 2.5900328988201906, 1.6071110736754535, -0.37016669581815975, 0.35754995515466814, 1.2211283733557234, -3.6878309612744147, 2.676245537628283, -2.5629598630834662, 0.6243172047566374, -0.4707661356971431, 1.9452167611282385, 0.8042535165007709, -2.845879116490136, -1.0193416113192606, -2.7344511363789685, 0.9223273453106505, 1.0219348391338583, -3.787285290196027, 2.2037565857732266, -1.2847698103754022, -1.5370590884124735, 2.634280145881158, -0.8670508456075976, 0.5303024098197213]",0.9722222222222222
18,"[-1.2907060154948393, 2.8797405119750437, -1.6577586838187717, 4.138559825692397, 0.3570651343239888, 4.103908946369587, 3.675233536529466, -1.7133543473499835, 2.898743711883057, -3.2711646447644775, -0.9837943841024255, 1.3644613013147855, -1.1782210264006636, -0.6545227649902028, 1.2411251506849614, -1.3327808871516362, 0.3552898096635307, -3.3816165937654046, 2.511341566091435, 2.430306271380262, 2.8198697264846126, -2.4399094778299304, 2.6460626428995186, -2.0538292913945866, 3.3703267031270396, -3.431345988108646, -0.1824587474298095, 4.197456519471055, -3.7817328441887703, -3.705780770173599, 0.5270472818647223, -0.1092459181188569, -2.210857226958999, -2.1928369848580287, -2.726055162100192, 1.8262813237920903, -3.2477136514474676, 1.8834192151530904, -2.8522669392114657, 2.121303677429779, 1.226802852256833, 1.3208628623965788, -2.7690413007227552, 0.9718602988534562, 1.3863149047797514, -4.41081395076549, 3.0220227460239566, -2.5941092441823796, -0.9732117874510444, -1.3298113863534984, 3.563685545009164, 3.011569465904272, -2.1833659694732637, 0.1642635274584041, -1.242463676940143, 0.45737594498603684, 1.8840430883755808, -2.091878417097092, 2.568789940687983, -1.7706130815416663, -3.051569333355979, 1.6402276510570515, -0.01776989762810932, -0.7253225434621384]",0.972972972972973
18,"[-3.34133536776233, 0.21074900793694173, -3.2233362852343745, 2.923486086677884, 0.8858699961662645, 3.724705975954018, -1.120630539415895, -0.9901513508556432, 2.872148593803769, -3.022054548172158, -2.3606308505100593, 1.7353731095528895, 1.048822826210556, -1.6713537516481127, -2.3132745707633338, 0.6587999679926263, 0.5514584245047535, -4.0790835651671244, 2.311113227139808, 0.5040143428752822, 0.5147043663225079, -2.7365377394749304, 0.5971430587087203, -0.6799756360924918, 3.744421799844466, -3.6719979529863496, -0.09987232150012826, 3.5200973629650134, -4.265327907770673, -2.5485255781204454, 0.5918539694546286, -2.2333773873160587, -0.6815853136641274, -0.8636350272537565, -2.5542879273175885, 1.7331583481025097, -0.2341297575293834, 0.7958969492211214, -2.74964011077461, 1.581479947014107, -0.5421879755750675, 3.062340594497054, -2.8647121075835935, 3.4128244642986676, 1.8988953562599524, -4.524395998507006, 2.612264140345649, -1.6481638654296094, -1.2072428293673383, 0.3438837023504914, -0.2195244055976593, 0.0709903875665377, -1.9181527719673854, -2.32680807548184, -2.7282847433452986, 1.9953600551823751, -0.9827139390569596, -2.1230271615227387, 2.7420876368571694, 0.28105084043040485, -0.3828560070896259, 3.4146284916691685, -0.12636797278582038, -2.434819961581616]",0.972972972972973
18,"[-1.885526335273697, 1.0035110416316546, -3.2180439861837766, 3.15321706707855, 2.1516352689161917, 4.133583232563988, 0.7838471607890717, 1.0139538623973525, 0.5233795609198424, -3.2674511810092, -3.3912139352256183, 2.7890536273044826, -2.4053306137645576, -1.1175621824557207, 0.9671600289806861, 2.4185396080733703, 0.3950615986735899, -2.909110757844404, 3.2911251904383385, -0.8334627979493303, -0.5430490119215798, -2.0296527694409545, -0.05955776747342667, -2.561931346306461, 3.7254882835113263, -2.6827669075761262, -0.02401916475239374, 1.1929088530058665, -2.573972271532247, -3.5222093326389188, 0.9104913314045024, 0.7706342723246122, -1.4602920885493567, 0.5210326824310649, -2.7288422905358085, 2.895313201776407, 2.046207294542079, 0.18434106907494363, -1.3504035515792139, 0.8414629956455815, -0.7401743221767516, 0.791112399604611, -2.567063816619549, 1.8588627916502338, 1.6545129012308317, -4.529479277988217, 2.8998500423782296, -3.565489484092411, -1.3679632921380835, -3.168739591002522, 0.20130037653245153, 0.1090259104963871, -2.7465672835434276, -1.9884028810502343, -2.041694475519985, 1.7990400801857747, 0.02028331538761708, -2.2943979139330923, 3.669361946152407, -1.3815330507126926, 2.671975034224462, 2.8119376615425047, 2.349635964905203, -0.846728350464719]",0.972972972972973
18,"[-4.322650098167185, 3.7568438973619136, 1.3054241587967899, 3.0297289892862738, 2.3616643478427477, 2.3240827896591343, 3.6898871948031027, 2.332380708690835, 2.0840533399957692, -2.999419501451854, -1.2365711897424505, -2.084236372983264, -3.527958034038758, -1.528494332728781, 0.3206468848406081, -1.9551562019811213, 0.4430173926544487, -2.2411228506186642, 2.439713113822673, -1.603861326515221, -3.053600516335853, -1.7797758081466821, 1.1909718229839141, -1.8659190854898986, 2.0401960553517102, -2.655691285805873, -0.10988248182146765, 1.8719424916097416, -2.2704984620133803, -2.4059077084035283, -2.2082509105374806, 1.022814678491027, -2.8314375654873896, -1.9908469093730368, -0.9482709345159175, -1.6335006483905614, -2.192081072017969, 2.4431107102528777, -0.9761789004570158, 0.45654723018101784, -0.34388395714245346, 0.06011241909829068, -0.6953993431240079, 3.443803206454467, 2.8212616937694506, -1.412711358737936, 2.648803497595752, -1.3139168074114898, -3.44150707390087, -2.170674147481549, 1.6116949159059417, 3.1643550841249257, -3.6994789605144813, -2.8078503556911194, -0.32036286878152653, 1.2569100432198164, 0.3809727824229704, 0.00685458126364713, 2.613510339195356, -3.0394756719045244, 3.0477159375405414, 2.62327391876764, 0.9546885357933417, -1.157873595541484]",0.972972972972973
18,"[-4.34574370287879, 3.4893746337553204, -2.284688424789874, 3.3824849984917833, 3.555000404072987, 3.981264501309518, -1.4508901016163247, -0.3475977394258736, 2.9598007166513427, -2.769498467339701, -2.900595458442546, 1.4977740003559639, -1.0489006433898491, -0.2503522140481214, -1.2114643605364308, 0.7341091721476971, 2.4830999042424162, 0.46485469931240475, 2.9907701727897753, -0.08150931834128872, 3.3232403357291123, 0.8184096169962396, 1.5993471432225528, -2.8770075705362457, 3.208289327520733, -3.249243219273758, 1.0862088330739939, 3.608061769688668, 1.3724913594831607, -2.2924089799697986, 0.5140571034515311, -2.0476664534154883, 0.4383327222120337, -2.753419664653731, -3.1230029285220553, 2.956217339948535, 2.389780355854061, 2.8609614588818535, -0.13157656216677616, 3.9350830391787897, 1.05460865073645, -0.685047261211507, 0.29132473297013917, 0.4212089973623228, -1.1079689739358602, -1.2403754966661695, 0.939858135020603, -0.28866995555156105, 2.613848428932698, -3.2742568909855176, -0.7417564411500863, 2.1032069952747987, -0.9315714185024877, -0.9952615644107823, 0.7781025880694348, 2.147902562884181, 2.8436572274512173, -2.174836385575081, 3.0577703483777707, -0.44398396676809804, -0.2419377883551631, 0.7904755267889656, -0.978101059193452, -0.8052818584348328]",0.979381443298969
18,"[-3.224388411025815, 3.21264504187226, 0.9684295009316246, 3.4893026436301726, 3.4022365097083838, 4.108668182516832, 1.7465943314685455, 0.15480915459124484, 2.341857989294341, -2.6662087354830217, -0.4455442237634477, 1.8278974236482721, 1.1707166524792552, -2.047592136502642, -1.0566177094455407, -1.0288471418913747, 2.1882912235235086, -2.0330086295163112, 2.480770953664005, -0.5655542947393188, 0.46643871766492184, 2.778377081123697, 2.980951469848551, -2.6049290621538264, 1.1601481862331209, -2.774407548262003, 1.1157777968333416, 3.1218571258792154, -1.2534129736534154, -0.7574892725534126, 3.266401396385131, -3.0122331000201803, 3.5458421719576227, -1.2776146545080864, -0.454504656895077, 1.385436438980904, -0.6430547887859365, 1.8687972038790481, -0.44323045252103915, 4.301719937173492, 2.239165981238337, 0.2672718688590804, 2.2914719378286623, -0.5619691877881152, -0.6926857793919777, -0.5893131656807569, 0.22831254798673117, 0.2032406868004777, 0.9891952584101668, -0.16486199174786975, 2.978855009727479, 0.5114581989106817, -1.4014750524150599, -3.1086337647315236, -1.920504472967877, 0.3654093314967076, 3.1246983787549834, -1.814939511531095, 1.8391025104683152, 1.8679877435141061, -1.2432809798171358, 3.125526861112249, -1.4109089357013778, -1.9591372122741442]",0.979381443298969
18,"[-1.934840702254949, 3.4962958653801377, -1.6574319831293909, 3.7941781876465566, 2.5953625882220326, 3.4561856819910424, 1.9123193819257223, -1.157257159369042, 2.4423409398848657, -2.4032359194670914, -1.0331781742140687, -0.34109209313534183, -0.3227113775775915, 0.9727504303484773, 0.6421039965828805, 0.4562982149637411, 2.147767177312793, -2.5723009656659923, 2.19964867392121, 1.5719109134712792, 3.325340637247392, 4.124423896482717, -0.005169424586818128, -3.02571785121071, 1.6487689616552725, -3.5593398976040023, 1.2632701239093342, 3.422646437449474, -1.6390472010267012, -3.068461477531531, 3.0531799325081552, -1.4762217259792856, 0.8731209626515328, -2.8133781918859606, -2.9550562436526473, 1.7238712146763082, 0.7206100866940766, -1.646065484854459, -1.57623509928644, 2.2952487971850575, 0.8504202620573196, -0.46722854774469424, 0.8031900810156276, 1.7287622021270037, 1.0500837346564336, -2.201430387437082, -0.5073243929716427, -1.5760980297286675, 0.7283147267364767, -0.9708895190123339, -0.22093835355644176, 1.4411109259461328, -1.7116190396758042, -2.7118011387337946, -1.0641660952123544, -1.6781019017406649, 1.8130919893418835, -2.038287375172795, 3.035717257504544, 0.4367522934907516, -0.9033074973037301, 2.714700869429572, 1.2423536120079937, 0.7478737904548488]",0.979381443298969
18,"[-2.2640067874000875, 3.9827579685711725, -3.2338346741580106, 0.26398165440036214, 1.7764231272300637, 3.3597604790520963, 1.2022233771514268, -0.5565086010401368, 1.3530963798068942, -1.0306693911659794, -3.5150977060803714, -1.835268105637872, 1.2156914623622643, -0.09586352169045564, -2.642479710113297, -1.2283228731290765, 1.9446119903430221, -1.2694127014408592, 0.23818725042782285, -1.330787076119412, 2.4194416866096127, 1.8238040627417589, 1.0984216925988044, -2.4772548112451767, 3.284129267060977, -1.8884800950499836, 1.4416614444288127, 3.330734487006032, -2.9558947077045703, -2.349474751970476, 2.040359318976627, 0.008320982631498691, -0.05683889099458761, 0.4269495672702321, -2.7625648044566864, 1.1225913061539186, -2.596774822598604, 2.6038117156689005, 0.40443419713310624, 2.546218502205079, 2.969870921263916, 1.062862386698932, -1.8833899637029243, 0.26432077192503994, -0.3921861921326011, -4.476617281502053, 3.0173361914748726, -3.439766619692878, 1.349551397649822, -0.43364898803160595, 1.1798351785196382, 2.3472305359881886, -1.9962128663209873, -1.0241570257446349, -2.7412350108619314, 1.2655984782961056, 0.8525824544878541, -2.858685055246619, 2.726312619479705, -1.7935375902525164, -0.7938031374289582, 2.8786031409174133, -1.0844995440263283, 2.4154946388951783]",0.979381443298969
18,"[-1.6656881053010533, 3.917565913007051, -1.8350534440846777, 4.313056841739956, 2.93711126269367, 2.5298715617377336, -0.3165852061701566, 0.3613332636924814, 0.2579600095176784, -2.9354945479636254, -3.0042074415877726, 0.21014236176576329, -0.964732109986062, 1.253396756586546, -0.8942388927520637, -2.0652452237308045, 1.9492622839142228, -1.4946140552760276, 3.4238777768602753, 1.487544737609174, 2.6067453892458694, 3.649359132077074, 2.0542057633035222, -1.2124986083136435, 3.0749186546149545, -3.3732169075107654, 1.4811097047442812, 4.175043832588776, -1.8245546919189712, -3.7028049897561437, 1.8497327323756099, -1.4781142835118943, 0.4994392332494928, -2.1607206137479826, -2.963905609737247, 1.3529727656799224, -1.1621846926239852, 2.8081758003329584, -2.6492350382419465, 0.3656905720785618, 2.5442925339359994, 2.3001104454318715, -2.7375457999162283, -0.7239981495628439, 1.614357493775018, -3.228996739203391, 1.8638741426332373, -3.6348630783661875, 2.1689524099051942, 0.6256082013794125, 2.05439324528536, -2.648210791852764, -2.445730415936932, -0.24145212232239804, -2.72826506862399, -1.6608494182060132, 3.1081242386680747, -1.7310411126900007, 3.5553763648435783, -2.952489441409656, -3.426401409717491, 3.021575002437279, 1.1138063522764705, 0.0036979203935796345]",0.979381443298969
18,"[-0.29417055889879506, 3.3271906937528994, -3.235010386828064, 3.428304535400873, 3.965956783121194, 3.6256962402469632, 1.3430928825420674, 0.1177004903352733, 0.8235980043712101, -1.939566800288011, -4.080263526213725, 0.7513347286292479, -2.0564831880209327, 0.16440305317653608, -1.1515599160860166, -2.2255386648377327, 2.3875369146709446, -1.7269452001444048, 0.9569311558745328, 1.3530382983844562, 2.9218542553968234, -1.119565243062235, 2.958616786531201, -2.761146623545895, 3.239503272444504, -1.9245831062007093, 1.1003094782740985, 3.2229496173061962, -4.230312779478649, -3.838214689743697, 2.613503442502518, -1.1643638410281056, -0.5201624209791185, -1.016352245243388, -3.077837139669371, 0.04549832275462995, -1.6015129911664245, 1.2048824022217608, -1.5690701598828762, 1.8388396250292716, 3.1326572435400357, 0.8441955632305396, -1.2809066652711485, -0.24638464293029944, -0.8112400186507222, -4.165751846153079, 2.1418538034905743, -2.3572987084837496, -1.0276407598816228, -1.1835143996233715, 0.26543335841175963, 2.1690891976312257, -3.7519332919324766, -2.361016366004475, -1.8262873745125723, 3.2805989896024204, 2.7598128847652097, -2.881953387741368, 3.5970596518323643, -0.10699810470165216, -0.9922876029254489, 1.0495785634219745, -1.3712694122638056, -2.715689482994364]",0.979381443298969
18,"[-2.1734586141719543, 3.445802260959762, -3.1926860211643078, 2.4983457006570804, 1.568985514056248, -0.7770952952275629, -0.14322945598662318, 1.6009331848377633, 1.2970988762798743, -3.3096178604772564, -2.0197224296727336, 1.3764023875679494, 1.2558014631507677, 0.4674164026873787, -3.0959044153316424, 0.4986397616008178, 2.1583454859629647, -0.9232196944391192, 2.5718982320445822, 2.636102787886122, 2.792096962258382, 1.6870840960999813, 0.8485399191574141, -2.901576761161373, 3.7310753520146003, -0.3235215622864094, 1.2785485723506174, 2.9632716470987224, -2.6925426515399984, -2.4893094285170525, 1.6042562790726276, -0.21817681813124884, -0.8028012223193852, -0.2215141817668812, -2.7552448985381433, 2.0090594429188697, -1.4307157442168315, 2.902837603085319, -0.45706515962717575, 2.086544331644515, 3.5497881469302497, 0.9637780898229626, -1.1128392778829044, 2.042865357198746, 2.166804723862892, -4.491423207035858, 2.610731433322189, -2.0959425662773996, -1.9640007470966703, -1.6474711644794602, 1.6718491835068523, 2.1285736094803234, -2.0858066590597755, -1.0236679045364574, -2.0058931945768372, 3.3530805860000896, 3.1511328015248496, -3.0829552280287675, 2.474153416249062, -1.450379826085526, 0.014205265520195187, 3.3496198535949406, -2.7445458369338027, 0.1286447048391659]",0.979381443298969
18,"[-0.9210483078770342, 0.48987088494869324, -3.0589838823351516, 2.3874289344736885, 0.8934205876891953, 4.067883355053021, 1.5421614516226902, -1.843692001017655, 1.5253444175125574, -2.5794537131557056, -1.9070844912339155, -0.7524561031187624, 0.6747295689058646, -0.9841358394848425, -0.4661962818131921, 0.8745562710277037, 1.908194558706937, -1.423062640684875, 3.653943541428992, -0.4372814433094776, 2.6914299473248913, -2.8758272494251464, 1.6865666697683006, -3.4682775140453783, 3.1932948861480126, -3.8242077273354353, 1.4226605484044736, 1.698008904457741, -1.73409921879975, -3.8397805393342965, -0.36442046846341913, 0.4046046304326729, -0.9558951931370141, -1.769840610523632, -2.274117588433593, -0.9449927435243541, -1.3900965346346579, 1.5783563527504396, -1.1959325668630783, 1.9256932685554833, -0.0872193601075466, -0.15876510832111612, -1.7848758106241016, 2.1227039613607626, 3.889310767900436, -4.6110000690426665, 2.176457917645479, -1.893541598482014, -2.681114455134164, -0.042321128769275795, 3.454829087372276, -0.8042133221110012, -3.53641260743349, -1.8410696425486317, -2.6456184940295784, 1.4223905097302807, 0.6303254550456275, -1.8745114496748123, 1.3714007342245722, -1.9769827817512375, -0.48412602313548614, 2.6404175949437763, 0.031405081829459, -2.1946890453177916]",0.979381443298969
18,"[-0.5205607239215851, 0.2657062018783811, 0.8182429612807529, 3.1757293959982107, 0.9883800515022639, 3.5053143031519065, -1.5041184027849743, -1.4091441122585653, 3.0450861984709863, -3.0606561488761193, -2.907735500846143, 1.128501303804547, -2.1711609016313513, -1.2789797800911185, 1.4408468198393558, 0.8326142383108776, 1.8810576565167167, -3.0056835160176965, 2.92972097520281, -0.22112190315255872, 0.9427720786049099, -2.1980705257951207, -0.31139671884354914, -1.6695048918132684, 2.934237685060015, -1.7130867341253064, 1.466723094552428, 2.399344584964399, -3.963463190747177, -3.779170836492144, 0.8921806874702103, -1.9839804286447607, -1.1331300148634664, 0.3899329988897663, -1.7446130208780328, 2.1378930421297597, -0.650232932842464, -0.9792136993301357, -2.7577079679802745, -0.5638287683544084, 1.287124323944216, 3.0400084494522512, -2.1359832374261645, 3.5058752458745603, 2.618045883566547, -3.5296004556773477, 2.868770611831923, -2.197440147785069, -1.695796062878386, 0.6038153963108577, 2.352272813706519, 1.543313613014465, -3.5565137847751993, -1.1346894389661528, -1.8032654788461473, 1.9620909466924605, 2.2379604637398853, -3.620260825533683, 2.3741129619012304, 0.8035565956189101, -0.9307860429705646, 0.9833126593735608, -0.7238564154998832, -2.1271361645829874]",0.979381443298969
18,"[-1.8798035421221972, 2.8752871546942784, -0.8279819633472283, 1.6922671902026645, 1.6009363290060266, 3.664330735699645, 0.7898394699605481, -1.5837306046050348, 1.2117680628132403, -1.2090186946927888, -1.4775737695566145, -0.19854586116932793, -0.934473778428421, -0.45204628137589464, -1.857262981288466, 0.8169993690238475, 2.0388136273103274, -3.247771003188291, 2.1390979536177044, -1.7609596348926326, -1.0752092981291501, -3.2711193862961654, 1.7409209903624099, -0.49708545522332814, 2.0632500127669933, -3.250522651304562, 1.1136273525089675, 4.0690121822504945, -4.064833715560423, -3.6169730433267633, 3.2491670606478333, 0.670915975923158, 0.36136069939653714, -0.36504339238374317, -3.0929477565232877, 1.54842943126538, 0.033219281934700695, 2.425684580884142, -1.506847753814661, -0.3595706150612924, 2.171760871869522, 2.709680560446367, -1.3738902034470877, 1.2133733936878304, 2.583686528664483, -4.013268143157436, 1.827894957642509, -2.9272742108811896, -1.0653563477202463, 0.12072232090424001, 1.084683716178557, 2.519754875259314, -3.271965505665408, -3.0888084631230948, -1.853659317968872, 1.908050416905125, -0.7472490813040412, -3.4564117343102825, 1.6825288871922233, -1.4964760426802166, 0.32197828847114573, 2.5020754526473166, 1.0257988676436358, -1.8531861347849627]",0.979381443298969
18,"[-0.9747561816073014, 0.3861159808033089, -3.09198914057124, 3.4942878418407926, 2.2433253673970555, 3.4708161767463404, 1.9779820202259688, -0.48712509094811673, 1.7408237156252648, -2.0373374617838653, -1.4708740476473077, 0.8022495766299598, -1.3308202163506881, -2.1647488393796173, -0.7214034248076809, 0.05693408150340057, 2.02323106657017, -3.7331335633787885, 3.6889284794958948, 0.014164734674998042, 2.6767964010851335, -3.224903661462452, 0.39491117932758696, -2.599626889349837, 3.179450080763662, -2.2272659171608176, 1.4869532016187776, 0.6973482963754636, -3.3937093412014883, -3.851629441253711, -0.947330056083397, 0.34686324957982545, -1.1159519569286367, -0.7168613614907815, -3.0153370011057503, 1.020128716035732, -0.8082883491032075, 2.2411388000565027, -2.2296110531651636, -0.3414408724578074, -0.21867577518003478, 3.1353056089211675, -1.1750363992819004, 2.640015434959626, 3.7816867494825757, -4.32469503083953, 2.663774283638198, -0.9744614970268914, -3.244120413119873, -0.45982050625146453, 2.524225246674119, -0.29813111363481304, -2.6113150261381834, -1.6413907520225006, -2.719325675355285, 0.4598293161466218, -0.6639654560982668, -3.775025189076289, 3.6944062629792453, 0.6491588908135666, -1.524019297431673, 1.7407009794922352, -1.0949092319277367, -1.3069843385891822]",0.979381443298969
18,"[-2.4081376357883855, 0.49379324477344544, -1.9397592076828094, 3.9963193474639875, 2.176540407095282, 2.1534850463218076, 3.713345916905882, -1.5605735239151932, 1.6260669163667492, -2.7605199581094317, -0.8391504251599538, -1.048229568149246, 0.14465934133775765, -0.5101426167387884, -0.9190542645970591, 0.9665308488494566, 2.0535057383960673, -3.7725718310173177, 3.0093204694416573, 1.272532544887731, 2.5216166668424487, -2.6443097201066723, 0.9137224011091626, -3.2175659419524107, 2.6128882825753803, -2.5421260336255656, 1.3765964353197653, 3.9087690916219127, -4.225232670324392, -3.5650044070876286, 1.6614918566978822, 0.0649124060365951, 0.7725442505070594, 1.3608916743417454, -2.4862472094674732, 1.0598843452807123, 0.016638560798558355, 1.2630865829467168, -2.073064010265657, -2.149194476692102, -0.5576786533324495, 1.970120404111177, -2.5511235529685465, 3.0409666780050255, 4.142437658761133, -4.481519081578135, 1.6770646115316934, -2.3771291933103718, -1.7595722990535811, 0.8253022921149826, 0.8288755527536386, 0.16920403346255258, -3.492883329087963, -0.5212681331940234, -1.316756394856652, 2.3303887325543, -1.7233833341491873, -3.346284415113495, 1.8068835208024656, 0.36292582392990136, 0.225568304263719, 3.7075575628398267, 0.6400584825435498, -1.6736206950773593]",0.979381443298969
18,"[-0.87049225673892, 0.7390072460835424, -1.107406844279588, 3.5219162406751865, 0.26247662575096165, 3.140971987909494, 1.5455819985759236, -3.406734712207073, 2.043364516445305, -3.0889132828465584, -3.479647732007431, 0.12078619329062129, 0.5929808659289928, 0.9049509122902843, -0.7357786720925023, -2.2464951682129772, 1.944621622687178, -1.5169376289609182, 3.0497896065193695, 0.7456099530653677, 2.1039989894651705, -2.3756921874620103, -0.7498902978805689, -3.5421987179856322, 3.690828551343051, -3.023046516125768, 1.4167723179533802, 3.56023244370459, -2.6644469952282943, -3.0617425701628287, 0.7027000695236341, 2.339221649552222, 0.12960954069606312, 0.37062680227344214, -2.921690889184813, 0.3691230001224399, 0.3067214104258418, 0.6564472449498063, -1.859094910086164, -1.7114075432693838, -0.8259700182238879, 0.8942875669550927, -2.194748124264975, 2.0014992639904365, 3.571132059468689, -4.277033267558351, 1.7741048925677987, -3.5466556865256798, -1.1956287962715018, 1.4274415667745532, 2.3237431740103287, 0.8637452827382713, -3.496597907061567, 0.1875121352847393, -1.9454572057718105, 2.6608080822573337, 0.6497433989930985, -2.862571972184394, 2.7334950110307257, -0.6510003451976221, 2.4021000588345647, 3.5798713168253955, 2.1827179149037756, -1.1908667117833742]",0.979381443298969
18,"[-0.27025172618206095, 0.10518476206612792, -2.8479833730580264, 2.751195328755119, 1.297475940044972, 4.136647540763171, 2.7128262189509407, -0.2807371259572514, 2.361259292425395, -2.9918572239540806, 0.5660004849279929, 0.08531081337899257, 0.32162562540468437, -1.9178283186927565, -0.9922134344603539, 0.40623244075774884, 1.9755124908012454, -4.226992899757754, 2.0523639807282823, -1.7641197777113418, 1.6920538396380893, -3.205164916961789, 0.08388924601919567, -0.6275436742901281, 1.8989187021460776, -3.900141760742785, 1.3597585982150737, 0.9939199614793832, -2.934254441899608, -2.750941593447143, 1.5341638492684924, 0.182916750663338, -0.31303101500928204, 0.5242352189117931, -2.639189901604013, 2.6892857655183, 0.16081979323972373, 0.7717575550727789, -1.983656599123659, -1.3592443670257917, 0.5775006314155819, 2.180692528801714, -2.8330637038438877, 2.0588221044677404, 3.1352251357532612, -4.262941046656946, 3.117251877515351, -1.6275072636586247, -1.8421789850821515, -0.3627117776407787, 0.7653989215084823, 2.53964927318762, -3.266755261041042, -1.5617233318232775, -2.2043673066327214, 0.9135512650726902, -1.9772980598606298, -3.576521689881038, 2.667035253870539, -0.3807355659008935, -1.23566519234014, 1.9864859563983717, -0.9748526852274633, -1.6804473036515803]",0.979381443298969
18,"[-2.1933940108181087, 0.36764695746911735, -1.4475145337595705, 4.068148021328524, 2.1213799540334946, 1.9383262342138599, 2.037612313361618, 0.9306877965333772, 2.3112557332064614, -1.8697195461517238, -0.539569378471644, 0.8047461846086206, 0.66981756965684, -2.0665285577455292, -2.5487318061992403, -0.4283681493988914, 2.1851914939097785, -0.9117313258382249, 1.7374167797848514, 0.2384983417461189, 0.5305023765265606, -3.1850077679045694, 1.4727576531529536, -1.9946311978068534, 3.2439491087729553, -3.955718544333634, 1.2185467964840213, 1.618369792447045, -4.207001828153331, -2.5271812699102734, 0.14531090303397176, -2.851186800947503, -0.9484360822693334, 0.41712240787525756, -2.1219070843231, 0.7994602468207604, -2.736168682514284, -0.47746893121437717, -0.7316314265231441, -0.24230989849527193, 0.9003754605558099, 2.7022733814083093, -1.5455854790906614, 3.278018548786127, 4.044798794706339, -4.224298013469288, 2.536093389759736, -1.6071460158090385, -0.5950872086794858, -2.109608052987288, 2.9990802363560505, 0.7256305552232843, -2.318640936353386, -1.45905710133438, -2.7324694089474852, 2.2900577912975133, 0.6804762556706686, -3.9550222264167743, 1.8210316339597168, -0.1542736811218418, -1.4178570116054414, 3.1383597375306675, -0.8937329767491886, -0.870937588290471]",0.979381443298969
18,"[-0.06918176975957668, -0.34387769219465447, -1.4849085135669196, 4.02284890866494, 2.944539633916309, 3.1536382939700562, 1.9120033278868778, 1.562935975305951, 1.9515938637960366, -1.4071386099063972, -2.523063100321803, -0.3404350359319965, -2.2293085258800236, -0.8962059767180721, -0.11748076222957371, 2.069161280109572, 2.1464253536019333, -3.084256269372115, 2.384534942837971, -0.31288777024871534, 2.661744820137142, -2.5289224825065, 2.284959481399102, -2.197054082642137, 3.5754025960065943, -3.931384824657118, 1.3155895626744358, 3.895067469362224, -3.3744634040551293, -3.6511901367309205, 1.0475248510909092, -0.6398347002173157, -0.9630284408350036, 0.0835437397207141, -3.115413355077188, 2.4053602431763066, 0.05345127012546941, 1.1504362556635654, -1.869497352104869, 0.02456265602174207, 0.7196270169576017, 0.8450090706344489, -0.9629855184272325, 3.3897743761852714, 1.5945553169729028, -4.186161706995668, 0.8402353279375525, -3.2086866294964986, 1.3572238545725808, 0.9790659702417601, 1.6868669895449588, 0.8010422315483503, -2.9493917419865534, -2.809462800404935, -2.7316281659808155, 2.196823214068381, -0.23217919172334278, -3.9512858855764845, 2.2686146101474742, -1.2644325993596541, -1.0279279021541297, 3.843603802329539, -0.4344580866221621, -0.22276032004972834]",0.979381443298969
18,"[-2.4855636453794387, 2.337346017250635, -2.5384317083421593, 2.7065319670422636, 2.2731714100145384, 1.7828434092030454, 0.7503375959810533, -0.5495113854263011, 1.7587220837555084, -2.721100671872377, -0.7938443540866693, -1.1363621756891404, -0.5490033859341474, -1.425765707185692, -0.5427746882065447, 0.7071199220638699, 2.2828442969953384, -2.3831165897130573, 2.395112966695052, -0.5520818258095764, 1.5781891445967764, -2.7091418185189333, 1.042275836144801, -0.4829541340655681, 2.6070309458474106, -3.478758922112577, 1.1047911028860375, 1.0762521451473634, -2.727081620354264, -3.5395925439519713, 0.5105694405523207, -0.8930613992786676, -1.5641225370167213, -0.6701982802047118, -3.1343199329504334, 2.5589964556048734, -0.8140952863955342, -0.5716295023482523, -2.792667129885901, 0.2859831938346601, 0.4114087285492864, 2.807965401336207, -2.4703972285766462, 2.006528166374652, 3.2367618479678892, -4.58334436578619, 1.6603025894415302, -2.986571841087685, -1.7183186781041073, -0.11107245954767637, 1.096073330083836, 1.0781606277642402, -3.758819702066671, -1.5668889863306419, -1.417951638649952, 3.269099321168138, -1.3468792399065261, -3.8586483906823412, 3.0617080412894007, 0.04935688500308644, -0.9133602254931665, 3.854002685410075, -2.274238401885718, -0.4747391773612819]",0.979381443298969
18,"[-1.7772395305651205, 3.2442902168259344, -1.43672442747194, 4.173970033834399, 3.636331311044725, 3.2844792501291806, 1.2864634251196534, 0.3397600863789677, 1.833958862698044, -1.5709131686119215, -1.8531394487590724, 0.41592803388025623, 0.5223207913735446, -1.4273706846729715, -0.4297349516318293, 0.48384179709249264, 2.298734780418177, -2.718478975673997, 3.692290997584007, -0.6833885077334888, 1.427097791952229, -3.054705907550869, 1.5032889009775132, -2.244036879539743, 2.859903868328123, -3.6296010465503645, 1.1413411990993825, 3.0248699078101424, -4.044055428869076, -3.7525532462761735, -0.04638215513733435, -0.594788694528406, -0.659435719955219, -1.4452151430816862, -3.003234649220818, 2.797864327094271, 0.9873018075914088, 0.15022108337012186, -0.6758746648013574, -1.0268321002192917, 1.9376559797959487, -0.13643972948675698, -2.791662253895441, 3.3512065641468163, 4.063937436279158, -4.589403134905563, 2.7677405534978488, -2.0154593681332704, -2.966001317622605, 1.4171032444656517, -0.8292752420066938, 0.619351497302911, -3.6602421751332574, -0.11961138334853261, -1.610521058229872, 2.6348279977092854, -1.2937191905752474, -3.5705828884156787, 2.6341647949092994, -1.6038346711723044, 0.043403544061088484, 3.7788540913276853, -0.9401395192049531, -0.7051740523365384]",0.979381443298969
18,"[0.38617415370233776, 1.216763486982641, -2.0796480216191786, 4.120802105302497, 1.9978144904796802, 1.5591293676592444, 3.6176705302937378, -1.4062715637800132, -1.0143593818725645, -2.8848694022608554, -2.0878262098083, 1.5858025093495063, 0.17980892485835284, -2.2062471458169357, -0.3354858926993435, -0.6896823364086813, 1.880659974768124, -3.5245802287353913, 2.293887710333327, -0.14748308312639025, 1.6478565715951612, -2.496600300189836, 0.3034030433172063, -3.28299561070855, -0.5600174502614919, -3.54433970275525, 1.4888208941702445, 2.8451726877779056, -3.091186396401948, -2.7183098156705174, 1.2674159213280844, 0.30923451792044393, -0.8231818866884189, 0.6570340317564614, -2.1321150159183624, 1.8785119664182306, -1.226646888484735, 1.405832466440457, -1.6261485003649678, -0.6650531544212674, 0.7288709996999896, 0.3493234313183753, -0.8852733997253912, 3.499045082757868, 3.6080104682228042, -3.824357560698454, 2.3135494610907963, -1.3936959045184605, -1.9982032871737376, 0.8693989700807494, 2.2291218830296047, 2.5667775427952986, -3.272945285235828, -0.6818691277511859, -2.7119365783590212, 0.8032970185422181, 0.3890633657268996, -3.702878244084637, 2.252540369158528, -1.5389217057257472, -1.3133949954200292, 1.4259813423009051, 0.09570756102785072, -2.2499776932317186]",0.979381443298969
18,"[-1.8264308642806868, 0.855970238784688, -2.708901524676017, 3.148428580308027, 2.6600114045601706, 0.20076540112409713, 1.890663877726012, 1.0525833818824486, 3.1015080686767056, -3.265677961155646, -0.9190364051105421, -0.1735294522194915, 1.6101379924568306, -0.7007720790032209, -2.4651937695771613, 0.746217769495571, 2.2282166706204816, -3.296853724951769, 2.422458676361504, -1.3428979123977016, 1.8213080571429971, -1.2212368235545645, 1.6630586827704636, -0.8034008301429012, 2.492093787077982, -3.6728150794688696, 1.4021514788878244, 3.550304731233236, -3.1009638583084884, -3.2963123010010094, 0.7882053103836104, 0.38757551929302525, -0.761588002393008, -0.8306217907507905, -1.733401394220503, 2.9139902582548345, -1.294312669582652, 1.7317121025648414, -2.304793430973196, 1.1628771728255143, 2.204461860909383, 2.43607482896484, -2.1329915955602, 3.1330018142277103, 3.4993778836669227, -4.608833991141005, 2.9307797393863417, -0.7850254757116031, -0.9990846044819491, 1.4617413632473881, 0.6514841403048252, 1.0240770605916558, -2.012878875752307, -3.0129908706408934, -0.9205347994258304, 3.334755876588932, 0.21400144174859403, -1.6318500427303317, 1.0364789226643945, 0.8849007478723536, -3.028604752410177, 3.8398051388803243, -1.2404757645578457, -2.7278013991518786]",0.979381443298969
18,"[-1.7505173086689916, -0.9429387430263532, -1.7477889167485423, 4.210966760113841, -0.8856052326591131, 4.129990835200919, 1.822669174282524, -0.2407467483582769, -0.03903396081991817, -1.2911090407638806, -1.3506031476533853, 0.23643815766226786, -2.359216334990764, -0.34932373087068747, 0.19582212910463864, 2.3268256614191953, 2.0824480010146504, -4.226641260430606, 2.5212487867169107, 1.6183122086982635, 2.858219319140182, -3.220941571583059, 0.17878351090660616, -3.141156542652294, 2.8224317583095284, -3.264262310495062, 1.197089515112327, 3.3362234004271465, -2.497467170721816, -2.9668623158985836, 0.5078165786371754, 0.5064540042658923, -0.2614760280426002, 0.8973086927214801, -2.7375176531410546, -0.6429867777916467, -1.4165108550655119, 0.33391679321523327, -2.1559464239413657, 1.0809354799564241, 2.837039794695114, 1.4511770616775577, -1.7716855600844268, 2.65498886901988, 4.141824768514005, -4.492086911271807, 2.36487081893829, -2.7724917389591472, -0.5088648788069248, 0.0914824596045744, 1.7097688899128767, -0.037825636333309154, -3.7641365594825755, -1.1918982775950195, -2.7170469146914744, 0.5895446168068157, -1.0585899181286993, -3.3262612238938694, 3.391080584760552, -1.5715554073560019, 0.9957852667495262, 2.0228417132608207, 2.092944066241236, -1.9498962354759017]",0.979381443298969
18,"[-1.7322678546200527, 1.8615639273112143, -3.2298408314593177, 4.1823931028514565, 1.710311943145229, 3.077128054009825, 1.7831762561541353, -0.7140300365139505, 2.455609007589565, -0.9697878355421621, -1.3284603182352774, 1.8220497586454298, 1.7782150054956316, -1.1594486003937827, -1.5652513108893436, 1.0574083956152138, 2.0839364177902127, -3.10686607202243, 2.6024672856011493, -0.7434791895752669, 1.2475002718857675, -3.2352680718377407, -0.3744988440273176, -2.9252719919079078, 3.2741860448390447, -3.954754250530555, 1.4830618826210427, 2.813770443730633, -3.633606701011286, -3.036937441558976, -0.5210395332317561, -0.6265377126003736, -2.0001591772609886, -2.516309503451982, -2.503419774848653, 0.32889802672215374, -0.06428039630386717, 0.3965117738705236, -1.7313166330146716, -1.0855649353791974, -0.5115966718194425, 1.0971826196432621, -2.315229259385389, 2.3253490458932324, 2.579167383858895, -3.0632835284708406, 2.182028969198886, -1.6047999001475945, -0.8841271240020193, 2.2258483561814426, 2.5077763167184948, 1.673205102979749, -2.888172410199002, -1.3818234745224454, -0.7243426103117034, 2.9511371036626453, 0.8613980937358352, -3.9056726882287207, 3.21349185270514, 2.3697346237305896, -2.5903170414583903, 3.8565027532028373, 0.8390925107889899, -2.4060492343735085]",0.979381443298969
18,"[-1.6815073946744878, 1.1223920373567358, -3.231332262092809, 4.2674016690784615, 3.596723068879058, 3.5798578938455874, 0.9456086816881474, -0.09379511646627786, 1.1421030938894567, -2.325583162696674, -1.0413486570798525, 0.2243300775281098, -0.3134770412752178, -2.0637737630071165, -0.662964550353496, -0.9973694861570432, 2.3872426971489054, -3.829878189363014, 3.664234414641427, 0.9633110757006185, 0.5800622167293039, -3.145961679552799, 2.214808958854289, -0.9079183094783385, 3.739595854705404, -2.2478764213789573, 1.0581856435478714, 2.4996882476180113, -2.721587209699132, -2.9492622511755187, 0.2878788031205627, 0.6021542198535643, -2.8258548729140114, 0.4719368121506169, -1.3501480134366364, 0.4579401908253473, -2.289341188423197, 1.6706974347725851, -2.8303450451629453, -0.9815587363562883, -1.2577833337254873, 2.9848998739182893, -2.1220710934505025, 2.6987598231498096, 4.119007346509415, -4.54419648108264, 2.3097658172544566, -2.874717225794681, -3.620433189471857, 0.19072843391396926, 2.7010347174028393, -1.2156697526338034, -3.53125499904738, -3.1010771016428325, -2.365250088443384, 1.8028498096927303, -1.2148009895892575, -3.6846791757951003, 2.429576774468251, -0.7281966867441654, -2.346895785846229, 1.6736524824312993, 1.074324948157205, -1.8434681380664362]",0.979381443298969
19,"[-4.48538930109675, -0.9007473674972495, 2.9110569126378567, -1.5981468208875786, 3.5697887332124023, 1.9424819998249978, -0.25735166474448756, -1.6529749652178523, 2.2548327712634793, -0.1743619979304446, 2.7595694298277924, -3.6069730227199592, 2.0520990519576676, -2.360796184466608, -0.9692367817042922, -1.0457750035089994, 0.7466807443283159, 0.18030852098014072, 2.9286101074448365, -1.6392359624204822, 1.5396498847013502, 0.836485352331145, -1.6765394697588687, -0.7527455003136425, 3.434331423201788, -3.8210670529538056, -0.5849618580245673, 1.901832657518562, 0.9203834906848609, 0.5707360834570587, -0.728784240541221, 2.84155520818327, -2.036108525367085, -2.138181409521101, 2.8013321673377014, -3.374885764762603, 2.7618806543552825, 1.4426125627251425, 2.711886295723856, -1.9697820540748483, 2.6625787105426895, -2.3931911125286796, 3.7804063850744942, 2.0331965198370945, -1.3573887751532343, -3.3181552907463345, -2.6629662091798636, 2.3092955984932333, 2.1494318972477546, 1.6762454654973855, -2.2120914072640883, 1.7640290411793882, 2.482816760341975, 1.4588622300330378, -0.511037407616046, -3.872821011532323, -2.4585811084657188, -3.3106223755544804, 0.495620859324399, -3.712002743108546, 2.9629515090696406, 2.6098959181281014, 3.5342527131014503, -0.800363097709895]",0.9523809523809523
19,"[-3.6573950890050053, -0.9587667983923732, 2.7966062249077366, -1.2836114363688536, 2.0805392629196113, 1.8304309741498432, -0.24007055961229198, -0.7041914816192701, 0.12875117486420828, -1.1185180144542468, 3.2174869931276957, -2.344289991012274, -0.3856428961214733, -2.2023651619279088, -1.2687673517601699, -3.422121209603922, 3.8973912069036047, -0.4474336433344326, 3.4970546271920893, -1.6043032708374771, 2.318339791563998, -0.40532389364647825, -1.5527715657669225, -1.5650143487650934, 3.2695913966655343, -1.8662689225450508, 1.485668728755907, 3.508424640825466, 0.4433398493843561, -0.4384200949363456, -1.125328600493083, 0.2752962635153584, -3.1301200855679636, -2.9718726295806035, 3.284887816190855, -3.862789907638878, 2.4735966494856414, 1.7971296899084184, 3.971431618938617, -0.06710307240891278, 2.544388111849697, -3.4815783907482976, 2.742718029199424, 3.5105465946688756, -0.9776419134480989, -3.648580338249171, -0.9466585222002177, 0.7306124353274266, 1.9321559568790367, 2.0953782006114907, -2.690055269014853, 1.3825816233036274, 3.1090020618488965, -0.32512422084613224, -2.4732978005820345, -4.0339661874934825, -1.3226803662510147, -3.399729135683417, 2.4747445855780152, -3.2370439004271043, 2.904854256595192, 1.3549891915341534, 4.102133942865225, -1.3887117010506551]",0.96
19,"[-3.871635158134102, -0.605398817899568, 1.748769042271551, -2.7656858886802076, 4.045073522736458, 1.5452497558516112, -1.7853638458288608, -0.6106417934831668, 2.828910817269176, -0.8269518265969378, 3.1800765961094144, -3.7264343069197814, 1.7102649389985767, -1.776673375056213, -2.6907128293549096, -1.1555114187240465, 3.8314677654899345, -1.7611966664679881, 3.6817847142173576, -1.2164623387316413, 1.2453755750225273, -0.1929886437173266, -1.630969377434258, -0.5944905272949441, 3.7225022476305107, -3.9088189836399283, 1.4716933472585307, 2.6219927874800755, -0.2370823935435925, 0.03701857019568981, -0.739955363391024, 1.5980912423660176, -2.961512029138831, -1.9878985792789083, 3.6185375975909566, -3.7511206743351213, -0.9692856942098076, 0.13778644743433266, 4.430645630838874, -3.40332126803822, 3.936602428588067, -2.545347389042205, 4.16508891899716, 1.0360618680645999, -2.6869898362038898, -3.972564328629973, -0.3093179613949406, 1.9878976296995317, 2.141274318531989, 1.8057001127083891, -1.0139607308896654, 3.152967350577049, 0.06965568873292627, 2.5205579579984314, 0.3424804423099005, -3.6687918318441657, -1.537840106798651, -3.4429675220743228, -1.5226514087714418, -2.838420553771136, 2.4592272429094892, 2.9915483526265887, 2.9481358306335537, -0.35716386265793976]",0.96
19,"[-3.9002099522053646, -0.11571969815315808, 3.5132353904401556, -2.0637119361725365, 0.9444190420876879, 1.5673252946881402, 0.05235544184837798, -0.14009782903946733, 0.1591320273113781, -0.48758169755092146, 3.9312414775523368, -2.978341784081704, 2.9532817256551684, 1.4618425057462834, -2.275990662140453, -1.8918319918837863, 4.012423335006424, -2.050326115413017, 2.578410365476478, -1.6127101889690278, 2.319410031193593, 1.7250984580059838, -2.5151660563296203, -0.27457951699701305, 2.479718261875919, -2.4229078373724198, 1.2732123357064729, 0.37364320861303746, 0.5616634042071109, -0.9948476041592174, -0.48273933000679614, -0.20164808749235252, 0.10699367756121148, -2.258609687114674, 2.8074620882837396, -3.6491770091298115, 1.1936151354167517, 2.9455518341198452, 3.0000510703398837, -3.309030278045705, 3.6476414813227445, -1.1729119230655936, 4.085274621636421, 3.4195410600685974, -1.9381082751523813, -2.989493119805336, -0.6662509043769415, 2.3136564623808757, 0.8881342545350202, 2.8546565321602193, 0.2747317044538953, 1.2354047132231976, 2.015179181902694, 1.2502934499812572, -1.008291041952187, -4.038352935722804, -0.24029849930890745, -2.74789765047026, 1.7842561427537795, -2.8228095081676923, 2.970500831205452, 1.646345931498391, 4.050843865218299, 0.11483775805225749]",0.96
19,"[-4.055472124654986, -1.4589346969885173, 2.1447781654168936, -2.0819327604092392, 3.7988299419561287, 1.1352926650013175, 1.455523991607548, -1.3892859118294572, -0.4836792652605113, -0.6566036110428777, 2.6460112691344713, -2.1111742089104384, 3.345995528459313, -3.0338710610691337, -1.17158208634107, -2.5181022571189575, 3.922196233847047, 3.536607153922419, 2.253587383896959, -1.150182710998516, 2.7857018850616924, 0.803110112692632, -0.9441267683657466, 2.900241562946884, 0.6984142879852815, -1.9242325095948365, 1.3898896743598599, -0.22531452207993086, 2.1361260398805024, -1.7134705840070437, -0.9041345269768016, 1.7655434361723514, 0.17724558523778167, -3.0428498815379204, 2.9165759435777776, -2.7998652952702345, 1.782017105853287, 2.9070438402535137, 3.5118668369901753, -3.0206128619634054, 1.3569969117682434, -1.8637620953226774, 3.310319879875432, 2.6073019001605315, -3.278216726148028, -4.467101677836815, 0.2883542386246598, 1.7532401616454776, 0.6957952541172343, 3.1050300322137696, -2.2439122266459153, -0.631542608455228, 4.063303881812878, 2.6934102169068166, -0.7914847950412175, -3.3524322717187793, -0.24660067916319917, -3.231311865720158, 3.1104088238965484, -2.879450907084527, 1.6201227804641718, 3.829521330293383, 2.337683704765174, -1.4416175889859706]",0.96
19,"[-2.1051861749115632, -1.655755285988206, 3.587168826124166, 0.7947215611408636, 3.039849474117815, 2.0219578682128687, -1.8500116863945064, -2.2073959323574748, -0.12375572618940445, -3.215764514555781, 2.847358083493375, -3.406260168790369, 3.009311541415116, 0.18847461145698885, -0.8336376992152226, -0.7724049243629814, 4.006968573437969, -0.22699377246672392, 3.6348925552918683, -0.2046606716159669, -0.1593085770972109, 2.073923135423265, 0.551697881779935, 2.292518098606091, 3.178650404931139, -2.38894046114743, 1.376226125781325, 1.9217621971495111, 0.3841996268774597, 0.7703976443465035, 1.4555389458480281, 0.9561263886512601, 0.7756224457388188, -0.6381126176033769, 3.277020764974666, -3.3438171522131936, 2.4043322504787508, 1.7385428779989607, 3.2535550308377204, -0.26037449375629906, 0.6168024211800782, -2.38712414963898, 4.151171244665246, 2.0863567750687366, 0.00620477462029001, -2.872382731800152, -1.2735521552055622, 3.5915273106565415, 1.5663274379185919, 2.7000099174869803, -2.702965083744341, 0.9842859190711892, 3.5782833943978334, 1.0223286225559327, -0.4145698211105583, -2.965019316707818, -2.5620769044363185, -2.683148267139872, 1.5041357153853214, -1.2252583070837932, 3.079501280133399, 3.653431954259936, 4.233808772937315, -2.209117037252288]",0.96
19,"[-3.810266735827816, 0.45033074821934815, 3.7969066404730767, -2.4240760149990983, 3.284165977337953, 1.120044324754282, -0.26688070549040266, 0.24252974790632986, 0.9160953222835757, 1.179321182566268, 0.813605558083158, -3.1841173176393722, 2.199688240441843, -0.980836183055438, 0.17011910827486487, -2.203897730652572, 4.021426319744835, 1.4959606678333985, 3.661369393098675, 0.28231886712130505, 1.628024050099154, 1.0206515493022659, -1.3846813003459386, -1.2504040617312056, 1.8852472373868694, -3.776057041599324, 1.2890563861348312, 3.3901113534082707, 1.3639754042857302, 0.16561769297820483, -0.3265301823199558, -0.008577352478980949, -1.9889522487137228, -2.081952115383123, 1.739995757621569, -3.3114194735407407, 3.4455898101049307, 0.6899162038232864, 3.588645914012802, -0.14159456233091072, 2.3898787490953524, -2.6196077454080453, 4.005148410756798, 2.840187900934617, -2.556257680050991, -4.183278863333134, -0.3210260350492956, 2.9503386035665224, 2.622145910155997, 1.401936945867057, -2.730316890162173, 2.3139392925894846, 2.5516984182697753, 0.10607245897971862, 1.3055278235010617, -3.025278006012762, -0.29255449976665204, -3.13195041215681, 1.9586824014022566, -3.7751076974299362, 2.128095856128787, 0.18548106130871478, 1.24812263731101, -1.6350000646228775]",0.96
19,"[-3.1270683551394862, -1.6531123426592367, 2.372472451918685, -1.208418500438036, 4.136365395088306, 2.595551269225666, 0.0054890184523150864, 0.5550347175151097, -1.2114670636300395, 0.12013062536654479, 2.9640556927211867, -3.5372878436162347, 3.4525089735235315, -2.1761491190763533, 0.6817033620091398, -1.7988588460105321, 3.728735097314085, 0.07297930641071804, 0.772795227017089, 3.2922471454572455, -0.22455479345918095, 2.961315482641256, -1.0949808632986726, 0.9965809008725518, 1.6277053008440046, -2.669774825354037, 1.4889928176718612, 3.200045631646763, -0.10243395017050272, -0.24960103902365924, 0.612856889323346, 1.8960886053973882, 0.17829666964322843, -1.360524988365703, 2.8838877687658386, -3.5538301185633223, 1.9041158573491748, 2.4284330201436966, 2.9962563071259543, -3.3424057943474232, 3.2417871601020867, -3.135691155127817, 3.606323156009445, 1.213867360898478, -1.3285000713254045, -2.4095232839632326, -1.0069328774276474, 2.3417396934217325, 2.470507572648607, 3.0406755373178136, -1.4131784276187753, 2.2621778732081377, 0.8488758769102465, 0.1975176939391381, -0.5063178932838737, -3.987263964811223, -0.3463876079744901, -3.0240066367040956, 2.140437246307202, -0.8213579167648479, 2.2475674302687145, 3.651052382640575, 2.4303091855772316, -2.727826262474741]",0.96
19,"[-4.249475062828867, -0.496724790199249, 2.327132744464011, -0.3187944291766711, 3.264539008707256, 0.5824544766707624, -0.2317533923970645, 0.7145892141632598, 1.2367118242953035, 1.0234082243380942, 1.2985255936505569, -3.5459984885934306, 3.4386246052892107, -2.441031618764435, 1.4699809270328013, -3.536386270997603, 3.9422913070131425, 0.11244313816411111, 3.638807050408856, 3.1449704354005954, 1.312141599698091, -0.7704319306155878, -0.6025688229331623, -0.18717566035975575, 3.6560407139519677, -3.565758777881395, 1.3193883615251982, 2.9983658808208054, -0.3222198763690953, -0.2777161537540319, -1.7038527236270387, -1.5303040441833589, -1.1498614906762046, -2.9549030576570767, 3.3871478262376633, -2.8775416827647025, 0.8085549216548515, 2.8967802174737605, 2.3293418091853937, -1.590795683902129, 3.9917941164651536, -2.362871284826956, 2.9137564631577666, 3.125161648050577, -3.2205741755198383, -4.286737239473234, -1.9822883750848188, 3.9420117121107245, 1.0954716531191606, 2.2896392782839223, -1.123656938737398, 1.4852951688405067, 4.138038059493602, 0.23919417427309408, 1.6187092965190684, -3.4673132198581866, -2.8925372735675285, -3.2080149620694116, -0.4437298963648526, -2.9450782853955344, 1.7914628769203969, 0.8853052569109798, 2.131736617419009, 0.10231386703258405]",0.96
19,"[-3.8367023352868035, 2.1755790521036507, 3.9035934456237267, -2.7955243586516887, 3.669278099652807, 0.5139001728899888, -0.15769381261041032, 1.8027539893855988, 1.7240246422273777, -1.051768215871488, 3.9782006962452754, -2.16065472264986, 3.457539485289213, -1.1121494156113305, 1.919028140052713, 0.02089191393808032, 3.964294959022228, 4.189615003413707, 2.8444543028370743, -2.5253421216140852, -0.17699437135086682, 1.8386904872913075, -1.830655188254051, 1.7002982100415518, 3.7041736282506035, -2.020667373926747, 1.4184273899301236, 2.524516078614969, -0.8322365149454467, -0.43148918219006527, -1.6082702448138562, 3.595135425109911, -0.0089909609814256, -1.7363224696354136, 2.768923681265526, -3.3441342563532825, 2.41882485534995, 1.398092488472407, 3.910931270123714, 0.26477686323647465, 3.0774113887521066, 1.186514489723543, 4.013370708733277, 3.268876612958131, -1.8041167340454134, -4.193573060777293, 1.63677888623889, 1.1407693710694216, 0.8352013562113982, 3.3771179483515974, -0.9612796890440043, 2.417088652720728, 2.4578036463925756, 4.461271611570751, -0.8576692081890459, -3.6179187441476874, -1.958510355163644, -3.8965146713742014, -1.9056559784100036, -3.048223299218175, 3.017348945745553, 3.8370661794701832, 2.895624293088337, -0.7044742213916478]",0.96
19,"[-4.403779406196227, -0.17431734325343323, 0.9074498001042088, -2.3420760158546856, 4.003186303562303, 4.131316790541852, -0.3622479058519972, 1.8228860130738247, 0.27570136971563275, -1.4043569434110177, 2.3665857059173177, -3.4335222533138356, -0.010798584509135845, -3.7407975267978415, -1.7837106144647334, -0.8365052343590547, 4.026401768337959, 3.928764925010291, 1.8884559922048914, -1.406440927704416, 2.3912793200827736, -0.10833509299490163, 1.1491655680472084, 1.0630133313282686, -0.09932510303839726, -3.896283862248464, 1.347988411181953, 1.4167665418745194, 2.03872839857552, -1.7862293134848322, 0.4344772284213091, 3.955560955146112, -1.4993923077605071, -2.7671389228354384, 3.604397614359, 0.25550515096350246, 3.2720950995749325, -0.2687212080858665, 3.0540846031271753, -1.9368536239728324, 4.050541893390297, -0.4355370423560334, 3.336095543421864, 1.896482876756904, -2.8180433465704766, -3.361202225724612, -1.5554970255088127, 3.757273419525377, 1.000237694089286, 3.094968866807566, -1.6304453541019701, 2.6867161708298632, -1.569639045343267, 2.5938979456743736, 1.6521883444962215, -3.991773558216318, -2.5155345207851747, -1.7787119833508367, 3.2916250299102248, -2.4283384605650142, 2.9964759075237013, 3.8551802428865543, 2.7429239373899206, -1.326678272307824]",0.96
19,"[-4.242568959647147, 1.7612406143331283, 2.5887127619617667, -0.9367526908379338, 3.97826516029321, 2.947780793249822, -0.9320820420407865, 0.5740306088630119, -1.9391427075915015, 1.7177799961698397, 2.715155055073862, -2.8917313697447087, 2.2948051150501683, -1.3105779469592627, 0.24321017804218603, -3.1863430007981197, 3.9111066199210964, 0.9316613755497863, 3.444307407584544, -2.459873659935262, -1.0960680070404194, 0.23624604244232683, -1.1187629280050093, -0.3316990613262384, 3.6222088163618933, -3.9356831491792206, 1.2217929054113905, 3.438304942332581, 1.3601939521544277, -0.3066425275450806, -1.6278955340389594, 3.4318920831695365, -2.572592739601956, -0.3980255798188188, 2.991375856434396, -2.3656623632333282, 3.0751288944517, 2.461440337128588, 3.3646724181694707, -0.36271046226008385, 4.066420931825834, -0.6632693440981121, 4.161088652792688, 1.9950237637627515, -3.1819937621678847, -3.924015981937379, -2.5483873228281806, 1.5769025516713195, 2.4072723889607066, 3.1557164883036606, -1.7942040149031306, 3.150176676762007, 2.0751068292822765, 0.5808974116434515, 1.833506200927354, -3.6991379412645564, -0.3648296970183764, 0.43603065951159703, 0.11144070911474213, -2.918849703662328, 1.909870540238915, 3.786990039696685, 3.426837858018055, 0.8557405688412318]",0.96
19,"[-4.509125398572618, 0.7821371545275977, 3.332315388352727, -2.188559336485571, 2.297691037403449, 1.2286211788381403, -2.290049506561342, -1.6713239857596505, 3.1989422477986547, 0.6390883413088322, 3.9778300270043627, -3.6479205467348628, 2.2631819080733533, -3.7179166209552927, -1.8452324010125745, -0.983185129954886, 3.8928509773289726, 1.0329972446244962, 1.1657631729786235, -2.971632220821877, 3.1380402463760593, 1.165898776096544, 0.05043324513358538, 2.077731646718175, 3.62670500212551, -2.572032957264497, 1.4345838897525347, 4.106715859523918, 2.183792132412947, 1.155597170230508, 0.6477466451382954, 0.2208845600479168, -1.6282461067049308, -0.9895439699376531, 3.5446973555018912, -0.9658311848831458, 2.750970427536258, -0.8748773007131536, 2.993654498200499, -1.7371187055982493, 3.8317001269572786, -2.7406981170753375, 2.5166516884973507, 2.5639981913019207, -2.5438356374732347, -3.7374073354928514, 0.1280136287239384, 2.8343948058381807, 1.18882049602604, 3.590119774284289, -0.08774582305622047, 3.2016657233172894, 4.061416805463252, 0.6019513325524178, 0.9136393999371077, -3.1703084773108623, -0.36791461845038986, -3.7810972834557877, -0.18452122327795895, -3.7199220435381277, 1.085494037943133, 3.6016549010608023, 3.0609464545786462, -0.2695972657648642]",0.96
19,"[-4.046953877798739, -0.8202599839340511, 1.665854745719641, -0.8326875411902885, 3.41532316847164, 3.1265044750268727, -0.5770961000380661, 0.30954566268394346, 2.5454931286064304, -0.6599864289338752, 2.1302581306167983, -3.6782749861028172, 2.9909279369682658, -1.7714889592506582, -1.6525686397430497, -0.7330086219577221, 3.954512342667904, 0.8143903750249839, 1.8103500143466207, -0.8139834619933295, 1.5306252390703623, 0.9485154776496736, -1.3428276485705037, 0.07798927043933379, 1.1929648988420278, -3.0983172445066165, 1.4844662051897555, -0.22790695381300208, 1.5556965406035679, 0.8084789015667351, -2.5066978293514044, 3.3950832254549215, -2.854231269543257, -1.8931666282337756, 1.9429865666200152, -3.863261343866632, 2.031002912349509, -0.6340019395722511, 1.6995615065798348, -0.08645807583954146, 2.7097294960017613, -0.4158728871557309, 3.239388457744951, 3.2406960952214128, 0.423933391084403, -3.6374353980595417, -3.921345653563785, 0.2564754896025476, 1.3828301709129602, 0.13165797471375962, -2.573350713341343, 3.253665582653107, 3.438727942302733, 0.08076460803640861, -2.7374851749117712, -4.003651693308465, -2.0249518170267953, -2.2834658140509205, 1.163396175836414, -3.7575669919807133, 2.636285952029418, 2.1561299575337034, 3.375919742865372, -2.0448198513310545]",0.96
19,"[-4.247651832055475, -0.44126348466778587, 1.9428427208413823, -0.946639580315447, 2.3768445547298955, 0.9412877363690741, -0.9161240397494665, -3.1850698366815724, 2.5263775485354416, 0.47364444809352324, 3.8707090747953825, -3.5505532461098777, 1.5716218777233877, -3.0584253377734685, -1.4010840825227344, -0.4014307571881117, 3.664494554074278, -1.3686404485813182, 1.939351768919175, -0.4165476555685572, -0.17506390996058951, 2.3434934858286924, -2.108966668409246, 1.095937354138634, 3.6962571093687453, -3.789377689454316, 1.4470811385382307, 1.8369842110299883, -0.007459409730832145, 0.9854518881724874, -2.336166292100546, 3.017100718708354, -2.089151633865945, -3.001336108930338, 2.3985453374649, -2.9434742438990407, 2.112646507634047, 2.7563329860541605, 4.423055062657159, -2.031207879053551, -0.03597307454019383, -2.6729078166460534, 4.070773527329289, 2.31834173970981, -0.7369099271642185, -1.6681844459442843, -2.4015904239217445, 2.412938310425206, 2.449784841786631, 3.0245839910570016, 1.634627574076133, 1.4485130569013376, 4.128014369353113, 2.638850155419249, 1.509993151585586, -3.972660500772365, -1.700595387089062, -3.955520715614449, 2.4078648531488653, -3.104553419337483, 1.6789251655543873, 3.078651222368159, 2.070724591800848, -0.1511295848662243]",0.96
19,"[-4.0018395394843544, -2.1829873928072288, 3.7929752687105025, -2.012331087715932, 3.4955072941729557, 1.2536295376726123, 2.557547891570402, -1.6612670986808693, 0.3209711869735701, 0.21615203099690658, 3.193360534630493, -3.7238488290171907, 1.5366909341510608, -1.3840290176810286, 0.4698604624750611, -0.6282542267964532, 3.8813406664356367, -0.8403525681342568, 0.1476354840022247, -1.5668358981286958, 2.5753475615786163, 2.155590975570991, -2.0432514977489205, -2.049516307478685, 2.945667291420283, -3.1007242966096262, 1.4323836076727217, 0.7282812847714961, -0.17054550964770454, 1.1603932427136812, -2.091681725092903, 3.1933297316086935, -1.2761800761537612, -1.7165729490916857, 2.4579008787949403, -2.8734132654416857, 2.3917743468056125, 0.9694051779722678, 3.5416866417408572, -1.5923836893498837, 3.337900632045367, -4.105670859254744, 3.6088162203241128, 1.8186087577839185, -0.3168454264388344, -1.3705343266416135, -2.245298633695516, 3.950400725717079, 1.147093246076652, 1.4825039455290863, -0.39712235921019157, 2.29027218496603, 2.17779541590877, 2.1747523407450005, -0.4610431549348497, -3.786093955240035, -2.6406596373886426, -3.245769775219177, 0.4985356370027293, -1.6991175951832738, 2.0136586842859012, 2.3254169472747144, 4.2309180737766345, -2.1823286861269837]",0.96
19,"[-4.440576960726703, -1.751024102584541, 1.0265618719292517, -1.8693291768842517, 2.0962788863407784, 2.2960773922423434, 1.314008096979646, -2.979581959051937, 1.1894910600635302, 1.7962317267780434, 2.6206583992139056, -1.8205472343640288, 2.0389254162711383, -3.093313862154776, -1.845368649975831, -1.9229432717129042, 3.7493285475576377, -0.44489683404705926, 1.8667420203855842, -1.7071046495389202, 0.4032599407523978, 1.1775375873603553, -1.1651867101090403, -0.07955158247214467, 3.677197992439597, -3.6686139247837968, 1.4806172899504575, 0.7113039266854199, 0.29856200577815994, 0.7369906645417293, -2.8269866188473665, 2.70080456225246, -2.0399427949401496, -2.5120340010171525, 0.9907076961344596, -3.5001926733263398, 2.3467047711430604, 1.5197582135157273, 4.430908971064668, -2.8695240053675914, 0.19100450176275152, -2.73921931178543, 3.8303468176804305, 0.498245438199138, -1.5654126009521552, -1.651354765729255, -2.4882295105609686, 1.8725253381199984, 2.058065877234035, 1.3387782398445416, -0.9134653595891397, 1.9041386035306347, 3.665488076661851, -0.8080605088294663, 1.440634766767677, -1.992020831788813, -2.4820043699254026, -3.562168970445853, 1.2674500774334188, -2.066489866445612, 2.3753882395056363, 2.6981654064196796, 3.411986583936294, -2.0362849544858888]",0.96
19,"[-3.675998841917031, -2.3917220280306886, 3.7177432980419773, 0.7573725214352154, 2.66109986458506, -0.0007635602491526949, 0.30682880594072437, -0.822397081040242, 0.39323351209844626, -2.5427860675049603, 1.7200323032407199, -3.330574348192017, 2.36169940777173, -1.5255647098340883, -2.2523878216776922, -1.1256901266290087, 3.8797170184417338, 1.1104660070467314, 3.2027562338739792, -1.2675496089485583, 2.704746159903764, 0.2639756187857591, 0.18515385714945065, -0.7803609336914297, 3.6181821758705075, -2.9551178743343707, 1.328149851334671, 2.897392618329484, 1.1296717960853875, 0.1284936771907585, -0.79813033257934, 4.133498025866897, -0.8256867263066818, -2.2709018301645245, 2.9326709988140527, -2.7923788197206516, 2.958489806341806, 0.19846048417791473, 3.045761494803534, -2.5252799751103154, 3.2648991699160126, -2.6916293650854595, 4.130492218172422, 1.4796246059760954, -1.3082990269849626, -3.6812741353420986, -3.2170421589591984, 2.9824757546784033, 1.4003657266045524, 3.3675156375990447, -2.2996440883746176, 1.6918206739721253, 3.3870470871516813, -0.5844766787457051, 0.5891414362949783, -3.640313329662627, -2.274100276145841, -2.40229105632263, 1.7325860221235971, -2.9636144579928816, 2.324351363670556, 1.0333838028154407, 3.9789261798441435, 3.2357537294227368]",0.96
19,"[-3.204731832103469, -1.0292520725963688, 3.702443081943849, -2.6879898122721118, 2.3971937399913696, 3.1353151265024595, -1.4661385273690037, -0.15232225143680722, 1.9257539538808575, -1.732894693517283, 1.5355756510591634, -3.6835465183040195, 1.1460337802017586, -2.993768380630844, -0.26600590943104674, -1.842067946627032, 4.037776370782177, 1.773816089768061, 0.8002343996977337, -1.7830499591213154, 2.4985048127170315, -0.34386789273826335, -3.3157373007449005, -1.3760752276938353, 3.730701035422428, -3.8926430589461143, 1.4585660882236295, 0.609354881199613, 3.580687949576063, -0.11045385226883142, -2.1543183303007334, 4.188072294255515, -3.3826696534793355, -1.375117257101712, 2.9486025966463743, -3.2085097046518176, 2.338746526201101, 1.3206914059682144, 2.929301613726977, -3.483522109420516, 1.483268501739235, -1.1645750350581345, 2.8736152394113903, 0.5295864482170416, -0.39016862665941043, -4.040022681859774, -2.867256734041273, 1.2105005701390041, 2.173055881157066, 2.070753428640023, -2.480107333694377, 0.36538705290492524, 2.4309475764362225, 0.04179696654196474, -0.40699155974128143, -3.427133508601592, -2.5912373671485227, -2.4877516827339647, -0.5345021732149517, -3.637131050594531, 2.4580289918870006, 1.8959264768843769, 2.8879710553853926, 1.1321804913115576]",0.96
19,"[-4.506489283308756, -0.2958875598280571, 3.020010803933185, 0.8887160347857049, 3.3263896288002295, 0.7318256685068673, -0.41625435064097, -3.348370584510712, 2.7446195859491826, -3.015452843796375, 1.5574028514153373, -2.8300463610869624, 0.2877322822116457, -3.07383847387861, -0.047297266289983986, -1.2077147243197746, 3.8276891394176262, -1.9538871414077852, 1.4489746083263966, -2.4811058252585663, 0.2154009149888001, 1.5593600783015975, 0.1712390830432804, -0.10384894736816375, 2.5798138953553673, -3.2304899235414632, 1.47719569737335, 1.8806928505463094, 1.0398374127805918, 0.1756932816779948, -2.773539389932652, 4.124937492109911, -1.1900069438349001, -1.6965864112329783, 3.4629266989470517, -3.6052150285813243, 3.288451375524419, 0.11142796691888135, 2.014685281565997, -2.2681758392381814, 2.673440829097625, -0.5970183254870265, 4.12083408375804, 3.4951569100432076, -3.4335884542890773, -2.770107207864471, -2.647611983030818, 2.4105881337177903, 0.6126117480636897, 2.58226080770109, -2.0973727565549782, -0.4069159425473874, 3.158300105454579, 1.5476823842451668, -0.7482791511014686, -3.7893491157212367, -0.20277536637536597, -3.625653019420578, 0.8453422362155294, -3.7837415307410773, 1.7690367612063502, 3.6248769342168083, 4.2530970035300495, -2.0014862608358763]",0.96
19,"[-4.095319859314466, 0.09441883464096945, 3.2196624383084362, -2.395298746196259, 3.572427330401819, 3.4310491029133496, -2.5804286080832206, -1.1143986608083647, 3.2078964569487214, -2.889296710007744, 3.811656798556199, -3.447345866078651, 3.454958838082067, -2.429009949246097, -2.3699800210862674, -3.2186199131720334, 3.9961435023513303, -1.9022843456479317, 1.993697736195698, -1.813656788297414, 1.342014426707519, 0.982949067146623, -1.9426475411055386, 2.079061414086265, 3.3211680215181114, -3.9547595518157923, 1.3689978179624638, 2.8219983363834875, 2.207364254818955, -2.8113370237902267, -2.023409282281189, 4.2385608287362695, -2.6665816317877837, -1.753779868887996, 2.3965868072724277, -3.6175093344740423, 3.3304881610587076, -1.9538106740172632, 2.108015442118187, -3.4981092838355172, 1.1642564136983173, -1.2764701258568243, 2.135758689203589, 3.479330598643535, -3.414672642525145, -2.0243492453300638, -2.6095954741832186, 1.887587947172105, 2.560143326133108, 0.18111418146894398, -1.210853540193763, 2.208305426651696, 1.0816856025767732, 0.8420329334022425, -0.6681285197250926, -2.873991701542069, -1.764383665866232, -1.3318022003232781, -0.7796769447172703, -3.6656952241107454, 2.6682453808732474, 1.8566826672292298, 2.755396211911973, 0.12026472384261755]",0.96
19,"[-4.46535206199301, 1.0011354546097577, 2.631572654937418, -0.8972188508081796, 2.1854956490962043, 3.424386234645186, -0.8319420595845843, -1.8123502488134533, 0.5123820024971826, -1.817087301600341, -0.18091161257230004, -2.6371702416745313, 2.8842109881220104, -3.3728691348025315, -0.03620267677854794, -2.5472027349442943, 3.911513533729157, -0.222753686655083, 1.1439580260223994, -1.7317317054731158, 3.124146405852623, -1.102273667826325, -0.02192666116264408, 1.687664268645221, 3.2802465224162853, -2.6240642109295313, 1.4498003855319368, 1.4852664899070962, 1.3415443536661966, -0.8712805177268504, -1.2957824147465253, 4.064486313379627, -2.3268442593263643, -2.9582789996249854, 2.684248117597849, -1.691287623242678, 2.942033815799483, 1.5978803461984377, 1.4865080588178632, -3.4977068033433056, 2.88727527264105, -2.7735545528831063, 1.6284024070118635, 3.5249424540117755, -2.2230442654474007, -4.275353037886993, -1.3299087685112743, 2.376996211617007, 2.546424661797439, 0.24335798443119416, -2.2091800531688714, 1.387981916203939, 4.099073349186998, 3.3854304881669823, 1.8294018601603654, -3.596589876105128, -2.3805322966124334, -3.7821461363987905, -0.07213609912486874, -2.502439444858724, -0.7027968779326534, 1.7435660828685564, 3.6532767192663855, -2.700564650286898]",0.96
19,"[-3.158184872698647, -2.1207111387363375, 2.164045727054323, -0.895301240257482, 2.4679178566893896, 1.379548458255166, -0.7411267768486636, -1.1486840873250497, 0.12748504165263186, -0.23830564791503878, 3.8053343489318605, -3.4085630766980097, 2.2648097354658265, -2.6199944962831605, -1.1204266197724333, -0.1266590575630896, 4.030367740718799, 1.1127618302082936, 2.8358019805911225, -2.3646323489451913, 0.7321856686641851, 1.8864238569577596, -1.6289674194058918, -1.0581617883911225, 3.738705490620962, -3.6465628807173074, 1.38459382239698, 2.05183257373912, 1.6394762457498633, 0.027007896240557605, -2.713488662246061, 0.7523199281761062, -2.508750674961499, -1.6599163244806219, 1.5710655022451343, -3.85756816187099, 2.7649070050472595, -0.5761473820766743, 2.1621788164704028, -2.283673489919694, 2.940523040430943, -0.8047135931828562, 2.956950990043357, 3.1058088704811597, 0.2704226106620342, -2.8051605309795127, -3.187748727720579, 2.1671776731858845, 2.6262363456581808, 3.1251304944720726, -1.8764589569037682, 1.5866924593498675, 3.1346751461932336, 0.5929311423525335, -1.0654681537698676, -3.7515976522205223, -1.1986778279277361, -2.586969704596515, -0.1169444421766998, -3.1479092531504507, 0.8495690931846844, 2.5973981947204305, 1.971690947881603, -1.1792427833978258]",0.96
19,"[-4.508912800490471, -1.4803222925736297, 2.6351636493069543, -0.010121942127118366, 3.6179805293289005, 1.1585962696571328, 2.126607016328876, -0.9125612962497933, 3.0961057102326555, -1.6768130852536975, 3.6886521201218, -1.6004439610072523, 2.5006039398566617, -1.9309368476735365, -1.376264653451264, -1.2856686125865164, 3.8802866381916044, 1.178349909434797, 3.2400828360834772, -2.3091587861640255, 1.4479437785774025, 2.9519300935354744, -0.744324065734121, -0.8599800419956141, 3.3537832155542806, -2.9712774664548034, 1.4890804348650444, -0.7615799204762377, 1.414365897889346, -1.1897202285326565, -2.2725084837756, 3.5856471998417545, -3.406573384912679, -1.5812875070630863, 3.428229847855683, -3.6401478769043565, 1.9436541846337854, 0.940171613937076, 3.2109973501384124, -0.3463377212970111, 0.812572705150187, -1.3478765735155094, 0.8025612719772419, 2.342820481202923, -2.1290770069327665, -3.315870642897896, -1.7162514876741817, 2.254270784954657, 1.9409857347742892, 3.53184849685983, -2.206372107476579, -1.3543442239119912, 2.110757803334382, -0.733127057808967, 0.10462724558082609, -2.0986769541943513, -1.926833508651173, -3.561310921407222, -0.6669603694493265, -2.925843733975167, 2.963385338921412, 3.5166531801202914, 2.996554872948854, -1.511330050820727]",0.96
19,"[-4.454348332794302, -0.3688585998110242, 3.312545236674648, -2.1923571541547187, 3.4776526371241006, 0.7166486176904904, -1.279901824184317, 0.17755119719962464, 0.041799409578876734, 0.573952193370648, 2.923537232285138, -2.125501023254306, 2.5947587112133927, -3.7396556046111775, 1.8136909978763713, -1.4195360594892792, 3.5248462940166734, 1.1514766080118104, 2.1315514267840805, -2.9008702478215, 0.512143843815604, 1.0703908502550072, -2.655611905624786, 0.8445255349735388, 2.4700871338169605, -3.9058842433047816, 1.4503770572983115, 1.7031547804136191, 1.9983126622275877, -1.466980935526313, -1.0927921369800515, 1.213044253055385, -3.106156224567621, -1.2330246045120914, 2.772807917401744, -2.9727522297219595, 3.301715152576258, 1.0991322184244625, 2.232734169129003, -3.482686064057214, 3.2698592627095646, -3.4904380502993937, 4.116824326306356, 1.9749323791514601, -1.907044940123678, -3.584260987637193, -3.4939625046695677, 3.959115215342828, 2.3684849924420286, 1.406150324561002, -1.142736538781545, 2.108715894776096, 2.505032495436625, -1.5818039260282684, 0.8119778610927662, -2.9063150924518766, -1.625850054938181, -3.8830940444332764, 0.060380153155313254, -2.907819875583092, 1.361962527418079, 1.3356017061515792, 3.6586369005238284, 1.5596704792203406]",0.96
19,"[-2.977560872483373, -2.4515125214007267, 3.325422401977049, -2.757430211484297, 3.6447601729941583, 2.6234242855301475, -3.4638085937191705, -2.698499162793974, 2.9995458134735213, -0.5115957104491368, 3.007047348974353, -3.1963018904861284, 2.720034893147359, -2.514165439713012, 1.3983765125565024, -0.73989248112367, 3.776909709779428, 1.9592139141771479, 2.3044831065619644, -3.16711118886541, 2.0999145340073238, 1.6537323073141525, -1.7968589420282577, 1.16038005870627, 3.468925232300339, -3.9530110013781554, 1.3698038716695942, 1.9733676767755701, 2.6529549130897125, 0.4152846053922148, -1.206371467745859, 3.0836000177132075, -0.8656749226509588, -1.3852952539970311, 3.5669062304204275, -3.304686361105137, 3.1556636129057027, 2.6791064645666745, 3.33854146612595, -1.9453708425993839, 1.545109440520096, -2.0946310939391037, 0.9438144480296509, 1.8611097799417187, -1.037004834417183, -3.7138279641561205, -3.043581804262214, 2.8565600298828318, -0.7793063217402985, 2.5833132834368406, -0.856880707572264, 2.086294138688687, 0.2948568377672416, 1.2267770452465978, -0.12919837196514192, -2.6250944261986353, -1.8605105686145298, -2.556752145721968, -0.12379024236415048, -1.4570011578188682, 2.4616779473307706, 1.4549791412226218, 2.59968394275224, 0.7778113890113802]",0.96
19,"[-3.5185908041969247, -1.7982146015698475, 2.1833168948096016, -2.148701902429111, 3.429572697401249, -1.093041773439051, -1.6053557861972454, 0.5663208139781846, -0.0635328773230861, -1.3602130882160934, 3.2001322767960176, -2.9694761234877283, 2.7736936094717075, -3.4968145213727304, -0.11108492437825448, -0.11464953688974133, 3.7917066980441207, 3.121503634726924, 1.3930524980885692, -3.1289544998397405, 0.7753390837733264, 3.322161400500706, -1.121438321813582, 0.1147190154923472, 3.065047188301624, -1.349250625854065, 1.4844467905871512, 3.263917267899071, -0.13220903303157194, 0.7134333964484003, -2.968889298696692, 4.216913515698413, -2.9188843996031326, -2.2846490040746215, 1.7288411751683102, -3.5497903201019927, 2.6391625459415367, 0.8794306296661585, 4.353958033531711, -3.1867630806896825, 2.4256024338417648, -2.091399572222897, 4.025367472214416, 2.131692492706292, -1.0901614486930673, -3.19165886708714, -2.110693298300827, 2.1091578599822096, 1.6541555968286166, 2.0459833879946845, -2.456238336293916, 2.687460609695686, 0.6348577817083279, 1.8789060731120917, 0.14565587678165093, -3.2844912152709362, -0.7455316483769787, -3.743112028965531, -1.2790951249035187, -2.646592280823556, 2.948217837705171, 2.164094280072711, 3.641233055448949, 1.1713814766326638]",0.96
19,"[-3.670786531445323, -2.2129933369367376, 0.2880854476687418, -0.6195293201736001, 2.158955487753448, 0.1596282202127619, -1.7215591692435068, -2.3854561736399527, 2.4470133668404115, 0.7394782095304059, 0.3779355220261644, -2.6571661814368897, 3.296187662701141, -3.7125782580936395, -2.4919067365148884, -1.3296972217575327, 4.027981673896528, 0.47779609941325757, 3.1764721592501473, -1.3949409186917938, 0.4757444082657192, 0.2581404157479168, -2.8233051219427443, 0.04640988014081049, 3.1936753248883747, -3.8075621684520033, 1.4885072851239445, 2.1373244150379764, -0.8951804008809621, -0.9896322565131828, 0.5072224810551917, 2.9247330061341286, -2.2160519522102797, -1.8405860595978192, 1.13079857440417, -1.1893754155612997, 3.421422640630454, 1.1700041127315364, 2.672416003863477, -2.36204250618279, 2.380928207643853, -2.893641242933253, 3.78680234887634, 2.194760542614012, -1.7313562467349997, -3.061582945711878, -3.9265070051586006, 1.9562372270031998, 1.330826715134506, 3.3132306440494883, -1.6430224796021904, -0.4890780267633936, 1.8597970777134696, 0.1936765535492606, 1.0396900495491885, -3.3075233310871024, -2.743544226227827, -3.424449918935956, 0.19950944620287847, -3.165713105833077, 2.588206487842984, 3.7473522055069584, 3.97943106540343, -0.33031568235997566]",0.96
19,"[-3.2689127718828725, -1.8400146122821668, 1.4697821476718234, -1.6681176592050833, 2.075417774823575, -0.2587163935852961, 0.21308356462993444, -1.2750051524348214, 3.0733037563851906, -0.9386606282400011, 2.534330832459459, -3.726231856731545, 2.9639777088523505, -1.7416509404314482, 0.3922997720874486, -1.1928044186268125, 3.9970807448189034, 3.2650010095945827, 3.678583801048249, -2.738761966299111, 0.19224899970454412, 0.90717442204606, 0.18580765780534825, -0.7844665467159448, 2.654554419752406, -2.787969319343855, 1.1783269784234371, 2.6879024485906884, -0.17556100428103694, -2.9261342152332643, -0.9655354790553093, 3.8190879124341643, -1.3648249576195033, -1.535766311741353, 3.054334243626848, -2.3921215901757784, 2.707861463374454, 0.5146764421272937, 3.350364997000267, -0.4059546117771715, 3.0101633944124733, -3.3520209221325143, 3.491213414703232, 1.04013311481757, -2.684561450248424, -4.004067655991861, -3.5683785105054833, 3.5481309563960073, 2.525260884341917, 1.891824766770049, -0.5756105263516922, 1.5291013182663793, -0.948813632814629, 2.469400638050677, 0.9318054812973605, -4.042854728245926, -0.671619947547045, -3.9019789062965535, -0.019687144907846038, -1.4943794786926945, 3.03813848719271, 3.3657848549389646, 3.3309572883231215, -2.3115365062379287]",0.96
19,"[-3.1266541268824373, 0.7809469705965643, 1.031518312805687, -2.442170369388011, 3.827973886078436, 1.618458053721749, 0.16865474769086208, -2.3534484462146037, 2.448639717369415, 0.34204825406660017, 0.9464605305134735, -1.4874175915499581, 1.7992038066349632, -2.909744182680784, -1.6320042145225888, 0.08671131012507372, 4.022433165149319, 2.313021882687724, 3.5935684271046533, -2.2836716749519743, 2.4202724861868514, 0.6433183387295905, -1.689342277548586, -1.812610547083366, 1.3402016126323564, -2.510619437771118, 1.3475724453856461, 1.326821414760768, 0.9418770779013437, 0.18933380939293976, 0.3445908415515606, 3.1353329902364364, -2.416012899312177, -2.1677063857694012, 3.2418737209298705, -2.3255946785861266, -0.3742583176998564, -0.8393976323782331, 2.184719077011282, -0.4003102699039487, 1.2137074730890787, -3.2627631543369002, 1.9186200164782807, 1.0491654549832976, -0.5055606871325615, -4.477292780083111, -1.5098693785824826, 3.9276308476352266, 0.31269064642150735, 2.9949230470030126, -1.5495819825859982, 3.152974641515222, 2.942430357685512, 1.4957315801771154, 0.4248297149130389, -2.1587044721710384, -0.6590070227994156, -2.6093900145036955, -0.22308601613207105, -2.9460909195801808, 2.838480465686585, 3.8449612941348295, 2.143440652966696, -1.3766538244973148]",0.96
19,"[-2.5028050835487186, -0.048978810292359176, 2.631889764053155, -1.30907252089364, 2.0201033492649527, 1.6268850663750483, 0.7342182018394803, -1.334238185434811, 1.7849898112271636, -0.4885248167402334, 3.229625515387182, -0.7221884037385933, 2.90792829509233, -3.6694330882205017, 2.2080019465601115, 0.11609769872964293, 3.8975318243659784, 1.8879259185807176, 2.9359266523540457, -2.7057515675620536, 1.6509881221642542, 2.6251669645389617, 0.33561419683252214, -0.9534672814291933, 3.4128881529101767, -3.956766082454598, 1.4844637175584967, 0.28905277470407253, -0.3341983093180234, -1.3466767213763637, -2.0381748983977763, 4.206695841596117, -1.3109763571958912, -1.9825823656115107, 3.581112641491736, -1.1280834887383655, 0.6142335726821091, 0.2625963411435549, 3.769606635248477, -2.1930839686230166, 3.6797145874868287, 1.209699332124646, 3.941835221926035, 1.3064521505078317, -2.4624224982098912, -3.4058092027799534, -0.6529447277682658, 2.23816698077207, 2.588643098561811, 3.369201716815051, -0.33165290138866954, 1.8570757105051787, -0.011969330407779255, 0.930404774267074, -0.20353180480871863, -2.1606526312742504, -1.5092562066398858, -1.6279159599975501, 1.3806451987719224, -3.63704978298886, 3.030918936402607, 3.2700066415645788, 2.7261817654712175, 0.7693197415952103]",0.96
19,"[-4.1955124304101865, -1.224043097458376, 1.8030414630988507, -1.115400132967926, 3.5967042749294094, 1.1203897492208341, -0.26677862598029073, -1.9664191183928077, 3.1446807569052213, 1.878027829211206, 3.906606158282302, -2.9594250575068317, 3.4731721114411207, -1.2679792527208116, -1.194679228137461, 0.040573152276211055, 3.6636808956217024, -0.5534403063348943, 1.896217318137161, -2.5844016116577326, -1.3650584256333285, 0.7447211319164049, -2.159199121684393, 0.8524062096424272, 3.7459293616919767, -3.385603593071428, 1.4886833242157775, 3.316963080703215, 1.6469645060820857, -2.216644365623405, 0.563365510444708, 4.220320835842596, -1.1851709954225003, -2.196831814510995, 2.2872463348545162, -3.8609041378743663, 0.5949825202677126, 0.8323687472473499, 2.239127621594256, -1.7002479954585534, 1.1689016130921117, -0.36939856454053066, 2.665106953922519, 2.6058360338900046, -3.3727275810422483, -4.58436821406948, -3.3948883139186234, 2.416087658677329, 2.175154348667159, 0.499951415536942, -2.240983138992821, 0.9396825340687408, 3.48618772141433, -1.0714489804315357, 0.6878864135554099, -2.1957792096053588, -1.5495094489352326, -1.4758998738053455, 1.0063645447238798, -1.9945738986123644, 2.809766411363909, 0.1693857767870659, 2.238999023614413, -1.382425833927224]",0.96
19,"[-3.364426997652161, 1.7269994186551916, 1.1904598924209437, -2.2312044255280554, 3.7817294122599034, -0.09443973998179822, -2.9745397837667378, -0.020837160817213318, 3.1976331245843714, 1.540712522217268, 0.23964824231679316, -2.1227816903584857, 3.407774680257348, -1.5911439366830025, -1.0274920756134842, -1.5134161357554186, 4.037650896052967, 3.284160905265403, 2.585864555555968, -0.8788913974762464, -2.10915450977191, -0.3415058493361818, -0.9631971392041068, 0.4160443123103366, 3.731209991066769, -3.953029364188547, 1.4855214171820592, 4.053266274191839, 0.03242541586014891, -3.86887921053285, -0.42924413503462344, 4.10557225992365, -3.4037708949794627, -2.08566464831215, 2.1308960428337276, -2.548454869772284, 0.11561765031603577, -0.2226646696116087, 1.788529005527542, -3.4680821195454015, 1.7869554883880374, -3.9939047972994826, 3.554368056556406, 2.205519510231803, -2.892763552064009, -2.763824107953954, -1.8242927061759906, 3.760105294398873, 2.337270020430279, 3.673035396984261, -2.5067060093565208, 2.545360134411461, 0.9653386525259373, 1.0071630759616663, -1.1220393728178892, -3.797136252773192, -0.33325580643805286, -3.043320540904406, -0.4702160323214439, -3.3529782533398453, 2.8160252794214338, 2.242618797040023, 4.166631666528397, 0.6886367430183515]",0.96
19,"[-1.4230968567799245, -1.5573662544743094, 1.4212477627782758, -0.6281405686597212, 3.2370169557807307, 1.0816638108165701, -0.2481193409002177, -3.6348914692769823, 2.8908267884456125, -0.2935185284012668, 3.931913181001036, -0.9248505678760033, 2.124496797908301, -3.730403128962685, 1.0277374262720824, -0.6636153322618308, 4.009137959221173, -0.4271907973492075, 3.6928991731629695, -2.4818095274851535, 1.1694203209975362, 3.687768954983234, -0.8796346869485675, -0.43996761936349565, 3.402959339840388, -3.908235677431725, 1.4080166980485247, 2.118287452778492, 0.003073442902864265, 2.2407086335991035, -1.985270504790085, 3.8572341527731067, -1.9144738945572608, -3.0468702599246718, 1.6860266806678181, -3.881347386675618, 0.6182020769030447, 1.843019389137846, 3.1314646199457066, -2.0962920189420857, 3.3259353045028055, -1.3705943734034158, 2.891755954766349, 3.411304872163484, -1.8280599788568017, -2.4013768180823383, -3.18920861718739, 3.112279966414786, 2.051260104038566, 2.6056216163345103, -2.709635297817385, -0.695480354388107, 0.31306857154663326, 0.5092395818914094, -0.9577275107025558, -3.377889976028458, -2.252700903305164, -2.4389732306419982, -0.41011838290202995, -3.7652718746093568, 0.36217234815055566, 3.7871593865262745, 3.246170687784788, 0.5516485022877309]",0.96
19,"[-4.14648328526366, -0.9690330245430995, 1.7245350551472016, -2.233168796174015, 2.81616026976418, 0.36316119112246104, 0.43011501458275314, -0.7170781170246843, 2.3627191959973626, 1.0501009060937194, 1.7179580052882617, -2.9972547940846086, 3.4703244721565114, -3.305550747580564, 0.987695551885113, -1.9117970774829511, 0.6948942866234532, -1.2305063233833282, 2.531704181367059, -2.289426968667509, 0.04708252824663206, 0.7817368811330254, -0.869052909766079, -1.19362678171444, 2.5056210012247746, -3.9546128168875296, -0.4965379645464265, 2.960800638646454, 0.29816480924372946, 2.838019383617624, -2.3258377665179344, 3.0047537609086477, -2.41985533400804, -0.7626877242077481, 3.500793964401408, -3.3807388648199033, 1.679786264051346, 1.8837883044047783, 2.5901599485323024, -1.676706736912084, 2.067472739545787, -2.922897333514736, 3.9221572219890803, 2.4865198682719885, -0.5870974913777776, -4.215300327323563, -3.3751625726251833, 0.28161084664007685, 1.3037107722115207, 2.8486557943610666, -1.8712752610468744, 1.5658301179730265, 0.36330679766534235, -0.03437521860403536, -0.5798543979713999, -4.009544869885999, -1.3597353142360327, -3.7158518599512345, 1.9686661585569734, -3.4139026698518213, 2.8773874531116714, 2.306120721971246, 2.7349810869413993, 1.5952314372368823]",0.9629629629629629
19,"[-4.067803928954752, -2.0357036089627494, 1.2486475721679728, -1.6323209425671321, 3.765634243601264, 1.7753532428748322, -1.1746396291207415, -4.535567060482736, 1.5387827972839894, -1.109600366134213, 0.5888630295768575, -3.5986915241137387, 1.120940701566798, 1.5656387714212123, -0.5111532635961108, -1.0728790670006367, 0.5439067911866351, -0.561476273269838, 2.6701311984863567, -0.5298920920052599, 1.3469961017907282, 2.2381724272034744, -3.0403480562805116, -0.7020473151011632, 3.450511729095588, -2.485949793957388, -0.44712425379137494, -0.36539603873191373, 0.9665457827307412, 2.0587335170748573, -0.03624308016286326, 1.1101165182231694, -1.7101662356346357, -1.3711618669373076, 2.6305866524778683, -2.0298315790427646, 2.221784776211121, 1.2446310230953022, 2.541508475758392, -1.460706939550219, 2.380779589694273, -3.5504189786650344, 0.9005348343125597, 1.1636783982608478, 0.16536138548075774, -3.3975636587017353, -0.48354817535523886, 2.7117606993629884, 0.8591321349777683, 3.5794492201858077, -2.451328131779536, 0.06368653412176353, 3.7817932384665833, 3.406458698054492, -0.39663920665382846, -1.9646416275710068, -2.0140607582487227, -1.6067996061495045, -1.1626397824990171, -3.5831405551775757, 0.6788300627449002, 3.6676199645695773, 3.396337066587656, -0.6960839495159151]",0.967741935483871
19,"[-2.3624523746638166, -0.509206994286656, 2.0494448250610593, -2.124622782669087, 3.9094004278995413, 1.456169918224265, -1.9557413953766394, -1.8240759840869671, 2.851566608697874, -0.8550175566048059, 3.6049068962666997, -2.8057400568940656, 3.094355229230943, -0.14342336543967749, -0.8556127534646552, -0.6150331420696813, 0.7005798211431354, 0.32421392390733317, 3.185596496228847, -1.9543381318479343, 0.7699788745758501, 1.3581811476418566, -2.020158883503272, 0.007172886291977654, 3.574778858556313, -3.866068053956159, -0.4008254249587676, 2.8683121378919387, 0.3831772122050021, 0.6061865423097396, 0.6884178446370697, 4.2138093162123, -0.8988237058338893, -0.8343840717161801, 3.1250503511993397, -3.5069774444460684, 2.5170494578095934, 1.9375540155615623, 4.0162174415669885, -2.0481369002168592, 1.8472189286789844, 0.39492040092012726, 2.34457326219775, 0.675826624275446, 0.6583050128647845, -0.9917257488533417, -1.1406962612807436, 1.8597229158216795, 2.599831330756566, 2.8935743353691326, -2.660143973473756, 2.302134284273931, 2.8913605848324786, 1.8127586051834281, 0.9466116711192004, -3.235147147771933, -2.4110384986698525, -1.395739970826953, 0.9748606641400839, -2.5391325867408248, 3.009501409164062, 1.4180948346046305, 3.348457051283577, -0.770373994868299]",0.967741935483871
19,"[-4.485566865735258, -2.0044036252657302, 1.9192190702217364, -1.7129820634422046, 3.9857949946075424, 0.6678600630846477, -0.973541473763273, 0.17838930756977134, 2.1743317129582738, 0.07747711055722695, 2.0924405186569057, -3.512552342175312, 0.9351276093870523, -3.264908263278436, -0.6921178648093038, 0.3471094258066725, 0.6722977278262972, 2.076288785086109, 2.4922294651624393, -1.3657787861145638, -0.6948589018411728, -0.13089487008725909, -2.6534698009687405, -1.324513204513347, 1.1366967967464658, -3.715255341701353, -0.2835698732022146, 3.2093311415825854, -0.0978292135774742, 1.0374687860597898, -1.2338466278341769, 2.9480500735912383, -2.0785945097587377, -0.47705399014510985, 2.740163755499455, -2.8994456070594516, 1.7331334947136292, 0.8387958917447027, 2.78820158920171, -2.150859056844372, 3.1866979002186824, -1.6581836584323666, 3.7041604596324804, 2.468933553865819, -0.5985003436831702, -3.0076246358922587, -1.924706331926576, 1.379610012537614, 2.5496547535795298, 1.099144882661185, -1.0668989818963055, 0.8376451725160309, 3.977327793865821, 1.8169008465866054, 1.00267573849977, -3.8525569484338753, -2.5456225950994695, -3.1974825025766336, -1.0672044714027997, -2.7789274369045556, 2.252048612777101, 3.3109997138197, 3.9189063377187607, -0.2546850788153404]",0.967741935483871
19,"[-3.8156227339013515, -0.5085571833325693, 3.217443227807155, -1.1723369135236033, 2.4400570664652586, 3.2707861873949398, -1.5854960357373273, -1.5739346323845262, 2.6451298285336216, 0.5764998001515638, 3.1645593297634123, -3.2233351627462805, 0.8247797618217294, -3.710197250720333, -3.0282741973424536, -1.2271823262839923, 0.656825591282436, 0.09168345127788069, 2.6024250674859957, -1.4932263235974623, 2.554259293199185, 0.8018563889846012, -3.319764894956525, -0.22335113995652045, 2.679503481306231, -3.766406928167288, -0.4970148332691976, 1.653056613520925, 0.8175925861150951, -0.11151088737064652, -2.864740523413624, 3.028207445915533, -3.332393372497117, -2.992020987275585, 3.445451335057872, -3.8390303897761227, 0.3119247928294626, 1.66675779312876, 3.7626624959760875, -2.894988735909247, 2.699648365616594, -3.933737607519699, 3.37030431427461, 1.814705605066284, -3.100838063566958, -2.9313247295755493, -3.834854842900757, 1.919609281926017, 1.616001465652318, 2.9685626472571824, -2.387331975242987, 1.762634906211014, 2.8337894788291496, 1.913633857674937, -2.4458992948873224, -1.559537335561409, -1.1933565029673265, -3.9030495294315397, 1.7665908125153487, -3.247934497980798, 2.1222654741823224, 2.7387442684533787, 3.8872245315836738, -0.30592210407879106]",0.967741935483871
19,"[-4.334581694684821, 1.737668587489996, 1.8509907647398625, -2.4172746569041457, 2.6353988865656723, 0.6500292536174095, -0.6097736198668463, -2.8045143831607238, 2.2569186841009192, 0.2591787898613028, 3.433395345845339, -3.232410076305931, 1.158486372054131, -1.6833194313613338, -0.5473589262859748, -1.2251492194645446, 0.8551795792151113, 2.111429824286971, 3.6857771531336008, -0.3995130560289879, 1.6888673804546284, 1.2922231170431793, -1.2408096403664777, 0.27323656588207823, 2.5642641449671046, -3.5156202647441805, -0.35966167651237047, 0.44517016564918466, -0.5280919788035328, -0.8479980051868193, -1.9844479603663951, 2.9290459226224783, -2.70306019945357, -1.8881479618187755, 3.588002304276126, -1.7983288664512957, 1.8026330386054716, 2.843160271451977, 0.9569725217678551, -0.03422314592806175, 1.3335393182076425, -3.1205282994884658, 4.028114407848776, 2.004330311035053, -3.18504467028332, -3.5715343349125517, -0.11821065506306416, 1.9983082332019537, 2.4479674881165687, 3.587653990688392, -2.2811799170093887, 2.294302918348439, 1.7095093965872317, -0.6903741535476569, 0.60732177711776, -3.935990552856184, -2.430040631613383, -3.295399863436378, 0.33058467327989105, -3.13540397286366, 2.3173567507687953, 3.85664159125318, 3.023892134577587, -1.690546492492741]",0.967741935483871
19,"[-3.0388630827778194, -0.1876030425948323, 2.76012894015928, -2.312585709782586, 2.1140309377620783, 3.4425786414263446, 0.7789295675388189, -1.2375262621693839, -0.8821048885719835, 0.7562363259483087, 1.9850868101899684, -3.0161778381964597, 0.9331282498644039, -2.0074966603326168, 3.767369370540321, -3.293616703392182, 0.6121622284438182, 1.9589802725759264, 1.305371062808046, 0.24845045805522137, 2.9799618558948167, 0.34791397407590285, -1.6103777718405206, 0.5653714467157336, 3.262414084339769, -2.1788725251161254, -0.5421380883242408, 1.993398405124203, 1.7848160433621691, -0.13478861443674206, -0.7468042536821001, 3.142134643849339, -0.71831704693802, -0.06645564186011388, 3.614627325463787, -3.2868413983716143, 0.8177099604057032, 2.472510126491339, 4.414371713084883, -1.0705441835126095, 2.620814192967008, -1.1518352854771583, 3.291747524500685, 0.6489288193245986, -0.817640182275579, -4.282369219773276, -3.4551340332449714, 3.313501017176642, 2.6262248535826407, 3.49841765513789, -1.6494278507289064, 3.2416833857835057, 0.8044897822055308, 1.081764028956315, 0.839964524769661, -1.782265351247915, -2.8676729406841788, -2.868410602440431, -0.9679092710927116, -3.165036579844272, 1.4238297315582191, 3.3282191606890112, 3.0108262205696508, -1.7879090186779611]",0.967741935483871
19,"[-4.386382511841012, -0.5294214377973276, 3.4467346908643437, -0.32663333456568067, 4.090795912853088, 2.984162605729447, 1.412577110549604, -1.8968457891435582, 0.5760016330198838, -1.276155068983974, 1.3043792357790247, -3.1696924955185852, 3.00366939684594, -0.4979790439681895, 0.8083739595155967, 1.2337493335409353, 0.6593659264999852, 0.6747381748871116, 0.8303701752235555, -1.6194705246648533, 1.177141872391309, -1.130176610635524, -2.625569946394626, -0.6855051484159369, 3.2762077935071616, -2.401798286594559, -0.49132685426402006, 3.100098477446445, 2.2867687028852233, 1.085196860435809, -2.125992193947604, 2.5207167369629424, -2.101347819404606, -0.7164962525533436, 3.2394522875497693, -3.0363019164580427, 2.784473611888822, -2.1096366372916666, 0.5025716232949491, -2.500319575471896, 2.786934136623528, -1.2324635095446337, 4.08490342698605, 1.7476308497488011, -0.3779901726002435, -1.49644980330149, -3.736609383636291, 3.619747895078354, 2.109516619328675, 1.044544590321054, -2.7622953972061635, 2.607173620912392, 2.9691532910199965, 1.3606840818243755, 0.15020900365165418, -3.434242531346452, -1.3853428401390293, -3.9076194408702536, -1.9118626802425558, -3.35983196168885, 1.678442180439808, 1.8785035507897678, 2.4444672608980063, -2.5997157812201506]",0.967741935483871
19,"[-2.6988219424756794, -0.7338972479700578, 2.2472623093856723, -0.1206930653952134, 3.3092053080105295, 3.1518676508806287, -0.5228396232266064, -3.972226789903625, 1.6767479668732763, 0.17998640424868473, 2.632322266087938, -2.4465280167064725, 2.205153566596783, -2.5953661413117315, -1.3236721393241702, -3.125382710525515, 0.7313225023727289, -1.3863993604530518, 2.698306436848144, -2.6683217055423794, 2.2889127153696025, 0.28280033899337964, -2.1003405172464413, 0.03918193849484819, 2.9598135604826696, -2.124218285710478, -0.27047902280095815, 0.6157468447841419, 2.6021295118348924, 2.6485428417984322, 0.02501147050551178, 3.360732845334837, -1.433890571843278, -2.4791990226368195, 0.8924804791174148, -2.231867157641739, 2.301876962143661, 1.015326932694375, 4.410420566379129, -1.7312136711029837, 1.9393868679207267, -1.9919212632786008, 3.665686689663162, 0.569176253123167, -1.9632587880819443, -1.3614803679007097, -2.585650262912987, 3.832933033880845, -0.08559761606154259, -0.3348899605341289, -1.593311590798554, 0.8880447429675653, 1.2510985706153843, 1.5098195172734405, -0.9886665749660898, -4.043156607827496, -2.8993521407985168, -3.5413775234570615, -0.12958506348602844, -3.6049284278868905, 2.7248285664302827, 3.5241950559192046, 3.000329040567593, 0.2169267061041198]",0.96875
19,"[-4.490518688255799, -0.8887754649899796, 3.00189731709435, -0.931527981942516, 2.260670573903653, 0.5188082741379139, 0.9435272635374654, -3.4028749916958443, 2.9676795531044355, 1.2803831694689136, 4.00625254668166, -3.705069932642809, 3.4404659960891624, -3.4853346256369298, -2.051561039917689, -1.247875131479932, 0.5580541811772955, -1.1489612008937606, 2.9309024091578935, -2.4231613949504642, 1.5682954481526359, -0.5233541957721888, -1.9667367375466371, -0.5336992733162431, 2.5707090245419675, -3.5547421375957553, -0.48955837090445, -0.5066577157047669, 1.8692568241708376, 0.8303511921806179, -0.6761277007657184, 2.4889172350889206, -2.1160691986560094, -2.632167182816468, 2.026530005937529, -2.2643046134395672, 1.8256332843130747, 1.015502668786301, 3.5531823112859113, -2.8395120793997517, 2.294182242189354, -3.8574786652770277, 4.131415577896609, 3.1776949424032725, -1.9255579801486093, -4.078570039738105, -1.9839676198487248, 3.9072092578189648, 1.9440048298386898, -0.38289670168976664, -2.2893708688135717, 2.658980560056498, 3.4368450728340476, 3.0344608439136564, -1.381160232206058, -1.710281425735824, -1.5556882015481324, -3.701311898979056, 1.4476666625780266, -3.5514225351465605, 2.3201535111391864, 3.6700636048446444, 4.10420831674006, -0.3961145571632708]",0.96875
19,"[-4.508607100373532, 0.47609244984828103, 1.7801258318318625, -2.7975005632873295, 3.6560884163912735, 1.3758382147299253, 1.3048149786792804, -1.2406751725300422, 0.8001780138113448, 1.035260259520356, 4.012502117421333, -3.7267517676145387, 1.9553934772406274, -2.1439326914061185, -0.7575978332571026, 0.8712670954186079, 0.7642632366651736, -0.8358768063216034, 1.3643403455496954, -1.5043797309007734, 0.5087970049334289, -0.04586514005166675, -3.491256046053736, -1.9984640928914872, 3.6479420801952336, -1.9789215119693364, -0.3251450663264844, 2.7712690349986655, -0.08529071484324013, -0.46572547114423934, 0.2570272359641491, 3.438699042168971, -2.516853616241503, -2.9103117000186156, 2.07736486770756, -3.5148525272449005, 2.2407667837119285, 1.257072967620392, 1.5341820953430494, -2.1205817290096234, 1.224121110608576, -0.9358242298852404, 4.059049351665158, 0.8220173055092121, -1.4771459665114364, -2.322517185920918, -1.158249152721117, 2.3358401869898278, 1.703805841186362, 2.8714232525101764, -2.748735614695008, 1.8668945183646681, 2.2600925095232816, 0.4035939930100406, 0.4725251907710216, -3.3675190687393908, -2.8926294391973655, -3.9019296482618704, 0.8085925442111603, -3.177872672583905, 2.215998840964726, 2.956468968281047, 4.2348956503766235, 0.14014276717703766]",0.96875
19,"[-2.0987470803614086, -1.741171770345984, 2.5952594319138367, -1.7482362299396808, 1.7852086203398962, 1.8115614096827288, 0.3490500977027101, 1.3831928495836472, 1.6646468417943643, 1.121516445596225, 0.650448998910345, -3.723196826489665, 2.090660675680821, -2.406069221392441, -1.7457020288075684, 0.928444983246485, 0.7621390044290732, -0.2631672107758395, 2.943688750840498, -1.2515077699857924, 1.7097773494234136, 0.7807688825166036, -3.4689399213841665, -0.320053707783598, 3.4397877434821815, -3.367806386503732, -0.30738195162774284, 3.844489890289911, 1.118979765700816, -0.27632330486216605, -1.700285392962348, 2.4628662220006516, -1.540519380762764, -2.3895650667223696, 2.747562193899572, -2.963057438248164, 3.057441911186855, 1.3687529570016672, 2.750540974219993, -0.596217214844778, 0.8823973655420889, -3.3149635822403947, 3.035754476702127, 3.414689509673429, 0.1345037261203792, -4.556858849166723, -2.11146638208971, 3.9564199397485527, 2.5963106650130383, 3.168484226816276, 1.7269778479407387, 1.1160323507190677, 3.1495129527541534, 1.057325185235446, -1.9126978689940344, -2.9406749682470767, -1.0840869560418336, -3.5229171325617266, 1.5915910037516512, -3.6329165245659643, 2.694764646686247, 1.947454188207073, 2.459006582817424, -0.8674789541041088]",0.96875
19,"[-4.507639130569162, -1.3034441094144424, 3.7274466148666856, -0.02087677511818664, 3.870605894354505, 1.1773045359395355, -1.3968393113547708, -0.8007937121774169, 2.864919368312733, -0.4183140762927601, 0.9986754465399335, -2.7572136812926757, 1.8563917544882655, -3.7238298402599357, -0.9632029169739095, -0.8417906770088952, 0.6428714135718802, -1.0194651281325462, 1.5734644246578768, -1.3534882218592665, 2.406745704375472, 0.3823123680149431, -3.3880788003959785, -0.690354723024267, 3.285810179704053, -3.787184699359226, -0.4677958567313824, 1.361476463102329, -0.23544452182636522, 1.2331162188967983, -2.3739828918783985, 3.8368261533871793, 0.011273736829847225, -2.97827472507061, 3.354162876235048, -2.9133307881389605, 3.0157710201507637, 1.2344914895797394, 4.428571693649391, -1.8790615800443145, 2.6262845052986266, -2.1545690936024298, 2.1264682443597422, 3.1027333362797975, -1.6767704471548248, -2.8110908901831144, -2.2871566454112733, 3.4570909444145177, 0.45741948209696015, 2.9727072003765818, -1.78891988395812, 2.8176820328959202, 4.132837098483542, 1.1498739989195004, -0.2588516702615944, -3.442866590451351, -2.6750028566386206, -3.6923256129713327, -1.1993150600097602, -3.4718623610831347, 2.1080650705435544, 2.011142161842227, 4.088575212439857, 0.7758513571977355]",0.96875
19,"[-4.470305787185878, 0.29845196665034757, 1.551152413702192, -1.8134453062388065, 4.125427825009571, 2.2788422018952237, 1.5611982950486565, -0.8295151467213567, 2.3872395098731887, 0.9048704799213172, 2.453415499324158, -3.199343504878656, 3.275509683377688, -1.9992717148798822, 0.6142017352009783, 0.6344902726158612, 0.8235695107702437, 1.230821795929, 2.7855085429574933, -1.4192721429016593, 1.9349253848671215, 0.17700262662225197, -2.937171464909466, -1.1953524568822236, 3.6445325317735304, -1.513822387179169, -0.4084086852545569, 3.694670540132213, 2.243212778503085, -1.3802401624987755, -1.9404520508034349, 2.794919847378442, -1.999906100972722, -1.1404221118710125, 3.597892295355607, -2.5457647479245935, 1.114842914569101, 0.3674833781145273, 3.4112648229298066, -0.7845566777886901, 3.6138509278568987, -1.6344757142762094, 3.2282922378364085, 2.7905482323223145, -1.6557984695738588, -4.132691916111797, -1.496712185808957, 3.1727314700858127, 1.1311364880949548, 1.4159574857640609, -2.0215497848146957, 0.8224873925458718, 0.5712042656901464, 0.2932048474289034, 0.9269880149656156, -3.8731880736892657, -0.8752658852393094, -3.614457020126368, -1.3393868396356694, -2.1634545146406445, 1.9371311762878218, 1.7293844776816778, 2.551103548126644, -1.8223036750398407]",0.96875
19,"[-4.468351479964872, -2.4419243809137114, 0.9941750075598789, -2.36277527046169, 3.9639895357623827, 2.3755086290172214, -2.0276037583733784, -1.216366623706076, 2.1291518209049203, -1.727304801321478, 0.4017351597352563, -3.7266803182088353, 1.0365673327745055, 1.2817429967935496, 0.8397582625518483, -1.524742812206709, 0.6300118596208134, -1.6632976622122362, 0.40590108680724946, -1.6557286866663592, 1.4475235813819283, 3.0151312813874798, -2.5313312732875315, -2.000720879319227, 1.7924561929255494, -3.871473113185746, -0.2717984985584939, 1.4123109966433431, 0.5147368354537865, 0.42426860357958457, 0.37349104970428953, 2.2702186747877158, -0.00713917303197098, -2.5109605955327847, 0.1242496828882862, -1.0773097026981537, 0.9482006922866578, 1.6697819853907263, 0.6415067180659737, -2.005672270064558, 4.0400372585477875, -3.539442092846176, 1.1782011048804861, 3.372193697104732, 0.564248344444106, -3.6829517862446135, -2.6952734815656267, 1.4422683382981063, 2.552465768345773, 2.284611400613437, -1.8083907483939443, -1.4220159076270666, 2.396519427930186, 4.1917229013441055, 1.057962061249424, -3.7170438581524894, -1.504831444307196, -3.874200525460455, -0.48016728846819134, -3.7781340041316454, -0.2053329271344584, 2.640141469173637, 3.512889008138341, -0.38225242418461874]",0.9696969696969697
19,"[-4.303835092732994, -1.403698854793871, 1.0085644004506917, 0.03187170211097534, 2.6082856320907037, 1.853375524130724, 0.700774203971489, 0.26433049070218884, 0.8971331107784613, -0.6019452024632185, 1.9285247264024108, -3.157561603859099, 2.85344676955764, -0.2797298454847845, -3.0660917694603347, 0.8368863092154162, 0.7637210650313757, 0.4968867256805364, 1.1259292144604165, -2.036337472862816, 2.350133947221456, 1.358161589000019, -0.44883816454770176, 0.2514151607325386, 1.9148102151229747, -1.8853852166739165, -0.39541572240054457, 1.0129415085868234, 1.8120129051321596, 1.230665276968082, -4.237078975842339, 1.887030140877295, -3.028696604081377, -2.367031039426974, 3.3314847444511875, -3.776077467479015, 0.816828809728104, 2.0047638941199826, 2.432841208172349, -1.751853649092487, 2.232121966657492, -1.0963339989093335, 4.052906094730937, 1.0157046926416902, -1.2889204271281587, -3.6971240415902096, -3.9173943981536286, 1.784717251226676, 2.614142103604548, 3.054192648936031, -2.521263547129367, 2.240123134377883, 0.6902056518734585, 1.9221298109169984, 0.7342560174741855, -3.780178168123702, -2.761686884535043, -3.2179321399441165, -1.439855197169269, -1.0227824822734237, 2.829900589843154, 2.5469990573334345, 2.5018900548294685, -2.0428904470268523]",0.9696969696969697
