Run Index,Point,Objective Value
17,"[2.6378933280194516, 0.47624414483308963, 1.2934164270603024, -2.009765372710949, 1.5383933430811514, -2.3017893641841614, -2.1693791600436, -3.5663311683142567, -2.2970445052006707, -0.3843553101876358, 3.4997788164418493, -2.791130399009259, 1.6849544051847636, 0.17474950821646718, -0.4494421019905257, 2.4249319786747754, -0.3592985119908487, 0.7776553744119554, 3.6892413027571287, 2.6689926476479373, -0.4039938230742548, 2.9758123164434407, -3.306622592989809, 3.3932816673329205, -0.6432785498628828, -1.6827350913362598, 0.04282992791032325, -0.8878752536171293, -2.8666042920882067, -3.750049969155767, -2.8465525208545195, 0.5719703977059657, -0.4503875090730952, -2.666612379985875, 0.23701161037691842, -3.391402248087564, 0.9132876627693489, 0.2653719551599476, -2.7677982569644177, -0.08121465406172046, -2.8233084851792607, -3.54200352619507, -0.05945559312648829, 1.640830321570067, -3.42654431151143, -3.236770000262673, -3.7838433507629397, 1.07716935742764, 2.327729016200991, -1.5062017262605625, 0.8438945226942001, -1.727168115707966, 3.009469257075216, 3.9415498141840244, -0.10974497146049766, -3.673875957167528, 1.8330588741739258, -3.958295003582781, -1.0269782958197233, -1.0586092035292176, -3.380562589358661, -0.38151950980983607, -3.931982150322632, 1.41519189385785]",1.3888888888888888
17,"[1.685190705487097, -2.142330052767866, 0.8754619001186121, -0.9096436516914645, -2.6309584832535307, -2.842866410804197, -3.6221017761786762, -2.427757341009639, -3.480622929483627, 1.852331641161348, 3.6204053894911596, -2.1424293289961347, 2.580601398496323, -2.401718686308841, 0.11914827611182005, 2.4220782638693885, 1.0819873508749138, 2.3540805197673427, 3.268070359396146, 0.9667468611331602, 1.5484614527979526, -2.9577461837759618, -1.8709166639375925, 2.499391152010726, 0.6257421554684504, -3.43743284575458, 0.39796832664696025, -2.7500806947399856, 0.36801597589062146, -3.8527150924414344, -3.9538307067661553, -1.3547353045090271, -0.7553400678165862, -2.745298709921985, 1.246586696089453, -3.7621088280177415, -0.4975967364482398, 0.7693955831517467, -2.253440411632353, -1.348388710830732, 0.25643734084417824, -2.0573797146019417, 0.21163285335728088, 0.671861458285228, -1.6828602843604992, -4.548115240564637, -2.491041436690649, -1.7403890637858783, 2.461108118417049, -1.7971961460447856, -1.4556662459149745, -0.7265212716518916, 4.103188209200396, -0.15359904765333932, -1.0547758091830692, -3.9863680772964094, -1.8063018607223977, -0.169647302618666, -0.43765482299484904, -1.2814831917864524, -3.921801614394511, 2.7641015819910892, -3.7939387288749207, -1.513663980904179]",1.0192307692307692
17,"[3.67266482152467, -1.8054292085888413, 1.6279795272452877, -0.6748391988473608, 1.4256975964367347, -1.2392870675157592, -0.8165502844334394, -1.7245069229058025, -3.859669073937913, 2.1505825734719966, 3.242499703734907, 0.7308600825664481, 0.963043796694397, 0.8869240458741343, 1.1398417453523129, -0.14734561763317078, 1.114061375042871, 0.9427387845795631, 1.783277716134719, 0.300928313211045, 1.366182222146023, -1.202260312256163, 1.1323371859526943, 3.3872254924194283, 1.381203127490132, -3.2468426270443893, 0.4235924229119574, -0.8200509249502838, 2.5152586640939125, -3.7761029372078716, -3.810439633417535, -1.7404564762197858, -1.9395901204000725, 0.18403833042060835, 0.1905244400563424, -0.7580862017776213, 1.6588845632891867, 2.667747253745311, -2.263849238719618, -1.3863607339501032, -0.756501968450455, -0.9279390570800221, 1.2123007602372446, 3.5229546984113633, -3.4243365896805598, -4.561961247254733, -2.6998102452009967, 0.533102220114919, 0.41774176022648035, -3.727017554372727, 0.5285456629018477, 3.1886051933982373, 4.020228067812995, -0.08935722141692382, -1.0596151014308222, -3.1576160981803207, 1.8433238130563718, 0.36161158241315583, -0.9504497821747812, 3.1046441889275465, -0.4106066166271938, 1.1807698413007623, -2.8438558656774995, -2.243104608737287]",1.0161290322580645
17,"[-0.29543395934122163, 0.2194390130157673, 0.4982314001785784, -0.6824544574686764, 1.9825481075990894, -2.1419017854901465, -2.4437200009767133, -0.052725215751670995, -2.4767542095918547, 1.5869278841014887, 4.007556970759826, -3.4383455212290444, -0.5622362095803419, -1.1356331565102469, -1.0548439987276026, -0.4290018431278232, 1.2166244195857656, 2.468256202921826, 2.3941496540187934, 1.1532557438897928, 2.0373838584082957, -2.720875274980793, 0.8229814871250527, 1.7038474762796083, -1.2191151478833324, -2.1046249061143114, 0.3428687619125026, -0.4698965418241091, -1.0855172411081955, -3.8512568996761956, -4.205111142093616, 0.21811628874292077, 0.3822246317005702, -2.847344581300765, -0.0554483760815731, -2.11892716427192, -2.7121311737361284, 2.140073651152809, -2.9674405726613737, -3.292549575272266, 0.2452471464870154, -1.6887762195365992, 2.8849970708922275, 1.776702269155157, -2.6625958696813203, -3.4170013900600433, -3.693452377186399, 2.2375352003285585, 2.62623944015564, -1.2268075146834136, 2.306817503258338, 0.9440410972319584, 3.288038179983638, 1.4305454410879161, -0.2772845767009513, -3.8755831860697048, -1.3334362957723924, -2.41041815340475, 0.19448973134106784, 1.0094464516783863, -0.7891110820377589, 2.3037943835137558, -1.7334635682983943, -0.1845396927383257]",1.0158730158730158
17,"[-1.983668949413188, -1.3239520893363714, -0.7708416060828382, -2.0666377668353073, -1.0535929235415964, -1.0992261330622686, -2.1029818775639906, 0.16363873310512322, -3.7975962731842414, 2.317581043292164, 2.8565846609424077, -1.4884641557711888, 2.4785598254788015, -0.9272489231463342, 2.1431795955167208, 1.1838804164852654, 1.2439926645712438, -1.3234977220355613, 3.4309655875330978, 1.962317954817394, 2.48160899697889, 0.6216087225343014, -0.8009135557735005, 2.9759679104309082, 0.7395230441398637, -3.9252279434026662, 0.34746846089483574, -0.3243804351184514, 3.401907640409326, -3.8666937454191133, -4.19423196525546, -0.8891755627207151, -0.6715854698057069, -2.76838249858281, -0.9427397145753109, -0.49983147230824665, 0.39346480072270634, 0.2228709246792524, -2.7762013510818266, -3.162929030936715, 0.9313427538587189, -2.4582655683565307, 0.056642883940291044, 0.08071131047919611, -1.5611156492704894, -4.514578785922663, -3.9238911831996246, -0.9242936600963663, 0.745943567008573, -3.719228209644191, 2.595846886566852, -0.6600184375868106, 2.8573293431335385, 2.9275449905365765, -1.3135210203688361, -2.0864262923750783, -0.9120536205423035, -3.0948647925118893, -3.476769263369866, 0.5702042872447772, -3.9085635725309875, 2.226653112634132, -2.456803125935992, 1.9300151755444719]",1.0119047619047619
17,"[2.9990299153657536, -2.1772383977886425, -1.0314008168587105, -0.27284481351866574, 0.6680864122228239, -1.6359364687633695, -2.978656915089803, -0.4370067705254215, -2.5644398811464053, 1.5784520387849337, 3.8840584085757075, -3.706145889835171, 3.264396745507186, -3.646281137653506, -3.0940055487242963, 2.2951237141428864, 3.388901067335442, 1.429931207686491, 2.288226623826504, -0.1302722874640676, 1.453342267022418, -2.9728617568420836, -0.8758807075137742, 2.229751753403442, 1.7626648431302405, -1.4389122371585512, 0.5827449457066045, 0.06292938929147773, -1.931602264053307, -3.8429274225510506, -3.981019587728425, 0.537250744978069, 0.6870116172895266, -1.5987427210287724, -1.2494843778995528, -2.245838379963267, 1.3755814948647727, 1.7367468647881696, -1.494627927852214, -3.0016261570267666, 0.2667304399420413, -3.6947592761784565, 1.3016984650006307, 2.304805371812279, -1.965004092375951, -4.564454268362966, -3.6275373948682637, -0.417493600443206, 0.4089488148375091, -3.1545361590402505, -2.3520326911826137, 2.9399743907629508, 4.126072651427889, 0.3168135669780673, -0.6395584752288113, -0.9059357675741282, -2.906962511219277, -2.80105751953427, 1.1261991186977036, 2.125523615420736, -2.4764492948535297, -0.17198259313026165, -2.7035415751458447, -0.015479172320619072]",1.0103092783505154
17,"[1.5110609592821507, 0.48280982080396684, 0.027708125719865497, -2.810149653636562, -1.1506628672197248, -1.2070157854565773, -1.5976894433997975, -2.913474486015173, -2.5240575610213627, 1.6610579018515157, 3.91890447827807, -0.09932947872637099, 2.6902574593629662, -0.44974688955919506, -0.30257211255616157, 2.441917444203488, 3.4357250659967358, 1.958611803830499, 3.492681813937265, 1.582089957980847, 0.42725717150133224, -2.8839552901315724, 1.0890590199930017, 3.4069344819423146, 0.8479762605132253, -1.9752064693456104, 0.45959185342479203, -0.6589320911347243, -1.2366611607244078, -1.8473404101439492, -1.9607840385914308, -0.4842303668897985, 0.21458006796325968, -1.8135989463124327, 0.07442198213820794, -3.7082469921269428, 0.39234757661582936, 1.0369777897055665, -0.7726878840017894, -2.3415683503260416, -1.2314310255127119, -2.9501708987138766, -0.12727078532069147, 3.5248879255511887, -1.5686413640969126, -3.4496500047912777, -2.351129634225744, 1.4830613228435376, 2.485375183032689, -0.9163313657057871, -2.298257934282778, 2.7298087497091132, 1.9073358237536793, -1.0308728665951472, -0.48158884151100667, -4.013746978272171, -1.1455206625045222, -2.5956676243562358, -3.458704578177769, -1.120473193882209, -3.7059334488921247, 0.9162859179922137, -1.1054253642000142, 2.208035520459923]",1.0103092783505154
17,"[3.218758125179923, -0.4476586991531111, 1.1141794501962945, -1.7344238048410476, -2.265991479963975, -2.5810106704605267, -0.8596322668598297, -0.3010309067900492, -3.04656247661469, 2.303962955258201, 2.077358621963718, -0.5528183268193999, 1.8052122726540538, -0.7343698548167823, -0.5145145202228514, 0.529361195437083, 3.8438463188382856, -0.6026495123588289, 3.618584458016773, 2.058562853996479, 0.6129652889554074, -2.350060245891646, 0.09620494202870387, 2.9251602352754915, 0.2909082323935809, -2.0640412998086552, 0.6003504030163307, -1.7281164497624033, -1.8925469308428564, -3.6156662465493143, -1.7861532679928533, -0.6075256200671771, -2.2981963025912218, -1.6565885321946325, -2.598659941186294, -1.4268973653877424, -0.18758168323795252, 0.3157529190532924, -2.7044512001057286, -2.4291586470375606, -3.3348207788113813, -3.9168939582366384, 0.17562887490992296, 2.112440080954273, -0.7214534112868434, -2.762225328550967, -3.068818656222958, -3.3180545898393454, 2.0279164457781045, 0.45522827211290884, -0.47281664884246216, 2.3171065533467536, 3.830937310001433, 0.6206738767761754, -2.6595173802862564, -3.968776799226874, -2.4625840178202223, -2.3410376958992734, -1.5315318309686559, -0.7993747825500914, -2.847519882922577, -0.3240930565935407, -2.7700671358320372, -2.341637508772455]",1.0103092783505154
17,"[-2.00057572453662, -0.0007912457352552416, -0.788975749762877, -1.880195758974403, -0.4585030158737152, -0.9135553181814497, -3.522898826682778, -3.034515743037679, -2.6574948497537667, 1.9250891208601764, 4.020076064985022, -0.8702345598162872, 2.763512610753259, -2.1770966967716117, -2.398657045084584, 2.3706476252844246, 3.4829148669002814, 3.3390205494951735, 3.399053752718112, -0.03237193621721657, 3.299191476175558, -3.2514094716264155, 0.3050542242215311, 2.8278877079135523, 1.7764086634703022, -1.6156906614419257, 0.47473003658891244, -1.5027780362339782, 0.006754242778700403, -3.8101289331289308, -3.430076982957936, 1.829866730579621, 0.8296790330750876, -2.736682696219009, -1.8260450468607998, -3.366568904349356, 1.53471966357447, -0.21212477920831652, -2.0727069543975407, -2.7777587510071067, 0.3981481548105644, -3.021925620558152, 2.314956159588924, 2.405201986255229, -1.7386421523584803, -2.3083587224203743, -3.8515593194632674, 1.0968894907828153, 0.4243103582881189, -3.0194969301880192, -0.13275073943161697, 1.3662050921849396, 2.630327320410567, -1.56472823206143, 1.2650419217032587, -1.7387916409672508, -1.1007198251250454, -3.399404474895925, 1.1139082952851243, -3.1335033530865886, -3.0370011266369312, 2.527613792775112, -3.5038297680635897, 0.1751854735685046]",1.0103092783505154
17,"[1.5993730302332747, -1.307413095439782, -2.923816066643072, -1.6321193147784003, -0.35058165905123556, -0.6840141747798851, -1.6321201337413753, -1.1569050987524019, -3.8607315820363253, 1.3717440606113267, 1.3494810990559185, 1.81351193634437, -0.2901250969591138, -2.033465643311257, -0.20139606975831126, -0.18522949934176092, 3.6719658457690185, 2.446053355054894, 1.9113880768532239, -0.08149074595994454, 1.4451438063889366, -3.1461984460825843, 2.8899518943833598, 0.9318042383343905, -0.1905552823580423, -3.649292450348004, 0.5996872480254487, 1.6507287027422712, 1.2347987706148544, -3.7413683210834914, -4.071168482257096, 1.6819222929509758, 0.6536692253510366, -2.9816961736265313, -1.021129543635253, -3.87706512694326, 0.59052596955665, 1.92647121459416, -1.1461103500141623, -2.8116058088920433, -2.728077236142824, -3.939528244531215, 0.7496768667566559, 2.1630907539724866, -3.2905034090169814, -1.729902753265931, -3.146927145152868, 0.43480088883917206, 2.0716475666009204, -0.717084705945969, -1.021900911303588, 3.283222185230656, 2.775318297789667, 0.5297641358719598, -0.7601809832193618, -3.9076499032882657, -2.790155356187331, -2.374503107164477, -3.379373782746133, 1.933128866255879, -2.530828301133182, 1.3776391565699964, -2.728644653442835, -2.045731900433068]",1.0103092783505154
17,"[3.5798134537596695, -1.9430281304507329, -1.5190004879828143, -1.2745337766510598, -2.0439716673712565, 1.5253349741288793, -2.118606401932004, -1.1378876278486154, -3.6174771529178935, 1.0134946651414296, 1.2916815306843696, -1.6673117502816608, 1.5025972533119913, -1.847766949411687, 0.22105545008769084, -0.6096215639520238, 3.7895525990574956, 4.018571917706929, 2.4099510568466926, 1.3447207767844898, 3.3574931439348417, -2.1169707466315604, -0.08509759790647331, 1.7268240516242885, -1.7637685757237525, 0.2044682705992722, 0.64549667966341, -2.158649297129888, 2.5842585146091435, -3.1109602873332984, -1.4094290916525418, 0.7515687147419027, 0.40899379481826115, -2.4435909328928727, -0.906161466203609, -1.7181372761776192, 0.5223560134566478, 1.1806630956660351, -2.6884206703610434, -2.2558257146065843, -0.027073579345911314, -3.2653371370635123, 1.9194113255361391, 3.346040753893932, -1.509855036404715, -1.8919526235769, -1.6124073137302752, -2.1324146804412996, 1.5679553704033733, -2.10539076714727, 0.4287991809599814, 1.9136924250970986, 3.251506795947143, 3.8345949473944057, -0.4476752069264661, -2.978551494427391, -1.6946326176783482, -3.6704841033468485, -1.4692703984204203, 0.838764823867677, -2.9503850243100374, 0.6089295767623657, -2.6079374560723396, 0.3937062443538907]",1.0103092783505154
17,"[0.7471120087449019, 0.904538479023058, -1.5100794727624778, -1.044769559697847, 0.08210976488267996, -2.467955645478372, -3.7084660380315775, -2.255798952176007, -3.3210568506853724, 2.457611767293193, 3.4164551350883197, -3.685035413722921, 2.8641276207756627, -1.4269059830483481, 0.7063999540062751, 2.2054630780221514, 3.737685415614381, 0.24224914834667355, 1.0142138737936066, 0.05955356737005124, 0.5446727511234379, -0.7280501062715443, 0.9356549886261498, 3.4950273930574562, 2.5404826642429543, 1.0483591816880105, 0.6405818481005174, -2.656413178626895, -0.018526871506415188, -3.8691260951039808, -4.191321340058789, -0.523112743111084, -2.7048467093732573, -2.4308422010225166, -2.2796077005150526, -3.8808516882309183, 0.2695404223067266, 2.668660221498412, -2.4614044885520396, -1.7830650937387071, -1.493175640596536, -3.6775067696468433, 1.309135867981475, 2.6292704682703665, -3.3754880760809094, -3.5741631546406385, -0.9744663254956487, 1.408573234142549, 0.4113588459583881, -0.7986588036897759, -2.2228702208917444, -0.5512006154353968, 4.141302912513985, 2.5188796917555614, -0.6268347331456526, -3.717130759350143, -1.373848381533953, -3.1898223172497566, -2.627463558294297, -0.17553683669207854, -0.2514259219203234, -0.1879986986228923, -2.850790542030393, 0.40565617625813893]",1.0103092783505154
17,"[-0.8292244881284163, -2.1318309397695723, 0.5434270307703588, -0.3206854276244493, 1.7212102783789929, -1.5322464077388622, -1.2835341416894206, -1.6098619484950805, -2.499787925963414, -1.820537997045875, 2.8640146898156567, -2.0185266350798576, 3.0178011473072868, -2.9980701085107393, 3.4323266238204, 1.4427820370096094, 3.7670049440701514, 3.2969326673653603, 0.8752590387498609, 0.21284640436132785, 2.704052696584445, 1.0309497140780413, 0.8775781342560012, 2.151913350285385, 1.257939474771008, -2.4930217125794116, 0.5525285490318621, -2.455571423413573, -0.06968906438541675, -1.6208627230733175, -3.230435387626076, -0.26558220700953833, -0.9551135744234469, -2.641996160547259, 1.0527989272228935, -3.8007923580810123, -0.6062848165070331, 2.9412778048247716, -2.469690635722195, -3.488105938916327, 1.2240479256983698, -3.737564838927545, 1.0014128156502697, 2.1722069197955873, -2.4428935527066273, -4.476340577594162, -3.3992153748753346, 1.258187489284046, 2.45983294652458, -2.052514052692432, -2.2143654050636963, -0.0603537657390274, 2.528397560508611, -2.03532810805502, -1.7593335641171906, -3.2269278897719973, -1.089140694938129, -0.8600783882270426, -3.0802375217329, 0.7810603465556559, -2.880731565233182, 1.7649519744650313, -2.3241226688816496, -0.6469358488871386]",1.0103092783505154
17,"[0.42602888807516326, -2.141793057489081, 1.5983199377770987, -0.8875655109340793, 0.1444437018493332, -1.226101129236897, -2.455094480920228, 1.894117884445023, -0.13402163069697748, -1.1394249475115377, 2.2378880389101337, -1.468367979739478, 2.089723158903442, -0.22005365898468843, -2.675808945610351, 0.9825428764005335, 3.7865007190405033, 1.6514029811504032, 1.8444942800665711, 2.461924738506375, 2.1750341331001355, -2.366380207584006, 1.4686111640979163, 2.2539119911450576, 2.8624320328738846, -2.37218122060447, 0.4688281551703435, -2.7429604562779195, 1.344283944585765, -1.2669661329495296, -0.9505384977742302, 0.10269269069830975, 2.022339619253633, -1.5587036796570652, 1.1430795574241754, -2.6789479355092554, -0.9103255100796125, -0.9390445577789799, -2.9412489438817184, -3.441075560400953, 1.0467179491807168, -1.7565366585265194, -0.07480577006634581, 0.5891721694462724, -2.565682878816383, -3.4538375827232635, -3.8918223030778285, -0.3133060360503503, 2.229553320878526, -2.323763585143541, -0.641140102597302, 2.2314678076801586, 3.267609034564717, -0.7271914975266348, -0.7733767805851788, -3.2006055945894425, 2.3630721507498915, -3.226282499253126, -1.1588870590180071, 0.5084905058252411, -2.791135979109878, 2.0177594988537293, -0.5640548172710589, -1.338540402712129]",1.0103092783505154
17,"[2.4134745006287623, -1.4810111470457203, -0.06343861193143678, -0.8877043334998599, -0.5235299349098954, -2.520668982653066, -3.885191243760317, -1.8314578437704176, -1.7984184572335575, 1.390395920671922, 3.120760902289898, 0.36353454848126177, 2.907102087770634, -1.9933437937659575, -0.21800864632412847, 1.5756739166838178, 3.8354001648254323, 1.7787718210162935, 3.679116195886605, -1.6712884730370259, 2.2482631173319456, -1.2068120637709874, -0.8740099923822806, 2.5364403075677906, 1.0329499720430624, -2.6020741624632726, 0.6074531182753992, -2.3726608154094606, -1.1739963688151187, -3.5723347118562705, -3.83302611913383, -2.3465299004987985, -3.098382475256244, -2.785837064748617, 0.624062679445931, -2.833946588767023, -2.091034251866258, 1.362037249195983, -0.30083996691837767, -1.5942832709847072, -0.8125758921813662, -2.6527265338855197, 1.5666230388921942, 2.289641440956846, -3.0465851666289017, -3.9757533277725243, -3.25589910532905, -1.3513322912210846, 2.2388573243042167, -3.672624096835557, -2.5027793073645883, -0.7094989944263517, 1.6062248024640544, -1.1633584804172938, 0.6634453339432049, -3.4076797790518687, -2.1105630384789964, -2.7558416919220083, -0.4215077890859643, 1.6678177094927358, -3.612047819643417, 2.512264506031147, -2.1385798373518785, -1.7726631260233296]",1.0103092783505154
17,"[-0.14499901291237505, -1.678992605194536, -0.2472179654868046, -2.690249417547476, 0.7346603943939998, -3.065189714734731, -2.2665453635682873, -1.4248012914996648, -1.6203063935878708, 2.1279347226808825, 3.824639968014346, 0.41536372882425443, -0.878503619789301, -2.7771745579311897, -1.5796167711373967, 0.6424655239718625, 3.389284850433691, 0.5453405388554853, 0.5070272568708183, 0.1023273602892015, 2.260875025637321, -2.294867992824398, 0.20136205784157651, 3.543694804381839, -0.034570289435623014, -1.3421144613542142, 0.5984220319597389, -2.7011333758750853, 1.3879585021385832, -3.080442133125236, -3.712778577535605, -1.3640210442492335, -0.25215276160808164, -0.5621016736544071, -0.9221673707862932, -3.641044439971998, -0.8199159884961703, 1.93301221652742, -1.2750571535520585, -3.178063913358179, 0.2560976837476526, -4.135321830560232, 0.6832239760094301, 2.8546731034663626, -2.5683440761416683, -1.6231631832927829, -2.936268356252599, 0.17291426215355066, 0.8201709521080365, -0.17681420020580751, 1.0442869579728336, 1.6916759605855165, 2.911731923142278, 1.816544468447098, -0.4476547339347734, -2.5381613334393345, -1.4964923855271826, -3.081704625136429, -1.8365457711506152, -1.1256823970850691, -3.9484877062711905, 3.3838360166606227, -2.0111382082292124, 0.5540081277785869]",1.0103092783505154
17,"[1.458641574248773, 0.30551895521541117, 1.407949186978913, -1.361536603919028, 0.09662499798686597, -2.467595010564658, -1.1089614249617539, -1.6102135605781938, -2.7300181375237536, -0.48378382342409476, 2.4747630200485937, -0.8647382136212618, 2.143720977962134, -3.7389966466078364, 0.46225454472767247, -0.8211524395558416, 3.626372411675945, -0.9835854351076914, 2.3338866880041764, 0.7540518042215822, -0.3691874991818156, -1.1391594496381332, -1.3010996673389112, 3.428930141170223, 1.7808542184538378, -0.7965025532155847, 0.6266174268451565, -0.21142516159346214, -0.1901602955925623, -3.150771529243717, -3.8050705668355658, 1.3909615219546183, -2.7993538001369345, -2.978068599017418, 0.1796325775658788, -3.6462324609074326, -0.14875763593248925, 2.7234181795973744, -2.012024333366875, -3.0682662573454866, 0.9346068345795614, -3.8045844834979246, -1.1534705243270134, 3.2563804682174067, -1.0740554747548756, -1.1818818537873397, -2.274347120026258, -1.542036083158987, 2.6260195434972244, -1.7201959101192115, -0.46300480918062403, 1.5426194753487394, 3.9963934281297657, 0.30595783640924457, -1.0869378425582341, -1.6796692271754239, -2.271186864232533, -2.3957409652497774, -0.4399701749232504, -1.587357997780399, -3.3955253334941267, 0.22695868164398553, -2.961722358567112, -0.19967233421031738]",1.0103092783505154
17,"[1.8138849108280017, -1.4218439268816692, -1.0116198270087091, -1.0071665263512029, -0.8126500524734773, -1.8864274556281697, -3.854690343944847, -1.2560673857886053, -2.783854519554913, 0.9565637539929231, 2.6034825857179023, -0.6945423122582006, 2.7778923322750018, -3.6477700182536448, -1.571930018488131, 0.7976118837890822, 3.845690061325537, 1.392167702896888, 2.425445008014587, -0.33627618081469823, 2.469305513443354, -0.6945439826923168, -0.018176792876577086, 0.7834310469837273, 1.9736471435641194, 0.6559578588702977, 0.5742765885883379, -1.2500045994279945, 0.08104224874886778, -2.1079377555327294, -3.792904365176577, -0.3188543224943411, -3.1944743148676635, -1.7811975476832842, -1.1507163512268508, -2.5105091792703713, 1.0442784614317846, 2.576307123958782, -2.967051715981952, -1.7766405246485895, -0.9045109472450679, -2.342188025011927, -0.8797088934441134, 1.0536486962475609, -1.4136448482255974, -1.7835649347231293, -3.6677417934099976, -0.9242494388606393, 2.4382266587124466, -0.9334467576081711, -0.9512302134514364, 2.3073330444094964, 1.5507468959831638, 2.7783421158168666, -0.8530155460370952, -3.9253444285084544, -2.3721996378375803, -3.9600279326165615, -1.9374662748756502, 2.6366210317397534, -3.6673931168353997, 1.4694081300175932, -1.7374669240362817, 1.9767711196083546]",1.0103092783505154
17,"[3.81853456099086, -2.16690945626927, -0.32525561798165775, -1.3963179586014602, -1.6950778796571417, -2.5025901323271684, -3.3082994851355956, 0.5825207705609465, -3.6941856326438707, 2.2224117848030223, 1.6508931127170285, -2.6134246466048077, 2.6879165445140236, -2.3136521673655555, 1.9017433470925347, 1.9647736084690173, 3.737783403776046, 0.7040457168921319, 3.6725758479632193, 0.9603418746810861, 3.3026776759868395, -2.055358053102333, -0.06376864146557326, 2.2069380016016495, -0.3037306125070951, -1.549758947806148, 0.5995246693917329, 1.0050731424929193, -1.3085493122211636, -3.346681801812543, -4.225232506178479, 0.40783713091707835, 0.1342960371257511, -0.4977366307930682, -0.8136156306497911, -2.9428781297635753, 1.4551911928718588, 2.9087435750304973, 0.5227324733015251, -3.2158174516432174, -1.2501520253362326, -3.9009420364217533, 0.6596872320725088, 1.644496640047259, -1.1809829573972213, -4.611149600071186, -2.8248354372322453, 1.4006849047198078, 1.03218124377508, -3.4528463116272237, -1.4902149586127882, 2.9823292659525946, 4.140973197636921, 3.2108696133810803, -0.28543969249383294, -2.5845125838626153, -2.8886697502867795, -1.9115770374114125, 0.47825456663825905, 3.3285880057936277, -3.307735478167849, 1.4219243631944107, -2.484905469644502, 0.2032446472422266]",1.0103092783505154
17,"[1.5978241941474745, -2.2103867625265297, 0.19168830071968504, -1.5046766626764227, 1.2829568061266696, -0.19644522453213042, -2.541406001611856, -4.362698861737632, -3.2832003106558325, 2.0725109129050114, 3.773237878094995, -1.724494271252557, 3.1494164482610727, -3.507610006628454, -0.9684983420662321, 2.2520306908436534, 3.847158417539255, 0.1142517920277566, 2.604588344788011, 1.3949357136051277, 1.227791108360742, -3.071270168410508, 1.4999834571859036, 3.1931914580227656, -0.19428341257514514, -3.924155895300575, 0.48669132539350635, -2.6476810461693603, 1.2163734341092909, -3.254065440840189, -4.271028475372863, 0.19049727731945448, 0.23773781675063232, -1.266455461915743, -0.5162697779642672, -3.1930186205241324, 0.08300254817987823, 1.5238235863016751, -2.789183197299252, -2.926175405067508, 0.16881008287083182, -2.827130724291603, 0.21497279658644686, 0.8073454317121249, -2.2856878793141338, -3.945962177039644, -2.3564002457356237, 0.9238549210648489, 0.7519162367094461, -1.3817718811095812, -1.5136505872722408, 2.178567446882805, 3.477264142220937, 1.3826110659521544, -0.5344950464004649, -1.3151257607219144, -2.350704991686351, -3.9117310954016364, -0.23111202909288375, 1.599863827379352, -1.7182241459782812, 0.8033245230037023, -0.9562055518361969, -2.4902470822892226]",1.0103092783505154
17,"[2.485252123417659, 0.7304251658426133, 0.65086581735337, -2.7522328018535487, 0.8381231519053842, -0.7509802751988939, -0.567753488113969, 0.9519652593627257, -2.1328925321966414, 2.454810226439266, 3.9103110525183524, -1.8858636887788522, 3.39325716290909, -0.04896690786699298, 0.2116075375097229, 1.609822634294471, 3.631195982163637, 1.4697401606438378, 1.7293883315490217, -0.7710259324186864, 2.406011046943939, -2.5896619375215035, -0.45706529205125046, 2.418662365751555, 1.9277159066256129, -0.9153434730140355, 0.5922395954903696, -1.1903830280154217, -0.32826540079092753, -2.345457210883906, -4.2398849017889635, -3.0659432037358756, -1.021502013807857, -2.005224891472353, -0.7162135910258721, -2.48086885953538, 1.3507703928741295, 2.9013169513483126, -0.5040325809631714, -3.488973130435366, -0.4151254444680661, -2.4177648592490066, 3.000951052692488, 2.3769875455749245, -3.0148431123465445, -3.2604579487348224, -3.793199752910861, -2.4619103333562586, 0.9674630916449682, -2.3847753303528494, -2.2364335588731237, -0.2717561597103444, 3.0207487672258173, 2.1647330495861894, -1.2368048452098992, -3.728186215595933, -1.8803837162122066, -2.701206630950359, -0.36115264717166684, 1.6519633373355052, -3.711095551782677, 1.7460666689191129, -2.9572791633893445, -1.6012532121812613]",1.0103092783505154
17,"[2.2207068433991264, -0.6315618571539876, -0.6035962836817806, -1.5154431772299215, 0.7415669981598276, -3.0471556885086395, -1.8388030178588253, -0.22420258290913253, -3.041044488074831, 2.431370860730237, 4.002110682390675, -3.644576837372357, 1.3441082907872792, 0.11931730107081262, 0.23101355135364754, -0.8447604767636596, 3.7911442424008888, 2.0348489584755955, 3.657238965319069, 1.800341788292108, 0.4134913434301839, -1.6262571370339665, 1.4434937550108398, 2.1842983881377673, 1.3060908401298355, -0.2348864647991129, 0.5381134762906419, -2.3477310968484773, 1.0982998005214921, -3.8468092432975207, -3.0425127339695095, -1.189420254986382, -1.630344526221051, -1.3599361620422898, -1.6437506182264932, -3.5703297910768588, 2.6610277547309655, -2.428052793156618, -1.617309381080981, -3.4437116645907095, 0.20189730759398755, -2.818456030527144, 0.668816127159676, 3.1382474241793292, -1.7924858594714264, -4.5738302503411905, -3.9268476089647053, -2.4881465269870415, 1.4828771526891729, -3.6679988480572194, -0.928032897305307, -1.137957871041269, 3.9449721132957576, 1.158217663554018, -2.070390390711816, -3.675975524522145, -2.5369723708456635, -2.1026796645357737, -0.6295172924333508, 0.8129118096649313, -2.2663136284654244, 2.9222002107055767, -3.731903370078652, -0.9480127455942954]",1.0103092783505154
17,"[0.7913755508963419, -1.0152068080954235, 1.8120536999449026, -1.831001764570581, 1.8374690518242822, -2.2418184378726815, -2.853200847191475, 1.0319667254640537, -2.4520021900877107, 2.382249153064845, 3.1904076701219415, -1.7572972721099702, 2.810640413891885, 0.7706698704590718, -0.8929092005085932, 2.1709323870883317, 3.7226785295827662, 0.9369632425573469, 3.665638821331147, 1.611959737247569, 2.37445604004343, -1.6204440626597474, 0.8897362263356655, 2.101541550488802, 2.8960329260199766, -0.7005658039943563, 0.6264702000798468, -2.537780946027435, -0.5207045042166454, -0.7682361452413666, -3.8768003632155823, -0.39524504086579415, -1.7102800249560408, -2.1282995664895488, -2.275783697200304, -2.1350328150193105, -0.12966232952188195, 2.5975690120741395, -2.8253734049306622, -1.5015523823815262, 0.8086672178661373, -3.4870888723323907, -0.8674300299607285, 3.063841277557975, -2.4728529371184105, -1.5805473736021929, -3.717013899710411, -3.281570226205722, -0.3156669384404118, -3.5210110339573055, -2.31535892910502, -1.3177798022269194, 2.5834366121055696, 1.6545634630034964, -2.6669892782765103, -1.940894665695697, -1.0155349296034546, -3.2042199713306907, -0.3195786461452001, 1.4947815319287137, -3.012059722244254, 1.8996384383317846, -1.0160779712206434, -2.07193294825652]",1.0103092783505154
17,"[0.04825219148541837, -0.9341567838609981, 0.31353141456012323, -1.6219235517603752, -3.5525023136680742, -1.4534184902186107, -1.7460399719963773, -2.1187757076586253, -3.502024012952447, 2.377345321736284, 2.9870013088742113, -0.6318323039013661, 2.301719326271323, -0.7723827886567018, -0.33700490196141336, -2.131752023602331, 3.7884536805798192, 0.006551961620487656, 2.939720984454939, 0.21033137256309964, 1.4454230337038008, -1.1771789370567554, 0.866719674375868, 2.97686875524104, -1.381952511716321, 1.1020073047732175, 0.5683989948654002, -2.546656896906767, -1.1847186791512456, -3.0008461297232247, -3.1005250709773367, -0.005562312052470597, -2.7169986612390153, -1.8101791238821965, -2.4652499366698617, -3.0935119712697317, 3.2695431686391054, 1.1038643317223351, -2.9254484998172807, -3.1932203770665124, -4.249623821838635, -3.623172216033412, -0.7786888526376448, 2.5448203787954284, -0.6127357332433847, -3.289311202000478, -3.093477303529239, 2.466006373367516, 0.4707085839743419, -3.5097820501549277, -2.372123085658257, 0.7225746132749312, 3.930737742479466, 3.678443205705465, 0.05866466195628872, -2.3692303738095877, -1.405928945142932, -0.9140513252866218, 0.4667608688105369, 1.6531558011174596, -3.9273761992484046, 3.5956750515703515, -1.3540652377776674, -2.4670702596411718]",1.0103092783505154
17,"[1.9939273285779513, -1.1834411517229835, -2.083838291386596, -2.00662934063036, 0.24829203847029863, -0.787684654220121, -1.582273491475556, -1.8785898518204598, -2.6698529320976245, 1.6877442252754928, 3.9272151205493735, -2.8593443716408684, 1.124407588832561, -0.39679525184542297, 0.7341222881291063, -0.21833473157955108, 3.700880786885329, 0.1643489596715344, 3.1455178353965447, -3.19742329914242, 0.7587954406822759, -0.4748759522636212, 3.077363235370583, 2.661491859361946, 0.990239116394141, -1.9838953451235233, 0.7178250216175198, -2.726885902968277, -3.042856823693003, -3.85276666268515, -4.270119666052682, -2.2371082201195405, -2.0045029017919678, -1.844502090941365, -1.9734333504173565, -3.874183075864063, -0.2540935689815032, 2.9459410824982424, -1.1401797261988982, -1.5309833475388797, -0.04178535439823597, -3.5466538107335377, 1.429445698872129, 0.7511716018098287, 0.18391447885974221, -1.123030970854721, -1.5166214449503697, -3.2284436223668234, 2.6184732705544613, -3.090080421741755, 0.8058724523215606, -0.07290120986860837, 4.142218674278231, -0.38954483527735884, -2.728684626928736, -2.6193162558616585, 0.005250986104715971, -0.9170254432208742, 1.170947923779678, 0.37674711176728004, -2.9847967628949155, 1.5929718936679755, -2.637093666479366, -2.105766086739627]",1.0103092783505154
17,"[1.8171303284058637, -0.49687537849435687, 0.997552798511341, 1.0927936767034736, -1.5383152261563273, -1.2270608507348284, -2.979584588555368, -0.44153949091851286, -3.762169283549186, -0.394849100758746, 3.259271854910818, 1.0033922100709918, 0.2886593614191315, -2.395173029358731, 0.29995468739820363, -0.9990040492776135, 3.589179754541707, 1.6401805915179604, 3.4439651125947264, 0.6475064910667214, 3.2770626293586487, -1.6362848103001661, 1.7201432937787509, 1.4602271999178733, -1.3212291752384298, -0.4612026190626104, 0.684047744400881, 0.3363592394672956, -1.5770876361167736, -3.8612076681307896, -2.908289780868732, -2.1072859049244848, 1.5709158183326761, -3.0261605306881565, 0.4424809369338911, -0.7380069572798358, 1.521272746684055, 1.6086555437889387, -1.991159450604381, -2.6878460602908536, -1.8054713447056636, -2.234051000873595, 3.0519636355115076, 3.5208682056082496, -2.8921817887377816, -0.8206520228319603, -3.81058523842519, -1.330787587285716, 0.43407531940382427, -1.0296974492215152, -0.9564233280137422, 0.815763799775698, 3.4854667843939535, 0.3627547779713719, -1.0422615408808285, -3.2047913209067755, 2.8596502627067344, -1.2556724991886183, 0.7845735681882339, 0.5314705300605194, -1.8324638003512348, 2.8098050428396215, -3.9477612379190377, -1.768908446454268]",1.0103092783505154
17,"[0.3914106536597952, -1.138522879523637, 0.968519342596051, -0.8750495928418613, -0.7619763188030038, -1.8671636982406554, -2.046384408756695, -0.0676410214692289, -1.9048119886720123, 1.4896053988405773, 3.607532911204049, -1.8430433490967542, 0.3557816610921325, -1.350422027764742, 2.1125913308242388, -0.36657832428537585, 3.2172276681120446, 0.7403226912927607, 1.9963688401028077, 2.612830338718302, 1.1767452758492305, -1.7504834425230675, 0.4997514898654474, 3.510078044366252, 0.571959657349854, 1.087998379245259, 0.6912196013314784, -1.498541234488689, -1.6664887537355977, -2.305612670455033, -4.270365788768017, -2.6734215742063996, 0.6537568441801918, -2.547580108593627, -2.4257453687474753, -2.4061297098121837, -2.8787050767784392, 2.907825977432575, -2.8264336712099323, -2.8743297277646525, -1.764489306773115, -3.45091131623854, 2.277544649494242, 1.8335317712154986, -2.3729182140840175, -2.341226985490616, -2.07739129610255, 3.21794631517513, 2.5262376613541933, -3.5530781075853217, -1.62968047998763, -0.9856613806484216, 3.940473937393249, 1.4416714630517484, -2.7318604458254767, -3.561073247103672, 1.4538979482955772, -0.632776453821304, 0.8776668811899212, -0.6135418705202533, -3.395891642419845, 0.8353052820932296, -2.2135495689170392, -0.7248354364798666]",1.0103092783505154
17,"[0.7376623399156681, -2.0883599813451452, 0.14952123123322014, -2.5678128320665277, -1.4748899349974796, -2.497129441193141, -1.7633489428129645, -2.307801610784334, -2.770543396725886, 2.327029275379011, 3.571126828285088, -1.536810402024673, 2.803224943941442, -2.6685945725109064, -1.6505047477343822, 0.36600944727779805, 3.4428069960752565, 2.051959974293962, 1.5052033234270579, -2.490261411485127, 1.4314846363280802, -0.7025748493313078, 2.0300552886085943, 2.648490175153683, 0.3814161508230869, -0.3228720009535697, 0.5805985589004456, 0.5953217872039562, -0.07543015969751898, -1.9184993276708813, -3.6843654674368373, -0.20333481530922987, -0.7893258716468022, -1.9271178012811587, 0.3711831897718243, -3.780948209097065, 0.6794731798554825, 2.7816012606062976, -2.5188433960701877, -3.3746142037490174, 1.9388509889013696, -2.6009159765226677, 2.1357152027802293, 3.218124256283837, -1.5585700120097186, -3.7027067037573187, -3.367212691735985, 0.4213257684800878, 2.1200426211733814, -2.2466689008598117, 3.0342747823752, 2.987959441670048, 3.9377006027321384, 1.6378142182050492, -0.6265809779286828, -3.8721460570245463, 1.524553263558818, -3.2041380385887024, -3.372712787301749, 2.3222623038572783, -3.93782109067377, -1.3146848859616271, -3.844561113835417, 0.9073729957034518]",1.0103092783505154
17,"[1.6702173875225639, 2.33755596080739, -1.735554236566506, -2.839956429709489, 1.5757119341902102, -0.41733608628616015, -3.214888182624092, -3.194066397812679, -3.6145935617433995, 2.106956568769116, 4.023879302423473, -0.666662267767704, 0.45884086936052615, -1.4223442789035508, 0.4168392839949038, 1.4015290596171575, 3.7324371844267086, 2.5677132025706397, 2.2335198066007393, -2.2760940295680685, 1.455004638088372, -3.117936622066712, 1.271957354428313, 3.321199896697152, -1.6875400286937765, -2.1516157652933687, 0.668974969436285, -2.1289448425306032, 1.7097216543781775, -3.2656882944269516, -4.152188831292405, 1.5690910785914574, -0.8089627558873662, -2.7801766692302845, -2.807234375817686, -1.755309910480596, 0.3099322597144092, 1.7497306031661863, -2.8726072207252127, -2.4351219474153556, -0.8882374086289497, -4.124019463790212, 0.17374306939868878, 2.6154648950809976, -0.5236656149457848, -3.924175181259929, -3.058143552470754, -3.288286901584583, 2.092990325129554, -1.061385728282735, -0.9994752944297709, 0.0460737054475957, 3.09777468115511, 0.5326189324851743, -0.09481188388587025, -2.9627585547632544, -1.3479760872766269, -3.950716510268211, -0.1418773840654557, -0.9670465229756648, -2.4296576686710623, 3.3375353203949025, -3.7616858285581287, -0.7630175039954823]",1.0103092783505154
17,"[-0.08499790185129608, -0.48914863817841825, 1.3492693005996899, 0.46833511427134167, -0.5226796355528887, 0.2957733549344872, -3.7489746648952864, -0.7298886439644323, -1.9409077568525772, 2.444418711931593, 3.5845299779052042, 0.6050185202690317, 2.7942525817323745, -3.480467667748841, -1.4886177752412908, 0.19486469460190864, 3.279583508545177, -1.2506137427995478, 3.510981922437261, 2.280551973267812, 2.8543917076736935, -1.7440742732816967, -0.77585107950055, 3.287586038742095, -1.989898032913188, -3.216090319400897, 0.6151527899420733, 0.670938598176341, -0.6693357128461066, -2.2659180588019963, -4.269877254997114, 0.20717017989939884, -1.3896886791554317, -2.477402405000488, -1.8655023165626465, -3.5279335058766197, 1.3994265984423455, 2.3039220801372697, -1.9598898996147662, -1.7558343285412432, 1.9261218116253793, -3.4648294086257536, 3.2806075753719517, 2.9411777509028685, -1.5912960041078292, -1.9598971113169035, -3.8503146935276926, -0.943748737822848, 2.1379017250921684, -2.432325802567729, -1.2782308935507605, 0.161291461610223, 3.45592359671186, 1.0879252013251128, -1.4606798801732974, -1.818127723021048, -2.4797447915313726, -2.537050409162053, -1.7028435975798732, 2.0026616378028947, -3.419399225386999, 0.6862398165884085, -2.812681882295828, 0.2128105484594487]",1.0103092783505154
17,"[0.8109005821006718, 0.4158767947703099, -3.061616259846021, 2.094569246835915, 1.4062060399140885, -2.5825296342295756, -3.85698690484867, -1.8852461530468223, -3.2820973355991088, 0.5542612678457228, 1.3774420357091446, 1.7146193170671693, 3.4703287638565965, -2.654397738891242, 1.096669345566478, 2.322517054480599, 3.5897170888535004, 4.380452844145076, 3.692153525636145, -1.263946591942532, 0.20406479225122798, -3.132550245027259, -0.07264662330520949, 3.377533658759603, -0.09334596762118186, -3.325453717849294, 0.6738656618366674, 1.3816265115964834, -0.9723585032328811, -2.839334550908999, -2.877918552248348, 0.4306107097164735, -0.43654855765305367, -2.407352824079131, -3.1242475069671096, -3.303744635142537, -3.395674300950315, 2.5469408212480227, -2.5817153670308137, 0.33326144124112256, 3.949272412880735, -1.2316242848802958, -0.033626652164329696, 3.0738266353625203, -2.330874635460824, -1.4821097121794904, -2.286265344622998, 2.7110471898657917, 1.744514684461369, -3.723674471224867, -0.8322007701057722, 2.714367178830139, 3.9772501381426224, 1.4844737627144406, -1.7682372747795059, -2.983667683091075, -0.26963437820759745, -2.8649039494686113, -2.2413504877126673, 0.1660806918252229, -3.9353350702916585, 1.6131606735623283, -3.674882565494837, -2.3517562618014947]",1.0103092783505154
17,"[0.9157892619378474, -2.4050615912053175, 2.0490024122800348, 0.030199556221393253, -1.317276770274184, -2.5609485692098213, -0.5859486651465526, -2.178042345036827, -1.4720453763374837, 2.454916082321635, 3.3516168031592817, -0.16355523848627052, 2.949910778836567, -1.5633417973739583, -2.6680893771375733, 1.640318818716868, 3.75764892530454, 3.290960653344894, 3.6715774352986505, 0.26421055492221845, 1.9804725254044195, -2.860563648251255, 1.5189996331080402, 3.539973094379925, 2.206424471278836, -3.693352679604235, 0.4853669492372694, 0.5252134236825889, 0.1546164815692966, -1.3528949519311677, -3.7113030608259754, -0.8212649156842475, 0.41655895829791545, -2.9344924646311847, -1.5568919657943745, -3.765028195222679, -0.560695020118552, 2.9417363034666772, -2.257509974915595, -2.937393398571913, 1.8333257980683844, -2.912247598302987, 1.0792397524635766, 3.157507988104083, -2.610378719240165, -4.0987090411998555, -2.91360382277261, 0.10527716173458379, 1.852367425318905, -3.156030789109626, 1.3020569464306924, 3.286938347533934, 3.6621894519491507, 3.491676728638958, -2.7300580021990166, -1.7695416484942528, -1.6668707497889264, -3.0958958559626657, -0.188540118924877, 0.474354955337862, -3.2664351185446603, -0.7272075536893812, -2.556659588749419, -1.7954953033787675]",1.0103092783505154
17,"[3.2677079340238455, -1.7919507785979845, 3.8602424041258767, -0.4926218834234938, 0.7421776613177703, -2.9355463643852175, -1.7661326815417584, 0.3211732141369079, -0.3218643359366542, 1.2340940477355304, 1.7906478266398782, -2.0456350282297695, 3.4089359606760796, -2.8966554202541546, -1.6531809158579933, 0.23177272529274906, 3.6305785185789317, 0.9094312521918481, 3.4818292451768933, -0.4838551272917183, 2.3347010839543243, -2.994104622440304, 1.6146082192071591, 3.401888498436939, 0.5749982640329057, -1.7739496880722179, 0.672241739175353, -1.8584330526541384, 0.7474662380634471, -3.594908276323582, -4.256091898976289, 1.5145971256981086, -2.662650050467241, -2.999476241204049, -1.223595494564892, -1.2063171464743396, 0.12125662322221453, 2.5618672272399174, -2.8225314516069147, -2.434886053809808, -1.4777493868867833, -2.385742187715279, -1.8940391054567476, 0.49343864251826175, -1.390631504284197, -3.999370465971662, -3.3198532185318665, 0.37276934550989393, 2.530827446818632, -3.00908529093544, -1.701033685720011, 2.539892316973283, 3.983740324037653, 0.46132383706389135, -2.398344630328126, -3.0263595357572717, 0.1895433068018677, 0.1706705966574229, -0.44251310955252676, -0.20940821170985036, -1.3406156428118763, 1.355152650510297, -2.652622428977182, -1.468058830640472]",1.0103092783505154
17,"[1.3983426296377623, -1.236600485892054, -0.20774037969562886, -1.1780278710018106, 0.9602789974353563, -1.3139731466368856, -3.037406451522245, -4.042257327114861, -2.978034641630441, 1.57004443415771, 2.4781865813219617, -2.700809461443045, 0.4164464456883419, -0.6803434268119017, -3.0109771781104215, -0.12703853112896657, 3.6245114019324642, 1.4573413563177096, 2.4194253541338138, 0.8541039606342236, 2.4098027478747652, -1.889706771759746, -3.1531468303718606, 1.7264127658645452, 1.098960845785824, -2.9610070310163548, 0.6247483207024433, -1.7510196097241209, -0.46408504339800594, -3.168144555260586, -1.834198955493978, 0.6922532683218374, 0.06432218922221877, -2.49367456574109, 1.0596079820450377, -2.8799822113211846, 0.8350813298513137, 2.9460664717654916, -2.908668935411178, -1.982910291141875, 0.4980086541269556, -3.9186855546453074, -0.4194293386841119, 2.755582698208539, 0.18050627158546062, -1.7764609617180411, -3.2242579949996717, 0.6596910225161988, 2.4504660171352803, -1.646460372570643, -2.4455882893180823, 2.4986952301847873, 3.9998007229418064, -0.1498359981355466, -0.42601019417393515, -1.1674551354865992, -0.3775557923402279, -2.2161088650292533, -1.2588719432853792, 0.5543589455730457, -3.9439793260527143, -0.4855471818037178, -2.0246114777240676, -1.7895364779935927]",1.0103092783505154
17,"[3.0832182955648415, 1.255879561128265, 0.9064520773476075, -2.5686377058716428, -0.6316565357016349, -3.0118257209498793, -3.103947923672489, 0.2333283774359729, -3.3460390752888607, 0.6916112577113842, 1.837179060205766, 0.04678914727037764, -1.2736391490869838, -2.2391933650513023, -0.02222385443011199, 0.04357235210750621, 3.668411188153082, 2.387243009332604, 3.164987473655177, 0.21822546357720812, 1.7630152203429872, -1.6249206791536945, 2.7878910629040052, 2.938866692154699, 0.018715833630201448, -0.7559790087027385, 0.5969168696469015, -2.190451186062961, 1.8782526019752486, -2.4903532473768966, -3.525825119607931, 1.7113155178053234, -0.8420353488456247, 0.25983887396034344, -0.646675730673036, -1.3075961940367706, 1.4579391919939029, -0.31059335080766104, -2.9652504538381046, -1.795171344317098, -0.32460028150854303, -3.8260807011207003, 0.23850834104849872, 2.646381981312624, -2.0905555878312274, -2.5058571742347784, -3.9244820575810784, -2.6062085080013713, 1.3334672002070083, -3.122498941040278, -1.539769263673537, 2.0232811105087185, 1.841387468807402, -0.7692394034970558, -1.5987747664254612, -1.645173402651837, -0.3456319621595586, -3.957882753902014, -1.3072794073640117, 2.2376837935210605, -1.9266403893313901, 1.4275971425242069, -1.5920035001577073, -2.675180282702318]",1.0103092783505154
17,"[2.0951961824123364, -2.3147114515805005, 1.6218240787967142, -1.7700641882470347, 1.3047657084810973, -0.7229688913707242, -2.711461037641115, -0.7922723094815749, -3.210158494434201, 1.2498101986015508, 3.4576244478878353, -2.153369353951219, 3.351539895505477, -2.819475078459069, 0.8324832020998244, 1.8442535256796357, 3.593510099098367, 1.627327921804028, 3.616956452657076, -1.5619697080666246, 1.8231665309978022, -2.1710904248867298, 0.6716199248150901, 3.515274170534017, -0.37556723969619066, -3.64406610696123, 0.5217832218252028, -0.6859601293276479, 0.6172922475833779, -3.1621115727442324, -3.348990645848604, 0.49301056281665157, 0.19445911124685789, -1.3142442762541977, 1.814395364205379, -2.6526377541780857, 3.2344506940872946, 0.31061529968469337, -2.4459927374346147, -1.9694498593578083, -1.888388264230891, -2.837472897136789, 3.281279926076145, 2.106071814672089, -3.383885003078869, 0.18040536672926022, -3.816108221328646, -0.4821609898961779, 2.6118233910808337, -1.5586257449745347, -1.6359419045057653, 1.5053801373270537, 3.3926596651032233, 1.5681319518339052, -0.011229301453256735, -2.4501882916122844, -0.058415948555387565, -3.944777752071636, 0.1775008823504165, 2.3671085949541104, -3.8418014048048237, 1.6942262660778016, -1.408387476858418, -0.41100952493286325]",1.0103092783505154
17,"[2.605376420960165, -2.385667829310197, -2.0269192486612737, -0.4237481468960145, -0.4349800023261574, -1.0677409215114693, -2.196698391351809, -3.141136045107341, -3.5051011298328913, 1.971264605367133, -0.158776501730308, -2.6744410104370635, 1.3536472650880897, -3.3824374861875293, -1.0382321425356276, 2.4097538846446698, 3.9168630974597827, 3.5174164322433787, 3.4641170778778805, -1.1796194745966924, 1.2212014819628332, -0.957084760959875, 0.736399360160714, 2.9115823726077257, 2.223759070964639, -0.9426352297003956, 0.61594858412515, -0.21376125261003875, -0.8373760035601321, -3.470572415248764, -3.0640192287704364, 1.881334081728834, -0.9674979224283796, -2.9221330610064893, -0.32054337620775347, -1.5754207774651596, 2.40321760612844, 2.747643863829635, -1.119407317335811, -2.2142813610652192, -1.2192435734119478, -2.751223008085342, 2.4517419050170024, 1.5538708486591886, -3.418270999303445, -3.8869853172336084, -3.9228008968106627, 0.7297170040385224, 2.5521973083996405, -1.6892247678496526, -1.148939915859318, -1.2958401092688123, 2.1486239023154026, 1.5996950387695343, -1.035987314313048, -3.7388544732574185, -0.059066043891403075, -2.0568959813025014, -1.6873230467804798, 2.9993458428060364, -3.1947684056859282, 1.3787013112961006, -2.5779673382515624, -2.688909880350532]",1.0103092783505154
17,"[3.847086564277746, -1.8063860905876747, -0.2705764109112418, 0.2778224597749599, -1.351813017645367, -1.341980766528903, -2.1333960922475175, -1.8335667889459262, -2.6469321905853036, 1.5607791392521677, 3.84432145665759, -0.9622311620314871, 1.2799870770420227, -3.3652101687350306, -1.5808177602801845, 1.6454582295995384, 3.6952939884958345, -1.9711124365563162, 2.6376954433320643, 0.6460144071404218, 2.9497736227637437, -2.8639374204234045, 1.0081498176471162, 2.5045348561185534, -0.4272771151985707, -2.7814300469857214, 0.604476580434476, -0.9928102043711599, 1.0024573758406716, -2.0569506472009134, -1.928831826137011, -1.506605365443599, -2.4330455606057404, -2.6941702525195987, 2.32690036970216, -2.859968357385684, -1.3005535830871184, 2.0782601228166473, -1.1231268828597392, -2.1147671574505846, -1.5094624710946734, -3.45425506368664, 1.2499169800703387, 3.352830463606742, -2.3883506464205877, -3.1007875255232706, -1.7792760015046212, 0.5836427423919431, 2.171353947078999, -0.6042273684506432, -2.6119049979658158, 2.5895661456419905, 3.1132872380723224, 1.4849595925877617, -2.6411897312299675, -2.57088085371438, -2.903311726406318, -1.168192861057823, -0.2785417921390757, 2.3647676397471584, -3.4171400068655187, 1.0462977669072053, -1.9043852415697948, -2.633289234592592]",1.0103092783505154
17,"[1.469316825211399, -0.7485867451431962, 0.8393190019630803, 0.8600847428350167, 1.2762507673174832, -0.5977610647145009, -3.450334629386223, -1.0495289669770105, -2.9910460433676214, -0.3937013379949277, 2.5379006123446204, 0.3442675056736526, 2.135067955582889, -3.2956042396280845, 0.48758509852477677, -1.5743831014458982, 3.3892298214421883, -1.8021083901677997, 0.7538931567171558, 2.072200612422171, 0.8853718960904335, -1.5724926583030228, -0.7032595731640281, 3.396814984439251, 0.2346614131925682, -3.758790892630961, 0.6715749048129741, 0.6091350251740186, 0.7369287078565309, -2.4303242381657997, -3.553415083022659, 1.357383537919707, -0.6560232284158207, -2.587397328520431, -1.9958263903827804, -3.2885475238106037, 1.1288920787062142, 1.4871341621882184, -2.5506978959997673, -1.7211473873268885, 0.248188429635216, -4.136038421501938, 1.767449598957937, 2.548578055904625, -0.9700185205335125, -3.1230152354352683, -2.6148962974954935, -3.215835252638119, 1.645743070113497, -2.6728573795702895, 1.042749584142897, 1.2730130700061362, 1.4018952713508666, 4.2451875864463, -2.575635978925069, -3.829903569686974, -2.8118297150292477, -2.004623765100191, -3.4805253615289664, -1.1414403825368158, -3.919494378632972, 1.850349985411066, -2.847576066912107, 1.3012261978297177]",1.0103092783505154
17,"[1.0283744785569828, -2.4402033435786747, -0.15432346769120547, -2.8406944662621627, -1.2388989421830603, -2.9464476883454473, -1.5447836870981129, -1.6927446093648368, -1.877673260369612, 1.7276752051950546, 0.9123509694972074, 0.27632725380633105, 3.4713556017817955, -0.8088874108213935, -2.3619092417155136, 1.3741737568764656, 4.015231986062132, -1.6400611703195755, 1.7965904676799762, -1.7802574809779348, 3.294535326542172, -1.1708997988368905, 3.3288982261913627, 2.4760647438163934, -2.008056629866241, -0.7357823183333168, 0.6957998155299875, 0.13621104181150123, 3.322360003144727, -1.9360081102039384, -1.4306089840118155, 2.505369742471798, -2.4325785529807966, -3.0189885807179113, -0.020370877303450108, -2.4871878494163644, 0.36603256133406414, 1.103946653500363, -0.534674489240889, -1.822838753096816, -0.27386611018384954, -2.0649446263345963, 1.1854735535644365, 2.2503910697861866, -0.11288817030376808, -2.5363256267550085, -0.5010586596371671, -1.0658510193988107, 2.4610521481753036, -1.4080164199384706, -1.7673568116746914, 3.1050133877905797, 2.586865875162766, -1.2272703928780249, -2.5145131676194232, -3.5794226693170508, 1.1384630400610707, -2.1765323091413196, -3.057669948785314, 3.7891070211676037, -3.1448852617616474, 3.0427965273697484, -2.4708013440582555, -1.2750202338892307]",1.0103092783505154
17,"[2.1614658538035254, -1.9799511671163588, -0.6120162242824593, -1.7534981080751426, 2.171627304999021, -3.040581137375085, -3.8762654483656616, -0.2715346968215089, -3.7358540461206315, 2.0656041121679496, 0.8606747799414549, -0.1249306067821021, 0.8446160418820297, -3.1094050070323167, -0.35236828111844753, -0.33452665791000624, 3.648563794778431, 2.908464014943079, 3.672105340465156, -0.7489308513453209, -1.7507130728653015, -1.2960922078788404, 0.698524383369144, 1.7924516691209313, 2.196119685507769, -3.7737618663443566, 0.6324594801373499, -0.08885878113620094, 3.0873654002229927, -2.82379843078637, -4.25011512756714, -2.38222426388296, -0.07716201157065572, -2.9441898013435277, -0.8589105114376513, -3.577717805018043, 0.6641216351634851, 0.7644701856789075, -1.5796227847837627, -2.7988447225855246, -0.39618058903079045, -4.175568383940877, -0.5745372514032645, 3.524265914873249, -3.389763019051541, -1.9608486531781735, -2.147656305138625, 0.4614175449985217, 2.609551476869481, -1.9996677148207085, -1.4534027339833882, 1.836579086691723, 3.0373723604291265, -0.3964689854583069, -0.25401090216492017, -3.925487867726615, -1.5247583692707198, -2.690696664667269, -0.5902450245864947, 2.3682365483592194, -3.869661866712557, 1.5955618215532195, -2.1565196812673957, -0.21179279922989047]",1.0103092783505154
17,"[1.0833838031616956, -0.40144606358169277, -0.33881508556828827, -0.6607949613028619, -1.309161777932997, -3.0119875229614728, -3.0366094541781323, -0.5797516027451669, -3.775301337976125, 1.594978177858128, 3.421327450670822, 0.8450024471483369, 2.6780613597214287, -2.996104012165235, 2.535392781941476, -0.2270829965695227, 3.849625632341778, -2.942613728921112, 2.92101105036317, 1.33778221521445, 2.525348679063281, -1.9309470169657654, 0.4611071527786173, 3.0346777055875274, 1.415984155268553, -1.8500202240687273, 0.5333953569306712, -1.2056618279262405, 1.5292837894884328, -1.0593304299407489, -3.8787639175978903, -0.5870023458514465, -2.60751109616401, -2.814305735951187, 1.5141040968421189, -2.9902226914369097, -2.727392504134326, 1.3096155319336886, -2.617245765908897, -3.2050259708245314, 0.48820567196325043, -4.0101598358267845, 0.6850904934793296, 2.6679065682219214, -0.8695816029286039, -3.5823421352011806, -3.8365534196342095, -1.8533845293122295, 2.052318489803601, -2.86374207085963, -0.5023143059294701, 0.8265094464899524, 4.0493864496771375, -0.023419539361229647, -1.7010881221058827, -2.920400357169833, -2.6905531715210467, -3.9603223065651405, -1.395797019942119, 1.5833713533432499, -3.913795179282847, 2.0674821668259384, -1.9340967696795652, 2.5404058789110486]",1.0103092783505154
17,"[-0.04010410702797973, 2.6966695810713075, -1.149581451742858, -1.5832458395411302, -3.575146295429497, -1.1438361935008765, -3.384775156750189, 0.21257263339104782, -2.971782465353964, 0.9769375671543172, 1.5858280319919493, 0.3423595433501827, 3.1125355613227725, -1.1353635879896729, -0.35473453929751386, 1.8725635231199513, 3.948781827453638, 1.912271718873832, 2.4976930306304093, 2.2904883543154684, 2.692829232947646, -2.79221770813148, 2.912192684545388, 3.5548729831672325, 2.8702809092956163, -3.3633365238472592, 0.4193005622639041, -2.612296278779377, 0.23651265524684295, -3.7711457181837513, -4.244097111682639, 0.34938284277058046, -0.5449643307547993, -2.9462197030727713, -2.7397378122820637, -3.8199664916106078, 2.1268123526258984, -0.47263167319409105, -2.335368001841392, -2.206174778061457, 3.0456043660847274, -0.09392139162574709, 4.064981581464453, 3.0181831206264773, -1.6097985703044222, -2.6681117833803003, -2.7800106456108704, -0.7610428700034505, 1.7320614295706078, -2.9746487507681776, -2.4561361344752095, 1.5341942647521787, 0.9657423576759665, -0.01991521229800941, -1.817420799736418, -2.543494036390353, -0.6957929383168234, -3.867184708511488, -0.8257247905066158, 2.627692831151728, -1.5589205408167297, 2.644436777265369, -3.544343104061273, -2.1723044858977243]",1.0103092783505154
17,"[3.3081484665344703, -2.0427231380647957, -1.4425863579826372, -1.2154888235834382, 0.4959546875839056, -2.9581747499805253, -1.7748450792083283, -1.2967832743630683, -2.3336224052151198, -1.5655390283738533, 2.5926521113959042, 0.329854388650767, 1.82003105130523, -0.615338381575983, -2.7099335830227615, 2.4022956902837875, 3.697453259434563, 2.918082767109722, 1.8623191089734337, -0.12491757218742788, 2.027696973931953, -2.6202765913474058, -1.2972037385134865, 1.4802425635417968, 1.4309880614309325, -1.6287922736090705, 0.7060690223258761, -2.7092712700738097, -0.6373936864864328, -1.131078382584734, -3.8099284958086512, -1.3680681606030178, 2.2452947691497176, -2.9466580124173456, -1.9517123150926818, -0.13792560944480758, 3.2427987622769225, 1.2724586087230239, -2.696481028945072, -3.466784376123954, -0.1598188021170627, -2.72302691941385, 2.760986588143351, 3.4815840831949987, -0.96613411598982, -1.2717243858866345, -3.4899158272183133, 0.9334964779926183, -0.10257911741757919, -2.0684337150803205, 1.223667209861694, 0.14139459679478317, 3.3648596668492075, 1.49451292592025, -1.7686481175069992, -3.8760424544880685, -0.8678370109477647, -3.049213307253483, -0.7977772079982575, 0.4769000565476875, -2.378852523743088, 2.4257580483053207, -3.5092887913696567, 0.48141891179797097]",1.0103092783505154
17,"[2.184719482082133, -1.1272696563262752, -0.009482138649244853, -0.6155152172035813, 0.6573727992144784, -1.537211208025592, -3.7053636029348365, -1.8733242647910648, -2.0126561092679838, 2.3955158481916587, 1.6084478390697479, -1.2523581736604805, 1.5951763384782094, -2.647793105003573, -0.09366431601004352, 0.1360090944335708, 3.498598782028708, 1.0590938219868462, 2.663792115853479, -1.1236214409359926, 0.8331211204615832, -1.11613657794361, 3.3243943692526052, 2.172502058236736, 1.6998402051696186, 0.5354863945713195, 0.6042148053096974, -0.7358601814182193, -1.3198249979423262, -3.6146983609974517, -1.339769099422206, 1.5239107319384502, -3.4167884131093085, -2.988735353496773, -0.6114469677944812, -3.386018542539043, -0.3424587661933554, 2.6778392879227115, -1.7328460144850426, -3.367212515500826, -0.33774224344978065, -2.67452222893913, 1.6245024607989569, 3.5223501195783538, -1.9737571656046464, -2.9331380518947876, -3.2171365427406515, -0.01095666963998232, 2.3163678941433568, -2.1962767669310725, 0.06631947941184357, 3.2320845204161324, 1.3374247535456383, -0.6645860392961618, -2.7423695163076944, -4.016024211060641, -1.6225395567783072, -2.7319827135275183, -2.6232505118462863, 1.6459227464439425, -0.7868860516364116, 1.0875638826587988, -2.0584728572150093, 2.278471948367406]",1.0103092783505154
17,"[2.606581008782702, 0.005413588992966734, -2.54094109523132, -1.6218657015964397, -0.008831924332097785, 0.3515783923726019, -2.9346525347840227, -2.5598118693275396, -3.723246203077108, 0.73654051745886, -0.045180751932327734, 0.8475113457328809, 0.37854248721953443, -3.730115254080563, 2.518191978555278, -1.2856115188240353, 3.811100014789156, 0.3056140534653591, 2.8197701605970873, -1.2248505032232186, 1.034652529508012, -2.35640072849, 0.3938722306697326, 1.8359806987007037, -0.5073300593357333, -2.7732820470467145, 0.6015263227257468, 0.6895634341014201, 0.41053092094387245, -2.4407910158485073, -3.6114201967881865, 1.2220317990713838, -0.8288749974349942, -2.542347828183426, 0.30417795671613046, -1.9197666731146688, -0.17405686811024856, 2.6100920565640724, -0.5493772011657505, -2.072003268824236, 0.9949021340929658, -0.3638552905014363, 1.0275911667166688, 3.4777414662310693, -0.08259650904244253, -0.943628651076319, -3.927293485426298, -0.3773194323840089, 1.3043374716723233, -3.308200878246958, -2.0514808214883784, 1.1736470536237533, 1.523017955832581, 0.554677783103751, -2.0912757397475423, -4.043144981259992, -1.9994336916334559, -3.9376281495846808, 0.7295231042807973, 1.6977558174813037, -3.8706290535981625, 0.9711434195550342, -2.727041798180031, -1.065790997504728]",1.0103092783505154
17,"[1.7748011525036067, -1.2243767948370554, 1.5842932504463294, -2.7434080207259934, -0.7706077478665894, -1.5936511237189466, -2.4285880874503163, 0.2150572280550116, -2.03066874982273, 1.4518835721234322, 2.205645436009723, -0.35090713224923764, -1.175131948844125, -3.3185554469605854, 0.09182957886185522, 2.2619959240818837, 3.35639154051173, 0.9159497973463281, 3.6268317723577894, 0.7650043243347049, 3.329523937001524, -1.7307720078438855, 0.3341664330121382, 3.5399359691139094, -0.10594948419320216, -1.3968069296977401, 0.7046855602346739, -0.7916272404138216, 2.6525531068559363, -2.4507965585134714, -3.49003760267981, -0.7624522786757222, -1.0675671561588218, -2.552360430414998, -0.15936132495162458, -1.9167402947916632, -0.5698463424356435, 2.5874334634970917, -2.1969619703796646, -1.6380976447839162, 1.3902111757387785, -2.959852976667062, -1.756291558308192, 0.8119554318501327, -0.21745168713253804, -2.7422792913718808, -1.9938684469704224, -2.1744540820389378, 2.5416870798057456, -0.8404538301967466, -0.5547545051219711, 3.230354977645897, 3.8009926216098435, 3.1439709591052765, -1.8976253254743845, -3.154696310201574, -0.19366205380234192, 0.41817035226108734, -0.4504893428770301, -1.685769629072988, -2.9479886625109355, 3.8244150939864783, -2.438426339483899, 0.771065278687765]",1.0103092783505154
17,"[-0.41313059151725173, -2.095266279394972, 1.7124177002847243, -2.8413924526255205, -0.5029446645914541, 0.34146472697639263, 1.0751801807484571, -2.201982562273131, -3.851931864737177, 2.452978843822278, 4.010278736015213, -1.8463468454674552, 1.367206801095164, -0.549328770758905, 3.755408813495607, 1.1009526613833138, 3.673982382058414, 1.8910222278266877, 1.3094199095177403, 2.0053261996587906, 0.2503253509706058, -3.262720707672345, -1.4301939027186696, 3.1064314751917834, 3.4645823532468594, -2.4161639244614452, 0.3348664660821732, -2.4253945442726996, -1.0979907809009135, -2.5424700893984236, -3.6526280458986493, -1.4096538032652752, -1.1200155619107963, -1.1877893783689188, 0.1363095461520154, -3.730356047695571, 1.393932193301229, 2.229355619949888, -1.2170861980772276, 0.4313344637330978, 0.3373077938833626, -2.8304971286583434, 0.35378891493057224, 3.519473881952576, -0.9340500585934659, -2.269072146738016, -3.8944296631663513, 1.0248450606491268, 2.5727578664947743, -2.8071573759266832, 0.7384075789689711, 2.163708724276848, 0.5279665601683423, 3.556896907194034, 2.487373953862028, -2.775436024374474, -1.585714396581591, -3.953492946666559, -3.344050078960853, 2.1223824490777172, -0.31881787170784737, 1.1990406762628107, -1.6900013060990657, -2.6013243553817897]",1.0103092783505154
18,"[-2.4905403788142264, 2.8040077819552773, -1.934417553782201, 3.5517800391604184, -0.8152508164904635, 4.01368844722, 0.8712482956687855, 0.2800025542215074, 0.5288705886794007, -2.2062087918850546, -3.3697052380328483, -0.6802954942447939, -0.17916318802113468, -3.1441090962110305, 0.7246304069729663, 0.46512181378464357, -0.8836714806214252, -3.756724205436263, 3.3551383676284536, 0.2866928145572829, 3.211571070863747, -1.6895518257598683, 2.890534317548487, -2.712373541289262, 3.697270479849586, 0.057532610671318096, 0.01126936883296039, 3.650423203392939, -3.8380928099136016, -0.44782409056719974, 2.5961012257855254, 1.8334305240355924, -2.855827885217814, -1.2973119381787819, -3.1382553050930673, 0.740636320371209, -1.7547975678716041, 0.27929193165447486, -2.834777327256658, 1.7417672829884638, 3.6279051911357003, 1.2237548360864239, 0.189026871368548, 0.901334884555081, 2.001558061909938, -3.691504641119842, 1.7553818622077517, -2.3270621196552694, 0.6831795552223988, -3.6908063351790936, 3.237357346241485, 2.5191959245142317, -1.524954280704356, -0.10964173629263196, 0.005698848802851764, -0.6243263594551903, 0.6225311648287144, -3.9462714202542033, 1.1766853572870524, -1.7590793063698424, -2.6197803691524344, 2.668584799967315, 1.6659553113678123, -0.7080503810389944]",1.3888888888888888
18,"[-3.912582715408663, 3.173808502864325, -2.4760176298000283, 1.838903330156917, 1.4925664410720243, 4.082142369835084, 2.3053169550284016, 0.5674141496608762, 0.3778107751800357, -0.8366561645282193, -1.6678303055754402, 1.6309383679428326, 1.1130170703533488, 0.5624391747592461, -3.087407278289177, 0.7863750080637207, -0.9079772139846081, -2.485300722989453, 3.6876044947264766, -1.0907205614175266, 2.2299562335006176, -1.5066268019947686, 2.5825800744415237, -3.6604579357147244, 3.6699251391017853, -2.281454930782786, 0.07596359447874379, 4.144014645933306, -3.2281283011562456, -3.2227629720904156, 2.613491859409692, 1.098109490833849, -1.2091339127700174, 0.10545923504674337, -1.4789672531829623, 2.2373130649209165, -0.05935303848697571, 0.5218273031790279, -2.63201308399804, -1.1159130988239558, 3.361850804426548, 0.9258312032913354, -0.16599679531712197, 0.2868997931177684, 2.3786532606433157, -2.961051429029801, 2.6467821771357682, -1.3243630778413111, 0.8506406372833245, -0.5340165452468365, 2.4152912554092527, 1.0665421657145244, -2.774502364911781, -0.08454188372957278, -2.691328113074569, 1.0210466033816379, 0.6724810969360671, -3.4448716533294004, 3.5821378783107645, -0.7952843228053157, 0.43018556374941075, 1.8825249958681547, -0.19418585792095389, -0.19280491423904633]",1.3888888888888888
18,"[-2.287044662062573, 3.2019846237900462, -2.0922480629302793, 2.9728307730580235, 4.126432324588046, 3.614414952839421, 0.5760263598857122, 1.3461652252065655, 3.151830683690392, -3.210697219329885, -3.139462355060352, -1.2339331903886253, 0.13401485570331137, 0.7898606504208505, -1.109264813885627, -1.2346127835993577, -0.7328229366213398, 0.1690963472266367, 2.4218880774183122, 1.131243294052386, 2.5333175585191343, -0.741766935942274, 1.0280601506381457, -3.2159970786662786, 3.744722277437837, -3.0061481911640398, 0.2106007683065882, 1.7544872404131775, -4.1355695741677705, -3.866736359392191, 0.7981570835877523, -0.5263673026646652, -0.26768853323389774, 0.1575143894123645, -3.1542720662418025, 2.967223533795711, 2.333498146015338, 2.6579949637284566, 0.022410641038329238, 0.9862446046199814, 3.070192174497074, 1.2778984353000675, -2.7017678334238466, 0.9239697704227827, 1.1644480330705196, -4.519719825820846, 1.5310752999715205, -3.485540435654951, -1.0291730539548096, -1.5885316236934406, 0.6109267501156799, 1.2262233538779115, -3.2880981128310927, 1.217465630216864, -1.3468305630106798, 0.1638329821380179, 2.5836866419733364, -2.5080025386532743, 2.62729950287442, -0.5306848016743089, -1.291043220110168, 1.9985682062437018, -2.3690717323994903, -0.0068052996672006705]",1.3888888888888888
18,"[-0.7409680707760542, 3.3819057433909614, -3.2348969629248483, 2.316435823580388, 2.721153826411038, 2.566975455493731, 3.187054917235891, 2.5248453747006687, 1.5707481328352406, -2.5932963254335446, -1.452412792762788, -2.8181099324022845, 0.28042994252153397, 0.6059504547976471, 1.0322109822829961, -2.7926504026472605, -0.780348150224952, -3.629494669563846, 2.3315956579322332, 1.3639345155774918, 2.7429657204670663, 1.7774391391569595, 1.6853711993010567, -3.5143398071842546, 2.337870648394107, -2.949078726476188, 0.13051917694761028, 1.6564303508838942, -4.112180126762685, -3.828890987439285, -0.06425605661013989, -3.055232318062387, -1.6115794016142306, 0.857356432354286, -3.0685234916275954, 2.1189919049094366, -0.4587572922923199, 0.4763678126697557, -1.928947260781244, 1.0074611745955986, 4.059796916090698, 1.4594253085858795, -0.6504322372095477, 0.9473797603394079, 2.1613205024298705, -3.3313372244435095, 2.64146581872085, -1.3399930000967586, 1.2718567620279084, -0.09614406995488656, 3.3650975471648046, -0.5482290781304464, -3.1311986705513433, -1.442918849986946, 0.4835095280508397, -0.0837178649465582, 1.592729684249008, -3.6317039805496574, 3.0973301420111397, -1.703978251220846, -0.5752548587708163, 3.6588884861181192, -0.5560308030051354, 2.681150363598667]",1.3888888888888888
18,"[-1.7702279607704872, 3.6408229581197182, -0.8113406499566675, 3.024604472767471, 1.5410818896583582, 2.6675829318462947, 0.9978525228787498, 0.9786574127617974, 1.1483087973459754, -1.6648223780876519, -3.4903479737215592, 1.3846981523614017, -1.1477929179031394, -0.5450430073936255, -0.3300804245379366, 0.532491831407323, -0.8201017458971986, 0.8124881830303285, 2.1212235028882644, 2.6213005280798325, 2.4017404670930684, -1.335071829416043, 1.4137321663548845, -3.4585061523136433, 3.064580336389681, -2.642533984918598, 0.1621196865054988, 3.9128066479834396, -2.421716986120115, -2.135973887173872, -1.526693356837956, -0.7706506360575943, -0.8225206927704173, -1.6451400497588562, -0.8391174222930347, 2.4309296694256486, 0.18597010946210712, 2.8673486076279726, -0.5666936063052241, 0.5908917683102219, 3.1736746534895612, 2.6620363230452226, -0.6929887249277009, -1.1071571425605558, -1.644957329716404, -4.045436726024188, 1.5498094059497705, -3.4886116338233615, -2.17663997098515, -0.6805517611876044, 0.539267206783669, 0.2906527955261874, -3.622452481205193, -0.07005968150690745, -2.4183771966515457, 2.023449299702376, 3.3978366918890104, -3.9195139437611406, 2.2660693172882502, -0.6651069568719922, 0.2830716506903852, 3.809405165106017, -0.03928903009340301, -0.9063839169252028]",1.3888888888888888
18,"[-1.1097758110235967, 2.4401826651175997, -1.9465768665485903, 4.127397240267516, 3.3565681071924214, 3.2944447799567658, 2.7838435426712165, -2.3303059145823903, 2.830552165865624, -3.231040971855293, -0.8542495364767501, 0.6326199220986759, -0.7559138388145852, -0.6575100212659732, -1.2914705888330964, 0.7178328653925672, -0.6840292238377734, -1.9593378385275655, 1.560377767844236, -0.5740263302037681, 3.147146505558902, -3.1407694325318163, 1.1027689186053362, -2.3278920489918975, 1.7682755075127625, -3.0479256192368833, 0.21241174061895873, 3.1716973171327334, -1.9226763320505085, -2.326171984770597, 2.408261823761877, 0.2798803223023876, 0.3227202669983308, -1.4526793053280727, -2.721048255844954, 2.194224242835019, -1.7796363671016906, 2.736554248627038, -1.4908986658902892, -0.5722924041247186, 0.14898045917940395, 2.973690629552742, -2.296998466513302, 3.266614701678959, 4.086244979556853, -2.7022108732358943, 0.8395168515346967, -2.0606954001404585, -2.0243242901352834, -1.5662397945162365, 0.20055893301813033, -2.599192169706189, -3.721874479254328, -1.1760032703635228, -2.2717322292370126, 3.5230103500185366, 1.124039648059844, -3.6479938036306243, 3.4224095462887276, -2.1034596535527896, -0.12733265726152643, 2.231938862365795, -0.46099966956898614, -2.5591197621006265]",1.3888888888888888
18,"[-0.3767633234039651, -0.006661837438320273, -1.8548806912507865, 3.4440045611609618, 2.436625873813957, 3.390989704735736, 0.9883048962384743, 0.7539425016603805, 2.664302190904559, -3.2182503798397284, -0.40303786117298124, 2.043007072573279, 0.8725533119514144, -1.7319298056459893, 0.4730028037247454, -1.7641196937383627, -0.6890119917398483, -2.1952079827700244, 3.6417589943607647, -0.8643621520687925, 2.0836859292101364, -2.648582557890011, 3.0728934903974205, 0.8678752539195433, 3.3307409792161593, -1.721747602668624, 0.05552506653878181, 2.3462797501726436, -3.852550131382513, -3.560977440421884, -0.9858901362380341, 0.4698739278305095, -0.4064603208719696, -0.3077593961081144, -2.4751501150781205, 1.5806536734601273, 0.3557273021237862, 1.8275987133718152, -1.9020664588866598, -2.507852240400135, 2.0940094160054405, 2.261094287703553, -2.843886896936558, 2.062421402905111, 3.8205729581011316, -4.573160151987133, 2.5883733171771293, -3.1611638414869425, 0.4949112423251121, -1.1513771745887573, 0.05641305189113066, 0.17789321124620272, -3.4881822791116033, -1.4095200324372463, -2.6857730379019924, 2.2801148948836523, -1.0140746792154032, -2.6359353439771254, 1.5704830885841323, 0.3064232840477177, -2.1516488217624095, 3.6041623386078614, 1.0556170621412602, -1.87971965399552]",1.3888888888888888
18,"[-0.15990132592883483, 2.914595716057393, -3.0296434236208527, 2.806287456683112, -0.960252425844708, 2.746506249784146, 0.9109871873023284, -1.7950655413213932, 1.8943645586316649, -0.915513410286205, -1.7348494327402402, -1.684490553088124, -0.6688569555951045, -1.5368686964836593, -1.4193226020069885, 1.3497472770312688, -0.9101086436443149, -2.6015521100181394, 2.0271845353233284, 1.1932482969441336, -0.7779843826583224, -3.1599130190077886, 2.2056402909092974, -3.7329753686396407, 0.8989114377692027, -1.1534371423865133, 0.23522846091962313, 0.27953100704287337, -4.189421739300988, -2.1553093523070985, 0.7978320216237575, 2.227174634828839, 0.9297584891345262, -0.33394964383793735, -2.8463361229342765, 0.9897734641113272, 1.4818909370539213, 1.90053378332355, -2.536389434475862, -0.5626166093957811, 0.7673101271636846, 2.8388997452745186, -0.8358643606248788, 0.7561982787778718, 4.093737829796979, -3.924367336678327, 1.852002171144521, -1.9349161787596543, -0.1475135352714363, 1.0024308001456268, 1.173124793270223, 2.54015161479988, -2.6394602781118497, -0.6795201979507404, -1.7993336392101904, 0.9582355827315792, 0.42079969319447663, -1.3804524245703291, 0.9565870566419075, 0.9187346644542294, -2.234123423960862, 3.8304478801670028, 0.35126321870092925, -1.650928455380776]",1.3888888888888888
18,"[0.8302347911058461, 1.6561441927360299, -3.213572578353053, 4.302731817976898, -0.6040499286851674, 4.108638326770113, 1.0570779931332952, -2.021717637682742, 2.094026280841301, -2.9075543180667767, -1.836354383820468, 0.3437943187348931, -1.5705651027660354, -2.3549112336358933, -1.5016445563081702, -1.9856587685070017, -0.9269857496613416, -3.161816455449151, 2.8714450709217805, -0.41060944150877676, 0.22873065963113626, -3.0445781091028543, 0.8589956491498553, -3.0874834822002115, 1.989258626965883, -3.6969049972136094, 0.1938977010031624, 0.2471304838299475, -4.225771299325869, -3.4597284667486274, 1.9139210017512351, 1.142109020704679, -0.123427545146516, -1.5573382327431435, -2.338924917604863, 0.667730721443621, -0.37531842984466013, 2.9000980645330925, -1.6292356790367926, -0.30792363985293414, 3.15484547671064, 1.6750584836929283, -2.3847661895666654, -0.05610138879648163, 3.5227389737055215, -2.8877508369802563, 2.4556246328353835, -3.648552099353896, -0.7004422014189955, 1.1023217978849051, 1.8139614438885425, 0.8048274604875162, -3.307344935463693, -3.079223284384989, -1.644779920871498, 3.368169411767247, -1.3333236480870498, -2.0820415525139726, 3.5593494794340628, -3.780731044333275, 1.1316417152974634, 2.0748899321005343, -1.2308929555516273, -2.6454226890142367]",1.3888888888888888
18,"[3.7771002274004752, 3.6546370350946944, -3.1383450313368204, 3.193286849469873, -1.2040859629778145, 3.5756936641569985, 1.0722556994085555, 0.3548353614793397, 1.7583312531924982, -3.3170029705027133, -2.218740272259387, 1.2276655982239166, 0.9363069699247115, -0.0010684231346165252, 0.37814609946340516, 1.0979894776881258, 0.884234633544466, -3.4484053819834832, 3.338469154666956, -0.31031722685595703, 0.9651911747356303, -3.1212617567661356, 2.525752831741308, -3.6432821107821236, 2.1209703706246716, -2.8719614274987566, 0.4658723036978385, 4.0603683512425865, -4.180872320499965, -2.1605644487374045, -0.7862534188404549, 2.277090526972961, -0.3556910171185361, -1.017816263274884, -3.100645719036361, 2.201167933385114, -1.4657319421799604, 2.8882160324840687, -2.848052036639362, 1.9719785944946793, 1.3509433631880383, 2.862730600357242, 0.556346903615883, 1.5407812433106203, 3.5189192324125727, -4.569522717058553, 2.8757733145795763, -2.2843331849798982, -2.231323216702176, 1.1746814837939366, 1.0731756083335726, -2.8209631112004177, -3.3776446824599655, -3.0898589514201307, -2.6609722325224885, 0.6631623921960397, -1.532133872895418, -3.8788852545803927, 2.807249927802556, -2.027654124595228, -0.7494245913586556, 3.6595462847144353, -0.17651180314226367, -2.052880776217968]",1.15625
18,"[1.4695660938324913, -1.3452101565213883, -0.2617466044134158, 2.4601491013457477, -0.45848686216532775, 3.7768740427362655, -0.45550681109046964, -1.5865625906847483, 1.8395521409731566, -3.314026703992728, -4.193520607554972, 2.400848138649017, -0.7729841015881371, -3.087253441934689, -1.732769480348165, -2.70508579409554, 0.8966471180464537, -3.9615008209138884, 3.5406165721963494, -0.6716392379364028, -0.07520106317229613, -3.266798414923856, 1.2217971868358202, -2.7482581233434558, 1.802317600820857, -2.1687521650597987, 0.45967861646121166, 2.685758634761567, -3.1689868960951455, -3.2869537033781238, -0.6871178497338519, -1.2642152324438651, 3.851076361864058, -2.647995979774219, -1.028128986772973, 1.0969572206688258, -1.067285649100318, 1.1956009284372084, -1.8538150205157224, -1.3810542439093219, 2.194766302205806, 2.565036428440498, -2.8585678563846413, 0.045284611400222996, 3.158576350340342, -2.363372646478606, 1.0540068135400824, -2.9994714217143086, 0.24743582045832135, -0.16909921472533232, 1.3031976549849884, -0.2305686065096153, -2.216739520259546, 1.3036854336254635, -2.6919097136116195, 3.40821480715408, -0.8104999359197202, -3.959023369653538, 3.6922859446900493, -0.5017934685499063, -0.2491780831934162, 2.2110424261462462, 1.9996692541433785, -1.2918170985259076]",1.15625
18,"[1.2093751737965948, 2.3407325680082924, -0.9826855984181686, 2.5707897261012334, 3.5580361887217276, 2.0189150721018816, 3.7375888138937605, 3.194145422505831, 2.9897580043672454, -2.917548414255979, -1.7170471003054093, -1.549192875135026, -2.7829109292844056, -2.7190584804372344, -2.268491858921426, 1.4028457449395628, 1.123135134729218, -1.7556547969748177, 3.6578091621651003, 2.704361717072074, 2.563539506411163, -2.856985790981801, -0.1262207247375562, -2.1535444237433436, 3.213365876134234, -1.4504206087157532, 0.4365474779534063, 0.28246827049359535, -2.5440328272761965, -3.3834511882309335, -0.3166292091372114, -1.4849715056138955, 1.7558276273174283, -1.5772067107274468, -1.1246553487764956, -0.42968945027329386, 3.019930909018281, 0.5057176871214455, -2.7336621205548193, 0.5673827696827496, 1.61111574320426, 1.7953725042311994, -0.7773905886239533, 3.195597422518029, 1.9151106666657383, -2.174746279519983, 1.660362590675978, -3.4803550985687846, -4.25148240823785, -1.8262195982062217, 0.5396656702433988, 1.1502604177964444, -3.6211488197542847, -1.5014752051087095, -1.900222997273716, 3.3991397468984696, 0.2015088534989321, -3.334921613593499, 3.501327240388927, -2.9609280560350575, 1.9933839175183112, 2.803749051973681, 2.5251655195683527, -0.49553737175863866]",1.15625
18,"[-4.243186118339733, 3.1979981514471634, -0.7249925126089896, 1.50354015457747, 2.256193563232514, 1.6669226176193153, 3.739046354363745, 2.34347309491232, 0.18644246411203513, -0.7609863711087252, -3.081944737826876, -2.7779464607953424, -3.743182977026519, -1.4406601276048252, -0.7676281420308078, -0.7154020163749295, 0.820058266076944, -3.130631029285313, 1.1691075300374951, -2.8315426757323436, 0.491918410581921, -3.287957834320607, 3.3214582902678207, -2.8766746494258544, 1.9591235255959387, -3.9422016077142077, 0.4196682413768049, -0.225671251046907, -1.5799392363652918, -0.3206449523949988, -0.5663077657324813, 0.949552080926501, -2.577930092402222, -2.843205479176907, 0.10978588047467286, 0.09639887209465274, 1.6874327051577884, 2.9388264669723076, -2.8268164867974006, -0.7945318057018083, -1.1226735270175014, 1.3089909887031412, 0.7515780402968182, 3.4812524279407353, 3.7420075953990195, -1.6481733751660668, 3.026477628499367, -2.3674880742365496, -3.417266670722327, -1.765242948852153, 3.5458392040136295, 0.9612732850310051, -3.4453549028870336, -2.080865756803357, -2.4173245596928457, 3.496684353123305, 3.579194424259436, -2.332456399851292, 3.1563012946348756, -2.4257525559877124, 2.4408021700023297, 2.356403364704625, 1.2251285702821755, -2.0042412412599235]",1.1538461538461537
18,"[-1.6303931678625359, 3.074517419768386, -2.3229438200179566, 0.2126634246651784, 3.1163871055374894, 2.609450797032512, 3.006418848121064, 0.42234356387988736, -0.9995718502945564, -1.5918502278820859, -2.5516189601880104, -1.231005430293422, -3.554760753014465, -0.5461500589916143, -1.9193744965932145, 0.41330827995506836, 1.2031013211125834, -2.678719417138047, 3.5547164015479398, 1.878988137444591, -0.9760417603821643, -1.9666259827000783, 3.2982107347401444, -0.3400208488974088, 2.1330261521284495, -1.449284478474907, 0.319901289076127, 1.8634525236003423, -2.0392716323719275, -3.0821689185469783, -2.940564495867294, 0.626675594563519, -0.6549448082723264, -0.6559131172278594, -0.9926842853394732, -0.9231378607844543, -3.293380265731684, -0.8924132803160132, -1.9651491908704717, 2.3458592562628917, 0.1831345787965444, -0.23326950319001738, -1.3087596588799446, 2.3763025814660033, 2.2012513801826183, -2.7834674809631568, 2.4508749275457586, -1.5496432680498695, -3.844025600187864, -0.8210283195217862, 0.8261808323580415, 0.2536509314480557, -0.8199414772368585, -2.6006143615900728, -1.521235399263909, 2.138875596362541, 0.9647950843717987, 0.5502018620810335, 3.577458062773549, -3.4914458792113674, 3.0047903523234423, 3.830037068738632, 3.8307170481323825, -0.35098573076983275]",1.0333333333333334
18,"[0.9153943641786162, 3.1797358667823286, -2.5393209074835035, 1.4051921812944892, 1.8607746417461584, 2.0728049542904667, 2.8985472406488215, 1.0348452443721219, 0.026899610153322318, -2.8059239137611494, -0.9625244185527912, 1.2692234522878847, -1.1594374208867173, -1.8798839736303359, -0.08919345032046189, 0.6726377691493832, 1.12391430662272, 1.3783515455786528, 2.142148974525842, 2.3015776234638565, 3.15129163593965, 0.43103265907743205, 3.333315798016377, -3.61084803074318, 3.125635527674188, -3.1184958629038357, 0.39876557305034344, 3.744494870710461, -3.920028467943414, -2.727032271216377, 0.18430453073830333, 1.1784499212992212, 0.988685644627736, -3.040986848290641, -2.5236530351578264, 1.3358901549796691, 0.3608993826720248, 1.1109036292843704, -1.5463806142519587, 3.5820548892293074, 3.6191419084203336, 1.9463483189245403, 1.4160369849979395, 2.20871511716973, 1.8020895807110704, -3.2525061364626113, 1.7179367988271195, -3.280561432643732, 0.42088261595306253, -0.18576418780581716, 2.2228050543858235, 1.0724804220272686, -2.8999305956321155, -0.7484862898426172, -1.0760680532804474, -0.0007954331731024888, 2.3703976996053915, -3.6898163869355027, 2.3386015714937898, 0.7498266027538234, -3.4504486994658037, 3.5897667709968495, 0.14178259245829916, 0.04963394981984026]",1.0327868852459017
18,"[2.2403014127592122, 2.531634343148211, -1.2534833980804447, 3.771061262339897, 0.26868686396996067, 2.129886440227278, 0.35466754027762537, 1.8888292242761333, 0.2089190981425011, -2.8541898170462225, -0.8957919414536275, -2.2702824035800995, -2.847436702993775, -3.650134599679535, -2.1810663778540547, 1.6344315313204578, 1.21033816189571, -3.105119252165884, 2.664667361280439, 0.5002957409566339, 0.25517439408442805, -3.014005745472977, 0.3863058429004218, -3.7108062937749313, 2.250703611051189, -2.463235791144447, 0.3789772414110377, 0.5784920479241029, -3.328194468480379, -3.8651652396886953, -4.182193184982568, -1.622001216186006, -1.2144086959446547, -2.0087964252096935, -1.3497496529977844, -0.5204751289534502, -1.02125229704972, 1.8489509384681653, -2.8805881522919567, 0.6071255116422374, 2.5156252737033435, 2.3264373047169067, -2.788669389653989, 2.7532246436382266, 3.739120225206815, -2.60717304393066, -0.32685335597759435, -1.077375478016482, -3.473553001708148, -0.6920236230561603, 3.2837204488476655, 1.1027718339351338, -3.680356322897127, -1.7416731163054295, -1.9223142278784051, 1.9711409909474082, -0.10041409176630589, -0.8608331369167523, 2.5384538970653336, -3.6375315463955102, 0.557880941846061, 2.062037979820647, 3.554954670540522, -1.8875949119277975]",1.0178571428571428
18,"[0.5252095233917269, 2.634284907473471, -0.5724651419620319, 2.75948649527509, 3.6200140915542356, 4.04339569384984, 2.6407590817056477, 1.5067404938788074, 3.1466198359349855, -0.7733533945349962, -2.064794387789234, -0.6678688351391487, -3.7543761057368448, -1.977784330730963, -1.5010664677464223, -0.5027546969627681, 1.270578536342897, -3.0295278851509075, 3.545130213071161, -1.2190412610776131, -0.7302049471402321, -2.1037777391852277, 2.3506297876337565, -1.7230786958944178, 3.736975860810895, -2.7769254915371655, 0.3152489780622676, 0.7396785141862372, -2.007235065158709, -1.9171398996398867, -1.96417940791202, -0.7716610524559171, -3.2067047386585434, -2.7743648047618743, -2.695691214486428, 1.0954279572916223, -2.561051327416539, -0.7865393051147604, -1.9677183516481094, -2.0344888184545526, 3.220671368759816, 0.7059795162219649, -0.5836960959844946, 2.713758698204897, -0.06596543912822206, -1.5057004707527797, 1.3195673374718633, -0.9464108249354249, -3.2504001083988627, -0.8380989262532217, 3.5016865591619095, 1.1158804893925178, -3.732895163745083, -0.8941336098495767, -2.5485632158538287, 1.9167872048893184, -1.0299728729782476, -2.113371328806581, 3.6724030008096578, -2.9271542479637587, 1.691409872314848, 2.6292440061977995, 3.1933396388993955, -2.5745288044889683]",1.0175438596491229
18,"[-1.6213401923422106, 0.40230149987420544, -2.831527211502493, 2.1385136707556085, 2.0281495118200263, 4.1235331031167854, 1.0707375777801242, -0.7158244374999567, -1.6794273069554049, -2.2545277008306033, 0.13835447622086905, 0.3855984205722124, -0.03488174256728804, -2.8888412327425437, -0.8316617294915234, 0.11672213547033677, 1.5540400172670155, -3.6291201153657022, 3.6414298666390272, 0.4089393258785707, 2.102309519865071, -3.2859014301166725, 0.003978090359277209, -1.5933071715238585, 2.279772420491798, -2.954988845435353, 0.30393058984560417, 4.173548607131922, -2.5933208416207307, -3.394710775516204, 0.2967613452454584, 0.024206482157402287, -1.7556408776982007, -0.7726274416012202, -3.15218573763001, 0.01725008993533428, -0.49130587851181606, 0.29278124793663285, -2.9277753576805985, -2.046864494234285, 1.9431558922296563, 0.3136619310693005, -1.801116825398033, 3.132686369316308, 1.7806510717725357, -3.0868972369996133, 3.1142136303196715, -1.4002549126128156, -0.9665933864110633, -1.0006521499952177, 1.3679823087703964, 2.579541083237374, -3.649614509616363, -1.7846928469561922, -1.3762649231315756, 2.1984042396218535, -2.3215563628867515, -3.907086859411705, 1.7015241485274861, -2.0972205610589985, -0.4202024576754389, 3.681023489625643, 0.3941647875055076, -0.278898625194014]",1.0119047619047619
18,"[-2.460499710610636, 3.970917849076156, -3.2133641886662057, 2.200605776496437, 4.101351097219169, 4.013779314799196, -0.2923688510891316, 0.5846796785766855, 2.7980743043503424, -2.4368303434037037, -0.5394532572360308, 1.656541696987107, -1.8531369343652755, -0.5634150766010334, -1.6596610336974316, -0.29318518290433754, 3.896991358241079, -3.624506108648938, 2.631030420797236, 3.0677637437105254, 3.1600110555318426, 1.4917598596362982, 2.793724972618379, -2.235231536887529, 3.737768674955105, -3.801381480168753, 0.6980993406287292, 3.6477486897157334, -0.19362204623914514, -0.7081027125710484, 0.8998777955178505, 0.7834222575765695, 2.963120910463235, -0.5920326747032039, 0.9765995834511831, 2.5766373078415166, -0.5934256984765538, 1.426116753794341, -0.5343802328528068, 0.7730397772124107, 1.1798654009215175, -0.25334779304797184, 1.4083280383358476, 1.8208445613363726, -0.16769170577602835, -2.822487627731901, 1.29974248126956, 0.15668499048688944, 1.8479996944155999, -3.5996734228088973, 2.1288332309071114, 1.6904214716365655, -1.35274921215189, -2.393800371436986, -2.1449476032282124, -0.24698334755553625, 0.0653589085748103, -0.796826125339781, 2.3051962070688754, -0.21824642720388965, -1.4047129651399644, 2.0307354797766957, -0.8071015094056764, 2.2444457305408583]",1.0103092783505154
18,"[-4.448314889779322, 3.6578517981804386, -1.1772410029313596, 3.2641362516881323, 1.883064152692894, 3.8484265953959875, 0.6628286654261782, -0.7617533338621162, 1.0188025833456866, 0.21367477678505886, 1.9195967090202521, 1.0161479163608793, -1.2496781050820938, 0.35508104982452837, -0.4805385307770149, 2.43897578627815, 3.798485075151513, -2.8694560729034553, 2.4825022643157943, 1.1675735288298412, 3.093045154896207, -0.9100252186488084, 0.11085192462050886, -1.8247852649851444, 2.1131835129229963, -3.2575586625875816, 0.7880506489583698, 3.7109673246180748, -1.3987083586800855, -2.1260736671140394, 1.1786910051167707, -3.0329963366675408, -0.49847606406822154, -2.858892973787625, -1.7368178439581303, 2.027855012466846, 0.9421668047723801, 2.918510348995049, 0.24919079496559882, 3.503166401365039, -0.05267259325656759, 1.4899040504862993, 0.36765116732451686, 0.7594724677273751, 1.3165290850524434, -3.2896810584813143, 2.737182978054639, -1.363343962929176, 0.3026253891310357, -3.4123821230328932, 1.4420050635019173, 0.6384891233819574, -1.0939417045128845, -2.2153658557376517, -2.719101017262215, 2.558566228416344, 3.45271307173359, -3.2161527292348797, 1.8003399025503406, -1.6516858352528825, 1.4309361111409347, 2.1981709518065533, -0.6993955820312019, 2.0496729422703948]",1.0103092783505154
18,"[-0.9553246716266799, 2.6048843711068406, -1.0684295714834628, 2.50547624976182, 1.6411751397261156, 2.1737726642486326, 2.475110339624372, 1.654492540660271, 0.7415306530085941, -1.9840487312373756, -0.18556156245695044, 0.9315236547908559, -3.019132235572365, -0.2605730851023941, 1.7431362239765362, -0.6442476523129902, 3.879080529319508, -2.0334482751319856, 1.292713374514709, -1.8366784756750139, 1.4748268211877908, -2.64482534585117, 1.7496332371915737, -3.100118599501756, 2.482223483876402, -1.8688584017632637, 0.7012883141280178, 3.0817344465202487, -3.751649980377801, -3.8576013148726083, -0.08788253218020153, -2.137342557071943, -0.1906880939353811, -1.807353066215516, -2.877721187505898, 2.9382485566445995, 1.9408020756254345, 1.3203228440557433, -2.9558751311159166, -0.20564088739791045, 0.7472761117322843, 3.041032874748106, -2.4487511230270833, 1.0910521558067359, 4.09029551771285, -4.532638475042923, 2.1702961063941104, -2.2097686580560776, -0.873218629228506, -1.9573052138401568, 2.6379063263015823, 2.1771981326781145, -3.1341478807978618, -1.4349196875567602, -0.07611724699118572, 3.334644022050522, -0.06469038186437293, -3.7826083007581066, 1.7500451861698993, 0.40367444939948655, 0.38473996796597554, 2.5509939044026604, -0.6930573143097354, 0.3660738293950472]",1.0103092783505154
18,"[1.7500432619346196, 0.651249573585466, -1.1352184775095064, 4.330169878386621, 1.1032232994608073, 2.5180387250369645, 0.3362819227717635, -0.6670371296665147, 2.6020214921619798, -1.6847323867892445, -0.7110195495640075, 2.0466555977785554, -0.962959242584581, -2.2953084792245937, -1.6154147814429471, -0.7779640336324405, 3.5553434731902316, -3.293486113834139, 2.561136941660432, -1.0695686776568358, 1.8193579462107574, -3.253072772555839, 2.186663409662537, -2.103609841394256, 3.1995276625186633, -3.820471654884554, 0.6274284456682215, 2.4681330290640333, -3.8799004353788913, -1.7428646429093053, 0.2671032529513245, 0.6634242811288411, 0.5566857227646345, 1.994437765776219, -1.6830742905161378, -0.6039466538005693, -0.3326855585686094, 0.2424714284883307, -1.3508954481574804, 0.6364737096984957, 3.1184395984582887, 2.422675013977237, -1.4151118167114034, 0.8170680752884176, 3.2295956234959076, -4.582534198501661, -1.0725941583810354, -2.9673796951222635, -1.911951908687838, -0.8603272330794283, 2.2769870118301, 2.6622132998317545, -3.1332118477564532, -1.7852510500135053, -1.8579161158076447, 2.7671082504813893, 0.308406946010333, -2.387559264913164, 1.7047244511837647, -2.2621529547865533, 0.24879941447407838, 2.594333831174688, -0.908484973462621, -2.3073419948377607]",1.0103092783505154
18,"[3.655849862803276, 2.6530567941797085, -1.5613629205231878, 0.6754946453890429, 1.1044849685667197, 3.4830737547666226, 3.737024363384675, 0.8380840789724717, 2.3500088561682757, -3.3014895438788456, -0.720732663873183, -0.5817550247928021, -1.832859042288701, -1.099141510054555, -2.9983353151215173, 1.008391812898643, 4.032657545222015, -3.0192959413345024, 3.5479705531741286, -0.8809488917338666, 2.645825643806577, -2.224882263236675, 1.3501422818027136, -3.6764251426124175, 2.185436929262723, -1.286595664436954, 0.6846935566960699, -0.9586665059225183, -3.158549409549114, -3.5371711693316072, -0.933793873026985, -1.8685641079296869, -2.3682970793929226, -2.776722359470076, 0.7143503415962507, -2.6487918908122885, 2.1295104776386706, -0.047170537855789396, -1.6238170080001764, -1.0714420613892477, 0.0678744182181219, 1.6109189648298528, -0.5360847903402459, 2.6492609798395197, 4.106215591710825, -0.8613182144419524, 1.0796085568856832, -3.5575304305248663, -4.272567160706668, -2.292496597343083, 1.7808470994593133, 0.7795564252949361, -2.986067799826389, -2.5598704050600025, 0.38006183266505733, 1.6744829382175193, 1.2846536959138724, -1.2234069261270197, 3.4477327268592894, -2.945327161158424, 3.0826530003250783, 2.555688556842923, 3.581328551881235, -2.4273656326591313]",1.0103092783505154
18,"[-2.0019096179262097, 1.3495850154355942, -2.5693708342397272, 3.6338326161265115, 1.4943242187832675, 1.4707470113894612, 2.817730746629165, 1.0776766106899374, 2.228247102972813, -2.8947919080310225, -2.9701588052677383, -2.855295990673203, -3.243097290618337, -0.4081980912182628, -2.4686534997647307, 0.8840017037999153, 3.93155948916411, -3.597416464687332, 2.2655786469542027, -1.3913837883847229, 2.0827718159287203, -3.287939894739881, 1.7016536318471656, -2.8752724076883616, 2.749248733325291, -1.704029332068838, 0.753366152115996, 2.070813042101928, -0.5711006799657654, -1.3631266062379184, -2.17380824229841, -2.505401381810964, -3.0315904956505917, -2.6108619296165263, -2.3123084525716315, 1.4589993125110978, 1.4660966796122634, 1.7026641200324228, -1.9863167276930378, -2.516597897428852, -0.026690821514439772, 0.8604869048158146, 0.42359768178414053, 2.882449179238847, 3.8801955335387905, -3.6122580493804026, 2.898482844584862, -0.9239476964247204, -1.8845343024211174, -0.9090944851632786, -0.597919941086499, 0.0008704208740446528, -2.9574854307223033, -2.996333242275359, -2.665630399484686, 3.1854672240627, 0.2947255956683472, -0.8811961961907391, 3.5500808480517674, -2.0816305329096974, 2.910961197922326, 3.828185502568872, 1.8967369048783476, -0.8095395452879641]",1.0103092783505154
18,"[-0.693102870494376, 1.5631379591553114, -0.8564087973102777, 2.360531589793331, 1.8894454903700098, 2.200624849209755, 3.351974530530601, 0.3066552244038878, 0.5807556994041301, -2.457885958193038, 0.030135633965776343, -1.7394112838641318, -3.568018334746286, -1.6684763243960568, 1.3739353541439718, 2.0363557217405277, 4.005120504217102, -0.06501453218746756, 3.6819276018900813, -0.06640772800153316, 1.259474110059809, -1.833300554213739, 2.2147786759432857, -3.6871336256036877, 3.2708806585265777, -3.9349382950145455, 0.6370576788022069, 3.8480334767525095, -0.26105439134007913, -2.192196489797513, -2.46515757620134, -1.3967745748968587, -1.8829479689896722, -1.9921581751747337, -2.5982249795239696, 1.5325552186504139, 0.4170299186963038, 1.6297999753495533, -2.039631951742586, -2.4483389278021086, 0.4188410356821973, 0.38595748870536994, -0.1850943347987299, 3.1041769106564168, 3.433051658268756, -4.393406509349235, 2.6046972002099387, -3.2615744552419903, -0.1470380011660608, -0.9429965805969585, 0.6320418403889276, 0.6000954429491117, -0.9536480259743598, -1.821017009166224, -2.668347671856438, 3.054385232793633, -0.2532540553839485, -2.8501469694446353, 2.047867187171259, -1.610043654932189, 2.25456066527366, 2.9734535788450462, 3.024643726246037, 0.1596173249975057]",1.0103092783505154
18,"[-1.297804765166037, 3.0294828667139004, -1.5947256246915051, 2.7911969625166737, 3.9270959207363036, 3.998017738585812, 2.9057925075351427, 1.5469885317410346, 2.0233340645628686, -1.512835235421698, -1.7877915576389398, -3.2720398701767364, -3.1410020940839622, -3.419704691983774, -2.004801230671985, -1.0902448799615996, 3.655212054691729, -2.466668484139807, 3.5034369152548823, 0.21888412817918068, -0.3074048134732299, -3.1409436564429014, 3.049539642320824, -2.5755998445208492, 2.6005494029101075, -3.7162043136449743, 0.6692291846597498, 2.5791517899921503, -1.6936561774604675, -2.352613081987798, 2.056283849211169, -1.7679440875741324, -3.0793066981784056, -2.273496159400892, -1.622752793559914, -1.1223732996830855, -0.45137842347321866, 1.300346045905267, 0.5050793642717926, -3.4171700053658096, -0.5950963699839908, 0.49702122353894684, -0.5034394467533423, 3.369436073281546, 4.132026273376149, -3.736208267847979, 2.71632727175533, -1.3713278665774173, -1.5769005094257322, 0.2591452956145234, 1.2809628581987424, 1.1609616886398135, -1.161281946242775, -3.0512345970148136, -2.7323113712529192, 0.2213466479074011, 0.14420011777379166, 0.42067704690866525, 3.433513048957802, -3.0538900517034073, 2.8095174451642166, 2.286118507399908, 3.1316281908723074, 0.15317025276227092]",1.0103092783505154
18,"[-1.5199973720906965, 3.846090183596475, -1.742850849706507, 2.779295365857802, 3.8685669730540337, 2.988172325412708, 3.4538601071453763, -0.9367783931303244, 0.6414836284860611, -3.02271570801619, -1.5932966430388118, -2.6184031940923695, -1.8364139070484793, -3.5158952575740545, -0.8290949754912624, 0.6312320916814395, 3.997064692084051, -2.457430986996187, 1.259513422084671, -2.8364296149527792, -1.7981130084502945, -1.3106684508866957, 2.9611728606281686, -3.4094866045833045, 3.7466141766995116, -3.8139788619047175, 0.6725876622316302, 2.132123450295709, -0.2544621770770673, -2.0107838293747253, -1.2423447885609942, 1.3580706972681704, -2.6268612816759127, -2.6535733156296875, -1.2790073955085792, 0.9691144908951661, 0.21149956742251805, -1.7087024956913197, -0.864845614643075, 0.3481929266757673, -0.8896966994089475, 3.1096075865992305, -1.6004479051695144, 3.416631699444956, 2.5698334430695895, -4.513501950070466, 2.103587464891577, -1.1079115200172291, -3.631626729835373, -3.1933333689738164, 1.4400664697301917, 0.5766320221050454, -0.90610845570045, -2.610302467524005, -2.243634639549234, 0.31466261430183007, -1.619480343284634, -0.5072819077570077, 3.5202668639007286, -2.5566975371693426, 2.0762119872848825, 0.9281529069174699, 2.2721364570728366, -2.6070038729465708]",1.0103092783505154
18,"[-1.607479523038752, 1.8189556818297015, -1.145117248603886, 2.866898311377109, 0.3674104868724597, 4.105390459377242, 2.313925636732842, 0.19105812262701627, -0.23866028369814152, -2.776344609055549, -2.1703756843544344, -1.0393268164039302, -3.5754393633465993, -2.2623307498701086, -3.0748939812739913, 1.4157063712684637, 3.8940629711218686, -4.020633214772135, 1.337922404868295, -0.3970282829688936, -1.2845595838423902, -3.0031951297846566, 2.3782424185499016, -3.688333002649772, 2.428583758184578, -3.3445845417107924, 0.6769590016776754, 0.18267864136988865, -0.5939388828845186, -3.806967776187064, -0.9666403918851815, 1.2200376833423734, -2.7382787001770037, -3.0488961940642154, 0.07267894827045729, -0.8423222664947205, -0.5583629800342207, 2.1538245386738524, -2.5746763541435262, -0.11493586844701031, 1.709955143300002, -0.17800404224318633, 0.17670882924259057, 3.5013484177481415, 3.382346556346635, -3.1784441931599368, 2.186210483680415, -2.105597083012588, -3.5034731547273665, -0.6289937447151261, 3.490298914935446, 1.6284501414411092, -3.7679086364242136, -1.8981633354624612, -1.170538777156069, 2.5740223157062796, 0.08750191518302253, -0.5701752212086345, 1.751815517158278, -2.951603650116864, 2.8567682941354575, 1.2007904132210347, 1.2748320457007822, -2.085704607733489]",1.0103092783505154
18,"[-4.083418147271457, 2.0484848754186777, -2.2139605819355532, 2.443840966518703, 3.0145339310184927, 4.1051612009486345, 3.287767392651225, 0.9581670146092091, 0.9401311764839002, 0.3704921379346704, -1.139315636947091, -2.2664898485208345, -3.337780148006364, -2.2516553403687602, -1.8836327512324793, 1.2779301322817287, 4.024314833065329, -3.753234000179641, 1.9061388656774731, -0.1932125477456612, -1.1520103046662258, -0.1717453179457502, 2.182371976342604, -0.07752843894140327, 3.6441508293099463, -2.601975056712691, 0.5882935109949657, -0.6139341784207795, -3.591065673345703, -1.9248616321593623, -2.998041878629824, -2.1284995933384745, -2.6722970880193193, -3.050607442552852, 0.17063255471021538, 0.9868868067126159, -0.5922835739570892, 1.8905081409603333, -2.94506880670883, -0.858886670232254, -1.6023785695913717, 0.6188740354450988, -1.9375490520514602, 3.5182765537946, 3.255901471875422, -3.12809433743213, -0.2771725986477014, -2.517276611480627, -3.3912352187540042, 1.4545993287679244, 0.08636079340225766, 2.469382091529973, -3.266836352091641, -2.088066267598985, -1.6518001751931992, 2.4840143330377913, 3.3284505873137076, 0.5696898133924307, 0.5772642884933519, -1.9266455996055654, 1.4125951516427364, 3.473052340441771, 1.2691924890595252, -1.2939616231152202]",1.0103092783505154
18,"[-0.8849462551977396, -0.2436427009569102, -1.5049151308384956, 4.297476017856164, 3.621702028183098, 3.750305249761987, 3.730889124222214, -0.2829174927907212, 1.1195049339135377, -1.7567071125047544, -1.2865341089608178, -0.738429605645061, -1.740796935293429, -3.4548040534708675, -2.921096400825917, 1.3905175910928007, 3.9054353192433178, -1.9119663998941834, 3.274824059341562, -1.2661235255482395, -1.8909702243664388, -1.1519426284321335, 1.9542496338724593, -3.2611790167615684, 1.2124827850480657, -3.955244670761021, 0.6696634440353244, 3.2952279978657235, -0.6558045918082401, -1.5270157209954398, 0.8157502429509111, -0.16382216291516727, -3.1172647570431375, -0.23306058525256468, 0.029760277882639075, 0.0317175708789319, 1.5575603510979454, -1.146027534839327, -1.407359982475878, -0.7600271134623215, 0.8128208963079624, 1.4297144841369687, -0.29466455403402747, 0.7181888350913805, 2.7860932704290606, -3.134350129306212, 1.4147956293162178, -2.686850848975899, -2.5914348381433747, 0.22323563506559352, 3.5068321503152418, 0.5139671403879311, -1.7805286709689614, -3.0193014191324807, -1.7142783859596231, 2.575522186859693, 3.2525576480699008, -1.9799585451186186, 2.061817001986457, -2.998991646627648, 1.872418454033706, 0.7632343461890976, 2.76326127170214, -1.7858586075149212]",1.0103092783505154
18,"[-1.2755190015728974, 0.7291972865407659, -1.756884142861567, 4.306433920739909, 3.1236955027171156, 3.580218866297802, 3.434896372505887, 0.7352197066069386, 2.6573359728286423, -2.817003575552509, -2.2133540719367364, 0.4818114424783342, -3.096109380090466, -0.8259589037407642, -2.5755286773242645, 1.3167166513888877, 4.0039481657026466, -3.1072321273809256, 3.6928746180735037, 0.05887555494657315, -2.5157757287817644, -3.190133049983055, 1.7228527549817871, -1.6464712223690803, 2.6240577025079896, -0.9267661187263232, 0.7091397116152691, 2.061621941239999, -1.9694607477189168, -0.9161705269252898, -1.944820251248168, -1.6691211065745013, -3.236395417568003, -1.613030164134868, -1.348282690767846, -0.11948552141865758, -0.9722198697193493, 2.858010041563551, -2.7447333903882614, -1.3339575019198027, 0.6608571328863087, 2.6532445318257247, -0.6477911631633798, 3.340850154380986, 1.7010570021930524, -3.8677400532978248, 2.3652303013213376, -0.8099290496860079, -2.9783365816923153, -1.309117723050068, 3.2455814823956426, -0.006682958332677957, -1.7701270744934368, -2.8027367216273738, -2.6817084062906584, 1.8127160689609432, 0.9139106624888922, -0.32814874982516556, 0.43744826672074044, -3.6365201559638773, 1.895041925718249, 3.17715944884897, 3.5593274477620156, -2.584828377049158]",1.0103092783505154
18,"[-2.5347707342130663, 1.368827453057831, -2.8983068190817174, 2.472990893702221, 0.614379417224884, 3.3750679363656193, 3.1115189048814598, 0.05226347675225562, 0.11876590506923945, -2.0136103993181695, -0.5024309706799528, -3.055323293427363, -1.3160938281348162, -2.905835012051237, -1.9545151853294869, 0.8715565484874304, 4.0344913603214385, -2.8349893620906466, 0.6742281990207637, -1.052750264136132, -1.1605367704549179, -2.7284592280924134, 3.3331886252230323, -2.936166590490083, 3.1239836610347025, -1.6281002368379878, 0.6108776829069228, 2.158188913832063, -2.3926469583862557, -1.5634740472048585, -0.9212696556761704, -1.1490537224227477, -3.416510115932696, -0.7725379924760722, -0.4296237978699532, 0.4375976006375617, -3.2523376323791955, 1.3212756919213668, -2.752757854377546, -2.257252896100694, 0.8943514597562683, 3.158530095736577, -0.3048125673604716, 3.1515934647888226, 3.9037052586130265, -0.9313679884778292, 1.3783467593692929, -0.7535259671594006, -0.8427469374541141, 0.25884980014462866, -0.034948293128697294, -0.07720161940128534, -3.1495387219416076, -2.096721407202768, -1.876350697947072, 2.7771396229352665, 0.18621472391793464, -1.4765519949500054, 1.8252199717917974, -3.526942023613315, 0.8064636922582179, 1.6090368139962905, 3.193769615862623, -2.2061123405500576]",1.0103092783505154
18,"[-0.3826792331031972, 3.595098550818231, -1.9438425903483838, 1.59196881845045, 2.757826991739058, 3.96031271280876, 2.230160678832023, -0.08510151775087593, 0.6838523695280514, -3.3057103940241253, -0.7481756237016037, -2.199552498253146, -1.4481289233878964, -2.92207066086829, -2.8882050993515618, -2.9627809128830105, 3.8268160592944818, -4.2222666421118, 2.638182734021913, -1.1962950574420979, -1.056157117349132, -2.133253032478327, 2.6255295524905957, -2.0537436294339497, 2.6390840650369696, -3.9286155867089314, 0.5742719395492246, 2.1463791380755466, -2.523582352320989, -3.8658226328148677, -1.6358641095728643, 0.7014995269988913, -3.3489850115365916, -2.5764121820193537, 0.8239747760580369, -0.929381750071876, -2.045988697058044, 2.2449693262811037, -2.3782892268882647, -2.5235219745451367, -0.16528781199235548, 1.5480731398261132, 2.5653251747892205, 1.3390951206625767, 1.9031099346341926, -4.6105012831371175, 1.845964935795613, -1.2576869228955787, -3.6306982036934663, -1.6789727199113218, 1.4278931768902536, 2.9415407688155737, -1.5940361641588352, -2.5452239862445944, -2.3069628482801394, 2.3244735369653813, 1.177399778177374, -0.3840638244361051, 3.2600097312460354, -3.6742109093906934, 1.7441975937135603, 1.471483347508272, 4.248419586555679, -1.519538262973735]",1.0103092783505154
18,"[-1.9885059402297824, 0.7310552008124886, -0.328963587371222, 1.7359856826667892, 2.160461857931712, 3.797574451258844, 2.5825049039418535, 1.1600670167181217, 0.7002618968434424, -2.695399476190727, -0.15001735996543153, -0.0053202152329840935, -0.7107052359873678, -0.7506360571776001, -3.095844652258036, -0.6741765478642283, 4.036187640132861, -3.46194953058374, 3.6660457880502366, -0.0570187633733521, -3.025240537304052, -2.8834946584298873, 1.5420485378929591, -1.8588465494590984, 2.291678132993836, -3.44826082084673, 0.4869608230509157, 2.9858855161465736, -2.577934301964996, -1.2582269525443948, -0.8023516792602083, 0.20089513199944897, -2.8637181965362606, -3.0097956589290296, 0.14128591239199895, -0.31412584157945544, -1.348180615880808, -0.5624841392534996, -2.4745778713384152, -0.5736153388066698, -0.4447905293344123, -1.1117035205264585, -0.7858378602894396, 3.47920939764901, 3.536661750907294, -2.7305058230928774, 0.4478124525598399, -0.3685893490941359, -3.4861389853899816, -0.23950356647745807, 0.9153244942586449, 1.478715767532698, -2.3494616648116846, -1.1637396820728272, -2.1128181576964273, 1.6508395371425866, 0.7337420142101571, -0.9098641238166412, 3.330683486619234, -3.4598009980794364, 1.4534654941474738, 1.0510412228235837, 0.6184151647979237, -1.2976452058457109]",1.0103092783505154
18,"[1.417579512107037, 2.712554340717455, -1.44254954204135, 1.908107382130168, 3.169176843503236, 4.049388566954807, 2.086511290276645, 1.8705387461892529, -0.16592433000681361, -2.563629640802025, -2.3188627817983942, 0.2577876024207746, -4.128516815456702, -2.2253116672799282, -0.9111146242108231, 0.06054109210329206, 4.035996214868178, -2.822277778245242, 3.3969224956501933, -3.14209586040752, 1.1072570660920158, -1.0925403677086076, 2.398244020243174, -3.0220769947340655, -0.007658195627456621, -1.6638789273066998, 0.8387260546088965, 4.176975989390603, 2.6231213057428797, -1.0783889379211362, -2.052620412026463, 0.4744807756065099, -1.7960713553948089, -1.7804800156699305, -2.010829008104621, -0.287583813834947, -2.0982437328630907, 0.9620409631562065, -1.7800320848477522, -1.1059614629890342, -1.681065366689353, 1.8451539884069503, -2.084816680786083, 2.55415328036555, 3.3125079781541413, -4.555864079912771, 2.5806404944789514, -3.0668164806250826, -3.8898379692491076, -0.5512479510531496, 2.833620293323408, -0.04390140350942717, -3.320614264874205, -2.174208165959363, -1.7357965968995637, 2.9891634216678784, -0.2887299824138393, 0.8074048883279384, 0.08757821257693932, -3.731844069330872, 1.3599902401703, 3.234089146204439, 1.7682850421112843, -2.1206766392911733]",1.0103092783505154
18,"[-3.2163091498641245, 3.985275133050777, -0.6017405370719122, 1.8917357859376835, 1.1554953941023585, 3.576061958144137, 3.7170462633653654, 0.769330053444983, -0.8110630642685274, -0.8641830206991321, -1.5579527191300664, -1.0518137525201086, -2.5525109960366485, -3.125154496096342, -2.479467019939803, 0.5392762771479389, 3.8284591301988113, 0.40945980801277493, 3.039895129192732, -0.5103619766517171, -0.28134188599058163, -2.3284727877143245, 2.5950170179879186, -2.1751302078234898, 2.651843065292393, -2.0106850499414284, 0.603690939099264, 1.8704782905521138, 0.02055198204388864, -3.61056688764408, -3.1070210679759733, -1.0448953735541435, -2.251171153976657, -3.0341522496520037, -2.627699298771372, -1.887927432883496, 0.7292263438542548, -1.4522568269542555, -2.866885380301793, -2.7987018362707143, 0.33442955187815837, -0.1990309740133538, 0.7368642183596898, 2.466456292511139, 1.6002847263139413, -2.200388986995574, 0.3653608275646594, -3.0095365161980867, -3.070447525783357, -1.6809440691304725, 1.3363522451670806, 1.0784381848052345, -2.873382604421722, -0.5789028921209995, -1.7314671582065948, 3.328124189369017, 0.8459241101957298, 0.22992959829363058, 1.4860365302013137, -1.7746313293700287, 2.0823165246903033, -0.00039283368629750015, 1.9021912754315808, -0.716545541698518]",1.0103092783505154
18,"[-2.5245145618451197, 3.7764772191378326, -0.045516348548229946, 2.3007460515135345, 1.9419641286363334, 4.022175860137318, 3.1355727429081295, 1.5891965877460696, -0.0953739164403995, -1.1333824121917933, -2.86890866435049, -3.7217298381603925, -3.5710889887090693, -1.069301521763966, -1.729630173805778, -0.9336047325919004, 3.5317721078529534, -1.7809185126135019, 0.34362606444801314, -1.6061495915203872, -0.1794528391110477, -2.5361462282860616, 3.3302704198513426, -2.711038875060656, 1.9044971996996838, -2.8214530858756945, 0.7534227479839255, 0.9093397682692534, -2.8593875334989924, -1.0725540250296741, 0.6935809773685635, -0.5380001770975276, -1.7292682959504364, -0.631024363549435, -1.044762481266892, 1.6060596205835302, -0.9708160005054457, -0.63013074991742, 0.05338161412403908, -1.9606212702553083, 2.1825092812827096, 2.740310838316564, -1.0755363495557346, 0.9978656826776184, 4.041054502454234, -1.0053573284148911, 2.7163937411527384, -2.395794773912818, -3.3566584669845483, -0.627089300759221, 2.034425605737503, 1.5007072325055137, -3.518011635551255, -1.3159229721080323, -2.730702120626471, 1.2302137930376866, 1.8338042348922974, 0.6822193399708045, 2.350798397748804, -3.3305313976808253, -0.9862481910616883, 1.6568307655413188, 2.209117333093538, -1.5682249404733986]",1.0103092783505154
18,"[-2.3905369271251042, 3.708488323609467, -1.327450368368564, -0.22636624426056917, 2.4757515216567887, 1.8664546433005609, 2.6667636423605394, 1.329248579395342, 0.4628116172789906, -2.4429992588519958, 0.11864653176917894, 0.5556197964484315, -2.513335944735614, -2.4868347009373375, -2.3107333982403864, 0.7450510922805568, 3.5134337947700605, -2.4408480156956966, 2.1195885863322523, 0.41178180191176894, -0.09017950924708806, -2.765046499076009, 1.6483087042203106, -3.204317217587848, 3.7315476295827286, -3.604232482202312, 0.718379415362155, 2.795302395955075, -2.7883645973491538, -1.0554267701081343, -1.6587819607236485, -1.639141073915598, -3.256120963761521, -1.7182991908679917, 0.2184929741713484, 1.4226783428820486, -1.9428683223619567, 2.6257917449168993, -2.5010576248774385, -1.3258536724226975, 1.0267755079429075, -2.5871821088242024, -1.1000790628670458, 2.538903872481762, 0.9599774936329935, -3.174846204706862, 1.7802936896409736, -3.2562458429280285, -0.6544946502996392, -0.842430334003678, 2.549487669691932, 1.5179462040386194, -1.3006186550013705, -2.632731538340579, -0.14137043717164222, 2.9774264995476267, 3.4027631571648906, 0.4918799053405274, 2.2808769997414533, -3.7223131258889053, 1.269071442249879, 2.3689242490155737, 0.1419990721669382, -1.6103498622398453]",1.0103092783505154
18,"[-0.5871428960971571, 2.7347054930913286, -3.103045439432357, 0.05137880249423854, 3.143140188570041, 3.991339072009574, 2.535358179296285, 0.48033987972073056, 0.48950931429426897, -1.7256862848385717, -1.4661945771819052, 0.1801802545628982, -4.109333401154255, -2.270896201457962, -2.728636690701424, 2.4392302188124297, 3.8071336653261554, -2.5518101115166503, 3.688742689219582, 1.3872668380405888, -2.2201949435183526, -3.24567896894208, 3.310882794247134, -2.0643855824309973, 2.0755556412475418, -3.8900800162972162, 0.6698538217126504, -1.1523563014535134, -1.2411062440129266, 0.18642679635309412, -1.8285794439665142, 1.2023727811776455, -1.1288316899798203, -2.222795443319723, -0.5083979002996193, 0.8472694852468771, 0.2506520676126779, -0.3628328916552881, -2.951485634453629, -2.8289798204785015, 2.337358498793153, 1.8647186030250356, -1.324416757898317, -0.0096263839477011, 3.3922908432006667, -2.8060954874888164, 2.4932094876887203, -2.127554551425359, -1.569823343679427, -2.3412644009123627, -0.5636347373643957, 1.3144268492588842, -3.501618762073639, -2.0513835773609443, -1.927010839631752, 3.3009687422470773, -0.8699908250765199, -0.7334591842829465, 3.2500479395190283, -3.77897369727657, 1.0696394614869231, 0.7518823844077505, 1.1782720237557083, -2.355552856458479]",1.0103092783505154
18,"[-1.049470395984988, 2.4812715003808967, -2.1108454925451015, 1.200147800337073, 2.1149193731176203, 2.723104942234273, 3.1420051770854087, -0.3042245348114214, 1.3689657672787132, -2.3540851027413616, 0.34387030619102554, -1.5697741400308298, -2.7868762101895728, -3.722238113286624, -2.70591445821991, -0.5514485514283973, 3.871076112929392, -2.937953837421866, 3.5852176299731235, -0.8103403714570938, -2.890978330726123, -3.2879621923078566, 2.3563724299534896, -3.553548658024524, 3.1067186589000513, -2.5459699044562027, 0.5509736838910799, -0.6788851760778705, -1.067892308997107, 0.22430208419676223, -2.120660378980744, 0.1653568087525874, -2.5742441400813325, -3.0513706717417173, 0.3592076491698226, 2.9238330949757763, 0.18833601932311028, -1.458793615570577, -0.26061007333460484, 0.16843770513230893, 4.027004317654384, -0.3563011518730377, -0.309230030745138, 3.5066165523586714, 3.5712415142556755, -4.10405574931707, 2.6973553364162415, -0.95149420682281, -1.8411717756998272, -0.7032666667466722, 2.507546193045147, 2.5156989215879695, -2.6766432333122894, -2.522213282103572, -2.251427808781211, 0.4791449228995126, 0.6865002379842166, 0.25658647937439816, 3.201989871769568, 0.4301386483381564, 0.5948420717194736, 3.8111916941692994, 1.7804667870389084, -2.7200712709830808]",1.0103092783505154
18,"[-0.9989375655372418, 3.8637270326809925, -1.91197627793041, -0.10419002639263075, 2.721746434215781, 2.837959663807713, 2.1294606109065652, 0.3006361422446864, 0.27383600947413966, -3.0182987271770227, -1.9861154175386568, -1.6466555254753656, -3.5102360550982543, -2.695986872621228, -3.0823050467845325, -0.8296260467001129, 3.8286658864466223, -4.218612501108566, 2.4646267598287186, -0.9037308337162618, -1.2157413700851292, -2.498580832229847, 1.6335543036160578, -2.4927636907377755, 2.5708578091273306, -2.4804384187064636, 0.6956297799173515, -0.24581359733413466, 0.04192442241600593, -2.1538691634949836, -2.9852915735818657, -2.279486839378391, -2.8213281877040464, -1.3879010391057431, 0.3749448907361085, 1.1338918148898307, 0.05469613712853155, 0.209118571114716, -2.892079077140858, -2.4356231016865038, 0.6691561083391107, 2.4881534016783964, 2.172915517535885, 1.6034747485130163, 3.908150319479497, -2.1645508027133333, 0.9332362395284375, -1.7576943053836585, -2.1752707125705752, -1.072662615050798, 1.36386202800803, 0.8942485711947005, -0.6324863246918064, -2.595563255665893, -1.161510783666761, 3.194657364104665, 0.22155832874521075, -0.7914812598051929, 0.5378733613791009, -2.503778014676559, -2.169545889341515, 1.9771881817926076, 1.4136375596678121, -0.5370066174700332]",1.0103092783505154
18,"[-0.5245554277083273, 2.1766198278761273, -2.119534337251296, 3.263767290842077, 2.1786723726579327, 3.9438018694302324, 1.8630420673035335, 1.1689848350034897, 0.11416226512118655, -2.6053535431668995, 0.9031538650004964, 0.3642623739182589, -3.7574657151085074, -2.93195663649177, -2.6411688274244223, -0.5568254568884476, 3.91190635568076, -1.5458934081126094, 1.876608677439112, -1.9005096155195256, -2.200011378973058, -3.2874674199479386, 1.157070459888679, -2.01864609518457, 2.723599654359116, -3.3948806384815056, 0.7250554777500411, 2.0163499552072723, -1.0194042740550264, -1.0140921934801874, -0.8371324457407008, 1.6803357894350142, -2.6639348629566406, -2.5779035202577334, -2.798323005044293, 0.5495738308848638, 0.5596903816015464, 1.148106265442081, -1.0775889221867991, 0.7380245664815817, 1.4004680238692688, 2.5057201835314005, 0.9844265404068864, 3.299760008175299, 3.918291121939632, -1.8812348675228852, 2.7354778779884836, -1.076219527747111, -4.10362401427644, -2.874824957079082, 3.3944155000303224, -1.7624363081024514, -3.6887564975767937, -2.8941834873021537, -2.0753709298064815, 0.8159768351545977, 0.7629774955540959, -1.77763237273471, 3.658664181695858, -3.7832629222449645, 1.0786213736432702, 2.4944211512208203, 4.20894315199993, -1.9633992222866685]",1.0103092783505154
18,"[-1.979830205478125, 3.660676572139985, -0.7399150843465726, 1.6807131281622616, 2.2623141357661933, 3.0100156224059087, 1.9133207429795949, 0.1543733394348188, 0.541619928320838, -3.161696580509952, -2.135576295537876, -1.3160645071484698, -3.9595516608219805, -0.5738898953268607, -2.709515428716161, 1.1848404121165421, 3.959841664016687, -3.9453014825460233, 1.9604372884566879, -0.5316234942351824, -1.434194510478946, -1.356678857045567, 1.199440755868718, -3.714100602481527, 2.86337459029383, -2.029048338501826, 0.6863192296097602, 3.1907053794696165, -0.13130596573020836, -2.0946171701992897, -1.4989516920311807, -1.2211760783796226, -2.5433327752662978, -0.03956570758663336, 0.969709506425565, -1.5288826893893197, -0.20415531393063874, 1.2025758768164798, -2.944490900663086, -0.07658170145012178, 0.08604343791789072, 0.9632458973608076, -2.8529285397205166, 3.493640612851025, 3.62356143911816, -2.200749815906697, 2.4016274370962334, -2.8484797932070314, -2.7823657112174236, -3.2317316135497167, 2.745991039623895, 0.9431464840735281, -3.124169232039698, -2.3495448580998954, -2.3251208439273174, 1.7248892062346064, 0.9344698871591872, 0.27723682120110127, 3.6912473341402334, -3.11981805114098, -0.08531315183578303, 3.6974375282408225, 2.781773736822985, -0.07899637075557964]",1.0103092783505154
18,"[-0.5097375285267834, 3.7601093356058426, -3.0569533903304196, 1.1193161017296545, 0.7428949868692598, 4.136719364573398, 2.1854378356996573, 0.8948612602453683, 3.142328009435281, -2.158692146130049, -2.8846470033533533, -2.933587459296988, -3.867331315173007, -0.730636074363239, -0.7288697102970847, 1.803111201620379, 3.920012376013016, -3.767772686590517, 2.420344384508308, -0.012658156676930266, -0.5928915611395589, -2.3221103472459963, 1.849418388610696, -2.480196895340498, 3.36159806254967, -3.6970478260486765, 0.7083273539649296, 3.736801297583141, -0.6733993051074645, -1.095288627616503, -2.0829678577164223, -0.8270897559348129, -2.193945295244475, -2.657862270273681, -2.7242765197937504, -1.3557520097888929, -2.531255321957602, 2.9316377144115333, -2.2267584139502024, -0.3041217766496509, -2.7829289068001923, -0.15104699409827926, -0.9465045315797875, 1.9575353410388212, 2.966351849316255, -3.7179973725831177, 1.8010479646385078, -2.424697905393692, -3.1416178650012925, -0.379153605772943, 2.6462110515570374, 1.2189357489822612, -2.609754638719253, -2.3925301571369006, -0.4682058342173905, 2.0540676582858066, 0.9610334921713218, 1.0531755203265107, 3.215555676430233, -3.5888335120547414, 1.921991162920321, 2.750505691583182, 2.8756320380068767, -0.3272470825244882]",1.0103092783505154
18,"[0.6834349693442527, 2.7351868737450853, -1.311740931922126, 1.2895628460880628, 2.990680655453894, 2.4750675755592644, 3.376912501795078, 0.1544564273201814, 1.8671265684068454, -1.5965771391944141, -1.65489566713211, 0.25434950245692867, -2.038409615014453, -2.347801841582564, -2.0203400350236445, 0.8023370108460558, 4.016587771617764, -2.3910862721065342, 3.522067878965935, -0.18776203886860057, -1.5556550531087443, -0.6483813068602613, 3.2623466819747065, -3.469299222178223, 3.1918919717748886, -3.8571938154132686, 0.6419997968180833, 2.4654625119422016, 0.22040915843973582, -0.9909455359528676, -0.23165350835802767, -2.713500095521135, -2.2827240261896553, -0.24961458906582878, -1.09875095258817, 0.11654924209030862, 1.0944310809766709, 0.3128802062070083, -1.5695786643925747, -2.5328530220942254, -0.45907118348159864, -0.34188104598705626, -0.7978131091849481, 3.5185652389990154, 2.6908107767902663, -4.303976872310173, 2.186060177707517, -0.5461862431345494, -4.298902443629394, -2.5020852092694152, 2.076909270841531, 0.7331493387810983, -3.7307314039673205, -1.666015859468246, -2.1059064093493167, 1.7578415938916139, 1.819874789025595, -2.1362264636198276, 1.6027617064023476, -3.0413461061221607, 1.6149322015486318, 3.1435354214134943, 3.287785167817736, 0.1178523587666227]",1.0103092783505154
18,"[-2.4733258218220593, 2.10107916449061, 0.042851539168411, 3.692738000001645, 3.030154398175876, 4.126669982969567, 3.1655281133821296, -0.4644821638859309, 0.7937389856876481, -2.2873869458497342, -3.8020655016212306, -1.7345439080656546, -1.7170502215307049, -1.0487293128391824, -1.606496008157029, 0.5061249557925301, 3.5357608017730056, -4.0518346743814035, 3.5765924522012735, -0.17080904437298042, -1.6293856484345466, -2.8913556624021677, 3.3033678555576422, -3.5620604808893748, 2.796385809029695, -3.9408921423225096, 0.6433895524570457, 0.49106373510879564, 2.3995925069266786, -2.681613319196072, 0.3361351362300615, -2.078395587787367, -2.341535669695243, -2.76173635608615, -2.12094615674971, 0.4702073459542231, 0.556208611399615, 1.8924680859584075, -0.9543666130256505, -2.9866762050604136, -0.06632293145573898, -0.026957947574943297, 0.3493150219460902, 3.118962951538144, 2.0895950673726675, -4.41356307688712, 1.367495772788688, 0.8454601269800714, -2.8010094292161387, 0.014120353010353748, 3.434693166842931, 2.864718817933359, -2.2361542649797883, -1.4962513786315093, -2.651630441685334, 1.9548820382578405, -1.2802950207283317, 0.7324929160284676, -0.2612805173494812, -2.173820484829759, 2.9815158895195464, 3.638133445332004, 4.225567419142291, -0.8114232120547555]",1.0103092783505154
18,"[-0.28761233671862607, 3.912604098519131, -2.9729254209533598, 1.6506030437290606, 2.9911810331329223, 4.108935344997334, 2.8396704999919224, -0.2446735638878521, 0.7684049664031697, -2.3661006262936786, -2.425056489405246, -1.6997788637153737, -3.918293709236183, -0.5322963897728443, -1.8565245809882707, -0.18081379962502925, 3.681555273385122, -2.122583116205382, 3.4378008762091494, -3.195838166740126, -0.38651073204795583, -2.8305313260923946, 1.4722565885052639, -3.7263560932157684, 3.5756281218125157, -3.6012336316851243, 0.5870981685575489, 2.1787126468131133, 1.0487922891698813, -3.6537382385676946, 0.34183526019408805, -2.433839114319936, -2.7469120947642818, -2.171113525434354, 0.4511700586855152, 1.4036039649819947, 0.37102112482154026, 1.4937289940257357, -2.95449656523548, -1.2200077528583049, 0.5331735217677259, 2.3419202650558306, 0.6274992462445075, 3.2318797765874443, 4.139069800398464, -2.7669781479576203, 1.1785742915555328, -0.37156960062490596, -1.1225232606495805, 1.7254075901393058, 2.9279522480382845, 0.5813464807279599, -2.6278748866889727, -2.5385661103661334, -2.0281217680779684, 0.16444274083902188, -2.496992002858175, -0.33756671852905157, 3.4180844093330975, -0.8583696905997145, 0.24004200555079258, 0.6455566914134745, -0.46933785633735514, -2.7164674558517605]",1.0103092783505154
19,"[-4.239365261904613, -2.44861024479994, -0.945848057501864, -2.003865517209606, 3.5405041101647843, 3.025974036804292, 1.7536016384523334, -2.766659426879607, -1.0519719071280211, -2.7250653023383142, 2.718781340509432, -1.9351120820849306, 0.7378640289741121, 0.649962559315554, 0.6858537396241301, -0.647373601314088, -0.7595291670022395, -3.554623967897574, 2.918627240629652, -2.0798117209928777, 0.017170583446435517, 2.660903344428964, -1.5552541302546847, 3.362740580967878, 1.4109153964298793, 1.4947450440971126, -0.06344976278783421, 1.5605120962182206, 2.1194823344764653, 3.4741124573502766, -2.464537943257702, 0.663034653412455, -0.7270024419298184, 0.1401147359875896, -0.7667020016806732, -3.133936136834054, 0.9154470506202979, 1.2437929898329254, 0.7355498256748383, -3.0149611816236397, 3.127296384244442, -3.4407543560968032, 0.36895100662249897, 2.795652322324674, -3.2588457354977174, -0.5352726214813435, 0.5960539904087494, 0.47240306259120146, 2.1066858567318585, 3.2023484367031383, -2.7355778691079187, 0.5889759189517884, 3.9244104310321664, 2.4901793199713245, -1.3684453278425455, -3.214999921894263, -1.9686122988995172, -2.9170719106305683, 2.069187628539904, -2.218003610737885, 0.2206048377878621, 3.8344571194601587, 1.3499186190866208, -0.37780133730148735]",1.3888888888888888
19,"[-4.248784352003251, -1.4346160392487812, 2.5300336441573528, -0.9323413085380396, 0.3324543698756961, 2.922541997529141, -1.165340671331386, -1.3862564646986653, 1.9761934928086318, 0.14753691104122318, 3.168644582025422, -3.690006327846086, 2.865515149363341, -1.3717077282444368, 1.0732219766854012, -1.6574885048175774, -0.7335872631923106, -0.2854109663619988, 2.6637269328075774, -0.2355543588011486, 1.0904987078059751, 1.0993172062494612, -1.844251958402349, -0.574683612204363, 2.210986137706755, -3.787494929342091, -0.2610678214016699, 1.8528196412581908, 2.206783957134366, 1.9241716857886875, -2.9933512751446996, 3.333341084858383, -1.065682236599307, -2.070649775983013, 2.829949027576352, -2.1617578013834144, 3.2872338569197175, 0.31547194693082714, 1.750377691836795, -2.040937609539827, 3.2348446791483876, -2.0013141765602027, 2.876835929515514, 1.6494590993083393, -1.7835417197095986, -1.5545979248220754, -3.3290907864276527, 3.2685809618769364, 1.7961353899961923, 0.6554433923088828, -2.3126191833378495, 2.0084932551398773, 3.108311685953802, 0.8831216900943875, -1.88381653341912, -3.2030210376080253, -2.54257228417512, -3.2122487562106796, 1.6324164019517857, -2.84104887541664, 2.410078943505497, 2.376218528350764, 2.389670663663601, 1.0632175910766004]",1.3888888888888888
19,"[-3.7997307372032596, -0.4176237700601829, 3.6996999401233657, -1.1487818184189365, 4.0607252555999755, -0.4877305033827648, -0.5843359182999183, -1.8147768947541951, 1.9218170871485694, 0.57082822112164, 3.084267781071678, -3.133917081563486, 2.527994708705724, -2.4958357144069616, -2.0749916015596463, -0.09353899781558117, -0.7838945807700562, 1.4540527342026115, 2.383125116392574, -1.9208815963604737, 0.23176393051127486, -0.08701427616432944, -0.8045592082756893, -1.0308547831972765, 3.336918700666988, -3.816961626794865, -0.1688173063805018, 2.0600662601850575, 1.2281269638546208, -0.49993433096613404, -1.0187050156788366, 2.4075269892649427, -1.251796537330431, -1.1336690784281258, 3.073452876065557, -3.3104349113276683, 0.8906608743683919, 1.3619960713267463, 2.960938442197848, -1.9209500199532499, 2.841002985607692, -3.341432366413115, 3.6349565601109832, 1.7321010975168323, -0.5430463270152746, -3.199968509593214, -2.511766913124449, 2.4609758439934746, 2.626157635445758, 0.9609794492684332, -1.3826122730893764, 2.4513400932627194, 2.7761861801716745, 0.8870735360208488, -2.2532547460694583, -3.791646768939631, -2.6309176374051013, -2.9246297644680435, 1.7260929006568348, -3.746456254716239, 2.0368292821337177, 2.571991681324205, 2.3861031905827694, -0.7661998483013023]",1.3888888888888888
19,"[-4.2992709956312956, 0.07489442850447603, 1.6446944970028392, -2.795610431772009, 3.9172593921514514, 3.499618621265931, 0.6728652506222209, -0.04248742735318989, 1.501411329315784, -1.3335566005870867, 3.049970098010493, -1.993912696068469, 3.4345896607296673, -3.611069359764719, -0.6353074079801053, -2.4448301478989642, -0.7627165725262359, 1.3799613505101713, 3.187255570097157, -1.4363507860298965, 1.2597581978133687, 1.37083456088445, -2.8461028765395615, -2.5451086245635066, 1.2639659670661356, -3.41550357996441, -0.1889152856848932, 2.667756071860638, 1.535554731071733, -1.090576511226081, -4.125034975088907, 1.6491075406928164, -1.1848335182735257, -2.815293277475098, 3.22054231891391, -3.8642064013239015, 2.3667324124079197, 0.6720980465461601, 3.1696797219685173, -2.5636902112066973, 1.7204907538156018, -1.7780859661317572, 2.9423505017183755, 2.737189069754659, 1.1444295285023498, -2.1651318244054867, -3.5261001448833067, 3.453620100009641, 2.600015853765119, -0.05772618153980935, -2.7731147341059392, 1.2107475706423048, 3.109450053968193, -0.9185211782489562, -1.0587927336212704, -2.745021169179598, -2.897279687817315, -2.166802903255372, -0.3129294509780227, -3.4879675903615652, 0.6575159442781402, 3.4392905524643753, 4.070865679423069, -0.32015254981433194]",1.3888888888888888
19,"[-3.9317299704684494, -1.3839404496501735, 2.493653475795412, -2.2129503274434907, 3.313350155952564, 3.6126535444177934, -0.04334644788298814, -1.9639940419346464, 2.780248211474796, 1.341408228521253, 1.2509701591431504, -3.7122945641227036, 1.300136808099655, -2.0687407343398974, -0.5429859126423747, -0.8491525144183913, -0.38484924307579504, -0.7246077022069943, 2.762506593567452, -1.8091638255029927, 1.6723056291929403, 1.2321207615581085, -0.8129978392851265, 0.42579566599992513, 3.5594008677711213, -3.363263623633174, 0.17131914293671757, -0.2058871236465878, 0.5913934941592542, -0.007357757269723542, 0.5653092903128996, 2.92352572861125, -3.362643375006355, -1.979810791495084, 2.8369871478494972, -2.833007315632389, 3.4564394543621746, 1.6032781591424643, 2.4196566864022664, -1.431063558747993, 2.122984154991722, -3.6181518174793865, 4.08535156905015, 0.5719120740944472, 0.142165697252432, -3.8697855728927273, -2.6384501210112443, 1.0942517033878758, -0.366244308230502, 2.7247434804209476, -1.9811205367332434, 2.19165501977939, 2.5713413793145103, 1.6565015640781653, 0.01166914849646794, -2.7749403090126123, -2.1164335884248877, -2.967579244998245, 0.15030934771717955, -1.6409256110788366, 1.0363198720373945, 2.2581657915322513, 1.4931360294678975, -2.3293777095359154]",1.1538461538461537
19,"[-3.888670914867094, 0.5538351150415407, 3.724345125410575, -0.8036019608811765, 3.6421280991490117, 2.084503999422004, -0.8330061501315377, -0.5060057246027504, 1.926505811966665, 0.5925099031181438, 3.054902812020619, -3.6334966944401765, 1.5705541089759034, -1.9112678734093875, -0.23533082493156443, -0.27098657962196904, -0.4007260888696105, 0.12473548508817753, 3.1695308536497704, -1.7720309289603053, 2.176596626401387, 1.8052394833029335, -2.2068804653199834, 0.7412193266855907, 3.0881821759209895, -3.90997319754365, 0.23115930826990871, 1.0975882851015817, 1.1648526641463517, 0.10762395307820227, -1.6285151087198821, 2.9105481985567305, -1.506991159027582, -2.709879797053649, 2.986559670999438, -3.8325823147672304, -0.3866511079868218, 1.913928227312963, 3.7655595420134227, -2.2868291921490083, 1.7462107220024952, -1.769640383922358, 3.3592146063764297, 2.9781319176282874, -0.7079883624164804, -3.9933121983925104, -3.5177494973565624, 1.6568223271358693, 1.7754801636794841, -0.040971603953014135, -2.6230595956742335, 2.0811468247434046, 4.077042082772388, 4.0059984979466865, 2.070507176618776, -2.3271456134451496, -2.642417946518607, -3.139891677715472, 1.4598416989629388, -1.969102693837105, 1.8846717562264177, 1.4318617284282193, 3.123789832664688, -0.7652924420109913]",1.1538461538461537
19,"[-3.2311202379405093, 2.9396907011531255, 3.316619845603546, -0.5579552566508167, 3.936023101590969, 0.04986768301898681, -0.3828163666574068, -1.1005169895764153, 1.9019615288267366, -1.4428003562145584, 2.199093589908273, -2.8410902306390056, 2.2024822866710863, -2.1078754706197698, -2.4430503244987736, -2.866476064063378, -0.4164877076130471, 0.5309465552478533, 1.9382111156312025, -1.8344751421210452, 0.6310151176488944, -0.26210468505418394, -3.396851385363632, -1.090150089691086, 3.4093022704940745, -3.8163385335010016, 0.2706265261294839, 1.4278774520322932, 2.552665727543845, -0.08610845538973505, -1.2211051886576787, 2.1860812057823815, -3.0669307092481786, -0.3001812242421582, 1.3957065622222753, -2.1729890590804875, 2.126692988731481, 0.22628155539224415, 3.028781924283719, -2.497835003531259, 1.5162866188801967, -1.4684172397507131, 4.152990058327291, 0.9816457350712151, -2.751293750297487, -2.485077306907442, -3.9242396016976175, 0.6590299246550528, 0.7673002347090948, 1.5948655209819336, -2.602809441812947, -0.7181416026700189, 2.2105393174707437, 2.4640281716471275, 0.1710348368812326, -3.759480264217574, -2.8306843225976785, -2.275574316057382, 1.4784971599656342, -3.2054382305134848, 3.0655943044978313, 1.889547463348475, 3.788514461126174, -1.8810787237081015]",1.1538461538461537
19,"[-4.156219116511871, -0.8069119197480599, 1.2564094218483177, -2.7826215236665983, 3.7944803787830295, 3.5999140371228124, 3.29981351633083, -0.8469752088126129, 1.8199891471186662, -1.26591322733262, 3.0496591897510226, -2.945206322715511, 2.100761508484883, -2.9611683123295673, -0.48477016395980577, -0.009009772520442771, 1.2740854738461296, -0.11149377151161405, 1.3296225838328313, -2.7856151050572304, 2.649196372836674, 1.9420520384733702, -0.7783911828434135, 0.6351740873321936, 3.1192797638385024, -3.7520535874044847, -0.016931169632641963, 0.10211216642533016, 0.8150667961876593, 0.8577274227347489, -2.290529083910762, 3.039744496454052, -3.226638884398708, -1.240678530596238, 3.56607984211915, -3.8703502877136073, 0.7511665127177085, 2.931980447483566, 1.0900160814993447, -2.0871812066039475, 3.653969913420096, -1.800533969910242, 3.343651961267665, 3.500279619570771, 0.3413700423287971, -4.463931439964706, -3.5601941102065986, 0.7789127732301814, 2.181911355466417, 0.6314719061606529, -2.75520915101492, 1.832666331117191, 3.658130457440709, 1.858682894292284, -0.1321321712557147, -3.86701304132284, -0.9736337061812745, -2.4932052455030598, 0.8460753181980015, -3.3397603324992176, 2.4740670198527015, 0.8715177429062533, 3.8018529192791464, -0.5780441932603335]",1.0344827586206897
19,"[-4.073567666987547, -1.614113408427376, 2.861514190407077, -2.4159568275481265, 3.965913310182215, 2.4421865312751496, -0.03788880187344022, -0.4575656058789954, 1.136294962867307, -2.2835919329215675, 1.7826882361028478, -3.34512883925488, 3.0250990261978226, -2.375325102832552, -0.9042862203431796, -1.7995787290983667, 1.3349247171786, -0.6106893184010966, 3.1741714909249628, 0.21022950593894096, 0.24002356635612876, 1.960079343014204, -0.7808651346874792, -0.14230043218813804, 3.563807232974113, -2.5418465643687354, -0.08220626746741311, 1.1910214864948117, -0.06176972692487581, -0.11496115716264566, 0.526180810780067, 2.8601507527019714, -1.922429645505297, -2.210829348158298, 3.620709101811836, -3.880765556472785, 2.52970593838542, -0.058603520357481065, -0.17031359174628857, -1.5731953966375998, 3.6009673171817984, -4.1422688237763685, 3.651524214720495, 1.7815642746984857, -1.1781578297965414, -3.03977384837939, -2.926933823136544, 3.6716686546744164, 0.7840250407330946, 2.0154175087274755, -2.766488185366262, 2.8645076434395564, 2.894001543576289, 0.5395114907271017, -1.7841263628793915, -1.4707425738362385, -2.626575132603892, -3.566117286836759, 2.3250545165785264, -3.2715732609753188, 3.0357802159059526, 1.4686916630575615, 2.966154491127624, -1.1414568775427822]",1.0327868852459017
19,"[-4.049956853555804, -1.1045638964122149, 2.8902989239376513, -2.3594960545845445, 3.5885432150661187, 1.8730335031763015, -2.2378670113478196, -0.856051580484448, 3.156640722889637, 1.9792248232800425, 2.9404881215283445, -3.4761615116091837, 0.6862150224873705, -1.074984222344703, -0.29109630630001543, 0.038747994490857085, 1.4137156482415698, 1.1393604229614456, 3.65597017091506, 0.3846545725778905, 2.7959664445319845, 2.1528421609951556, -1.71303285675141, 1.5650999846849056, 3.743092415535954, -3.227322518333093, -0.01613548388535202, 2.343465784447554, 2.462222278900661, 1.6697780842136263, 0.16435430422500555, 2.506051900149508, -3.11087506344122, -1.4051058636754477, 2.6369508874337333, -3.8007536590743993, 2.8242248272052812, 0.3528774660611028, 3.5730687299617716, -3.4960789398450762, 1.3554031045828292, -2.1242243489655146, 2.8470900850795413, 0.10433937993317777, -2.2144492029311946, -3.1965179437177906, -1.0951712320779545, 3.034723803504919, 1.8041602264046146, 3.6250220648927907, -2.742866045821724, 1.5325894588121804, 1.2484319540558881, 1.1205882898589405, 0.33304314550097747, -3.658751687524717, -2.666941393906104, -3.0184426976320498, 0.7367576331316904, -3.0720293163456107, 2.928433222034715, 2.9732115054474355, 2.004131217938064, -1.632371303619625]",1.032258064516129
19,"[-3.3073186031394153, 0.20553062761465246, 3.7048330400573226, -1.217453397764117, 2.9141642568435646, 3.004025672767238, 1.0867626114896316, -0.8909944746177709, 1.9883397863276882, 0.46158233106800217, 2.8687577981075236, -3.4245013653592773, 3.334186150980807, -3.2799279273395774, -1.8580616763366575, -0.8988767377948541, 1.4067194244468904, 0.44570030247094217, 2.98163133030746, 0.3594269570190316, 2.4792926369090305, 0.5791807118964697, -3.504939401279121, -0.9079776261844812, 3.5878692357921023, -3.3663502436878545, -0.008799021461247503, 2.0041249708855866, 0.9115487768443122, 0.44144861192753415, -0.899043854240936, 2.3787636599755113, -1.1942923263308638, -0.8426119513826931, 3.5055839875872175, -2.646854004540928, 3.2324594742651813, 0.2672564484580211, 2.097874921171745, -3.0963693929519898, 3.9127867002136014, -2.9687882814541315, 3.2225029112927626, 3.416113171742847, -1.7437740755412812, -2.86158990632556, -2.7958493758427405, 2.592407256083176, 0.4580949585782359, 1.1556749939725854, -1.7823721974368443, 1.5416623549930213, 2.731515201973751, 1.2872129249261723, 0.33643208129369584, -3.4379133080551156, -0.6513220434089164, -3.489697029677204, -0.9944760299848411, -3.7739286984268534, 2.896405334802987, 2.4062549933068507, 4.04726958332223, 0.11064105327195006]",1.03125
19,"[-4.5044817356959275, 1.7615704346149719, 2.938954051188024, -2.6176236973201696, 3.745446376182078, 1.3322705946929, 0.3723198552890238, -1.3009180952018788, 2.1542182809885175, -1.2373552579028961, 1.999731091082996, -3.726515103759753, 3.4320975490518393, -3.042289506170362, -1.8336267607330572, 1.3459476589447104, 1.3872115000495926, 0.3256308862664906, 2.5122807825375837, -2.3466933389708475, 2.9804435885792175, 3.248168716012115, -3.4773504395665413, -0.9068496334873282, 3.6647273487059566, -3.9563072757266338, 0.051467715681521975, 3.8275923857010166, 0.5033500664335995, 1.3705045583717128, 0.5510676269215411, 3.5973435968482956, -1.377540891371611, -2.0304554847073844, 3.2130843575327903, -3.3519423146961898, 1.8982624022682462, 1.456675450846824, 2.8547413516441376, -2.4041739510166558, 2.9564354729566977, -1.7007006221831418, 1.4091940711606994, 0.9047480230762015, -0.7397585000709992, -3.7684759292649703, -1.149750086151326, 2.694039671109038, 1.9884358048746111, 1.4775790347601538, -1.491036250988064, 0.7411172607166443, 2.3782981772791487, 3.4838969064946945, 0.7070007431540273, -3.9222340046938133, -1.8035160020747152, -2.6274498391906715, 0.8459579813055347, -2.140138893365087, 2.760889770274155, 2.6866571780140855, 2.99966259530195, -0.5838249532934459]",1.0307692307692307
19,"[-4.357338259241938, -0.6674423788686892, 1.5042990693544476, -1.77539541201813, 4.132728305930906, 2.4670993512298356, 1.92417576680832, -1.242266841987801, 1.7447892883173304, -0.3735835679087056, 3.3587832737576067, -2.296207594590965, 1.7646168951350971, -3.4910390546999572, -0.8837078708029807, -1.757169520613755, 1.3442709912730093, -0.5635126355003476, 2.979048650245319, -1.6204692918259453, 0.9492640004560758, -0.20457037432830938, -0.450661334568069, 0.06584141834021262, 3.018478394957822, -3.9168149784275044, -0.009321379069617886, 3.0541200701963707, 1.0472937664490645, 0.3534218440221931, 0.1297224830213075, 3.4956745072726756, -3.047412895589713, -2.6165021475040477, 2.2882520155011856, -3.8700866477859903, 1.570882737970527, 0.018689580634846603, 4.38617247601486, -0.7022615953129484, 3.475416853324608, -1.9342313327053184, 3.307048033423941, 1.4956278014852347, -1.1914076558073843, -3.102393154349105, -0.7046704240437882, 1.1833322135713948, 0.5580311543924237, 2.9396698053898573, -2.210495603746062, -0.5995463832395436, 2.696783167436248, 1.0522075891941733, -1.0103100372100218, -3.990379157174714, -2.3286675195377176, -3.960190822674425, 0.004849485771514783, -3.741205920193364, 3.030501588743784, 2.145049523207707, 3.1067929786768627, -1.212177439392966]",1.0196078431372548
19,"[-4.295457201854208, -0.642021520426017, 3.880055739636827, -1.7490413815574102, 3.43264257165659, 2.240713371516474, 0.6214503976749666, -2.803179990104094, 2.98107898639706, -0.036153702874372445, 2.3780343932904087, -3.4974881004394778, 2.5329149852430644, -2.0164926911949217, -0.9245080294486697, -0.8021134884414038, 1.3464816434096054, -3.3283020540789314, 3.68090583237336, -1.6262820236572897, 2.001590472311569, 3.048372219147816, -0.3365057452908409, -0.14305228454879187, 2.8680913711980587, -3.2378090035515568, -0.03432208494162137, 2.1744519372769995, 3.391281827506366, 0.6556636159630311, -1.847835558751344, 2.4276341119307068, -2.255923680046474, -2.82884816812771, 2.8106208890055515, -3.851703848967539, 1.8887115903175646, 1.7966956412499462, 1.6256289592227182, -2.466355659307656, 3.2128525902963583, -1.6326636955780778, 1.615556691853226, 1.499641393061344, -0.3183085469324535, -2.0275843332137495, -2.103626947988182, 2.5148525529207797, 0.1997525745567692, 2.1715170863566153, -1.769613060055982, 2.620117914204621, 1.555529965853754, 2.189492660938532, -0.6478148017083833, -3.328306447898261, -1.6667419566190373, -2.6508838613229315, 1.1051654440064944, -3.0664504574994464, 1.9185756738521282, 1.3427825176876345, 3.003763692414726, -1.142460239447235]",1.018181818181818
19,"[-4.487019684825086, -1.5099650890836873, 1.6828488796549654, -2.192585850734991, 3.0984749213054292, 1.2051213003845918, -0.5875320006856863, -0.41281701096294876, 1.191170366403296, 0.11785086058415678, 3.1478545970170986, -3.4511436402638456, 2.6782875015848187, -2.178685556708391, -0.8582650472990963, 0.4633009672948116, 1.4831731763511815, -0.44885259822128565, 3.1268374221880166, -3.1519798759955595, 2.1472026734704865, -1.176597794893155, -1.7695750175720903, -1.2425549029635845, 2.726170502018507, -3.0398723718129785, 0.05826704729585641, 1.7707086341574128, 0.5256766738853487, -0.8277231484241347, -0.98231595958779, 3.3261005563349384, -1.753092849944973, -0.9185084809693626, 3.2076197412020258, -3.8711830348519465, 2.3763798546878765, 1.8762763762103325, 4.117653991174569, -1.9987138258126453, 0.799837274522295, -1.8663456104942635, 4.143874278996139, 1.7244226915412175, -0.8597667836218664, -2.9896021672361073, -1.787708436834596, 2.225088651640281, 1.1531540877804127, 1.9948291525930941, -2.392416851197292, 1.6632130176623692, 1.8321857612275825, 2.26179535296745, -0.7085363323829423, -3.4613717112770632, -1.9136702056006083, -3.1211156866240275, -1.4087790314274782, -3.737229603935819, 2.5197768169895345, 2.60261200535538, 3.0824165223200057, -2.0426906639017144]",1.0166666666666666
19,"[-2.9329223072287935, -1.275949130817138, 2.706829109720069, -1.6113486397221726, 3.3876197640404877, 3.6959285857838067, -0.3156570905336009, -0.727976594847368, 2.712427257362404, 0.7310599072364764, 2.0925271276139306, -2.5227746878933512, 0.9153293186638953, -3.200118654595244, -1.5725906024911187, -1.1177962636592653, 1.3044001260510663, 2.4298399409626548, 2.876018188267348, -2.4056351652899215, 0.6640003383000124, 4.208282580445705, -0.8161705552762595, 0.7406720609470803, 3.7030428758698903, -1.967055336218226, 0.06801803677798368, 0.7930240985477868, -0.3237367502006374, 1.6956537543448869, -1.5020787886724458, 2.6991751988200177, -3.156455037894471, -0.5827757146332075, 1.7953130649041504, -3.255314929127303, 3.240584368917204, -0.4238019029304372, 1.9680064478035364, -0.43421215801854895, 2.4276913642589197, -1.5840686200914802, 4.08820791947957, 3.5250849908454227, -1.01528853735093, -3.1280720440778516, -3.2626606363085773, 3.936073725128925, 2.415767375157285, 1.0084839595331403, -1.8142197016627772, -0.08993327677098462, 3.8701371470434256, 2.276570762197183, -0.4710817607309399, -3.948754421489626, -1.77460307546967, -1.7580696176097805, 0.19051750142221474, -3.3659343598831137, 2.9482639643124338, 1.2389924078492427, 2.3516873714036297, -2.226755335561079]",1.0166666666666666
19,"[-3.435309607754176, -1.2904387099656447, -0.6537667753949623, -2.830631299815092, 4.1146346168559464, 3.8430670987613844, -0.5990613140556804, -1.390883690071428, 1.9752874802450904, -0.5910502951859206, 2.928012768096141, -2.115722923449801, 1.5041201033081932, -1.108539450128118, 0.8164686811826598, -3.7064065587090966, 3.421396531675863, 0.37467397110768563, 3.066750477763818, -3.065894055874715, 1.9266586099528604, 1.970681542268342, -2.646713100245787, 1.629956567500889, 2.4183860446950844, -3.9230372948919308, 0.3246734887727908, 1.4434258637280848, -0.6696491380674499, -0.4139087511785392, -0.23512445133429782, 3.394977442699701, -1.1628648996776971, -2.730082413647255, 0.8203958620465497, -3.7561717632524907, 2.2420518608916216, 1.6530848415886652, 1.940622981635556, -3.485216455746236, 3.0286990161987055, -1.7077568399273826, 2.5961671577700622, 0.7420941318332819, -0.6421007391149037, -4.309945170198304, -1.4174287579002176, 3.475326610278276, 2.2755193445898696, 2.0846730857173874, -2.7743759601141713, -0.17868954586479208, 2.943330109119149, 2.7464668539872887, -2.7137679134922137, -3.598564514631108, -2.5786684613871045, -3.736126686411919, -0.5117685264710313, -3.783990070582839, 2.572497933263342, 1.6563028146171501, 2.3159855597933587, -0.5585862147935607]",1.0103092783505154
19,"[-4.291576665516192, -0.6912956709649356, 3.872824021442242, -2.462394789024665, 2.647283427525855, 2.3583045970814704, -1.8836079996408732, -1.6010717591943344, 1.2608219808105878, 0.42387850970322216, 3.4707535225424477, -3.6590197591207274, 0.47727390549796045, -3.6955517889697362, -2.5528519144287976, -0.5372733398043247, 2.8384643048139706, -0.46737402921557153, 3.098291176516131, -2.0264159931778747, 3.0557705144043776, -1.5499133847786026, -1.9465373559145842, -1.181127791598371, 3.6068761175637323, -3.7033286866843804, 0.4092016672777309, 3.7753651552704732, -0.9981526796204387, 0.2998538781217025, -1.580341889305214, 4.032699953364471, -1.789853552085002, -2.6003532712950843, 2.3387322155031383, -3.2552429242205623, 2.19070166640138, 0.7025317551199013, 4.23112898599172, -2.5960446504016628, 4.017032695827195, -2.2243330170817894, 3.3292611174537834, -0.15802731483295185, -1.5104467223677227, -2.9335273250809086, -1.9583110074397723, 2.498583455059679, 0.4065431005032445, 2.0229746132496853, -2.449049001189831, 0.22221940642901306, 2.032392203227141, 3.3233667983787463, 0.05676692819814344, -2.0015926673742497, -1.2716655794521081, -3.440334118142289, -0.5047647498074859, -3.254235900808511, 2.3334898050036967, 2.4706793137397, 3.8127800360240913, -2.0713809058277475]",1.0103092783505154
19,"[-2.138626610509675, -0.5691393302474451, 1.9404927566027395, -0.6723756726939114, 1.910351554377372, 2.0531804764228117, 0.1356861139799994, -1.2832044102681786, -2.167861188695109, 1.5331616303127207, 1.9563554318021346, -3.6687569744049506, 0.9132713779987817, -2.1625248546159033, -1.4941119065127728, -3.1187597117964776, 3.6421429728877435, 1.7355211149000587, 3.609310269386381, -1.5615369646441666, 0.11783742061480496, 2.6578739350335283, -1.0057789420717373, 2.5257156416052755, 2.0287618376341854, -0.6692424336006146, 0.43781294207819843, -0.2420765574046415, -1.7102511225830925, -3.19108025931751, -0.787498635386364, -0.22390355857983657, -3.201351512052402, -3.049746878387704, 3.1522644217978, -3.842200255551795, 1.634369362030184, 1.7879926300142985, 3.6295425745743977, -2.6799904478200407, 2.829282380024648, -0.22734193037624761, 3.5757345766027706, 1.6220501119471775, 1.3572725137333166, -2.4990387270685575, 2.724264701278575, 2.2018905952502164, 1.956756767889996, 1.534412589678662, 0.07410701546540377, 0.8734846224951927, 3.100096381644274, -0.1931562687761772, 1.8956962851114563, -2.848978135318573, -2.6407744573882868, -1.4638552492055226, 1.4292642163940923, -2.2815278869400153, 2.2973580322771476, 3.7905551292919166, 2.891793393318096, -0.03083282825642053]",1.0103092783505154
19,"[-4.060233705255865, -0.23784427925949334, 3.0626857124132854, 0.3157838365099104, 3.929195881393596, 1.1297617279951164, -0.591813024756358, -2.7769290958761075, 0.3998840594128015, -2.1651252732836537, 1.4216855562537218, -3.5145957777578634, 0.8154950004734214, -0.5694432820840356, -1.1739802379957085, -1.882778700280877, 3.8534042003972084, -0.4506786411595676, 3.6369229213846115, 1.4746091087629687, -0.36321153938207207, -0.43697397059227616, -1.9240477722689495, -1.3285712536064338, 3.6651580571848466, -3.9052312030341434, 0.34715805359458485, 1.6796635353724931, 3.1647948961042003, -2.7262386524458107, -1.3315451213031388, 4.23834626784842, -1.855792200068479, -1.6171151805600532, 3.3362642833950447, -3.430902789243258, 3.0763922731654145, 2.3888209757409795, 3.1227661496173598, -1.4976919882303084, 2.193587966554367, -0.34644218766882684, 3.900221463044087, 3.490317385852938, -0.8739232126534595, -1.4239719723824065, -0.16630957752974518, 3.3181642044383497, 0.08375115193601257, 2.7715503495377862, -1.9051685670152534, 0.4124442773734409, 2.6522270862227892, -0.2748082854754057, -1.4922157579310615, -3.754299366580355, -0.59476559209681, -2.1796604248959124, -0.2806674801101212, -3.6342398697521796, 3.0079624714058366, 3.3137085302009712, 4.037313271610355, -0.8024997830183694]",1.0103092783505154
19,"[-3.1633685108328775, -2.158001645952596, 2.654504100791725, -2.103176936174338, 3.3352247646049213, 0.43854498996431257, -1.1814271096814701, -3.601868521459841, 1.7599562687812655, -1.5465004131636968, 3.9305238210286007, -2.7020243701166837, 1.6194929625822052, -1.4369510134953594, -2.0144651008782226, -0.7157804592929035, 3.532552222957082, 3.0920676968183773, 0.279091120075996, -1.0750912991642367, -0.10370239813542148, 1.3210219398387006, -1.2981182649252885, -0.12000102331433327, 3.310681045163152, -3.008250978205467, 0.2565793096738055, 1.5569834153162085, -0.05290680973538464, -0.09940667052218444, -3.2090624022192173, 3.0523501911113113, -2.799339383171269, 0.5718709065566263, 3.5188716099508106, -3.006536130254766, 3.366155704525827, 2.4425317767930563, 2.074771367515434, -1.2066463122728834, 0.8435817936600174, -1.9454894507916491, 3.161727357951114, -0.36676599346941585, -0.10751978451626876, -2.535816791260946, -1.8424019171682067, 2.5020063256926006, 2.518662929158533, 2.256063187589538, -1.5801784805704888, 3.2637598522264146, 2.7145770810911003, 3.865986189125265, -1.2299727544701538, -2.564575258830193, -1.7484460329785678, -3.7611104317079547, 3.4299802378126127, -2.708019970209047, 1.6025922039239906, 1.3981788889582898, 4.062649560641785, -0.6603531829003833]",1.0103092783505154
19,"[-2.8328770922174407, 2.2260374964137735, 2.7829697280951637, 0.633099833948764, 1.4047779999710173, 2.1686489629174694, 0.44129114786668533, -1.2099905124661416, 3.157056035331637, -1.6578178417749725, 1.8135864124525187, -3.7099585016573555, 3.4730425070121957, -1.776158231474345, -2.3856083666080794, -0.40630024701826306, 2.7776419283906293, -0.6836417440035913, 2.3024522262078753, -2.3353850637415805, 1.879603621935422, -0.7137058688016642, 0.01815749869984895, -0.5841670981249977, 2.249265498776319, -3.680959169817944, 0.37404374896797615, 2.8373272975481227, 0.7591644981322127, -0.20927375967357098, -1.7625304961612573, 2.441049577283091, -1.4198213227836243, -2.4164350642922763, 3.2243756542059026, -3.803618414821336, 1.9134348205639418, 0.6001809853590393, 3.7114731882968806, -2.387188651812032, 2.4135903829066363, -2.697504625726009, 4.014651305625306, 2.378474378594687, -1.589586382057772, -2.5364156000714604, -3.648450394467887, 1.9048583827931718, 0.9689825678091356, 3.5902124423495048, -0.03619287247596814, 3.2597275910831436, 3.3677682223289804, 1.338966991130234, -2.7232774474949593, -3.953056017324307, -2.6210367384447135, -2.401082945602895, 0.7874395183904377, -3.5724912725720985, 1.9746711525296181, 1.3892341266177275, 4.058189481263976, -2.7272484161337514]",1.0103092783505154
19,"[-2.7214820990159003, -1.3299341440252184, 3.8018096713298983, -0.21541065035526036, 1.8657530198554333, 1.987996445192823, -0.9643720459336836, 0.3602485641184343, 2.0692643235735266, -1.3651123420150308, 3.4907380448720806, -3.01081007252123, 0.9711222738982321, -3.0983400315138896, -2.5796047835907765, -0.6157143517587856, 3.1874411241119924, -2.1155899498643667, 1.1755225479089553, -1.7092444263553626, 1.9867284829687073, 3.006764788229569, -1.0424466252294986, 0.9795828478224435, 2.6205965475008863, -2.1620021393652875, 0.432416774074451, 1.1448342071329367, 1.8588386702650457, -1.215277466318034, -1.5297093292199064, 2.2856753591346495, -1.7769041110578487, -2.8021593835757894, 2.7118000574228187, -3.029333844802183, 3.3453251855726656, 2.944868974286109, 3.969289774944394, -2.415312185652815, 2.7740855561400757, -3.908104636068268, 3.8491879766867614, 2.3569043862162067, -2.8269700976318166, -4.606007653699737, -3.6438690462035233, 2.2746335126816337, 0.6036637734955328, 2.324778239082711, -2.5889744970350685, 0.4289807641341683, 2.8106157665617406, 0.7961733603988129, 0.6931271449624451, -2.610036637928731, -2.6163274198672233, -2.649817309910053, 0.07550477024508032, -3.3379876635028474, 1.7888182025652073, 2.6350111661698428, 3.94631110072591, 0.7834012115292934]",1.0103092783505154
19,"[-3.718824417518052, -1.658988410888301, 3.263664766897034, -1.6760514386529364, 2.8154441084756874, 1.010584462149146, 0.028092423585474147, -1.658964457514526, 3.1790683064227268, -0.351513151770591, 3.035594118011531, -3.5313375279768584, 3.263065355561017, -1.6654239647091793, -1.181841547795748, -0.7453277720974549, 3.2173938704088876, -0.8130732809109176, 2.6842202608027566, -0.36312929240999026, 0.028174446191339353, 0.8966442362655078, -1.2760984985699806, -0.44868653450253937, 3.247045287816629, -3.0861865593850464, 0.256605315615138, 1.4712475216429532, -0.01590211312178602, 0.3754555216061584, 1.077344911361185, 1.6669098997741831, -1.911260488020217, -2.921627632954648, 2.7687062865595857, -3.3905466610886643, 2.9940332305858046, 0.47824209534311735, 1.2014751375829753, -3.1198623879597447, 3.923717872830397, -2.886725798411871, 3.9895040475550108, 0.9829751233556288, -1.1962498435061704, -0.9575894725593432, -3.6884459918603825, 2.5291741624826614, 2.6125864632750964, 2.620579649184448, -2.0028846482578633, 2.874357525508252, 2.534745802811953, 1.6058646670116585, -1.5202798694763247, -3.998732481401117, -0.5957111394822456, -2.9167198254279496, 0.9648013487633644, -1.5039465150986175, 2.086117656030734, 3.5298735083329777, 3.5452996460437145, -1.3764803282928006]",1.0103092783505154
19,"[-3.3321904098515502, -1.676049492735729, 3.0969458396988934, -0.4882124926477993, 1.1578126185038395, 3.36652483963845, -1.4393397795460179, -1.0549091922182827, 3.211020123338341, -2.197746630506589, 3.313856279760978, -2.728151557387574, 1.1334683242926715, -3.3116070734774974, 0.6436667163332662, -0.19692031325553866, 3.6226838836558235, 0.9771505508590914, 3.675341500492735, -3.160627268478878, 0.14269048160581999, 1.9246942859989102, -2.619350994823832, -2.419567956052564, 3.7312515705892655, -2.398285915544016, 0.2715010809081724, 1.1655003326221889, -0.014392631996122507, -0.896584973277486, -0.9090763578326618, 1.6322074970238112, -1.0489046970788927, -1.4539234876779399, 3.5612761263752537, -2.887871434773186, 2.0841533346566625, 2.424690203803957, 2.0859805819778763, -2.337641773307773, 1.0169457802493238, -1.7902583471104696, 3.0904933971638555, 1.961672837690676, -0.7125352588297975, -4.372594708402916, -3.406332010309683, 1.0798746471227716, 2.133799141210584, 3.6746378789807825, -1.2435231432296332, 1.4909007007656685, 0.6525577556624578, -0.004518848052176283, 0.8704818087263196, -3.4254042665630138, -0.8547528165608995, -3.027951481366835, -0.7598810836952055, -3.329304806138886, 2.3167290333029387, 3.799651130761519, 4.2515451196056935, -0.8622083873008443]",1.0103092783505154
