Run Index,Point,Objective Value
6,"[-3.383577624643273, 2.2079409085563557, 2.678330561802957, 0.7854469272608623, 1.8771144743763122, -1.5880386386920644, -0.11896797691313266, 4.317449248285076, 0.7424269545500775, 2.36700298608907, -3.271518187878355, -0.6966691384417979, 2.9925228587400206, -0.6892173259107981, 3.7236256045980136, -1.634933613046988, 0.6066313623098655, -3.6677265399276724, 2.1658924722280126, 1.8081865944708646, 1.5486796216061731, 1.0715685678616418, 0.5217684275732655, -3.5131849075409107, 3.570272724294806, 2.8334127531021718, -0.027247182633013012, 4.187907511263508, 1.5874546085652756, 1.3923579515339144, -3.1342049125592712, 0.23660219506810254, 1.9785065547822482, 0.679612518929202, 3.1809712617354746, -0.4882117183233995, -2.5245793526112332, -1.7712165724625684, 4.404921330729161, -1.4964540359900342, -4.201335431035176, -0.0949150208377117, -2.882990321454926, 1.486095374496454, -0.4713010602948744, 0.8704850059705543, -1.5115011176204718, -1.5134797428125986, -4.295865714801461, -3.3417071374382834, -0.16297434454715426, 0.18309749454843027, 1.4524490163326365, -1.1296584747747707, 3.4013447746744077, 3.48893258897972, 2.3507638727808513, -2.8773768056657634, 0.38451745303908963, -3.7407285805565333, -0.8502948744337662, 2.4938663256328084, -2.82971779334859, 0.8294755867894834]",0.96875
6,"[-2.871453553347904, 2.392169180953395, 2.6137769080557325, 1.6692693142126749, 0.250234123447278, -0.45870948990074156, 1.4643361045985597, 4.617488149276889, -2.9173819621578847, 1.5930674311127708, -2.3976101683279887, -0.799366100281446, 2.0741451315320107, 0.6200001421526208, 3.0324328043320823, -0.9061794715296863, 0.5148752208170948, -1.4967980768706175, 1.1402226820114825, 2.4011121717223567, 0.7742030953201887, -1.1558611275670834, 0.5530728555233475, -1.270221648246776, 2.4370915343988067, 2.4570214960388377, -0.0380129525130255, 3.998154230175812, 2.971738807087516, 2.1652594649594854, -4.089986451056042, -0.16205721542455848, 0.43794163276107456, 0.04904403861326778, 2.0324009825438836, 1.020745615867797, -1.981130986136855, -3.2009811474811745, 4.407305873567148, -1.656810222642445, -2.931096861692125, -1.002283149311635, -2.4577004301477987, -0.052487536758658804, 0.05515814794854679, -0.19285546494697658, -2.565847459803761, -1.9820432360624203, -4.127901261638141, -3.0694465639862027, 0.5704179094309431, 3.2372499069365395, 2.9906679538452394, -2.6238730373715358, 2.8313991450003644, 2.668591123304074, 3.304135725867855, -2.347243892384718, 1.2833690739318542, -3.6912039927615843, 0.4369495698653779, 3.7576947131780325, -1.5098483130996334, 2.4419854465551953]",0.96875
6,"[-4.011880428871039, 1.485154366916838, 2.074630950927169, 0.8245253306132326, 2.795906001868487, -0.1208121270848459, -1.2256105075026458, 3.412917309730121, 2.7407098630564013, 2.442153844238992, -4.257559473577689, -2.077428997797564, 2.786833844590375, -3.386526688802552, 2.275959885502879, -1.6227602882744425, 0.5296226947740527, -1.3934211716422102, 3.692737172049035, 0.6217154051264677, 3.2887817278752247, 1.8051515725618168, 1.7805764251434442, -2.822884102365299, 3.386160940726138, 2.7390247014847042, -0.2511717893022145, 1.673773764867784, 1.524745809024499, 2.1808322726312084, -4.132296961255249, -0.6159496299060895, -0.6086793214088545, 1.7157305734451314, 3.5389112640279197, -0.8158031512916353, -0.8162969183668745, -1.6014648252597925, 4.411155424348415, -3.1592026408752334, -3.3556014822091207, 1.0093326372106297, 0.03424001055260284, 1.2473096905896501, 0.9110620553715825, -0.42752909924117183, -3.9238084265814943, -0.01785237004158735, -4.121387636554284, -2.241340510020023, 0.24102228189493746, 0.5326504604428696, 0.5044924815846643, -0.3365789047906034, 3.2231533923361235, 2.650019178762492, 2.2814854381968384, -1.3524802252342312, 1.0695699524447964, -1.4961036501368397, -0.9738745454059354, 3.521324960431125, -3.146017441067743, 1.5357921788439397]",0.96875
6,"[-0.446539326524678, 0.8597894149390606, 1.180517128980135, -0.2500862310527492, 4.003518000702978, -2.086351698991939, 3.3101956878426106, 4.5301694566651864, 0.02813302433120385, 1.7881850513569755, -3.9806068053435495, 1.3764154358852096, 3.0629408171836854, 0.23129580377682557, 2.742304348039675, -3.8523344586186776, 0.6620702913378569, -2.0433970946182383, 2.6293910571622914, 0.47197894411699304, 2.5906009726544044, 3.255014087305187, -0.9161610090492927, -3.7309706178613884, 2.1571105738278815, 2.298191456745684, 0.11580604384184401, 1.8451394646661918, -0.8016199238310686, 0.8076888058690832, -3.245619829062572, 0.3368566947640431, 2.6579448873547094, -1.6858265610315624, 1.67945061197836, -3.2241434584529713, -0.7767148867119287, 1.0710943717540873, 3.100019063921202, -3.486279718218953, -3.950166915426653, 0.5878598669120488, -2.341572916100449, 2.735476988305706, 0.47462627318742157, 1.530041190782518, -1.5083041359645524, -0.7039199784280987, -1.0596352184267381, -3.7138865754908377, 0.20648383811064902, 1.9555460100933115, 2.1532014579217553, -0.940620671765021, 2.701275239543633, 2.9917929476131535, 3.480623560245746, -3.654161426229744, -0.12574725648345453, -2.715635977741475, -0.17353544873130156, 2.1252287982652938, -0.8653725090123501, 1.2600530830685592]",0.96875
6,"[-3.413332568193478, 2.979897674895165, 3.9062207051647517, 0.47321231140095543, 1.2447129678416018, -2.991993551188318, -1.135174683903469, 4.579673260944384, -1.0328143723314938, 0.6655026441418008, -1.822948706782841, 1.6133814954683667, 3.3590510111423626, -1.987485955573106, 2.8974888305298117, -1.870708320618298, 0.6180182884306237, -1.2933888994508274, 0.2547323818540559, 0.20640741153700337, 1.2706638997757704, -0.8874617296451717, 0.7822958943705922, -3.281760697346791, 2.7821241365788065, 0.3971817554167103, 0.1168676265767318, 4.146765971966233, 1.3451149585025728, 2.4109679764759013, -3.1291516969029187, -0.06583627620357174, 1.5271217457727346, -0.10049013531806472, 3.5518374627609606, -0.429755341637136, -1.5062903004067063, -1.9496230784357604, 4.180024338770986, -3.036997872021635, -2.1442735980557, -0.8782881981717976, -1.9828019454307557, 2.070787265751509, 0.4069769321686382, 1.8632409369222573, -1.2513530564123485, -0.24725836898577747, -4.196166795670895, -3.715515349482863, 0.9589205079595537, -1.189827825446404, 1.0304081164845338, 0.3181466775238322, 1.6416642332413944, 2.9083410412444843, 0.45141292255295973, 0.26382201357646684, -1.1172292305603604, -3.7669484899823558, -3.365777862617782, 2.547519857148553, -0.2035717713563696, 2.7298082845804243]",0.96875
6,"[-2.270455781953726, 2.909486300347217, 3.2029937549134426, -0.8296545795085554, 3.513213437454416, -0.05512296935635885, -0.39193066056309556, 4.589250434391194, 0.4791118230242106, 2.1482366229819916, -2.897394533870894, -0.2751527723255473, 0.9960454008611845, -0.6756606170607194, 3.2585042286830057, -1.7153968263761001, 0.5779729360171406, -3.008582248684796, 1.4535227624569105, 2.784774670695876, 1.8409880518398545, 1.1474635830962605, 3.290761116537774, -3.2700625240210197, 2.830003807692312, 2.291379439969512, -0.015652712700162413, 4.17111015468582, -0.1431866838595497, 0.7443883513811288, -4.268745497942533, 1.422120393678505, 3.505540669972743, 0.6340653151635535, 2.6670911348889215, 1.5290082408305583, -3.027085874292393, -2.196832911796466, 1.7783336937247647, -0.5400843773910248, -3.629179376176757, 2.5211444267112775, -2.865959507633433, 1.5198956060380238, 0.06039981701900088, 2.315348839542175, -1.216684533145811, -0.5607884932043607, -3.6363225829351036, -1.9385599930736843, -0.29165949901520916, 1.280454588899954, 1.3986666779432237, -0.8271846070135132, 2.7411310974896694, 2.5370956125571102, 1.6037492422479709, -1.5113032034318108, 3.187865878941301, -3.7708934575106254, 0.009088321030154223, 3.221244856219162, -3.0520516823369013, 2.196901559812047]",0.96875
6,"[-1.410974236805374, 1.7701605026022973, 0.6461482590552317, 1.5343557844308182, 2.5735472348382786, -0.6234089111248295, -1.1027978828133305, 4.143576581988751, 3.0409275754718266, 0.986284684628187, -3.708599180271716, -1.6359842563928686, 3.104708782100257, -0.9161074312038386, 3.6207271142594415, -1.1341358058780227, 0.7811994330879604, -3.9205530814897886, 2.486926657138488, 3.1625203640604935, 1.1248685266933982, 1.8013105298339354, 1.04183643091824, -0.919979852351732, 3.6882762120959036, 1.0232495040660514, -0.10462636729926172, 3.4373831058231716, 1.9714299293992248, 3.8467398513662987, -4.269898969551093, 0.5842265537267294, 3.7281113046694108, -0.40636194228134903, 2.3293949769164697, -1.6856263865570456, -1.6410798271849512, -0.7255827064178462, 4.420585264456991, 0.2785994988638907, -3.5112700717997347, 2.3188930341257517, -0.4376849442046238, 1.4116978894956855, -0.32293357209322215, 1.7334636749383163, -3.9171353575158063, -0.6170097879571763, -3.0494382750674998, -0.6282905127984488, 0.6843338316819566, 0.9274879557796549, 0.12999502217957115, 0.021136561475850746, 3.4165359341132207, 2.8611696354676646, 1.3793715863958675, -2.436384091554287, -1.8861644728630806, -1.7100721476713456, 1.8356918874979633, 3.54149060724602, -0.9584911981873834, 0.29316876956754667]",0.96875
6,"[-1.7796991973689558, 1.983477359248112, 1.5857712778550899, 0.8489295072446106, -0.17306359015806727, -0.20450062461239038, -0.28452391295552004, 4.049308994383031, 0.20650660787197925, 2.453240395280686, -3.161145976747447, 0.1273649458079147, 3.099032682687586, -0.08666171128675626, 3.7200573070646095, 0.019174918363776605, 0.5352891378732562, -2.455341950117236, 3.6899715173863035, 2.963548707017261, 0.8798910987808084, 0.9957071744891798, 0.9508123372942048, -3.1962332662699775, 3.6166392144258683, 2.4218076854506663, -0.027171483204006863, 3.4134207620011274, 0.909124513682069, 2.441109788011426, -1.6393693015035826, 3.9946232556955814, 2.498457929921951, 0.2899443148947728, 0.5879275178261123, 2.144428334229727, -3.347722454660352, -0.21274145939750144, 4.398400453973189, -1.8991553532370633, -4.164039641768316, -0.8025115420443436, -1.272409788339247, 1.6767173681545986, -1.8438304526987475, 0.9320780561255754, -1.8980173526242343, -1.2403268161260381, -4.2018425407090225, -3.7209629511221483, 0.12384873396997248, -0.9070386622552487, 2.154304859823028, -1.4791955298006398, 2.2820359254268476, 3.2282131644250063, 0.9541093529871316, -3.3086770369601752, 1.1470760564607207, -2.238412939923574, -2.072785714687039, 2.7043957488862715, -1.8219382427730697, -0.4644708941037208]",0.96875
6,"[-0.7979364828256501, 2.4456140581624055, 2.2850987775003655, -0.1708281709840842, 0.5351010875720412, -0.5137577483243627, 1.4566220522725164, 3.8602590244310555, 1.2020224564408506, 2.237908000473223, -2.8471491505452406, 1.7937904774263274, 2.678129755234356, -0.6874071170468778, 3.793197651389248, -0.7461925326445014, 0.5000220995354316, -4.213684830569795, 3.2244716485789464, 1.2306567292578512, 2.5112091385204813, 0.35879524976561195, 0.3581375763537313, -2.89023906831509, 1.791807238073463, 2.5439418201429964, -0.07887846641846985, 3.7697986509486077, 1.6121403666917513, -0.33972670239207625, -3.161430082951461, 0.2993480386074183, -1.5937684086599602, 1.839528900381871, 3.4514653214163853, -1.258282529921428, 0.5906766866958424, -3.5594269086553165, 3.7487485045089706, -3.105875406369761, -4.113953386911012, 3.1664129699604366, -2.7720019296872027, 0.8079748208571943, 0.9963665404556384, 3.0304473999391965, -1.107324825978357, -2.8633007045413956, -3.747645288097283, -3.5318714306095167, -1.1570545338022007, -1.7432510175381393, 0.3860274828453667, 0.13708374339824503, 1.7487240444557175, 2.737653935664449, -0.8038052682455894, -2.327038393260661, 1.296939919388989, -3.7839277948307295, -2.3511155070317447, 2.149330612627318, -2.299042006677734, -1.9777621049192993]",0.96875
6,"[-3.6194531396632392, 1.4676842145635063, 1.910304695586862, 1.8139301643038783, 1.2282074457600052, -2.3776532365380394, -0.5319076543117196, 2.2107928824237515, 2.8419751931374986, 1.8452407399685518, -1.0220551539703477, -0.46530889138543496, 3.4679910789219175, 0.618612285941966, 2.7434560433340223, -2.041288410535974, 0.6241629358574501, -3.95733708465392, 0.9956206523055656, 3.197369025645381, 0.34286112099135513, -3.079926198401297, 2.441468474998649, -2.9058803843619883, 0.7831357549867741, 2.1202719281439295, 0.018475475118881257, 4.194541137765011, 2.7431522688107135, 1.4284633263752453, -3.6685237392108716, 1.028839729547145, 0.5552776065330732, -0.15551185825026603, 3.5956051635035586, -0.30535501405158516, 0.057757362759218056, -2.885411666449743, 4.384706497321879, -2.7935932715341596, -3.1066156225261734, 0.7059917056032039, -2.8750066194452066, 0.2600395785011107, 0.5748306900957959, 1.072069504738472, -1.85661826588232, -3.1503319277824864, -0.8311532310637899, -3.324197915147945, -2.0340691595470854, -0.3924544401549911, 1.010206698776655, -1.6949270960832152, 2.9422959525076626, 3.1857947196011622, 3.289062303255463, -2.733768016893221, -2.5346815730163463, -2.1340788741853247, -0.6962825495168375, 2.027575800307175, -3.3835301698411078, -0.34751452503860814]",0.96875
6,"[-3.679097350439853, -0.09420664662465494, 2.423555471670155, -0.3528793456647461, 1.1228104732314548, -1.7671978610716805, 1.5473388665514927, 4.635997089908443, 1.537859832515688, 2.296700425035967, -1.856856411842057, 2.0593146164504654, 2.8699805986778006, 0.6968461367813809, 2.551462373314384, -2.117898013980575, 0.8017552916137505, -3.7475416186650192, 2.2624779983006125, 1.3317365426999204, 1.9663775158997014, -0.7673919733540897, -0.4866129419598837, -3.7036263999529777, 2.7176248570973254, 2.741555882141988, 0.11230329899330416, -0.4059202001489446, 1.3621474068160386, 3.0514719812649838, -4.269134963861532, 0.6231965048495228, 1.7606262297771065, 1.2416679457026891, 2.252478035739516, -0.21028413676585067, -2.588584081080263, -2.0251437405845856, 4.112306646312364, -3.1684502587898633, -3.634862579199302, 1.2606207910422162, -2.7489894012555167, 2.089632434043428, -0.44738665872833694, 0.8480994160885699, -1.8486041307336796, -2.8543940501497937, -2.0245378581492766, -3.673097613259781, 1.8216113391985032, 1.5591429483665613, 1.8176646515196229, -2.369712151280801, 2.751401897560152, 3.5131854829558957, 3.46548808194894, -1.3026453010322059, 0.2643768895957769, 1.3111952304929249, -1.1500164418882592, 3.8505284786121337, -3.461180891666205, 0.45526619416929404]",0.9696969696969696
6,"[-4.456503530499137, 1.8623283274522087, 1.1869315958161735, 0.07393913814726139, 3.0792512587327225, -1.3715018957938954, -3.3688602940112182, 4.150815891502875, 1.7300017922522923, 2.2980652928128835, -2.818816317796064, -0.3597616334023965, 2.3077462461160985, 1.9124833263911567, 2.7191034964117056, -0.8957354086207541, 0.8251861834626423, -1.8923715783433093, 3.111517789365883, 0.6515015176845812, 3.3273264998421763, 1.0709653075904502, 2.570359924186751, -2.551519555248418, 1.5993677121702508, 2.5787518565281573, 0.05216333431463899, 2.5035186274190884, 0.9934318964927562, -0.025968607700465052, -2.90267925774569, -1.9390477753532904, 0.9438713169326096, 1.3630926275233919, 3.1089260834806693, -1.566159056251804, -3.0548335471386556, -3.4519405240618584, 4.357494393603944, -2.4342278060738827, -3.8954904443839107, 0.43064941213552665, -1.1307407529612674, 2.3833049074464903, -0.8819039243960095, 0.7568123389640172, -0.986843673111735, -0.7870195428515073, -3.6407018306685313, -3.0039817007462197, -0.873394724831474, 0.618889034775882, 3.1593183552575805, -2.5865371884224526, 2.4591013289140613, 3.4452526233203153, 0.8204729238644992, -3.852184367743568, -0.574519046928655, -2.9414849537295193, -1.4177527582774927, 3.833156657946562, -3.3484909516430346, 0.9882939816310449]",0.9696969696969696
6,"[-4.374914744891673, 0.5671747836599748, 1.36110652516853, 0.012042636441676469, 1.0089651051745352, -1.99331954129768, 0.5740536941007864, 2.9725325423349416, 0.025070544712958664, 2.2422481412260824, -1.3563865954632717, -1.7649170859089072, 2.053821494649958, 0.23485049538855285, 3.603398491254192, -2.7153084338398426, 0.7133441511689261, -2.9780764424772386, 0.4456228080157074, 0.4270426380137322, -0.6751502251872865, 1.030465037798081, -0.6249247169537457, -2.7023605880099772, 2.96607517008618, 1.7775859964340492, 0.08719625764729112, 1.5288145455447664, 0.20318674932349623, 2.43211223447194, -4.199500497339772, -0.6139524205969336, 1.7975816178795865, 0.23830694782740586, 1.566515776572311, -3.1223925632187393, -3.181073370240619, -1.4834009215275712, 4.305569406101743, -0.3976734795734558, -2.7890265977932587, -1.305235864912078, -2.8017481907790938, 2.18358938098468, 0.2129588133757917, 1.1329847335889838, -1.1989252142389182, -1.9423266686463825, -3.5922736908492627, -3.7270244859358956, 1.0582879321084102, -0.1615583359818124, 0.7725432697844206, -1.4794433772279925, 3.129876248033599, 3.3044227188716606, 3.5939314908163316, -1.4133966220977867, 0.5116483189795227, -1.6998097580958875, -0.5770549939308073, 2.487330330646741, 0.4371638063159793, 2.3516646261317287]",0.9696969696969696
6,"[-4.502460340739187, 3.611418920991609, 1.4237324492788694, -0.3192362636596048, 3.7877954699136303, -3.0138801853928507, -0.49637456915446193, 4.05069672259951, 0.19329874224459453, 1.7268141591471124, -2.8135199150029138, -1.750475487421265, 3.1227850815595444, 1.843882451948192, 3.8068945263796214, -2.236986826673478, 0.5363904667592685, -2.6086295217982154, -0.48401259153261744, 1.0620331010470117, 1.3970849181413199, -0.5077618126165693, 1.0267574293182493, -3.650442802757055, 3.6000587319219135, 2.5344273945409324, -0.08358351796271402, 4.196241539962119, 0.025569936822563477, -0.3697023598887341, -3.6061425036583077, 0.8239259353714563, 0.2103903582541169, 0.638480542469056, 3.286684450733037, 0.183234661744747, -3.429574173656535, -1.4163595122651569, 4.355995801770151, 0.2661833830796563, -3.699198384655366, -0.5413793241240983, -2.4730936178289586, 1.5745942574859213, 1.1191012105739626, -0.001732257840262097, -2.1263235889489303, -1.0392508785504417, -4.021106623109439, -3.332749706528872, -1.254259148173673, 1.2250421622154533, -0.2583887225168213, -3.067142610213894, 2.36522928911843, 3.310677763022852, 2.5136921894796633, -2.4286493184091924, 0.5407016866841445, -3.7580861117063327, -1.1180000299168855, 1.2372249132071735, -3.9837241418802876, 0.7573489285287301]",0.9696969696969696
6,"[-3.4613955403969294, 2.301052143549656, 3.166475571191965, 2.682289101988897, -1.6426896134132978, -2.8610691997019275, 0.2345729697291074, 4.6331846417724645, -0.41508080548115167, 2.456132684562276, -2.8834887813142522, -1.222772941503533, 1.4046159281866835, -1.8247124184569328, 3.663521877926081, -3.8972897799633497, 0.5974073349942068, -1.5456815668929071, 0.03984030771990521, 1.7694659127314558, 2.4736324263938902, 2.100616251608245, -1.4273108558053222, -2.200669799588913, 1.6915047765238036, 2.8110773037965178, 0.18215000027949557, 2.6878160479802844, 0.3100308579669592, 1.5177376506498477, -4.251328864797609, -2.4164471863010037, 1.5359882957444433, 0.21531896593314603, 2.7381938954432723, -0.17086836723688348, -0.23148807692837003, 0.8743857773243995, 3.3918049452905525, -1.7992959064809768, -4.041889629979058, 1.6590716201324378, -2.5010436403163685, 1.5804982799273253, 0.605146652831127, 1.560889682588373, -0.043844101748747144, -3.218681255743423, -1.526047446049585, -1.8759907348353408, 1.0669870828000352, -1.7414968829611097, 0.23840237084723195, -2.6469179834540197, 0.9697407759471535, 2.339026328946314, 0.8650176776402404, -3.9121075870261377, -1.5751133717323447, -0.5444884373835084, -0.9822316404946774, 2.3030662512974045, -0.7361821916281113, -2.07715840081403]",0.9705882352941176
6,"[-3.6130017456398043, 0.8156812996652723, 3.4984505477888113, 1.203929149323355, 3.8089611553014695, -1.308282789839315, 0.43449731244370815, 3.699915006286183, 1.2210499047331218, 2.3549684930412416, -3.693998094734855, -0.6159860264961595, 2.730006465768517, -0.44658047627297404, 1.3442353885065363, -0.9450158838266434, 1.335333258036853, -2.3735395003803568, 2.332596885309347, 2.9538007626304745, -0.5871672655070594, -2.0563653138814244, 3.327084608157563, -3.71671698054551, 3.7309138448078487, 1.2803751897937214, 0.5989217240530493, 3.065249954857578, 1.394787135091261, -0.2699920824692119, -1.862696626440099, -1.0371264380808864, 1.409444134711787, -0.5608014542980029, 2.819600830347659, 1.0767513024836566, -2.205583030146175, -0.31446585974701646, 4.283073466569701, -2.0608326006428563, -3.295491202690619, 1.5881943906811768, -1.3414764721257222, -0.45455882093278466, -1.3013936673633442, 0.9071187431997765, -0.1874446043611837, -1.0855664934520537, -1.3015901218869654, -0.16993977775131186, 0.17216052685867828, -3.27990212812125, 3.9758415790870076, -1.5310843892958756, 0.9182557194872212, 3.4914316130629084, 1.3059921883752956, -1.2294250345520354, -1.9340773456622316, -3.3156027395581265, -2.3865319996070924, 2.4939536772257886, -1.2752773481622866, 2.2465139665986893]",0.9722222222222222
6,"[-2.8760827078324143, 1.0054225857206138, 0.4601196630153769, -0.24049720935646612, 3.5677510838708906, -1.8837585953342368, -1.9774869646018243, 3.9231143548344107, -0.4919814828208027, 1.1003532122737527, -2.691386918422674, -0.9146269163394679, 2.8491594641983506, -0.5969560000828517, 3.3222650635215243, 0.2875561366931172, 0.4088539256952519, -2.800760077799394, -1.6422946941095633, -0.7325491864558291, 1.2519177477784407, -0.5316903676472813, 2.1769408559802126, -3.6520103450762385, 2.289830368218806, 2.3507028601202338, 0.16078876066335884, 1.250396634330894, 1.3725638406930032, 1.4755904726904556, -3.6515774135285866, -1.1137754929100587, 2.443986245196136, 2.2724354892899306, 1.0021259901483288, 2.122968317741935, -2.4888711298308213, -2.6708971618263253, 0.15814848868596698, 1.0413185551781683, -4.256340572166332, 1.5787868456383918, -1.1193606615073828, 0.9405330740284829, -2.9717238226731486, 2.759664143343607, -3.530194488881006, -1.2063968823703919, -3.3206449065500028, -2.7566316272427565, 0.04712195606413189, 0.5062924218442626, 1.7081976582777787, -0.9686596432171888, -1.294701421309309, 2.3345766965520967, 0.6689981684920214, -3.7742928063587504, 1.2532399840480135, -2.0796669025145316, -2.8738897335145017, 2.937819067943148, -3.99078245109098, 0.7577072952997816]",0.972972972972973
6,"[-4.16413565756706, 3.4025746988652705, 3.8789774729602167, 1.4607424775013005, 1.4452573891613716, -1.3701757452948964, -0.06793628352176179, 2.1848628219752273, 1.4688971077491195, 0.37421409292119767, -3.790376799020608, -0.8191469523231549, 2.0516440929685724, 2.4066310822370887, 3.8029839298839887, -2.8082475712743014, 0.4753465465804809, -2.7279089408533475, 1.1534807152427127, 0.2160043258571689, 2.943435626257319, 0.3628407915254854, -0.30745861643463573, -2.8384370893490596, 3.6822973592623924, 2.8062262834304037, 0.003154826454781365, 3.7064226271598404, 1.7008570623990558, 2.4723777421055138, -3.3198341145668304, 0.25214776893153173, 0.7308789788914336, 1.8715668145724655, 3.528212642872051, -1.449442410330322, -2.29768590898867, -1.4561752964535206, 3.4553714157226647, -3.3324567318786293, -4.244392278670011, 0.02964691896013144, -1.3813973172417444, 2.4152509309552075, -0.6955228230939652, 2.4990975074936106, -1.8937032294743477, -1.9281652496503876, -4.278443214573196, -3.630648364484293, -0.575573271814237, -2.053911298414723, 4.120797682175487, -0.7435652992179105, 2.226516951685944, 2.176814228253414, 3.266551484311594, -3.595403912631533, -2.949681872746901, -1.9573755598993081, -1.1785882266556258, 2.4695831646767754, -3.546712937398535, 0.5805770169583673]",0.972972972972973
6,"[-4.0363788559555545, 1.0059863429909692, 3.0094073306514115, -0.2455859474426576, 0.5767103390544461, -2.8353986626287773, 0.040962294230888374, 4.431810787910705, -1.884528526064188, 2.223145985743079, -1.7921733113955558, -1.1027447633850316, 2.904641924174821, 1.5782558532871298, 3.4942272476969722, -2.352372977958631, 0.41955320267097906, -4.188497463769256, 1.4166001621002948, 3.446591726188124, 1.7012120593700366, 0.5050826938990668, -0.5847351085654422, -3.686473791954236, 3.620079250939789, 2.684110798125779, -0.026544825889342816, 3.711016211534758, 1.0098515033232909, 3.8500796895160314, -2.1390349271278506, -1.160451490933391, 0.1994955218664558, 0.1964583856158006, 3.3604962164681136, -3.141343904675296, -1.273121201065548, -2.017422024921096, 3.8934067374899826, -2.075234506759928, -3.9122891965255855, -1.0808555246035314, -2.2976733498435635, 1.7118092310843511, -2.671217455247863, 1.164643010849509, -0.29159832352073156, -1.5010827884685392, -3.4229585615566025, -2.274687549248884, -0.3554119365497652, 0.3625238637697567, 0.7487075928362689, -2.005871259726135, 2.729844595166588, 2.70890097234749, 2.9336036379697368, -2.0952999909461067, 0.8366578137144975, -3.3431489859909354, -1.4600828227447047, -0.2102668235793259, -0.854559898344232, -1.056766696390952]",0.972972972972973
6,"[-2.4828624688268417, 3.977169946521862, 1.4704340083052647, 0.8619804595610038, 0.9127668890307687, -3.0627357368380617, 0.0953708694093603, 4.5265870899981735, -0.9742209001465004, 1.61694835140837, -1.1484950324620262, -0.8715042166315624, 3.294566483374211, -1.1304873366489454, 3.03467285684247, -1.9111270267559146, 0.6136249114659323, -2.718347918890292, -1.0237131097867835, 0.8360259688838941, 0.6003439133441555, -3.2888483885893947, -1.9294538110865322, -1.678456876028612, 3.2589215128932696, 1.0242914497523445, -0.08058267817496012, 4.1386085336627785, 0.9092855229125741, 3.7204172190273477, -3.3309937326039964, -0.8225632003755341, 2.6503481051288165, 1.0576429960199754, 3.591404319222212, 2.4068879292185708, -1.5806178148431107, -2.4992099170949453, 2.923607583680802, -2.8919768262611725, -4.239259455189811, 0.04834445022877076, -2.2902524369777666, 1.4899176877393032, -3.4089668253670156, 0.6098832190131407, -3.920219708632318, -3.6461210870909846, -3.544697881356609, -1.9994516914660005, 0.21286845322505438, 2.667670435430762, -0.9026139473233676, -2.792987938102118, 3.338653160610731, 3.3863692819093676, 2.098197589800756, -2.9727116978282786, 3.6205549218980932, -1.1357302890595582, -3.16996173595259, 3.83768841598095, -0.4013836747567956, -1.4859461613483531]",0.972972972972973
6,"[-1.892525858515016, 3.104621568376348, 2.6989607584698168, -0.0532891894693962, 1.8371268767282132, 1.0170936805375002, -0.6284219906740568, 4.277032077551769, 2.120217076501341, 1.4241615114790067, -2.013504864947775, -0.31087022433816436, 2.5354475135428296, -1.210420345392379, 3.3009920573751814, -3.903982126055573, 0.4252295621296456, -3.703725158225927, 1.6672008859752676, 1.2164038832717492, 2.8089587928625885, -0.924774223102713, 1.2793923797435762, -2.4920652515799713, 2.36549674567642, 2.8211090401867622, -0.03196573702790939, 3.385848073785478, 2.296059119345771, -0.3716387860038832, -1.6809524122696584, -0.8152328888395837, 2.7167927946422674, 2.6150036089067923, 2.7125461375898663, -0.9855940198032551, -1.828961608164583, -2.5916640856775306, 4.358790873860794, -3.486419773195437, -4.237531596999929, -1.2871705478525968, -2.8096167739221696, 2.1356960411474635, -1.6627796709137752, 0.1369693547780052, -2.916534250656343, 0.719054962589766, -2.1387149544492887, -3.1731240843539696, 3.546333355507224, 0.17931869387203303, 2.0429386604689013, -0.6488679235035887, 3.158802014643861, 3.4740912307844387, 1.9545742247573854, -2.6589577677730074, 0.47432199245556084, -3.5694523903947593, -1.3719312056845436, 2.965418264239737, -3.3999136974863458, 2.1767975948779634]",0.972972972972973
6,"[-4.508854113017435, 3.465461920721762, 2.7095685380794516, 0.23979550010270334, 1.769488613004531, -1.7183573779061778, 1.7502964342156726, 3.427506585044328, -0.9298494058633412, 0.05334673239094512, -2.2661615929306147, -1.1410272651097815, 2.2716052840952834, 1.3294915837053058, 2.7224848171465226, -3.691370181713529, 0.270670735657233, -2.344740183821279, 3.6405692021928293, 0.2050613682021638, -1.4933423964798958, 0.9061074772466347, 0.9896861446792572, -0.3962096507067354, 3.3844289464205706, 0.9244446564478039, -0.12462136762503073, 3.921689583122499, -0.09747842842452847, 3.1395688995830047, -2.771228528385304, -2.0944377015563393, 0.6351795708409913, -1.0628611434347368, 3.5119081317400007, 2.3371544674830687, -1.1232179495357095, -2.314286732482371, 2.081146675617557, 1.1031446258083895, -3.515542055185879, 1.3401138024619192, -1.5511924439391924, 1.3592762013088229, -0.6725747202513164, -1.9298965179671959, -3.6996661979205667, -1.3231536144529743, -4.29922619323802, -3.720976179724549, 0.40552412535525967, -1.721605334147531, 1.8106287933964427, 0.1865142464030305, 3.3487722073334876, 3.42486785991783, 3.5979642086252848, -0.5633712600099361, -0.42886316049011786, -3.7500403255315287, -2.548662389502141, 3.5611063182420217, -3.502832150213285, 1.3397977804209975]",0.972972972972973
6,"[-1.2463987075063976, 1.4587009847212162, 3.088063505714803, 0.955433618013248, 2.24612589931953, -0.9907432317003346, -1.4585733645782486, 3.207574971718424, -1.9367313601198655, 2.4562750848479182, -1.4078704715387493, 1.3615538370075884, 3.2815950944019154, 0.5279669858625359, 3.6247296635911725, -3.3439086296157456, 0.22828365593173228, -3.210186542600576, 0.7021017898704406, 0.9212084082179597, -1.7115860761736226, -1.075786272707695, 1.0767182557862611, -2.140850438842041, 2.47466949210632, 2.127054640388036, -0.11495241268607992, 1.7651658422088294, 1.7445994017554667, 1.241591376278052, -2.8839138495518597, -1.1949945717897625, 3.349217536233085, 0.7373821662454105, 2.8671976332728155, -0.09473526214358052, 0.7158120924023756, -1.8210533515033027, 3.3654283950022723, -3.2864588851826406, -1.8815345111548287, 0.2580782162151771, -1.7594908091993293, 0.9335696747113278, -3.134832814332848, -2.5939627272284986, -3.341523555706813, 1.2165327673973225, -3.934432232981485, -3.1720110346949992, -0.27239425230353337, 2.754086490346668, 1.6794323449401354, 0.4031606976414699, 2.31050197479059, 2.7593172879845955, 2.4885125869464035, -1.4261481500009383, 1.4179560109281026, -2.0793099630622565, 0.5852847281748214, 2.2884666226285195, -3.723782040499465, 0.5736504706802903]",0.972972972972973
6,"[-4.254778394713805, 1.2724869874030773, 3.364800877548522, 1.7042368437515352, 1.4849695791178166, 0.08985485989252262, 0.06166341688789956, 2.477753895517694, 2.4790615933226787, 1.4380510615382422, -2.7111366715356007, -1.0787776388727601, 2.4955765753404813, 0.08852983710688844, 2.0723881469119787, -2.024957075327081, 0.3431974972139796, -4.008087031442535, 2.11773076439593, 0.948522755461244, 2.3378880540435487, -0.286570626957962, -0.806013212842353, -3.257242733785116, 3.729264654658284, 2.8231538580638094, -0.05406573463673692, 4.097745782824731, 0.8580431032481579, -0.028693248871643373, -3.4307062205474788, 1.1670551942858536, 3.670148893240418, 1.2470741236301146, 1.7972926561552582, 0.2687626376401291, -1.2147452603086368, 0.18505249158999404, 4.4149853372853505, -2.3717437823715484, -3.2720314467421785, -0.6252624547740684, -2.788459251460972, -0.4727123118435894, 0.41023210739155835, -1.1663694082800866, 0.20823110796937438, -1.8899355857937175, -3.5081925196092913, -2.2436524990811417, -0.37697507383149564, 1.0173245090308705, 0.48476333537792893, -1.3369060470787189, 2.0207086275971378, 2.6266500496495486, 2.541864597072686, -3.249459574813556, -0.48850910206562603, -3.3869306410392492, 1.0360066006475206, 2.0629010255895253, -2.0402797959334853, 3.228469411221401]",0.972972972972973
6,"[-2.174162408447167, 1.5719654004217567, 3.1919213906041732, -1.2736323290889193, 2.527571586564348, -1.2236612891183118, -0.6809566763367172, 4.613908099266335, 2.918067970324664, 1.7414231590901852, -3.4485061055942845, -1.3729636823863425, 2.9466841783074447, 2.1662857203840487, 3.0307010918111965, -2.030175712349679, 0.4807417138080914, -3.2692896589900284, 2.9879433908912, 0.9611580620293309, 2.3679951099652365, 2.0525438157935407, -0.6844019362482344, -1.9282191305934164, 2.9544444333928865, 2.8642423218510737, -0.05554541899299492, 3.6150157455624883, -0.5336785276157476, 0.6308396074897762, -3.0947703360202117, -0.26571107772252045, 0.9512493216867159, 2.2401935367065615, 3.2213027734320168, -0.1947221391474071, -3.2977201957058133, -1.3721685104673051, 4.196228796972086, 1.0177599688086347, -3.5353756982886453, -1.6326659656506117, -2.880257235177531, 2.568319425851275, -0.7434279190601555, 0.7036737443619884, -2.446733286265637, -2.2120971322673553, -2.983059147092258, -2.3995856247771785, 0.5480527913893609, -2.3334059862617855, -0.019391978224431172, -1.9084693868182014, 2.345429956533996, 3.1244347417632534, 1.9202406812181863, -3.057707784204247, 2.6242467547778836, -3.4996874074590125, -0.2952214174850798, 2.6348021497895813, -3.185932087078861, -0.6128641956192232]",0.972972972972973
6,"[-1.683465317521481, 2.827760228077496, 0.5100331918331333, -1.8762777453770876, 2.0470502917374063, -0.4317681861432676, 2.3953487195614698, -0.24248596322761085, 1.6634025233452945, 1.2180016279839523, -4.072612700634482, 1.4347241739444705, 2.225896051355269, -1.095948435346656, 3.7705092072288124, -1.1919532087353812, 0.3580154682477201, -4.038723598262293, 3.06145722500681, 0.8923348504459138, 0.9597877502761665, 2.0707667048289804, 2.007750394184826, -1.0880615028714056, 3.6545492475038257, 2.8639745291470864, -0.1507765387061042, 2.446143696149959, 1.797736795300023, 1.5245691928295624, -3.2918657319455957, 1.391738475401394, -2.1230276168896807, 0.532817454525977, 1.7298102695445166, -0.8457937672173992, -0.6296085465957324, -1.5643894207004008, 4.378523792894084, -3.21363272736036, -4.154375561240327, -0.38190200742223473, -2.041259341714201, 1.6634874444033945, 1.6532172129536327, 0.45279836529106987, -2.294565189564864, -1.3462558271108938, -2.752376492156835, -2.1467126116329314, -0.0850247483263954, -2.589431944838423, 1.2997480892562456, -0.856140771932763, 3.4126824834351086, 2.483355016525904, 1.2976046807202215, -1.3458192245941074, 0.8785274621383723, -2.9237593653343876, 0.766996886063489, 3.157495155416948, -1.5582801686421304, 0.4576969266391876]",0.972972972972973
6,"[-0.3954630144849083, 2.3620033891566115, 2.4072507835562607, 1.2557998994631299, 3.345697854102582, 0.711243281665001, 2.4223667994232216, 4.605052003848737, 2.017281493406828, 1.541886519809661, -4.283165238510609, -2.533239597588365, 3.0315108853315262, -3.348972223550988, 3.098357207391781, -0.6768454319396824, 0.44733641937121277, -4.203466921797956, 1.4193401182385648, 0.8509054952779858, 2.6187724737124123, -1.9000364540262331, 0.6838611724821202, -1.240560475804962, 2.618347325497057, -0.8784197924120942, -0.10189219482944663, 3.9978921355145443, 0.208203827343725, -0.5254358174090357, -1.497555228339465, 0.730598116055486, 1.1741050135437894, 0.1953907030450555, 2.9353833920672896, 0.060696278242375556, -3.240709299960335, -0.9662618712126303, 4.111425310488224, -0.47737574167417596, -4.168835546970443, -0.2939470849433981, -2.4044449613522914, -0.293252058606843, 1.9692453871352433, -0.28605924495253354, -3.9206426374366465, -0.8400093245426682, -4.143218331548469, -2.3261064090102677, -0.8830640284003786, 0.2950263312959217, -1.826730737099412, 0.41726800425346044, 2.898203463742772, 1.9436961663631593, 3.160092437165751, -1.5829849248431802, -1.0323822739883672, -3.7638041904250192, -3.9302939593099975, 0.9130339882780238, -3.842840513492622, 0.4872754844544086]",0.972972972972973
6,"[-3.9839341634544883, 1.8500424683745853, 0.906782942116255, 0.8236321493681835, 0.20645307351903663, -1.0406395862115838, 0.39998321797870673, 4.42598473242147, -0.6883502074455838, 1.4836640306727853, 0.2708788647192648, -1.7423041891475504, 3.082129560417104, -1.5678118787535633, 2.7471146407031926, -2.3567772317464755, 0.47632321017290746, -2.390552978755089, 1.857296025148035, 0.09784931943411568, 2.6084954953355477, -1.0786237152970595, -1.2039844155629602, -2.337711435801864, 1.4141327458185078, 2.838414956251342, -0.09290479428140541, 0.9340457397097897, 0.5128076706178143, -0.30922513373643634, -0.6468742075129355, -3.008177164180965, 2.9006938449939437, -0.7648856797169227, 3.1143570272874173, -1.3113147115151005, -0.0815835213200633, -3.5704078951061327, 2.6537374078224554, -2.5138249514436763, -4.236880994151781, -1.8165985480485405, -2.303893245830394, 2.9981732639167333, 1.6234129065293121, -1.1566491671018289, -1.6900269099602656, -0.157101009028477, -4.212920165991873, -2.29569822763928, -0.16648292570447568, 1.787974200178604, 3.182912231131297, -1.6260948444523777, -1.1434754533173503, 1.021509611667664, 0.8874373313156647, -3.2818410510763205, 2.7587480250890284, -3.4926498189080366, -2.279996058476626, 1.8513916071636984, -3.363045032718329, -0.04975421134622238]",0.972972972972973
6,"[-2.766598008672867, 1.9961095061774845, 3.375465238776266, 1.3775044206470939, 2.757812419973088, 0.41207328116385944, -0.5729019655733572, 4.070260327494191, 3.0328880149936475, 2.439884387995819, -3.3589418559923634, -0.3601136569804867, -0.0022405694405160936, -1.6032409606097555, 2.390891219425972, -2.645455633841583, 0.29898689413811685, -3.0654432338814583, 2.382238162328458, -0.788043660664965, 1.6392736783883604, 1.02858600088849, 1.3593665225420155, -1.4494356823569667, 3.3263202438680906, 1.7668027595814735, 0.014838004016217154, 2.6690615077340563, 0.8864397565515069, -1.0772830819413142, -4.064531289701585, -1.500181592274677, 2.6087739562418393, 0.8206785371764306, 1.0453504617911928, -1.2958287135420226, -2.636146849767324, -0.8680036512899675, 2.4559795284634465, 0.7024115717568451, -3.15374967042155, 0.19160873868693157, -1.7595429060021983, 3.273649008527894, -2.154785679096898, -1.2759851667327629, -3.0741870756202783, -3.514541727945137, -4.1907341615914415, -3.42043555387289, 1.3453198823298282, -2.459362319774711, 3.867277178532496, -2.018143000129797, 1.0222525013277668, 3.0670996978031884, 1.4323085567898866, -3.960055087063019, 0.5315642959856864, -2.4981483685843267, -2.847234661918966, 0.275918789587803, -3.6861605854271895, -2.057447794985018]",0.972972972972973
6,"[-1.383845960169797, 1.607898855860145, 3.1979724172058277, -2.6669809863523106, -0.5543087968543325, -0.8295532601299348, 1.7091322178584478, 4.129040324811396, 0.21809624839360997, -1.3799931886510546, -4.218149180524459, -1.3120628230684175, 1.8292719030867564, -2.083889329937908, 3.5516898390482115, -2.393396927223856, 0.33045111380994296, -2.983707338734091, 2.590164134689553, 3.270549538633287, 0.23952048226346467, -2.724481376288513, -0.6295309632035899, -2.7575520831757254, 2.0662533948084354, 2.3257141018929994, -0.046632225110074255, 3.7489729067969684, 0.3627098516346353, -2.366735090709976, -2.9619901940755575, 0.5413743689270055, 3.117504799306976, 0.8434335465654544, 3.602660112945365, 1.0029366564565474, -0.2131392690042193, -1.3825332581928627, 3.4828295156626936, -2.5979245079964954, -3.6684369580870495, 0.25923762727284, -2.196519035641243, 1.4428381676850441, -1.9608356905137465, 0.9584005169040338, -3.2159065707683863, -2.376653416309858, -4.2825891893531605, -2.4865195537413833, -2.0324547790903997, -1.556188076795971, 3.4968338212047243, 0.22164540662442156, 0.26508729100226436, 2.9513942170355696, 1.9292399001176115, -3.9536722220594074, 1.8467121938203097, -1.1525190865681738, -2.872475618473711, 0.38213487482315256, -3.489405039013919, 0.8508606632368644]",0.972972972972973
6,"[-4.5082351530342795, 1.8537991316746525, 3.2918431333235687, 0.36191722372248913, 4.12183588484814, -1.6194380129657153, 0.6860768575890352, 2.5939374906259434, -1.3782806466418607, 2.1646797015112833, -3.057505085251553, -3.4092331444944, 3.1280189587118827, 0.32657710985970695, 3.6643827291703834, -1.8935411765642067, 0.44195012981441884, -2.6421502895231455, 1.6829305104169883, 0.7578657094602177, 1.2010038256345652, 0.2868162243803709, 3.084194582211068, -0.6908995115654366, 3.597409813856206, 2.604795187357036, -0.008909052588003785, 3.269082776238149, -0.07272651566355148, -0.22232954899456225, -1.6926105419705295, -2.8389896340726244, 3.8399257622017595, 1.1408700747017309, 2.979861322965519, -0.5627240095206214, 0.08601387137138783, -1.103038131164763, 3.4424266368504535, -1.6459727072849941, -3.5792972149595546, 1.2618326637903277, -1.824262293061933, 2.674317863115486, -0.5552946512482582, -1.6696860176463053, -1.7433137506922427, -2.6346998332120197, -3.4096973623464315, -2.845086998938595, -2.7703423213754528, -3.9566052645554586, -0.6967055058726996, -2.8900849781620215, 2.642054925038094, 3.0177733190641334, 2.9878447709478175, -0.8931142149334237, 2.000948075408862, -2.3001363208710224, -0.24365436558523923, 1.0788101211231724, -0.6297944753463742, 2.1892859189758465]",0.972972972972973
6,"[-3.131563991072441, 0.30450393881360394, 2.840853456310329, 3.9289168808969963, 0.3524059767830561, -0.5757724294463459, 0.3484912836209487, 3.5365654230738928, 0.3688674821150959, 1.5891596304492808, -4.08061429128881, 0.5525220478766718, 1.3366487054157594, -3.2723836299297346, 2.3516522973405554, -3.8225534451195378, 0.4675901342972139, -2.94115799067335, 2.484050300594238, -0.03945259665388967, 3.3416481753878298, 2.7277698890107724, 0.8059901979055838, -1.9779791820945372, 3.6223901771300584, 2.651302569974745, -0.019358050331330756, 2.2472779026444836, 0.9878286642867933, 0.97731349112981, -0.3254899228036203, 3.359045454795142, 1.0525204862888418, 1.4974438777505685, 1.6721888521155348, -0.6154863858448324, -3.2120600628787903, 0.7444777224894599, 2.532094570192034, -0.8303630639353335, -2.3529301961912097, -0.5123994472895044, -2.009633581103989, 3.362022942323478, 0.7606423129626869, 0.819170265388858, 0.7872404339487626, -1.340765068887722, -4.134530627897815, -2.4856786707042504, -0.2747292113375213, 0.09939404252648426, -0.17229486761251755, 0.5422007227310125, 1.2908381572569638, 1.6550999149729235, -0.5024575940491269, -2.841480864033462, 3.241907922514968, -3.7750836481691237, -0.6497530283107407, 3.416232677394299, -3.925876433005312, 1.9957186736173775]",0.972972972972973
6,"[-2.2549202646301296, 0.07612188929434249, 1.13110009989874, 2.7630942282964392, 0.1537708922276415, -2.5984510622676127, 0.6841455860945395, 4.025840188885173, 0.3746166748582512, 1.5627260637235993, -2.277119996603648, -0.8284312094711117, 3.013267443381553, 1.2446416615106022, 2.0471903760341803, -1.3123578944048555, 0.3675495168615567, -0.8146447119100895, 1.7831881707757233, 2.717283972065078, 2.1735873705746704, 1.0840568219826494, 1.3750996417339008, -1.0271702988392901, 1.993292144318767, 1.6193492065018507, -0.04069025926725689, 3.7264527733852133, 1.974872182903484, 0.8046380897795877, -3.008284448266017, 2.7629909082220108, 2.6371089884884986, -0.11607404288912992, 0.6300131340933857, 0.9570666983757553, -3.429939307752453, -2.462070995944247, 4.231486342738312, -1.2899219058316573, -4.2366116871564525, 1.6517648750050604, -2.6766575343583625, 2.1324153323240473, 1.976748393119633, 0.08930294976998354, -1.2168285280096913, -2.174366013053657, -3.7555083029317133, -2.313277157170816, 0.22576667965205194, 0.16287099614143874, 1.5664428984552277, -2.795355268189554, 2.9946121754649466, 2.0619630372182542, 3.0391992615100936, -3.8921500255207664, 0.2450436857110394, -3.3600991314925888, -1.78860249145119, 1.5589356255782532, -0.48727346713244657, 2.0522349101676527]",0.972972972972973
6,"[-3.067638429525092, 1.4352695409928966, 1.6796420292557868, 0.8516528404539423, 0.8614547585447724, -2.63166039501887, 2.060833682779433, 2.511745521961373, 2.5179764091748504, 0.6101195330388882, -4.234020913239719, -3.0232924191757693, 2.45963492205869, -2.307850548031109, 1.6427665349225338, -0.2767411784436682, 0.46214181670294885, -2.4366110154355707, 2.0632881584935525, 1.4197756656349796, 2.7381430770397253, 1.5712379214199248, -0.8092351394355364, -1.691484508369293, 3.6556435478536295, 2.1211588266202557, 0.032232534907439936, 1.8953389033172394, 1.5868701101945168, 3.8873575681482246, -0.8188684219074651, 3.210322821785808, 0.7508292996349808, -1.1315460473969878, 2.7830828929422733, 2.7669928701172846, -2.4807838993537237, -0.8242064254193334, 3.7277675647571025, -2.0286622445050218, -4.256193348037147, -2.091631895284503, -0.5287685540279621, -0.3605271658817517, 0.34737509933951893, 3.009962294308937, -1.591622311232372, -2.1145821096994624, -3.4573595902826204, -3.4952950294894745, 1.080052754028399, -0.5665644891662903, 2.980319763669054, -1.4154639504598028, 2.8234818201991185, 3.197479770364705, 1.3670967361277455, -3.2848767795785516, 2.853440581515899, -1.1453954890530689, -1.5765111179738192, 3.4376515933480474, -3.3360766577177587, -1.5613204684997029]",0.972972972972973
6,"[-3.845108361627165, 2.485349366723412, 1.3995262413685317, 0.030271424776924905, 2.4817070129005367, -1.5187244082114206, 0.3585178928609094, 3.7388998562569027, -1.1565830470665315, 2.396871080392647, -4.100438070703798, -1.4505725168904255, 3.3011713216261573, -0.44033066350559147, 1.7501461535846756, -2.1985952670619318, 0.3796951763132621, -4.142688496454541, 2.5000785456022356, 0.1436780711926724, -0.7365487554817036, 0.3120059101681231, 1.4291013945178108, -2.032243255728173, 2.5416464974011665, 1.5200293004270864, -0.02440677659459556, 2.787527211774526, 1.1858838559284108, -0.7028899316268766, -4.069346125884468, -0.09853869720738873, 1.6468607693446606, 0.8275343591197056, 3.5427077281037898, -1.6492859799384383, -2.8547488970305213, -1.2981565814620772, 3.9419402120782583, -3.192600920988731, -0.7504047477854479, 0.5577776158425688, -2.039250884989279, 0.6951420723974495, 2.403550843404676, 2.821278862843023, -1.9296803410328318, 0.37942181924690344, -0.762416330580705, -1.1959708870912475, -2.544824609592815, -1.0163767741553755, 1.0708910610911342, 1.0358542271171367, 2.0450527597502672, 2.453887306166883, 2.582093902402458, -2.717776850364885, -0.6552308601984774, -3.550609031108384, -0.5890243375292208, 3.2058342594234057, -3.56599251283754, 2.405317263606377]",0.972972972972973
6,"[-4.1944438573089755, 3.4548535313279896, 2.946292011736151, 1.2448262277504498, 1.2422375133005876, -2.1627847135701836, 1.812028775668715, 2.346207072043959, 0.7104298275773873, 0.5303789959932914, -3.8185521097185555, -3.7209399835002177, 2.566299366761071, -0.025584130275816075, 3.2470979214234843, -2.3194870595499855, 0.5713006602474262, -2.5120417359555907, 3.412520594904149, 3.424117576228849, -0.4112805086060003, 2.07781143654484, -1.2009427649084339, -2.723661156214394, 3.4975259621715553, 2.2348624569744695, -0.05153916833591174, 3.9664967837061758, 1.1552169683561475, 2.5150754605636476, -3.680571247452317, 0.52996820162394, 3.460155349825663, 1.8010637705283077, 3.074901316280765, -0.27198424341546945, -1.6887266056311032, -0.5633115986270116, 0.28111357940043824, -0.37380376569553375, -2.2988186193257447, -0.9095704771085702, -1.3193193863536765, 2.177804600617616, 0.7263870315988259, 2.4800815832235306, -2.0676863403730557, -1.686253316422129, -3.749285584448629, -3.665125999836634, -0.023267488527398045, 1.2902755766359502, 2.39309635545233, -2.074645259480403, 3.118003055630969, 2.4318646001672644, 3.286360478680161, -1.7673369546857707, 3.2259382209088785, -2.1958194826810407, -3.591822696743382, 2.057524209364596, -2.0408256805710443, -0.6332310399615655]",0.972972972972973
6,"[-4.508352622310147, 2.9362051220995964, 1.8439645908407245, 0.47777426630004394, 3.56578231158523, -0.8162323398767362, -2.1403461518207676, 3.949559666558762, 1.909779813804453, 2.430624882929142, -3.9773996978079755, 1.1066358045492244, 2.8321071377999125, 0.2540160512503206, 2.1675488999879162, -3.372726296366215, 0.32627624584428605, -4.228102082193228, 3.024313331175716, 0.8713989360380466, 0.31916538211660983, 1.7328585878944243, 3.0492102090726694, -2.779482260662144, 1.4972313281093985, 2.3734520608496013, -0.04928539225158035, 3.266263070796853, 1.1857337555606107, 1.6566505922328805, -0.4508186706150128, -2.6412561105384986, 2.4456055814661637, 1.4624498310365834, 3.405452860143221, -1.8122253537740343, -1.9950986260816852, -0.7582570920612093, 4.200603202753142, -1.5843255374654999, -4.096145437120536, -0.21853100913267354, -2.8657318183627196, 3.4299811322518954, -0.21338332961433454, 1.0641983297324304, -3.174949762124396, -1.7387218333931682, -2.371881020886451, -3.6336157923255823, 1.4745195360828833, 1.249046025435705, 0.697335875207186, -0.32320498582365387, 1.262639229476859, 3.0740861201467853, 1.6374430369096915, -1.4975128008104008, 1.6416646995354434, -3.558005768207408, 1.2612876301660534, 3.313968226127386, -0.17243126782929297, 2.4892401567796347]",0.972972972972973
6,"[-1.157895604584522, 2.831911393143976, 0.4396571379741876, 0.5973536685466874, 1.264009195949051, -0.7782755195380362, -2.2533513802592595, 4.405032042015484, 0.6149929089085022, 0.9020725556133828, -1.5764398555841959, -0.8755794293171381, 3.420910418409148, 1.7854245439100158, 1.6932553524510547, -1.0467464251063852, 0.7501771378778017, -3.4997743650731397, 1.1590046171277546, 0.4754353049575436, 1.9878906820804418, 1.5484731320791656, -0.3265114458457219, -2.336464211794208, 3.6299498545116125, 1.531466195676746, 0.004458072810105615, 3.5173491710379703, 0.8252293352872886, 2.7353185502565225, -3.933560270461607, 1.5225942459677742, 0.6404640077907435, 1.3425041396720632, 3.6177223399870155, -0.5546751317855146, -1.8145264494251025, -3.0734838586733115, 2.538728732692859, -1.102001563501332, -3.216715828120634, -0.43244321305659006, -1.1202758744043875, 1.7640268169745574, 0.02652699401650241, 2.3709424497857974, -2.193417698521857, -1.8795752675825734, -4.0000635654090555, -3.299982670835764, 0.5394212030006241, -1.3660329109860336, 0.43775102333077864, -2.6565675410951863, 2.459389713435487, 0.49591382435420783, 2.436779533220855, -3.7688911177661364, 0.7522381564647912, -2.0349869616810348, -0.8042211285350437, 3.801852585856822, -3.6925358274634634, 0.1179332022021713]",0.972972972972973
6,"[-2.8155770983307304, 1.3635516409166581, 2.0120180247292225, 0.20676102563781104, 2.2704259288631703, -2.2904949528894525, -1.4318213070279777, 3.184227910804551, 1.144336081842983, -1.176194086689451, -0.7415861513396211, 0.4343119567583753, 2.8715092655977497, -0.9010918025431431, 2.552209528325405, -1.2721654042554085, 0.7124266740019896, -4.027713846388653, 3.051222430036822, 1.9579630729003146, 2.713891166325946, -0.3498409899552417, 0.49230801020613923, -2.9488928115137067, 2.1785058285328627, 2.7381223620770068, 0.03606520844865868, 3.3809256554551617, 0.2269540661596744, 0.5611657282610464, -3.549041563871814, 0.5438363826252105, 0.861695503646322, 0.7211221720725052, 2.9030705025726347, -0.8108030924232512, -1.59527384458256, -3.032606977438836, 1.7360843662206706, -0.631868931722281, -2.750795579435294, -0.7088230899470404, -2.5491632519093286, 3.2103471454315455, -0.3152008974224773, 0.5631507120767725, -0.4901927752598829, -1.7666365012237948, -4.035749038082485, -2.4516276091396074, 1.6361516338834874, -1.0517384145363748, 0.4804991421239715, -3.0407202433380283, 2.8595529076014112, 2.305397864000123, 3.5840742624889064, -1.4826342797260144, 1.4123209667063945, -3.652745079707614, -0.3881392277015776, 3.609515160120093, -0.9888488042083039, 2.9246929426523183]",0.972972972972973
6,"[-3.717131042169955, 2.4733915300206664, 3.0377601203870515, -0.17025175211363686, 3.0189433026757206, -2.661089570849806, 0.7851831488330361, 3.7289618594874487, 1.5843688743065905, 1.7341231167650322, -3.3997910267189293, -1.17608603300136, 3.085618106445895, -1.7706755459305707, 2.3987989947917456, -3.9284677977736644, 1.0039763997767392, -3.913548116356836, 0.5959681193707256, 1.9662534627782537, -1.4699961678709088, 2.9017830468916586, 1.0859932585860577, -3.6263898926185147, 3.6617358902599952, 2.8169476478517135, 0.20430624698078925, 3.1140968869011894, 2.1539001572818437, 2.441843835299439, -1.913213453746729, -1.4750391995061867, -0.5410299152398086, 0.8813043244662212, 3.2901388779790857, -1.3434551251898226, -1.153750661473105, -3.536962432913583, 3.5151146102920476, -2.680374060829136, -2.4819221053834966, -1.0613054870594147, -0.10784503623088693, -0.2710678515178584, -0.125530445105826, 0.819643196024352, -3.84057251803984, -1.2052610942253823, -4.270429075040738, -2.847476454926001, -1.052735614348585, 1.280781763561022, 1.980648648689713, -2.8976208449997785, 2.570960041797883, 2.8885579008957887, 2.592172345730109, -3.619528364013014, -1.3252793629704944, -3.4198210077836055, -0.9073128763916036, 0.18157409246899459, -2.056491810325486, -1.5067438170245813]",0.9736842105263158
6,"[-4.418100701982574, 3.705458291874308, 2.206664776578666, 0.23015055943460744, -0.2272067389498178, -1.0344266682927783, -0.16660604913264232, 4.624576990993116, -0.3174153180945334, 2.4484508012492365, -4.070026088302667, -1.0045595725708472, -0.13686780066753057, -0.08754518333761196, 1.8389152231086046, -1.2889772670201736, 2.469597762944354, -3.4950692459510364, 2.4249138851795027, 1.773537639893194, 0.9375658769516765, 1.2397036686031833, 2.5640818828121694, 0.05544869122392759, 1.9603199709490005, 1.637161693313279, 0.3825441642120446, 3.8468864080281127, -0.7018650626573203, -0.6102293530398735, -3.975777247400858, 0.5678362795594663, 3.8166821928088055, 0.29810874141846044, 1.6478637346509164, -1.9391077914688135, -1.1594213663587105, -0.712827408362593, 4.364189529647096, -3.024816381542318, -3.5252543385891477, 0.2555912929475193, -1.2287714489405186, 2.910882994228011, -1.8192233404017597, 2.1666347331108673, -1.2520082479005334, -2.8021676707857663, -3.396597123286818, -3.647805829695681, -1.212600384832971, -0.45388535841661626, 1.2196984213102975, -1.727282759932681, 3.3090193694130132, 2.0279635802846956, 3.594748095850217, -3.606097901181547, 1.7159778332480666, -3.1449511115325075, -3.9466706358118544, 0.7677943038272041, -3.3919071876672504, 1.3070602368413273]",0.975
6,"[-1.7776063977607, 1.2832372278335795, 1.7929419605569876, -0.6861203534483439, 1.5076309551516742, -0.9816595455085324, 0.6138630255161095, 3.4657500244284813, -0.18651683949900646, 2.3788622800118677, -1.3539892111044574, -1.3119242083357598, 3.4636727395739118, -1.2827949111707235, 2.959760469535677, -3.9175650318455597, 0.9176909984722829, -3.243357464276916, 0.9842483355279065, 1.8361891908339865, -1.038869842280541, -0.12222506249240142, 0.44700464840289134, -3.2188861671108797, 1.8949015585611848, -0.12311414965566403, 0.3338415905058949, 2.2476881322357896, 1.189258709310763, 2.6863656791367516, -1.7419218976118724, -0.05213367317531631, -0.5622992866920569, 2.5629012295229496, 2.92695247668956, 0.8960563964273542, -1.870821853354514, -2.2798348309100125, 4.366407531643702, 1.2162195868256855, -3.17516612492489, -2.9501837412701915, -2.3766920287495954, -0.308726357663621, 0.28497147177248183, -0.7690438965101589, -3.927486756886845, -3.41433620463544, -3.226256472194106, -3.6287591669209194, 3.313218653623835, 1.9862307739133795, 1.5706597908114763, -2.543591595788018, 3.354535410574338, 1.8916224647734685, 3.275486901137489, -0.9206195592010291, -0.16684630224752928, -3.7075353131014066, 0.24943641747711465, 0.31836697800811065, -2.570558147115599, 1.6069169974081619]",0.9791666666666666
6,"[-2.6838518619594893, 0.9587756547676678, 3.8014302033595535, 0.902892134562701, 1.774271569655956, -1.9647567717186702, -0.598595191149212, 2.944556551911906, -0.6838245562659353, 1.69597586281219, -2.33079858616631, -2.2952930263328497, 2.396183508172127, -1.9306591696610649, 1.9029090617401776, -2.521267149367365, 0.90724816418899, -1.8582909970793775, 3.2215041331321395, 1.5831503966020954, 1.1024868943411161, 0.7532968017545969, -0.7553214312359599, -2.2868107434608316, 2.6819853451264777, 2.468975149958273, 0.408767141700612, 4.1741308716506325, 0.4609100331818041, 2.1264907535040862, -3.416158869360512, 1.6549486886697349, 1.1919580502526843, 1.7579285398265634, 3.070949263403649, 0.9214538204439549, -1.025222070835372, -2.415243121707377, 2.8345697999828072, -3.497704349050455, -4.261615088494144, 0.6159262356180321, -2.8743529279309894, -0.3659153775739501, 0.7423357944566885, 2.7182366657123067, -0.8278436995003959, -1.6514783799881452, -2.880307449591649, -1.2900907207827785, -0.33058086886456595, -2.2208182719798226, 2.9106290725762474, -3.0890859727268447, 1.7350986414334164, 3.2245210264087043, 0.9014990282649211, -2.0736718967040955, -0.8159322047291557, -2.9211217017595312, 0.9120583350716146, 3.2110915376412397, -3.364772986021857, 1.2803489716850882]",0.9791666666666666
6,"[-2.786209221721612, 1.7506837657424155, 2.243945343953436, -2.6869385963406383, 2.9374757984302033, -3.0679142875372025, -2.3692328826914686, 2.7386853171238554, -2.784011579162418, 1.5739197490189722, -2.3644536174489916, -1.818061661509902, 3.232696099336003, 0.45329243448239165, 1.7653242359432169, -1.962506521820481, 2.269120414212776, -4.012842916065941, 1.6296319124691578, 1.014724181750283, 3.3097022608262265, 3.2844534312505633, 2.4422505079158956, -2.9230496507283776, 2.666025661431188, 1.4853648195747857, 1.1912600376877247, 1.5045760025201516, 0.042911526025565694, 1.8114304375735568, -2.002248348815874, -0.7038109147296832, 3.8430581548187295, 0.6104479871854361, 2.607865151457873, -0.9317939186821753, -2.5826221661875524, -2.937936160552412, 3.5251445949205564, 1.1665012524163227, -2.5940862101031175, 0.8817314034799326, -0.7265166306948243, 0.8217678832642181, -0.07335390669554132, 2.241900686584911, -0.7515897958382936, -0.440389935764383, -3.819637112828089, -3.583315061637998, 1.4285508107370684, 0.49077708438793277, -1.9440699620751505, 0.09978322813998364, 1.588574223075756, 2.96080244408527, 2.264114010777648, -3.93946194538039, 0.5127380877277399, -3.118504761026192, -2.0142938249736235, 3.1206811103412644, -1.9780602158718779, -0.6429218967918833]",0.979381443298969
6,"[-4.16906970147225, 2.0980437598842743, 0.5211770107806829, 0.7492766823506026, 3.9503596853780123, -1.9797498367015125, -1.5577719951146514, 4.188146607502906, -3.825115868549926, -1.2423562428995196, -1.8192005216770706, -2.200865002951905, 2.8247495727343126, -1.7080328815497923, 2.596026816225708, -3.5165514973138308, 2.415212628242512, -2.887491463784941, 1.0974459052163301, -0.4253851336741922, 2.113147951352501, -1.8527027046094808, 3.299643588843445, -3.5283926435397186, 2.8387036913506423, -1.921354280178884, 1.1436802982345287, 2.460081313302035, -0.06159243445858986, 3.7605127390217596, -2.617704727882816, -2.171721482522085, 1.1024599043344765, 1.7805111280657464, 1.8234569730439496, -2.2322651768605066, -2.9080915379608165, -2.148464114090621, 2.7857530892100457, -0.9467895948486259, -2.5124690903133753, -2.182245271651945, -1.6354425936390675, -1.852012977182782, -1.2458701154569576, 2.5216584769163912, -2.52866814134787, 0.812539457358179, -4.188460863920568, -3.6728516903422483, -0.1008589597924226, 0.5981013292281075, 0.5472196714025798, 1.2247220869805717, 2.2502395625379266, 1.4238840519785139, 1.1257238180817208, -3.3844736515225127, 1.9701766393855404, -1.9399772076646569, -1.7935826845107026, 3.8025400442127686, -2.128932736910838, -0.12578452286934652]",0.979381443298969
6,"[-1.5765931966129996, 2.640124362094818, 2.179910377727563, -0.10925342808627814, 1.6848828737577657, -1.8288588562594659, -0.07689659949018257, 4.612314690725899, 0.20817700679478324, 2.413441133222654, -1.768528477556021, -1.8410304381539326, 2.620920659246776, -0.6394506379527333, 2.9468143695089624, -1.5842877594382572, 2.34355602980664, -3.4993780608144753, -0.036928079404129566, -0.5363104567512429, 0.41956700743372255, 0.9869022664576788, 0.807489879890776, -3.7245703682868028, 3.516420375437323, 1.0652373159177588, 1.0338577507610838, 3.8505343510141583, 2.380505251950474, 0.5039515000801723, -0.07721803264045057, 1.4253929717765936, 1.1177205494432787, 2.891981546696704, 3.62297604628568, -0.44867529919328325, -1.9316334109074909, -1.5969622727682191, 2.1561135443070008, -1.8131904935051557, -3.899830125317303, -1.737702448152598, -2.5925998945911886, 1.9019679721928857, 0.9360564758151195, 2.1739508110878702, -3.897489409163711, 1.1407678905902692, -4.2353902470227895, -3.090363334060256, 2.3290362612589988, 0.2664874236749633, -0.3672881281353413, -1.890545636962496, 1.989946894552654, 0.904400919519686, 1.494308416684456, -2.8883484000362807, 0.14970158619429844, -2.816589013480016, -0.09331916271157592, 2.9495169166863633, -3.5079256428339978, -1.2484590172559817]",0.979381443298969
6,"[-4.465184518998106, 2.411077778974399, 3.067791167012141, -0.12334102655855905, 0.5107905876242727, -0.19978682970563844, -0.8454697763526766, 3.1178397874117074, -3.8567298095791442, 1.6328261576984904, -4.2962051741201295, -1.9070619705033423, 2.780005122252729, -0.04637588213705379, 3.2444693653322174, -3.2742636401692726, 1.922101636311603, -1.6028101129876449, 2.156946853709857, 0.21621190663772216, -0.2287009670340241, -1.4262313518129557, -0.2139939556795445, -3.0764625297626678, 3.215410963087873, 1.8207135152024012, 1.451568303238105, 2.7920381057523977, 1.4480346479572201, 0.15787647509238267, -4.023489178447174, -1.0182355907852432, 3.7386090330662207, 0.4420833904865372, 3.5563517814680106, -2.4999365699118847, -1.0526590164031226, -2.457437250117599, 3.9829108914982374, -2.827902070178042, -2.7731970573684457, -0.27504758333024837, -2.332534088631369, 1.3219843133880733, -1.685684137785843, 1.4761614072640699, -1.4497514277172705, -2.104845350366027, -1.9872989788154385, -3.2356860822190683, -0.8211899237109803, -3.1697022537982473, 0.7520695001877652, -1.4979954960718205, 2.920929473955045, 1.1301940691263193, 1.961126572328758, -2.1793130784853822, -2.1660811261214428, -3.359857193633724, -2.480812486822582, 3.027602069419265, -2.6030493724409003, 2.6421496743978263]",0.979381443298969
6,"[-3.770630036339602, 2.9154675227535685, 1.3295080841532592, 0.9941763359711113, 1.949172931713636, 2.0592137704215943, 1.1821649671495769, 2.906826460378749, -0.26930204333492247, 1.5632942616686938, -3.1938710588898225, -0.18980117748554282, 3.241208168045252, 1.5318436184854711, 2.8091747922571275, -2.038781075552205, 2.0556452824825975, -3.069214040277135, 1.4805343589484448, 3.3852014099082357, 0.976786910151487, -3.2885251983687147, 1.7905323068396422, -1.9898443516674877, 3.743556238984419, 1.9914793497512209, 1.3436085049946414, 4.178760238872969, 0.04522467110921524, -1.255983233485654, -1.5426460904600119, 1.1397844166001572, 1.6417952318485942, -0.48204687105435273, 3.6228553740826106, -2.6033141932877455, -1.2900421096446038, -1.1882508508415985, 3.864699994319176, -2.5510692034988303, -3.7004702652886916, -0.37454675163558404, -2.616151742042984, 2.2664700267548725, -1.9872398898315913, -0.20725088837334016, -1.0659854379052784, -3.63834391983703, -2.6570491283097404, -2.617268956620239, 1.4629843179756146, -0.5657375301076601, -0.11555144065149214, -1.4326124737487118, 3.3866091044738553, 3.0945903153277725, 3.237374611232904, -0.051353470961493564, -1.6452377345200193, -3.5936033328695225, -0.9012809822409011, 3.1757996825885337, -1.8119868117835825, -0.6884425223971542]",0.979381443298969
6,"[-3.1601827648239187, 1.8547885746925834, 1.040178234688463, 0.7798978984714988, 1.3401125997702796, -2.0103098793438257, -0.6483375868241317, 2.3899190505499837, 0.8304461037137292, 1.694772902289486, -1.6735384459470497, -0.6582602641664893, 1.1079051278081185, -2.2037759321050885, 2.2593618395612394, -1.3850861046053773, 2.1899985790058727, -3.8684322470625183, 2.3775916828255905, 0.9461195618008862, -0.7065998680202904, -0.10609164696166708, 0.7046500520674766, -3.7401329762641815, 3.3743893038252155, 2.3282988872718113, 1.3195567063210043, 1.898676625085792, -1.0935665737312514, 1.050845535153376, -1.9123373176799745, -0.9624247577313306, 1.1959328445898167, 1.5007002080275318, 3.032925380837133, -0.3122791912609406, -1.20343041420214, -1.620271215523104, 4.359940442017819, -2.545379068813851, -1.948588777414142, -0.3821078022156036, -2.7997921840517335, 1.5571197354421042, -1.4521894723480993, 2.2286498143203115, -1.860486197215246, -1.4217937555356537, -3.9032765970890653, -3.336699699392798, -1.7699548484583616, 2.9138238846881355, -0.5362922622983064, -2.5202797789051035, 1.4279522420678745, 3.4988078827970597, 2.8469320738217023, -2.25119916257612, 0.13422349378959608, -3.6917034314335795, -1.2053129813843435, 3.843690810475932, -0.3587661408976084, -0.3021548917651433]",0.979381443298969
6,"[-4.481060588336056, 1.110659612360535, 1.4575927311559584, 1.8152255084645312, 2.424654228478401, -2.483878199840226, 0.5072472377999852, 4.563585291597873, 0.2643336876162933, 1.215240278500271, -1.7242226575141475, 0.3991578010242355, 1.9698228817501011, 1.866114999649656, 3.1562622922712973, -3.357151605967074, 1.9681896037417657, -2.228890426983401, 0.9232325006283804, 1.1294279289222988, -3.136509982736237, -0.6970561809200484, 0.49655157486026535, -2.455963331307563, 1.776549204584541, 2.5623560062109654, 1.4811555609780098, 3.2195423380309873, 1.5986877748129331, 2.5621877370007176, -3.9119821681191915, 1.9075047329925394, 0.23618044944557093, 1.5014315169316566, 3.051133412539816, -2.0631309750727618, -1.7493078686195187, -3.5181210410272867, 1.0742530427666654, 0.3878503638783988, -1.255205726353744, -3.5674247304213584, -2.788633114260621, 1.1186609060131045, -0.2618644565380899, 2.7931991804977634, -2.2135556005494195, -2.306062196776214, -2.710133637397929, -3.2220385176534974, -0.822653790204755, 0.9087262224494462, -0.20447112779592014, -2.2004843720700142, 3.3884251308737507, 3.5243496647260653, 1.0225791616029358, -2.8190344356206944, 3.6282403323225068, -3.099350100967488, 0.008428978043459656, 3.8418401359089245, -3.877451630058137, 1.5022510347900617]",0.979381443298969
7,"[-1.8830487330216414, 0.8955647577878416, 2.144037824686227, -2.219684122176047, -0.9244474954820239, 2.149676874202955, -3.8266194712319606, -3.1700368295966563, -1.5328273996486226, 2.283858420163002, -1.0803548078632887, -3.592599951371874, -0.9805510433151714, 4.043675334710276, 3.5287231945776676, -0.3485431704712967, 3.9745588829304097, -2.6597842485506344, 1.6670547986351267, 3.4468710688940516, -2.922769446831251, 2.313431427113058, -1.9706422801273176, 0.5832722604396479, -0.5403437265418254, -1.1351058171964254, 1.4015871907672506, 4.198232854736062, -0.31129523661729763, 1.9304865481461826, 1.5147037288426088, 2.69340830430871, 1.3758636161682931, 4.298565640159426, -0.5593999807336809, 1.366308482813358, -0.4791449081251885, 0.9764939287938208, -0.008947740705196106, -1.1109564180330698, 0.05725559567972738, -3.83924461583776, 3.1244028780262525, -1.2836862132088644, 4.140521783774936, -4.429349382749145, -1.190753556193618, 0.42100225262202323, -0.6829560271249986, 0.5780790018895667, 2.086246565451025, 3.1678729568210406, -0.5373472111305845, 2.1131029149355935, 3.062164167989883, -0.12052770681515601, 0.06024132405821114, -0.7860153428325596, 0.7073605693237155, -1.312204221589023, -0.35680243107244947, -3.6079433505905394, -0.8703953033740106, 3.236722578613835]",0.96
7,"[-2.2564216785431763, -2.4518281322209643, -1.1565903804972617, -2.642895077305301, -1.4155327642688211, -0.2733440801793816, -3.5637676352127596, -1.942382230142479, -1.850323605648686, 2.058069170717017, -2.8445229017882987, -1.1883696701354123, -1.9704266213218833, 3.5893111806703533, 3.7905512624335214, -0.6477183398962283, 4.03591314230105, -1.5074305733895759, 2.9284607370935083, 2.7533321706241303, -1.8282056595840874, 1.8359241972149802, -2.169077115589711, 2.348909940965713, -2.7374719695772254, 1.9759993803574232, 1.4707569891312475, 3.664322464641343, -1.1922264107266274, 3.743781251738997, 2.4489800562307162, 1.7025796072208301, 0.6163076709812475, 2.857172213817721, 0.9441422244665323, 1.3310724582300646, 1.0718362761975198, 2.6146035952872593, -0.8039084384464724, 1.0498818820171811, 2.2100042580914714, -4.12310339508865, 3.9804995218810113, 0.03820993383885929, 3.9985238441701347, -3.772856868165638, 0.41705467608271407, 1.721861532980661, -1.3552357750685808, -0.9142496487635636, 2.594795382263783, 3.116348299637338, -1.3871073783985206, 2.7751601107785513, 3.3003643611736635, -1.8657441069164957, -0.33204963467621773, -0.3218970845218817, -1.029262935437896, -1.6046360924989287, 0.9651438182748159, -3.46409833427336, 0.7267997432256605, 1.7347147424870835]",0.96
7,"[-2.615384824574533, -0.08042674789768411, 3.660708323598457, -0.7736694887406985, -2.236699220525894, 3.5740717879534696, -3.6819907270577157, -1.4541412093163988, -1.3750554478047032, 1.5956376746927754, -0.7462542681196231, -3.0435411386122078, 0.9102118593323758, 2.4476489316839487, 3.237897190849652, -1.2021079774432877, 3.7673031525072993, -2.8348223404604003, 2.2184130462639584, 2.8102728928544725, -2.5328013769231577, -1.2431418790777489, -3.1867778312728303, -0.45265467470983967, -1.8628729494675356, 0.8183573641185171, 1.4805795606759218, 4.119619201217564, -1.0713499995502123, 2.423328472896753, -0.4119988844367495, 0.020302145377276037, -1.8928876352238713, 4.217472911422384, -1.1189287623626587, -0.3463682933101955, -1.0156937623148203, 1.9897010272792985, -0.11481087827336653, -3.3674252410986054, 0.19926159889146536, -2.9711581159315923, 3.4454661540838667, -0.7036538213314623, 3.805164318807526, -4.60421385625937, -3.16632784525814, 1.6855801707546396, -1.9021104274329839, 1.303856655133964, 3.3261080220763013, 0.8366276077825914, -0.7995894176047178, 2.7998230530470334, 1.8534454798691236, -2.0066192207495783, -0.15749566314510546, 2.404000779098564, 1.8753676736650957, -2.0274291279810503, -2.765564735810151, -2.0550862620894508, 0.06479105510327154, 2.556889447738926]",0.96
7,"[-2.8272658985520303, 0.5462356017472247, 2.564921099215885, -1.3809820851372843, -1.7257380992268505, 2.5983731064681845, -3.069734123259031, -2.532168256469282, -2.507685100006004, 2.458098367836259, -2.677514842256195, -3.7260782688143466, -1.5728143915856525, 3.7244868116336867, 3.469159580134224, 0.01021494246436444, 4.031512614887687, -2.3055030977274145, 3.162211826635096, 2.058657865891613, -1.7076490403324858, 2.74091362654762, -3.3032489647413867, -2.6794206338332076, -0.3885158084802115, 0.04864510636429675, 1.4876693577365432, 2.905481353413516, -0.24467790366235256, 1.2499726316224242, 2.203946632987314, -1.2856838318056476, 3.774968547288711, 4.271869090775903, -0.30615868930732487, 2.2437185946142764, 0.8796254165326515, 0.0413600774715176, 0.5509443086355621, 1.1520102053042938, -1.3460352869703558, -1.5371219126824078, 3.6281839559051803, 0.6878628914285185, 3.778625332559551, -4.612866613116286, -0.285121405272478, 0.05197815223272373, 0.9888731961842381, 0.15959826604963273, 2.541692609377991, 2.57357794496823, -0.36292677031944953, 2.0244927051153407, 0.8535052194164723, -1.9629665536819625, 1.8561790282300883, -0.8958317094236271, 0.36718021748941043, -2.017383266384285, 2.071256380106688, -2.0639039113323547, -1.5111841782406144, 3.1687806776280634]",0.96
7,"[-2.0870092192354095, -2.2882379413725467, 3.573473377740116, -1.896487014248749, 0.0691215405100839, 0.48278540809029336, -2.411702126122894, -0.02997437928216584, -1.687025618527193, 2.0240617749830463, -0.00998808346650315, -3.306235331666323, 2.388394375933932, 3.691635307957847, 2.626309469779117, 0.0910589049566774, 3.9550234585227755, -3.6670548159335405, 0.5564393334509674, 2.524310298140091, -3.0373579231976118, 1.1138783634307892, -1.1092347157348008, -0.22788269961923646, -2.6750650294745957, -2.1876836533076456, 1.430491131638225, 3.650117660867039, -4.2094899834506565, 3.236149120555342, 3.2743816327821276, 3.5709765002703966, 1.4965303403638206, 4.421063365175063, -3.057745730498755, -1.7477686533889176, 0.5798359900000282, -0.44915620989125826, 2.5971710550969282, -0.1577887799648553, 0.33679336267342086, -2.503103762856694, 2.7366268941516965, -0.28163379568217883, 4.078917730280492, -4.015742416840542, -0.2029977642229781, -1.0104224751849844, -1.6474879176389545, 1.3153611914134746, 3.5692085524650077, 3.208234211900412, -0.525353794301867, 2.2198515446508216, 3.3044858405646864, 0.6420723495559966, 0.2182607799797721, -0.6184933276376925, -2.5988423024786798, -0.9560177889917686, -0.30754749870347275, -2.886901947244257, -2.6224285943811756, 2.9799575427256535]",0.96
7,"[-1.4650342476257112, -2.4515365554543207, 1.7921560892818922, -2.409044973867819, -1.1565238590658558, 1.1779066136611522, -2.954597231657665, -2.0617005682849436, -3.7271995351640763, 1.98676720572838, -3.4524557788521104, -3.72673853608471, 0.34975662304282906, 4.298420123153777, 1.7278649769096142, -3.29472003977342, 3.9871292531639315, -1.8587633308342064, 2.7362637011110684, 2.8119046259296803, -2.446386009704627, 1.6565865227786614, -0.5866695075436639, 1.0203147272982909, 1.9752868783980384, -1.8606850801467056, 1.2697928718409328, 3.916244959882911, -1.1630647470435311, 1.708305654294228, 1.7020357711836613, 2.1639017290321756, 0.2317456699883078, 2.889168951684956, -2.85552136123723, 2.112719479364015, 0.6229999156417085, -0.4415220718776749, -2.147794960764756, 1.936519037905559, 1.1519649980105986, -2.9640163363814795, 1.1697888327144117, -0.8372776248140839, 4.0376039369839125, -3.676430842716149, -2.367974075229813, -0.525652928708843, -1.0144583209437839, 2.753296023764076, 1.7057071680286577, 2.994713060807745, -0.35706815561678606, 1.2468923081063243, 0.15812891416144437, 1.5247122024001443, 0.27191650759757224, -0.5278956387995263, 0.9472374980381786, -3.1005849546708957, -2.582537525328822, -2.1660051393244504, -1.5583761120899307, 1.9528778777021252]",0.96
7,"[-0.6412378873076074, -1.430691288158473, 0.16855000203565207, -1.6375338175452292, -0.5756417937851225, 1.7262464952302639, -2.0239498048180087, -2.6043665003108343, -2.9432782724383335, 1.9658060954689027, -0.22713356879423752, -2.5062155045235204, -3.6872114459669074, 4.188001831132485, 3.514623276266989, 0.37397934795749155, 4.037760177669728, -0.8763525254950324, 2.243347010915219, 3.3132038560364414, -2.6926513874368934, 3.095069019990713, -0.7827105407562303, 0.30988920909352374, -1.6464247184537197, 0.9285955565301784, 1.4573102680673957, 3.679771559223433, -2.010373655012329, 1.4872361834192411, 1.671125099585783, 3.4235711299916978, 0.25225132677533324, 3.8955560601679733, -2.9054750125158613, -1.6619027589798476, 0.3015805637517767, 2.249412035404175, -0.32989523068593873, 0.21990953497839127, 2.5540088331953577, -2.2548134566009432, 3.0616472005254876, -2.9185186236268694, 2.6452145834334115, -4.234604146736551, -0.47937177269773934, 1.131810732849177, -0.7871177958140426, 1.5354957060871786, 3.225697736937116, 3.0645210503127522, -0.9476200945722038, 4.2654211775870525, 2.8135122182007724, 0.42811176857475314, 0.9335590574169534, 0.14290884433679352, -2.7595125632859263, -0.802375266725073, 1.644347591414222, -3.705590332162174, -2.9750830856441928, 3.204935949453908]",0.96
7,"[-2.7078854718374346, 1.4503917303042875, 2.1443727004174815, -2.7006048269421274, -2.013937708132186, 3.3218616950318753, -3.712865361306789, -0.9101368161257439, -3.847469565725351, 2.442461077202018, -3.323717881944705, -3.6005704717843945, 0.07900046360659196, 2.9903959039340764, 1.075513762207159, 1.0721012830851857, 3.7969660085283734, -4.0527991207955605, 1.7641014824624466, 2.7304602397944775, -2.8170480815323162, 3.013742964860082, -2.087522252224147, -0.4829256720088796, 1.2320041986838701, -2.1984274192357502, 1.4294520975140261, 3.5016925898498523, 1.7060077197426238, 3.0804035108919883, 0.11527828779945004, 3.6264625025182875, -0.004320969869537228, 3.055553667653461, -2.2255383163808062, 0.32682546850039984, 1.194502658963553, 2.9300663434898437, 0.5660041614475473, -3.49614270643578, 0.48866905453371795, -3.413319910760661, 0.9286080360065672, -0.2117072570554247, 4.142835613572555, -4.410349163746076, -2.3700628047298116, -0.17024607154482818, -0.6826337733179743, 3.1389900511112154, 0.24919403086778535, 1.9779084244462424, -1.650449250139881, 3.5271549879057393, 2.4325309206114323, -0.09607020527476356, 0.16386133754540957, -0.7495870885963671, 0.3390159536541578, -3.7853678535452597, 1.570215422689482, -3.8945959694561454, -1.290375574985922, 1.1036551933915133]",0.96
7,"[-3.7475949831889945, -0.667095346945653, -0.43046556823409277, -2.5177116621966227, -0.871217918580511, 3.0885688696984435, -3.2905330533903783, -4.413809565127257, -0.9397315238065436, 0.49047479482342404, 0.15157449404443502, -3.270605575423352, -0.7520496165888185, 4.52146843689057, 2.3964527315644326, -2.774430494382491, 4.027238034852592, -0.6825467596620765, 1.022169698628133, 3.0602360263997697, -2.9806620670773185, 0.7105902649916516, -3.113815455750482, 1.3648433438161274, -2.765380059598199, -1.0160289883433455, 1.4890304774776162, 2.256919786274146, -0.9555598627049582, -0.32161871472163295, 2.9924128283427027, 2.762449153531952, 1.918613161026057, 4.320023270247816, -1.1282735168104014, 1.354140837916379, -2.516312712530488, 0.35618312160023297, 0.489156206637379, 0.5087266964283781, 0.26264112596646716, -3.0952661283469087, 3.3848193315796715, -0.9048305395381064, 4.0551159707208395, -2.058083893100952, -2.7731186773046854, 1.6483897907134197, -3.207163629727394, -1.029933846102446, 1.9254443166914532, 2.556094309179154, 0.08804242386680594, 1.567712953408718, 3.1014491396356503, 1.3659638426571574, 0.24327635153795826, -2.1986956282822137, 2.952519694696814, -1.801591071284165, 0.005912323071701836, -2.390441738618774, 0.10708714864322721, -0.86293462230807]",0.96
7,"[-3.116531439572167, 0.21044288336121034, -0.010433129960642606, 0.7936205349012582, -2.004042126214606, 1.6093188477018383, -2.1685142525770154, -0.6965803197603364, -1.4721379758148005, 0.7446600323830515, 0.34456915589100146, -1.0120767398566257, 1.36379189575121, 4.461373153205959, 3.781024041984679, 2.2559310238492936, 3.93800230442109, -0.8789930414707054, 1.389776228078797, 3.438552381264202, -2.988269626049867, -0.5774921878206669, 0.11758018205271337, 2.043672361730288, 2.43672195424253, 1.1130242413231575, 1.430493757636026, 1.8476293986132797, -0.4698160514796173, 2.3135115953736767, 2.1431819230020914, 1.002929280160612, -0.5360104960587246, 3.78642450545069, -1.9172532035865417, 0.5345491974078234, -0.626067966976086, 1.7412214810410316, 0.5247300362531444, -1.8945305066189109, -0.09994856319734433, -2.271207473938323, 3.163127962784134, -0.16792681332871173, 3.2804994021086125, -4.318525884281205, -0.36307732251742575, 0.1996628829000336, 1.994657204814493, 3.1496673900138954, 0.5177155458977247, 3.147885459602111, -1.7330020207891668, 2.095333363960101, 2.658824457602005, 1.3785651356044522, 0.7180421972732276, 0.49608402271068786, 0.3134480585195429, -0.2531646046324141, -1.2200068700621187, -2.0025841503847306, -0.9349069270505991, 2.916192591609696]",0.96
7,"[-4.163583253639117, 0.37338726768914543, 1.2422359524748376, -2.8427508221365017, -3.1200106126694105, 2.1870425838841623, -3.7595404938022057, -4.407657440127341, -3.5053283653082947, 1.4375695534987578, -2.054657325878254, -1.7926447056405994, 0.1906116383662153, 4.110397620738939, 1.9532178529498148, 2.45733915292089, 3.9069342353165912, -2.153420014840213, 0.44124080546698363, 1.022846770868651, -2.8298781450114836, 2.076689241985842, -2.8704821274347347, -0.06542076034685107, -0.4658242681032438, 1.2822930649038566, 1.4886145710654217, 3.0369154293826823, -2.0627330400131028, 0.2981884458801314, 1.1685156904122107, 3.252213244174723, 3.38471315937125, 3.057231509888663, -1.2200999208839658, -0.0843501362943182, 1.8779301262338182, 0.18931980991035402, -0.27644466283220065, -1.4276989461740102, 1.554451440489702, -2.8259434115163593, 4.144886561940361, -1.9427477423089194, 3.66394989592497, -4.434902392889164, -1.3502096535244759, -2.3351963690578823, 0.21998562681186262, -0.03526395294225515, 3.569123528650153, 3.1156735054629126, -0.5248538232956587, 2.732931715562092, 0.564464733395857, -0.3543145084343594, -0.5048630648065258, -0.04184752383704338, 0.4332971885552767, -1.6037646151116027, 2.073382505958962, -3.9514093200051237, 1.6890045757463539, 3.187661801923729]",0.96
7,"[-0.3413081795194488, 0.800170354374806, -0.5453229006611082, -1.4309795479460705, 3.133417693476355, 2.0578485680257144, -1.285744691756217, -3.1309635217412537, -2.0648429509917334, 2.434286997429311, -1.7675396778454933, -1.5601711851080713, 0.28496009898612407, 3.1671667825009524, 2.215426390158627, 1.337904501625182, 3.8736927725733983, -2.249756364861436, 1.844910837245032, 2.813464303126725, -1.7755554581510216, 2.094419087675692, -0.4825273350161756, 1.539525145051237, -2.565461194114333, -2.455300941190446, 1.4518644087052137, 2.836153674911442, -1.617884710266901, 1.8189328932987006, 0.6687102757092409, 3.65407724234792, 0.6939037951467895, 4.398056034076043, -1.8765364782616596, 0.2553473546203411, 1.0190971853997774, 0.9935951048406351, -2.1785292953280724, -1.9069808223354183, 0.9418121945367183, -4.173862174388534, 1.988809920813797, 0.6344976813059664, 3.939957336632134, -4.58163388427689, -2.1537381665310766, 1.063281562258147, 0.6728071377512534, 3.580515937144059, -0.1638690646003753, 2.059587067173272, 0.71775732846306, 3.1109536662834825, 2.2143446854565325, 0.10681804373909365, 1.8185274097673314, -0.8219512094434436, 2.409354607724801, 0.3656916611782275, -0.19080091504531746, -3.5944551215140157, 0.5977644084775842, 2.890487047341665]",0.96
7,"[-2.038808943221621, 1.4459718884908404, 1.8330550678110196, -1.8793166113674196, -1.2710160000589132, 1.6628098495038586, -3.8850588724326074, -2.522448577041031, -1.7051040018680599, 1.158205016920085, -3.651745041850262, -3.726743561715311, -2.230235924014446, 2.954663223170985, 2.2959104213274633, -1.5729481553225673, 3.889930523897233, 0.10678306311124297, 0.9388479486029019, 2.2835738754474892, -1.6441641890193281, 2.458773425875901, -3.1486184670292103, 0.5535401820879333, 1.4622331322511153, -2.5375327450971854, 1.4431925441655171, 3.8201901894357237, -2.725207016023579, -0.4693454770270198, 1.7569363903367354, -1.2969092819986185, 1.2914224316759995, 2.1658186652636156, -0.11656287690705569, 1.682636832919156, 0.4611367934790436, 0.5281439580324593, 0.7751514146443519, -0.9632493679792606, -0.934305309315582, -3.503753616314156, 3.3261713060069145, -2.5053779216746754, 4.046595749540612, -4.582752492206059, -2.8636740090753086, 1.1428854525158183, 0.47401204410164866, 2.7088473064165597, 2.2001625391019113, 2.2902245236867707, 1.2377752277078615, 1.5896183452955235, 3.4106002706033385, -1.4332885998698128, 1.762177385139684, 0.07757369571531048, 0.6131485962543284, -0.839535350319196, -0.7176410272257677, -1.756801457738005, -1.0429344712274131, 2.2336417380812135]",0.96
7,"[-1.1986287264289917, -1.4734992288149475, 1.4093046618741565, -0.11235145609081698, 0.917671570653183, 1.8463142860721977, -2.6902888279632897, -1.7180286871610708, -3.002708133629435, 2.447630640811293, 0.6866286928137134, -3.2677862683570726, 0.8353997122472443, 2.932582455103722, 1.3805828633438875, -0.5587922637859832, 3.7782350950776795, -3.537734056917343, 0.6703438697263844, 3.1315284304393565, -2.5973922746822824, 2.4076492890300445, -0.9276174637363681, 1.0688550135587636, 0.22640175697219228, -2.6497879018421218, 1.4746232446491396, 3.3046990220277146, -2.039926942987962, 2.7315305901864066, 1.1945661486957377, 4.152695335320911, 3.735844082883392, 4.328605866770558, -3.0469037607224947, -0.5362174760492999, 2.242475925405855, 0.474028497969295, 0.10980687673585016, -1.2344982587299227, -2.7911388531008945, -1.8581952277181553, 2.9240007271235973, -1.5169867469353198, 4.133733904508017, -4.086138746245099, -2.968138972027449, -1.7805480628269876, -1.2671473385612864, 2.110372681815132, 0.7022132049325036, 1.121903786589309, -1.28496213509379, 4.376095373534991, 2.2408453971197884, 1.3221209349074778, -0.5648076135421051, -1.8136244047310157, -0.3627383511877653, -1.7931013466641519, 2.2465040120267155, -3.5510507080856826, 2.1164396996110626, 3.235941751538621]",0.96
7,"[-3.6982276127987737, -1.0776376738134048, 1.0163939960271677, -1.5614086061271442, 0.4864540757039264, 1.8823014794187107, -3.304172384246657, -3.5211424735340375, -0.35346826367998063, 1.6734434973945813, -1.8801416864650418, -1.451763429783925, -2.9488658631840883, 2.924153140883368, 3.7200476556309123, -1.2116283041762286, 3.7098012861711753, -2.4954959530551606, 0.7736957294641185, 3.4393088610599234, -2.1608719941883954, 3.9462349115731743, -0.7100137228104699, -1.2116596981673342, 1.3872641654610431, -1.7086291137415937, 1.4883782153425968, 2.7142013014756903, 1.3350689843760253, 1.8424921368001854, 2.2840506777166847, -0.36123034065281256, 2.589182218065231, 3.8994887819474164, -1.8750291059177977, 0.8650390809553528, -0.435749308352919, -1.1669076036744117, 0.6986318640953515, -0.5516394414597794, -1.2985136701425788, -2.0935253832744376, 2.7660578688885495, -2.812463937717671, 3.038136288317785, -4.580040451888097, -2.489029643364221, 0.360632137975201, 0.014460784038444974, -0.7162412926357711, 3.5278974643570926, 2.4687245656868653, -0.4106906441383094, 4.158489207600381, -0.15370199170774157, -2.46400973808471, 1.3036888513346672, 0.2670082732928595, -1.0926729259389647, -2.5173576525926, 1.6627557546339058, -1.9237569613850798, 0.2668550760540298, 2.453958607825548]",0.96
7,"[-1.3206133588745592, -0.31428976087474053, 3.4257331763877845, -2.296964755290372, -2.364494872989721, 2.6998960124544906, -3.757555802700649, -3.430058264687027, -1.1438246595958004, 2.447213194149712, -1.2955618420716273, -3.583116090587032, -1.4974211802743702, 3.2840675589465307, 3.6471525612531384, 1.0929697097813307, 3.6455697143741115, -4.156866933396323, 3.687331481707408, 2.6494157789705164, -1.421355762232218, 1.7320603792263765, 1.7093622246905935, 3.2043677360871654, -0.8889416140098443, -0.6495329083703653, 1.4885391714808458, 1.2106084895631541, -2.086782822110816, 1.4470303351805698, 2.7702895648770025, 3.243559592022634, 1.8456013989409756, 3.4244987079148212, -0.3153760539066125, 0.7302571144435326, 1.4536784801308773, 0.8345524478930814, -0.06188153550666978, -0.8489935349066029, 0.29230671527846497, -2.2228568250458993, 1.3036381307176905, -1.1875186748502442, 3.9240684766312297, -4.098634742268851, -1.7930532336803022, -0.5128643314451463, 0.32486215289637377, 1.2895466606011126, 3.5661354216041796, 3.001454007545086, 0.6437293524571999, 2.230620580438302, 1.2481281569091915, 1.1781115481518243, 1.034635789625707, 0.702263563049191, 1.0846176135957757, -1.5147090717508511, 0.32535838023106334, -2.9331660291385484, -0.7284213596397175, 2.7397807202711935]",0.96
7,"[-1.77281599063471, 1.264295464856854, 1.290368595899221, -2.841808039983755, -2.1177751589994034, 0.9968069869239711, -3.6143633992216926, -1.7435025687291223, 1.1390997957451447, 2.2159439698801218, -2.347234502070014, -3.1325146893913205, 0.9047431533480179, 3.465875751470238, 3.7439531974306153, 0.8625753781548812, 3.9657797785391713, -1.69243654667057, 0.24279552964597695, 2.9665213954734106, -1.8077658213046268, 2.7176992809300984, -2.0494455277003016, 0.9506446474916826, 1.4435192972563802, -2.1045655004181154, 1.3468047828472751, 3.518285056988645, 1.2755080624524215, 3.027507513105638, 1.0977211347126525, 3.9262522325805898, 1.3464560722230032, 4.31433509300605, -1.8930173226061218, 0.1792529058117458, 1.939619717803969, -0.1823957765289116, -1.5053950502651159, 0.8199036938995679, -1.157568114075924, -4.109459500421298, 4.156473839810292, -2.96999320016709, 1.3943830450307693, -3.6388867028369525, -0.8294805912043448, 1.5457987587933175, 0.30833280986820677, 1.6838349739250646, 2.9674044605011156, 3.166808114077761, -1.2965057615499775, 4.154680284869211, 0.9416360176851637, 3.152060162290104, 1.9597253523190155, 0.8929672874000639, 2.430145655943403, -2.049268811992675, 1.9782892843117812, -3.0354391296796246, -0.7164399793808797, 2.813005073831263]",0.96
7,"[-4.407277579918502, 2.6424887507351738, 1.548165049532869, -2.398271126774318, -2.6755051946610973, 0.6035581500202674, -3.0317583661448158, -2.7053418699987475, -0.6315313950443371, 1.5347615216966561, -3.9055854879291316, -2.1534624715033934, 0.6401605838021593, 4.301342925660818, 3.7658300478499243, -0.5492145518566155, 4.015752993038686, -0.596215448344481, 2.1144434860753347, 2.347559955024133, -2.062839835104925, 0.2958482398935418, -1.269324632478085, 2.6549330598144985, 1.3487115798584148, -1.542062701798996, 1.4704152963146735, 4.120900240720162, 0.6952539470808585, 0.5516418571692807, -0.7626638130450927, 3.411597110513324, 0.09486717943042078, 3.7259992551206684, -3.0709645837895607, 2.9520485334891005, 0.20998257970455061, 2.8364043388501914, -2.3661993293000663, -1.8141326398760662, 3.7825313273794334, -2.8013145768169934, 3.4297801500025873, -0.8371310228570223, 2.0086072236315227, -4.402723502714219, -2.8037853245459505, -1.0539170277846601, -2.4165128183287985, -0.08940348918557905, 1.2480681541957674, 3.2790615924213418, 1.0250190493431086, 2.1193618477425593, 0.06305279214324688, 0.7527540434022307, -1.0877512394829392, -1.4770648306424583, -0.21500873515788754, -1.8297498085317068, -1.5119780312525222, -3.2513742055937978, -2.1499328935965245, 1.0639628380024786]",0.96
7,"[-3.4232317035834074, 1.4292594204950586, -1.266123316851441, -0.5888637235976217, -1.2988477140546242, 3.145787905552633, -3.879433624694848, -2.5415822096003557, -1.7652614117088097, 2.056349529271416, -0.5088071091696624, -2.804546820332931, -0.20667564176268255, 3.6128621526215916, 3.7745675128189005, -0.6652539219892462, 3.993727338028897, -3.8821729296640752, 0.6183110006080235, 3.3535823815522807, -2.593230783899256, 2.4014651270809364, 0.5679701535946833, 0.24392882630940627, 0.9438403815802626, -3.133239097365771, 1.2406798980799447, 1.483381379578116, -1.2227215345778037, 1.244286161441418, 2.8245734965992098, 1.1400866464852422, 2.2842341973271987, 3.5929835968622443, -0.2268668335321833, 0.967824624254469, 1.0056029305438707, 1.523607001588826, -1.382332391379612, 2.4041840953208258, 1.2540184727538464, -3.9234511645668255, 2.0600122600078388, -0.43031253210597675, 3.6566227344099023, -4.560577127512692, -2.3704081247671693, 3.886647291507208, -0.6080389970067857, 1.422323594210859, 3.1210479191332503, 2.0400533321348817, -1.7247448312641391, 1.469555669064064, 2.4423365503524517, 1.6491390859601416, -2.822886349558724, -1.0584153623322583, 2.073599895300505, -3.58532532553088, 2.815290555075796, -3.1628924307441175, 0.42061004660270906, 0.9854602354375483]",0.96
7,"[-1.093292791283075, -0.8276638157357065, -0.5151869961755398, -2.815154591670386, -0.10646114987712663, 2.208695859806502, -0.6117990078512401, -2.583967327846218, -1.9510518162675274, 1.1873266803427858, -0.25120431854891234, -2.5275224488667147, 0.032509279518781464, 1.5514280515613272, 2.6907421483634426, 1.9893512602374614, 3.9723923472868545, -2.089703116793068, 3.478320761392139, 3.445958390207565, -0.7503192739682083, 1.084718721710733, -0.9098807452947874, 2.6659711458496105, 1.8056394499788753, -1.1659003858455255, 1.360759513885855, 3.4425724633521537, 0.4340667892398937, -0.6861613936827609, 3.2641920269455644, 3.0918785903229846, 1.3627366791023003, 2.7076877778500767, -1.7575413708425827, 2.936846951328602, -2.5785782362932124, 1.1284772469000317, -2.623525016239639, 1.4317672872337364, 1.344473858091209, -3.6344676851277304, 2.157196677620939, 0.6271425379015474, 3.299404121486202, -4.507083539329567, -2.45514622258796, 1.0077598499089406, -0.9942296619330745, 0.5807343507096134, 3.526388064080359, 0.7375641539281501, 0.39017991860525136, 3.4834917028049284, 1.9591509855419542, -3.5249526529558706, -1.4973252046372694, 2.0123037653998854, -0.9615536712822991, -0.8572941563914394, -2.627686864133272, -3.556425698385066, -1.9891650284804792, 2.724039341721091]",0.96
7,"[-2.837683209786314, 1.3131079669450707, 1.8014944061388476, -0.3685846016841645, -1.71235766779629, 0.07384550368212084, -3.7475826670939894, -2.780320020382428, -1.3020239516902032, 1.5751632698597293, 1.1272051863549621, -3.2384785272611865, 1.4645390115365124, 3.425772851195053, 2.7057674852167186, -1.567347385444663, 3.917147751688034, -1.9050614076224825, 1.0634171487579134, 2.962197421827895, -3.119751068883145, 4.278592325485982, -2.438275672942418, 0.23352244082261808, 1.731541206793088, 0.6372399333356275, 1.4526155462239845, 2.7923697888960732, -0.7598370545641275, 0.05405362669686009, 2.234289614083984, 2.994073505306823, 2.8991701360235402, 3.8613412199411825, 1.2288752537059728, 1.8046696558530413, 0.19391011216424842, 0.5718506702566848, 0.43163688984839804, 1.8521014379142577, 2.0003740543280233, -4.058034350496057, 3.502218000268015, 0.9502776919839879, 4.127588473111092, -4.609451525128764, -3.18439091155264, 2.4734526141237665, -2.0091608929662854, 2.182111037909745, 3.1160590477653023, 3.156472034176745, 1.5483056506620554, 2.8966487198134474, 1.590370614268158, 1.3464911526791359, 2.5193136840998736, 0.5468515826327164, 1.7715482005910577, -0.9158881666550892, -0.574053694456438, -1.6002176528101926, -1.9096544381830256, 0.8493843108174883]",0.96
7,"[-2.34456131284786, -0.1644773789803713, 1.361463670909695, -0.07167158990811107, 0.8086717698027047, 1.621029118476549, -3.1591468918440917, -1.6601478193061798, -0.23446893332975205, 1.6217226446579662, -0.3003864008755561, -3.2108067332536705, -2.799731869972518, 3.5753807279244523, 2.5965622808214714, -0.0457688494459849, 4.034406153075591, -1.4146578969649362, 1.1644650674882846, 3.414710503007005, -2.6023555918387897, 4.271432411503538, -1.1302863154069651, 2.4937875756178007, 0.6087986271828882, -1.2372611477349933, 1.3750380887629408, 4.117811599985741, 0.6471945142072084, 1.6080733703723205, 2.5205966224524317, 3.936949133669936, 0.6019450750228682, 3.2350958168500847, -1.882496427695072, -0.5595918694494155, 0.7918915964104031, 2.935498121160776, -0.4293447023594112, -1.0017195204357239, 1.11808991380824, -3.5220369146004322, 2.7893136141572494, -2.2351007550946194, 2.818795259628045, -4.594135715479618, -2.7451301313236125, -1.8409190953657224, -0.26351657728821354, 3.5678172208911083, 1.8841946621488919, 3.216000510089865, -0.2590208587016756, 3.9395788481964242, 2.9783991098851708, -0.9341505415953437, -1.0515053655471571, -1.1210929096233304, -2.0713829122640703, -0.8946796562180984, 0.3184172483526974, -3.0303763097881546, -1.1005408747587326, 1.2396065285815756]",0.96
7,"[-4.085740877683449, 0.07661512740201903, 1.5111746563473423, -1.8180721638207666, 1.334998820425782, 3.801574954902215, -3.6606400037782527, -1.637805566162898, -0.3036160887006898, 2.3349996970559856, 0.8089098557582084, -2.3408562860602604, -0.1659010602302875, 3.9847680190913186, 0.4094686381821715, -1.1529896367536736, 4.037764391641457, -1.3295104164965148, 2.8896129017445826, 3.4436310330798627, -2.1640721229023034, 0.7577483072179039, -1.4286349266548082, 2.1440187782716658, 1.2104319254556968, -0.2066018888523432, 1.3821811769885113, 3.9068823137785125, 1.9668355653329108, -0.2189027705712554, 2.8038605420258396, 0.7504353264464776, 2.7847479569330655, 4.418399249508933, 0.8480792921577216, 0.5788188454512171, -0.22033645439542426, -0.8355100393036283, 0.6613346815119419, -0.31817806466921367, 0.8945950146375606, -3.629187371761022, 4.054899609259431, -2.533292887607227, 2.7630528519972537, -4.605376417518304, -3.4562260559377656, 1.5436608413677986, -4.183712449931655, 1.395859323896632, 2.340860508017467, 3.025025632460894, -0.5940542909437543, 4.092439719569022, 1.090695056270727, 3.1698852602433223, -0.7277687185426467, -0.8363507132165688, 0.11971574209075819, -2.2816293413959485, 3.0850118119942196, -2.2906040489972472, 0.24277882373086457, 2.815597848589052]",0.96
7,"[-2.725942022321716, 2.3455051899681143, 0.260509092863104, -0.3182166834649949, -0.24219165108433605, 0.3233866015107574, -3.8555625117999046, -2.857499008137924, -2.0661959172441824, 2.4332553083453017, -0.9145358586477497, -2.7366222636041613, -0.6891787227060729, 3.368064865048381, 2.2383138180554862, -1.6386850976599177, 4.037267871076753, -2.659701714485762, 3.040770138001008, 3.355941221500591, -0.9069142427730732, 2.2666000215273705, -1.1455744103816146, 1.7569120936684506, 1.9689467927131918, -2.061200407860799, 1.4859305624224253, 3.47041194723943, -0.32043407648866473, 3.624349836254318, 2.7679693635305815, 2.6803519888732428, 2.7257810428154183, 3.5398498566091736, -2.0245064842025844, 1.1528039698575931, -0.8995981800380239, 1.7879597632071627, -0.3510334534583946, -0.6562890530981688, 1.5754953340028395, 1.0856951826212597, 2.5341291766789364, -2.404217234089593, 3.3620112529249706, -4.450262206819633, -3.594065311821142, -0.5596465022313124, -2.654889361117558, 1.7671479145064573, 1.1872465762001132, 3.2586417117635618, -1.8002132234036643, 2.1495966346181445, -0.00048274637896073, 0.7723896923236636, 1.4839530215842962, -1.6775764018804058, 0.4849979810751255, -1.0557389233728594, 0.1303032967557594, -3.912811442202361, 0.06926741745039167, 1.8587566950640861]",0.96
7,"[-4.507919095630782, 0.21612938384965585, 0.32211036245992175, 0.4426593043603537, 1.1401395311852456, 1.2445958227365566, -2.4589306882363253, -4.345276988817647, -1.010540646359788, 0.7175617196224704, -1.994106830413129, -3.629690569390823, -2.2469804820868395, 4.455271691854694, 3.384970028764466, 0.9756453270800152, 3.654256485212043, -2.7503726234498203, 0.25030194616797785, 0.8571732758379329, -2.429642722182449, 3.8143356120419254, -0.7448380558240736, 1.8422358644874541, -0.4956917032535233, -2.9399861323433036, 1.4840677100992672, 4.123054272164919, -1.69507633855349, 2.9653035802255046, 3.2697855198932464, 4.238373359813952, 1.8325388912299574, 3.9995631758239796, -1.8944310956747277, 0.08573833896060401, 1.2023361828258794, -0.14966405338248712, -0.9581276649612462, 0.09389834850625689, 0.9002298154065154, -2.0865759018591064, 1.9950406652130062, -0.16496845518215197, 3.3101890828093983, -4.567633266906157, -3.178245974541867, 2.556964896160598, -4.146592350929088, 0.12204010526229081, 2.104305075237581, 1.1007813957431658, -1.049012500728513, 1.9738113417798282, 3.370890402870551, -2.0061335262582536, -1.3701980668361369, -2.819916512193058, 0.8929392761759729, 0.29520203827598435, 1.999635035400713, -3.672934329195069, -0.789961942754485, 1.573525427281958]",0.96
7,"[-3.585201030464159, 1.1959666877409116, -0.5005627550459804, -2.6200440900060014, -0.5019783314129055, 1.1441605193361855, -0.048661303123409105, -4.698817922786585, -2.0899832612863687, -0.26535182708818006, -0.43350341847489127, -2.600619359155947, -0.6888806759432342, 2.809373150270675, 2.522909286315768, 1.9152179568729382, 4.0350485297866445, -3.326488166043231, 1.2386302257014985, 1.9698079793771566, -3.113966010601398, 3.145037410637798, -1.328099518184204, 0.1523612389579202, -1.782198124678228, -1.1031759484241084, 1.4614704387110422, 3.2774244005854563, -2.975401966263167, 2.5651485107532084, 3.074980849039697, 0.7111360226866414, 0.3145040414308822, 4.3595823904216475, 1.7432755647471725, -0.26714404589582297, -3.429106029503854, 1.465486891331868, 0.29564807671976007, -2.374832102199508, -0.5163790052717895, -1.5365090172107396, 2.8659966582772056, -0.9274129080893981, 3.61366851893472, -4.606745504837011, -0.9917955920124308, -1.5241869569639217, -2.0229965514328967, -0.375770409675545, 3.3375584536853813, 3.2851371304060057, -0.30483742327077684, 2.402442996797132, 1.2188600771024838, -2.4859678036427515, -0.1646047601416316, 0.08321680440995582, 1.1868658286514566, -0.8333761347310946, 0.35412625647085083, -0.7106932838011097, -1.346018516309003, 2.996341801258786]",0.96
7,"[-0.15435587793304384, 0.029781798690545425, 3.8877568000736593, -2.2673417959437563, 0.28906557619917306, 3.040104327325639, -3.8872784424294493, -3.4102869714604847, -2.8422989266634335, 2.200384615125718, 0.5881593422901699, -1.9982496157274339, -0.24818708653431898, 4.181927036853392, 1.3808725492675435, -1.6329132137333622, 4.037344596013893, -4.228518596093029, -0.042225976763921036, 1.268990888083931, -3.1229898802388236, 1.7995400537739905, -1.948082269351635, 0.788803221048756, -0.3738495111105933, -1.7590625695943083, 1.4886646515273863, 1.7644270766388557, -3.840780963722743, -0.5616420866315017, 1.2274796704385575, 3.40935999950351, 0.2412933293841122, 3.5962082925714234, -1.6173540109436897, -0.43079261429118487, 0.14223252745207182, 1.6359248100788362, 2.0107120686968933, -1.2910799747488744, -0.8411067211203657, -1.5955090530795308, 3.5496016366169125, 0.6886716123712051, 3.760566305960211, -3.870815372947635, -2.621118777341363, 0.40617171449682243, -2.014657178415382, 3.3785546568284994, 2.383141671015188, 2.3755468256274606, -0.585920382792364, -0.04713078861901021, 3.377981002484462, 1.6660845676548883, -2.5173751866377194, -1.048646727191801, -2.224634826407459, -1.3994669436060294, -1.507510242076867, -1.8246621665050862, -0.2699875501774582, 1.7990020320649331]",0.96
7,"[-2.925878376054606, -0.6197606860104812, 1.3140572602911214, -0.44262394280079187, -1.767917421125008, 3.2315299437042, -3.7982520706676177, -3.403309743009265, -3.8501532134076855, 2.1375689613402704, -3.4382588753038394, -3.5558411164049963, 1.204554102080119, 4.4762736534112095, 2.301104093193478, 1.2428138607703825, 3.9370557751641293, -4.222526673754735, 1.6085463712669643, 2.806618134885083, -1.7723107654562513, 3.123998361222826, -1.7763772161933624, 2.3037466737126175, -0.15818373055036766, -3.4398628059961687, 1.4122157230637737, 3.5280845978378323, -2.6571178955545487, 3.0244465499985944, 0.9369410841064055, 0.6581936377459592, 3.5928823720024665, 4.215617330779441, -0.9325712182650037, 0.8323107318880548, 0.5493765576336829, 1.009327366868395, -0.95726087931267, 1.1999994214569214, 2.008800288006252, -4.0199373548398105, 0.772318665769347, -1.1537078692517422, 2.24563549199478, -4.612420175364103, -0.4790427683863816, 0.7999043477757006, 0.8135003233750663, 2.5742525753963337, 2.1110469084635675, 3.2869430275592206, -0.6453084236002484, 4.258650030595122, 2.2620858357906384, 2.8495993895431373, 2.3814283617192533, 0.2618926023422363, 1.2802886594034444, -2.9348817357371484, -0.6856128946579021, -1.6687574436666825, -1.2972269896692754, 1.933205248079408]",0.96
7,"[-2.1096839880914007, 0.7165278689208049, 1.6588454019538585, -1.9403418201535514, -2.3201423676124393, 0.716013828192027, -2.2038196265275953, -3.6906328424910217, -1.295178419174274, 2.447332574247247, -0.5072064713003371, -2.5036026477223747, -0.4542855368593713, 2.8485811959011444, 2.6275936925075216, -1.258576866786163, 3.9744220257987966, -2.9295881147385705, 3.0711630199107725, 2.6202671201233763, -2.485298599834789, 3.198330725120999, -3.2126972296540304, 1.644431488157992, -0.8090073676273972, -0.952199225597754, 1.4881279828870277, 3.509065111776495, -2.034515425150876, 1.3015323658080415, 2.6065435322533697, 3.074802966328732, 0.6191816414164943, 4.375352628233499, 0.37504637685011666, -0.5547213865345486, -0.061182667159740856, -1.3427024854237244, 0.07377470328859329, -1.5309269285846807, 0.01594716241023262, -2.8255181905984026, 3.8956019975983676, 0.002418153593982897, 3.2764449449082744, -4.49624463471758, 0.18740104806843494, -1.0324442067218276, -1.3100391231428934, 0.7383073302076304, 2.840328037960278, 2.5162366081708356, 1.9255199709696023, 4.40970422338129, 3.278901675680753, -2.940924174084376, 1.260576438563765, -2.2673415636871925, 2.543621114023938, 0.0281813975827947, -0.36711891728512086, -2.770088198269919, -0.910153285915646, 3.223842472143553]",0.96
7,"[-2.305633205291664, 3.0651953235144176, 1.037580437045072, -2.461350155776779, -3.423061502486127, 1.631016803188838, -3.356949097699973, -1.7659309187859913, -2.287299673151143, 2.30729088680459, -2.296292244457419, -1.9006426693961824, 0.8750362060846388, 4.633729904262662, 0.9271393302336577, 0.7079991222843219, 4.033378399126736, -3.85393755083599, 2.155483225938174, 3.1942385675531684, -2.8841051247640683, 3.8848377929945044, 0.1193320610808919, 1.584054488020325, 1.0436454875345502, -0.4024339275679121, 1.4881871761846077, 4.198344703698141, 0.6278894455021131, 1.0558198497118418, 1.1787463113413639, 2.124955090259204, 0.8822072666051745, 3.7905973232579755, -1.321631745718282, 2.732150276435701, -0.1252374230998644, 1.928259107130748, 0.6866965671052658, -3.496048219105922, 0.003435282237625223, -4.0199611981831245, 0.7808501573011384, -2.8603201671229157, 3.5207580299951498, -4.448676437252179, -3.4812194995512575, 0.986387305174222, 1.1888708308818785, 1.2064436660423001, 3.3614345160209234, 2.7910320348810678, -2.800850219793336, 3.1980451326410293, 1.817418034218711, 0.13715656690579023, 0.5061308735403237, 0.7672657888159604, -1.98946579935494, -2.8860550126071125, -2.514119018100159, -2.712513934798233, -1.1606422812532053, 2.743401202616822]",0.96
7,"[-2.622313837029015, 2.5140947639407036, 2.0363386761754496, -2.106859483196296, 2.0560979839560383, 1.9248230263102792, -1.9785998474139386, -2.5780649797816437, -2.942038543526423, 0.6559318902873947, -1.0717446441030052, -3.724053752788806, 0.623433651777177, 2.233094119324824, 3.811381287374086, -1.1781848573433946, 4.036644507962837, -2.195591992314351, 2.1908816031801894, 3.308479432713861, -3.1449741427199336, 1.2531064246493504, -0.9639571177855031, -1.2125390859628784, 0.7905766350025583, -1.935506098852502, 1.4782202696344913, 0.5962446884318133, -1.716369732464015, 2.1020217839252457, 0.8934709144552476, 4.044352403385273, 2.314181215482207, 3.1061869357401046, 0.010358174045458579, 0.5779429506575559, -3.234304314783961, -1.6655253862960024, -0.23993643216505922, -0.1543846146791263, 1.5225587051773235, -3.106549994139044, 3.4081582283293734, -1.8135153644260429, 1.4997226890869717, -3.3833122141149152, -0.683386254268179, -0.23060931965625364, -0.14661126444194428, 2.677619852704985, 2.5667663400940586, 3.1476295339053144, -1.9862130014273618, 3.8308209836060847, 2.864705053919849, -1.8559204062568322, 0.9539453312270575, -2.5475203880679422, 0.29702664475983037, 0.9262033477784191, 0.7055480443017063, -1.7943773562721368, -1.0330376021408618, 1.6692100633859053]",0.96
7,"[-1.880525411610781, 2.039942313451794, 0.6778024052885819, -1.308544449679892, -0.5972200074116862, -1.164420074426574, -3.8612887628575536, -2.1314511844985775, -1.3911975724734083, 1.4337348255279283, -0.18519061584588137, -3.7025225614689106, -1.3382933871981055, 3.2699887061580153, 1.2712971939573283, 1.9314944836947028, 4.035704585075436, -2.3659101008181986, 3.1665461784994173, 3.4439022519289124, -2.8023461800103853, 2.3250807663605486, -2.9254348206291008, -0.49506695097414033, 0.604286533605846, 0.4793601147500579, 1.4857583500943703, 4.057565932626355, 0.8690532036641512, 1.1688338991161136, 2.711407130661792, 3.5125585976772644, 2.077437476112438, 3.15610349238317, -1.0841770538712383, -0.33873896504840983, -1.0402554531919628, 0.25322084329331507, -1.5418825672652123, -0.1808910901417538, -0.7739810577268257, -3.1766393755200517, 0.8311011565962265, -0.933055873986571, 2.3778616044844445, -4.596678030681401, -1.5989070617771293, 0.8368410994734553, -3.394051391105446, 2.069170835980669, 3.468718966317809, 3.269498746383534, -0.6521972920219026, 3.1900736594173553, 3.2367095187117965, 2.611815499574281, 2.0985328105346204, 1.1873006568915165, 2.6779432968745014, 0.21874027853411748, 0.8532773361633164, -1.4616243165810872, -3.9352988666463067, 3.1320242640394245]",0.96
7,"[-3.975468133318387, 0.044070600787759484, 1.7940575824582898, -2.0789833418110266, -1.0664884111878052, -0.0695318427232714, -3.787632266635286, -1.5407425554887981, 0.5564376313037551, 0.27229210236290147, -2.008203371427892, -3.6802413710073663, -0.047174441664804445, 4.390454420669538, 3.800946696070973, 1.277214731783742, 4.012167913083001, -4.126539568799451, 2.476949814813729, 1.1086505576436418, -1.4536483199985082, 4.124697390823617, 0.4184499664893533, 0.9664149780890646, -0.9439741008467217, -1.288350657454547, 1.484229811604346, 3.653684581255303, 2.837731296592874, -0.14397702642880472, 0.9171308548341024, 1.0424710432588908, 1.7152090889836455, 1.8754464992800188, -0.8807522012831845, 1.206936207890598, 0.4431418720134827, 2.6916398022350583, -1.1898287634023816, -1.9439733634141738, -2.7292992956813498, -3.386877292299861, 3.1460283188665636, -1.5660988540827758, 3.8762364154497875, -2.970548823304588, -3.548704717739888, 2.8695568913099354, -3.541874823703793, 2.305748351906862, 0.9570676554757991, 3.133342530408451, -0.5332177492327702, 4.384045784516874, 2.65041033757094, -0.40453102292534016, -1.5573229756120828, 1.1266488505638328, 0.2108306564800208, -2.4560126965313227, -0.08723730847926148, -2.168671261441399, -0.1832297240968394, 2.1509098161775597]",0.96
7,"[-0.9425474366811244, -2.2709728962404565, 3.769924211542165, -1.2731221819324363, 1.011304951911805, -1.218355786464521, -3.752080087193897, -0.2722384385914034, -3.301634406554475, 2.3192991368971994, -0.09849502608628835, -2.2095067190830218, -2.6515752177576535, 4.559924987991799, 3.331220252276765, 0.711556760348697, 3.855862557211555, -2.3977767687239573, 2.2773582172824085, 2.9757332661985805, -1.7102915422014382, 1.1715059159873964, -3.0518665863210934, 1.2503914973906272, -2.454703212344782, -3.35069936218376, 1.4875053504305111, 1.9405964434182819, -1.279335381816504, 1.8565859203572512, 1.5958988265231586, 3.666912043748324, 2.8285938934208605, 3.9017127212564104, 0.11869523713656083, -0.2815398280619761, 1.0736537515705349, 2.8781407458574813, -2.8964078653940106, -1.9341103705767033, 0.4750717547342883, -3.2279709286630696, 2.3193831820661686, -2.933188823731945, 3.6066543905251245, -4.056594791245061, -1.2885927733063718, 1.497572453284858, 0.8048972002325766, 1.9796039196411215, 0.6901510234396708, 0.6514368940728272, 1.113106903876688, 2.4413488392160096, 1.4535086302622104, 2.424483229279335, 1.5766352033248785, -2.5345296388406693, 0.7548040724282256, -2.8865210957525744, 1.2222860932500381, -3.0516853489926365, -0.8950328256582865, 1.5448834820024846]",0.96
7,"[-3.7782823056851873, 0.22125931111427283, 3.6694149035172874, -2.8206953865401654, 0.58711781281481, 2.2692382196788112, -2.51488221815071, -1.3892397334575117, -1.2742061422737505, 2.4437919931067364, 0.9250280556803374, -3.5214119956906753, 0.159991348070181, 3.453402815097943, 2.5619978190575137, -2.7986045544358635, 3.823700960108052, -1.6082761096141542, 2.2179476650648557, 2.7143630180226443, -2.3664858603201973, 2.7691332547522736, -1.6358860473155288, 2.3621238230534045, 0.8299866317397091, -2.1387594048851253, 1.3382577042478365, 3.9368895600889666, -0.7582546539591837, 0.9278818038207, 3.2630038729678517, 1.354823991608412, 0.43546776496636674, 2.708026636469664, 1.2606501911022878, 1.7101712866342962, -1.2231695076416518, 0.4188620636544357, 1.2969044504255494, -0.16119853491344727, -1.9824429396607983, -3.7104140659837257, 2.1541978526906727, 0.3044127326130792, 2.9764180162810066, -4.279616950172897, -1.398766662480337, 1.5877105823650026, -2.4355675153879237, 3.152255478464967, 3.357771272280257, 2.942549974098908, -1.3290339515465768, 2.6204191457109975, 2.8774783814631326, 1.2316522308388518, -2.5202910289814406, 0.02325497902330398, 0.30081419091460226, -0.9805635741847217, 0.7264539886280322, -2.786631271857166, 2.109521159293458, 3.151953390359147]",0.96
7,"[-3.513044741748412, 0.5367719922851993, 1.293312326512863, -1.1892486645133147, 1.8798663561362967, 1.395703412219922, -1.5702450504460381, -2.4499231255140907, -0.38373478430431773, 1.018372093820595, 0.947492342241814, -3.4956563435486174, -1.3759262230398401, 2.9775832419293136, 1.514168141152388, 0.14710614360157198, 4.035404518113445, -2.569916278834907, 1.9128568433856459, 1.4612573329971559, -1.3119918476716617, 1.3443688781038194, -3.454291691204666, 0.7712907710493033, -0.9996804797667027, -0.9153642787385727, 1.4555589022361493, 4.1588769804197145, 0.3882928699315791, 3.4891025338797252, 3.0414430778255506, 3.619281491544058, 1.3873215546948674, 3.8743249594455897, 0.017115416489089652, -2.7946019133357662, -0.01598674936282049, 1.2159393283417919, -1.2063107917227323, -3.4777349051563355, 0.8813387812643181, -3.7161405676756103, 1.3713771415468097, -2.3785473347886557, 4.0928324837313665, -4.336221870892775, 0.06063726353945764, -2.070700726832709, 1.8252031991676558, 1.6264962698996392, 3.3971297964626204, 2.268809252119346, -1.8450163247769664, 3.385586890119022, 1.9106646919648511, 2.101314108218209, 2.0563073067051163, -2.388549504870595, -0.19153880929595962, -1.1371262466693988, 1.305372696963123, -4.000226393535616, 0.528449205522351, 3.2366788350193856]",0.96
7,"[-2.5659645535808515, 0.33162500213068585, -1.1204172601279978, -2.3175282908758654, 2.4041372350394945, -0.0825060651368581, -2.469810217159594, -3.161699416291707, -1.3991221510791285, 1.2906174178637742, -0.270313029573811, -3.304022401343495, 0.32057734161797025, 3.82152335438227, 2.477708617147285, 1.7607632308715384, 3.839271796645793, -1.5628581781698194, 2.438756146512373, 2.0750247006995544, -2.440626588374871, 4.090570878794647, -1.2337611958605745, 2.0704038080421254, 2.1033052173464313, -2.767960328238367, 1.444640843208486, 2.7344057979271033, 2.203679392380533, 2.6901488741079222, 1.1762651644159, 3.839193767303619, 2.2330040842453234, 4.4054871380212, -1.3205229365628208, 2.6583851282223265, 1.532942834477471, 2.033177409416343, -2.8261683205565586, -2.3794806076128046, 0.6895940812102875, -3.8021645073951893, 3.627080829042825, -1.4285956154736572, 2.9559379915171964, -1.6959282536260556, -3.2039404031443057, 0.24342466863801346, -1.1218145810095346, 0.846688434304314, 2.4743137203933725, 2.0013132858184255, -1.9173447658276288, 3.6589067014853525, 3.214227989359675, 2.021488070832379, -0.07594952416060471, -2.220270215733397, -0.39988572501388314, -1.7439963852711224, 0.4271285237670402, -2.8948299314884927, 0.6397661047926523, 2.3822730226818667]",0.96
7,"[-0.3680436946431507, -1.3103661661810637, 1.0926688260529636, -2.424167980063955, 0.39398691553497694, 1.5329161854086348, -1.1822451129817417, -2.175497388475186, -3.222608976997324, 0.5990360502782222, -2.026381231768005, -2.0823587131902244, 0.14862657758349984, 3.8735432420387874, 1.5331747021519766, -0.9372538986361321, 3.5977588200071073, -1.5463304595867138, 2.4881694264141005, 1.805710816959627, -1.6258727935381765, 3.619001076882537, -2.208852692650206, 1.7522267436132266, 0.05034842617888608, -1.9320794483145152, 1.4490286950587097, 4.172421620291498, -0.6010029802446373, 1.0553359993012168, 1.738652746303463, 2.7925809762967018, 2.1640264397934637, 3.7733263762099054, 0.5261139186857713, 0.9022764073853091, -0.5937625227164273, -1.1876236749611888, -1.7859948475591292, 1.4843945211829124, 1.3649480611246188, -1.6055530342008686, 1.3401231738252697, -2.4649392118758056, 2.3795296714442875, -3.7733666474897634, -2.701926853422167, 1.4282280741842677, -1.1376445828131885, 3.1965075152387605, 2.699074182003731, 2.5407188098123834, -1.1264887930701861, 4.4628208349352105, 0.9646393199403682, 2.392665918582855, -0.9801937027867149, -0.6628124569269955, 0.10794987792140504, -0.5238425068248522, 1.3389678341865303, -2.554470389103712, -0.1012354459247291, 1.3522932593555248]",0.96
7,"[-3.593573838680432, 1.5626092404567098, 2.149907095827369, -1.6498603491099064, -2.190987808527242, 0.7878063805148027, -2.5324913809604883, -1.7913948660147976, -2.424733264833797, 1.6467078279747347, -1.18706677021826, -2.0193017151008155, -1.1892165246866715, 4.1033450687058135, 2.9672062563944426, 0.07614325351381317, 3.794153331271272, -2.395600837259515, 2.1110315093302026, 1.8180337872748171, -2.2173755224457774, 0.8890753837048617, -0.019194434038693586, 0.2647910265871941, -0.6039293491233625, -2.602746167928796, 1.4305943370022116, 3.5994918242404634, -1.071938603927291, 3.875039157561575, 1.2313292935675748, 4.202179968680926, 1.0334432207005824, 2.5287733466182556, -1.3319125989503997, -0.5947834821150283, -0.9091822289832712, 1.0269651171213718, 0.4626081661279831, -0.676574577161303, 2.5760480614740375, -2.4734707047215014, 0.891152592522485, -1.804317645779356, 1.8257231405914967, -4.533068357833934, -2.1414863625113467, 2.944193485869148, -2.330486008331039, 2.6250609390562056, 2.301245343766797, 1.3719859638932261, -0.8703939953187505, 3.0593227841993236, 3.3451762262962736, 0.6988550275447091, 0.9392033702211883, 1.0859966351800652, 1.4683542788271176, -0.8672895510203129, -0.2686028150162898, -2.950341119346232, -0.8564198418644826, 3.1387238210224733]",0.96
7,"[-1.888003660977743, 1.0066776569522262, -0.6933470451216583, -2.3694699673361277, 0.9438323779300859, 0.29417514997048055, -3.0536706480114217, -3.390651836089693, 0.05083734256517003, 2.434359203154064, -1.3157522030193973, -0.8777436498379263, 2.2491842528882513, 4.464888987484434, 0.774189462802116, -0.5405127511337957, 4.000592385879222, -1.341298531973455, 2.413133682202042, 2.080369827668588, -3.143652211591868, 2.369868126887249, -1.388138083364094, 2.3632563869578878, -0.056088408340008805, -0.8850225334053379, 1.4594726340244715, 3.3661186606429117, -0.5471385136053906, 2.7527170027552965, 1.568746897976769, 4.207341618105532, 2.29579930206175, 3.828875405850154, -2.350618782956917, -0.5739267475131996, 0.8768516376591475, 0.48662146700648334, -0.8952216216022981, -2.88677910426306, 0.006216269434875939, -3.437863312959248, 0.687060429103572, 0.17142214712957005, 2.8932207865944926, -4.117870880010154, -3.024204574266588, 0.02413622854171238, -0.5298591364364977, 2.742878755681906, -0.17389868040525425, 2.8589025408303126, 1.23234354330277, 2.6560542919820818, 2.1708060450088635, -0.8526996557689327, 1.0186708218212066, 0.6342668758674285, 0.4310280150564411, -1.7240508892989772, -0.08140453440275408, -3.511481209202062, -0.41532408168181506, 1.8636692932206507]",0.96
7,"[-4.238409606437727, 2.595274090078911, 2.4286307273080325, -2.838375337103923, -0.419980347789404, 2.9926891247616663, -2.7407750774066324, -2.6543517354012103, -0.4174329798816494, 1.144355272038956, -1.0740169784628946, 0.15768567372659215, -0.22613193147065758, 3.717270719192463, 3.5878146754520306, -1.5817936048880994, 3.9067470530903425, -1.700710043359517, 3.632488375842452, 1.4746412943027902, -1.7900451483409665, -0.08367370468670288, 1.327975699237568, 3.2716391657910666, -0.04122538515696739, 0.9001536561342158, 1.4193582433064267, 2.976743391577061, -1.7784894603052384, 3.4746772551808482, 2.4359668071623357, 2.948279685376223, -1.0981620612137826, 4.159526287373049, -2.927183079934591, -0.3630048392217299, -1.7109652303265648, 1.4584674798019575, -0.17761793528990127, -0.33197854839232555, -0.655420629431841, -3.2994071525793287, 4.165444319617671, 0.5350671610757145, 3.3027784502218887, -3.925663013436714, 1.7372416578137524, -0.542139240292115, -0.45239590887937553, 3.4568072548013635, 0.567834517294211, 2.6195118525435315, 1.2752416845161694, 2.9930686727441596, 2.768470289622859, 1.2224317191516887, 0.11594203475430341, 0.14535332678639123, 1.0424910896916417, -2.6306110911803513, 1.5580609510648675, -3.599771911250726, -0.8926573418490394, 2.367904085485349]",0.96
7,"[-4.488518412341185, 0.6001127363319716, 1.235006409775598, -2.3784372493458186, -2.3703720319671286, 3.1312172935936493, -2.8748819179820955, -3.796616452429941, -1.9331157439400648, -0.6209773778269909, 1.2437243239698252, -0.276705684058288, 0.6032690414315921, 2.3231959044189257, 3.691113441984278, 0.23670921195227507, 3.8873942619936828, -3.5504403966297025, -0.31357228755767297, 2.9695289653108246, -0.9335153787581967, 3.139651383997668, -2.4946161920650214, 0.22886837759730994, 0.4618470152562953, -1.600552224169384, 1.387260640339956, 1.6124778298250666, 0.7951829128590806, 3.028307928929437, -0.33894784655838395, 2.872521868705082, 1.4922498747309607, 4.098661366824925, 0.4408499127604306, -0.5962588770289063, -0.20231658986348677, 1.912297467839061, 0.257994835556307, -0.6414882979780802, 1.8147575555292663, -1.9928808675825176, -0.6591427777274514, -2.9540200284623124, 3.299170604441871, -3.8564907305183507, -3.7385953043508073, -1.697659995481279, -0.23778517955356082, 2.823924947113784, 3.5020691849185184, 2.008409001936185, 2.447022954918235, 4.159928985423619, 3.388236385051653, -1.192020637739844, -0.942615034374365, -3.268700101029973, -0.4734055991685071, -3.008776111858625, 1.614302853568474, -3.848966634100538, -1.6311623657990402, 2.0367188500560705]",0.96
7,"[-2.163003702574565, 1.3618908601165545, 1.4848628600430747, -2.8231733291908307, 1.0668376612679569, -1.2096720526883407, -2.2900450806844552, -3.5821199259473175, -2.8144872811787067, 1.3573775719991983, -0.5456682603467113, -0.020771207259372648, 2.44320650252454, 4.481729100346391, 1.384870291343915, -0.2246037839856967, 4.005053827353325, -3.018413148926615, 3.6252235459112847, 2.730127811909345, -1.1258658798277965, 3.5811560345662956, -2.5143641844262064, 0.6207153730273285, 2.4473987406952022, -2.5920464753786963, 1.4834023934530576, 1.8652304418745977, 1.5526204558733196, 3.416693772739234, 1.5316943270123695, 2.880284776508282, 2.214455111571865, 4.100791366426194, -1.219840414610352, 0.8451095723912683, -0.0019003225152797384, 0.19286824610250664, 0.6638805259151516, -1.806621245301264, 1.5089685681383194, -4.050208711634603, 1.696500624839167, -1.6713422281228068, 4.131634052233571, -4.244073710135533, -1.3636558814097017, 1.9615623839287295, -0.9130138719822478, 1.6890955187062806, 2.7526107611566024, 2.4395642388935173, -1.816807174483768, 4.327244230913809, 3.320366623866253, -0.6735319725776532, 0.13343785218168913, 2.5293656080459392, 2.9576432778428368, 0.536956097923003, 2.0815265901576794, -3.680268933335499, -0.03470648035261359, 2.6413613166324668]",0.96
7,"[-4.236878580272797, 1.2861412573192512, 0.6753488912035751, -0.5083069157705826, -0.7753402292442204, 2.774481320906251, -3.7860936003122267, -0.1783705627933423, -3.0327130886047406, 1.820585119659087, -3.906699743343622, -1.0027837092696648, -1.3822803917767286, 4.603776139725828, 3.5460493267260373, -2.213894133503999, 3.6545091934986758, -2.6787702240361475, 2.99529542564357, 1.5845030471685106, 0.675453694403183, 2.5293571365008125, 0.13150262778026467, 0.612422656714011, 1.023557025348661, -1.9001462231334652, 1.4710288645108927, 4.011733699034663, -0.2273821287331431, 2.345076839890735, -0.3025278724786289, 1.1829046412545776, 0.07852376075429035, 4.228520463593046, -0.8985346081910426, 1.6882340120135033, 0.974509187996763, 1.6485456976317137, 0.931460451144052, -0.6944546811894953, 0.10720072113835927, -0.9609715358174653, 4.083965535350766, 0.7844685003377079, 2.964061433570674, -4.5837426430951345, -2.9951390080330533, 1.6714617361994066, 0.4032799530340221, 3.6736970735029613, 2.5395837507057495, 0.8543872228339238, -0.7120484677048092, 2.8949036880824144, 1.5207779835831652, 0.9839524983072343, -2.1091184855066896, -0.14922133537548515, -0.8488998882304675, -2.80846136637423, 0.3783766932621564, -2.516849653780489, 1.277242044544765, 3.1528024525122222]",0.96
7,"[-2.8022456587547824, 0.591759492927464, -0.6287085088761606, -1.2690711795237233, 0.24080457360042923, 3.474468205550431, -3.548171132831534, 0.06537113712167297, -3.0074318993821363, 1.3521366580928025, -0.685068228000958, -1.7151365169268726, 0.2938734149422628, 4.545085983138046, 3.4120240650339064, -2.9922098547547535, 3.9352171667064932, -3.6327236110424064, 1.8082236138117278, 2.4694578888943886, -3.069815566851783, 2.4677507286802456, -0.5111442123867892, 1.3808345130968316, 0.11606093278561, -2.560074678275008, 1.3551741076239, 3.3163689480721787, -1.3014530851609132, 1.087865218842073, 0.9951813388358435, 2.8985243456620737, 1.3032347644633764, 3.411102149903085, 1.2611130448895294, 0.4849696566763269, -1.1061573536753817, 2.8817765955137338, 0.5007104423242575, 0.13985308117071527, -1.695157359434253, -4.0819872033704705, 1.3173643357348208, -1.7847850252393178, 1.998792666308976, -4.267769787873966, -2.2547243687232843, 0.3542916672859826, -1.7129797045323145, 2.6210770407446624, 1.7482220967327229, 0.8662696588198351, -0.053525715376644745, 2.885964408994636, 1.9649341979250792, -0.8066796258120832, 0.9861465186564589, 1.812975936712815, 0.389046128177293, -0.6591315048258665, 0.30511612447846953, -1.6244390830737883, -0.8975369644819038, 2.993837525386683]",0.96
7,"[-3.009946191764996, 2.6412072495756505, 2.642513083738908, -2.8324726308072106, -0.5966778093442824, 1.6886384452286078, -3.7129609537033375, -4.631473974692042, -3.040475550740804, -0.4045977307285149, -0.5918385978643518, -3.101477302846278, 1.3216441132605135, 4.5701215005288445, 3.0912415385609715, -0.7549543917327417, 3.8256133739737654, -0.2314502960376683, 2.6503686499612877, 3.448227442746479, -1.799490840803637, 3.369115396865272, 0.03856777957730784, 0.6055414003173096, -1.8862861807425988, -2.5123658452759026, 1.486541093958863, 4.10647434399404, 0.5649314664610654, 1.5299728138734903, 1.5727063217018658, 3.879257526314848, 1.165549466406921, 3.73822387124829, 0.4435718372523658, 1.0024609322120261, 0.605309098493354, 2.414155504648955, -1.2608479805628, 1.0339464304206154, 0.7253825055206238, -0.9501972047431742, 1.1703152481677086, -2.030589301759595, 3.3016356772457356, -4.401503238515858, -0.030860920915035006, 1.8332474784850203, -0.8061932465219324, -0.6416750292821585, 3.511481696228559, 3.2304327217706312, -0.9281374180845148, 1.928075501173499, 2.472148347018635, -0.5330347518091185, 1.4105338313661417, 1.943387225784246, 1.3038523424045743, -0.7850875498344096, 1.1738422480544342, -2.934612549623866, -2.1173960927598228, 1.7722338557332327]",0.96
7,"[-2.7243712192228364, 2.1835691450044346, 0.9035487273920745, -2.6410296011984435, -0.5577287979199301, -0.5278229575892328, -3.8872697545572286, -2.434599497752414, -1.401947639102823, 1.2984579226991877, -0.9583975434188851, -3.2622240690762845, -1.733875217810593, 3.543513846728751, 3.0796796807304574, 0.8557416600232712, 3.8618961997291956, -3.012768316788766, 1.6348094380393206, 1.2705952827601465, -2.652351195880332, 3.398046254472625, 3.1183768116867627, 3.45065648971734, 0.9281527079837878, -2.5274366610601646, 1.4628100499386465, 3.6272640867267056, -3.068167066513285, 0.6492065801233238, 3.1888752245411807, 3.634741091562127, -0.3496736528761186, 3.4914681952952384, -2.163999208772644, 0.07960624750123796, 0.1435352498270597, 2.703357343457242, -1.384793577643534, -0.3250389751068111, -0.20845346877450166, -3.130217046124761, 4.12342883573882, -2.9369484569862534, 2.424044578741211, -4.384888482811654, -2.0014475191276375, -0.9263207783057017, -1.448193559689459, 1.780884255944227, 2.161981422850382, 2.8871880276160735, -0.4942513940911937, 1.507673634702732, 1.4675868774856091, -0.6071910579368853, 2.8062130844392192, -1.3888899413872076, -0.8130864859175897, -0.26670580070848293, -1.6915749365267785, -1.78289726000806, -3.190328801582336, 2.4392998745876837]",0.96
7,"[-2.0859926624690264, 3.0824321831545527, 1.2195747133230292, -1.5930487064397045, -3.5406765481880877, 3.6073779985721837, -2.5103076797568713, -2.97031369734005, 0.6943611731529769, 2.3914053942443263, -2.323730947504702, -2.871798634416475, 1.5873380058466222, 4.617759149888715, 2.056462658415602, 2.4109496032825266, 3.896886139636656, -4.2260198798125765, 3.6470062987333036, 2.078551203491944, -2.395073301214588, 2.7062840035674838, -1.3358571353458208, 2.13151550887292, 2.6898026509256856, -0.6035750949623431, 1.4546159702822632, 4.157678405043404, -0.06059566997664184, 1.9966257273612018, 1.2430241040635246, 3.3544940115125725, 0.036160384688705305, 4.3183667027129555, -2.0619146975603364, -0.0780806053839973, 0.1767697533888189, 1.3190364103727525, -1.7676299135307723, -1.554173226754413, 1.1682260683732206, -2.7531332867179352, 3.3557659567912785, -0.8888803564055926, 3.781767367424093, -3.256072316695918, -3.087607499964454, 1.6628152521073984, 0.03970872445473206, 3.6557119204357207, 0.48308409035754885, 2.1355752453048673, -2.424721167347891, 3.365343090388759, 0.8967969139168013, 1.7379072782917535, 0.07526494563928181, 0.002605185900217466, 1.5059791038987522, -1.9687241942112763, 2.8216827286726254, -3.5867519636046854, 1.1212195217732703, 2.9184067364189716]",0.96
7,"[-3.945636038758675, 0.4188564867326323, 0.11022064379994956, -2.5886422655886525, -0.7890535954232829, -0.425577514312399, -3.7683653900963865, -1.934260631012041, -1.560118017474448, 1.769257033926782, 0.5926363271977524, -2.255089915226203, 0.6500114661613597, 4.643369738794908, 2.4895174696192814, 0.31809878582395884, 3.9445012476780845, -4.207346690254523, 3.4590791602937947, 2.84279830441978, -1.7240050461033658, 3.572648831074789, -3.011093691736895, 1.4435578001151572, 1.2406368760853965, -1.5781856215734367, 1.4507998946730487, 4.00965819760064, 0.11831837773010628, 1.6033868937659175, 1.3834926027490821, 2.485535461019731, 2.537381613758969, 2.771939887198246, 0.3952401792703364, 0.562186987383987, -2.4629999238720495, 2.1611645726251076, -1.6319812957962885, -2.5465178821452916, -2.5505508378019996, -1.46557113597504, 2.707572452852435, -1.6627692986429938, 3.0310857776932965, -3.609370959999893, 0.22684667835329964, 1.1751800450712024, -2.39362869121109, 3.5159524045293638, 1.0013932061501243, 2.158835372060489, -1.3117005158900577, 1.5882176824134475, 2.098477544516479, -0.9464130165512266, 1.6568533035362945, 1.496736158744664, -0.9000585869275162, -2.113910593662359, 0.12064851553841682, -2.514776218703423, -0.211742501857609, 2.6066999861536004]",0.96
7,"[-4.508646736279189, -0.7627548427653055, 2.0262290402351772, -2.787704326656111, 1.2602930023037866, 1.7733891311092331, -3.7976821984901385, -1.3494791714403525, -2.616028814730046, 1.0679050916993131, 2.8888806291987708, -3.3387732388370237, -0.5098134596014098, 2.943215536766647, 3.745036608917824, -1.2243262708185825, 4.007915962956233, -4.211997744432187, 2.1578313382499412, 2.8365474834944493, -2.6338616306333833, 2.8193640487597937, -0.28383616681433876, -0.004187326314102124, 1.6385765891617137, -1.0350595647984613, 1.4852712844949885, 4.010613601726427, -0.07403503715716431, 0.15523787968083003, 1.6561666984619934, 0.7632181885550811, 2.6401353838562622, 2.5222489189767066, -0.5103893090736102, 2.222237566207204, -1.5654810893480031, 1.568517365139409, -1.5902527365969497, -1.6733600081620486, -0.6695253909465421, -1.6733836504087043, 0.767319045972602, -0.4389054215142214, 2.8348899403428574, -4.12743494722017, -1.2402840472660213, -0.15506453580226404, -2.3495139237121725, 3.3412230040496036, 3.5454200534511893, 2.4051468662344964, -0.7592638905971539, 3.76769917892431, 1.9893863725146126, -0.6216611095925035, 2.178931538238868, -2.5154332215822195, 1.0838411735706153, -1.9353712263992262, 1.6220029077013827, -3.828939072146556, -2.7776676698119465, 2.3935680746679164]",0.96
8,"[0.8620478798591757, -0.9470569542423968, -1.0560906612539835, -1.0538666448342593, 3.4775720581621963, -2.2144588684302393, 1.810397544275889, 1.602748039202178, -2.2696103317192735, 0.032615501815127734, -0.06740589565718369, 2.4174038989702895, 2.147984561065993, 0.46551960275735876, -1.4715682025198615, -0.3998855376066389, 3.7964605842301724, -3.596458896477883, 1.3596269931833682, -0.6691937774983281, 1.9129659102000918, -1.2789753094025116, 2.3322117059497844, 3.40942883591575, -1.8467288790068161, -1.6477961839271078, 1.454747106835682, 0.6472368263939874, 0.10901381658726494, -0.7331086299596918, -1.4158137483515, 3.2994229439878047, 0.8122248082646396, 1.010729513442683, -0.4478450826097046, -0.32510204727871733, -0.9691215326324623, -3.1257931904555347, 1.9643239544999385, -2.318681826492672, 2.022404411797859, -4.173070712592427, 3.29976621541474, -1.016002097125386, 3.491846978908408, -2.4694150715950807, -3.077797134149714, -3.286166292574131, -1.70218603015523, -0.048620745096094486, -0.9402783250825194, 1.0373762346236048, -0.2683859360876892, 0.1175140899208964, 2.2685676104831227, 2.738759904453139, -1.1265717409774372, -3.757982308265418, -3.0748241745861593, 1.4716448758890226, 0.04621195524472854, 1.8235692332873281, 0.6671074939196244, 2.5694980206268263]",0.96
8,"[0.9649740548354522, 0.09153706919746732, -0.8156236691403426, -0.3174323569876742, 3.83575284786173, -1.7102119158731561, -0.011965982253725471, 0.6035102151022336, -1.7358138245455197, -1.2832401935149322, -0.12009494357935246, 2.591314276204293, 3.1710119627831905, -0.9240698058278427, 3.7259344892374884, -0.46100771880234237, 3.6433115998356556, -2.533167583294559, 1.661294883661123, -1.5343104316808172, 2.7352237727090154, -3.072142628853171, 2.966079574782715, 3.5328800024531732, -1.8218474446850554, -3.491231658124631, 1.484344336221017, -2.7281537270518585, 1.8122354203243387, 0.2553152685174339, -1.9656766290013516, 1.7320189079693387, 3.4516412778926737, 0.535065095383376, -3.0449030090092712, -1.5562257289203014, -3.3855761187706555, -2.201121224171642, 4.325249096919948, -0.6930038333952171, 1.0406342877115513, -1.42219233024786, 2.1784637948457792, -2.0182309980492, 0.9339466197452868, -0.29126660684275496, -3.8411183281509262, -3.5705667921990183, -2.2704437189738758, -1.0380348105258732, -0.8588678525519948, 3.2801269541294484, -0.5464943539977163, -0.5545727147317642, 0.8213537155934771, 0.4818516873798866, -0.8865666788567825, -1.961880112586016, -2.842032210908169, 3.770773372453747, -0.35486522413274124, 0.07204815808514506, 3.026130688579347, 2.2474293514355264]",0.96
8,"[-0.9236453647862336, 0.09911327413815718, -1.6400196736898256, -1.4600748490564655, 2.2382640634365627, -3.055703729281527, 3.5509093926050084, 3.273195205664024, -3.607873847649226, -0.2522497800115695, -0.14266305231039025, 2.8707916208862643, 1.2733740666938287, 1.6966660300869574, 1.4289642774967448, 0.1028787344726011, 4.017141090042503, -4.205949790386572, 3.4746660445885778, -1.3002430780888796, 1.6973317126185494, 0.5505819758882593, 1.513876310228711, 2.5197539882489113, -0.8309097934991422, -3.2731013149576293, 1.4560896127136111, 2.083850148491435, -1.8555219869752306, -1.364017696015392, -4.116275393585033, 2.002314567930622, 0.7407817400589833, 1.526618274172126, -0.8009844816317808, -1.0352918898341417, 0.14262190417703557, -2.8087145596354692, 0.5959888593036127, 0.3865677711814297, 2.806009915068446, -3.404216695909267, 2.024074180422806, -0.5753828620892241, 3.0500798507109472, 0.03795201646236279, -3.2900747407867796, -3.517159795766535, -3.2687437640711483, 1.8142209968094434, -0.6394490751293778, -1.2180241588079053, 1.0010249552742274, 1.4572280943605385, 1.120927106175003, 2.273949807892577, -2.4237436729388513, -3.8409996058080127, -2.6546203776555033, 0.057835934837839664, 2.186857553288947, -2.0267931641467642, 2.791910162272824, 2.703778713168837]",0.96
8,"[0.4331178710678367, -1.160761565846123, -2.266789363783042, -0.9982426900263575, 2.8584291199707645, -3.0766543587838067, 0.3701251208877421, 1.806761791609592, -2.6047365752610783, 0.044892528170523915, -0.8601596009024735, 2.284177100557658, 3.013617487183545, -1.1202261129724795, -0.29363332590625, 1.4620201792447327, 4.037257725088931, -3.683998089218494, 3.2907406318703454, -2.4019128877421108, 1.2440456203205628, -0.18338923018259345, 2.7558250556442503, 3.538302180678481, -0.8543227777175764, -1.6573171077498816, 1.463379082759176, 1.9538283960195466, -0.7828210282282319, -2.3929338054097746, 0.35042300032482854, 3.2795642167315786, -0.4168316857789196, -1.5105552119764307, -1.7815356406631846, -1.7274099058593442, -0.9435953705192284, -2.743704759643184, 3.8461648669584454, -2.195982752272576, 0.06679055617047203, -1.8865409568377034, 3.8245739243961987, 0.07883218722286223, 1.1074327300408708, -4.532256464685985, -3.5195066450274677, -1.5126775833643253, -2.3292791897809617, 0.7263303102102548, 1.7430124977993189, 0.543950316865236, -2.1235773436779115, 0.678456043968896, 2.4147483435619526, 1.7857096013566067, -2.674368957421203, -3.663738535267747, -3.4527673344855514, 0.45414638512194827, -0.4260460280692256, -1.3956699167031428, 1.0312825402276953, 2.7151280905341526]",0.96
8,"[-1.906186606799349, -1.6884051085413074, -3.2315857004720905, -1.577361005107229, 2.491402696515666, -1.1092700378747289, 1.7258595063516133, -0.5995316081876303, 0.39037540100283996, 1.3019785164913813, 0.1044515258909801, 1.2494525012374031, 2.489761388023555, 0.02792035059848197, -1.562496900402166, -0.5089770503742048, 4.01603886453292, -2.7126408859888, 2.495311231628725, 1.4628023627559898, 1.402934277877971, -0.19049780827950946, 2.337942397888487, 2.758425766071042, -1.561357873118145, -2.3300214229425893, 1.4626644350414784, 2.367794674074306, -1.3363532142430739, -0.09268051800278754, -2.1656309592302776, 3.5133754782609707, -1.0414796439752747, -0.9643553780954132, 2.2723145970870933, -2.5771919251483957, -0.44907417375821235, -1.9094192266579797, 0.6686586934767742, 0.45842747724675026, 3.9392379552077217, -3.880341753023893, 4.066146435671868, -0.9487077067486667, 2.985528479494764, -1.020471353665553, -3.580692024757574, -3.4445852809407773, -1.7652873556920117, -0.9287798684595998, 1.4200992693281176, -0.748758556898326, -0.6708914110046771, 0.6994368157984261, 3.3171133316074544, 2.333698547254551, -1.9097999050365564, -3.121512068525357, -0.26866899192714655, 3.1450678808194725, 2.2382564963871174, -1.0356243253060173, 0.5075545669318502, 3.0481348563190105]",0.96
8,"[-1.6612445071012876, 0.008498384569595063, -2.674428644781333, -2.567829174152037, 1.2568280770565963, -1.1241410111477483, 0.8136755774114123, 2.6668782585925914, -2.049885727081989, -3.32181297650305, 0.68171296945092, 2.844751722400221, 0.8682464083077421, -0.9340896237892994, -0.4010056230827861, 1.4683376343340857, 4.016659068512901, -2.3513274469221246, 2.8092387874450866, 0.6265831410363063, 2.389657935820063, 0.08321732246375912, 3.0701088270458525, 3.3325133690680957, -0.8945346242076778, -1.9515845366977729, 1.4722739331550403, 2.4060205556558008, -0.5299853446041543, -1.732527488484374, -0.4707157731149453, 2.1558961586491994, -0.178392102277596, 2.632163933546027, 0.46739672165805607, -1.882501053885092, -2.4884038990533837, -3.33336524368795, 1.803108842115215, -0.10578049817431667, 2.851138136316189, -3.263229403793571, 1.6714746607771418, 0.43540605252031594, 3.1349917114608714, -1.9297811362873318, -2.8867806799893083, -3.3692720349448537, -0.6692062655732482, -1.8693480851829687, 0.2099968177160234, 1.0001868471732491, -0.4123886114656239, -0.6413158849923752, 2.9439377761721666, 3.4511172950400226, -2.756165921046946, -2.9855210338032774, -3.476238170611321, 0.2639897375347384, -1.6656231130695112, 0.7875531260876805, 2.0977058846010865, 2.4803979229964694]",0.96
8,"[-1.1164199633369254, 0.3790299884393543, -0.17734643253649618, -2.0668337229181515, 2.0669026781511106, -2.117271957316911, 1.7734197655756665, 2.845580137733714, -3.4268839631116634, -0.3880852442477918, -0.1975898701979865, 3.0910317307625177, 3.212211994769259, -1.7635877105366702, -2.4490754534842707, -3.2198204952296874, 3.78309574377211, -1.9691405460845777, 1.9853293622535495, 1.5515854993121097, 2.989497777096276, 0.22761737644612157, 0.2291698634422663, 2.9297176026479743, -1.1780506172503005, -2.5310008779214233, 1.4845367735386306, 0.6486667512276021, -0.126193859695221, -0.10600279752730049, -1.5882689700089587, 2.615286253703259, 1.519670384323435, -0.14738362459913978, -1.2028785834473465, -1.0037909239470613, 0.5355355334979541, -2.659198616071124, 2.2681572813342195, -1.7929133822021435, 2.9778674790132493, -2.1122578997448294, 1.4948254480569054, 1.3073271700067013, 3.9573748259211294, -3.3684331853363374, -3.079380059972794, -3.535039868208991, -2.028186713881537, -0.4589712132288193, -1.2825021093235494, 0.6775993951162753, -0.7233716720443621, 2.7344408137044205, -1.68104860362221, 0.9888034993111374, -0.5313057934703465, -1.6371580409368054, -2.4281123499614425, 1.2101002030481127, 2.3852376978196133, 2.469174305848549, -3.142558294128958, 3.2344240303826353]",0.96
8,"[0.4174146868804637, -2.3132711347803547, -0.9712233271088375, -2.3201179068232953, 1.0545556562884741, -3.068665526585236, -1.3002102380114593, 1.46015584881285, -3.2385386472484226, -0.9709731640107238, 2.137270946605745, 1.810711205919106, 2.307719191631023, 3.942188801942655, -0.24743439161470537, -1.443198326979284, 3.5729268394076064, -3.9715271006868753, 0.6093029697685608, -1.3229033534069776, 1.4896758470859044, 0.8650020018688085, 3.0559322430252913, 1.5169618451199716, 0.11706870139176395, -2.433132796746989, 1.4890492712690448, 2.0782705407036977, 1.349396574127004, -0.5417119702389172, -1.4913478439300998, 1.1381529854211876, -0.9619782606692724, 0.47071246777225717, 0.4074853831753075, -0.1687017728670795, 1.6392341635959433, -3.043888024781307, 2.590637642706964, -2.6577277897360334, 3.038488323567395, -4.095260161164088, 4.1472460611323605, -0.900669128158685, 2.971244886116596, -3.8438662480713304, -3.8822621301064566, -3.2218453659758386, 1.1850363721698665, 0.6682552180210511, 1.1064243946436487, 0.09306258984567817, -1.9204136168863641, 0.5547817101347061, 2.7510608787447577, 1.8529379020861776, -0.22981946673723352, -3.9250507561015624, -3.3771000689727835, 0.5556600384839934, -1.4332032881759438, 0.8702887730498583, 3.276382906920966, 2.109747975423068]",0.96
8,"[0.594986275363587, -1.3464922712496776, -2.941109983097975, 0.3489919132102939, 2.593132841514714, -2.752315327906942, 1.8660479474844964, -1.1577791827072224, -2.5513593008023574, 0.43888472938149214, -2.5212558228049677, 0.6431419885587386, 0.07370290168589833, -0.2918956449188995, -1.728460796408138, 0.05589816516361126, 3.898814909995222, -4.208672546617946, -0.20344695517635802, 0.26147359107974244, 1.981095617940158, -1.6634962971299552, 3.3256539829889933, 3.514297969729598, -0.34210375123593906, -3.9391946053194653, 1.3821655038006284, -1.8089311085174609, 0.5629245366680337, 1.5167822712255619, -1.2497555201238717, 3.378016764146448, -1.3509791786990175, 0.6998947980869159, -1.2792422512502164, 0.33776797131233033, 0.9858925145414277, -3.0354471838831127, 2.119760567953982, -1.1174810717266255, 1.5357914420127226, -3.1663187942362443, 2.376616770250024, -1.4375200946655482, 1.1564941384635214, -4.49293173658628, -3.535419474542823, -3.1910509273287304, -2.47646963832471, -0.4223006376381554, -0.8397007429695661, -1.362047670739405, -0.8170557883498956, -0.3393287372082885, 2.4591140064201675, 2.7930577769187543, -0.406279384424558, -3.073201050480315, -3.384665851398866, 1.586066520109358, -1.3776905183520975, 2.476297392719991, 1.035498549839407, 3.1850112522568037]",0.96
8,"[0.8189193457902638, 2.0890475764791843, -0.23234978530579342, -2.0772868499991493, 0.9106133943966284, -2.886241439957761, -0.30185824278863793, 3.451829383846887, -1.3887852886996037, -0.24417616914094875, 1.1109586386855077, 0.9069322117497569, 3.302417377665489, 0.6463541586149382, -1.4064506197549504, -0.3661731777083503, 4.0366630702223265, -1.8931008792656918, 3.6042947993957646, 1.6663682348587288, 3.324949051156164, -1.268594705167622, -0.15440689664029206, 3.551881339141549, -1.8687992819831734, -3.7654053759424033, 1.4884741730370352, 0.7781351205528779, 1.3170418037155291, 0.7769543407403443, -2.3445661978796206, 2.1977193041493788, -2.279692632036172, 0.2925744642723047, -0.2619567412973129, -2.398896002560826, -0.6464389071751981, -1.365046288398311, 3.6855538045882654, -1.6288033491395728, 0.8938146877296487, -2.4230962483409657, 1.9511876114409612, -1.2030935433011536, 1.9221172814162815, -2.3749935602569843, -3.3285178888896647, -3.1339320955680043, -2.065641889384792, -0.4781829061288062, -0.8686041258069123, -0.49099126744386246, 1.108431489417376, 2.284450777345883, 3.3810058325916366, 2.551413760143992, -1.442995801928169, -3.801869546765432, -1.9554356955175263, 1.0875355833907248, -0.16162217913003007, 2.3509305214486385, 3.935201806315942, 0.08122358194841439]",0.96
8,"[-1.3240076220171386, -0.4600177330768299, -0.05296279203443066, -1.0440159160546776, 2.3089049217454556, -2.9639786085820194, 0.5774954185516074, 1.2982969747002033, -0.8145617969907013, 1.5555643674043005, -2.288005894353897, 1.390028421385483, 1.959779397723047, 1.954975252315596, -2.6566984800310705, 1.7546077300910983, 4.0149385900393995, -3.446204535256559, 0.33263863444978714, 1.1280420106252624, 3.1623209065942137, -0.26752360198818104, 2.861802577779932, 3.0905653048790973, -2.225670246740117, -3.76713387810466, 1.4377981531416093, 0.09297351652360786, -1.3697050677026423, 0.16869385072451476, -1.58526175179566, 2.2920383244524123, -1.2097678985072207, 0.21959405702707874, -1.4046832299454277, -1.1312389219081844, -0.14234238789167963, -3.1634839996395705, 4.431019054249866, -1.861990068660899, 3.5756588144046866, -2.7980446418849936, 2.868644738831323, -2.480075050035455, 2.546825964399101, -3.679207519573788, -2.835046709307548, -1.7665565281035438, -0.20213954248302546, -0.30736479720902277, 0.11540798932650675, 0.5836609161321452, -1.2792108351540408, 0.8534920366037102, 2.4949748935620426, 3.51652927787457, -2.194329512799716, -2.1795396701811436, 0.7479643232392013, 1.6285233751123889, -0.027030732015156017, 1.989684370031978, 1.0823757102281357, 2.602979017735623]",0.96
8,"[-1.0351001377204179, 0.04137945117044339, -0.9721104139970841, -0.1263389660206531, 1.332818753445291, -3.0690648313790865, 0.6829955746497118, 1.2749233955345043, 0.3671192616622909, -2.221809044413642, 2.4936779963790077, 2.747926593004252, 2.534073506314862, 2.337549645418511, -2.622338425186542, 0.8423485290989771, 3.406150874490399, -3.3254522982964954, 2.0590483575260308, 1.808087060558848, 0.5535790415781172, -0.6488701367891976, 2.5937687382541132, 3.4060441929437197, -2.749362382740025, -1.4332196517810405, 1.4887979332091168, 1.5366147385419406, 0.39826007090682647, 0.26609548095956786, 0.2507543051158696, 3.1405967475202, -1.3613638218605215, 1.703227645355359, -1.078824296672151, -0.2597003227127569, -0.09386448866363728, -0.9828763159523337, 3.0840121996661645, -2.191204255308594, 2.4020447671370224, -2.911217562799985, 2.957971152152331, -1.4556752856844202, 4.134747415917588, -4.133606935882795, -3.9277906170992973, -1.5117714045730555, -2.0645443654456708, 0.31045663193765527, -1.4736963622015897, 1.8969708872075959, 0.8924104503061718, -1.9943092476320525, 1.638085264004455, -0.3842373277543021, 0.5027033526595206, -3.46192717289886, -0.303474026036902, 2.4677419592327823, -0.3247356408931488, 0.3676136411442389, 1.0884775946967844, 2.9039775009350643]",0.96
8,"[-0.5802816470747443, -2.3677664474411637, -0.5476996521882977, -2.843041314659067, 1.5625509949999994, -2.6898635870059935, 0.5282484538827206, 0.29613540179757425, -3.008246733954831, -3.2523641137454815, 0.7458803346555363, 3.4215819077856646, -0.15058177248886517, 1.8613693748226339, 1.3394627537950836, 0.22579702874637983, 3.4733715258743096, -2.922098612221033, 2.803308436045588, 0.797602362568006, 1.6803261068745297, -2.0245989605447536, 0.8637204781087515, 1.7573743028697002, -2.2842660951024873, -3.368982160273328, 1.4411545128852132, -1.5200522978499043, -0.08283065965836897, -0.2321083813274583, -1.0729163411581573, 4.0582889212719335, 0.6858759843371207, 1.1616720327194912, -2.641570917101008, -1.057563659968195, -0.1559432916811339, -3.5150555303239193, 1.0607153160292617, -0.11375054978471288, 1.1308192033633635, -3.6570255415163606, 2.808287610746233, 2.3070220031740867, 0.4947270880032093, -2.64465967935075, -3.3233051834658762, -1.4606796186418751, 0.9470911759411134, 1.2727028096860389, 0.5136188933016475, 1.9474027758823262, -3.6485472569840045, -0.9476302572099016, -0.7036391978952703, -0.8344317384363973, 1.5087704181162793, -3.9447980659639965, -2.003722047443383, 2.8251441673139412, -1.1552932618092737, 1.6114689698540092, 1.8532965174322542, 1.5374225880583208]",0.96
8,"[-0.15669147726952565, 1.1270594079084515, -1.6641352080254963, -2.645936473057887, -0.10392547240274075, -2.0755502906856798, -1.0054518211922447, 1.5097652201316458, -3.0885061575602717, 0.1376856387778176, 1.417943580847305, -0.02340209870006338, 0.5954381815987411, -1.0895985745748018, -1.4264763836159908, -1.7577874333548114, 3.959676209912858, -1.800790233562263, 2.2696403304232526, -2.179484640220223, 0.9607520405995181, -1.1619459779940626, 2.694858727116668, 3.3055587354021707, -2.0465646647013167, -2.6430279432052783, 1.4890912587490646, 2.7661779356196807, -1.3220295725624982, -1.2542663425757588, -2.2227345673720755, 1.3297195809686517, 1.2651436481506673, 0.6492361982249151, -0.8817849911335603, 0.7087626988807865, -0.30747258661182025, -2.990679387748126, 2.6632138834858825, -2.7106312828106462, 3.6456329086478005, -4.159504114676153, 2.8971781839036392, -2.7602895227493907, 3.441426408351831, -2.3708117673130227, -3.3400935233506766, -2.503312326636771, -1.8139509479575922, -0.5776181438776894, -1.8118831951375625, 1.6889425681409298, 1.584180831458301, 0.10152176508894445, 3.4048373262026606, -0.7139424467379127, -1.7174455662063695, -3.9296427486500813, -0.7929668340546756, 0.9011182581142134, -1.5112876713837884, 3.279995475597916, 2.940133122609492, 2.0074050128310335]",0.96
8,"[-1.9157042965320281, 1.2217966555170356, -0.9264828825727405, -0.6634890619515275, -0.7187398799653626, -2.6683982727896582, 2.298798464226601, -1.1222049003980912, -1.9187556074600918, 0.978873030793088, 0.6399209259329516, 2.3330565571105124, 1.3706550155254256, -1.3876126684906847, -0.3780642975255022, -0.9504894286451304, 3.8864975165538302, -3.747836102030116, 1.1361934640925768, 0.19654077237669532, 3.3565124825834474, -0.4489152136401119, 1.2816926092181247, 2.98400811495571, -2.3948343340371827, -3.047545037021813, 1.4801845380657983, -1.9145427245547422, -0.057198019829701324, -1.0593820083973235, -0.897336260936528, 4.2350187445919385, -2.1423616163360286, 1.469201767767645, -0.9498824764616256, -0.13056542573062496, -0.12372205604815878, -1.5361167673969414, 2.1501322829687597, -2.190889597663265, 3.8752038593837823, -4.150952930507291, 4.03516007181155, -1.4324514629791874, 3.1114280471074154, -3.627323823918002, -3.410694670055392, -2.3398372782372157, -1.5647181279888374, 0.0018686007911595803, -1.7594613211765404, 1.5978439771599422, -2.0875150910617752, 0.2729708087135424, 2.63145158656849, 2.147107569807021, 0.9702614958789166, -3.672547978646342, 0.3219957814505898, 2.8803739077105392, -0.05796689657172499, 2.7732964279528804, 1.9039350027939204, 1.2123844974045899]",0.96
8,"[-1.3906904767312462, -1.5161573030102824, -1.1608201400100717, -0.4445616235064711, 1.4376121712226364, -2.9243898673465183, 2.231647420189042, 1.5645650004485263, -2.9529177311905466, -2.829927134288199, -0.3626859019764408, 1.4324748733471542, 0.7274130824098979, 1.5159830303095918, -2.0501901456546334, 0.03516691166646642, 4.036143042120902, -1.353122630178846, 0.9006199232832646, 0.25462940617628116, 0.8848599215348941, -0.7949714505502227, 3.3199366787026157, 2.9198627907872674, -2.4956737724709055, -3.384561800510708, 1.4812671732504963, -1.6414714370884422, -1.0527771533378036, 0.6835899346585754, -1.3648784787667785, 4.049088131121691, 0.3298417120473583, -0.013095822898789966, 0.3077032553484068, -0.612377538998343, 0.3551261853496883, -3.128141045178827, 2.761762638227229, -2.5976458407003333, 2.611948101568432, -3.684406008837847, 4.165869714988251, -0.8840924544745061, 2.961881448089954, -1.1063656382433704, -3.9213526506109284, -2.812279195532795, -2.182401184799531, -1.8763785826615604, -0.43481601147041016, 0.7189879544652718, 0.594366179006419, 0.12145325958057485, 2.5766931513143607, 1.1164492714520697, -2.750826220979961, -2.7939480013115165, -1.9772659099512933, -1.05860858947369, -1.0574887629538825, 2.8558362515684355, 1.7406378555266793, 2.3420792141694653]",0.96
8,"[-1.6448250110586984, 0.056843652098140574, -2.645732876925722, -1.7418678692928307, 2.0302394874214373, -2.3978140352110446, 0.61300654274028, 0.034261547518516844, -1.9752741081395142, -1.3133776431416233, 0.2836326909197009, 2.1494683290617895, 3.4088710432351763, -0.6569424201033165, -0.1466149938528386, -1.2740695610411632, 3.225928842489245, -4.222997964426048, 3.688355946564716, -0.18991404313092777, 1.8521609412211248, -1.820136616188558, 2.92224928662216, 3.55680014224549, 0.6934821569715564, -2.5880355504726045, 1.4566918720667261, -1.4371870891255554, 0.8168021081644528, -0.3839188937237518, -1.726567505592054, 3.0372585642641954, 0.14355021841979704, 0.3321316846647977, 0.8471358911176293, -1.5448774275501909, -0.10475656372731695, -3.2729136125006315, 2.8722094232858115, -0.43845342838244217, 3.5774611960819165, -3.3055506875187186, 3.6286857935400176, -1.9488751793448458, 2.344838193391217, -1.1856388716585229, -3.747709057245964, -2.120592224096077, -1.6638599700051888, -1.6827759452564734, 1.483187995242161, 3.2838177865818645, 0.37600481148358844, -0.007584157406976488, 1.9034840778396434, 2.3412400185396667, -1.12021468132851, -2.7032079369259554, -1.5255738568495731, 1.412564707336934, -0.2279262455773639, 0.9898368068266599, 1.5872703409474898, 2.5345587707574837]",0.96
8,"[-1.0207831543596053, -1.6836979568944366, -3.0280146596106174, -1.4554593197561938, 0.7022926942697711, -2.8600166590411207, 1.1380577163610948, 2.5474227440158472, -0.8802738360091917, 0.016788161216739317, 2.872332247277145, -0.9247968875289703, 1.3426850182191834, 0.8558614426456949, -1.603227767444558, 1.3813465594048402, 4.000613872179513, -0.7369666710651765, 2.464537814141479, 1.8087206154901554, 3.1156134634971604, -2.8456495756440994, 2.880532936165032, 2.988220149264477, -2.8374257554286033, -3.1418247294478903, 1.4889427794733519, 2.3261980469234977, 0.9827799183573938, -0.7728263046205384, -1.0887236493369028, 3.2353452661150848, -0.8820598075840995, 1.5493954285585398, -0.026010679782135407, 0.3384219732189632, 0.25391559511286366, -1.9781866574771068, 3.880905887121588, -1.327793108876547, 1.1238331878695431, -2.9178033430680186, 3.1059578012825417, -0.8234012862695512, 1.3662200310266077, -3.6229074068911573, -3.847055551584107, -0.9634236101535809, -1.5811924493749074, -1.0643616045111457, -1.1017156709055196, 0.9736007059301499, -0.010869798710383516, 3.641551453010106, -0.6806460116042832, 3.5251186816520477, 0.7271016132963319, -2.172206763190492, -3.3828578127086733, 3.666404946431705, -1.4637582545760561, 1.575579456803967, 0.9032516876998137, 2.7656172943162876]",0.96
8,"[-0.826210768588822, -0.9530365135043375, -0.5925910731815703, -0.8112671048747956, 3.2356911473957175, -1.7511987749295117, 0.3633257354588705, 0.6017702229281664, -3.0968655366014324, -0.5325355460744331, 1.3326832632886392, 3.53829264646615, 0.06300778148626862, 2.2387408899248347, -1.2760549243599224, -0.9244293670917059, 4.034797495853386, -2.6106607157678687, 1.046652193655031, -1.88513059678092, 2.2008364743285984, -0.46496908601931586, 3.280123380055021, 1.9482541291884097, -1.7180973376797906, -2.4901778252595346, 1.4560515269590473, 1.5004544902442576, 1.8369296239452428, -2.5295973036681545, -1.78746773344624, 3.7017165713792273, 0.5400652999018378, 0.05282148177346846, -0.3771329908222195, -1.661643548874334, 0.9454163763831305, -2.7041672100987206, 3.86238113089201, -1.9920345121307539, 2.0949725541344524, -2.7493041452876934, 3.5621748279404857, -1.1128819509175085, 2.6047922617346115, -3.6162032776844018, -3.445499342532381, -2.0693559311626775, 1.1340836349305687, -0.8782309229728835, -2.126561134492911, 0.7571887555815338, 1.8122642196698975, 1.6705318946371845, 2.6068238059709263, 2.579462235780837, -0.6024424560341515, -3.8113598884338558, -2.1306717471166645, -0.10677872115023335, 0.46740332154365527, -0.9673781212317263, 2.028416760865883, 2.6765347175664296]",0.96
8,"[-1.7580575057730359, -0.05426983074042546, -2.2655387653819528, -2.8436325155244853, 1.079255392967115, -3.069822293506938, -0.5196665599058031, 1.7602796096749302, -0.2168338211747891, -2.430951554029298, -2.2787186832328854, 1.2041495800457716, 2.2187763097807696, -3.5403264090642006, -1.2366883836411926, 0.0738387253053498, 4.036947187639216, -1.0286352759578627, 0.5494826199965444, 2.691617305003864, 2.288150571070429, -1.916079816783593, 3.296454324518356, 3.2422087845557455, -0.050187597051477795, -3.9324224577746025, 0.9557338125201355, 2.1774341670797703, -0.5375525366733709, 0.4731076843034819, -0.0033586415920536794, 3.5079867683903405, -0.31986114953532235, 0.006002780783504302, 2.8071960137470295, -0.6809675587683475, 0.6896897761003671, -3.553997007022667, 0.3529483686237376, -2.409436801461755, 2.8762646262507943, -1.9926983522675528, 3.7620047369717864, 0.02550041196853703, 2.0919405400282765, -3.464491045702269, -3.558552915833568, -0.9484197470179903, -2.9271375994678266, -0.6101505521662659, -1.7701107426290852, 3.1545669650299626, -3.382111500575645, 0.7822403776865738, 2.670854738346181, 1.9662024708570778, -2.852354246807547, -2.210287681104644, -2.2370786837717453, -0.26695789468666886, -0.08292261885925634, 0.7010275519197376, 0.6784535530995452, 3.2375219567446423]",0.96
8,"[-0.37106845859632365, -2.1949310544775305, -3.1142603975894523, -2.8303335850110627, 1.0100679262936727, -1.81739420958168, 0.21170828327254143, 1.3049812318272802, -1.3349902601185644, -3.3035333345018816, 1.6303918611892243, 2.757801047633357, 0.5114843975092205, -2.9719694701926858, -0.9530974643305067, -0.3277916956867088, 4.023393937130175, -0.8504172535278323, 2.193944746714191, 2.1331217202860717, 2.788054157644298, -1.2479368218238078, 3.2901324076000145, 3.5492681338411383, -1.230202308412543, -2.041051436631526, 1.488154807476924, 1.1877397313649127, 1.089123315147726, 0.0815034695231786, 0.020161829984454815, 4.1836335233931115, 3.0999468586491163, 1.2368178450552467, -0.1590351156106854, -2.7475147580318677, -2.385949445519029, -3.5663896954230747, 0.8171982307488175, -3.4263572875450086, 3.006229575878367, -2.636622812923023, 3.1935851393506294, 2.0381129706736654, 1.852235161854976, -0.5923723803710286, -3.7777453154271257, -2.373243277033378, 0.4553102003011835, -0.4956411344490579, -1.3550440483985924, 1.1520880815772614, -0.2553607185028794, -0.9457100068015621, 1.7619037087416083, 3.2387916431524495, -2.2685437664790626, -1.3572596616439676, -0.7879198696660741, 1.9143374829704545, -0.10337293296855717, 2.6881248154518596, 1.5971560253979507, 3.0972428910076015]",0.96
8,"[-0.9407641660518868, -0.9151021840748916, -0.787417206038894, -2.186295934274237, 0.7152170672695425, -3.020373636116628, 2.4919613362433486, 2.244077949949548, -2.7037537247191423, -1.6929077224731017, 2.7253257670557915, 0.7394468311525845, 1.5624719586347, 1.9852006707675511, -0.23827074531551407, -1.0977724994693099, 3.960373994002075, -2.324770580401477, 3.5455915142590513, 1.4765836811545712, 3.1129463886907076, -0.7723348582298823, 3.2275532333868724, 3.0897820225143375, -1.5093333912633264, -3.654782179418378, 1.2857897555566287, 2.096405039669145, -0.03947044928930232, -1.7974826008579825, 0.02228676638791427, 1.572588117343403, -1.670346215771267, 1.3529559790379089, 1.6734776906379123, -1.2373591044821937, 0.4014790829977812, -3.2924821845356966, 0.9662818788817811, -0.005832571494794436, 3.9975724852653696, -3.995993342150303, 1.6015818207428212, -1.5204406429355606, 3.02062463661141, -1.58940912691412, -3.920139594274762, 0.6313020462931456, -2.378067440109661, 0.037643141626466814, -0.8482004137194173, 2.48115474580262, 0.6896511909046742, -0.863320908861566, 3.092436503127774, 2.8196804970268454, -0.008903615268582188, -2.485560898918007, -3.476986843818062, 1.951914757407296, 0.3031917816970471, 0.9007011805657569, 2.4712318208353024, 1.8513727173714727]",0.96
8,"[-1.0010763902980375, -0.9745067056911536, -1.3772154946643864, -1.2782547744829742, 1.9018665595636621, -1.7274859403183158, 1.7775751642842428, 2.5553578041755536, -1.4435928376215288, 2.332601620520072, -0.7731680234607625, 2.624243420987463, 2.457631439755395, 0.8578529274807266, -0.848074160895275, 1.6265174158169466, 4.037769872781291, -4.228209806602741, 0.49596210677046415, -2.3537017881839915, -1.5393056106696252, -2.3050619974405406, 0.6851501941553728, 2.416121821305597, -0.7842325719014671, -3.9410513940877543, 1.4449925435432684, 2.1402921408068645, 1.235919250309965, 0.1528200734166556, -1.2638140081469555, 2.3822887853860273, -0.06132958614623929, -0.331678069053881, -0.9010574401695606, -0.4790477354791891, 0.0019403520573340327, -2.814234346876739, -0.32627912842544715, -1.7487943813218574, 3.804343907191349, -3.9767821948973086, 2.5845101964617223, -0.5477962988130008, 2.9236462900437274, -4.0102607545612186, -2.942898613764424, -3.0729252589347262, -1.2521968619252484, -0.8741932766487917, 0.26708660512865934, 1.830722377340284, -0.6302957804646054, 1.9844048486370447, 2.941926212018868, 3.5199443056250685, -2.1977792658679824, -3.646578313756302, -2.5257181694503483, 2.5870222245545134, -0.044953374562653914, 1.3185580885689774, 0.5897954151453929, 2.6695945005808617]",0.96
8,"[-1.5604198470118575, 0.745206563723471, -2.1228849103256175, -1.876175260600587, 0.7787098897367049, -1.1873322087298694, 2.6130470111588973, 2.952029627185886, -2.512881168199129, 0.5560694311416794, -0.5382186300272566, 3.823816487489655, -1.234763129844068, 1.8548729429955788, -1.0149861780644907, -0.3941738199294596, 4.0303983107734584, -3.213098196128983, 3.093250073247132, -3.137758172318679, 3.205274032556125, -3.276666256112765, 0.38817309729254723, 3.3122695942379545, -1.9618946141803582, -2.6985498865123776, 1.4546865875209758, -0.16213660434208965, 0.23265778778738289, -0.03782930838178322, -0.43926388833468866, 3.0364520130059542, -0.6403758699177415, 0.8319661418954969, -2.502301606335403, -1.174883591958333, 0.845025604472104, -2.315074117260944, 1.2697781084912723, -3.1956371615709056, 1.9261157060814842, -3.2012841436052497, 3.6853074565140043, -0.3931999253248575, 3.2582701819982782, -3.1267968203378285, -2.1664418447005156, -0.9554087484510068, -1.1937702367409226, 2.304710123306391, 0.5071735523287253, 0.5357846495415381, -2.2321831097753964, -0.5974592953829918, 2.974654276816009, 0.5795935066885702, -1.2398945314615402, -3.383967322790255, -3.048317801512618, 1.955277381547276, 0.14445672951594607, 1.2295437608841708, 2.420248209346096, 2.880085532019426]",0.96
8,"[0.3638953360356972, 0.6357261952144646, -0.7893982385667032, -2.2930751509273044, 1.2122259884657822, -2.649451811273235, 1.4665711954230871, 1.682909563577484, -2.352859521846529, 1.352658051031947, -1.9201340238377649, -0.6455736315521481, 2.2298671406858577, -0.5658206031131856, -2.358807505961892, 2.2976782844879957, 3.985876729778079, -3.667237795758295, 0.322408920016534, -1.8942692076702934, 1.732198897045537, -0.8555026483031715, 1.0049317954061536, 3.5326086038048334, -2.7222283220126737, -2.634225431209888, 1.4890362317360477, 0.78651327309783, -1.0143140319081914, -0.8325014630677794, -1.1757773101097482, 2.1708638302264354, -0.26933077940303707, 0.9568258319949052, 2.083322703301621, -0.9683995943881223, -0.41001723702686976, -2.1812989502288156, 4.35148137953034, -0.9079179458146993, 2.517205377904133, -2.9977794437782634, 1.7380300802653106, -1.5080972165122626, 2.808046226796281, -4.17505094765443, -3.905818988521758, -2.839692852673208, -1.8894639585164739, -1.4716803112044077, -0.25542741592116314, 1.249873896652471, 0.8492332839234538, 1.1688968713099583, 3.077196835035072, 1.0064305252133048, -0.4993051506391115, -3.0758591404464095, -2.3702212521497303, 1.8784112993468647, 1.0135127757011855, 1.5864176073866034, 2.883422665631998, 3.0322734777374825]",0.96
8,"[0.3768268142358346, -0.22783603904635896, 1.4385821187779453, -1.8745231665666642, 1.828639562562995, 0.33383868451571486, 3.068055598435607, 2.954964367128971, -1.6920213855185822, -0.9560183677420651, 1.1741695572662716, 1.1210851601220269, 1.6441472413376155, -1.092147561401955, -0.82838424208288, 1.518431660912697, 3.9831173133231905, -3.7354231049173694, 0.9463490704172043, -1.2653076532353125, -0.7766897790084584, -2.8840221298806035, 1.9292609871428748, 3.5501312435044126, 0.10945120764639671, -2.005586135154869, 1.2921055878285694, -0.3134525601396526, 1.8552678993076053, 0.2476103803308214, -0.9142154988901794, 2.1703766287096595, 0.5942267402875626, 3.537179513976639, 0.2212845205831695, -1.6536396352910463, 0.17285805008787455, -3.382320349990384, 1.9855191097462428, -3.1267978020286837, 2.0287268880559166, -2.436062922175908, 3.6408487715102265, 1.214868510327644, 3.6592255545993995, -1.8798943279374725, -1.7833814585392125, -1.9745896838051058, -1.3660037079874643, -0.5431341571658754, -0.9027068721743816, 0.897487005391576, 0.018235104447677453, -0.3085376876608555, 1.4600518515867316, 3.5181430733137367, -1.2911661716219713, -2.8063718608293122, -2.4323392674730133, 2.3444483723479923, -0.2340610398179721, 1.9893795410622395, 0.48889597324410006, 3.0267166429085144]",0.96
8,"[-0.7402444984216999, -1.034742156538253, -3.2159546719602123, -2.375668535746247, 2.9746727283147183, 0.2505377579785306, 3.301802947002014, -0.2645034069717134, -3.4161329445454256, -1.2318019640908437, -3.0887111678472294, 3.8536885126566425, 0.5130806394519845, -0.48492274544803865, -1.0653156861058193, -1.3399415102236147, 3.7686043654142196, -2.3445770075049994, -0.29007165031812043, -1.2055393637093808, 2.2946679694730934, -0.22495630879248285, 2.461419610700217, 0.41777421463712194, -0.9446391764411888, -2.012969588553405, 1.4818353115706675, -0.12108112624629963, -3.993377843360551, -0.8294192025489436, -0.9105252087420255, 3.2638800448370078, -0.1101546758762324, 1.4204910865992804, 0.13635954587134003, 0.5557024026773774, -2.169159586882225, -1.162319392036367, 2.4848261837141763, -2.5421560025958607, 0.2197738408607779, -3.15642852761614, 3.8019627230109423, 0.41442469127426285, 1.794669186639024, -1.278548302661881, -2.4044059631746353, -3.34387623398889, -2.9917385786069763, 1.266515062323254, -0.5976868229216605, 1.9610607502836803, -2.3919593461603155, 0.5711384911073699, 3.0478168920258795, 2.0591546332376174, -2.702815291867929, -3.4261600316209213, -3.2925190247451104, 0.9110983014483146, -0.14621621040909016, 0.38418157288015053, 0.011415333005054595, 3.2123097756270846]",0.96
8,"[1.0515856927693505, -0.5474516543632977, 0.028971747040297924, -0.5377163848803952, 2.4087833770927736, -2.632254969973543, 0.9053450114073469, 0.19525556216565776, -1.5379080076651832, -0.5474150694868196, 2.2773553381036873, 3.150365319277267, 1.0310825841919269, 1.85115202642683, -1.5981042495214393, -0.29246009577480636, 3.93975324504451, -3.63707809252261, 3.1542253626613257, -0.9051434165834922, 0.9368855153116821, -0.684240583402435, 2.9430134036129254, 1.3712592244940935, -1.018503655826446, -2.323908066023681, 1.4807480353554117, 0.9561000278375515, 0.5007124081349308, -0.8032606964059449, -0.7920495803913594, 1.9793639260321103, -0.010800147902986612, 2.33070352413084, -1.747352989833561, -1.1397623002143134, 0.0792823297385584, -1.4048334120365067, 3.0615329312868536, -2.211738055265381, 4.031776013651508, -4.168252516864096, 4.150184897381712, -1.0083825465035041, 0.8522938153996007, -4.586929962224186, -3.736653663634613, -3.4420745205139878, -1.5709994410375048, -0.9752566176711517, -1.00313888926555, 2.5470358098700823, 0.6155791069512535, 0.14591508999601827, 2.717473354543995, 2.6317733820721667, -1.1406835957825963, -3.9471409743429713, -3.0258415698023082, -0.4426436435537502, 0.6371602954829363, 0.936667982060011, 0.5158478260238561, 2.7952312171822182]",0.96
8,"[1.4476578016573942, -2.3366925872995843, -3.1007911659364167, -2.1264883934624184, 2.939413264733659, -1.1799776997384015, 1.794761544788926, -0.0387231006623483, -2.923122967899925, 0.92118495758286, 1.057912012578717, 1.4448327759616553, 1.8581632127719407, -1.3149870370181316, 0.16429617032336652, -2.874177824750839, 4.015250291062403, -2.495745617381792, 0.8605231579125305, -0.9347960993237991, 3.2911134850417247, -2.1409001790854556, 2.2566191176275225, 2.9343808997913596, -1.5548999081443182, -2.3243460169053414, 1.45755869372228, 2.883868991889851, -0.6415634001099577, -0.5302381670290262, -0.6371123454347551, 3.071871951083615, 0.9704354326029633, 1.6095840961697414, -1.2471826837522353, -2.2261579885000855, -2.3297581263998, -2.642181915250123, 2.034159342196123, -2.8123091961107476, 3.705151540791592, -2.9626181880776397, 2.423359506890991, -1.302940798167739, 3.546216179421895, -1.3153351645227707, -2.415965846264589, -0.43877087589284924, -1.703196013157534, 0.6142785237623031, -1.4740095807736397, 2.1812802801986146, -1.1675502650436578, 1.0755484027650053, -1.5147701895638477, 3.521504916728612, 1.6730028473932321, -3.0310320362959926, -1.6651274130843499, 3.4739112547021556, -0.11897756783834143, -0.01096890392961658, 1.1934654160809477, 0.1030719026746798]",0.96
8,"[0.8497788813786384, -0.9841427319069583, 2.261286546388399, -2.7811726269049903, 3.452463365707695, -1.4242312139378517, 3.115846784909344, 2.595949248507085, -2.323486683968109, 2.4341017982391966, 1.9969552843371852, 1.6596374138425698, 2.294776032611635, 1.3496441978686997, 2.736467136606229, -2.0073101956170896, 4.0136833470454985, -3.89051317562224, -1.8831320781464957, 0.4126329714872774, 1.8377039154462056, -0.8997814829730235, 1.6311850571991076, 3.262522922859439, -1.474479814685089, -0.8170839771672169, 1.4851907839938039, 0.8288944000250892, 1.4905484099578992, 0.9675179000661596, -1.4002722307863535, 2.5462716840761854, 0.1835457727812274, 2.2579838727471566, -3.142724647996461, -0.2564773892142748, -1.6266960628017018, -2.217705600169814, 0.8607784550255413, -1.6726234581153414, 3.8032349434291595, -3.4648486170021133, 3.3111180454231404, 0.7276671832177265, 2.4279157110695144, -1.9133164443305244, -3.9144256851242893, -2.8041619514283145, -0.9561117128790708, 0.3808202177789903, -0.9707354032101807, 0.010209682125850605, -0.5813295964708837, 2.0424582045534256, 1.1646509366918603, 3.4798832961445973, 1.9528637134124511, -3.6987210489809232, 0.7473858047937743, 3.1138625452293036, 0.4577290955335086, 1.5007848945925695, -0.08328392797842007, 3.221293284925968]",0.96
8,"[0.13455580331943107, 0.09703167356711678, 0.8292971108182573, -1.0249020391519539, 2.3227615354688496, -2.3755322399768044, 1.8279190892375334, 4.121055965406321, -1.3583311886600204, -1.2733416131256723, 1.4281286034295952, 3.8058634448965916, 2.176561117536342, 1.4714790032228389, 0.5084496228841545, -3.935918666535344, 4.005864551104948, -3.066619201748371, 1.1126301409718322, 3.3671043036730115, 1.852995193386324, -1.7771367993215565, -0.14019230474447442, 2.7264360591775763, 0.34408994403645354, -1.8554168744426813, 1.4767963523799457, 1.5960436642931166, 3.3043024774186547, -1.422825856839059, -2.9080200730758543, 4.238560673272484, -1.0465710468372333, 2.4208670328032964, 0.09403786947516213, -1.3359211618752855, 1.443122068271093, -3.245299124265346, -0.4431921193470112, -0.6370055634999705, 1.849381644455606, -3.437738637131278, 2.9265847987665614, 0.8797442203550253, 3.4317515901212374, -4.416170569073657, -3.4080265504057303, -1.9635589049372766, -0.8911978863638036, -0.7767300615142054, -1.0334369687417961, 2.656670198735725, -1.0547394069798481, 3.6290315933327624, 1.479256552077805, -0.32011360356896024, -0.5757726457247923, -3.356410810576529, -1.0005849679565335, 0.6834952967628607, -1.6931858322811886, 2.0993005284798767, -0.789409657512229, 1.3345875381333512]",0.96
8,"[0.14983643089343857, -2.0693672332705875, 0.0035787282719163815, -1.0227116282822906, 2.5843966131395324, -2.644030995835927, 2.5133880885920585, 1.019598881408998, 0.5824321213875221, 0.5883142845875606, -1.1949210478789531, 3.1860590510983826, 1.9062347006317126, -0.22627665189305146, 0.07075013331881037, -1.6682638699439358, 4.037198363192287, -3.5255255321794134, 1.2939255559639236, -1.647736889802729, 0.6543207839600352, -0.291027900399636, 2.417890845864797, 3.1097038466982756, -2.4773673323198997, -2.605838968742753, 1.4890732669599338, 3.961563109234097, -1.215849620809685, 0.521123466331177, -1.5638089210173993, 2.646414494911892, -0.5772886477028722, 1.0391437478802072, -1.1301295396639666, -1.8241119624770552, -2.969553567001004, -2.7423970976160423, 0.41578596022623304, -2.337683146491214, 1.5691054342726345, -3.4017159145322893, 4.0598139956509, -1.7511625799443866, 2.4701739325701233, -2.818176806600929, -3.2848029047855474, -2.4660389623744585, -0.030458192525495642, 1.811143736170055, 1.2476742320469767, 1.5566450398413063, -0.9774172272144447, 1.001087741856384, 1.7270913605426215, 2.178960116375201, 1.8384944163398846, -1.8534085686957376, -3.434439253951779, 1.2676172471687575, -1.2495912490766055, 1.9819623970598466, -1.442410499423913, 2.763319059732061]",0.96
8,"[0.8564216006316843, -2.0482343360346653, 0.3605280717348113, 0.6017884303883825, 3.0557804578305756, 0.5907076424017035, 2.7536218788201996, 1.5133956403324615, -2.0266476272027227, -1.2439616903365942, 1.2576879202762001, 1.3398562853365659, 2.373794720282934, 2.298447823233058, -0.41190641084214996, -0.6850160038936695, 4.037717030464895, -2.3239628949412747, 0.060635217111398854, -0.47385964387692703, 1.2645858194969086, -2.0618307768934137, 3.3136217486680217, 3.407552784312499, -1.9437099552669885, -2.705463520092389, 1.4767525223013844, 1.62168818915843, 0.9450237484853139, -1.3724578956967224, -2.6707532935929605, 4.227710315924447, 1.0011277446725713, 1.1012447001026406, -1.7168802149435045, -0.5460693765506045, -1.4656507808970716, -2.085682941232788, 0.5040259366710589, -2.4388010367628112, 2.9325146378842852, -3.697992619879055, 3.7197832627199, -2.410446265557434, 3.6468151063563456, -3.140783158165826, -3.7222361525210093, -3.0641842707812783, 1.0909218743530709, 0.022168328437521312, 2.48491358300887, 0.7686431057044107, -1.9538158295008317, 1.6089846768514047, 0.9225642232529401, 2.830641966584612, -1.0594630518685784, -1.2791842936660647, -3.013794146847107, 3.723192931651672, 0.41093880099102287, -0.0667301678833343, 1.2085439704150056, 2.9299484855263827]",0.96
8,"[-0.15338020504475003, -2.0510756623607342, -0.8947327824362894, 0.7464311921298672, 2.5653543485458656, -1.0971093263074225, 3.426501728635359, 0.9133137574157181, -1.0567109392973129, -0.7999969651336478, 3.1076349007730766, 3.17217106405768, 3.4342665379353257, -0.1401039202015647, -1.492203554589348, -1.7291686129426478, 4.03575512687268, -4.223833446044843, 0.8040239552718309, 0.8527175434537527, 0.4230025211748818, -0.41587456699726544, 0.020125119905621602, 2.5058288545393843, -2.8106775166827647, -1.9416312762006664, 1.3985777963764727, 1.2184022097293739, 2.7200197357149936, -0.30348934736511, -2.3814495665147075, 3.4197051943310606, -1.2784413856945043, 3.164585525169546, 2.6458530388643164, -2.668314310978725, -0.149744779865697, -2.399668393521052, -0.612296424533828, -2.6503841918210997, 3.439332945408027, -0.7362231818810825, 2.6595059260811604, 0.7399901059909044, 2.8012026396900027, -2.81099346505385, -3.3281543804087472, -1.8087447499236156, -1.154978538297196, -1.7896180431587174, 0.8240167191019784, 1.9803864384343648, -1.643124237250076, 0.38768593874193225, 0.7544553025192016, 2.87387867559545, -0.1343515970897018, -3.1901596458128667, -2.3768582893511176, 3.0176103667662, 1.3127221537194944, 1.3098294554453527, 2.1780000272223, 2.8282145481760415]",0.96
8,"[0.5563324474132659, 0.4381084000212542, 2.3086024385734665, -0.5853580489274816, 2.726657255714447, -1.7859588160662456, 1.1347009444060785, 1.530833891257658, -1.9103195153024728, 0.02035092424508922, 2.4809623396985314, 3.8577398398939557, 2.3720338245998556, -1.093022906318577, -0.33779777684376144, -2.050701190633196, 4.037113965077151, -3.7777976078457747, 1.1934541737972724, 1.710417691914561, -0.6686943559886727, -2.2281806037896947, 1.472315363732821, 0.9199793183540859, -0.1278848096148304, -2.3707230742490926, 1.4260078415702941, 0.9604582524660012, 1.4503027854326982, -1.561963333713105, -3.850807457429486, 2.4095666126070157, -2.243693950360167, 2.662894874547783, -0.7085293513775318, -2.494771135966012, 1.785376621735876, -3.1551174413700105, -2.453973586985385, 0.188522808437237, 3.1853980558544723, 0.11976179549372379, 2.933494403959102, -0.543867481744819, 3.025047360926294, -2.0804373418451885, -2.0053819124348653, -1.9113600873867744, -1.313916120116179, 2.498828815849425, -0.5826428044262043, 2.719389920541852, -1.9922508379125918, -0.9843681482041602, -2.3375707162091954, 2.0371027395425836, 1.3378473605007557, -2.200338160091585, -0.24543201533383474, 1.3651703582878247, 1.132298838215128, -1.0230348739971176, -0.36211887094478834, 1.1409134685329643]",0.96
8,"[0.9968756850855436, -1.8962187760057017, -0.8275150850619103, 0.8969825192918794, 3.3997069233541244, -0.5131603066722787, 2.9574822616367396, -0.28324387268835594, -0.7054870337186486, -1.5760369569522616, 1.3106109266990207, 3.030466609260305, 3.4735718996922444, 1.2758863590401441, 1.2997777210128163, 0.45233744857820146, 3.978766583168987, -2.3655140808855464, 1.5697913375331454, 1.7625861824553413, -0.17045123391933958, -1.5217746659669609, 1.597006842277865, 2.2577131457412616, -0.6353012318856834, -3.1870051035793394, 1.4309160182456742, 1.510554533988791, -0.9425958650469903, -0.17730990096587526, 0.06669278814414792, 3.1383746748483077, 1.1286664896083063, 0.5917512998630734, -0.8511100316579059, -0.8537984478175156, 0.9459459333043803, -3.5099219820967402, -1.0784315071801933, -3.497007023800373, 2.1215381003219065, -2.20930139294034, 3.483234618643256, -1.9595884335889378, 2.4888604584901866, -4.490121099069087, -3.5716774155384017, -3.3267065010628896, 0.06357173696804286, 1.1714426771166362, 1.3856466684610398, 0.026456999326813113, -0.7744247316690497, 2.2643308160082767, 2.0591739697226883, 0.49060023204458925, -2.34263561614889, -3.7863204401054436, -1.337372933457413, 2.6672046421985343, 1.123216712266285, 0.7164400906794428, -2.5908908801296513, 2.3763761376721764]",0.96
8,"[-2.164716830832602, 3.2760519256162555, 0.559293299113794, -1.1200716467709455, 3.398072587365216, -1.435002331538041, 0.38837788993538247, 2.468201168120036, -3.2910411590829782, 0.9285122722822207, 3.7523180660122923, 1.1845693644450506, 2.2979535349925384, -0.36524569638567683, -1.1162398098397253, -3.712576534317511, 3.994019530070462, -3.788328191208799, -1.1744755721630944, -3.041186960867409, 3.2448095693626695, -1.5749225094331516, 2.34229588710874, 0.8681524735722848, -0.2852634382577687, 0.9522268029765644, 1.4874513773730715, -0.5651847938303767, -1.4002412208803778, -0.18553869461830613, -2.4742718670173667, -0.6320714581731575, -1.0719395124254751, 1.4521570138044988, -0.6770878394105755, -1.6136440128344536, -0.9793760415775141, -3.5458355441678022, 0.2021954619511389, -2.2093453269013255, 1.6409377183753215, -3.3860881412410815, 2.902150866469884, 2.51718163398895, 3.486554505476496, -1.8318866306951342, -3.423023263414591, -2.9178526463197083, 1.7995108863394644, -0.8920454927670872, -1.1817957056036668, 1.8835747417636322, 1.4078151017018525, 0.2941786555820822, 2.275567671406174, 2.100114749756924, -1.8367917922204964, -2.780070377870236, -2.8689751386507973, 0.7196549454911809, 0.06751052786923506, 1.199037624065556, -0.486831794388759, 2.623237776506631]",0.96
8,"[0.9953548446663503, -0.03222228156661555, 0.040242025877307186, -1.471716263905087, 3.9459994910636347, -1.117120625935977, 1.4149948295031494, 3.274206149951678, -2.7611203362627617, -1.8534016041241927, 0.04946206073004733, 3.799120137853767, 3.092456806434604, 2.8099083203692254, 0.39602563580668776, -1.1491121558830455, 4.0373009050636774, -1.9163304934837826, 3.576727867728053, 1.167240557956848, 2.9910633003810774, -1.8894012853597273, 1.2838456516313579, 3.4690885738497057, 0.034927797815242245, -1.2510191559067922, 1.4688768531924163, -0.5628400813835099, 1.0005263456838023, 0.9185682797743332, -0.8378703477013809, 2.4986918059519896, -1.1145170995351699, 2.535700632737253, -2.0988040605951737, 1.3309519364461107, 2.0523742242346494, -2.445265117604566, 0.6694229072990131, -1.6763167341117884, 2.9140835566574532, -3.520643193738087, 3.598986005904036, -0.6129486836672929, 4.142885573695739, -1.900318102630361, -3.3216702985393516, -2.015886457058974, -1.7606801250250312, -0.39159194430483446, 1.351238096597043, 0.8991436292720678, -0.22654533747236688, 0.9397970411806712, 2.296515665381147, 2.9679038275683394, 1.0925056198416871, -1.7484806322938793, -3.2312292201144093, 0.5902265103787845, 1.5759559557531482, -0.9842500574213742, -1.3300133368957636, 3.012015369793576]",0.96
8,"[-1.8573998987872835, -1.4150855704449472, 2.0116828255569903, -0.6999239643175819, 2.611511934088261, -1.8942726343609566, 2.5543429460177727, 0.014229239872015853, -1.9275211007399056, 0.2671107087777328, -0.1709814218160164, 3.8479711678378936, -0.8679589612142533, 0.5615530241532676, -0.1954969208019259, -1.1340600535009164, 4.022353357373435, -3.5852029403486805, 0.575149173710648, 2.9613992826519486, 1.2743698541220025, -0.026461788741856562, 2.0419543775825484, 1.2169703148139472, -1.5299493949696794, -3.4296607716320704, 1.451469196333716, -0.5531205445630196, 0.40898519482653595, 0.7228358567940248, -3.866912609377426, 4.217899410776498, -1.0798108103328539, 0.1078068184493699, -1.0771868041582773, -1.5397171286774767, -0.1341253731028561, -1.724455877771363, -1.6202104969652222, -2.04015706698333, 3.252022296166025, -3.7696837489441744, 3.7949014867378565, 1.5058931381272078, 3.2048668439496057, -1.6485202983051406, -3.72511841718681, -3.6473154625091664, -0.22156877315118928, 0.9540527004807853, -0.08624335717604537, -1.6521578156348742, 1.3607793813958848, 0.4929058476852832, 0.9233428336635869, 1.178428136237231, -1.4314541485476397, -3.380647841598609, -2.9857817618436, 0.9469928462312442, 1.749403101657074, 0.6286964910514381, -3.7597678678281614, 3.227859476517723]",0.96
8,"[-1.0816391260340883, -1.8722545958617856, 1.134919308929964, -2.843392295113106, 1.3034672086563939, -0.19781690476977865, 1.7633235588266625, 1.9980589051726267, -3.459126090575933, 0.9230948072094577, 2.333951055435441, 1.8227907296876045, 3.474819399190975, 2.3861328735413907, -1.6087645738949001, -2.4200714947666704, 3.9466581495936306, 0.3236776308096454, -0.30066587340186657, 0.07523789239067141, -1.6859148303129692, -1.583692655056855, 2.426358609347457, 1.564338887991359, 0.8524690802168085, -3.4077092541239447, 1.4241981270803432, -1.4869099749333945, 1.1799810424491468, -0.22178976548958723, -3.0565005511894507, 3.338414721239045, 1.9661297515878726, 0.19053597249526866, -2.3557586943880153, -1.40729729019713, 0.8208301324375338, -2.885161426206171, -0.6092776739553085, -3.2934939508473695, 2.388443327450462, -3.0264698358315245, 2.8257185457919674, 1.3541999792381012, 3.840953161078208, -1.7462578837046256, -3.17444905942842, -1.4285808167565466, -2.676411228825072, 0.5008524091585637, 0.9865263829659356, 2.5392237324992317, -0.208808767476616, 2.6281672350033576, -0.24915129339044606, 2.578905078110565, -1.6345845178633294, -1.3521030430977472, -0.9539636305108639, 0.2325434912369455, 1.8340790226860393, 1.8521223741128559, -1.5921643919129387, 2.607669183378013]",0.96
8,"[0.9580162689867067, 0.2345492726863322, -1.1672687946232136, -1.6633397184755792, 2.4993510470267726, -2.4797695592844544, 3.651054336762986, 0.6585301586511868, -2.7737334294767075, -2.2580868806396786, 0.49290839981782997, 3.7319892052028742, 1.88111294211176, 2.9506545235203414, 1.0620013337983105, -2.684489476314626, 4.012996116723813, -2.006729900654321, 0.2884888497647867, 1.3093627218063253, 0.2903662629585959, -1.182188734502658, 2.6342687000567273, 2.8529014315802517, -0.2107099705859562, -0.5380411388910336, 1.4884251646561748, -0.406045997409219, 0.8892635417651181, -2.07257972199338, -3.194982950698906, 3.72184065437519, 1.5300273612759094, 0.7184855744653461, -2.5875114433640967, -3.205399542815929, -0.5538263196523734, -2.5781600263926387, -0.06931499684664477, -1.453799753804088, 2.5143431453098035, -3.9928274518652493, 4.068281927539936, 1.0242067285404082, 2.7016703163663647, -3.295148976169062, -2.2484914155975466, -3.483149157445878, -0.7025160178135299, -1.6321941485090539, 0.5506939378284901, 0.37351327981169336, 0.6812402223460678, 3.629208513640318, 1.6592042178780124, 1.6738939515637847, -0.3028750938068112, -2.9388828103281694, -0.0633390906240976, 1.2791563559183525, 0.657637636156744, 0.6970255107262137, 0.6319940775775833, 3.0430955472493135]",0.96
8,"[-1.0957512360673702, -1.1525137290898833, -0.8652052044596419, -2.844567278484823, 4.050662331967882, -2.1109175122140504, 2.9493032855391403, 3.033166711624652, -0.21368114783244918, 0.8664726032165931, 2.1076450347090345, 1.0311440563928889, 2.0905873967757507, 0.005691278828573898, 2.1414887110519354, -0.5702201403567914, 3.9875612948921555, -1.476368007351021, 0.8910484238304573, -2.848579716840869, 3.287688151795522, 0.36059104457436186, 0.6836245418792166, 3.5117442758479913, -0.27040506787343865, -2.074381678389757, 1.4697741016097292, -2.736634242262204, -2.5013758739443066, 3.902533686864759, -0.48774898893754726, 4.223012247822734, 1.1293390845205653, 1.0105675410066455, 2.2816752224552768, -1.9159935885069785, -0.22406658258840734, -3.5724549750363206, 1.4177568315060922, -2.5925599006477036, 1.427641109551399, -3.487233065555436, 3.080873573479542, -2.0052628783803037, 2.7935759333305348, -2.216377774220665, -3.7393222603334357, -2.169772524299658, -2.766907077471701, 0.7154381313720487, -1.2365180471567638, 1.4503261644320977, 0.6850275116364082, 0.6215618900845306, -0.052678418936190186, -1.0104731059614644, 2.307165597593642, -3.3617678579205865, -2.5304461744804954, 3.4673902912818555, 2.9380370420147717, 1.4395602797602318, 0.3589364143204304, 1.5909271359044228]",0.96
8,"[0.11742315354014266, -0.6568448529791396, 0.005603089127084848, -1.9440353747182657, 2.6986589629451583, -2.610527229816045, 3.453716952420599, 3.619288750294163, -3.767672985223614, -2.3546357496788413, 3.631817363944772, 3.198264227843455, 3.4094585080835045, 0.9500206574051033, -0.2423910750140627, -0.5221656200034348, 3.981592584020015, -2.9787909657510365, 2.1793285442364043, -1.1669910630436737, 0.12723801207957086, -1.7255893220355691, 3.3237121095022935, 0.4324341363098263, -1.8159890631193516, -1.4970141386493985, 1.4768659997380371, 1.934675968559538, 3.277419024383187, 0.8419782795077339, 0.4749017448571893, 0.926236246748787, -1.6511291553896814, -1.008741330454931, 1.717029969355147, -0.6318729598024754, -1.489154499215356, -2.8589858243968047, -0.0034954406764418078, -2.444056955255847, 3.8881497915952994, -4.170228436493222, 2.8020880713878213, -0.1979582422664769, 3.5454176814804534, -4.462286241805137, -2.910118552158595, -2.9025330312622444, -2.885042688354863, -1.487939669993847, 3.4608588773180053, 2.7574850103754374, -0.5979572248033229, 2.164619221352672, 0.7620785191371895, 1.3030009861274048, -1.921101109783646, -1.1230526318541383, -2.657542373496244, 0.731084711446212, 0.9627092505724859, -2.8947396589890806, 1.4895323731015824, 2.6313664917186577]",0.96
8,"[0.6187177745453162, -1.3631462724752283, -0.32352952706380156, -0.19092372931744683, 3.023804936535635, -1.4093559529636226, 2.75707426614785, 3.2415672569905736, -3.4785359349255343, -0.4955323732152361, 0.7749824152539698, 1.0953489849439404, 1.684704642394458, 0.9282571676122595, -0.2171110482361054, -2.122850459734898, 4.03027221774235, -3.1790833974425228, -0.5969236184804385, 1.6879650752674595, 1.5637006306507477, 1.104424019604143, 3.298628328703763, 3.5504469016415596, -1.6350451744824133, -0.1775519068910807, 1.469251239602638, 1.5209808315995774, 1.2851290126978792, -1.0045561821380216, -1.325029210642885, 2.4303576086346474, -0.14333848952757045, 1.1892296310283355, -0.4446263978365401, -0.6673397820421958, -0.954936389167927, -3.5452806419563694, 0.544813442586165, -1.8150369270265925, 3.052867151299602, -4.166377601887741, 1.2426270447323393, 2.1730673225411667, 4.086937932675503, -2.6130547717560266, -3.7056503488417114, -2.7464216126733474, 0.6534544217306859, 0.8410671099224627, 1.8899798610003318, 1.0903736786178972, -0.8233664446650231, 0.6167400744762628, 3.2332686513041575, 2.121613552523782, -0.6353452279057068, -3.891692135844474, -3.478731309194497, 3.8195128465835437, 1.7545801707277164, 3.2868401853587237, 0.5224413811168035, 2.216407813623276]",0.96
8,"[-0.6705717149049513, 1.0117193490169407, -0.15286400158406577, -2.842125157286563, 0.07460689951123145, -1.9095542918943296, 2.9984037641593977, 4.0626135169706, -0.437300527998995, 1.0623575532185265, 2.4229514995592556, 3.650988085995705, 0.8121533836433188, 0.9416639715420696, 0.48614650033440987, -2.5981457405147466, 4.036536624126096, -3.7932948061756466, 1.865900031024184, -1.0076349458931315, 0.9966338694820909, -2.215507251082414, 0.7871922620491871, 2.2558862477247263, -1.8737521011815819, -2.9462207891199705, 1.4794438620403274, -0.391738595174028, -0.7095107046605208, -1.7089020483540502, -0.33495099301480524, 1.9764056988928622, 0.9452036137856217, 0.14885827084078862, 1.329302512785501, 0.4194936739980284, -0.8457610357522858, -2.884109256824253, 1.8980058523823105, -3.0071052139883507, -0.10966781994930219, -4.133265896437935, 2.298507160430767, -0.33945674130084696, 3.4133014074653, -0.9672836277123713, -2.9781499415007224, -1.3150140108313861, -2.9002130234330914, 2.031995582946705, -0.5531564281212202, 2.9236689373664104, -1.795474964765218, 1.008649305054803, -0.8164083299749803, 3.508011360519209, -1.0996987990206357, -3.6538758231565804, -2.4533059605593506, 2.537998921321401, 0.3406343883455615, 0.33691223279984794, 1.893137677010382, 1.3022698582155225]",0.96
8,"[0.9608654986946914, -0.6149506727699585, -2.2397960885027697, -2.4895900901310837, 0.7623147551700098, -0.5632916773150454, 2.830669414954837, 1.3791477557890142, -2.5517857034735822, 0.00814899516362852, 3.373206777979056, 3.848487266793163, 0.28270451724031287, -1.1890800797822414, 1.0686954697968671, -0.7658265167663024, 4.025922919874235, -2.629322551769285, -1.3926818617228562, 1.0967578623782048, 1.0683756328737941, 0.048673054124020565, 2.238517836201113, 2.9486908915572476, -1.847722222259021, -2.0402562261504817, 1.4478652429734455, -1.0946567366629791, 2.332936101040477, -1.3279718373571994, -1.0869756079932236, 3.636548262796139, 0.8852730406417967, 0.49334298759431916, 0.2611736268268193, -3.8005057832889237, -1.205462057871522, -2.0448209554208367, 2.2003605747269326, 0.08514832755636559, 3.9184401759801104, -3.665067182474835, 2.641849579663453, 1.2366347658664412, 1.6054430127297001, -0.7951102225316022, -3.8622840790374693, -3.6144165754130952, -3.62520304542584, 0.1403617946561272, -0.6052482168675897, 1.3403022960752409, 1.2197083232315298, 1.4943518778161247, 3.4063899673789737, 3.032673717446903, -0.41865157231390954, -3.157922069458662, -3.1992984970522285, 3.7607784273749414, 1.3929551059279883, -0.08780089126673718, 2.2170693426429833, 2.1662335859215758]",0.96
8,"[-1.1670424531872434, -2.29825950242962, -0.08416649539291998, -2.460344743846672, 0.06790104476045578, 0.982512303982074, 3.703146641609005, 4.2824456056099365, -2.873609148095693, 0.9289544995762882, 2.3191807200777435, 3.4857828589266107, 1.7943978585261016, -1.0150869897327164, -1.6634591625706086, -3.8369448933368364, 3.9983495959773028, -1.8932730572111067, 1.5090287405540523, 2.5522468387421124, 1.1152128947482691, -2.234278780786562, 1.6565160605013787, 3.5215851636985853, -2.2472877856034867, 1.7066773059893408, 1.4863926834986023, 0.7250154118410174, 2.1639256658649457, -0.6601557208009107, -0.5002321899120908, 0.773564278322564, 1.291238038491666, 1.6928602633624652, -0.5634555319720073, 0.24972417764206234, -0.7674565035456146, -2.8814150333519644, 1.5999109273047438, -0.6119943204502809, 3.7758163698379983, -2.5650892762168587, 0.9133354153601552, 0.1768504099887499, 1.5605184988076677, -4.514713549152278, -3.537483919643771, -2.629935405759917, -1.1407053092874557, 1.2329072351382806, -0.9387481419144834, 0.14722234334721662, -0.638281043466004, 3.6554935911535487, 1.3202639280001163, 3.372458657570922, -0.17382233731229507, -3.9477066915580066, -3.4587743776659363, 2.692572831398527, 1.888329981199044, 3.728960212034261, 1.1726247816718107, 3.2223159286551994]",0.96
8,"[0.5332640015410627, -1.5186181532968732, 1.0735510535734765, -1.5831695957536642, 0.7014757166641136, -2.559984857650461, 2.0936390693038023, 4.472107586285608, -0.08720759991687177, -0.05168403227660748, 1.489937236054112, 2.680467061185188, 1.7330475871701994, 1.868943733831713, -0.9987438394068904, -1.0756574426733687, 4.017199443516401, -3.057933395591482, 2.434562841328805, 0.5928910215713757, -2.3787953412345497, -1.2570441396728538, 3.229349077802953, 3.224973951819475, -2.6998167919851324, -3.001890768365106, 1.4453177566727171, 1.3478739209479786, -2.159625481097071, -1.612998479234413, 1.6646998755892433, 2.9104817584126583, 0.6746446789647866, 1.5285454958783418, 0.1620324544531656, 0.33950526023347294, 0.943664179433745, -3.374358927373297, 1.6801674702534921, -2.2435692745859668, 1.9845144304004452, -4.176237967627934, 3.2441994145757747, 1.6811083885232256, 3.9325639436294124, -0.5725694270752331, -1.4701643031538882, -2.4439179624904, -0.5587708658961428, 0.23220981323272866, -1.310442322015263, 2.226632012673569, -3.137863619932966, 0.340728279067326, 2.9592251607135407, 2.6710262887454377, 0.8211685677223068, -3.3948246275737386, -3.0931054604162824, -1.3620321227525793, -0.5149426361077458, 0.05563904678837184, -0.4893329168874526, 0.928904495145499]",0.96
8,"[0.5528704514278759, -2.3890608887553677, -0.9755822119192582, -1.9115145313477389, 0.35679654622714785, -2.0880345526568838, 2.911233077738945, 1.3721779031581767, 0.8155997775554973, -0.07424214013652541, 2.005603364977726, 0.5544791202625496, 3.4748090545797674, 1.9288773222945275, 2.266358103231184, -3.9132057625683827, 4.033489809920893, -3.993908489665065, 3.6907965931034563, 2.0139052393520553, 0.7020441570226549, 0.16862092505486648, 2.217123537364265, 3.459631699705967, 2.05054118776415, 0.842066676179082, 1.4846916618362882, 0.6857873304250323, 2.412853358848784, -0.1856812265622484, -0.7107226419006282, 4.070037602301473, 0.5114987068321362, 3.3026082516605673, 0.32122356122227336, -1.5948921569506207, -3.3020042750918868, -3.257775413270519, 2.6660037394011384, -2.559721473972669, 1.6280344765491352, -1.7126527625413104, 2.776381531743504, 0.36000434079850985, 4.028389916290924, -4.318448281959136, -2.8968300341183464, -3.100304249581658, -0.7193871195703432, 1.2302938634237433, -2.520883606290146, 1.8182219916489069, -1.6010198601509866, -0.2974120521521878, 1.7425752886557146, 1.9845382194621204, -0.8425407045125801, -3.732343958218669, -2.5897316721375523, 1.0546783468644174, -1.6902187807576023, 0.6995615771954484, -1.398085675642465, 2.4779273203537717]",0.96
8,"[1.925140847363399, 1.027378517175316, 1.5785832816489294, -2.821567647063359, 0.9924501851990208, -2.2662244435470917, -0.8148593358104581, -0.6065338873054165, -2.2517896869924283, 0.8781618016110652, 4.016424194447828, 0.018300728019780887, 3.1651183353101224, 0.42179099697177225, -2.7589537825014165, -1.1432579670097858, 4.037578216082487, -1.4445583450303365, -0.2635666752154804, -1.1864993813344795, -0.054676034495867665, -2.294008810900362, 2.5620310438330596, 2.9360500745270177, -1.3021382489989255, -2.8932214017854063, 1.3918434618887723, 0.8119082943663324, 1.9452113698745943, 1.4992002817236638, 1.3140680043821706, 1.8985458876402943, 1.2770266875012832, 2.6189273918201166, 1.602194150777626, -0.2503747763038596, 1.0222914693325509, -3.4418648360539117, 2.6790160544376542, -2.4891105680820687, 3.5139599895091296, -4.101571502157507, 2.9398296483163966, -1.1030360622134043, 3.3924247035038246, -3.080814310497603, -2.6831844753883605, -3.268159395060251, -0.2082718055102739, -1.1670070414386526, -0.7954654138533755, -0.8456455445460407, -1.6617330012999727, 0.4397562708439438, 2.347728162904434, -0.4155395782322122, -1.1239741679057018, -3.7634693627189453, -2.2144345841285653, -0.5918725713053385, 0.21368025133154683, -2.017302689646301, 1.7465157532071316, 1.6296967293323297]",0.96
1,"[-4.189947438344442, 0.35233325228228357, 3.7157271981205806, -0.8436264369522606, -0.975593796053976, -1.3094231989658782, 3.47531080269667, 0.8661427291937559, 0.7297364751215523, 2.2073115734364803, 0.6453317072339351, 2.4652538699235165, 0.9279401824327242, -0.9806589798663807, -2.34774135053552, -1.7772509648325028, 4.021712694953776, -4.223895238624901, 2.0175749605213036, -1.902311268052254, -1.0026223272634343, -1.6221949714360173, -0.36881752004056867, -2.736830552129012, -1.0067999415410833, -1.9629374319757518, 1.4834127958674588, 0.48655042597737563, 0.26522947907578576, 0.07617156024352052, -4.165657827553736, -1.703203705895894, 1.0564518114243129, 1.6440195809415918, 2.539890897105521, -3.8768923575889946, -1.3817425374096972, -1.2578278069419468, -1.7251877624844574, 0.3631425647632937, -1.527999037142035, -1.9945479633698897, 1.579467047610148, -2.116837871525311, 1.859483859709541, -4.609438711195461, -0.08118644676014505, -2.569559044213066, 0.3794647625897397, -0.47150478232940796, 3.436861793590401, -2.63005692685081, 3.6994362412241477, -2.4405790118803123, 2.0791418507395845, -0.3561886337775859, 0.2257351204970346, -1.7329865092846042, 3.6749108859435644, -2.884892182642693, 2.1951883337206066, -1.9884454542304113, -2.4055200787119437, -0.8131047681265592]",0.96
1,"[-4.203517900421349, -1.4049584231254932, -0.5515644569946483, -2.7331824170534174, -1.2701293776451252, -1.570917166080547, 3.7259776168097263, -1.7293970510880161, 2.688823013140511, 0.4583714078135612, 0.9916570180035778, 2.3762034864113257, 2.705221936657709, -2.208112139509959, -3.049484782765019, 0.4889959269989257, 3.961642263076762, -2.966079882581039, 0.8298180504928387, -1.1587804474898515, -0.2954299886460835, -3.2262640264589013, -0.05414952806966672, -0.8890294829302954, 0.03921647006865614, -1.9211843231864856, 1.48654672958715, 1.7963988217677571, 0.3510025204202196, -0.010843116056882457, -3.365285206809819, -0.9138151274322684, 0.6520935186559146, 1.9114750051835268, 1.5902375471802062, -3.8571122163177107, -2.2845269485379642, -2.3101370416028395, -0.8108052695764415, -1.5835128159543892, -2.913778500053466, -3.9858427603166655, 2.787813500549749, -2.9447950777311567, 3.030761811505191, -4.1530937058275335, -2.2605007900819283, -1.2701512711929301, 0.7186622041546407, 1.489386668833665, 2.965029115503424, -3.305764108623247, 1.0675755984645892, -2.931795516312611, 3.1765942028710406, 1.300450439078855, 1.2983488464898993, -0.22086421538094236, 3.62622513935283, -3.240232636506299, 2.3408219311941636, -4.007857803366465, -1.3799301803384487, 0.06290068795137116]",0.96
1,"[-4.285845861221743, 1.6234191146794088, 3.902141920417359, -2.259497993384107, -0.34156200575603257, -0.877675385975128, 2.655111793677272, 0.9896969876470961, -0.48332668178121496, 2.3508243186823776, 2.64230845984455, 3.8389123624429304, -0.5439706225381362, -0.5812198597786071, -1.705441633636183, -0.6310756455147501, 3.983416224610757, -3.69015120974945, 1.595067984534522, -2.9092361602505745, -0.5071840188834538, -3.2805090589823336, -1.7613232732097526, -0.706329144106979, -0.9636596420051512, -0.692924985297112, 1.467460304853079, 1.620118363386244, 0.25622652563738296, 1.89034011730582, -3.5865559740221133, -2.06956269751135, 0.5450991299511111, 4.357077027149526, 2.3148472595635665, -3.6669796845889016, -0.2666930600239985, -1.4525212544669457, -2.8401779063129, -0.9078847045171143, -1.7129147285210253, -1.18847322077545, -2.771597918654554, -1.5421126654710406, 1.403860058056141, -3.491105548473675, -2.059014208289787, -1.4706028381091156, -0.6483040294402854, -1.141518583635758, 3.45385591726033, -3.15465204578695, 2.004479746353501, -3.108539971803878, 2.3709508873405905, 0.5388194134706474, -0.5999620110460099, -0.9243032518880061, 3.118139596400545, -2.4680070422807083, -0.42953890386080396, -1.3493018347261523, -1.8712270981201802, -1.792136673158835]",0.96
1,"[-3.9956770482724133, 0.3787571789291001, 1.1529899526188463, -2.333978529924517, 0.24701864834118215, -2.707062870811082, 3.683714777214631, 0.710186746410566, 1.6189633095971447, 2.1284985992284904, 1.0858600357965387, 3.3365475913690594, -0.34909500478564226, 1.0082623891777531, -1.4094933623179169, -3.8527327122566692, 3.9982984015494316, -2.0124795211987787, 2.536541357028966, -0.9294706345508869, 0.2747557293260938, 0.49205686894922684, -0.7276203358556299, -2.0674596845172672, -0.23580065652898918, 0.7588751170453598, 1.4509430121222835, 0.5083075549841669, 1.7218176015221638, -2.1432442409298704, -3.3573038373395674, -3.0079298640084335, 1.395700890900048, 0.785510143227397, 0.011008307336640044, -3.646895369587545, 1.1969975671640214, -2.792444591784643, -2.9127467342647586, -0.8251515533037068, -0.5398554137133325, -1.3056560842467164, -0.7768669700167865, -1.6993556414149458, 2.464340110103791, -4.120005447124978, -1.7999747853260502, -0.6646859506845222, 2.249476942000363, 2.3915437159665878, 3.264991308995352, -0.9032500528285519, 3.7512460198401283, -1.5226308421138421, 3.2481541618950818, 0.6989216455262552, 0.21666365351248446, -2.8722592769509374, 3.315395060641559, -2.1098294070919055, 1.4045737409383068, -3.184317032974711, -0.8082377070388522, 1.3402652228790406]",0.96
1,"[-3.7184817113822426, 1.0709624400414441, 1.5428161686876787, 1.7588251840367564, -2.3955453567403717, 1.4248998186127695, 3.341327625372026, -1.4822938182501553, -1.1762013457181093, 2.4466039465416287, 0.7655773122727404, 3.0743847601558474, -0.3999339799333035, -0.7028421422398706, -2.315385716154317, -1.89329560092583, 4.029941524616595, -1.055659001508153, 1.9263095794037977, 1.0080138701605204, -1.222594501059328, -1.5859945668191002, -1.7578927403588143, -3.4397880395849594, -0.37962193885719925, -1.2594032297414235, 1.4849691374920357, 0.9762578993956269, 0.060773074789827464, -0.9962164314921067, -4.02736355622968, -0.14616367228007277, 2.5146582275591696, 1.7641164064438692, 1.9208794288542745, -3.837863522345803, -1.6546969488124763, 1.3200328745355503, -1.3181205474638502, -1.211192777754489, -1.4189617387213402, -1.1366102445981507, 1.8262153431219954, 0.8528306755488029, 0.3595571106011366, -2.954000938702916, -1.3216804762768484, -1.7704187428301792, -0.3655395740493226, 0.045287964886990745, 3.218754010821141, -2.5827396296713907, 4.030273306229469, -3.1084254448828177, 2.575264786936852, 0.7325791718833814, 1.6217461058532145, -2.821367988829049, 3.426682398335971, -3.2511700595455317, 1.992354793732546, -0.7799792233785754, -2.726345184012115, -1.4746863341116794]",0.96
1,"[-3.7261316823665247, 1.0669837428440085, 3.6773977912628104, -2.7121813631410365, -2.0945889567439497, -2.4317166051240546, 2.052297062430794, 0.19140086099895526, -0.3574603396473869, 1.0893870751791135, 0.3135195012404817, 3.3925585668697473, 3.4738693080346943, -1.3564495895847983, -1.400966266463787, -0.9956347331881159, 4.007172927085466, -4.168326481831365, 3.5382672116679483, -2.3521100195055036, -3.152132034230749, -2.8155196617346103, 0.9636471983768968, -0.3403252305224389, -1.1902061141513471, -1.4359094343273917, 1.3991085251919895, 1.2573697181766355, 1.1317828742740543, -1.068027058895939, -4.002239227276357, -2.628911165652127, 1.0649216916552562, 3.6233130681929797, 2.1136209010865796, -1.944190008255556, -2.4098836666603427, -3.1803096081396705, 1.1625510164553106, -0.5289109473356035, 0.2008406669264473, -0.9078448992584681, 1.3619629618712368, -1.7796638198478023, 4.1428482396339295, -3.6022073216224184, -1.957634436663763, -0.46883940557201553, -2.669792577188828, 0.8359057966357504, 2.1067674461177974, -1.763844572167923, 2.4416770602044147, 0.07610683357590009, 3.4072600355457046, -0.31197642307169104, 0.05899583707133027, -0.6588528707264873, 3.1066566104317666, -2.8634152113568367, -1.4769044187756135, -2.787432976730755, -1.7532187561140584, 0.8138052572020797]",0.96
1,"[-4.482490064542196, -0.3711058590651942, 2.7827271458066045, -2.492909243860608, -1.683409058400583, -2.2742357790970464, 3.7210162964919156, 1.3655218648182286, -0.7423214894230329, 1.8829093534632528, -1.7129854082029894, 3.1913207855478345, 2.1931515557957093, -1.018539189505311, -3.033680385491598, -3.1731629616751627, 3.9537133837153977, -3.4086819163972013, 2.0286526973334316, -0.3437838243923088, 0.2660884019360007, -0.05260851611540174, -1.677869570478739, -3.411257444484934, 2.8282775931076607, -0.25928590305663857, 1.431751532307359, 2.1972093304948164, -2.026435549817136, -1.7783456680579173, -3.520957107737315, -1.2772467619133039, 0.5834426728738618, 2.205170047268911, 2.2480941817276916, -3.00851377519854, -0.6427275289627669, -2.5205219727048696, -2.1449433081106015, 1.3899355831617872, -0.6355542572491408, -2.1797209044215453, 2.1944546641902267, 0.13380044044902095, 1.748660003359915, -3.6762558095499065, -3.8538047239165643, -3.646205259401617, -0.3160493292958787, 0.8738164533079631, 3.518068940044048, -3.9823219506419893, 3.023890380136767, -1.8186993956309814, 0.5062668991465209, -2.079126380695241, 1.4256432814312403, -3.372464252551536, 2.9762876133247387, -0.1970823273705231, 2.304154914596203, -0.14179066533634055, -1.8122460693162674, 0.4261046441572247]",0.96
1,"[-4.508114106208068, -0.24533297323819658, 2.6937071762066096, -2.7436504095093817, 2.166480719530905, 1.0743905839772645, 3.7252527655056054, -0.6532777293797398, 3.1468286709355993, 1.9801280462203632, 2.2555127889474846, 2.7319211965707093, 2.2877674813052202, 2.27483998401504, -0.9968710986542824, -1.561317211690799, 3.969819037226097, -1.1716138693329294, 2.3060740310689254, -2.3909274844831474, -1.2900618563194797, -1.5433201774126615, -0.8731464123839918, -1.11439817971081, -2.1442623639549763, -3.8502268615919206, 1.4650051385400675, 0.7577583014310624, 0.9598302542454203, 3.818398745821163, -1.7332457566749864, -2.1354035401237534, 0.30027489328116164, 2.5590646464755116, 3.5774123442509156, -3.4809698211486486, -0.6063810406950206, -0.54685721675907, -2.544612320759635, 0.2053291952202489, -1.3834524343967962, -2.2776219472175656, -0.35382015048091064, -2.1134013443502813, 1.8322096225903102, -4.601174851261152, -0.6607611008853287, -1.9352758913315045, -1.5446024493382222, 2.5400622755113664, 3.1726266066140667, -1.2722537843863098, 1.7352305803319255, -3.10909608050528, 1.5435671524919754, -3.114935432971821, -2.313559359656309, -1.553519483247216, 1.936835824158738, -3.5859839036201646, -1.692501865929031, 0.32926703756119213, -0.8139581258976745, 0.6854438410375593]",0.96
1,"[-4.250945239882317, -1.3637374484488034, 3.6147816701553284, -1.5314831610658168, 0.5060848326292626, -0.6026159492270755, 3.008591521273419, -0.13217683953078818, 0.9090510842766188, 0.34815110862201326, 1.6435036786543005, 3.4107574114547714, 1.7467097006996848, 1.9118763598221102, -1.9305335983730034, -3.5361169923035884, 3.968775290093847, -2.9449728638865027, 1.5882159417923642, -2.330979044187009, -0.34550543930647026, -1.521084204588926, -2.36052932924983, -1.1811157590273547, -1.9677288454042385, -3.356229456363357, 1.4839017526565104, 0.7471633836240272, -3.1762947951734866, 0.754689285709456, -3.6811378709880707, -1.8710250472683994, 3.6763968054631153, 4.414401959610116, 2.315675057488373, -2.861371513946599, -2.598399054401895, -1.6632954885428881, -1.6547251826121379, 0.01543969184194706, -1.829586192642895, -0.5349285412741263, 3.773653001879496, -1.5320681436605257, 2.221520156767628, -3.5822404492536917, -1.8523409043587178, -3.330206848872666, -1.0707980896325118, 0.597323941493788, 3.3994193422778585, -1.740869605993306, 3.614557020265911, -2.3202418477958004, 3.153315812350627, -1.2457234915045792, 0.16664317067504436, -3.1665330632607764, 2.19274939261022, -3.2973116210507314, -0.126561670400143, 0.6101245131892867, -1.8433116989748461, -0.39860016668964793]",0.96
1,"[-4.285362532261531, -0.19917540818253085, 2.7041233476361706, -0.3329530767882025, 0.46566278253759424, -0.4115936316701245, 3.5401900594852007, 2.0737914861174125, -0.022461509540183555, 2.454579665651257, -0.7072152356582095, 2.590380129752136, -1.7764282688895208, 1.1659829563032083, -2.0376383371401356, -0.5647328414702086, 3.9892789086886338, -3.441075317910918, 2.376551014896854, -3.1472355569550596, -2.6812110419029542, -2.2757031489759614, 1.3604885124156942, 0.2382261685430347, 0.02685841646964987, -1.726311875375742, 1.4208948474809324, -2.727036681255191, 2.965856980443405, 0.22829228402536555, -4.070143135236804, -0.9605007210344423, 1.0855638261166978, 4.297193789138601, 3.557057604288723, -3.462679887647892, -0.8738394909234395, -2.5856532342571033, -2.7762187223430344, -0.8953364515637782, -0.4150577311375947, -1.7378999536738389, -1.3094614338737163, 1.0514500007930103, 2.91116808014087, -2.9408465286530223, -1.251764859881256, -3.102128574859641, 0.24548324340219924, 2.1020468978274143, 3.0739098203472075, -1.6452845156768745, 3.7357157212915726, -1.6406132501666175, 1.3541531055958793, -0.5770384232576294, 1.972948861202783, -1.0274454529302324, 3.606784176343454, -2.753753664443712, 0.021637571504070308, -0.41011584522228883, -1.4433736501911425, -0.8346795186536532]",0.96
1,"[-3.6249139241241126, 2.8435036803532294, 3.8855709194270016, -2.57086852245817, -1.4909696863695614, -0.8053556285747998, 2.736476242671886, 0.06925878079629826, 0.525515551621469, 1.9277309374991018, 1.710736760441397, 2.4515188196410795, 1.4404118243332045, -1.2166481275828007, -2.141583293940786, -2.7638161859337282, 4.0377764153387545, -4.219571276458309, 2.2150355413121066, 0.0777083270574872, -2.092736408883011, -0.9741367012666762, 1.0587425974405507, -2.754684233147515, -2.7578401369249597, -3.934371918601939, 1.4686665325829071, 2.1314083568176962, 1.5851270235834336, -0.21643946560069688, -2.61164537302281, 0.09413133476606772, 0.38477275054537263, 1.1822415206089534, 3.2561537810159207, -3.7359517922534877, -1.8415035318863942, 0.20414073907521657, -2.2631966599688833, 0.16922539146066107, -1.4280781598267467, -0.7088728752002884, 2.238270294154294, -2.1285830164236357, 0.2534246271563465, -3.2951754386639855, -2.995907866316371, -3.601962156057935, 1.1165432553574104, 0.6373205334875804, 1.2205067076547285, -2.2369754019429373, 2.2927672267451373, -2.7564160860883775, 1.162222944271575, -1.5822931214015417, 1.6121676223151906, -3.705060401154988, 2.49375861822106, -1.9362261334611186, 1.0531099976542388, -2.2485913701642533, -2.929924600152912, 0.57520321337371]",0.96
1,"[-1.9969977206089862, -0.9192702827291952, 3.5137457149338416, -0.952721785348533, -2.4607808331582586, -1.1353910945151953, 1.256877837630956, -0.5288587133948452, 0.1249303743531203, 2.401807245374789, 1.6999288491070712, 3.491780864122998, 0.49687593727825863, -2.2348276924208186, -3.000325301320758, -1.6045371666796777, 4.036934176738849, -4.089875459274589, 2.295868915042291, 0.02072653320768203, -0.9379767596358249, -2.488651589526145, 1.1654376504727824, -0.7284651912012841, -0.1845883002450328, -1.6133158240724939, 1.415141469390808, -1.2345899726602592, -1.3578293772960026, -0.6223710361951479, -3.520926904008063, -0.023001381027884626, 0.059714938988000066, 4.123639864791187, 3.404611236766181, -1.1592502678925802, -3.1688575101831447, 0.009723667993734697, -2.33630898907672, -0.38251383585136245, -1.0568313181696267, -0.3972146576239626, 2.2259765902356494, -2.3383583408533464, 2.469854891284908, -2.2006161413958933, -1.7413531973855694, -1.684364768312879, 0.3109951918951833, 1.9510131599102736, 3.5649965753903277, -2.5719924855576375, 4.0984987473862535, -0.25301758316458045, 1.4472215784418214, 0.7741438115639694, -1.2740715948745076, -3.673808246210403, 2.1968182015463267, -3.7723307025823587, 1.3818667178723705, -3.8966915764312495, -3.52348407468298, 0.7591127586201245]",0.96
1,"[-1.461358681277968, -1.8568717585440093, 3.8420816540090352, -2.0761803727807475, -1.6220347511924857, -0.7879564018189426, 3.7343089476263622, 3.6956577401953408, 2.091454668710698, 0.8573391643993507, 0.25369586714710757, 3.228050865599598, 2.9105090951279378, 0.46679320804148977, -2.6551582702859124, -2.6216084607416006, 4.006139852713376, -3.3595887711785446, 2.930438567813639, -2.2121682292259788, -2.319356143492922, -2.9333162037854246, 0.022564552522374548, -0.9445020165705322, 0.9637159008291678, 0.6801156428720545, 1.3942755952880137, 0.7351798332228014, -1.0257204800336093, 0.7857800226563604, -2.8763072869760196, -2.127642573126359, 2.07914783328987, 2.2084986885433477, 3.2781424267613746, -2.435321643067411, -0.8315800004415783, -1.3827964606918037, -2.940475064591329, 2.139296708597956, -2.0816443062283674, -1.5975109791591995, 2.6196790058362613, -2.4861934137919284, -0.532009425195143, -4.555856542136825, -2.0596824280723585, -0.600720317974424, -2.598142563282284, -1.4632908159774618, 3.309873506006519, -0.45906858918569826, 0.502823204798653, -1.2169687395561586, -1.1993741137796423, 0.49918869909356256, -1.517432537075062, -3.0661803408282133, 2.916659258057998, -2.8778893201499898, 0.9769059236937621, -2.568360316272524, -3.539664639080688, 0.07453427921115305]",0.96
1,"[-3.9446658843672804, 0.6165632460205888, 3.882249629749486, -2.2332661653967416, -2.119140334833734, 0.3763150033197976, 2.6167649158695623, 0.2518742361100508, 0.3903898891727606, 0.9686830893801228, 3.037893677246177, 2.308966591455075, 0.8631275056569848, 2.4258930894861725, -2.0503003938876767, -1.9422745683497489, 4.029870759910229, -3.0050789431457083, 0.3933093772754881, -1.9563364877796967, 0.2838751464759719, -3.2666285387736087, -0.3157093562465143, -2.19985891268915, 0.027484094894548006, 0.5513896363790955, 1.4702362469584518, 0.4583955767378165, 2.6573638241560618, 1.7041209848372574, -3.0665022459100584, -2.88844172367335, 2.6015009581883035, 3.16608876394395, 2.326957291578735, -1.9558691165335134, -1.7478785808873474, -1.2592812686920987, -1.96493830427747, -1.4237403484367321, -3.674197980089599, -2.214265962157183, 1.2505088852248067, -2.9520855673718747, 2.165098654529054, -3.838594677863841, -1.611397792633252, -1.5125776402580904, 0.040861164295315555, 2.660890327651411, 3.196229501448867, -2.0504105011892277, 4.09566636634648, -2.6281130595583475, 3.071252920543038, -0.9230689809200521, -0.8356539510490066, -1.5491405416197352, 3.5165518643335707, -2.1751660463571474, -0.04589552425813759, -0.8494517076307387, -0.9569437889794594, 1.0536180705577438]",0.96
1,"[-4.4335601160062, 3.629054316468051, 2.9808561609306703, -0.8300720700600935, -0.6064301530122889, -2.5551128837856045, 3.7247428772454065, 1.6918827094254434, 0.4959313422764893, 2.430438679887378, 2.0205445571536194, 2.058826260039565, 0.6371387748085214, -1.3103689426255831, -1.7851509173620541, -1.830903338380946, 4.034642231301689, 0.0023097066500401553, 3.6861642475560994, -0.004378867963013233, -3.0106799130546547, -2.3542957038297794, -2.059214266655926, 0.4567837921882645, 2.797568855025593, -0.507603157199481, 1.466140661085207, 0.41546385611037956, -0.3213531131667812, -1.1569310076194101, -0.8253062580892032, -1.4094314203718987, -1.4232792607734708, 2.941505727955306, 0.8113662791408851, -3.16745134718519, -1.2312301314611216, -3.5287703132146566, -2.2196193402883235, 0.3411664988019616, -1.5224994736422581, -2.6861881351125216, 0.45828825775376125, -2.202412658362931, -0.22623264111762298, -4.4850090045247235, -0.5928060148163192, -2.679864391795423, 1.0103520227543632, -0.17216284380860325, 1.7354367025767705, -3.215753287686818, 3.8397477841171015, -2.9551869044929058, 0.991801779862294, 0.28287115645213357, -0.49201112335436653, -0.938028419914827, 3.6809257029278863, -2.5697448086966794, -0.4752708314448484, -1.4410971981388612, -2.502932348926512, 0.13144769217847302]",0.96
1,"[-2.3658315722510377, -1.813292207471223, 2.3617402220980823, -2.1000234058872014, 0.248600641855534, -0.02895473283151806, 3.721428287958972, 0.40167897069734215, -1.2686134668824995, 0.3483211279706486, 1.3378593504847585, 1.4764909320605326, -0.326236873148515, -3.282357262713725, -0.413361282289225, -0.5647973531685648, 3.8809902090825896, -3.9715622045679635, 1.4112271064653616, -2.656688497097761, -0.746608485670169, -1.0254021751499303, -0.06430970496115707, -2.527136689583923, 0.591238277811666, 0.3349273180888366, 1.4715700305486623, 3.0646614987101826, -3.392621195220926, -0.3567465885663498, -1.4669711915951664, 0.3144810159778002, 1.3456072327802984, -0.21382471279854265, 3.428852081048975, -3.7850905648304694, -0.03117327360885458, -2.8219496211396122, 0.371333925311351, -0.2360609959044746, -4.207207503755736, -0.7650289092469386, 3.2408626727722476, 1.0519741115233538, 3.832633644985064, -4.5838564830743005, -3.680993698589864, -0.823011640471532, -1.9007756377892941, -1.5112429117450605, 1.3930418492499808, -3.443330416506191, 2.9216271426333407, -1.429503726757925, 0.2713559067836371, -3.1249642297593914, 0.6418774470186308, -3.8203764386034935, 3.1492243194935954, -2.0567146699003125, -1.1214287408318866, -1.9451105050731137, -2.3377336565896454, -2.7135033195905347]",0.96
1,"[-1.8569031828428506, 1.686426576800051, 3.906388947794264, -2.0700606691366428, -0.7723293607988603, -0.3509147338989902, 3.1256684820598553, 1.5143068355075828, 0.5257069371826216, 0.8771643048855378, 0.6453019187715737, 2.3093403880637853, 3.27849585074777, -0.7587042834609382, -1.6643121063366586, -0.6099735497598373, 3.8866803732403348, -2.595303840147391, 3.5283924784433798, -1.0288649329960595, 1.187907096532981, -1.415262212015921, -0.9128768152540342, 0.9714175872104867, 1.3925130910924175, -1.093804540620007, 1.4880610355909336, 1.7185123655789925, 0.09152876434991769, 1.3025804172661857, -1.669927186240439, -2.135437853619952, 0.9649053900159952, 0.8363248580625875, 2.999037576045003, -3.792373584364833, -1.1818955105391393, -1.236059964578352, -2.7841835854102532, 2.305673022876122, -0.8752566429624798, -4.1529421258098855, 0.9444809462896587, -1.2334980657781718, 2.024129609873198, -2.9422571746012425, -0.739936801433723, -1.4073402570888136, -1.3992532438204792, 2.8885819687946315, 1.511183789713141, -2.4682366287265456, 2.3623844361704984, -1.936694095604552, -1.069069222498661, 0.3178503189168034, 0.8278534926124319, -3.638945037849445, 2.920745049354643, -1.6619659579595725, -1.644677381822913, -1.6818504479709564, -1.981077635758929, -0.0719480136606781]",0.96
1,"[-4.508922641831915, 3.109333835425134, 3.4425850924094132, -2.140081566684454, 0.10073236139946884, -2.298309557598606, 3.034660622037186, -0.3492461725586552, 0.20233622819494795, 2.4567895314549686, 2.8845337829289983, 1.7043524574142728, 2.5266415487636937, 1.4130343663909428, -2.815790095240305, -0.8549257172363356, 4.019398100142238, -3.7541686729948545, 1.5798619733356172, -2.3925810153879405, 1.4232891284388582, -1.5342462346677557, -0.100018729820599, -3.0879448838189516, -1.9136510819958632, -0.7682618273359226, 1.4374884744986176, 0.8593366363430008, 0.42130692085545934, 0.23578267573517023, -2.902139363788266, -2.720087301268355, 0.6823665093371432, 1.7631116024546354, 3.621226538419181, -3.558721434729622, -1.5416313820740213, 0.3077986547032099, -2.9457384896251084, -0.5616084937129259, -2.994739257134487, -0.4623918657607249, 2.886012473369081, -2.819978596799637, 2.4966809067692743, -4.343433977907436, -1.9673783521377615, -3.524519797395947, 1.3855363293310552, 1.9778544108804446, 0.5120373372990268, -0.3316223680111463, 2.1660483191740116, -0.27370600956443614, 2.6699374885091367, -1.597964775151167, -0.5641166906130367, -3.5529265710646456, 3.407098948461483, -2.7606666644986415, -0.4558397592859772, -2.0290157271688836, -3.76618820712032, -0.09866599647907158]",0.96
1,"[-4.286023596334469, 1.5147784441721244, 3.561267019862869, -1.174415569292351, 0.6487616350577022, 0.2581690487683699, 0.8942248295699233, -1.3977031208239505, -0.6683641124177837, 2.2584224522782588, 0.20303742113962153, 2.6197851764846223, 2.640083659201882, -0.2079648058023568, -2.2007737758523227, -1.9312660978269596, 4.009319030356493, -3.9499382667710483, 1.2240289924564633, -0.06715443178018932, -0.727478529007851, -0.7499833337561268, -1.422391232290309, -0.8293016880428454, -2.8378447952516255, -3.8429836114196307, 1.4854738618735843, 2.13610151809617, -2.2311715695464773, -0.5272851392496961, -3.5110663656316707, -2.6613790984257832, 0.9595560132268153, 4.383104456304918, 3.1947793632331045, -2.8963113921514054, -2.366529460645832, -2.5106836029103543, -2.5607339159909026, 2.828083060963372, -2.334846406735553, -3.102357855281799, 2.046785311069264, -2.9663622953458404, 0.3964034094507465, -4.577288296521359, -1.2976096378891069, -1.990503197234808, -0.6282863581814162, -1.3799890457700426, 2.7078305928150312, -1.568925842574231, 1.833591173040717, -3.1090761779930154, 2.368460665810587, 0.1632814739652111, -0.4139468825127812, -3.960010655127329, 3.688581551250428, -3.222119043273807, 0.7131683732881029, -3.9134375425237726, -2.7512135699353637, -0.1134466903554002]",0.96
1,"[-3.4424013255848207, 0.4937850887451599, 3.029122501646046, -1.782053501101476, -1.1843301987158963, -2.240547584131029, 3.29489709828424, 0.6135670778551571, 0.5627249366824303, 1.6713776573302392, 3.9386335076363483, 2.4074078591772907, 0.07477271494891169, 0.7028196629878827, -0.04056949548445399, -2.130743705058199, 4.025917472778295, -0.9690304095806326, 2.051728711995112, -1.6636218236385893, -2.303159403359674, -2.8245185380225415, 1.6027447096312697, -3.7091270689285287, -1.3579747451639266, -1.3202562081794151, 1.4004242324616731, 0.9749948956356014, 1.9311681001105971, -0.3457590416441995, -2.415986347491396, -1.1238455669371659, 3.097839846005891, 3.6385443428061564, 2.944530377186049, -3.8811412317065965, -2.340270441628719, -3.044924027420164, -2.6440025596894694, 1.0065274352012574, -1.7602181423684002, -0.9782429730511802, -0.13854015306165857, -1.1699395575432536, 1.6070678628071193, -4.5756654904315095, -0.7284850054835255, -3.3571428353823296, 0.05337740859234147, -0.4603979586283692, 2.807946758800739, -2.4539977117490737, 3.896713568473532, -2.970088199094487, 3.413075951265997, 0.8376785095820936, -1.8416306987731035, -2.3685018335184482, 1.1838119532001032, -2.7585043089906414, 0.05096065281001094, -1.4698549913756407, -3.967953332643665, -0.10318509949647345]",0.96
1,"[-4.368056139581439, 3.7592609882859165, 2.817040372765203, -2.749779799947931, -1.71221514737181, -1.28573054781647, 2.401254419765248, 0.6762791009188035, -2.8497813971772654, 1.9618430372621831, 0.11178255207136467, 3.2667975642431224, 0.9220784112075397, -2.057823766958691, -2.9275201257555654, -1.2870579539555185, 3.674890247608274, -1.7166524653132829, 1.799400677550906, -0.6013222289341069, -1.0231092459957356, -1.629110895655995, 0.5373101718722417, -3.5541107081649423, 1.4882924729203222, -1.514689576984059, 1.4838049643433195, 0.5167039182803377, -2.692447775893672, 1.2878549770826764, -3.1312399891635248, -2.608476646671237, 3.235941423966836, 2.8289032029708387, 3.530460525023657, -3.667576854061237, -1.4953788693622343, -0.4026328557776091, -2.8659949358299333, 0.7133048550481097, -1.582379724426224, -0.3461684819361439, 1.6058538303182355, -0.7170562530982332, 4.1155629470617505, -4.577309785090068, -3.0714326670284415, -1.7381848929347405, -1.540646116899245, 1.5370335757968976, 3.421395512752473, -3.9513751502318444, 4.017948988159196, -0.9789124896277568, 3.333110792764996, 0.562342979115593, 2.0473639617600345, -2.5339046720679725, 3.2904352855405667, -3.777906277951762, 0.4105436536041351, -2.7538344433362703, -1.1642587902316335, -0.47792861980302226]",0.96
1,"[-2.79613466860957, 0.27952756356770003, 2.099977315631753, 0.25938832163945547, 0.41219039395200563, -2.786969203375988, 3.6870394590150326, 1.502318188583803, 1.9109083711767787, 1.6856455335825942, 1.723465155506773, 3.8428586934323583, 3.1923228112081694, 1.8489392041831365, -2.111243634428381, -1.7907840499101912, 3.831993385397161, 0.17104801784002266, 2.298597679511201, 0.4470698330888756, -2.5461493830812443, -0.31008112227068363, -1.6591469474967284, -3.660875629940773, -0.056207048890402025, -0.9132166805450045, 1.088063315899003, 0.9001441604379562, 0.6602806770187315, -1.3895079492657687, -3.4546582479993493, -2.743128046586375, 2.8697941650570566, 2.5213978484118877, 3.0802249100340857, -3.8794919746636256, -0.0009211475186696738, -2.4347199947714744, -2.501284828241138, -1.5229783911692485, -1.6851024581004896, 0.5339671530780246, 2.5126100518236028, 0.4440386847723856, 4.088649949118402, -3.8957578248791176, -2.608353878367007, -3.6059532357224606, -0.08222841887144755, 0.3296863049582097, 3.3011002313840545, -0.9630505637422342, 2.9586210831704776, -3.069042607636794, 2.3465799653798323, -1.0929895682268256, -0.9581713646954734, -3.835032973834967, 3.183065421009453, -3.534522807202718, 0.533388658249318, 0.051215104782349474, -3.0589654218890727, -0.6637905513156699]",0.96
1,"[-4.353361097170667, -2.1478931404069592, 3.5192018488865684, -0.6314805396029487, -0.7606389498636061, -2.926372182585475, 2.288342294908429, 0.20871145831262045, -1.6034460973218794, 2.195606501468703, 0.7472918678471134, 1.3976876292401317, 1.6266821443171273, 1.8817334270813817, -2.133366539586426, -1.0634224582615257, 4.015640214127334, -1.3158358912204693, 3.610233675288272, -2.4920373802041653, -1.8553692757701925, -3.0851746206289055, -3.295807698687562, -1.4447317153195942, -1.1161365342798093, -1.4489849482209787, 1.459146078175116, 2.9071360675540454, -0.6964728999684247, -2.3200978146001434, -2.3015416457804214, -2.491557238556852, 1.7253118452779144, 4.3194108492592544, 3.5919077069146472, -3.8273914690943593, -2.0324580494501987, -2.5003953163644903, -2.654072893978743, -2.179048191869514, -2.3203027843530717, 0.45897841579880705, 1.3990076340804962, -2.4382752926305873, 1.8107399385821998, -4.4599311308376395, -2.192132263013206, -3.4615598081146266, 1.0202910284842326, 1.6673116121839542, 3.021595651438548, -2.1958611046635776, 2.060125311029902, -3.098667685716998, 0.958492530138757, 1.2166392934638253, 0.5405383891307236, -1.2891712154994601, 2.3609859082315987, -3.7856746633965064, -0.8481402979064312, -1.1990651557584568, 0.8940609878611119, -0.30801061821667663]",0.96
1,"[-3.74274069850433, 0.9842205736438092, 1.9170769197179534, 1.531162606703339, -2.490837905515673, -0.8784940652429445, 2.2858208314622472, 0.5512510578582697, 0.8502695028841007, 0.5863971180223926, -2.1885884470228376, 2.8580771488009256, 2.7413489201272125, -0.17654925530771035, -2.289346789231024, -0.9920673933155302, 3.98696116208298, -1.6108604681329934, 3.2293562127960476, -2.711094778721029, -0.2120658496254939, -1.2579264048476981, -3.2100324718444746, -1.1411133029373632, -0.3994726117196859, -1.8399756934630924, 1.469921876082253, 0.08118814535415386, 1.8098729824656936, 1.0830025932263194, -2.638555921204323, -1.029507735912294, 3.6942002469066244, 2.283768057762899, 2.803454302988058, -3.7630154855097286, -2.062580080106744, -1.8385935711855315, -2.84393219193996, 2.9542264446873396, -1.2945231642503703, -0.7274237241579072, 3.962267540607052, -2.69840330774388, 0.9418917518108018, -2.710209630724342, -3.3354388036714706, -2.3991350497323443, 2.1247236333193884, 0.046884126144388194, 3.4425599915025598, -2.7934900170805044, 2.011500361507765, -1.5772971647916538, -0.28999559825662935, -0.29478647342584496, 0.6468871406983668, -3.892991276102958, 2.913509301651099, -3.6349975271849018, -3.020888521280206, -3.48886932221874, -3.2843359111608104, 0.66555334791432]",0.96
1,"[-1.5783941490271753, -1.510575277555715, 3.7240812443643643, -1.6831994582638652, 0.7449795671649374, -0.5244375614187395, 3.5194221269227466, 1.6276585112508446, 1.8577504169586523, 2.454433574638884, 3.392970367164744, 3.850986745897785, -0.15840844633110063, -0.5489993287230704, -2.257814195282161, -1.6273043676101018, 3.968129103427323, -3.2743152741901396, 3.317240582579996, -2.8685620080337246, -1.3522730881134812, -2.419927213507973, -2.75785713218958, -0.41117095809262505, 0.2924147068305917, 0.31144682366394427, 1.4749380798222875, 1.19244944931823, -0.8111283926842286, -2.3396563061092674, -1.930347067314592, -0.618315260764996, 1.4687884654526124, 4.305489360453445, 2.041768401750403, -3.8652477729638455, -1.3673328899875465, -1.574897699340766, -2.8159952711262095, -1.0089938098513196, -1.3098779510704222, -1.5962465199049518, 1.8688767771085872, -1.8104726917221479, 2.3504602922453026, -2.58886746419965, -1.7618985479118798, -2.7161543695136543, 1.1744521552510494, 0.2832610523962743, 2.00963730969524, -1.302048592568102, 2.7527080090036145, -1.2878564033059388, 1.5496140610128473, -1.244568397621974, -0.9643407327570166, -3.7589395104854404, 3.4791636157692327, -2.495482733068769, -0.3445478184166252, -3.3868363331389504, -0.39529489711100885, 1.2201844123136147]",0.96
1,"[-3.998296828158772, -0.5626899715246879, 3.4863577534610317, 0.6090248398847067, 0.36292392078770874, 1.2153288824228734, 3.5443652025489647, -0.2348364970087014, -0.722601297928936, 1.3218979592978877, 0.8831291555740768, 1.5732600658447145, 0.03378978680056677, 0.4150346831385743, -1.1224762232667256, -0.8793190959700719, 4.010582062236721, -4.22038139650671, 2.7657816515506313, -1.2737340219421263, -0.0014828489799503242, -1.9662895339561406, -0.14853910999089293, -2.901708662243741, 1.0925974718885496, -3.016568394653662, 1.0842439189332698, 2.374272414395131, -0.8833105585108054, -1.3342990918861533, -4.232000357292014, -0.2722486454247952, 3.156490450272693, 2.102818597312224, 3.056385201474985, -3.366005389661189, -1.0377748362112549, -2.0822805381586207, -1.8038936018171188, -2.023383130436195, -1.5767142577338353, -2.6076672910935605, 2.4563607664621605, -0.8097022105665982, 2.32432063220755, -4.545722415235851, 0.8766172334292792, -0.8109842884123057, -2.165037871193758, 1.2437783916504541, 2.1810328112852257, -1.0008694583147433, 2.774827786723932, -2.6357616951284415, 2.5327033641094014, -3.1815965523080623, -0.8459023346863938, -2.188564774900252, 2.47365419942245, -3.594474892065577, -0.4733341778895951, 0.04918770409261208, -2.157508130215839, 1.754639093314904]",0.96
1,"[-4.444456212695007, -0.7283286477067074, 3.2494949623189164, -2.419187220059695, -1.419741476987157, -1.8861635256921157, 2.5468893920173286, 2.5975559750572, -1.1878020426430311, 2.0645383708738674, 0.23108470057352437, 1.4572613055948205, 3.078434750445176, 2.4654669402184926, -2.905097742728207, -3.8825031050444108, 3.9346730813629596, -2.8449510762407666, 2.807843857535354, 0.5859165786661769, -0.6237096004413517, -2.239554958029808, -3.1529038055686924, -1.6973276495305454, -1.5582643378245007, -2.9468127388992906, 1.4889894034970335, 2.151975184231716, -0.15873710587565232, 0.01651141588352482, -2.954296730633625, -0.32039473621211245, 1.4042735542280624, 3.5435379482731584, 1.1980568469945085, -3.36078015638582, 0.15522340949590985, -3.515655054116603, -1.9082583570576297, 1.989698991954851, -0.7226213785583964, -2.280059383563422, 2.51232011713823, 0.5574528679109794, 3.557415695568731, -4.567109433524806, 0.836516570941608, -2.8622418784798054, -1.7829827327749193, -0.3735469049810609, 2.5178327198120605, -0.28845493593241445, 4.088531093512289, -2.827378275025694, 3.4136961642831745, -2.139393842284025, 0.3942718195239321, -2.6387474651733647, 2.780095155812223, -3.515341618581579, -0.5256629445485471, -1.2781348794510747, -3.54307789620919, 1.3875987001389984]",0.96
1,"[-4.216232835947313, 2.729395817336152, 3.902570909092815, -0.6720373946734581, -0.023330406491883005, -1.3982115264953787, 3.7370465923980007, -1.5449729509237118, -2.8311641029710906, 1.8231839009098572, -0.23273707430266977, 3.2214707685661526, 3.299755482729643, -0.9984243160616159, -1.8732085230641957, -1.25396447768263, 3.8543168877428466, -3.7784564370048765, 3.4271447555909416, 1.9676877293175112, -1.7850370082030653, -1.4044373488472317, -2.5018623920184244, -2.7513983664154664, 2.0732571271765345, -1.266013525710325, 1.4818746109346532, 1.5330740120680384, 0.09676222912059129, -0.7659504537350099, -2.737414745913763, -1.6371982368008726, 2.1581032175106905, 1.2739493522421776, 3.4986895668966027, -3.84183071020309, 0.47803738987829714, -3.1105742281242312, -2.5916775382375126, 0.7011802953484022, -3.823452026049385, -1.076390279862909, 4.075859514384098, -1.4832268334728176, 0.7495077089481736, -4.588871503859605, -3.6889164742129172, -3.6240089937616258, -1.8956716965392173, 0.5506080957990263, 2.8682758030317954, -0.3426526348564216, 4.03818953493391, -2.4639967733198667, 1.6667905681314983, -4.043442846037085, -1.391435968469414, -1.8725283552883258, 1.441804283167424, -2.2149531068780073, 1.9190138629118936, -1.0547004594483695, -1.3695105521135702, -0.11044668427248464]",0.96
1,"[-4.280561004971043, 0.3375025428717293, 2.080542793042935, -2.758784121295869, -0.008224023623959187, -0.6396122391579688, 3.353126602976454, -2.6654912583160506, 1.0884057339477522, -0.9148837135967653, 1.5589674278230616, 3.367616840553188, -0.20273084060398694, 0.6185964909406795, -2.7754168586496064, -2.728455691292819, 3.610372951324315, -2.2739019623435572, 1.9260039370238107, -2.2427639372940877, 0.6748191783563494, -1.0044341205137388, -3.064109198509206, -2.484296606050529, 1.0222469006758699, -0.5752621510137663, 1.4880707523025807, 0.5335001390280896, 2.4450929971012565, -1.1475014539864208, -3.345345338809096, 0.8623480415502942, 0.9482262228930323, 4.221328679466195, 3.545634600415327, -3.8803429007525336, -1.564343017094441, -2.6357496663360998, -2.37525614845208, 0.8897171357165338, -1.973275760858955, -1.141976263491031, 2.014470742611922, -1.9160893699236685, 0.17422878544026932, -2.422409672634984, -2.674510780022346, -1.8600934289955258, 0.7965652589696812, 0.9338370249648139, 2.233297239682015, -1.6042989168999657, 2.20840025706329, -1.4913072449916898, 0.9498050074202666, -0.6197431438481792, -1.1881059452593996, -3.1661211143108696, 3.694525364442661, -3.7688524859725288, 2.7023233279722163, -1.9679182499732064, -2.0843602093558333, -1.2738690978473879]",0.96
1,"[-3.518840064204051, 1.4985601038251337, 3.401072655255054, -1.7595739811408646, 0.1468577221052736, -1.5772891213882674, 3.686676517035416, 0.069752121034934, 0.2132256333986235, 1.1210474664594066, 2.155444060214892, 2.394827387614077, 2.0962187356666337, -0.7297660564750772, -0.48216670976588416, 0.19955658955173705, 4.005954200834967, -4.0624628515752095, 3.689602908740404, -2.1452152707291865, -0.6418047761093468, -3.2885217834131963, 1.489289124124645, -1.122623224035485, -2.7516351508925245, -2.3691698941194934, 1.4593325116954834, 0.17754464487096377, -0.6914563687521279, -0.4346794835870434, -4.177848998651269, -0.4910527235590898, 1.4544731978770649, 3.5821833659116757, 2.703682820925488, -3.8730247744356725, 1.889206892776451, -1.943111725336614, -2.267217765728509, 2.630765935788316, -0.5411087072673356, -4.11186819740757, -1.2068853718581867, -2.4280800389394046, 2.176463979353325, -4.464467390712052, -1.339892638594915, -1.3072622496767632, 1.650715284536222, -1.100621196985258, 2.5316832408277907, -2.2175153654720736, 2.2295775901273984, -2.2410440486709877, 3.2760352782731803, -1.1328900056919147, -2.1170555036387078, -1.8721003776290055, 3.553937502577207, -2.3392019121807914, 0.9573342515826475, -2.614399750337581, -2.1111369801272777, -2.3140501979521813]",0.96
1,"[-3.41976566584586, 1.6875468794179371, 3.6747868257810934, -2.6851151485082356, -2.120261284871002, -1.5654184541034661, 3.016873208211194, -0.5224352668299412, -0.4557130206126487, 1.558784061161568, 0.7854920865954492, 2.505080688990831, 1.730104281237572, -1.2194143914248747, -2.849832872606167, -1.5332036897621015, 4.037659925061545, -3.0090198892662574, 2.724298355231017, -1.9925143915370283, -2.1978925885110883, -2.6275590276957947, -1.4426560423584052, -1.509605736416925, 1.726068723807012, -2.7379451679775975, 1.3739508641531633, 3.371333473829537, 0.26944619227810934, 2.4152090660018235, -4.193248293199511, -2.810827808208427, -0.8748081833633077, 3.7477584972097597, 2.4394285391421175, -3.8282325718262715, -1.9248027065765911, -0.329226124046615, -2.391213352151076, -0.22575049690287238, 0.1099413737471453, -0.2895422854891625, 1.6066700153659947, -2.8589527633087854, 2.38208727104757, -4.051693517651003, -1.2563520095819836, -3.6372601650113543, 2.6222945734763643, 0.23273867332315068, 3.175275789387289, -3.8178580552434864, 2.549326693861145, -2.658060685619707, 0.7223380618310753, -0.4783599923323923, 3.044741083422074, -0.5313503573474913, 3.6069678420137095, -2.5836713725902647, 3.0442998087840003, -3.3762979411933385, -1.5995810914847475, -2.5830445889347855]",0.96
1,"[-3.0018616291135505, -2.0606340111641437, 3.203160103822906, -2.8431202699702363, -0.4623470343508421, -2.2509794661045026, 2.154912813970922, 0.4652607788353898, 0.6670184314321936, 1.1991914744265242, 2.064743048060704, -1.1818983852298315, 1.0179086435848168, -1.1070265589638055, -1.6289530725409078, -0.7932758654768866, 3.9902290235709126, -3.140756892019761, 2.3438575743769983, -0.47462433653406066, -1.349178118211847, -2.9112280681111424, -0.17951787714514533, -0.6538423332457008, -0.1908474935350205, -3.141239030490776, 1.4890917096633545, -0.8741626155514022, 1.8799845439082974, -1.7097830543566632, -1.2099751769351856, -2.138218563037312, 0.8464533641662619, -0.2535357774267579, 1.7855393763575227, -3.5166571687704584, -0.3841587186763361, -1.2546591770955606, -0.8691959852752542, -0.9782594197550837, -0.8965821151464592, -3.4426843283350443, 0.6658621612953448, -1.7639303239747384, 1.7210822799463177, -2.223833474290638, -0.4988501440005789, -2.2807791105267388, -0.16871674872019427, 0.7989876688847657, 2.1272656196814688, -3.233639172141937, 3.9336196947482307, -0.8355528916643835, 2.7320659254915673, 0.1753095393497796, -1.7574533472022438, -1.1247439087432496, 2.08514024985665, -3.6848958280817694, 3.003379392661106, -1.2994773479108068, -3.9148686707000397, -0.46725150851757924]",0.96
1,"[-3.9777607694633783, 0.218010307175999, 2.2392224618454803, -1.4196053900067416, -1.3351289858229007, 0.38955064007398565, 0.8506489597053672, -1.6437573380047867, -0.8611895065618684, 1.169819291623552, 2.7304475841114026, 2.698680621202232, -0.16136009676113017, -2.7722256545354607, 0.3734661157611481, -1.3875061003643316, 4.035375753399297, -3.636887080293781, 2.7713761213491335, 0.6834894845312893, -2.6003163919719134, -3.0620418669130056, 0.3183317870348287, -0.7084773217639015, 0.8673392013069103, -1.6948387033766104, 1.2485686870776909, 0.1181614153596342, -0.5024746619076418, -1.9110382326162412, -2.9831010921587904, -2.9841765559585762, -0.3511296319340528, 2.615311902271454, 3.31273066159146, -3.829806104680128, 0.006291266642863169, -3.5565067130870545, -0.3151593712727816, 0.7323978736836807, -0.9226479735299182, -1.8138834781049935, 1.5833016489042948, 0.230882648738147, 1.9908385623932274, -4.217621587226798, -1.7984390457608344, 0.04837547899749284, 1.041766920774721, -1.0746653022203962, 2.92544521368177, -2.9363256268099343, 2.906415496094991, -2.1713968872732936, 2.1224258020918896, -1.4551815256583502, -1.0333272785868275, 1.4930473837989955, 3.3434281538283903, -2.368769175050827, 2.907422587315437, -1.7141059315797447, -3.5279787200776354, -1.2194659776717578]",0.96
1,"[-3.7989618296924412, -2.4088802731879926, 2.702600164978475, -0.6109583605482292, -1.2012177725787112, -0.7249765235820187, 1.5298071393538404, -2.4124741001735535, 1.2363537494387558, 0.6785449929940952, 2.2980673708367627, 2.065628327872358, -0.4391024165293199, 0.20917869544195927, -3.095235545659414, -2.255221024694564, 4.033241454167887, -1.1952995979210996, 2.796123394457565, -1.1368916990030749, -0.1136028589324205, -3.017473489769409, -0.9381366099985645, -3.538173037369078, -0.5367966599870336, -1.7477941849790375, 1.4837628651687818, -0.6324641930792101, 0.635371647950872, 1.1172788027097251, -4.258832571207103, -2.2593641380297798, 2.168586553281512, 3.203476522672121, 1.9517995986767285, -2.557195255217869, -1.0702204250362022, -3.1293982765848574, -1.8020721107067856, -0.07841429790266052, -1.6259979048854594, -4.172622717870699, 1.5537929552410799, -2.5424859359176217, 1.6542347757859734, -4.550942312170299, -0.846473897181822, -3.54308626313008, 1.1763802797454106, -0.32428602749523744, 3.323081232680024, -1.7830463897540767, 2.976948736036424, -2.7005896617996252, 1.0365234359684128, -2.5667160983416473, 0.09179818786016797, -1.4942145572399395, 3.174439127430036, -3.6406441576081114, 1.3720596875398705, -0.7784627070229466, -2.5781399834177097, -0.5684389120133972]",0.96
1,"[-3.742527010908523, 1.5221371063113405, 3.1701882084105164, -0.9604827936753824, 0.18840761344856172, -0.8975500062374333, 3.3431330527613143, 0.0948532935763955, -0.8447660285823945, 1.5419124736330025, 0.5520229820943098, -0.6941058254480783, -2.2233093989302906, -1.5623623391915364, -2.2530658885806636, -3.934611304747469, 4.031835069242499, -2.0161670283078563, 3.021722569719116, 0.002504063319498373, -1.2285399116520286, -0.46974528547061833, -1.760794662070638, -2.6727051710186833, -1.2292897086386942, -0.277354772072538, 1.4774635328908157, 1.7253001088868913, -0.9010516247750688, -1.5883610569116178, -4.187528658050474, -2.007108358673163, 0.9459505290652899, 3.026915482277252, 2.9473762350190817, -3.2196364737988623, -1.7971025762317594, -3.042775238142718, -1.8003543372230943, 0.7485513988408405, 1.0541871690378362, -2.106257758085052, 1.507348902658542, -2.047922390639564, 1.7927139692394727, -4.551099647043537, -1.2352294109055133, -1.9735332412226207, -1.537625191537289, 0.10156007408994983, 1.0735459131303058, -2.156215291904374, 0.9600621958169122, -2.3408038801353603, 2.6052782617342167, -3.317869005713268, -1.223480917194431, 0.6066715380002861, 1.2818940327052122, -3.7856287082583333, 0.23399739248176, -0.9922089144352506, -0.47728986876422086, -1.0452443455482296]",0.96
1,"[-3.0975145306209324, -1.8406341433995164, 3.515907362952945, -2.832590802768195, -0.46817349295808947, -1.2179999577110872, 2.8225821319651585, -0.8591827009775059, 0.532204418034316, 2.3960246289146583, 1.8038315682581982, 2.923741818835724, -0.21476925873216146, -0.8208005473091688, -2.037314410657512, -2.38677179774695, 3.9165575565194897, -3.4319441827169745, 1.7191833048419942, -0.7086758167053648, -2.107745186070641, -2.8534497417365454, -0.773790154516304, -1.287439095232728, -0.6692869450545749, -0.7956323106423808, 1.4287219683715626, 1.7671006238522038, 3.549429991386386, -0.33784401591005186, -2.83887266985977, -2.289861138328832, 0.041919403674362754, 1.7481180659167603, 1.930931377687053, -3.295058075872795, 1.688464940262865, -3.3389000370012356, -1.6647052005114311, 1.64645711118349, -0.7734890953230751, -2.6821222504777946, -1.5473098507686298, -2.004938744557716, 2.259807119592228, -2.7107692884143377, -1.0408460540991853, -3.2466815988588493, 2.244656854303968, -0.9710800732069276, 3.134862720839159, -2.086673067535991, 4.013683100524346, -2.5018351175378193, -0.6610744049726729, 0.19827092510443978, 0.01363607207065333, -0.8928276122861252, 3.6437950390900298, -3.1174369615260265, 3.0335629894854037, -1.9523074986189424, -2.8746074976182827, 0.944210066590929]",0.96
1,"[-4.4220853975204255, -2.441507366188915, 3.417003638474433, -1.6823648129320825, -2.4827023281980627, -1.6091277663995758, 1.998143958128879, 1.0316633833290247, -1.0257396385360575, 0.6184462738859073, 0.6615063100694776, 1.497603445577716, 0.30822802573712427, 0.055452707551260194, -1.1387381956922062, 1.0659631511417489, 4.018496498684366, -4.19691647519717, 3.6525389798981602, -3.0245188346140814, -1.895698395623152, -2.337273431338611, 0.5825614110409577, -1.2750909674745063, 0.15100097538886614, -0.7122046889076772, 1.4765196178768423, 0.5867671013609222, 0.20568553826235253, -0.7722657664303767, -4.0815513180681675, -1.9684017726851017, 1.7205063697236846, 3.0001807729311962, 1.1953829240113472, -2.7280244029126273, -0.18283263387091675, -2.4154010968934063, -1.3934517149061088, 1.1290937888854038, -1.6712680494630867, -3.2256075009648075, 3.5152345643014753, -2.9611491000815984, 1.8473777203715347, -3.6112223090695377, -2.113776091300578, -2.9445701224107337, 0.7318865719993484, -0.4736502684072084, 3.1593242902519796, -1.8463753857226561, 1.7599474792723584, -1.6046800339145861, 3.357791137033105, -0.8474313223600707, 0.9829098608934056, -0.38527952160769496, 2.441671782300393, -2.316240760584622, 1.9821194202791979, -3.9985743061908194, -1.3978623100026035, 0.1837600228420302]",0.96
1,"[-4.023039945054684, -2.4409644505907098, 2.228132306814884, -2.636620565933279, -1.3217067912321792, -0.9010851208092732, 2.8337730856879784, 0.7913386528428397, 0.815644845601028, 2.371961189424671, -0.008540579891753497, 0.7313602213137769, 1.4111382368484269, 0.21211878800391426, 0.760869646103556, 0.13594467248252462, 3.980958140793175, -2.502787977168669, 1.3042662401255356, -0.40217363011962703, -0.5210758922133771, -1.749921346210578, -0.5135976669707248, -1.7604642609646215, 1.0688609458486797, -0.31409060164093416, 1.4335758612084883, 1.2128986722946151, 1.6195114580266412, -0.7335130776341632, -2.3706507815243674, -2.1599839563642407, 1.3411275504102749, 1.0830535153445613, 0.00970872850837523, -1.6913755292667094, -0.16218196332402035, -1.3494449128886952, -0.4031320992034273, 1.5178609147298419, -0.9875987345474216, -1.2802581273844174, 4.117504450803715, -1.3359036440421244, 0.6839505971631252, -3.8379225870151306, -2.0366603332632613, -1.510325310745488, 2.2739966204069466, -0.7103366945361437, 3.4282712116488256, -3.28982903450418, 4.145425287623072, -1.470851440497902, 3.1031090077665504, -0.9964409381578594, -0.8903097108785814, -1.5644593705476504, 2.8181119941626624, -2.8755467375838943, 1.2441268974536401, 0.344888295458583, -3.221797484688771, -2.287874087337671]",0.96
1,"[-4.5074918085487035, 0.8936583643636122, 3.737609054056367, -2.7717660592902775, -1.0060715872699681, -2.08505817100345, 2.332320183907763, 0.9352153774249997, 0.6460581645284806, 2.2424666817219867, 1.4796951884056473, 1.0367761604702421, -0.16867218866353328, -0.4664684711336731, -1.4537009320838956, -1.3685053506393592, 3.9907632285974155, -4.227512004284227, 0.0017937245167778393, -0.7782129002442639, -0.8248913707773506, -1.9425929708669667, -0.7919492220567999, -0.9630769205138917, -0.19413522002859274, -2.943515740286541, 1.47979177868169, 2.97148757354831, -0.3885750877521641, -1.917429119016955, -4.269826771063136, -2.3830069735498527, 1.4574170602796968, 2.448186949318273, 1.7713606314149792, -2.017586317571248, -1.2301712723339273, -3.5685967928358795, -2.8721249297749925, 2.1163567851450678, -2.3728638465023835, -0.7579097113091409, 0.9006998964577103, -1.8776984746135459, 2.4452340635395333, -1.1786355903815053, -0.10282522894034252, -3.1597229443414183, 0.7798983226299219, -1.690910966418565, 3.0184084261528272, -3.8626548830508036, 2.384914456324002, -1.5687399986627293, 1.0588077864999088, -0.826406271105637, 0.7241631754863679, -2.382477300158132, 3.2295443440187173, -3.3349692702825413, 1.9057194501902022, -4.000593786083907, -2.282344434060931, -2.530099871642408]",0.96
1,"[-4.5089057849667284, 1.2452648862801512, 3.906228500242988, -1.6948569875557864, -0.949783583447625, -0.5807387600777156, 2.851452537219915, -0.3190949243809619, 0.3814650457459724, 2.1354243553065313, 2.1712402109625852, 1.8818184956017339, -1.6483709420335706, -1.183849360347592, 0.5325431227779283, -1.9874204250653444, 3.9815147872806995, -4.170240234860401, 2.922955744698367, -1.1101532257997448, -0.5641259951616802, -2.3311025348379912, -2.160909270086712, -1.6966351833667936, 0.6629265061255689, 0.42457513939444746, 1.4313396779401109, 2.3659676668253438, -0.9806356710662766, -1.1576988587593267, -2.2518721813158473, -3.0323041677924616, 1.847948132531821, 3.1392195805752907, 3.6236162857252823, -1.0992398913046162, 0.09858890741620341, -3.2372436628676082, -1.2716213557733855, -0.7315909512892418, -3.2952270364087064, -1.0425345242637154, 1.3079170530830453, -2.9704370349108733, 2.1078273790737554, -4.329504830885268, -1.4378442265044846, -0.7947709471593678, 1.3642667778439197, -0.40792304803177426, 2.8442057212451113, -1.0493226226857084, 0.8228917041538626, -2.7071174197041277, 2.7336330162569245, -0.8025331590347432, -0.7254403653282999, -1.506974962266416, 2.692532339804112, -2.7745768063192466, -0.24156066189883374, -1.125352643185657, -2.4898687700033597, -0.6328824120742653]",0.96
1,"[-4.5091815498622205, -0.545719344056962, 3.8855608115453553, -2.1078715154568184, -0.480546326457186, 0.7218305195428507, 3.425094805899243, 0.9100754241845158, -0.15152055095393516, 2.4487073159605104, 1.6836810385868237, 2.184552946359645, 1.0334140732229782, -0.8748097089807678, -1.3135976887809022, -3.074046836996157, 3.9609938509582276, -3.8657570274885824, 1.5014811565785364, -2.0319541292957988, -2.7299596019319172, -1.0603968567875006, -3.4962367605487783, -0.3733256973887309, -0.2961095467831698, -3.622948152583877, 1.4150909910901548, 2.568159412987053, 1.2550056812952146, -0.44609509631117383, -3.5827819112465975, -0.906167049410749, 2.81830555718901, 4.095008679377914, 2.25340967685878, -3.6349221490219836, -0.23842294860062963, -2.6889351723624353, -2.3476714625842465, 1.8278063046154807, -0.7451752516012268, 0.05563674558505882, -1.5927091499205606, -2.5293215828524827, 1.6313729726099242, -2.1426969674671774, -2.2633671319734026, -3.4618324279272925, -0.25178198152071074, -1.951470635538909, 1.599831054970012, -1.2164053357264566, 4.140579475311086, -2.210691570452092, 2.6257198501557104, -0.937940474719361, 0.762118721907966, -0.7652108155166168, 3.670328900629799, -3.2591172597196376, 2.9745774698196246, 1.2599073905715064, 0.1605804399343791, -0.6399147799684278]",0.96
1,"[-4.145642358291324, -0.43375257594455874, 3.1783370985990214, 0.29255207156063023, -3.1668297935316, -1.0247580804122416, 3.7388063712954716, 0.07053099448696662, -1.0041598236401552, 1.4164225543069295, 0.5680558040503795, 0.756939421464393, 1.4429122951313689, -0.38576141279401105, -1.1743195145726526, -0.07172751972449776, 4.0359188227107445, -1.7682775594876121, 2.549234948594157, -1.056564979753472, -1.841307917851854, -3.111803398065163, -0.13660020298304387, -1.8747926745634322, -0.13572667874884203, -2.035971302227896, 1.4887601149456926, 1.3599692199739781, 0.8125815233045162, -1.9053590707833883, -4.260410878971491, -0.9396879300161509, 0.41202984788724084, 4.015194449681088, 1.6887489821795851, -3.8327457864313863, -1.087850588136687, -2.779929315215157, -2.0167801660888927, 0.39069197420779544, -0.08170370119324644, -3.2430470803657547, 1.5295119879151355, -2.0053342376196466, 3.680770263307165, -3.2853171136184187, 1.6862480274914842, -3.160358444551067, 0.8836634853290251, 0.4818312209791946, 2.2105217858533908, -2.9637955981692077, 2.734650342537685, -0.27971823841575993, 0.3088273855867145, 0.751779760863994, -0.2846910883277708, 0.7342412992348828, 3.0328011435837254, -2.439382580685673, 1.7729400249159055, 1.0609118429375788, -3.3098074997348172, 0.7181781696727407]",0.96
1,"[-3.4600431134881426, -2.4048712265657652, 3.899109628408199, -2.837993669951722, -1.856222687051584, -2.2148522538080244, 3.521629318986018, 0.7304818088046618, 2.35507095596501, 0.9832810427403547, 3.4327729622364975, -0.47746394481698795, 0.48340405249823354, -1.6365654464249435, -2.6121882298410792, -1.4217487484046951, 3.986380365433542, -1.8304132802441009, 2.0054722932122937, 0.2937186944334824, -2.780636233389103, -1.8884943055627725, -2.735341204501264, -3.2043800332324572, -0.9051945763054089, -3.8972633377299295, 1.450956696235001, 1.3251561571762933, 0.03508097073873234, -1.4863425259283463, -2.02786563406947, -2.22485467401322, -0.30187818701058555, 3.226248624088616, 3.623294847383166, -1.5067379133904195, -1.6007778803262829, -3.5651793907010196, -1.1232791817325312, -0.9844391629009156, -1.9146327441020141, -1.6513477576529745, 0.8511511452428933, -2.851292807081374, 0.13959804059664327, -4.5265306833745615, -3.7274571080151966, -3.5478709589697095, 0.7072185994545334, -1.0473364802511216, 1.8471330407675364, -3.6390038070162003, 2.6359511787278356, -2.2710381643150925, 1.8303947031174201, 0.1208258211997929, 0.6207568345356033, -1.9324486135303662, 2.482358415865522, -3.7417503928672637, -1.2945076678011804, -2.9601102265972976, -1.8364968433230866, -0.29298288998548516]",0.96
1,"[-4.4198401840663974, 3.9808843451386045, 2.3756527695232452, -2.5787016071446747, -3.5558185077884317, -3.07074624796693, 2.421333826223022, -0.49129120993587405, -1.2065930010898271, 1.361950536471484, 1.531311582668107, 2.6136416491642938, -1.1050485720979524, -0.7123801994422536, -1.3910735882836267, -1.799938785337705, 4.019133585733869, -3.031344937314428, 2.002713670154475, -0.40588869074304723, 0.7429596792784505, -2.861996717311584, 1.4025074010925045, -1.99304618815349, 0.2239467316390602, -3.090443262059984, 1.47766104626375, -1.2964634638890429, 0.48067055684590526, 1.8307827658521556, -4.048916760507389, -2.4819673722730498, -0.9261404455513049, 0.963800595638965, 0.8024166054740562, -3.7765481803298098, 0.6836692971988623, -0.7088746324063642, -0.24249539006878118, -0.5670962116197644, -4.231577213310493, -3.6444787105123035, 3.61883823359496, -0.7702134105071898, 1.5427767874066531, -3.5773432338802476, -2.4297851326418782, -0.7977736820032715, -1.7210449646818688, -1.3277356246072218, 2.4917282611693112, -1.880517330909235, 3.860157427253735, -1.8096920122652476, 1.2329074621878968, -1.2310166427752354, -0.03932019253008445, -1.7454937452239152, 0.07773601416194742, -2.2052317550559013, 2.4363447706574632, -0.5938261022574496, -1.6555427525915578, -2.230093646902995]",0.96
1,"[-4.463227788158159, -0.648806998780031, 3.500164617849604, -1.111834197809589, -0.6353289708436541, -1.9396878112488503, 3.0301770237494905, 0.9659873857945872, 2.1924383488103274, 2.4155041182866, 1.6542675695634848, 1.5623636372500669, 0.9661348760515815, -0.6059895985340096, -3.0952350363930465, -1.8487285533985283, 3.891597645445773, -4.0185557489503685, 3.5627207953056668, -2.084790229093737, -2.802307213211458, -0.012157957455492419, 1.3333819798458122, -3.2866595437638324, 1.1199773714717844, -2.578521747565264, 1.4882872563422642, 0.7631786746328479, 1.1039555222737603, -3.696186325326922, -1.2762404131643343, -2.4463150885894276, 2.056069714140622, 2.675737078718456, 2.93493268092707, -3.1456818355735647, -2.420412129537108, 0.30105271504622744, -0.4563277882599608, 0.02992785469059525, -1.4483587943340825, -0.77068674076009, 1.6377028876287834, -2.337382717539654, 1.171394197637556, -4.593339448234531, -0.5988591343449143, -2.0994512861156895, 1.8031417218219925, 0.42591235744746475, 2.4306393162588806, -1.61041184787169, 3.8155890075843555, -2.0138580241082193, 0.006637195807547069, -1.6010125564885844, 0.40252397794592676, 0.2860891820869571, 2.9156462532230853, -2.906392858769822, 2.6151099891343557, -2.119806854786334, -1.1737277405079103, 0.7547002311098352]",0.96
1,"[-4.414436537985005, 0.05476369555948102, 0.7856802073121427, -1.9491578469513984, -3.0250468760266953, 0.4200696085662947, 1.9273861678785964, 0.257436348779432, 0.38049255211054284, 1.9873641113430098, 2.750899941099781, 1.1789230124359786, 1.1983989959964085, 0.5949361761180572, -2.657933879269965, -1.7424537498421018, 4.022333028951908, -2.8750525191752114, 2.275434602768135, -1.1142001804470476, -1.9667972377333998, -2.071182407826765, 0.4650219854222526, -1.7489651124880599, 0.09932165860721376, -0.10731860964233064, 1.471444016006554, 2.0362377708583943, 0.88644515130867, 1.2105426990964734, -3.1676345904296657, 0.995126462105032, -1.0029681753612125, 3.3532872711554083, 0.4871813199305355, -1.115030098936919, -1.737350268526873, -1.3941827273001284, -0.26893318838279323, 1.7754179584496987, -1.0369724770810824, -3.6242634392006376, 0.8241611439050315, -2.6576986803725218, 0.7619290192408215, -4.449966031774315, 0.9497131652854439, -0.8441762351710258, 0.776222983874843, 1.078839497406471, 1.7933013497568913, -0.7294275445109171, 0.7105391669680774, -1.3900842211184499, 2.367939418488497, 1.3224636287681428, -0.27376676843294556, -1.5492883820934475, 2.9890370407807225, -3.785969146067125, 3.0412812949424572, 0.7590357839592701, -3.9926977280902607, -1.449711789816574]",0.96
1,"[-2.8247177808621196, -1.8053867356258095, 3.8393104178477184, -1.173151739461716, 0.5658247145580406, -0.3263466174228331, 3.0789592669800214, 2.2900788391765543, -0.7148020027922745, 1.3606626353772937, 1.9710875159576253, 2.422949619773355, -1.303225616418545, 0.7447909703515312, -2.479914420808736, -3.727508365121142, 4.037579274757097, -3.640699762892106, 2.7448980575251456, -3.0512119740252572, -2.000310042473305, -3.174117736964516, -2.114905045056726, -3.3485883120334545, -0.6353036870046351, -1.6347642582202826, 1.4636470474898957, 0.9014119454254081, 0.6842868554198868, 1.668689214629681, -4.266133696446241, -1.199487728723471, 0.027287171631877438, 1.9532749333779271, 3.0744013728127655, -3.7322453739108723, -0.9411991178699806, -0.29415868150185226, -2.5292135080547116, 0.5377800093584603, -1.4052926200112679, -1.796640638767513, 0.29508144187938967, -0.9563404031640423, 2.411121886268171, -4.213693285719043, -0.9799097177031983, -3.636448181853252, -0.9606048861434042, -1.2192219996756526, 2.8267418120538395, -2.828425348849634, 2.9531132628214687, -0.4569448916056693, 2.1211319789465786, -0.09775021917816645, 1.402856655104221, -3.9459825481167203, 3.08350978057109, -3.672151071084446, 2.6629943097243367, -2.3072950740174734, 0.023628196570235183, -1.8592707621506195]",0.96
1,"[-4.505360300887497, 0.12491564567456462, 2.9812450304675306, -1.36828475984635, -1.9507284652721029, -1.0163935330500924, 1.6149675765169746, -1.6936181185529113, 1.429875511037987, 2.185531320324808, 1.4820819984369367, 0.8819413759703858, -0.049319921517059884, -0.8056478421357935, -2.6724433514443957, -2.093970765446623, 3.823063409770317, -3.3345203910862646, 2.9511668722653104, -0.5228214689148465, -3.1579386990097946, -0.12210622225578183, 1.0774057174522307, -2.2170212320139147, -2.3653917805785447, -1.0263866716718741, 1.4635232122262922, -1.4783572715112052, 1.2264066512943623, 0.7530020532377563, -3.080717325184442, -2.491887182201566, 0.1430860724197045, 2.64399085227015, 3.41945492268104, -3.792038320797286, 0.3534837691270796, 0.880356867668151, -1.7092426372743805, -0.749229298195423, -3.0458863788281834, -0.9810943827125688, 0.6849839682290637, -1.592303910941294, 1.646392512692566, -4.222210483372548, -3.920245868365179, -1.2732400551066503, 1.6723347222804836, 0.8658522888301452, 3.191053624081169, -2.9154890008138534, 2.306653802063191, -1.5259080299295356, 0.4248053510654828, -0.571772897599018, -0.47355664259717317, -2.8669544759163994, 3.5064640712155577, -2.481890885875392, 2.7633380029242494, -1.9291214534437051, -3.112432374316028, -1.3425169497009035]",0.96
1,"[-4.446316981221725, -0.8655943506008014, 3.904509560673924, -1.3134658615355812, -2.7277864449910325, -1.0181656788469438, 3.3262254967428664, 1.7418470538770146, 0.4255910781634414, 2.3157255354146824, 1.1652279891835504, 2.8320453723486283, 0.8648246001654097, -0.68022308905643, -1.4315959056875032, -2.907160981092372, 4.0315050760059945, -1.1383554187094451, 3.6391655699113636, -2.8864759925843164, -0.7729819379992651, -0.7578284530516491, -0.3890673960358562, -1.5736865635129356, -0.36578785150909443, 0.1677836790543421, 1.3185379721648802, 2.0891550205794194, 2.428501345989018, -0.01995145169201873, -3.410464364592478, -1.5679272371076047, 1.7998884289110448, 4.264017423488819, 3.0079785473892073, -3.0787948360460775, -1.015037231340013, -2.7778017594122995, -1.18205953123907, 0.3778753482195221, -1.9731216728791965, -1.7107650558198146, 1.7633271156216086, -2.925339789409232, 0.9310646966562084, -2.160280168797251, -3.0354054089858757, -3.283901803501635, 1.7538289552017186, 0.048383731276285494, 3.1631775463007106, -1.3853982047204991, 4.142976841268142, -1.2853409870735764, -0.6031419289443076, -1.411745917640845, 0.20561380441128757, -1.7428995690539328, 2.607588729247995, -2.438310065228688, 3.046499290062775, -2.4101046603958167, -2.2079715820409644, -1.1608403826870988]",0.96
1,"[-4.14090266562586, -1.38227537599105, 3.347642657251254, -2.769775185288159, -1.927019957268485, -1.37171049532614, 2.681929672844629, -1.0025723131780162, 2.5364084156764557, 2.0657592047439115, 1.2791528916334525, 1.7926677364047077, -0.1217461741704442, -1.9911562647652716, -3.092836407923792, 0.5144977877726258, 3.9635543104999584, -4.173925494588695, 1.664812606763478, -2.6201820581562982, -0.4907860521074411, -0.8521569148507687, 0.697251016222469, -3.694046983104374, -1.3191587289897462, -3.5854390948023847, 1.451054626598322, 1.150637799801288, 0.4894831401977852, -0.6250876440604465, -3.342589282450777, 0.06116180531915716, 1.232096232087705, 0.9391891250334263, 2.0303740565957433, -3.0725052207884804, -2.728043966654405, 0.06030563950257306, -0.7778753054330979, -0.619791988881143, -1.7390745033771402, -2.5185795503892288, 1.0624741056906717, 0.014628394668850131, 1.317327618123818, -4.5147457474348505, -2.2873810364407325, -3.4291011582686934, -0.7271984032414374, 2.3169733706903948, 3.5052612131245393, -2.86768468690363, 2.680210689282335, -2.7406391406678363, 2.600514279151559, -0.17023572002785478, 1.4845654277144145, 0.5309449734175593, 2.7557409404099134, -2.513110080462676, 3.071552436045709, -3.131834800921691, -2.5400642114220364, -2.387745310194221]",0.96
2,"[0.6103969389908389, -2.3070678961537445, -0.5519821709310753, -0.07435163709990178, 0.17715451014370737, 2.2354456113442103, 0.3038004228277612, 3.6054300957765553, -0.6535227268171881, 0.3356933127083231, -4.010045324640259, 0.5254730976381079, -0.3027311652495095, -3.4808555087801247, 0.10476959720269752, 1.4326157797415386, 4.029034718350837, -3.7114027700972256, -0.45424478238484134, 3.1459339557245034, -1.7049207004994542, -0.02536914917406774, 2.610448528437638, -1.8042066195725872, -1.1812736184282344, 2.5411814862182127, 1.4871480494926825, 4.145826684802576, 2.8579430582955947, -0.25853338946770554, -3.4696009950290354, -0.48403127069230845, -1.9440589391441319, -0.6543545643185433, 1.3137386783940035, 1.8306927585436399, -0.41986741323721477, 1.7355011601744392, 3.4938594159485388, 1.5169743517969339, 4.065600737712698, -3.044930262846515, 1.933151737746762, -0.5161546065508716, -2.4812066889891193, -0.9268391762938123, 2.9037371834432726, 0.3087852768102126, 0.92573848651317, 0.3694582617491967, 0.10129175882106911, -3.358519326800007, -2.281379792811491, 4.457377761166032, -2.0066995911825987, -0.4435328656980455, 2.649510927310085, -1.4715823235886785, -2.0681193677927894, -2.7799434743982374, -0.9826348518383032, -2.5831540019962835, -3.411843240516942, -1.0016580083749187]",0.96
2,"[1.295031154016601, -1.320514862537177, -0.5622906584073025, -1.033768304388975, 0.004312105092369678, 2.160888605434238, -0.6689484864153462, 3.9597330620580413, -2.3303419987377474, 1.1223053627892463, -1.5978807195839857, 3.846441784919452, -1.1193867298167173, -3.2140123644452148, 1.2815169285236805, 2.4520065311472137, 3.992653238479224, -4.024796352011207, -1.1937092343957196, 2.2277051032048356, -2.6371584060455953, 0.4783842887706612, 3.309632128696761, -0.8263200873527282, -0.9740196252239652, 0.849761372944158, 1.472848172995902, 4.138817306931501, 2.6603949984748314, -1.019142608253861, -3.992171322306488, -0.3614116643385866, -1.2796309726599344, 0.2656221299089746, 1.6991133265463305, 1.9990204667141027, -1.3359698665425745, -0.5234644812442881, 4.3493302338916076, 3.4890220422484104, 4.019915825793295, -4.166101260874056, -0.13577676905460967, -0.9015561875649938, -0.6674526073291633, -1.059444233997397, 2.5351706345064877, 0.6986292798615015, 1.3439800157746358, 0.2965695919394793, -0.4660549683897445, -2.9757058349905896, -1.1410509551457018, 3.1218959668254467, -0.6079612604196951, 1.9857744307635543, 2.731342606295668, -1.5060196085684594, -2.5731800755772847, -2.175971833357088, -0.980112877003373, -2.197777641835204, -3.993306598050795, -2.6280207084043368]",0.96
2,"[-0.8528763672702468, -1.4733049074020563, -1.3172415997892313, 0.057029270049666854, -1.402507427870429, 3.891875267772445, 0.478234445333793, 4.023426803100097, -0.6024766637278465, 1.6472111817013917, -4.2698930213868405, -0.2567801749691768, -1.3175566711375275, -1.6409034124114368, 0.15912270738376172, 0.7424429303833923, 4.01934342602635, -3.4668855647612284, -1.2322264851223994, 1.1520982806978464, -2.862004590648983, -0.3229844036474454, 1.9196577217856468, -2.393774619224407, 0.16967784582705137, 2.0584892941313453, 1.4798046682881085, 1.9810982799559644, 2.078589730186457, -1.1078252179622226, -3.1898788135750316, -0.10172724285323143, -1.7541831908678267, 0.12158660324586668, 1.7165469589876685, 1.772198103016075, -1.564059210122862, 1.188963901793544, 2.3224392079538028, -1.9718455739899823, 2.214033433481295, -4.1115759764846045, 1.818976932834203, 0.5834597862471608, -3.212880363028904, 0.9784306377558967, 2.5402802409180416, -0.6384357358925661, 0.8743083822119271, 1.6058152044346383, -1.1402784795931458, -2.904654060894611, -1.4893566969285832, 4.433034167085155, -2.5954645942016152, -0.14630499921451734, 3.570516487442596, -0.5709797455243725, -2.282396641662414, -2.5257516383360925, -1.4324741472046134, -1.9455463324193434, -3.8443662668028202, -1.6264009658910954]",0.96
2,"[2.96459179705593, -1.3671783507003843, 0.15078712338370065, -2.5287025649107138, 0.5783186831930562, 3.7450852363106293, 0.625678872174177, 4.636021674828819, -0.3897822150404905, 0.442814544108459, -3.1924464600447475, 1.8290943726889815, -1.8971999797087453, -1.247822771771029, 1.2578058671289274, 1.6605032917392908, 3.9038054969736597, -4.116689412773821, -0.8270163853105201, 2.3408219708690137, -2.4027821748172595, -1.5538423388897638, 2.81354409222117, -2.8755495649908625, -1.1017909888887085, 0.7144216135057857, 1.4816318935920196, 4.153835998414591, 2.9375718896293734, 0.3774348323813307, -4.140957716243807, -3.0164815659430753, -1.698547619744393, -0.008194392547793417, 1.0947621785938009, 0.6299689940988111, -1.6577951234136887, 1.6990361490037214, 4.2241872940403296, 2.9290830645872115, 3.4905768644545754, -3.054152673268901, 2.284792128133372, -1.7566513536183899, -2.5018790729206377, 0.6003475183351294, 3.121849766685274, -0.021278185998074295, 1.2303038811212477, 2.961659381421592, 0.5370181083851017, -2.9250170182666455, -3.7490102294888477, 3.1186148968912555, -2.6575184486153103, -0.6011526361071637, 3.1727973546198407, -1.226204515962021, -1.6453279325342152, -2.4131698453379835, 0.1911619037032649, -2.7972478477092597, -1.0373286751820086, -0.7226731162591891]",0.96
2,"[0.17848532811773055, -2.053696379265148, 0.9438410842394493, 0.34515475666938994, 0.8266004681833776, 2.5374535850584383, 0.8628898084631444, 4.52118076588463, -0.7628784430712657, 0.690839354197788, -2.3759875232764243, 1.5162707469803158, 1.2667844480126225, -3.494798342491666, -0.536029318037769, 0.43739571253039233, 3.889520217461639, -4.204944464508726, -0.5801696040781056, 3.1274147913941537, -2.6228080444924866, 0.270263523771524, 2.748274631054231, -3.399033921793589, -2.4691131808001874, 1.5809123310168856, 1.4730642655956916, 3.507160106694085, 3.249117534145574, 0.5113928891029876, -2.3986188568449496, -1.3954852717291932, -2.7937704689772467, 0.13754996699191868, 0.9700082837515682, 1.5417404850079854, 0.051919948471928934, 2.940111937405118, 2.8578250530270384, 2.4290047966212684, 3.9839239843658287, -3.5489314083164487, 0.45108110095331755, -0.33038601396072864, -3.19542341371068, -2.148913013036485, 0.40485338173613616, 1.68123356173035, -0.17636157444177403, 0.3829695332559349, 1.2305233341624926, -2.7479107360979507, -0.39660759095652764, 3.961874435076098, -1.4151547008766432, -1.8690874342058539, 2.0587510968890035, -1.9223557302046856, -2.0408330306914286, -2.0818927370065, -0.20271474601541078, -3.996063133428297, -3.988736728221709, -0.9765140093093886]",0.96
2,"[0.9556185845347043, 0.16649393926533873, 0.5204236326100895, -0.6982252831969373, 0.22952920619520079, 3.1039445252807263, -0.051315585911170025, 4.083126659883864, -0.6406608568160532, -0.008730568366044134, -4.181473553486402, 0.5010233295072117, 0.22063089067802633, -2.879882331608459, -0.299060657168955, 2.4429125656888018, 1.1851405583891137, -3.37988874856981, -1.4164265407217522, 3.1465343996883735, -2.7267241531096165, 2.9755949935607133, 2.737510293134368, -2.0495669498763838, -0.667329041878827, 2.4603387281706084, 0.767530368080743, 2.931392890574275, 3.3760921244178355, 0.2902360520284515, -3.6870658114179498, 0.08926460046027396, 1.4415700264553526, -2.0573315313122653, 1.3636322525562325, 0.5296525140194714, 0.6306553282960877, 0.8750334835851457, 2.0796235548378714, 0.29795239337525103, 2.7110615604675954, -2.2604954530169095, 2.307301737504898, -1.180397018325716, -3.343866866328815, -1.0539707436893497, 1.9546866223392974, -1.0536508886851328, 0.02655186158498868, 0.9244840185111809, 1.4366590438371178, -3.412834162734049, -2.8313105525130564, 4.450164470022545, -1.8766343018157594, 1.0786495851825677, 3.3295590800698167, 0.30636521411432915, -2.599871397356832, -1.6165133225198804, 0.27663333455292133, -2.354386898479467, -3.540891075122194, -1.5849934145100717]",0.9620253164556962
2,"[-1.9209893877081616, 1.2516937280892912, 0.982184767618135, 1.059999167968317, -0.4929669391038266, 1.897690408573106, 1.8454848477993817, 3.816583987992086, -0.38227258664087943, 0.13044226649010143, -3.645771026840571, -0.4311024347965393, 1.12631192536774, -2.8334139013502115, -0.5789619113114575, 1.1805239351503605, 1.2952843946318444, -3.8454117142170703, -1.502532805060964, 2.5820776291440053, -1.3005174598960703, 3.949226211298751, 2.6207327178438127, -3.1911653678046727, -1.1905120201151196, 1.4372563856612728, 0.695504648189452, 2.1796385791990014, 2.4515135189102124, 1.9939996708037169, -3.6736917504614963, 1.1173564937049967, 1.924033302735194, -0.47779722113446654, 1.283503737404222, 1.6212196857739387, -0.38877458937652026, 0.33073552020004593, 2.463443280408969, 0.8353355157973027, 3.4504302989564537, -3.5524451746597254, 0.668054720893346, -1.8567540460569867, -1.3501618187565105, -0.48290359732728605, 1.591838254643622, 1.1201870563379244, 1.2801505668691027, 0.6043519616801707, 2.206043864948442, -3.7581918008942137, -3.666075549047422, 4.334234253806015, 1.0618658732012531, 1.6562738275944626, 2.8332696285593335, 0.5663152559974594, -0.08899609089118998, -0.5333019029788661, -0.3998198913824456, -2.5430789026469522, -3.6749467666595916, -0.9315070728296458]",0.9629629629629628
2,"[1.772239200164959, 1.4839752897118312, 0.8133267724496467, 0.6801405120537889, -1.2299338981865438, 2.020679701469688, 1.1535611804898478, 3.2754949861726805, 1.4670448283966349, -0.910013678833822, -3.5655189073721347, 3.6512504523094824, 0.17404021339759884, -3.718641485325441, 1.5914055526752329, 2.457485945348357, 0.24820878322406964, -2.439942685916151, -2.123771529859689, 2.2459463838023686, -2.6979863142971796, 3.2873974925576817, 1.775146544484803, -1.4761985443931855, -1.559382723446788, 2.241584197359437, 0.23883479775616628, 4.105491188955655, 1.9214662792167494, 1.3932833618288465, -4.230250058271118, -1.4683261437695876, 0.6171038779098512, -1.0278180218652802, 0.7780334390278087, 2.73952768341863, -0.42282824267540053, 0.8235844756199368, 2.3532270488750164, -1.3176578034577346, 3.4400841269433866, -3.0408904357952307, 1.5597594367544705, -0.4643867495891303, -3.435072750634769, -2.9695651723799177, 3.1196577660919593, -2.2363460229631773, 1.4712946977667891, 1.9777772929027018, 2.324050796877358, -3.395397595165453, -1.9361810965948756, 4.285743838699249, -0.10439956629837588, 2.2401338078002944, 3.588365552620124, 1.2166054170355967, -2.5707496209995666, -0.9721269273550043, 0.5209513111278892, -2.299836394488745, -3.467125791009571, -2.3442777519745275]",0.967741935483871
2,"[2.5550428139581256, 1.4339251085962494, -0.5704267422960332, 1.6705866209429296, -0.5950459573534939, 4.1366744010039245, 1.7009239175417066, 3.793778197379224, -0.06424947557529048, 1.1672881243121653, -3.0072034595731347, 3.8296825210432157, 2.32399691596342, -3.736936652035236, 2.0610867062934144, 2.37580198938403, 0.1844242701740989, -2.5091810405143296, -2.027278042361677, 1.6304215038948873, -1.9231200821821282, 3.7047911543542287, -0.8131307438767534, -1.72356933699007, -1.715512770104751, 2.739499679303087, 0.13640531272288253, 3.8732934604482403, 1.4634043134839403, 1.0568606763838666, -3.9634539651367113, -0.810538206754856, 2.7229372844926747, -2.173652337974548, 1.0604041840888896, 2.121744744397205, 1.1760240296259048, 2.5251093926279222, 3.7054700592848486, -1.3741355241142816, 1.3615059961754064, -1.7326481009680526, 1.203896655284618, 0.15912625032500427, -2.202141625159067, -2.8120740022667827, 2.6719804254777593, -2.200250307301867, 2.624450027374198, 3.668420261788034, 1.3420008492356175, -3.8578814874051695, -2.44445407703163, 3.689524935573295, 0.016738714594998233, 0.594856571932123, 2.1555115190354943, 0.519004382188985, -2.1013054519383445, -1.1005880877056267, 0.18753867249979436, -2.202221052419368, -1.4553489771746155, -2.7463465106117724]",0.967741935483871
2,"[1.3200074760530813, 1.0326362909939366, -0.01732677347705769, 0.8208727108369076, -1.7421372576520953, 2.7433748397817634, 0.30367629673515095, 3.0471684448626855, 0.9819677682216967, 0.748867160301633, -3.6303801243184126, 3.0109397874957122, -1.25203861121102, -1.779104950687194, 2.048324558999685, 0.8240007262583635, 0.4344974495407117, -2.4141802180836596, -1.7703182867998655, 2.4582379524905775, 0.2945531568903452, 2.7204968448216853, 1.3542006275356941, -1.8486580038869436, -1.0690240470799584, 2.5066273595666146, 0.26050212721869587, 4.174259130231489, 1.848759905292983, 0.14571680415531763, -3.772574552310082, -1.3731494695826474, 0.19585909570235616, -0.8182636068579692, -0.16931384069130795, 2.2893559310603098, -0.2889386005078455, 1.1693356404697235, 3.469333381241934, 1.1231460845607613, 3.9136478597608777, -4.155375597342645, 1.2603629932704334, 0.9099931340727095, -3.3107123704749775, -2.9927335603568412, 1.844446760322426, -1.887972038714585, 0.6433716596030881, 1.7601175188242517, 1.2146348963837867, -2.6652990196110413, -1.9919790616463717, 3.824259540411792, 1.0534721300780272, 1.0621583017503753, 3.5466845192201277, -0.5714740799968057, -2.716823149257122, -1.0319338206256057, 0.414436435253967, -2.6263609191101667, -3.19939436449429, -2.3569154824059835]",0.967741935483871
2,"[1.5460974770599494, 2.3463725477473756, -0.8245258819687655, 0.45681694999133016, -1.6571326617413689, 3.323330539589181, 0.9882973512974565, 3.9403904728192196, -1.5575713419111208, -0.555334036788924, -3.960961807787056, 3.245435117532137, 0.031105642542331058, -3.648646430500921, 0.11417226198992991, 0.6317653033229975, 0.1326379127981484, -2.969594703863637, -2.055266255327975, 1.7751774894827563, -3.133140500987249, 1.3151742749524615, 3.3156514529604615, 0.200750084048953, -0.4129240404163472, -0.5404115786931523, 0.08205224341739392, 3.905613761106441, 1.2218657814829377, 1.2798431633807323, -4.139890428077005, -1.6076618428951877, 0.6996145209477528, -0.4800462231814663, -0.15646334913371004, 2.593693561751911, -0.9086989727049763, -0.3965192013364116, 3.276322174030923, -1.0111470565210927, 2.54059477692574, -2.9364355405062605, 2.605262088322495, -1.291930716619371, -3.118087328862284, -3.7479364342179426, 2.0588891678338697, -2.4135952661136915, 1.0845815978936812, 2.233265699926672, 2.055423548397934, -3.933875899451944, -1.2671610752868512, 4.392417429973235, 0.8605352529824121, 2.1441687095577895, 3.1642463308441813, 1.5425422327598295, -1.2200639057049578, -1.1875061605629722, 0.6827340903844947, -1.1740038994514157, -3.9452351412145266, -2.393290930477411]",0.967741935483871
2,"[1.3508087714356232, 0.42786033764233544, -0.022995552813757716, -0.13362159745091953, -0.9554437140388838, 2.478957117557966, 1.5594852019168917, 4.636067562204329, -0.7942062414350455, -0.34665191711272353, -3.901138982601119, -1.3018903323870745, -1.5904605048706215, -1.4443073510827875, -0.37584728854946814, 1.67980788873249, 0.27266836308815545, -2.794018551009037, -1.517576925863684, 3.444572250493682, -1.617399837745995, 3.885760946145236, 1.3457465162680602, -2.292823412071567, -1.0405898695429832, 2.8414739503127704, 0.23475625026211455, 3.075980605028936, 3.250549466632474, 0.22026804623027343, -3.842145042327516, -1.1548292655663621, 1.377296496396866, -2.327255455495787, 1.531835128679611, 0.8141039045798436, 1.4884183752378979, 1.1271467802475326, 1.0748898646663063, 1.127471327308804, 2.2385730019379104, -2.4512607307498655, 1.9704003917669501, -0.8714456581020925, -2.9245072502312057, -1.7895975267083877, 3.044691791236601, -1.5833528717109422, -1.0104999158924297, 1.4309920272764822, 1.5786537898737412, -3.467432376912857, -1.6590383415433712, 4.355752771557103, -1.635330036374212, 2.978289475712727, 1.426346620240379, -0.31810902486308446, -3.1821881651525556, -1.5216666289861585, 0.15663704824157632, -2.616240519787951, -3.4404950266941268, -1.1000385800766213]",0.967741935483871
2,"[3.6186780420817435, 0.4806769161227218, 0.42801733341564696, 0.12228629127526003, -2.34423880072547, 1.9043260105320567, 2.1025077100345624, 2.9755293822327866, 2.726882233422054, -0.7572648426665722, -3.82972127613157, 3.800349721145306, -1.13720972807149, -2.9694443224409106, 3.0339302207740735, 1.0110360765869073, 0.30037376158301876, -3.8690234026239203, -3.7442007025266357, -0.14614975218301662, -2.3462265906134667, 3.4958927397513, 1.356636748258723, 0.22680981725434957, 1.7553959600026876, 1.843955356933709, 0.28676387925899277, 3.3397752128851814, 1.2532826693124237, 1.847440030879268, -4.0316628331031, -2.472664939518597, 1.4283883213082467, -2.721717240162894, 0.4199477758497465, 2.92236547531979, -2.1346079049069284, 2.4322729909730585, -0.6246924533776128, -0.8494757629761458, 4.067334755189028, -3.189446604026484, 2.212828721684069, -0.512395888469393, -1.6064382406027633, -1.219585277724369, 3.0114757692893517, -0.6674153999055432, 1.53702473933201, 3.060636508685919, 2.28317885947332, -3.3568489053566015, -2.814993918141479, 4.169927387537837, 1.8067060272876452, 2.4342423930173123, 2.22949083160411, 1.8966040877070034, -2.7695052760942214, -1.3091602659062034, 1.4965270470704466, -3.900470447558717, -3.48300514911051, -2.3175061434317805]",0.96875
2,"[2.1942306181964946, 2.689727284929785, 1.0712564817922787, 2.0725334203683468, -1.8067140047415728, 2.881239062128492, 0.6633864703855463, 4.278856983143287, 1.4334745491500773, 1.4524781170889496, -3.982746212889304, 3.673076534949639, 1.8704881113739438, -3.094179533851849, 1.8476457150387129, 2.0035065310173055, 0.061532526431633705, -1.0171290011622731, -2.7867426262318986, 2.772830339177069, -2.820337058332587, 3.0689617609375244, 3.0607548012779264, 1.0147827705259234, -0.46219083775456915, 0.8029795279461971, 0.1542783536799372, 3.289002286052975, 3.594541546793933, 1.6241809564897025, -2.6514847140571387, -1.0980425495197108, 0.35882381297546023, -2.9588518572969864, -0.8237514303603294, 2.8726750729433532, -0.22617070889816998, 1.222440542208916, 2.1543485474635387, -1.5005988689237952, 2.9793775458677816, -3.608657509959446, 0.0756956856703006, 1.1760107275653693, -3.3325790234723254, -3.5678944312756373, 3.1055527684761177, -3.638879070054884, 2.608020549822167, 2.0526266669207884, 3.569163261120005, -3.9588759021493383, -2.61961187887752, 4.253937983729444, 0.27297371189077557, 1.1048430476004738, 3.384977358772432, 2.0565577671814292, -2.0615558706548103, -2.397223693676386, 1.8271912038713631, -1.811989504429699, -3.978106683706922, -2.648136345430252]",0.96875
2,"[2.2503933725390235, 2.1534533371649403, 0.20654109556116068, 1.8375628022427457, -1.7223492109581007, 0.6785008143898035, 1.3337622162996903, 2.00922455581323, 1.9750221311736709, -1.0168577011297348, -3.326373513561213, 3.840547728999839, -0.5969685034622783, -2.4490584717454125, 3.2379851759768288, 2.4555546086854316, 0.32068490508681796, -4.195827519248179, -2.2962255722494977, 1.5411713318313585, -3.0982662040314364, 3.1678879660416, 2.0421299883600144, -0.5156099959929377, -2.5667212693175667, 2.779613077326082, 0.38802577320925324, 3.7223031945619245, 0.4500768263460988, 0.410007780760127, -4.196877667143567, -3.0554775655677533, 1.3218187806488215, -1.545962586000404, -0.8907198487038096, 2.9267656424197415, -0.45285272194663423, 1.308063370064393, 1.084659418016002, -0.9293727066593283, 3.9120322392906917, -1.8920418874844827, -0.0863353786815606, -0.0294573428713516, -3.373763819503602, -1.9838156347738953, 2.2659631558878086, -3.1241108457536315, 0.22625498225830265, 2.9048326800592266, 2.440333944867163, -2.50522994019512, -2.8792262922180782, 4.3223117461165455, -0.5172813951460957, 2.1995810612584523, 3.6013204200831312, 2.4292203247848203, -2.4007346764324526, 0.1962210072601801, -0.9528256210311591, -3.931343721810874, -3.8759280924105086, -2.6744545220719456]",0.96875
2,"[1.295281959076934, 1.2054720690748781, -0.48105963267766294, 1.7281403445842534, -2.4186988859538783, 2.6116790966617516, 0.6825544699186957, 3.4557828135569197, 2.4720546976048725, -1.4846943177847134, -4.290665024524454, 3.858296693038994, -0.8097402809448666, -3.739664791043117, 2.04961337178456, 1.2492090480399092, 0.2783394169615222, -0.9377960336593845, -2.00841932133223, 1.2531177990726672, -3.162878168560611, 4.1596305793293595, 3.2882644588652745, -2.872518957925143, -0.14420070074757985, 1.6114079928158191, 0.17340508041282882, 3.9896639242911287, 2.304399472130037, 1.4248659042262315, -3.3690356946490905, -1.5383329763797318, -0.06737140355907412, -0.7484606267706256, 0.8268031875141988, 2.9558619209967096, 1.4617653407229647, -0.9427208389100294, 2.4065075767418866, -0.71469435158852, 3.892119712975552, -2.754662529797974, 0.8507619353362554, -0.6733532101803317, -3.108510757970185, -3.6856084912713505, 2.780485539585308, -1.837624485092923, 1.1238368342090248, 3.521801612003235, 2.8974110350775204, -3.229734500154738, -1.2027243634014146, 3.786388602023254, 1.1004272645372206, 2.361387574443102, 2.156590038015561, 1.5318371021004507, -2.5333796016604397, -2.4726565899413906, 1.768600477315513, -2.830390384250265, -3.7793766178499726, -1.267898106372638]",0.96875
2,"[3.8826120164530082, 2.3626306612869237, 0.9160441747491812, 0.818735537106732, -1.1792708648788353, 4.1020910603900615, 2.3631116080541394, 3.370541695258072, 2.306794765778584, -1.677709808269252, -2.4750399311791575, 3.8201395160908413, -0.18840224260689656, -3.0807962994068108, 2.913701827618857, 1.8364661856478195, 0.3220956640368108, -2.531815087103748, -3.6016658336993963, 1.3601553746246684, -1.4575435376782666, 2.7761475902918655, 2.2315919118835446, -1.36699115505295, -1.067337085294898, 2.5184768459373688, 0.3140115902605514, 3.5352337402308223, 3.0746650859037685, 2.750926934417687, -3.7825654363429932, -1.0312288682755137, 0.5136026613301345, -1.6676540461003566, -0.8194402437879924, 1.5543476116485009, 0.6125792199197149, 0.42826666719120343, 1.3827689915049202, -0.5848059406694128, 4.0265765120534756, -2.547399010501926, 1.6355213780758084, -0.37986485837001005, -2.5437488574013902, -1.6780380312937906, 2.694521837230025, -3.6444673428051213, 2.5986443381453332, 3.6636475149872334, 2.4641822692101756, -3.3352759906826304, -2.161300205482194, 3.554135411128982, 1.1807129524642548, 2.86556564159687, 3.5944828930903356, 1.9945786425185514, -3.402568159423415, -0.5794484316517123, 2.031254887500494, -3.6045626799268353, -3.040784992036281, -2.476733703372616]",0.96875
2,"[1.7961759067015117, 1.4415778137483408, -0.07970884909553799, 0.14033357882968067, -0.8749185678696478, 0.8009737623258806, 1.7315694734166236, 3.841645178613344, 1.5400910874311429, -1.5610344656329689, -4.228259556687123, 1.6898963327953052, 2.323051803456743, -3.336587812990763, 2.895303512831996, 1.5122610191975578, 0.2532616010424761, -2.4441175043457943, -3.029978526925408, 0.9561406683521532, -2.988368571290427, 2.8680074614850968, 2.0514299058013687, -1.696999292852834, -0.9779376013562489, 1.6871966111372214, 0.3035325138808921, 4.107646467841028, 2.318043676028988, 2.95538165355479, -4.2534858459295535, -1.105500690043376, -0.32409778124869093, -0.8991802555218902, -0.684981530622897, 2.4743633512360113, 0.06033547107116499, 2.927464150522635, 2.3302884573900946, -2.0996581121965563, 2.2538926683390947, -2.900406922050043, 0.3063487863389911, -1.3817042973620302, -3.4348465559337944, -2.485767221065019, 3.1316802276005014, -0.5413363426639579, 0.9300789393796094, 1.6981921708738485, 3.5664151559046444, -3.976317836823223, -0.9666055652069561, 4.453844444422203, -0.02457681522934739, 0.8965784709529756, 3.5408070502356344, 1.71825641567543, -2.7902711716456974, -0.8375009191381171, 0.7384369066390818, -2.8254615138390857, -2.1467601349814265, -2.7285968669974396]",0.96875
2,"[3.0493075830743788, 3.1238611006880053, 2.126292933634972, -0.24662750192363725, -0.5039375425114694, 0.7362774136179222, 0.35387443508066196, 3.3832502093284917, 2.5518094745336737, -0.44910884275672147, -2.2232433611093825, 2.849231948895385, 0.7473714192480436, -3.6792552345608285, 1.209053927093316, 2.4191443946751976, 0.046270203061399284, -2.372198964427265, -3.404995710428752, 2.29200893394521, -1.9345145899299858, 3.0654838665550916, 2.5628903916889088, -0.17113618817771847, -2.21057824620345, 2.207352222521206, 0.18233044778663776, 4.128712778741562, 0.8384025993077701, 2.050943219011945, -3.3608344591264583, -1.9898837845857684, 1.4702707424320733, -0.7115371312400987, -0.7569431252827191, 2.0802492898230556, -2.242194647262176, 1.2180209317533903, 1.6141781356454792, -2.2954408256331487, 3.3955808778514815, -4.176018703568702, 2.239915667687107, -0.9548408307174623, -3.273300335403914, -3.487799002963454, 1.3551355992508025, -2.966047023492485, 2.570433727709952, 2.472214190758201, 3.162647763482194, -1.2673894549438303, -1.5835889093966011, 4.293852917335809, -0.08941855583237211, 0.8933179335453532, 3.591695478394227, 1.9806275368588715, -3.098125898902034, 0.5165431801344581, 0.4912254322648688, -2.0720275918592685, -3.5002111000748304, -2.708639018503436]",0.96875
2,"[2.2409869033395102, -0.8765063950553909, -1.0050202201101701, 0.2858323629957772, 2.594661903210314, 2.093296761455452, -0.696211480059628, 4.637186898219558, 2.2402795740490338, -0.23860868087760867, -4.235544947546991, 3.19423247079362, 0.012496902280703812, -3.193436689237754, 2.2573405443381946, 2.429324276278423, 0.34583991391085156, -0.612954976374166, -2.605618604565069, 1.4076876154676683, -2.1039539670553404, 2.263516202798418, 2.565820434896983, -1.9206421181623656, -2.1588792040587585, 1.8090623861303472, 0.41389259250047844, 1.8044923808590343, 1.2345297984307555, 2.2584338920313365, -2.443002689362864, -1.5270301298060305, 2.301620983583704, 0.4142325938575675, -2.4135180160647236, 2.7566979698486893, -1.0521971863264639, 0.9375145452995097, 0.9787981058769377, -0.5785691274654933, 0.8834462446591163, -3.916493450288323, -0.10417830550838625, -0.5840209769467695, -2.2157080360621033, -2.7504268522838697, 1.9591248027339154, -2.5568949444295663, -0.14225682011509777, 2.447649526454825, 1.467505973157584, -3.090184116118382, -2.6055348262025486, 4.413322324614686, 0.26595722232099994, -0.057464213779534035, 1.9376129737725052, 1.0847268776148482, -1.5707099463048626, -2.1874451452104706, 0.9905410342266305, -2.703836052884794, -3.5221977617610287, -2.6386374666249464]",0.96875
2,"[2.7813672490354566, 1.455342296701339, 1.1721284883584122, 1.1559648161867841, -1.5377430120542015, 3.287926529167144, 2.4296265393482734, 4.391301058305217, 2.48225715057348, -0.34111252951384374, -3.391683450110722, 3.3409695678800504, 1.3888813523629755, -3.359466395184614, 0.49867571990656634, 1.783788276815221, 0.18442762898908305, -2.7894514147192537, -1.1869104428176547, 0.5620455783646341, -2.523978680762183, 2.044575702612495, 2.836515612797276, -1.81153096394044, -1.6286166022557877, 0.2615802564655818, 0.258420774825566, 3.1377044932313236, 2.823869611976523, 0.5237596661917385, -3.33448219979312, -1.4744314057787082, 2.228924289813245, -1.2830247861760422, 1.7370572460608302, 2.962788270793429, -0.6129836871476548, 2.921690795804731, 3.1207473608196206, -0.27479182813053704, 2.98626797174839, -4.011364938609988, 1.5983827109751099, -1.003231217323758, -1.9870769831830764, -3.278748609948723, 2.9375575482752385, -0.9468670504690005, 1.9610518093035032, 1.3368700862945346, 0.5755760809190757, -3.6501468999358804, -1.4396395150905836, 2.0709365932426826, -1.7182644382879515, 3.3355460604947065, 3.502987164245346, 1.5509233692253126, -2.9447273928481446, -0.3257012895720394, 1.460644338024375, -2.7554270958707363, -2.202704690415389, -1.3088999547051534]",0.96875
2,"[1.3121676645866285, 1.4956509596989032, -1.644743416373822, 0.25931831716831966, 0.8374122462909206, 1.0487396610439257, 2.222752139797652, 4.567769341094667, 0.9483363094174443, 1.791774927101449, -4.1924235269307575, 2.615963840272257, -0.608676317950336, -3.4359193060346103, -2.7323663639392386, 0.9473756941279063, 0.19982680788520635, -3.9869231303940063, -0.33411623843827887, 3.4386108492452743, -1.319212237028426, 1.774690115627358, 1.2933122431035096, -3.127376518942515, -1.2645734358219107, 2.1714376348403617, 0.3044536348666895, 3.0446071390798926, 1.2450966949152935, 0.20705912008823543, -2.3745338059695413, -0.19928272424850668, -0.6184777366617739, -1.1662258412613826, -1.1730809012807943, 1.2448489135078433, 0.4858041292487876, 2.88668478707207, 0.1968569745669866, -0.14062289744300593, 2.283000994651398, -2.2057304445464214, 1.7839002277377074, -1.7076480382714152, -2.875728707839296, 0.1495084006708267, 1.615019382988606, -0.8033870678966467, -0.8388795237905701, 1.9093725319264159, 1.9913520739860529, -3.5075821174579067, -3.5067397271482026, 3.9593169873264857, -1.645260385635768, 0.3317895343931848, 3.5975533174968373, 2.131424986573089, -2.637972428333426, -1.7812534737046217, 0.522837388280977, -3.995366403686607, -3.9657844062680905, -2.743688723093739]",0.96875
2,"[0.9705695567158512, 0.944896702953589, -0.0017954561630686566, -1.4537184364349067, 0.0901917281599372, 3.2280070492393267, -0.5530037517312454, 3.3898128061990924, 1.235118621143006, 0.3866707992674233, -4.182416285372883, -0.7483313426537417, 0.509065061464596, -3.6663828635960627, 0.6417018996567583, 2.034641612038598, 0.2588817432656869, -1.7632253051213371, -0.9842128702472203, 2.5973311707522724, -2.926353099111238, 2.139973326373573, 2.0230537255841377, -1.2611348551639476, -0.6262358464033385, 2.4679799019608946, 0.19068671260873682, 2.4034254737280825, 2.339275028165151, 0.5822430104488724, -3.381787977450515, -2.4556211536017947, -0.6043280013917294, -1.1103843000053009, 1.8744767745139561, -1.2927032390916555, 1.8598606168423555, -1.3475459171671078, 2.444416400817989, 0.5575038146322068, 2.6931240077530805, -4.158720569363233, 1.3383647133475183, -0.682048086223604, -3.2267867048440677, -0.7704227627384217, 3.109084331064649, -1.3301657679611447, 0.6542121811637731, 1.484615790214306, 1.8447616097590545, -2.244939659259209, -1.892575493284081, 4.462752892973866, -1.7706350707568197, 0.4945476882870401, 3.60181234319606, 1.6437086828377716, -3.1361994707168224, -2.2058910143108608, 1.0258764758658965, -3.9282215718119478, -3.5497433891476375, 0.015296683513727372]",0.96875
2,"[2.142082843877833, 0.7807384892144713, 0.4279232950959407, -0.4131231482395724, -0.9743912117312208, 3.2020481247997528, 0.9137044909163964, 2.3373438384058103, 2.4998667049118386, -2.2756145508305687, -4.041215708080156, 3.676703598302381, -0.03168367965966373, -2.4819856997456062, 1.877076434615388, 2.2506576969896477, 0.26109796453680434, -4.14379176110107, -0.894652092857769, 2.5389057620905704, -3.162816237095281, 0.8055630842584409, 1.948794126281235, -0.8597249544698156, -2.7723651799457034, -0.15427941091800326, 0.2648130067942218, 3.491489010756517, 3.5100349003587543, -0.07179499374836301, -3.373832017982152, -0.7725522723065805, 0.1792012474772634, -1.557934980634443, 0.012429653257210127, 0.8109031543143921, -0.6294730771313932, 0.3017598422838661, -0.03193260985458668, 0.32526264782853254, 2.3148713843929363, -0.10468983292301015, 0.5110574069191169, -0.17028227737288462, -1.2721531338799263, -2.4509906090114604, 2.923107298837754, -3.5315022866600088, 2.170023964362166, 3.5006992023344505, 2.4843129791024054, -3.8128796982540645, -1.8092325850129152, 3.483954518827967, -2.1824049086900077, 3.254404540713229, 2.972624589631139, 1.9808638236710332, -1.9029829493539028, -0.4174862663750062, 1.657554512922033, -1.8287859094733097, -2.7364333120505786, -0.054994638539411556]",0.9696969696969696
2,"[3.567502984943572, 1.2790943130100856, 0.7217490493185862, 0.8880809219921786, -1.3236996971329427, 3.7597600292197892, 0.007300124180795287, 2.601965814161885, 1.3277219651248395, -2.0860368863548895, -3.4718661695672415, 3.033040830572914, -0.45556164417833317, -1.9460119045304811, 1.3036381737828409, 0.8372912988252572, 0.012602512665450205, -4.227960684142649, -1.124950013591076, 3.3402590529108163, -3.130549450772062, -0.13751418996206222, 1.9239362989952804, -1.4402539433968649, -1.5919685443441542, 1.4460825833048725, 0.10755763128364508, 2.1716208349154797, 2.5368578172299725, -0.2888681316155105, -3.9698539480811474, 1.4987335163385198, 1.0061635817122612, -3.0434789981875157, -0.08979005997697598, 0.6666409590180793, -0.15419472606826265, 1.188552394585766, -0.25441964171589715, -0.7856339885395655, 1.7538254456383235, -0.8570314695556005, -0.14166436014965722, -0.7090469448499956, -1.013527385583272, -4.170996493083142, 2.2684689365396897, -3.607183487534751, 2.02072934600477, 2.751481227485037, 3.4797807068813857, -3.7880927293627646, -0.7881014127423416, 3.993003253098297, -2.6330190842521692, 2.95434724532094, 3.2616144764533357, 2.5989506208794992, -2.089768621429492, -1.6135726877954566, 2.4523338722126407, -2.9389562161594305, 0.14225648635405497, 1.2494802278772734]",0.9696969696969696
2,"[2.856437284892622, 2.313271160266183, 0.17252339751743032, 1.986913576924371, -1.5803256379723016, 2.273460074124548, 0.3590916571408318, 3.6555102727111954, -0.1157921436410716, -1.351225220415039, -4.218870521951038, 3.6194981674324698, 1.5818967430456141, -3.5444425386393164, 0.6825745611052257, 2.3888931006890273, 0.3161577982340555, -1.2791850171119306, -1.6286923580523451, 0.7529819705349758, -3.1544457820319747, 3.6584873673743985, 2.7710032895175374, -2.6537798012021954, -1.9058492842930659, 2.5074726177085527, 0.3264300213360609, 3.768109953434825, 0.5966969114839284, 2.730688197360249, -3.6699028770982554, -1.6711661473711348, -0.06513235841660991, -2.741802487133718, 0.3387918092624231, 0.46947541339806786, -1.7872571226038607, 1.3775498528439163, 1.4056949583585103, -2.0843887695546788, 3.8389933668221126, -2.594612458120233, 1.2240254468691736, 0.9378678294852044, -2.987007783024729, -2.266054734036487, 2.7427620573587803, -1.0073870205882818, 2.623173822682189, 2.7425845271713962, 1.1724898314248908, -3.9816927589639786, -2.7468422570430606, 3.4960910052470453, 1.4043603239668843, 3.2037886581843527, 2.0155368391171615, 0.5518664949789563, -2.6781191158934496, -0.1645853219720227, 0.1607704107661507, -2.2353976061919667, -3.98858998122813, -1.5543353602227734]",0.9696969696969696
2,"[2.2603720080580656, -0.1330582246289025, -0.3550550335241336, -1.8754326064330342, -0.7684198656558336, 1.9035787502086623, 2.090911208488812, 1.8923694390461354, 0.28084848155375775, -3.3178570503882328, -3.4841589323611006, 2.5867684143228105, 0.7971000734573941, -3.3115263009797693, 1.6450654913629763, 2.0975453526169425, 0.31882179439702707, -1.6569145494710513, -2.759579249108394, 0.8400575013351543, -3.055884705619446, 2.5583428336940663, 1.3968515491636457, -1.3010169549949373, -2.8401360187172373, 0.42734453234675485, 0.30947135669280545, 4.176022314939657, 3.1688600463911176, 1.6084726637687603, -3.3739365288878647, -2.063872308233675, -0.28500883208910266, -0.1756097989485268, 1.0244320220444865, 0.9544501858371002, -1.7333516810609528, 0.7245820957542923, 3.197628037506072, -1.5786609298366234, 2.0427983900457662, -2.831547386372817, 2.6503656675054676, 0.23221118928864315, -2.740005508863275, -2.251554942034712, 3.09905439618076, -2.477326265645255, 1.9992700588975523, 3.5152261378746514, 1.8820460486167079, -3.9751304335758926, -3.6603624301812094, 3.881285844942718, -0.9602774452372562, 1.7197789995171449, 3.573542548034495, 0.7259290490893909, -3.47582531582693, 0.26889144959584155, -0.22311292524466064, -3.1289959168477375, -3.2415013368271097, -1.7224759098496603]",0.9696969696969696
2,"[1.8087834680708512, 1.829437513421151, -0.5516399453442399, 0.6408125114007326, 0.3329990376874865, 3.6170990033928483, 0.5287027842085269, 4.171126972810217, 1.1635630123952776, -1.7272913700019141, -1.955997138483485, 3.2494134019028906, 2.277080030307017, -2.1840846322993874, 1.4854022753404452, 2.398742677429085, 0.24138899809118483, 0.14666175966158246, -2.6092137819821932, 1.2128610691819814, -3.1384923937281974, 3.2513115632089504, 2.063539873869169, -1.5761548403000791, -0.7401810164456194, 0.8930148485963194, 0.24877197243542853, 3.4229492287446246, 1.989465334390943, 2.1660111664993944, -3.988898057179904, -0.901584777915596, -0.005926426924496964, -1.1100838286326735, -0.1341610088355194, 2.2185673586080332, -1.6435117966236916, 1.6792210479283236, 2.5695207680590104, -3.2646576224580137, 2.427511559143503, -1.7315209240793705, 2.2721476209215954, 0.6762212743432042, -3.4343289274685063, -1.692265491797682, 2.841909720252443, -3.605628783440621, 1.9237450553761581, 2.1486483709000437, 1.5938237183076978, -2.3430520850586873, -1.6827712079683181, 4.18117843554483, -0.19118368795102744, 2.5059379542365234, 3.544771677433239, 1.1695884404289334, -2.728817401275468, -0.1863776775271132, 0.8550935083225966, -2.430487518043795, -3.1151563610042414, -2.2842315130642543]",0.9696969696969696
2,"[3.7378608971188507, -0.47190905456153254, -0.5634713323490884, 1.0479497293417512, -0.9701455402445676, 4.067818745487101, 0.695540453320993, 3.0176688463227257, -0.09686442338439005, -0.15863008158374792, -4.260475235060198, 2.356958891446401, 1.5863704872126543, -3.7281415928704633, 1.5003663807660037, 1.5014790682476853, 0.09430532870071634, -3.189390230541242, -2.4338123175455775, 2.4273674827020573, -3.1620570331284976, 2.9433628821631483, 2.8771102352148477, 0.6807964991359174, -0.053029567133251465, 1.952191365151581, 0.22994273272718377, 4.162633811674604, 0.6499298110673053, 3.775534096575646, -4.221656393673168, -1.662203817160041, 0.047331780624594144, -0.9087454157041164, 0.09461463130024284, 2.7786715831345514, -0.44383957568245985, 2.586471679561041, 3.547871122365539, -2.658093210863017, 2.1573957911671044, -3.315485342337212, 2.355676013642863, -0.24138930212014703, -3.4109629790705047, -1.1034712039487475, 2.752598192020956, -1.9616931930877093, 1.465165881258661, 0.1573103324183207, 1.9447989679445767, -3.8163039436745034, -2.7621898527680795, 4.4446882843953555, 0.36352169846759763, 0.5118787507123597, 3.156500748473072, 2.6242890223526674, -0.2980545691081282, -1.63161332078823, -1.2500460598801468, -1.7144092823777313, -3.792855587016393, -1.6401591830691493]",0.9696969696969696
2,"[3.2698725095472745, 1.6746749186581784, -0.2112013660197577, 0.48275964094756163, -1.2725978196990653, 1.8666621450404208, -1.187348820745661, 2.885782456293634, 1.0845474369890142, 0.12156016913329881, -4.279270248343128, 3.1954231365069683, 0.7348736028438845, -3.1274513128484407, 1.231138544883418, 1.959957518583777, 0.13348530381879747, -4.219331950965651, -3.5723392688529594, 2.1024576738189378, -1.914861107688025, 4.043151820090156, 2.259821238854572, 0.07713709496368337, -1.3033549382542522, 1.4522012711565004, 0.22415842550402892, 4.197970007240968, 2.272048928523055, 1.8391681065987424, -4.2574456960199, -1.0720951483143706, 1.867024015944522, 1.133792182034158, 0.22354868770819497, 2.7906288221197064, 0.21465524360166272, 1.6283922388474041, 2.4548815975789107, -3.1827634441730392, 3.596236405825005, -2.7229790921896075, 1.4756617457767771, -2.2193417831614384, -3.114521792689273, -2.2224275753350904, 0.8080072646640564, -3.536656492623059, 0.873522433552145, 3.1080731525560017, 2.0517259249755484, -3.8777430305531153, -0.9030156435516223, 4.249132610874464, 2.2487310492433807, 1.5103578528486596, 3.5827325882493564, 1.1641110561833041, -2.4996044431316378, -0.06646821283486326, 1.0010013374784634, -3.077898107078216, -3.0043560856079097, -1.463166978330249]",0.9696969696969696
2,"[2.112216988458297, -0.7297619073344346, -0.9175890047463194, 1.7699785900918061, 1.256390036731513, 3.1747539557703157, 0.7395248483453696, 2.928142212130105, 2.094791486085503, -0.5349145719442402, -3.355410406998102, 1.9131818967387788, -0.09966235742019482, -2.9767512883388028, -0.25642450465320565, 1.544946869850734, 0.16050988153767926, -2.8632020600639128, -3.5030679228518684, 1.5849072022265485, -1.5634795176968526, 3.0724099553243347, 0.9355221532447959, -0.8631046896582675, -1.4006124300921283, 1.1316533376380282, 0.19731408016244956, 4.119866149572393, 2.1392109027036637, 1.7277600761057852, -3.763097315246082, -1.4435231894741563, 1.4394851617548825, -1.3310586416480894, -0.012827749572055958, 1.4247057471502163, -2.33283867986507, 0.21200753295383024, 1.8904564532348074, -2.6943048936802887, 3.411513827112772, -2.697123285633303, 1.9063134494972296, -2.2569684441490008, -2.9011998707717384, -4.085812390915562, 2.8665137865188943, -0.7297904176589458, 2.0950725179231853, 1.8915329141522048, 2.538076223970071, -2.2420516137879174, -1.7521961501135557, 4.453418662417707, -1.165675497994196, 2.540098799838905, 3.559691528451492, 0.6549184393634672, -2.8212833182395425, -0.4900701755287644, 0.7948012336226268, -2.8925873759562775, -3.1461020179642567, -2.7463529858692954]",0.9696969696969696
2,"[3.1198024209701103, 1.0191432695621787, -0.6739192470153229, 1.4210239525336485, -2.528273743696576, 2.1307346857974805, 0.9572336674001589, 4.332366905648613, 1.9290009408457625, -0.950704920691287, -3.650851916063339, 1.044750265005931, 0.022769253427882274, -3.333876388360495, 2.0789706483172012, 2.017714855485374, 0.11153737153342297, -1.8686033814633807, -0.9899998521024764, 3.347892842884875, -2.1265505665955, 2.964242520830285, 0.41316817031398023, -2.7908378626787367, -1.4378850242734005, 2.8654773999985377, 0.11766160973174544, 3.411072261642076, 1.305059039320716, 1.522055300778728, -4.233789633061155, -1.3056682872503562, 1.3934221829797746, -1.9956468881777722, -0.08219885217739231, 2.910171080392127, -1.4797215111674396, -1.1562782271195473, 1.8869431467775784, -2.728634280787653, 4.058656953315525, -1.5879875646399984, 1.352399309629614, -1.1000983391111177, -2.4154949569830375, -4.479542658901895, 2.659908154583342, -2.325841487006593, 1.864224374631709, 2.1462725179279354, 1.061763557021181, -3.355219356926186, -2.6783375387138246, 3.786458820211042, 0.22686931225245693, 1.3865693009818054, 2.0772226225556, -0.9024160303467403, -2.7668986803419546, -2.610527357177664, 0.042056815829058014, -2.6926428018962376, -3.9845675603395643, -1.9986336143286847]",0.9705882352941176
2,"[1.7839017170484255, -0.38200808653600205, 0.356615837201564, -0.08924587627041525, -3.3049701577082584, 3.9637643843764656, 1.1970306093804008, 4.632364542585478, 2.359539012495679, -0.051618368055873165, -4.08334678855418, 2.865383483753162, 2.6329888525935736, -3.6203084380141055, 0.08097547740725375, 0.2557251959512774, 0.376926210779573, -0.9571240695187959, -2.5247554064148625, 1.7381932276018164, -0.9755950287256161, 3.7305802323279305, 2.1152806313473005, -1.0749132772450607, -0.8154253853077396, 1.5472803496858392, 0.15412112078662277, 3.667319676013007, 2.7629276294219305, 1.827822291258426, -3.528527503897566, -0.7055480047801608, -0.9069417356327204, -0.49530467427068725, 0.14411216519107095, 0.5458065631594493, 0.1319189197327163, 0.012899059560761428, 2.5854170726191437, -1.4506520356810477, 3.5779749942409405, -3.2473724961807027, 0.958011625337255, 0.9894303398253669, -3.3314976952669277, -3.0359211107349027, 2.2807990172885524, -1.1145120694869226, 0.3550422882360422, 3.4849188488676934, 3.5619250069487234, -1.8881585248161639, -3.693599155065399, 3.0726755228286624, 0.24817049775535088, 3.451502091770575, 2.5487937862399583, 2.0906819030415975, -2.386617073037314, 0.8237018583029778, 0.523550942249693, -2.014679557284003, -3.8662496540940916, -1.701928918614585]",0.9714285714285714
2,"[1.9100223696008232, 1.7308697531651458, 1.3614665602899512, -0.17738099191305134, -1.4415891670717214, 1.5927421163630773, 1.88872094456246, 1.4683972551416806, 2.473833770648545, -1.3341933733708733, -4.121918253841139, 3.748631952976604, -0.6443646861616596, -3.418246347128647, 2.7317495738046462, 0.46281550042679154, 0.14378153933290586, -3.5210960463570347, -3.735619276684841, 1.7743081419712756, -1.6462287563026812, 3.498082513274878, 3.236745247823199, -1.5884178292763518, -1.385123345116849, 0.9232120619775284, 0.22432783385689237, 3.771033582552899, 2.3932997249301704, 1.2245833400447, -3.216560064748438, -2.5971925977527315, 1.652964118293006, -0.3155013245441679, 1.1858180742226336, 1.654778728320238, -0.9547400492493029, 1.4023290275908917, 2.1186984788282817, -2.7449143114188286, 2.4077062765168322, -2.4407858019367077, 3.30635579796765, -1.3020026749492217, -3.412455963087261, -2.625574426655009, 2.8829759210609476, -2.9690118653122997, -1.5431352510962668, 1.9470414025657765, 2.289306617188778, -2.7102196709467714, -2.9432118821359525, 4.456062777791497, 1.41489600783274, 2.9611780858090455, 3.5306828146965152, 0.6769393462932841, -2.275012027387677, 0.1086922895428939, 0.6771844812680275, -2.750758284871737, -3.8054861417470685, -1.3120797133567033]",0.9714285714285714
2,"[1.7255840027110827, -0.1334075908901674, 1.6456828125566294, -2.091520561263182, -0.1337286868269869, 3.1405859944292764, 2.305839236698473, 4.632246836729795, 1.2228169045000425, -0.125058130260857, -3.813506907474867, 1.8475210834353697, 0.19088792545135874, -2.667008125537041, 0.4984116391913083, 1.590849851841364, 0.05496260125802732, -1.254401706787853, -1.9901371839647841, 1.7884229538027028, -2.2712889013974897, 2.8776939020663272, 3.3173440170409907, -3.741450353141433, -2.4680351035873724, 0.6987466355307572, 0.2592943083114966, 0.2488992664669052, 1.5926179411531383, 0.9281368906862769, -3.660053208803833, -1.440165425060515, 1.0372943674451571, -1.4545370255850356, -0.8846188851275565, 2.926244517775415, -1.5489427534397766, 2.244656290756966, 0.8845876551838081, -1.3391548634006643, 2.916810966046212, -2.589427002664228, 0.6844776094616924, -2.3174072782822215, -3.1781259901786294, -2.5418038756237715, 3.0147340488905208, -2.3910319612955018, 0.7686191405892553, 3.314694745995104, 2.034361774749944, -3.6737319418554892, -2.0439967740825984, 2.665220886022622, -0.0334373863925323, 1.7767315437182636, 3.3339697362191494, 0.0575600193487904, -1.987031783861631, -1.263715631707224, 1.2165162604052133, -0.8435595580059605, -3.9092067892051285, -2.299923478350571]",0.9722222222222222
2,"[1.423445230237721, 0.3063644139486445, 1.004329237173734, -1.1251980209572996, -0.8766524152695483, 4.011364044362331, -0.27576588705498595, 3.594714261719806, 1.8473431230459476, -2.109243593410901, -3.746497196914944, 3.705153654315713, 1.9451545516241358, -3.349520415950106, 1.6645630467381527, 2.12486074287016, 0.2688819342959723, -3.4971968228258294, -1.376089252120699, 2.8872044198932736, -1.9506730910458772, 1.4775902338475322, 0.00921994840275997, -0.15689090735436406, -1.02050216517142, -0.4460319512870666, 0.21314123213363678, 2.3251874072930363, 2.2814246493425214, -0.43991251589116553, -3.8386649838288083, -1.468265536955859, 0.6738692115943217, -3.04841111672246, -0.6689030205984005, 0.8650215763124613, 0.7274469712998014, 0.02654769099580581, 0.56467557382537, -0.42337743936572614, 3.3250195133217524, -0.8335429561059137, -1.78744775745204, 0.48686838427837553, -2.6820891026836415, -2.5930181965901857, 3.101272907277963, -3.616403135376687, 2.3852314843835623, 3.673005843006223, 1.7346090054069447, -2.4130426612452673, -3.7302281025467177, 4.460795897168221, -2.742418846062806, 2.262294715387998, 2.7842921627497743, 2.3571536004983944, -3.1610531649822775, -0.741461343466159, 2.661301145654596, 0.0531275159063056, -3.267810720656361, -0.15527155773513737]",0.972972972972973
2,"[2.3362177344355533, 2.7408777595400133, -0.49502559050720724, 1.2642925088791617, -1.8139190179846454, 4.125859614830451, -0.7682182386083096, 1.9666720591479387, 2.599326223507023, -2.455402883166669, -4.272278479262466, 2.2489869631174244, -0.9940615958186005, -3.733612331222458, 2.502341087896503, 2.2320892409433837, 0.15620437441289864, -3.7287907070812505, -2.3555693166416938, 2.575158740311246, -2.4163734634490166, -0.6981988359824027, 3.0101175626541394, -1.4348913295264718, -2.0334874560686576, -0.712746023765375, 0.26960407240747825, 2.6758993881502033, 3.4704338844854816, 0.6652925575026319, -2.1999288215933195, -0.07058725249430453, -1.704786280119678, -1.039548203049039, -1.237599863049808, 1.5367235936696684, 0.2559848669054253, -1.1235029570635928, 1.2512733524051483, 1.7902770729036597, 3.7868721146217093, -0.4760702632463818, -0.1341359516430929, 0.18899296148190597, -2.150258415552499, -2.0508550061456625, 2.3600651507259673, -3.62139232658472, 2.2573105555735906, 3.43539620144376, 1.7370770840215908, -3.855604869401893, 0.9618129467900751, 3.212837420516225, -2.0251507629701018, 3.508693989486986, 3.230429679532424, 2.2570309941714126, -2.67251184471112, 0.498902707340352, 2.637442088332004, -2.770001567972879, -1.171759684761361, 0.6072341036255926]",0.972972972972973
2,"[4.000149788752529, 2.5947010629023906, 0.33915298534122507, -0.4967454860298398, -1.4011888323735013, 3.483202817807245, -0.738453523988966, 2.089695807705198, 2.6945365044190304, -1.788158278675793, -4.294857259921659, 3.259414268111701, -1.6468703349691862, -3.0884858038178233, 0.26030207363489466, 2.2899505927227164, 0.2257936602426696, -4.218903019473354, -1.9920370148204531, 3.128540673971088, -3.0956749720172154, 0.9056263835412375, 1.2739532667331466, 0.6053556693170763, -1.502905031319064, 0.06406436181110411, 0.36439826050426316, 3.8002024237765197, 3.6007937134710146, 0.5041309849858641, -4.266549456961765, -1.8010036655858914, -1.1788105661832506, -2.3849836387228036, -1.2681780367637618, 0.021835611233393726, -1.8781325098118422, 2.945986093227993, 1.4632578363835043, 0.6523878865101447, -0.2708387429061738, -0.08177891988450808, -0.4885777123443119, 0.3813446732418574, -3.1597814870875247, -1.5389911826743992, 1.8137828136856151, -3.608770706316677, 2.0499825085398986, 3.2653190836077144, 2.7248153385604894, -3.2387433429875934, -2.026635768154925, 4.310703862072433, -2.543101351795657, 1.3814433351236957, 3.514236862448026, 2.0957004712352036, -2.2997230227370156, -0.6188633146827596, 0.6826807946426825, -2.479169607732352, -1.5320480454465655, 0.9767622430842647]",0.972972972972973
2,"[1.8361645619678275, 1.6399645412756252, 1.1041607269468925, -2.2323652279986037, -0.2556108788011209, 2.4654912111517016, 2.857452940671889, 2.5708849731682295, 2.779336971643534, -2.1811349216096927, -2.787766835426364, 3.850131445849947, 0.5252565955530311, -2.0223382533807936, 3.097498334517775, 2.3562948303583453, 0.13419068552547728, -3.3568769073996316, -1.0871843071549492, 2.781380729134715, -0.8685267440205608, -0.4992325443952279, 1.6244236900504234, -0.9731232547101549, -1.3571951476042894, 2.001795174114033, 0.24607079418008249, 3.125686332190284, 2.997114982873205, -0.045656603971203885, -3.1961846036241846, -1.0727654294665043, -0.5783133662272576, -2.1808107834556303, -0.4546839377070633, 2.5665761583867566, 1.1147970296475787, 0.04499290718084875, 0.3891625726539705, 0.517075412913048, 0.6153314283948144, 3.1560308564788886, -0.990984321656017, -0.02941109581907575, -0.7884346126088363, -3.506138418716557, 2.259144757104515, -1.4034302938782532, 1.5051215235947066, 3.2876778259238213, 2.270197463321948, -2.873943410102018, 0.06384623897057073, 3.272400971153894, -1.7549237050242477, 3.521465645700746, 2.718591780566168, 2.2419666045540354, -3.308877391118256, -1.5410558507032137, 0.23469470653632762, -3.6276970339175634, -0.8017953357766592, -0.9556350573080126]",0.972972972972973
2,"[2.2276326356916964, 1.585077953329797, 0.4274735484625356, -1.896901901830288, -2.474693042873111, 1.9956261692499089, 1.3415371548917618, 4.180061253390541, 1.4213158589886354, -2.2904589151365946, -4.126004090067592, 3.600513503949888, 2.1703571549332636, -3.139341543985716, 3.5461703986697106, 2.3805815590441264, 0.16067514605209987, -3.486421720212663, -0.6108462526207965, 2.208079119153588, -2.4320796402267266, 2.558373385911823, 2.3476094459783585, -1.5929515626737494, -1.454875402569673, 1.2062289655601957, 0.09969927430033376, 2.6985080164800195, 2.6335635267196404, 1.0517939615686478, -4.26850147774373, 0.5930367500885046, 0.6456843724858232, -3.0500892007795373, 2.9991231663501985, 0.10568522300269939, -1.377493914954219, 0.3901970211401503, 0.47762763283571624, -0.7334055701250001, 3.8182699451331796, -0.3686197302219705, 1.1940995716700833, -2.83297664603901, -2.0927806443896375, -3.4130656934242474, 3.0344654273154323, -3.547143502458678, -0.38635379575404993, 2.927894354655857, 1.6593507595995025, -2.6903316728376563, 0.3542532053675431, 3.5908270659199104, -0.22731442696990478, -0.19286937734692566, 1.5807076878393915, 0.8755337272398918, -1.8384572102299546, -1.5538564766570393, 0.5853177938482869, -0.33379859245775734, -1.2733770126120334, -0.7546506394820021]",0.972972972972973
2,"[1.790614715125611, 0.7092787233799314, 0.1796000210312861, 1.4661893971229616, -2.55562623744042, 2.969676385046528, 1.1276162549721374, 3.667994018991874, 2.337562636924485, -0.8352669449249716, -4.0728831424029135, 2.5971421983067207, 1.3187601337836536, -3.6086317628207474, 2.2866316696567264, 1.9413241640126087, 0.14065006645086883, -1.656165314083332, 0.27954810038778, 2.5840173321208466, -2.276359039226817, 4.179597705275554, 2.32945990797707, -2.504415514777796, -0.622285688403269, 2.8584941226873335, 0.21484818502607342, 4.186692249306898, 2.493827691454378, 1.4128350502342333, -2.9158429483366906, -1.5099232000568292, -0.5604206978501826, -1.2747195456664544, 0.13320727047229353, 2.7719907705136326, -1.616250767252701, 0.23453576970159018, 3.341539662648489, -1.0717456089621795, 4.062679295483525, -3.4687657906762444, -0.26803856756604394, -1.6894979769110492, -3.1172524584047325, -2.471725888924819, 3.1044453173804927, -1.9997301701840817, 2.1949045936413594, 0.9173617300465149, 2.378080713979412, -3.2734681158724563, -0.2810015791862861, 3.936360047499381, -1.5165235559930181, 2.732881977531639, 2.885071388928602, 0.9873920319470988, -2.4231508276754914, -0.30589586492277443, -0.16290041403593636, -2.2659553382599626, -3.1899494589431807, -1.3416585241499057]",0.972972972972973
2,"[2.4476459951275062, 1.0424354898115387, -0.5988741176780588, 0.1056061776691527, -2.148753033551748, 3.660481519953313, 1.1610076628905244, 3.9725217703080973, 0.131531180381683, -2.4518648694849703, -4.144068849836244, 3.8118397632235737, 0.5878607504583288, -2.2778759262072468, 1.119592836328809, 2.00440047331253, 0.21253033849033942, -1.216086046937725, -1.5979295884942735, 1.6170490104659643, -1.982160436304656, 3.297279852098238, 3.120071125069262, -1.4427507274261184, -2.4861732816256112, 2.185549958838481, 0.3046704211777267, 3.4746355817777608, 2.3618174631338045, 1.9333191030810861, -2.9581131480892493, -2.741123675165306, 0.9302875818642868, -3.0507212479662744, 0.551505827676279, 1.939975073304147, -0.18560386823888325, 1.2976346498595128, 2.3177622637402164, -1.6271060849594106, 3.8217780028371684, -2.7634718216391545, 2.282234727377097, 0.4928740985503758, -2.8299478015370774, -2.3315997560464994, 1.7882489529155952, -1.646034156482859, 1.3701043390938916, 3.453054576480163, 2.0506062562972582, -3.966663331455163, -3.262125921604888, 4.000382045272032, -1.7061589383633544, 2.5428809432701884, 3.5807381124724116, -0.34421510817575574, -3.072996383654311, -2.5923532979958295, -1.5910197169542324, -2.7782930005801387, -3.2677311747661406, -1.77761504669286]",0.972972972972973
2,"[2.0393222187354816, 1.4570281205449827, 0.8903041081982553, -1.058732100677535, -0.4481239572712372, 2.6309746493215886, -0.3558565397881157, 1.2528092338276893, 1.5654771740336502, -0.49268777985853673, -4.258126652679458, 2.661320493669906, 0.8091501940676966, -3.383334066695263, 1.7128942361746966, 1.748123019705107, 0.10339686326732384, -3.787877781659054, -3.19685113923551, 2.5990204950127875, -3.094267477849872, 2.9008875701915775, 2.1404782315468065, 1.5135090961859217, -1.4847704047675283, 2.495905642971638, 0.2607694639356889, 4.18452215137905, 0.4115900155983103, 2.023856665245879, -4.151870728985049, 0.15435915132760525, 2.0909611094388643, -2.1438137577353293, 0.3859250494057056, 0.947852761631069, -1.3026498056446705, 1.2440907209341052, 1.997620236939874, -3.3266798941456064, 2.924661002676078, -3.2403251665201678, 1.2349460390898632, -1.0963537248338415, -3.3885387102476896, -3.7207616760170152, 2.4863007887509845, -3.648616807260486, 1.0489114573492622, 1.6133278196688217, 3.426247945641333, -3.2554573611778044, -1.0257539465484873, 3.6986149248759457, -0.45143074670955974, 0.5898538277848748, 3.202511572157888, 0.49450172263881176, -3.463873089574105, -0.958021004295363, -2.0342441723903453, -3.87804357326746, -3.856808374028798, -2.5548301396930606]",0.972972972972973
2,"[2.5475602346227064, 1.5681748156904742, 1.5110840900039104, 0.9742740758651662, 0.13700288639942082, 0.058075185859175704, 3.297359703467155, 3.437924343921853, 0.4186580434127223, -2.029849249166581, -2.647622098975721, 3.6428540918103542, -0.9027503088750621, -3.5574396697767057, 0.4672448230534798, 1.7318243100130462, 0.06784703036952397, -2.242297746831694, -1.3056688691695706, 2.778737585811747, -2.0831904379594017, 4.105127026203865, 1.881726660825173, -1.5619745377195335, -2.057238908603864, 2.1263385940946975, 0.3107669311365089, 3.9358580348179237, 1.456684127696423, 3.2579656060535562, -3.380556706191453, -0.6770830303670452, 0.9980572264345067, -0.001977575856864755, -1.693693276570385, 2.0758780921074407, -0.881049443418152, 1.760072051810333, 2.4567667728536358, -1.8461902703103747, 3.4380672634160145, -2.7545673277803515, 1.0380475428403586, -1.1066672304266376, -3.1564085050149444, -3.8036722813710226, 1.7338596477327002, -3.080687778500307, 0.7999268484484799, 0.9736024817149396, 3.0147265630492877, -2.8342711320497296, -3.0003275981831212, 3.991636018317927, 0.4534494117719623, 1.0689989895136345, 1.8000284075149275, 1.5277732751976405, -2.926557707868839, 0.28484845282580995, -1.0235085724512738, -2.5674621357462994, -2.3764917498231437, -1.622594783726535]",0.972972972972973
2,"[2.0060901312754273, 1.7683267272070178, 0.8439623751333544, 0.9404263363190645, -1.4410706571413985, 2.6846373268668104, 1.1511570675967562, 4.3177446144545115, 1.4619583400193623, -0.8424887138043565, -3.2943150056494392, 3.0995674829945346, 0.3229122988761888, -3.3660452952903688, 2.555925286064914, 1.8118394962294135, 0.26272287890972873, -3.5004084113100826, -3.1419747669243763, 2.456238870947042, -2.1743530913931632, 4.145496282215979, 0.9803591759686141, -1.1618768870762202, -1.8556757812271134, 0.8075747897771854, 0.36940281497249794, 3.509366083556525, 3.090047901992775, 3.419919434726604, -4.1963771985607865, -2.2967505153288865, 1.3846944910611936, -0.6101214611390087, -0.11989285559299867, 1.7106530372680204, -0.2925548679523412, 1.171972628799946, 3.6265153342002856, -1.3891648873025741, 3.721448028914369, -2.135785093182575, 1.0774389517176273, -1.1782620816300589, -3.35335504580371, -1.1907999456307417, 3.040861709995795, -2.693217968445188, 1.1184022349961993, 1.812709874393266, 2.8226959460737, -3.9778020656681012, -1.9622821275766897, 3.972763199225005, 0.4402183390223937, 0.45076946438726573, 2.3514267991686615, 0.16409767251057827, -3.0095415923136177, -2.004710790816358, 0.5648017751600443, -1.8457818662285677, -3.9800513409413125, -1.3762596940481462]",0.972972972972973
2,"[3.258438607960272, 0.9537276019503067, 0.8638431734657626, -0.9003763761928345, -0.8884853281607218, 2.0948100827635976, -0.11490317410067785, 3.5252970851984924, 1.3608429728647566, -0.03698841790586127, -4.21432138710599, 2.579399938314009, 0.6646712168424025, -3.5994050646735714, 1.457574958515286, 1.9486368126987839, 0.012278039416225434, -2.2181500257443094, -1.6636175090806435, 1.8816189352495363, -2.747933428175289, 3.5379087676924086, 2.9865232275374605, -0.4457635665971955, -1.962439397079601, 0.8292901610227532, 0.25096823803118556, 3.483835014871277, 1.3238029635816644, 1.0225700907608575, -1.9041079419240212, -2.390635301248716, 2.470102343258855, -1.6859958373068946, -2.1811033070418073, 2.8692303555911893, -0.1658580485311188, 0.3424931143701474, 0.8508411571516432, -0.5760000238005366, 3.312067192595549, -3.635466462024317, 1.5202050908835498, -2.833155535678034, -2.307711463683755, -3.712666364011681, 1.8037930859771953, -2.7310835485938525, 1.2621005735964335, 3.0291891358754106, 2.467333134405183, -3.9769142310790984, -3.609072335770291, 3.3593315042156853, 1.4072245758548068, 0.8653362569099043, 3.595756179260365, 0.8036050989355683, -3.193936803692062, -1.7287124195139592, -1.642536973383396, -3.2255064346348012, -3.061092099013176, -2.6320189091092163]",0.972972972972973
2,"[1.770680996150283, -0.6223679874739354, -1.7012865471962062, 1.4164538924837184, -2.474505640246105, 1.5633786760819932, 1.8885800463765383, 4.465739784211631, 1.6643681245121789, -2.2448010930573963, -3.31106444856309, 3.504791975556892, 2.4688929307164558, -3.3167890170122005, 0.5604804730863144, 2.1091315809256113, 0.30148629957762757, -0.814261399290015, -2.6692944986562606, 2.039257365111741, -1.3812775288045487, 1.5187967622515524, 1.9061172112058449, -0.42126207506608937, -1.372081959213326, 2.19203853000375, 0.249726897887373, 3.1587500501852412, 1.8486271823889082, 1.1070355068507087, -2.5171088121418634, -1.9581111250387444, 1.3234115253196164, -0.9166000207060677, 1.036023732807418, 2.672988683921695, 0.327254344184249, 1.0883371502673398, 2.9539956047483082, -1.8034775983108076, 3.002407897999215, -3.3725385075301264, 1.9605050956847356, -0.8602665117171187, -2.0062418981856434, -3.42601685934056, 1.7532505803340066, -2.4188972081294247, 0.27393713188838786, 0.5667828343435257, 3.5651727991310564, -1.6607435626901668, -3.038690866846185, 4.414457005891836, -0.2614130448107327, 3.5223607363705605, 1.726545178449071, 0.7099123291524257, -1.023578487126815, 1.161299436978837, -0.8914490766123299, -0.7083312074431241, -3.9942810003167617, -2.724945037098598]",0.972972972972973
2,"[0.09368642399421662, -0.22264832170706772, -0.6429504287689813, -0.412207749425355, 1.48332032269456, 4.013111286659024, -1.6258071645679064, 4.347155124268703, -0.35052113053591893, -0.4588741931761112, -3.4220988932723344, -0.7535669612256081, 1.3463118510561103, -3.1414532689347037, 0.6717414180332937, 2.0335638488660983, 0.124537472658381, -4.183977703395479, -2.055359835390318, 3.3471632431104785, -3.116417672529849, 3.8207242816448432, 1.7140651049750786, -0.8760455081836109, -0.5813110074001184, 2.1699041279311486, 0.25726865786749764, 3.286879719408091, 2.562427856053605, -0.7427383109818843, -4.252601992375672, -0.6357718094372365, 1.0377909707011828, -1.9129075744525668, 0.32162130401601163, -0.14271679199783704, -0.6646161308870433, 1.111640944253207, 2.6552524322333535, -1.079899468078846, 2.5972155080969874, -3.6137393733936847, 1.7478372658771208, -0.3389062573508057, -2.5147126742647616, -2.157401471313607, 1.8731443463285262, -0.9964784293801896, -0.3236286441342867, -0.6062874920917465, 3.5131981108113153, -2.2231494502007365, -2.709347240912229, 4.197252766370121, -1.6518140450295944, 0.5762982395150881, 1.9539046488930438, 1.3881141525831555, -3.2019938476666514, -0.5385417801923942, 1.7063003006733974, -3.672774708251795, -3.6959119133866842, -0.8663736995678446]",0.972972972972973
2,"[1.2220511686727464, -0.16181219846429132, -0.29925393717095267, 0.12682011006908034, 0.27996246631642424, 3.3068600930658105, 0.7060744850755535, 4.3844659417617615, 0.3939851141977687, 2.1157358676060913, -4.278089599635579, -0.9675515017087546, -0.16943708991008327, -2.6769307723127564, -0.7924501218464904, 1.2138779506158741, 0.031861298361462786, -4.203956896733937, 0.6008833215557902, 3.147734696430633, -2.1488459056707403, 2.9591956854709176, 3.3047253807593564, -3.3647085709502647, -0.7161922631877751, 1.201436134791846, 0.20297956986896604, 1.9853552548704307, 3.3927522774830434, -2.1482611066609576, -4.040191987264498, -0.741818837574046, 1.640428587370948, -2.9860064364451637, 0.41486957233561705, 0.9742181204937292, 0.23231678903774128, 1.3376622922811103, 2.972597630772481, -0.4845406289867862, 3.694319850135997, -4.058179513116948, 3.2319640995917283, -0.8942369123271311, -1.0185012916861371, -1.2335951170423378, 1.968197931088926, -0.24376536563136186, -1.2875280625517764, -0.4061039203610488, 3.318405620559018, -0.8690003236332764, -1.4332621849371079, 3.4908801439036115, 0.5248131086414602, 2.851936339261464, 2.718456361258732, -0.30849678524903873, -2.712346101609006, -3.7650083823339133, 1.1848161419711074, -3.7283233385677654, -3.0492613823822805, 0.47495560316906316]",0.972972972972973
2,"[2.5098563742671818, 1.7023668695345109, -1.0307927387365146, -0.3174249713490699, 0.31382917901146, 1.1517256577628041, 2.765959004519707, -1.2606155910980275, 1.8349046459733045, -1.192176528724329, -4.260705735250938, 3.833378975095179, 0.4548975296216839, -2.048555373558411, 1.8079638843413568, 2.319320927107544, 0.7754047203474763, -2.657307944582318, -2.5424293852732656, 3.002345277761956, -0.5659011093639652, -3.1527343778769166, -0.04027379564815292, -2.4276055960479814, -2.79197868725377, 0.2817700060389803, 0.5045032118829194, 2.4871514373055628, 1.6349781196345743, 0.6596752065333051, -2.5465117112335016, 0.5221380362061014, -0.6680610276408836, -2.570480416483809, 3.447826781122063, -0.646562125481636, 0.24193721141480595, -0.9327811767182672, 3.0054441205605444, -2.7066265561591947, 1.9545230003336433, 0.27411368522925084, -1.042440949117734, -0.37577849900586563, -2.1256787272101487, -3.8463033166495038, 0.8084059365770451, -0.8654265989356871, 1.8757629501267286, 2.5247481717720777, 3.490462276030134, -3.5663657527254555, -3.5387374866928036, 4.24903355553947, -2.199609202702131, 1.9758288408099869, 3.226507227369957, 1.2294071214287516, -1.772416587907498, 0.2276054533430858, 0.3482392803722667, -1.8646379568921412, -2.893759614915181, 0.9876485105070245]",0.9761904761904762
3,"[-2.2628423108377484, 0.28404683043550416, 0.11488436992950746, -2.338340383477596, -2.937331238102407, -2.276611314032312, -2.828519413474705, -0.7584700559094638, 1.7010182397356108, 1.0828068014034797, 3.4117844637265073, -3.5460877944060547, -1.6487442695468404, -1.6060947750648868, 1.7150142975377316, -2.8484140142300625, 3.7545305177503057, 0.08700547864252073, 2.625329468642829, -0.24976867512106735, 3.271481368084682, -0.7704910278024826, -0.274302800771966, -0.2124042278845364, 3.668862831438397, -3.2585776114775067, 1.472437773249575, -1.997200841409073, 1.0334917246719852, 3.4328243005326113, -3.1695631687240877, 2.3314985591088697, 3.635848330955022, -1.2842713420640628, -0.7364969546096412, 1.2908198069961374, 2.9268701394223706, -0.42779207280415427, 3.7316255331066293, -2.220906760482486, 1.3093493798818363, 0.8583847391813734, 0.28855214520492933, 1.5669112277017017, -0.7863542367682851, -0.4425097290316602, -0.442238174804927, -3.466585558168907, -4.198652438221831, -2.770308854280858, -0.9544493174843077, -1.3016429514517125, -0.03285677271547906, -0.06638998107174943, 1.2821049477095343, 0.9194637360487516, 0.4432484166103874, -1.0522590679023764, 0.03268928407958671, -2.533780049974877, 1.2043160823277514, -2.0784349032601765, -1.2743489998878568, -0.26921792301450664]",0.96
3,"[-2.1128731405550245, 1.2099009130266234, -1.82349535566743, -0.9597792163481089, -2.8578007784514927, -1.192975120055482, -3.6771045092172323, -2.277155342220856, -0.24308838665737365, 1.355083718117383, 4.024490387784363, -0.6526368126735278, -2.9915519339396623, -2.7490704770372045, 0.5532948920543999, -2.7942299000856714, 3.9088775862539418, 0.27170241353692937, 2.231382024339494, 0.7547920610426752, 2.6965885377708183, -0.41755856976187994, 0.3485192778583487, 3.4530227917831535, 3.727090481525867, -3.773148738853665, 1.4854958015210442, -2.4054354106878795, 0.18989601307785064, 2.772856236462151, -4.268514892941683, 1.3438727016937277, 3.2971054345648607, -1.7589002194433754, 1.0564799920514094, -0.2195925207143583, 2.3050111459089377, -3.388190863598781, 4.41418872893328, -2.1014075100347207, 2.9671985134674785, 0.9546663240114516, 2.545701758699207, 0.9850172618492369, -0.2436153040186152, -1.4039619282017732, -2.445783821101042, -2.6778483402006774, -2.4647003143576605, -1.15027075650218, -0.42868839331900077, -0.2722483628362562, 0.15908292827320503, 0.1472527227082796, -1.0477262534288125, -0.2258072541949867, 0.8604133787973477, -0.48722087354065924, 1.1008900081580903, -1.9236362112939371, 0.8781611319403274, -3.3500365913234935, 1.273118153742466, -2.1964426655447298]",0.96
3,"[-1.331190225532212, 0.022517953189424456, -0.8675139271774097, -2.735822424730773, -3.512487688256765, -2.7026965427584697, -1.1652607139152642, 1.1747187108898118, 3.2108960978287175, -1.0350129218968127, 3.5238478981302888, -3.268024445706215, -3.5831325268788, -3.740383146989922, 2.321977828421276, -3.925704716558948, 4.026713184783717, 2.499890500104192, 1.7797869741223886, 1.0915767875578826, 1.2384022451699839, 1.4029196438109204, 0.5364071830380296, 0.7618988432308907, 3.662292277690921, -3.9449648905408963, 1.4876398698278563, -1.167788179282245, 2.9607226970578866, 3.901806029964487, -2.5341793012978577, 4.012101378377604, 2.6155670004425113, -0.566822313105515, -0.25977463469163276, 0.5019593355665621, 2.468709307839417, -2.448674845872589, 1.3881345499151148, -1.1350293026919136, 1.5515708332968434, 1.677107441647254, 1.9608040706848864, 2.4414507121220166, -1.0646141974224292, -0.4555109946504151, 0.6453918373126633, -0.2439414570427214, -4.292103073807846, -1.605475949694236, -0.5763079270486702, -1.036088134598189, 1.4969818651704228, -2.6517455889942814, 2.3375864266058453, -3.267458402625752, -0.045583055199623135, -2.211889194320344, 1.3611244617023002, -3.057274689207647, 1.3835571397167303, -2.62490605662505, -3.3281910157913903, 0.8051446503501093]",0.96
3,"[-3.1769734955338054, -1.982510785136025, 0.2500023374865207, -2.8327497768704903, -2.940010286505128, -2.004257194965085, 0.8619519311891102, 0.744996499011227, 3.1198705108475604, 0.6139670996671556, 3.9659696822952935, -1.3574694720621086, -0.2837015878309572, -3.004834996449497, 3.254828567569219, -2.940446146197326, 3.9499441719874175, 0.9294737443654498, 3.6455276276323887, -1.085683363508542, 2.6044067794473698, -1.5965492352568862, 0.655969745397741, 1.6930195571079054, 3.7215054384586037, -2.507824668216663, 1.4424721197869337, -0.8870660117719144, 3.224036304629104, 3.1492641344244694, -1.231033800839663, 2.1203765625364, 3.047291967140118, -2.6027116095713962, -0.16656489688011253, 2.5647493106757677, 3.2394179627075577, -1.8945772170421153, 1.9731537811659716, -1.5879945014645087, 1.2927799495539731, 0.4574782326316118, -0.6266598891080264, 1.6140594142582467, -2.249843675547753, -2.1914982887265606, -0.24419447745916745, -3.5108559872632323, -4.227075373557513, -1.9944841726027025, -1.5187280751449574, -0.41885719835294344, -1.2354240948277209, -0.7995619848871419, 2.4786646691786847, 0.3814342382321092, 0.19478318854081172, -0.10091072807040702, 1.7556887091071396, -2.0053220824954985, 2.3191425914094923, -2.4187208978990196, 1.0664703189125253, 1.4234764232680712]",0.96
3,"[-2.7292769246947555, -0.7913096735750337, -0.9795426807444315, -2.6469664964490334, -2.869459703459501, -1.5521912672675258, -3.096275222292199, -2.184753549264419, 2.235990742773116, 1.565897723946629, 2.8470475342898602, -3.5158153065089377, -1.8204111067238937, -0.9121075420919027, 3.2412972215620677, -3.2155759045977224, 3.967284659186646, 0.22530735459074916, 2.810092283591016, 0.8310439646001895, 2.1164173265307156, -0.6146325840872828, 1.0024538126899682, 0.5218620302017886, 1.9484700662164334, -3.8696347052988, 1.4816573790669658, -1.5413788726447768, 1.1219761291714658, 1.5851233519004122, -3.268839430226651, 2.004494820651881, 2.425552114037233, -0.9492252147154796, -0.17665923992934657, -1.8917979978677943, 2.810308420179491, -0.0016864884314209405, 2.253361195109523, -1.7327191772999582, 1.6232081789664203, 1.6007183521280848, -2.1410663354270127, -0.11000156252147475, -1.550730690460815, -0.6117667272882188, -1.9974944249404303, -3.409185880408912, -4.193732700514516, -2.3379489324362597, -1.241770968348055, -0.798904404791697, 0.6714646437571207, -2.068161744413759, 0.3331052982781959, 0.6506265118149915, 0.8986717988646042, 1.721251545523991, -0.6869885216049225, -2.265538736498021, 2.073628005889373, -1.3155263622686588, 0.3665318906551341, -1.3817990951471653]",0.96
3,"[-3.7027716452298836, -0.024781147026338657, 0.7493440835681001, -2.4732767975660113, -1.5982332175819902, -2.658228989562475, -1.2314743199404938, -1.520936551915453, 2.4023701676673737, 0.045492440331005746, 2.2595693246580097, -3.051345609268096, -2.8223971214292236, -1.76009059065695, -0.14780411697022555, -3.623754637079058, 3.9658632961828144, 3.0018737797664774, 0.992299301879189, -2.0945589345966593, 1.2855312309484876, -1.1789164721800107, 1.7677161872139209, 1.8262430098597817, 3.1918360019030727, -3.790607634032139, 1.4511223594595064, -2.472749791932496, 0.9332961666629698, 2.748570825660461, -3.935777343881341, 0.8010650857749513, 3.3136652998120955, -0.9494320685242867, 0.026096046643903303, 1.6346284025180222, -1.157239884866132, -0.5903442048577321, 1.7503099817605616, -2.6198657543380293, 2.9543628710243235, -0.697961760869012, 0.17653251786749757, -1.4559391458599187, 1.9152428500293635, -2.161802016657336, -1.4566312000840211, -0.8255158285123856, -3.818003468995511, -0.47169439200881946, -2.1595039812438275, -0.8714941346402139, 0.0698036727856863, 0.15841335916188595, 0.6238100834460204, -0.18750398099978027, 1.216474934889861, 2.4686822143682168, 1.6654603110732968, -1.82257030402221, 3.000737636533194, -1.2237085637975005, -2.8666790851396726, -0.13105767107027894]",0.96
3,"[-2.817048835841659, 2.375449472214991, -1.0122918549676585, -2.6630422940246374, -3.3188883737937713, 0.18677486034961888, -1.7511320875012477, -1.9097014928144036, 0.8239628208582774, 1.446901870435649, 0.8823933438055653, -2.047222909688176, -4.018181968413556, -3.2729448005131445, 3.3604475549975374, -3.9361166661582407, 4.008808600023431, 1.452238221600495, 2.9019345260331817, -0.08727969649611855, 3.3177816862647456, -1.584349256998765, -1.7760614112230284, 2.4806140904403473, 1.842931286882374, -3.712063564690556, 1.4635690154324932, -0.4115742730700829, 0.6652697228965481, 1.5001913731688306, -1.277990484071687, 2.2279431255103272, 3.2594273700608727, 0.05213625220854945, -0.7407053188775496, -1.811613668251296, 3.0140775612603967, -1.5151026029495405, 0.8200171674999646, -1.672775674256784, 3.4532915430801285, 1.9113391518609748, 1.595684082333503, 0.16838866070356628, 0.592200845288964, -2.027496810783673, -0.9428351169111716, -2.4686737367188893, -4.2022442921077845, -2.527068484257355, 0.6031599351215954, -2.2247194075517136, 2.113641934156401, 1.467521715487467, 3.191372534129602, 0.5849282655985005, -0.7936023506586759, -0.6135309998007636, -0.5807434719044404, -3.336045806573934, -0.8426377442657591, -0.32974186293743113, -2.1468277084931184, -1.8715113566778985]",0.96
3,"[-1.3611385309655017, 2.0846913607989617, -1.6091288396416452, -2.098610508008475, -3.549837498688023, -2.7326077265816413, -0.385299212553448, -0.09667868860053197, 2.6519787089270506, 1.6066601427272302, 3.3654809477493726, -3.2571732016442714, -1.037864106361682, -1.5204744311557348, 3.812044746608718, -3.9191952025805477, 4.011835969539337, 0.18843293610676487, 2.2382133243846467, 0.37013813458211586, 2.6887928004815143, -0.2587666423197908, 2.095140388276822, -0.6267189928391069, 3.7437180791373765, -3.7447739134580145, 1.3747727576220568, -0.4396832242349902, 0.5234586340988199, 2.750084712503221, -1.186485506561591, 3.586925805313304, 2.336713096387234, 1.4923363727895, 0.01555925551450893, -1.644089769473038, 1.6312754988246652, -1.333505212471716, 3.5511014975482547, 0.45934348979561057, 0.3816387007420061, -0.5426250562465021, 0.8300994604025301, 1.215106879183079, -1.6448412159347403, -3.0717274827798215, -1.6253206018196582, -0.9979133518807775, -3.7143869100239972, -3.1789145395206595, 0.10616801749594806, -1.1290232530526794, -2.3350884041111795, 0.14349846540081673, 0.4981388452306055, 1.0898195755620712, 2.613533375380476, -3.1185206170883477, 2.1214122381040923, -1.4560593528718397, 3.071276906897286, -2.8617952081236284, -1.3888820098237586, -2.599110283576654]",0.96
3,"[-0.10341368738062728, 0.3337062562822046, 0.2105627397598907, -2.735216271270781, -3.3393697743527437, -0.8860080606545395, -3.2285160167714344, -2.3777109261309333, 1.6570242552893384, 0.34495240484208334, 2.438362299464784, -3.2182553274636776, -0.027985650517955207, -3.4748306562585984, 1.957831974062663, -3.146392990786312, 4.024680522034187, -0.30107452444451815, 3.6897582182559834, -1.265935588127268, 1.3358468837838995, 2.1689606740792744, -1.77593946480216, 2.150750896807538, 3.7226787202674534, -3.904580209838407, 1.488914395055784, -0.5901213165576156, 0.8096615558140594, 2.4915006180618997, -2.1593639308880013, 1.5252378763001346, 3.2600455536999133, 0.446276743206871, 3.2868167059350477, -2.7837246017133315, 0.9637339592244214, -3.1921423566484695, 0.3301849236254295, -2.3615437452692953, 2.6840828011300744, -0.3008601264417748, 0.6557253152095619, 3.387694132431393, 0.28665119543098166, -1.8910316130726397, 0.580131134637118, -3.114806136274989, -4.2670600026458185, -0.3210211604824833, -1.5594732774235243, -2.9934590688605303, -1.4377277872991276, 0.8318553217754348, 2.4752836446133752, 2.502586637454965, 1.401256566389417, -1.8144230992870434, 0.19477649358015314, -2.4125400931945293, 0.1556753738267418, -0.27882675159533754, -0.4810738254103102, -0.5816655949142879]",0.96
3,"[-0.5758332253815541, 1.592484667631671, 1.106177969843928, -2.7092587792832044, -3.4909029378546115, -2.8751951630471453, -0.3602304403953629, -0.6084280840744456, 1.0577851680113517, -1.3691683560041745, 3.7449607332166104, -3.1206515593226998, -3.2871930340411053, 1.3442575701099384, 1.8035766335385857, -3.697265681252118, 3.9929106024105656, 0.23161897553305621, 3.335279788946417, -1.3883812834393003, 1.870197919184517, 0.8357876471532024, -0.7036124325115494, 0.3392709550042606, 2.8276194382366766, -1.6515845833580691, 1.4724994564908094, -2.48714248259585, 1.0186574226517138, 3.1173818516313867, -1.7529266504496803, 2.2403388291781465, 3.822726390975806, 0.6432316945049259, -2.209609298980414, -2.3228037349429926, 1.704187920060634, -1.238122280089883, 4.367328526745549, -2.6995367845273988, 3.893101678338132, -0.8805665543133949, 0.5676205424549182, 1.726459675631621, 0.19486744370347542, -1.4008115572818363, 0.509609890311141, -0.9436993062998433, -3.381372667680399, -0.5697634634200794, 0.511636238267303, -0.08670883764992643, -1.1105317827257237, 2.055873175971353, 0.9673409323740535, 1.821414691414963, -1.5701692042401716, -2.476630945293138, 2.861575481868562, -2.823699603650403, -0.2659290840699533, -1.1499969934650927, -1.3012230460238412, 0.09115112661627034]",0.96
3,"[0.8382933026809962, 0.06470911542002789, 1.9254344577144598, -2.759516540960315, -2.338257477019332, -0.557495538279137, -1.0226363715291131, -2.082134405229665, 2.400445592857932, 0.875956062537735, 1.9122717311201263, -2.0201918035780073, -3.8235582457225443, 0.8362245637381847, 2.1389301149958744, -3.5674889169546633, 3.9519229062075785, -1.0203908194568228, 1.8581201379242582, 0.43501589704723975, 1.404426260713179, -0.4669872397841089, 0.3319159428388812, -1.1996282230806512, 2.0873364165601975, -2.8427950121430223, 1.488671341997442, -2.035874452331062, 0.551290664070448, 3.0990066972551773, -2.3634292292613837, 2.578203165265972, 3.402077153153208, 0.6027366588982415, -0.5069202086820057, 0.4591143334845634, 2.133543432152315, 1.2154831583000758, 4.4167684142959285, -2.139300181026045, 2.2718978311481104, 0.3184478766205653, 1.5628308098671264, 0.9628186400759253, -1.6699560188698073, -4.106815192727394, -0.4046268728000334, -2.547174814052875, -4.0885624140770265, -0.15498829773107303, 0.6931261838660057, -1.4728823131656377, -3.040178634288851, 0.4511276522544262, 1.8208543755902198, -0.3523045979688037, 1.327626927372555, -1.9077752882966812, 3.2608833054709923, -3.638040534717421, 1.1697636147616586, -2.1528920740518713, 0.47693679178531667, -1.2753269755245036]",0.96
3,"[-4.271280131080682, 1.2888663417022825, -2.642786174575356, -1.512228714908261, -3.5209763326686727, -2.480902506765735, -2.2937553380338036, -0.12651347082131548, -0.052038832558838344, 1.6880721904267109, 2.373157080591006, 0.35699473177542806, -2.4743054239402005, -2.339841934731912, 3.8151034805276844, -1.6623862458813163, 4.0285507592558085, -1.5958189368223494, 0.7138008950702952, -0.5518635609829043, 3.231191222806329, -2.9656373623994607, -1.8643970688194402, -1.8100869666843815, 3.2127392235389864, -2.3908376097140294, 1.4885159301917472, -0.21648650139564407, 1.4328432661706734, -0.2717970299802901, -4.249776548243413, 0.7097362362068564, 3.795633905811277, -2.337091330776003, -2.177428916665815, 0.18363286788926692, 1.9222031266006867, -0.23544484080583997, 1.9355397017034006, -0.6626364519881187, 3.462756595544468, 1.8187937751107217, 2.274083851130769, -0.6146679428711184, 0.20437845934961785, -0.26724968942089944, -1.0656062540458575, -1.9976742956738134, -2.403276754776681, -0.9887817547025715, -1.064728855150951, -0.8189620168253102, -1.5805507084394061, 1.286688370690744, 1.920685818860011, 0.131052631428917, -2.4653710130844457, -0.21953470226738214, 1.946446711814884, -2.7818610703902618, 0.689984214161967, -1.9481489416186852, -1.7510835305193815, 1.5475207729925489]",0.96
3,"[-3.4449187200365876, -0.5060908270050991, -1.6287994081366286, -0.6674177008135731, -0.7016398709465823, -1.5196409337931018, -3.865490842440437, -2.759980561184028, 0.24321945550165536, 1.9621054666692903, 1.6401006993545488, -1.8464647115511292, -2.1739431132580216, -3.24284389517316, 2.0518709004837934, -2.4863173184293736, 4.010831914363789, 1.297904091617619, 1.9685740314065385, 0.23679903447790873, 0.3881790239822962, -1.127110947727621, 1.7676844494216055, -0.49703769158571637, 2.1092708914644245, -3.539825116599603, 1.4756254259555397, 0.18407894858491014, 2.400601115942239, 2.2343948128921833, -4.082779729265173, 2.7853930296242417, 1.65062002168786, 0.8085232881071962, -0.17520226653742266, 0.42245269326061397, 3.4105666155715486, -1.3798751392773445, 2.852340224961071, -1.0095325527325851, 1.5501333642199304, 1.6892438289026535, 1.807371997904776, 0.8943421544450113, 2.024101119997312, -1.5934098264062653, -0.6870193333656838, -2.2206596604723043, -4.284258974317016, -1.9656354090458343, -0.7620965142863751, -0.324354879006425, 0.8313717799411953, 1.4367922027345426, -1.154299369337159, 0.8728908864483779, -0.8796754121341017, 0.20986894270476802, -0.13869516464710094, -2.9583483083657427, 2.9080749084040587, -0.9782739253273698, -1.310755374924223, -0.4352781118036589]",0.96
3,"[-4.069214067131114, 2.038918083144045, -2.1181496739797208, -2.0577489791830326, -0.058383703031768874, -1.8574784123196832, -0.7063613958856982, 0.8224308043998017, 2.029270566158708, -1.1189889846418446, 0.3744224676939978, -3.47102421878731, 0.17531334985053904, -2.5607387948718148, 1.2747341072400682, -1.5278528692458337, 4.017992662911784, 0.2111689070098609, 3.578772283998243, 2.209303342932729, 3.3563579379160053, -0.14546521120059397, 0.054065263445071676, 0.0034326941310405257, 1.9780728050434937, -2.2359537478109117, 1.4811661003139711, 0.32782351344615446, 3.3792786810389264, 2.9931300097114204, -3.2233756115769956, 0.6358397960214923, 3.810836450786751, 0.10718265779102903, 2.291691135334188, 0.3594539532169174, 2.450806453044735, -1.1777137219654221, 3.2294887378264185, -1.3352946154838876, 1.7593861640261819, 0.8168982557937012, 0.6093705767312438, 1.6672294113239317, -2.89011360207078, -3.6930253006210734, -2.224510009453724, -1.8145866266311614, -3.771870412705316, 0.331800766771325, -2.4501206276354557, 0.41787781279798075, 1.040544962532809, -2.208528803548311, 2.0475602034501863, 0.8842559423157377, 0.9906351477152062, 1.095308378538404, 1.3671256079046226, -3.7629147980644317, 1.3218011875622528, -0.5100229848625485, -0.47633590407578197, -0.4387371566569823]",0.96
3,"[-1.4048147499872785, 0.44261706890276825, 1.7510367321804294, -2.821608673875324, -2.304028911700285, -1.128848918343413, -3.8027789819320437, -1.4919996580717065, -0.5706251731989918, -2.265821614113566, 3.9956622761714833, -3.13197906219114, 0.6064194634007507, -2.455839568576855, 1.2417834115999413, -3.1325160894255237, 3.970927882345272, 0.7146825138463887, 1.7259565053114059, -0.007092813298334499, 3.324508130009495, -1.094555312489598, 0.7600492675230643, 1.7657859264370954, 2.538747198722131, -3.621715490035671, 1.4577342396701516, -1.5754662655927065, 2.927908392204494, 2.2022755968448964, -1.7381800116692037, 3.4319055807521934, 3.453617801346926, -0.5014471931433415, -0.5886557941351439, 2.8148222527601794, 2.392881083460587, -2.011814207624804, 3.514076654423109, -1.9498487804796578, 1.9371843509334505, 2.747068742469669, -0.6872970045007498, 3.2393802890259877, 0.02177550200156632, -1.120184815459241, -0.041917059809320145, -0.77286889622322, -3.555927892758055, -1.5560081191863573, -1.1135114524257135, -0.8750830762474578, 3.8027284025007813, -0.32463112225227164, 0.073498644625694, -0.08819105055293225, -0.19772592705488384, 1.4749903975683716, 1.266890067128177, -1.7767917779102897, 3.0845003704812863, -3.994251184454986, 0.11568593329026777, -0.9578485673699905]",0.96
3,"[-3.118107064260934, -0.8378017900980314, -2.194772000491528, -1.7505857304303447, -0.2636825057433261, -1.0077172626605018, -2.4429592789291936, -1.609012254150993, 0.9580076504449564, 2.3722408383221625, 3.4968299785414745, -2.9337606386540607, -1.426256227494037, -0.24987980363550566, 0.7348617631253296, -0.17200814070788129, 4.036847873613877, 1.957586516165537, 1.8356422144411373, 0.5621946380038283, 0.19670898122019675, 0.24203529941165353, 0.15837724807024461, -0.002013293350406564, 1.999008727511912, -2.1089702070546883, 1.4275471434705027, -0.22528110908165888, 1.3896185221499597, 1.5164853749925402, -0.9913486384393266, 1.936317997326502, 1.1630056283506192, -1.851458569727515, -1.6079685546012499, 1.362515484957881, 2.40396600150562, -2.3211946770570373, 2.625866463512671, -0.37359187251553627, 2.0199524724372786, 1.9604195328786962, 1.0548592296696855, 1.044330730035428, 0.6745542708553025, -1.9251400182120737, 0.43617685635078585, 0.8115807575043421, -1.877319198697207, -1.0982446595681072, -0.7577928876545604, 0.21279323143040485, 1.1146519778298938, 0.08018543846542038, 1.6348182356084986, 0.8482859153692173, -1.8113356610742681, -1.5092098413283925, 0.340094934662735, -3.4931165976588554, 2.474784457021051, -2.19170502930494, -2.210413646608994, -0.6480536512174073]",0.96
3,"[-1.9669479482180465, 0.13826918415866174, 0.7863112298164165, -2.059341950063339, -1.506162298129857, -0.6976294813949073, -0.6429077768772045, -2.465077099230155, -0.8047780619616203, -0.018232046808926594, 2.839551443235934, -1.2809950241656085, -0.3906350979267579, 2.3741194509014125, 0.3471731287864255, -3.0168976360341615, 4.0099276329024125, 1.6418238183719487, 2.571299873039107, -0.2630532070206458, 1.7977023248174477, 1.4511379793658123, -1.0388197386650146, 2.074670411908413, 3.0009700289568713, -3.9543812091241044, 1.4682785215343903, -1.508394847023392, 3.148939753134165, 3.3996434893192147, -2.0237350362777278, -0.44529870525452253, 3.236564182751658, 1.1026236716205258, -1.3288279849425626, -0.8316705354287635, 2.9538869745521037, -1.0526011816701557, 4.21159201857718, 0.15519714485527003, 3.6838808344448815, 2.173788749474767, 0.45691991228749257, 3.519362616692517, -0.7154145139874188, 1.4691880803733932, 1.5628519591371632, -3.1879580397855363, -4.257085207732987, 0.008963052301302898, -0.8992650595824265, 2.3705536710019173, -1.3084175309827046, 1.091347072149099, 0.22937524694746636, -1.2392587085832976, 1.5413202830392532, 0.3949340442650235, -1.2909443881447038, -1.7972993633775245, -2.6119475912004617, 0.7054836503508768, -3.5625135697871264, -1.169399154376928]",0.96
3,"[-3.125195356055204, 1.617605948697427, 1.6990946583284146, -2.0477903148024157, -0.33413625657399826, -1.0867858648623407, -1.8464889944065792, 1.092254994457116, 1.784333066333664, -0.7322199365088962, 3.8983568896219456, -3.0444505481817785, 1.5655169577797756, -3.6338997806577344, 2.2869660329322956, -2.8932893194769544, 3.9286560863556894, 1.0242626565887507, 0.4441209205687098, -1.354827818474062, -0.32875695703554353, -0.24662842372474642, 1.850029818362691, 3.0291120133558636, 2.978380569449566, -3.955721074817409, 1.4850649075839932, -1.960469285990122, 1.0588316160082365, 1.6386649336828898, 0.04468812719779036, 0.7835013735223213, 3.567303570626655, 2.8371625767360173, 0.15610331237697372, 1.6328521284516224, 3.1599711475788417, -1.5561351841134972, 4.334039419081029, -2.15942810330906, 3.0648252129709617, 2.5739687077360536, -2.224640986020261, -0.8937271010798511, -0.5199241844841843, -0.844369098436791, -2.387635457420884, -1.7164433606314304, -3.0642227164828046, -0.45951297756247533, -2.2275412486432553, -2.729008353912514, 0.11932220533471814, 3.440409770366369, 1.2394074550761156, 0.3655043531239388, 1.9760844123096455, 2.1053548561000097, 0.617668019815214, -3.3530951384773067, 2.9858240067787576, -1.8339692931962657, -1.0677700071104355, -1.344258232501329]",0.96
3,"[-1.6429091490356074, 2.8277752518087764, 2.109842237403211, 0.5562021679247953, 0.6113593837507612, 0.39487443409344136, -3.126572592900356, -1.8814585804339017, 0.88525089290887, -1.4309778768438262, 3.1310171652291285, -3.3373986203400676, -0.43971867740725235, -0.9897147570203386, 0.3007908823049632, -2.6076078896126393, 3.884008253687433, 3.6820437250194935, 2.818407772780196, 1.1498260495870536, 2.2290352966712543, -2.434108397742887, 2.5673825752735526, 3.440801232778431, 2.607197330476704, -2.784416920233414, 1.4822950216861863, -1.9395631334300316, 1.6110969076699175, 3.4655567271527, -1.1889977226069635, 0.16981911187257315, 1.7582126810375893, 2.264374548929452, 0.6181544035681896, 1.7512102247019077, 1.8877130007716865, -2.5598706459462415, 4.307472248702421, 1.310831415250852, 0.7727859183118395, 2.2323197076668797, -0.6328902788754194, -1.982464013018188, -2.4615522011055306, -3.100483797754607, -2.6496386481429677, -1.1905903171257792, -1.3886113800764859, 1.5101303548195475, -2.744860727505871, 0.5147648355956399, -0.18695469175783294, -1.3145316916256113, 2.594982040060092, -4.042924073189617, -1.3480277584920959, 0.5147929284057046, -2.5463088464415122, -3.6685998191820004, -0.9574529555979184, -1.9749814017165204, -2.187168243037969, 1.3783011217760444]",0.96
3,"[-3.3241252949663105, -0.3481070562098687, -1.1008769794141973, -2.7180488901363065, -3.167507338968119, -0.19167414044883868, -2.8683846354533284, 1.083801268450049, 2.724124554792015, 0.23054693314346553, 2.502260130470506, -3.2858607636061063, -2.016981997301223, -0.8919485999822476, 3.014703331992564, -3.2339475412220136, 3.986321620066518, -0.7498100295300074, 2.816695639720585, 1.7850339408286402, 1.7069714346051834, -2.342711129662513, -0.7098120525757291, 0.2390029176627924, 3.246482300246983, -1.4887525953310974, 1.4627183037164582, -1.2256887230790516, 0.4602877402771416, 1.934164940882631, -1.839205548220688, 2.212872062790022, 3.698430831468782, 0.7703848614872069, -0.32308175149138224, 0.5813755465098484, 1.66757591394237, -3.5567069716748945, 2.0296161205556102, -0.9979211996662863, 0.7716074585788296, 2.5077604825475923, 0.15116196367891488, 2.2411652119670387, 0.9486271538240751, 1.3707572301945024, -1.4218381382618182, -3.3421709553941046, -3.2047060680034836, -1.3104005300411268, -0.25306917322998757, 0.060077200191989366, -0.3705328100339289, -0.42723131334809733, 0.09709648457944875, 2.332858240658352, -0.6977514515786867, 0.6008488020360934, -3.4425744805676177, -2.179745170796784, 2.246146810075995, -2.4046479275356774, -1.0312023555542265, -0.045179766923835296]",0.96
3,"[-3.8705469087055433, -0.2748695520032039, 0.280758485532758, -2.5686449909282594, -1.2043714477567522, -1.8734602828272142, -3.876179968307748, 1.9008341585263715, 1.340016580805555, 1.8832051286968605, 1.69530290439722, -3.7113915776637323, 0.035391649803355296, -1.8084931898010963, 1.1150188177110945, -1.1794341509031898, 4.034977108503143, 1.3844337018025776, 2.3821162216388654, 0.1564329665320151, 3.0181870420021863, -0.23572649522253253, -1.3626239140933945, 1.190649520474697, 3.300028249528724, -3.2545866757625532, 1.4814347788255426, -2.6577404973942693, 0.4877568451014146, 2.263293163746098, -2.980670843023388, 3.885209645130957, 3.8433665732679594, -0.0370993927207619, -1.347405265468141, 0.2687691720100446, 1.0021468130075588, 0.2650207005073998, 2.2288035304279177, 0.2257010889079667, 0.6905151011301195, -1.0194309258548393, -1.0678938754214018, 2.5183107776448654, -1.7881492183721281, -0.38959753278571657, -0.7514648258134727, -3.282194820522623, -2.592323624710499, -3.1647145852125043, 0.11434544702822691, -1.989977842172057, 0.690332505141613, 2.1754979242102506, 3.2210299930930555, -3.290321514373362, 0.5024134337350605, -1.4154395596341303, 0.2308862454399182, -2.7414833934572496, -0.04503612975337257, -0.6318266560573027, -0.14968907142710108, 0.22434689822296516]",0.96
3,"[-2.783096483737017, 2.7300887933642333, 0.8313663225699786, -1.3642773887975905, -3.583663444297024, -2.151749943911353, -2.900106141077421, 1.9659403941688953, 0.4862506051232185, 2.1839966509416486, 3.517522038381163, -2.1817589445964876, -1.0462307335227095, 1.2140410196582918, 0.39137546468988316, -2.539754132777081, 4.003636834135759, -1.221099063479494, 2.7755709390290266, 0.21894534882518368, 1.9040115183795425, -3.253267756805612, -0.9704335095702759, 0.5967246800599596, 3.217927864149629, -3.2912545897672776, 1.4871220603015185, -2.7577334897114594, 0.7721300930150888, 1.2375823039651193, -3.0968658040701302, 1.4607057997047408, 3.1244969047114703, -1.3070876322733826, 0.6217591141725808, 2.081430410320128, 2.1878054894144436, -1.7548186387554898, 4.288758706367296, -0.6507077266670557, 2.505068099249063, 0.48125401919200544, -0.7488603234194637, 1.9804307046202743, -0.020514010777252345, -1.553944310952016, -3.322222811353054, -3.1613578331627474, -4.197446558998573, -0.2864952728033163, -1.4658058216378982, -3.0295705569813025, -1.2280469461560273, -0.4858157786831565, 1.9219968260111828, 2.8900522721882203, 0.49101438004064013, -2.789494404961788, -0.7742175690361458, -3.543562693236315, 2.093604103329519, -1.0638816035097145, -1.4895758288315113, 0.5687835736671337]",0.96
3,"[-4.4520062580478585, 2.4491722483133507, 0.1667440469028812, -1.4229838564600081, -2.2081827766060647, -2.031996734407105, -2.9877161441358155, 1.1569807886599874, 2.191826429883167, 1.0402370834258545, 2.871279037628152, -2.43407732420539, -2.209497345046737, -2.1385095479596323, 0.8278782175041557, -3.739768754219032, 4.016232391087154, 0.0471381914564144, 2.0711688295442423, 1.6555274860461153, 2.2953595543267635, -1.165638755092118, 0.6531911743092516, 3.018845978632215, 2.693925027801302, -3.4535045826542734, 1.4863780731608558, -0.16422728431176248, 2.1202026673879857, 3.2958666821197533, -3.9270716538143065, 1.4343966082522301, 2.8310782639867735, 1.440711423829812, -1.345288038569735, 0.9039064686848548, 3.184726597676158, -1.863679923323619, 3.3565578585891207, -0.18240036617493627, 2.6202929241701662, -0.32353269384174976, -0.6585453829049588, 1.4424862382788954, 0.14322651609332626, -2.0036810013471746, -1.4724735697974056, -3.6433766679979307, -2.896877214069318, -1.7000437799647452, -1.7389168481129724, -1.495842073420434, 2.390628802683901, -0.4267650727548253, 2.070754593509728, -0.02015917093444264, 0.6938502302888052, -0.7513616983088692, 1.6149135428502344, -2.6776037579484004, 0.0029818102115655165, -3.3657139794306583, -1.158405133309161, 2.6459554596004287]",0.96
3,"[-2.6278359818349672, -0.6373709544665938, 2.439767336297043, -2.837986273369872, -2.0604042001584943, -1.844849571187956, -3.249783226668792, -1.6075511442665795, -2.2359730602348966, 0.8984222787153369, 3.39724319175119, -0.8549338001163465, -0.08230634888305866, 0.1860345546510782, 1.604426503845536, -3.143622720562202, 4.035647421309622, -0.20312574290897845, 3.3854244388696624, 1.747559520406588, 3.3520147893986483, -2.893291392610418, 1.5148853390484578, 1.0047052353016075, 3.7217246817739884, -2.11447221346076, 1.4575135448150538, -2.7342389549712567, 2.201997894479341, 1.0108388705997104, -3.9940258523974306, 0.9833741299808918, 3.0279726184236804, -2.438618940445769, -1.0117825201937853, 1.5910345283950367, 3.082706826168253, -0.22356840179565213, 3.5122622724454327, -1.1602486649325239, 0.6994340640414056, 0.4703806610998699, -0.3095606811584435, 3.4800707283239825, -0.34326754111067925, -1.3457432117177923, -0.929353492077284, -3.512329054484914, -4.297223920886123, -3.0988417393505756, 0.5745152960074106, -1.6693439865173436, -0.9730112584450238, -0.34790859109385996, 0.9740089765153497, 0.6296555209532584, 0.4527955473316803, 0.6275323270151552, -0.7716445440181532, -0.7016663381318233, 2.45811155367307, -2.1981329012756374, -1.390318891096641, 1.5549753367644763]",0.96
3,"[-3.001115047957506, 0.45224463567547085, 0.5978612084516092, -2.839507280036711, -3.3563205601695714, -3.0717999360881576, -3.1604279914151236, -0.2610518306652135, 1.6274296653462565, -1.5296868237863348, 2.710777513408529, -1.2585206642381852, -1.0257700605013025, -1.9075539436708326, 0.6776202120795944, -1.796077097908997, 3.9967264850802207, -3.044199153966352, 2.702125912436668, -2.0940671241613025, 3.3395311901886546, -0.1407529986193753, -0.01105855744625378, -0.029756461334514817, 3.4227136775381144, -3.0333584016338797, 1.481369688981767, -2.4855698722172717, 3.1097564380130427, 1.657607482953509, -2.0347084201507974, 3.457882080886, 1.7626936812137572, 2.199513220786902, -0.5330566215206709, 1.238163477411556, 3.4353767299659856, -1.4111886477950515, 3.712502371242885, -3.0344879882920495, -0.15991688368508572, -1.045432523712404, -1.164962539360003, 1.058885177108866, -1.1986799079867245, -3.4906940298285862, -3.1744642389850757, -2.9280421276844044, -4.215659230540191, -0.8029232018229464, -2.025164710234134, 0.6809556609366831, -0.6021326345603685, -0.8691697814389909, 0.35013026231223787, 1.0718013139193652, 1.901467024961403, -1.0231752253892255, -1.0165699197524176, -3.5554325270363734, 2.4803702644686645, -1.1394614674239245, 0.05604992388322472, -0.18942393353918635]",0.96
3,"[-0.5452760864503614, 0.779675667883302, -3.0003937674313694, -1.751128887220486, -3.5708677357062077, -2.7467820085799715, -3.0532907376356704, 0.7430250785185578, 0.80355025937578, 2.30392787357807, 3.6540848143017315, -1.3838703722659522, -1.9035498622791955, -1.5545261867002003, -0.6962234543073043, -3.4920071127083143, 0.1952398080327431, -2.420441628934734, 0.9431870695401515, 0.03336452429936276, 0.4579247016815902, 0.5908999998484348, -0.6038624066781002, 1.127740852473931, 1.7326512870751596, -1.8846041749415134, -0.06240299958830331, -1.0081104792158384, 1.7875650233993645, 0.0810521378502631, -1.016509549449663, 1.949932851632679, 3.824842398354254, 1.8181465565286588, -2.3159648799958226, -2.3612440368847083, 3.089217739949042, -0.5485479250435465, 1.1839943418404877, -2.71021314752236, -2.660537403781409, 1.7480406305396166, 0.46210155912555706, 1.5196934040772858, -0.8262241275623394, -0.641687039382022, -0.49247380482195857, -2.972858373400732, -1.9946666666226802, -3.5974640491989565, -1.909482717016954, 1.3857881578829065, -0.17853860064886218, 1.8934772356692413, 1.9829780776523012, 1.3106922488553308, -1.3163770075046162, -0.6506272907789499, -1.0242175059068148, -2.647695184666735, -0.5203572909919156, -3.1572358580900186, -0.9690463077487017, -0.2244804322311873]",0.967741935483871
3,"[0.699208121891441, 3.3540672347620766, -3.2368664606189816, -2.742050143722343, -1.8238662394265965, -0.6492396174014718, -3.397207444427325, 0.10815407365110541, 0.9039903992989446, 0.42450504758588803, 3.3998000423240495, -1.4137810921623966, -2.575640751792659, -1.3849858539746145, -1.260259699776116, -2.241993791710631, 0.600808112787542, -0.7063720160923868, -0.365744857322993, 1.3287633562856829, 1.3829780747734337, -1.3414037283116753, -0.7742315339988466, -0.4831369143101709, 0.04586257880160205, -0.25216194502416744, 0.14621519796114996, -1.4559226221539878, -0.7830900465706003, 2.149005155867755, -2.31390374041578, 2.491470862875783, 2.4962422483455438, -0.04626237846109493, -0.8021117217733977, -2.0499937936069004, 3.4414939168209138, -2.2725407645207665, 1.6802075014605908, -1.409183132457998, -3.5417094087086003, 2.6755499933375106, 1.494151915286833, 1.0621305298204573, -1.9219880081082281, -1.8350384935363488, -0.7142732010559366, -2.0169537579558092, 1.326561659745483, -3.4418298250936856, -2.325335452730649, 0.8574629707232636, 0.0947127890005639, 2.830670332551019, 2.1426343302901167, -2.1214836758199835, -2.887872216897556, -0.791348679644763, -2.2253085921322544, -3.5377507629668834, 1.3244501344721695, -2.303512997988406, 0.15741174761433951, -1.1476587342083913]",0.967741935483871
3,"[-1.9051832303194587, 3.9721108118097357, -2.235333538082381, -2.775625864515971, -1.631034471603177, -2.5935378851530575, -3.8672196915996673, 0.26379396074670103, 2.544860947698524, -1.6623730707805573, 3.3204408363926583, -3.715922425688433, -3.03356802145677, -1.173611358438969, 0.584377302943949, -0.96839928244853, 0.5472981349489787, 2.548249498559909, 2.6299098171529525, -1.791400149975535, 1.628855203504358, -2.1547781472664154, 0.40977273926860125, 2.590482432105871, 3.7462169046250096, -3.5216824278032015, 0.04573316578963338, 1.4753634641152351, 1.5255581410771233, 3.881783916605098, -3.9583984654066953, 0.5077183236688798, 2.3180382476023453, 1.1615281214208946, -2.302218125264825, 1.5593503310647228, 1.9590633709176384, -2.6966756676050205, 2.8159712266576866, -1.2510357687512335, 1.9155513113650673, 0.1301825040921054, 0.11788590791342646, 1.9838861430711612, 0.380694742891326, 2.378323495887807, 1.5077501498306662, -1.7254076092734463, -3.1683938052772813, -1.7341240283913706, -1.6600547757623394, -2.333436163962126, -1.607001903470129, -0.5952454922609864, 0.6972665536828637, 1.2285762517338772, -2.378663216819602, 1.8773323550843386, 0.3041341003143151, 0.8979961009058264, -0.03566977846899211, -2.1865468473793226, 1.4640466406925539, -0.08639887479505814]",0.967741935483871
3,"[-2.163974047053148, -0.6189960545313691, -3.2359716359014086, -2.7329090513440657, -3.3358973907495484, -2.9015114318119766, -2.555955938802394, 1.3253266345647836, 2.177298529918199, 2.428204647007018, 3.706083229912988, -2.4494161870305904, -1.6562364152265217, -3.397136073748449, -0.6961065803740936, -3.316087294659393, 0.46910399445173445, -2.3027444977904894, -0.0974044404183032, 0.3072064683699933, -0.10669146904260823, 0.8049749678302704, 1.1130474871450324, 1.4226600395619815, 3.1991706485004165, -0.5450959081108138, 0.11891275410896229, -1.58897904693549, 1.216765496355929, -0.9605815126496722, -2.932081649292324, 1.0328315585476715, 2.586852178298277, 2.0112776419949117, -3.126959940426495, -2.4190167310367716, 2.5726787046226463, 1.2761481778668018, 0.5624965433279112, -3.028873383734873, -2.1548949868703238, 2.927870961910807, -2.151519449067278, 2.034256933467759, -1.5506034742696306, -0.7828434994354713, 0.14605797147305544, -1.6825049675536459, -0.12291882022379086, -2.69948143339034, -2.414295611182679, 2.8012798476541976, 0.4287277427313505, 1.2017520665636843, 1.1461406574086723, 1.1884187285374381, 0.5165561221304442, -0.35695808615602576, -2.989991913254183, -3.7858202388133924, -1.3418620859880668, -3.3331690363264794, -0.44906275978420673, 1.0455514101206074]",0.96875
3,"[-3.0733661317717527, -0.4834715175607739, -2.9581161200624217, -2.1992223431431355, -2.5761605312037164, -0.3094159309981537, -1.9234567230280002, -1.0687921281030126, 2.2326970001556803, 1.983086185198081, 3.0626057565771485, -3.708361623920323, -3.9185398751140097, -3.720517233775943, -0.0274670694198198, -2.926309279871875, 0.5222626937044413, -0.9330677282049773, -0.3213693148990453, 1.8111275132900386, 2.2802779212824547, 1.4741733540231705, 2.864768290769278, 2.2813012343706536, 3.736885779962661, -1.107890060982266, 0.029515300656167698, -2.0965828780646185, 1.2117674268666696, -0.11717363149080129, -4.072223859664936, 1.9753043126776602, 1.0565825726799452, 2.1872249049275023, -2.3745664919790475, -0.4861011277148004, 1.5871921434581593, -0.22369674677749507, -0.010668830377165706, -3.498086549174732, -2.731515669110584, 2.882613009101397, -0.21889634609563235, 0.49075977753226097, -2.2913393394885175, -1.8121946350521148, 0.40082945242413903, -2.094487621027547, -2.6181465512622943, -3.2723666294303304, -2.3319328336906193, 2.334270509644985, 1.2567964827059397, 3.658784361883021, 1.9714864349308856, 2.564906243048878, 2.5588096288227162, 0.691381406153433, -1.8465035328855985, -3.3956387976698212, -0.23334474804025507, -0.9421683130724121, 1.2339963322926097, 0.8399517841100133]",0.96875
3,"[-0.17258428895769445, 1.9027115432267316, -2.6363990110828786, -2.7898970735995667, -1.5898926688113706, -2.7514761283886813, -2.198842607596868, 3.150184084699613, -1.1560501311105091, 2.4570238207427506, 2.2457643785382135, 1.1175734066642793, -3.466279748933421, -0.8145637385015434, -0.888152039537794, -2.578311179595959, 0.44436293571295243, 0.039884800113977104, -1.0550531542976676, -0.054230166935040416, 0.5939666340425509, 1.7864518174383315, 2.875873310924724, 3.230132780495749, 3.1756943047568917, -0.1248242156500583, 0.1460551370744034, 1.2082118978665455, 3.5339333498169085, 0.008672723924461626, -2.104540988636072, 1.5626721321770392, 1.918866665160599, 3.5878487435733346, -2.2993375271583947, -1.9617071377480717, 3.2207129304990763, -0.2504973954630594, 1.6680748672034003, -0.5073682371795547, -3.327485762499806, 2.7060968771759506, -1.0996637136742804, -0.04814471442442181, -2.151691848085912, 0.4723086520193731, 0.38581331695826804, -1.9031022076026816, -0.7608436271138461, -2.8465647574020805, -2.060417157393558, -0.6076632852512833, -0.2254634426957436, 0.8142124580985577, -0.19064477929817158, 0.8267543003885442, -0.741757250022418, -1.450297927272334, -0.5484170092826903, 0.5305313037082198, -1.1169298632062292, -1.8346056565962974, 0.6124596407247076, -1.5873113679756115]",0.96875
3,"[0.07220456522955199, 3.4442722796977954, -0.9449097139974292, -0.2195207360956586, -3.4374984052757394, -2.8021952369008885, -3.0285547871729155, 0.9916958320495242, 1.3021922953720948, -0.2011561185824966, 1.6447457482255299, -3.085784306833134, -1.0075506921778423, -2.2497868095160674, -0.6623537260615586, -3.868038201128829, 0.32019396688300517, -3.729508420251631, 0.6935361864919177, 0.34296102918982757, 1.7357365861796152, 2.8838080349030073, -1.261196618585854, 0.413736548685538, 0.41036782219880097, -3.343934715793338, -0.04208064135435974, -2.3423242866194753, -1.5160414933614763, 1.8435871973331623, 1.0101563469565737, 1.0322407971217495, 2.7718375086477653, -2.5805109221351143, -3.145356047834755, -3.769415826088075, 2.5216698248661196, -0.5306372126279232, 0.865929446066386, -3.4468021903060144, -0.7200528629367473, 2.441122530367233, -0.6944704204045499, 3.522399376574644, -1.6058882318293861, -2.91001305379092, -0.45713152327649, -3.6239202561783648, -3.74315110325979, -1.305448453580723, -1.1738419720079927, 2.4276787523074246, 0.22576308809880816, 1.7500137841375276, 0.7084081690560661, 2.001744423725639, -1.5277096808786699, -0.1430229592811293, 1.2313425880739037, -3.453643463982454, -0.1828281059165287, -1.7605368777438717, -0.10030608111561734, 0.5430442865662842]",0.96875
3,"[-0.5466633131675159, -0.4232269441906985, -2.123719943221584, -2.2488516469936837, -3.015610322922199, -1.6315586776891826, -2.997744252370121, 3.087220702708275, 0.10337458925399035, 2.3671318634327445, 3.008992933663038, -2.7941491773225953, -1.2458788311094113, -2.7935379707215398, 1.9810752616819125, -2.911160675277383, 0.3506573015402088, -2.9143533517668105, 0.39559880348250887, -1.5224160521813805, 0.17755174311928523, 2.2282830563503735, 0.5686296671475662, -0.7745840573200216, 3.719844792316613, -0.409521502973789, 0.17359097767799225, 0.21529944376225285, 1.1987007491586266, -1.304593055506249, -4.0604991601579705, -0.1188642872655, 1.2668938010835842, 1.1838829123557184, -3.136022912310552, -0.49946081091170447, 2.349936301001002, 0.20888749161354256, 0.31158843308260753, -3.2054310316283576, -4.22330939813619, 2.6313227702577318, -1.5128648415300558, 2.751209469203931, -1.5274098714952382, 1.0463448438477412, 1.3157133076985752, -1.4254774210079737, -1.144831785682149, -3.122048434794725, -2.585364589733553, 3.2770434112917646, 2.045746425678794, 1.6267103419305609, 0.6623085905331441, 0.6167889650943448, 1.1122531811178313, 0.8091099122528966, -3.3163444049590645, -1.039578013571627, -0.11768301114850693, -4.005806831156772, 0.3473566865913471, 1.647707879430489]",0.9696969696969696
3,"[1.2921157733676907, -1.1558393671553837, -1.9504857356537588, -0.17412255918006214, -3.0243402706925533, -2.583192623177686, -3.6555965435266864, 4.182435788285039, 1.36337053074296, 2.3739757226788574, 1.5370266237683827, -2.9736740366242067, -1.459759638425911, -2.207250522894623, 1.3348842601510773, -2.7805236517141374, 0.2952881839207286, -2.6678228764364933, -0.5273732890057324, -2.116270568621418, 0.27620714048412187, -0.16188023340265012, 1.401899599822361, 0.9515579291971346, 3.3325449751271625, -0.6840577639840194, 0.07640707270645192, -2.746063648701097, 2.279470424228684, -1.0876373412524063, -2.8433332006908945, -0.008107886867115735, 1.864775880604991, -1.6911409266098139, -3.1539175395051804, -2.153451613363601, 3.051857980626865, -2.5193639579703686, 2.941734062606008, -3.187115973419871, -4.093015665106564, 1.9780592741950502, -2.878402677330635, 3.507286569289346, -2.0391517026397232, -0.07843191577180164, 2.7388540787443243, -2.7328796670992674, -2.4698556107065786, -1.768079959285731, -2.5670379685590174, 3.2840713382820743, 3.975130350857859, 1.9114391204335919, 1.2500616614269728, 0.8722100265659375, 2.3131873093147415, 0.1477095280723435, -3.217148357330709, -2.0541415619845123, 3.082685920185399, -0.9954312381631096, 2.154280221796272, 2.8645782617116646]",0.9696969696969696
3,"[-1.2923383533020631, 2.574345106737282, -1.4143292293214262, -0.4954165523745626, 0.8472042124632502, 2.2537109006862868, -3.496600284558757, 0.2598061271965415, 0.8822721743502773, 1.459760411076306, 1.9512043449600507, -0.37594067533968256, -1.0111723201680343, -1.3584262296105658, 3.7948602021475537, 0.4782618393576499, 0.23086470782330037, -3.308484515254477, -1.8713896910565158, -1.9265396129784644, -1.0953688147970468, 3.615778836151511, 1.14356961469191, -1.058889920065984, 1.2375986681900697, -0.8946808074094685, 0.07982921135590226, 1.2749089398685016, 3.4688721815003016, -3.435221849170631, -4.261873741952963, -0.6972177075542085, 1.3942295012509982, 1.5704226193185, -1.293720849088234, 0.11229041890242497, 1.687542634338954, 1.1988945570388723, -2.349504162305511, -1.4795906352146015, -2.927617722922378, 2.9855356586091326, -2.8536285399205767, 1.905846012701832, -0.1240491373658279, 0.11709121619420926, 0.7419379406383102, 0.3479235792285449, -1.3076545083514004, -0.36791175010450505, 0.23113733649337215, 2.9138666027001197, 1.936498751059026, 0.07736045138321773, 1.3745100675780884, 1.922495716986771, -0.33858408985415656, 0.4679095347959671, -0.9133568292308616, -0.8006827150806939, -0.3833627983404966, -3.843672341665111, -0.14325669217262693, -0.16252170005220687]",0.9714285714285714
3,"[-0.12832890837228683, 2.3852931704987164, -2.4212001277415167, -1.3540774206034136, -0.5350320280647538, -2.6452583888261167, -3.348472937019756, 4.0297310321802104, -0.6039195499834185, 1.0800121217101457, 2.427667721736747, -3.0771625776052174, -1.7414395689611728, -2.9470568815828657, 2.3535346687812932, -2.405511845705896, 0.31201497863831634, -3.716239590881317, 0.792820363760185, 0.4604418461128048, 2.206472720484246, 1.3423594744807559, 2.2454841642506316, 0.9769614849851866, 3.211006176590594, 0.9440115594068265, 0.10037316721870249, 1.8601492797581438, 1.0083072236301431, -2.0285895979386814, -4.251872015985162, -0.820565151718495, -0.022183812485609522, 1.3903582098061065, -1.3008104639143365, -1.159273926597642, 3.277748881292207, 2.3547492839409863, 0.045374122816911555, -3.4892140575054946, -4.1697792169456145, 1.6395211145267312, -2.5629092744631166, -0.35597260222006577, -0.7886873522657338, -0.7647053169718394, 0.4566350978316438, -2.2716416547284304, -1.4020374423983752, -2.088803943767095, -2.575107394840963, 3.2825371715162497, 3.5423785695117003, 3.345839214553516, 2.307998765433277, 0.14228921881687195, -0.5216955883541985, 0.4589200518126081, -2.0487591710301496, -0.8557208799494275, -2.0987268314600507, -3.8006859604709704, -0.47487363692336937, 2.701468123291558]",0.9714285714285714
3,"[-1.8675889144130737, 1.1619574551337248, -2.840786253828215, -2.7082047081429477, -3.129584184841505, 1.0078404881549612, -0.6851158073260399, 2.190362303964191, -0.39927366361310396, 1.7685147920566826, 2.4211204720329027, -2.914094780913528, -1.6931112218305873, -3.104252569663113, 3.1246439059548488, -0.4926094234565692, 0.18590394972453989, -3.307849016966254, -1.5605337766446634, -2.1983129856918877, -1.0310080270024786, 2.4836956808173993, 1.2679862573596918, 0.26138289073470944, 3.5185042278929353, 2.8636508115472834, 0.08280234622267812, 0.07021845980221351, 1.3521716174996061, -1.3543059203321484, -4.223771590296111, -0.6015270544885216, 1.8970025903061978, 1.0373251594493804, -2.9495834703575854, 0.2967871327582974, 3.3679437232154212, -0.384195995825667, 0.5524854091025176, -1.753252233407406, -3.082847508741674, 1.3578514621169329, -2.6103793708692056, 0.7405903221430907, -2.2139361589782807, 0.27614620972655185, 0.6732801369835494, -3.3123114286553124, -1.2328124114624097, -2.4676766487620774, -0.7685822499625119, 2.950274886789856, 2.7664085950179595, 1.1991866843757282, 0.6774293917505204, -1.8039289405621866, 0.3100605965332226, 0.6301113036823287, -1.0552028501426731, -1.7656868723040398, 0.627913921492522, -3.5199542803657407, 3.6759560866141516, 3.127426644674866]",0.9714285714285714
3,"[-0.8131522287712367, -2.3238492408553895, -2.5272334200967785, -2.6759773990701885, -3.4865118171973384, -2.9428540648182113, -2.479271210371186, 1.38034232532784, 0.20787040090966658, 0.4402129633742913, 3.771970790533992, -3.2195472680871777, -3.994571812067835, -2.496058454543596, -2.584039045215679, -2.4233311733875986, 1.688345869907083, -3.360129849349203, -1.2257482886480646, -0.10800266656686419, -1.0441768187994478, -0.1671768976691521, 1.7876529701554806, -0.41446970428947516, 2.405379900519802, -0.2271390416347593, 0.4606000497909353, -1.3703910630406468, 0.6555900615694064, 0.315182319205498, -2.4617729213858337, 0.7556117394642055, 1.604992527214224, 0.9856723065641273, -1.9829494916575052, -2.2990609840370966, 3.142000194988251, 0.6868236699969301, 0.35809814393857176, -3.4916508442358376, -3.0623638896851553, 3.1522953562292106, -0.4026846537185671, 0.29596863860878986, -1.6382448372944012, -3.946623874678939, -1.2504933571896093, -1.3820859179621576, -2.7305832681739703, -3.6036246356462627, -2.0324803739510457, 2.934612655039629, 0.5428993184819244, 3.1114395269846593, -0.5858184836185395, -1.5041671416475868, 1.7994407220264719, -0.1435549438237106, -2.8661533665220595, -3.265316978732984, -1.446800414276211, -3.581116878160895, 1.209078364929851, 0.35931842805417424]",0.9722222222222222
3,"[-1.4001532932205218, -0.5550552795705647, 0.12847237806413325, -2.47670891341143, -0.5551111738049044, -0.3162614923084358, -2.257326073295975, -0.10261180560495164, 1.032346352412351, 2.365494324216669, 4.0243398792002925, -0.7791538836087852, -4.128515064307178, -3.5094804494026968, 2.0267261654757993, -2.2701716679984476, 0.6667838920890632, -3.835794927208957, -1.5857732847042776, -2.745261417230769, -0.3385611825323138, 3.854082479442046, 0.0568755475093059, 1.2235457924929807, 2.601797961247602, -0.7234483397857709, 0.3541200710483321, 0.052256585883639906, -1.1580745471604539, -3.7074516830570596, -2.0063679806408654, -0.015577835739531143, 1.0042593463944858, 0.12786664099018274, -2.7720010065653753, -1.1898735104456513, 1.6510224658773764, -0.797878280003435, -2.227617514187756, -1.1264893058286685, -1.4167775932461915, 2.3980617047640007, -2.2801106793645034, 3.507600021060727, -3.312780114216803, -2.7220537390318156, -1.5314081538879265, 2.8758883903902057, 0.1309258465519143, -1.7993224197546527, -1.376598952323192, 2.044330413008713, 3.400379779860065, -1.3751811471399982, 2.5953038473199275, 2.9803665471742464, -2.7380289312955477, 1.7520364713664485, -2.5167670243607096, 0.026848616290097493, 1.3071964137458598, -3.982781959954667, -2.7608193462041855, 1.6034295745165408]",0.972972972972973
3,"[-2.88729214055388, -0.7612558632488376, -1.9604530345496152, -0.5351287127581041, -3.5215354556044427, -2.9524006982354267, -1.328216491193399, 3.0101558617604183, -1.7587411635746883, 0.06911155549417902, 2.366722842749469, -2.740228989064429, -2.2504092717113604, -3.4374225845683277, 2.720804703903578, -2.53351735941226, -0.012619160663465023, -2.5306651769147916, 0.25420776884754914, 1.4688379289305098, -0.21787429409571463, 0.20990756945183797, 0.5226696287891117, 0.11075242335984992, 3.690419890654084, -0.17051215912342146, 0.15657205791788809, -0.8904455946780607, 0.24794215019550325, -1.9474996026419689, -3.871004459955374, 0.28120493228810617, 3.1177947650928406, -1.8938387645604766, -2.5531983110696483, -0.16234377755803986, 1.4979257043390606, 1.924280218491159, -1.0488421218830877, -2.832640927071905, -3.3512680291628194, 3.162363727490208, -1.7262877958991596, 0.15510737223409476, 0.21163744174680588, 2.134251576724272, 0.870936337043126, -1.8285030439333851, -0.23828186499797277, -3.6350225178734603, -2.6449752511742166, 1.5360111808191963, 4.130390066454714, -0.5221344057303385, 0.9169298168152029, 0.32446962750233155, 1.801654182883098, 0.43057327946565016, -3.4103952596657794, -0.5596400585566605, -0.8676341417988642, -3.045978796898496, 0.948191228805041, 1.797049841416336]",0.972972972972973
3,"[1.776446621080269, 2.587813106428732, -0.9717855403362758, -0.06081206265735695, -3.5790426339093733, -3.0145702421736376, -2.684999070975665, 3.1818656333786497, -0.32863097111387296, 1.0287589317224322, 3.472677548240742, -3.122585158085347, -0.5807939294060694, -3.6639344025036396, -0.5908304144615466, -1.1715193959057626, 0.1450456622229001, -3.4127225528530087, -0.8545736505348995, -0.8176766416572595, 0.8498449358244913, 1.8536750686827101, 1.956196541773736, 0.7055030624472753, 3.469613752984487, -1.7506302585653, 0.06566052939944522, -0.8235904711729896, 0.9788760122277931, -3.855191398045432, -4.068633858796636, -0.2159783809537813, -0.7098576323124246, 0.02224616209473851, -3.1243559390733715, -2.246195415003636, 3.2536055978445066, -1.9602546204299705, -1.4050472068956645, -3.0415933606254084, -3.8750211636921392, 2.314511323957744, 0.26031706264924215, 0.8104562745292043, -3.3352371528987694, -0.4448818740569398, -0.9649193403539171, -2.886129408778656, 0.6855980066842955, -3.219817062548696, -2.4750269002905454, 3.0673729051833982, 2.0305605488833436, 1.7462001855738996, 2.8068735722197085, 0.2935320940758965, 1.9359400433721603, 0.40522703188992854, -2.8659349053057603, -0.8439632706034464, 1.0605089667242242, -2.7313951122527196, -0.37434496342000034, 2.3848659464438864]",0.972972972972973
3,"[-1.991745399640943, 1.0257551840524957, -2.947275058527626, -1.8136988693659744, -1.0510252847382375, -2.8838552639345942, -3.029053708403576, 3.6368021857933783, 0.6086609008969108, 1.578275264741448, -0.56347124928566, -3.199173834633031, -2.276354613106692, -3.6469675859104913, 2.7843939293118742, -3.6239911346164435, 0.10195227855165767, -2.279310951150467, -1.3124915981729846, 1.3771605774531321, -0.9982152843244773, 0.9543703398634191, 2.00406922074515, -1.7536606860114952, 2.728089618466619, -0.016417601521603098, 0.17882463890593492, -1.0865023293686513, 3.186176991692273, -1.1669640016473097, -3.9512915311467367, -0.8539184646335044, 1.768310880374131, 1.898129769171205, -1.565664667210135, -0.22912340651868035, 3.077004621968399, -0.22958166407452313, -0.9883682257543119, -0.917929744533482, -4.113919158662415, 2.217576075752325, 0.9158900884274765, 2.3864224397590994, -0.7951384162670769, 0.7729136263752396, 2.197407905702371, 0.22844440923052933, -2.768277840373592, -3.7064345685362023, -0.20658269180415445, 1.3637450838658118, 1.8109116160596823, 0.5678655495184448, 0.6136912753675346, 2.2572600945832013, 1.055043943624513, 0.33806391455171686, -2.6061037244989738, -1.818307482321814, -1.0346161281067348, -3.8017095184606795, -1.1106050911455752, -0.3282154072022825]",0.972972972972973
3,"[0.36361507013627536, -0.9722323875753354, -1.9729488724178739, -2.328781693710972, -1.765447917784512, -2.771336495066003, -3.0735842570821403, 3.417402297375804, -0.65825509670055, 1.7184772507028196, 2.7136939668836404, -1.5361921564907937, -2.4426549443213927, -2.559315326334213, 2.3225649458097477, -1.5279542374838793, 0.3571410592213703, -0.6713504572985469, -0.3703456145477227, -2.84887887544953, -0.10839776488801964, 0.22459868530831306, 2.4671859328709114, -0.740498638380312, 3.668123288629209, 0.7857416198215555, 0.2386112095107884, 0.3629061616477903, -0.42635955440825835, -1.1948213886332961, -4.233653362596135, 1.538122951167688, 0.9607252150655006, -0.6317508132234498, -2.2614531597688723, 0.35712962836607276, 0.4829860856360777, 1.7004655007215246, -0.27686892123862195, -2.3858205515874356, -4.08128723236872, 2.740141267035713, -0.8418527206954067, 3.2479824709894203, -2.1079208774971523, 2.2798490489533116, -0.14988533549727356, -0.8180963056290398, -0.4880193359758958, -1.8168785593307104, -2.766423699504907, 3.263966789209297, 3.4892685078768264, 1.9340560284473167, 0.562334705599932, -1.106992387567828, -1.2854671651826635, 0.9701709878836584, -2.782068341868242, -2.7242606254856643, 1.2295757814095647, -2.2366199537308447, 1.270442940450264, 2.160551509438063]",0.972972972972973
3,"[1.31363027759821, -0.7279471871985581, -3.1177569359214066, -2.844565716600796, -3.1441681475944745, -2.4668755836052174, -2.8237750987352435, 2.483252270514697, -1.3808262206259314, -0.7476089039093425, 1.7891668750850416, -2.5314694011095837, -2.7099023514554297, -1.8372188473416504, 1.351860360073593, 0.1778633969352681, 0.09900186756752427, -1.731490140343491, -0.2182506184913271, -1.0360084722165401, -2.3594510056673452, 1.3681604640459835, 0.3572737335991285, 0.14801691698227304, 3.404708810695958, 1.6473852663851718, 0.21148573783865365, -0.6613929566430233, 1.9723851222146578, 1.3420614064991319, -1.3280216720637839, -0.6137328497830465, 1.5043894846636094, 0.43436051823751237, -2.0013775420074547, -0.2161472623768952, 0.7707950209971834, 0.5538377241613635, 2.2973798014606404, -2.0497443527889425, -1.6637429425971262, 3.1817787577045356, -1.4071932671969485, 1.4584093131206215, -2.983715194786285, 2.774023138905838, 1.6159625341074955, -2.9980281868060437, -0.21005858008223444, -3.4330176488729105, -1.5577323131037535, 0.6612673445389632, 0.7067183659378864, 3.2659563556069404, 1.2181229211943472, 0.5603788180457829, -0.07980150644217454, -1.7039613218616183, -1.988441044923091, -3.6263994028149855, -1.7659473701913502, -3.451177289528733, 2.9810320980993796, 3.090917194637145]",0.972972972972973
3,"[-1.7490547726348022, 1.0873787116045333, -3.23774503427917, -2.0707370927559854, -3.5788074419869984, -1.5784889330261151, -3.1422650364582623, 4.589783636567202, -1.0404062844652486, 0.9590659814270841, -0.2194875619827581, 0.9381102481363062, 1.1660232823281715, -3.0483848266599556, 0.5024261159231667, -0.23428831103123438, 0.2310033336486812, -2.062377512584494, 0.052486888856551436, -1.5536677100397236, -0.21590002980816056, 3.4662517993574986, 2.678243404039107, 1.309006502113284, 3.3713429644139374, -0.3658877146158383, 0.07958227153362651, -0.5233984290743396, -1.146333806650214, -1.8785544250902695, -3.948058887081017, 0.10905448188523031, 1.8285382946171764, -0.8435463324214919, -3.153429686724297, -0.4014951023106896, 2.757259608861281, -1.2138312549029204, 1.5017171042248043, -2.908306838296533, -1.9005688568794095, 0.4480718837873612, -1.7355108164200246, 3.3622425482511917, -3.4382690329202457, -1.2746140241690957, -0.23684615107190354, -2.1078228476208345, 0.4274572346081444, -0.1827617789887208, -2.7087979377485563, 2.108338319058161, 3.983982706948175, 3.7631053796433402, -0.268499425263627, 3.268156486601325, 3.240593028824515, -0.8963339609001346, -3.1341999450530027, -0.4725277430755612, -1.8873121915591329, -3.9876811169208923, 1.9631414724575982, 1.4776440766530965]",0.972972972972973
3,"[-2.691716207766632, -0.1877551682184787, -1.8053046203756309, -2.6341443223600294, -2.890711155198368, -2.9548574160945535, -3.524901994559126, 2.380167789563325, -1.316275654727653, 0.7811524846077649, 3.4157448956138294, -3.242612104817675, -0.8758820617018792, -3.7151365174944715, 2.329796431717118, -0.951596483417871, 0.45091931764749615, -3.192036198858392, 0.7004627579571698, 0.6484890248076185, 1.5751779112579496, 1.5909237114596382, -3.104918990936134, 1.0069340450599047, 3.192368339824226, 1.624425359176179, 0.05360842630598306, 0.5274358545864799, 0.7939140654003711, -1.2933451278533628, -4.066964038504391, -0.17688102063001482, 0.6304233982510645, 1.0374873511671183, -0.8788648800288033, 0.8253137710745104, 3.430158113604095, -0.988157488693082, 2.0334074796129227, -1.1227851717463984, -3.8741781064169682, -0.3555804282538686, -2.622406239338592, 1.2964091523063188, -2.0787216184366972, 1.258560163551363, 0.6080256892419642, 0.8349743885346268, -0.36267309592075775, -2.8825116636626733, -2.7741022462667577, 2.2799631912867087, 0.9212785815551505, 2.4681992082274187, 1.726850590924562, 0.2762053586410598, 1.5456599733853162, -0.7004759568347454, -3.4676389829403647, -1.066479476073629, -0.926950882918284, -2.6253703902529146, 4.055568278080431, 1.3360544893571054]",0.972972972972973
3,"[-1.8593193142442346, 1.3533189559616132, -3.17717520224485, -1.7237694036603557, -3.0850078987412246, -0.18272205377350748, -2.014791844567004, 1.3174443685085062, 3.1167672719619786, 2.4576285677105485, 1.9724087421506304, -2.105704697366972, -1.509649939504877, -1.707773367620225, 1.9655954802152231, -1.913577980505693, 0.2447521139282347, -3.6662104384631053, -1.5474027038137663, 0.6677117533890022, 0.775523202644582, -0.5762011638390983, 0.34762567212610984, 1.9752675483838693, 3.7164052258120437, -1.7304611750353154, -0.11768475138026147, -2.590999998209272, 0.2347287572527591, -0.20047740554371618, -1.2208359699942755, 0.9042475600903815, 0.6251995501803229, 2.21559557306288, -2.5490257549371003, -2.6084690295971247, 2.6039361598457185, 0.038920117951179334, -1.372074211777718, -2.3432750852495454, -2.284730271706108, 2.4473689160027607, -1.4008848856977192, 1.9140441452079724, -0.918427916700429, -2.842462906567868, 0.9733903557980373, -1.1179086524813835, -3.1802442037108833, -3.6972113038179013, -2.774606477806477, 3.197548460690077, -0.6163983020613492, -0.5618774142345547, 0.7227346198548805, 1.4674870913336089, -1.5491155339230842, -2.047013166270545, 0.41471707934129043, -3.702347786260587, -2.290731311352919, -3.412100149202558, 0.2033320854846783, 2.085179387093692]",0.972972972972973
3,"[3.0971793926591014, 2.1784146821735044, -1.6769142331752076, -2.347618518056569, -3.193217577162309, -2.165366108158798, -3.0110290341695967, -0.07594394265716725, 0.1669187047031352, 0.35728065632630224, 3.1617594234877955, -2.4021834187187427, -3.438537548185037, -1.0620361800494007, -0.6499242211419516, -2.589250102749097, 0.17345627215806747, -3.794127079670538, 0.14729642228066786, 3.4318799638672046, -2.303374442740465, 1.7112311243398381, 0.7243159773423967, -0.4032861664908174, -0.7051441228880675, -0.32405630746014014, 0.11153158331389479, -0.44103688118051343, 3.531150652933817, -1.505784290166864, -2.3134166444301822, 3.676714879000298, 1.6557703087721283, -0.7763693946961838, -1.676344966011268, -0.8605719590262417, 3.4500107263721214, 1.4982231195928728, 0.29398329385349875, -2.43744945564807, -0.35123723370500537, 1.7027754269463753, 0.5999831905703195, 2.037295297988565, 0.12149726741286093, -1.3753947057993126, 0.6582873709064008, -1.054029880221716, -2.4577361782610456, -2.7178384601571786, -2.698797961049743, 1.7484593116097664, 0.3796913534990082, 1.2329927835128651, -0.2559826421192648, 2.131785358570151, -2.4893661976809387, -3.133298102194895, -1.6293574135477245, -0.9903101494579438, 1.4779525458377991, -2.654800794128651, 0.22781139291566999, -1.6481215854131501]",0.972972972972973
3,"[-1.670310297802165, -0.8638648600477022, -1.3730630278975993, -2.7675638554187048, -2.2260496664098155, -2.079558013617863, -1.4678669751867481, -1.4517488795694553, 0.6627000067298308, -0.14081390241183134, 3.722408223016079, -2.608877911672358, -1.7530120787428798, -1.6594760653774006, 0.6965829685962975, -2.965507286826004, 3.6052297548008214, 0.861032197881881, 1.266653874467949, -1.0247281963783423, 2.6366916112376755, -0.3451199491113764, -0.3971105063422893, 1.3497376628957334, 3.6320490482558605, -2.0752759908244856, 1.3160790415403154, -1.3573243664789745, -0.10524307918245279, 2.5140872575047086, -3.3593776574432868, 4.150175871291629, 1.519394062092895, -0.35725689733173427, -1.288948795468782, 0.1492521696333129, 0.8514653820508555, -0.7152958537642151, 4.254417967049873, -1.4211415974983044, 0.8419661629724138, -1.6934788246019803, 1.4020113917116042, 2.4922175453620143, -1.1116131619970415, -0.4319115405078757, 0.14257874303215712, -2.5879653294261162, -3.04332079180615, -0.7989585535811373, -1.103630379364212, -0.515877948393023, 0.45965517894679675, -2.1025105959310357, 2.8880749727105384, -2.3838356034014234, 3.1999256200361565, 0.5672158396464111, 0.2566570892571184, -2.779117200055393, 0.5580136025931688, -2.5989607761197355, -1.5171766723660212, -1.128935929483886]",0.975
3,"[-2.821145299173643, 0.046036035928003816, -1.4531549401157915, -1.835362586580782, -2.2909289309483674, -1.6889087866014512, -2.9454236420053186, -0.44156091260467467, 2.406444230560472, -0.8453285874435192, 2.5459905447481845, -1.830045414295138, -0.9269206285911467, -3.2172753429049044, 0.4717494199084378, -3.8980505669219374, 3.6957541596590935, 0.11028664132048713, 1.5177525374071432, 0.7824834162253977, 1.4808273313058187, -3.2019075148556215, 0.12648501092689363, 0.7319814832812341, 3.6653607262163197, -3.8043707073920108, 1.4395779351793034, -1.4509727327905968, -1.2303281369814092, 3.9107541883153645, -3.927801328161114, 3.5425962973041187, 3.398365403847329, -0.22312497529998465, -1.7944729427374457, 0.544729400775777, 1.6407116957918584, -1.2942637045466228, 3.503885263000179, -0.8513618466312844, 2.0891236134867768, 0.2536532636090367, 0.04716497105289469, 2.327879520349977, 0.24109238213128958, -1.1068071028379742, 1.2347885511357792, -3.095427624463895, -3.974698702318287, -2.9436078959181566, -1.3258579951343916, -2.4716927599476004, 3.393534146610188, -1.0620354064105009, 3.3797235449455854, -0.024015610994051348, -1.2215237631422184, 0.2735461303058803, 0.24922589016693436, -2.455731554946254, 1.612462259953903, -0.48803502077002126, 0.14081292705870574, 0.27641132578517075]",0.975
17,"[1.8642712023335155, -1.158636811158074, -0.16631398064593939, -1.087498719963084, -0.18085407889973726, -1.9559220502736676, -3.033240222999649, -1.4470439654601486, -2.9321739876000876, 2.2887753795349335, 2.9388228881571803, -1.3549295783015536, 2.778311397994066, -1.7929786438898665, -0.24771232478835392, 0.8571201774266598, 4.016068838890989, 0.6534186253504246, 3.192875352762145, 0.4565511765765138, 2.122805321290703, -1.7689167609966514, -0.18132867913413497, 3.022984775543261, 0.10047289189756081, -1.6504633964630342, 1.4614674967745567, -1.4410625914083603, -0.0024844223452632486, -3.123709424088517, -4.13230715778179, -0.16372047449005644, -1.0119547547597867, -2.8632361805889066, -1.1531053583196638, -3.077527453930799, 0.2999687509093306, 2.1379730995563935, -2.958292107472117, -3.4771659432496866, -0.17994831575723902, -3.4875714228966737, 0.9091531118847659, 2.2707928899718173, -1.8958523881767857, -3.0064738512309517, -3.7834620220378747, -0.7086339583396666, 2.513614981470504, -2.4211641934115495, -1.3481782730790055, 1.3801768288317964, 3.332666481341617, 0.7202552224451768, -1.222123825132071, -4.042825871397692, -0.9895414191875782, -2.943887826232346, -1.2296891887700303, 0.8313460840296194, -3.925566720915262, 1.0451258252556157, -2.7191417258638113, -0.6048121685615646]",0.96
17,"[3.0423532569821967, -0.5313372609577052, 1.0095138284277614, -2.056541108608474, 1.2614459574057082, 0.4046337873188497, -3.651538291466622, -2.998958617907729, -2.015288169626559, 2.3424578062744135, 1.5336080343528122, -1.2312570357687327, 1.586534580748864, 1.0053496711064132, 3.1937023241331426, -1.290804157111893, 4.022281386191133, -1.6663837658332217, 3.179379067578914, 0.0004341248544583731, 2.4033372831360422, -2.8136062305347167, 0.9534637608865423, 0.7184610662889153, -0.10391408841389893, -1.4221154731941132, 1.4691964271675837, -2.7594128386474526, 1.2548028530841973, 0.20558561070045478, -1.8743992700795635, -0.21927389416777676, -3.111984206645994, -1.3738516194309478, -1.9927674318157271, -2.618518870564058, -1.283336844447685, 0.14980049911300108, -1.8193433228390896, -2.512796506468373, -0.8648629198679103, -1.526480656985942, 0.3834885989820602, -2.67318313704983, 0.3416567217866233, -3.9002935457001637, -2.891138693758681, 3.8260812208349373, 0.9268850203905372, -3.640293112049416, -1.5173899259456722, 2.952450859883515, 2.5081126827242524, 2.5090136154703075, -2.650307306678302, -3.5291523393759663, 1.1990295596319973, -2.3545903644623936, -3.478263341281307, 0.9783309734237042, -3.171681106011966, 1.3471718985733763, -1.5613371439677084, -2.7421874359396776]",0.96
17,"[1.6727973157477598, 0.07162108980316391, 3.1342706736498296, 0.1798180102486222, 0.6305821119757071, -0.36880468732911253, -2.6197927096353477, -1.4307375385570118, -3.5554360553965996, 1.4859533087426517, 2.5308648184682143, -2.091658116599912, 3.4678050146371584, -1.006308440809061, 2.4861623377730955, 1.802793428225474, 3.9804749129859545, 0.20132744088144783, 2.7373763391006283, -3.0257528508942837, 2.842920335638976, -3.239741186523434, -0.3707528440286051, 2.3698886642098733, 3.6380363080130294, -1.2436116649190563, 1.1881386508678893, -0.9331882652061818, 2.1192233175984114, -1.6431683990325134, -0.9129355233184355, 1.8788375705660456, -1.4577049825022426, -0.43421306557317774, -2.6922688770468914, -0.6065176438401927, 0.11465534642219877, 1.0172627441537119, -1.5832884823664601, -2.7925228235007413, -0.17579313090935056, -4.083273983454143, -0.8576944415216818, 0.7163865401430164, -2.5647520946858546, -4.016145165085671, -2.5324156720486926, 1.3733025007587927, 0.4374270562393425, 0.28428719639436295, -2.2514738521456614, 3.200857020774205, 1.1495296365859886, 1.1172485305221462, -1.2114671251662399, -1.8644527352273144, 1.3567940300918053, -1.7451669864653272, -3.115924444172107, -0.19362515026226973, -3.9211071990413875, 1.070604087286905, -2.9190840580474045, -2.163773997141741]",0.96
17,"[0.6217436505233287, 1.2519101592557353, 1.6660306332036159, -2.5389475789263036, 0.2491201524083383, -0.36337670735130434, -3.309616495615238, -1.5215389688209076, -3.6316656297930034, 2.433044391866807, 2.869895099061987, -2.6427171861522023, 3.4747047040791235, 0.4161182863870787, 1.8007410701006545, -0.39537325255460587, 3.8035949865605674, -1.9788694056329885, 1.8342659540264945, 0.8033211796100808, 0.4169171369427156, -2.123389126280089, 0.1147384535683229, 1.233888688390053, 3.1855830223992276, -2.551182048307929, 1.1776134344825055, 1.4051634054733293, 2.4739442389220696, -1.506696345435518, -2.7328949731776584, 1.1313803402963434, -0.16045929404618337, -3.032331144495741, -0.23977432041198, 0.5337988324123089, 0.5272439315019272, -0.13058024993344386, -0.13009683293253094, -1.8306095492263106, -3.653546952501677, -4.168017986422215, 2.406576546573839, -0.3969034922820448, -1.7258625990162026, -3.424637731424513, -3.0224327987805797, 2.9444098886416374, 1.9405581206198717, -1.4019467084551571, -1.8892158121856975, 1.6970168088013382, 2.290891632033713, -0.07190009340905548, -1.9110235923133372, -3.5115674520945115, 1.5127814952710512, -2.8751016113603853, -2.138364579847326, 1.6548288689980322, -2.579542913745805, -0.2456848603744941, -3.7035638556078254, -0.6402915648195324]",0.96
17,"[4.134139711377136, 3.6498814026647284, 1.1858060712549805, -1.82572210444616, 3.432130223905528, 0.08747546499181769, -2.3646800457318062, -0.8606748726807232, -2.8011339968336166, 2.117621925597755, 3.1391299906061367, -1.3063943145348464, -0.7155065499490938, 0.052530544665572165, 3.8062753032368772, 2.439066427553405, 3.852584886836701, -0.573047909561084, 2.767051734419844, -0.5172808366974374, 3.042208105376517, -3.2393696803748337, 2.32550460521169, -0.6458586531417643, -0.82510111164829, -2.845839368408818, 1.3137564790360452, -1.5623399675201606, 1.3982227160608363, -2.1682818746282715, -3.2547025134520746, 0.983532760727994, 0.732198502468585, -0.21238918840343235, -2.2080424249919286, -1.7362104491783754, 2.2860241609598146, 1.0384263515690009, -2.334715804736562, -2.396819269667903, -0.53542594439581, -2.1116753608725123, 2.0371399135759964, 2.157029626540837, -0.7021184964455307, -3.450094426522758, -3.536983416180569, 1.9904322243658643, 1.50535772896336, -3.697167740331311, -2.088306448409258, 2.8610311632596273, 2.9535871762453647, -0.7964258889623826, -2.719734023327852, -1.8069790782490045, 2.234386054260627, -3.3751557545031794, -1.6398214000819034, -0.7265867926664153, -3.3793530148805573, 3.798706601005297, -2.431702155707629, -2.6215742615727486]",0.96
17,"[4.102968964615958, 0.5505652350039375, -0.42143930385448625, 0.9538839782875871, 2.951346207594937, 0.12305623582542968, -2.346434645181902, -3.850934247888044, -2.611005194064531, 0.13583707504604625, 3.98133231495812, -0.25191323700933377, 2.702538114312606, -2.946383117021119, 1.6184582446036555, 1.4339025979489752, 3.9605723150207752, -3.6571574392085933, 2.395997596002239, -2.9745092954103365, 3.2311430386131557, -2.6546316488931314, 2.2747532157539405, 2.08472547393177, 0.30179580378287363, -3.4812919832080995, 1.3989430527544795, -0.5759104932362229, 1.9772635069778246, -1.209608052546825, -2.8814841888964167, -0.4387628435476403, -1.55159334662134, -2.995747646066326, 0.4268016381962889, -3.0649866953779323, 1.982945792125916, 1.69135180791402, -1.833809819130525, -2.279578077594143, -2.227857815321493, -3.6205960423787746, 4.1512405967661685, -0.09660960197481316, -1.0431171069115184, -1.4041455078569178, -2.970062285792971, 1.7746922653764918, 0.882014713326539, -1.7348469184566815, -1.2864895423422604, 2.995556066452255, 4.14470643367172, 0.9215725945401352, -2.0943077078469696, -3.7365177329208867, 3.146493033343884, -1.810295209478261, -2.7406036245871155, -0.03788492592304832, -3.780277656169284, 0.5402332965011589, -0.9730854699056654, -2.3430224739266405]",0.96
17,"[2.5134369483275445, 1.6212449091369607, 0.8333861654070644, -0.21928721667877382, 1.1483363481555167, -0.7979310590580914, -2.8210274021282267, -0.6797039767237725, -0.5724275264640131, 1.2983396731608252, 3.725698255460515, -0.3835929078852012, -0.4817440358118259, -1.7449753189373145, -0.7154651341773361, 0.5066607703960081, 4.021821467364849, -2.093675415637095, 1.783608837518168, -0.8152436280062331, 0.5206901153663122, -1.5012257786894616, -1.7483978567894263, 1.130220290375799, 0.28738751890659575, -3.6472624408561107, 1.4775435312905498, -0.2989458777721845, -0.3236220401044809, -1.8479431616700577, -1.5724057573242836, 2.9633442389093125, -0.7789268248428955, -2.5515610800262776, -0.9887966949929692, 0.03240036234147681, 1.0590699031899786, 1.6196285666731014, 1.2797712154118028, -0.4548959361980909, -4.184323647943442, -2.9825501384819164, 0.5249572964508284, -0.8422891823836155, -2.2873930800659883, -4.576912986067421, -1.5030576534001598, 1.6695081783857117, 2.6255326516922026, -2.3014664476280706, -2.408452095948687, 1.5732875561845991, 2.912908787671885, -1.8089021083971222, -2.0178008404102776, -3.8270528591114408, -0.3637466134456073, -0.6226821067322985, -3.469467825017627, 0.343107287911877, -2.1780089330762227, 3.7275460483213503, -1.2908011402404367, -2.5660531667243194]",0.96
17,"[1.5900918161918434, -1.769760149328376, 1.8344641408567552, 1.4735914217881927, -0.3543832451652289, -0.813936436674312, -3.827086062995337, -3.7612278791633234, -2.16421772636829, 1.5194987746801443, 3.3334883533249307, -0.17002522999559422, 2.517414544935704, -1.8906858381921356, 0.8178891024567536, 2.118514064532041, 3.9524609607900487, -1.3515453542466893, 2.54136040331414, -1.8602914195156943, 1.4823172346632258, -2.859840720185278, 0.6804426113512451, 0.622413929534171, 2.5983637844595897, -3.657409640910042, 1.2968939997177777, -1.1295364302634585, 1.6038404033276397, -3.2065532311228253, -1.8430069315055613, 2.0790649695093415, -0.6058114086067736, -1.472084060040204, -2.6555275052989638, -2.471512880700443, -0.5540015384509016, 2.568660234137494, -1.05345072501317, -2.0971186462405313, -4.2533590481886785, -3.678381646155607, 0.5528782145687108, 0.40565705191860135, -2.4081675592974703, -1.992895971583835, -2.5713574875719836, 2.4667212868134225, 1.5290051846259494, -0.020172135928155477, -1.0486000824025952, 2.590877757641551, 1.7236157101732523, -0.6092420683549433, -2.538273829292226, -3.409291780447912, 0.528000806385527, -3.1393287917588517, -3.429440252532354, 1.37670087562282, -3.9144644737562206, 1.0763937410938917, -1.8695317635325235, -2.7381076486804887]",0.96
17,"[3.497088211786632, 1.7835012913990065, 1.755285823437617, -0.06068726119991774, -0.24166030028246488, -1.2464086118946966, -2.532700408571273, -3.825407139086392, -3.8177913891082094, 2.4572516474994783, 2.345253050813314, -0.3011151463275591, 1.3346808752672814, -1.3976867596784746, 2.577643681261799, 1.5687116842197528, 3.9893383868458914, -1.9029449798763514, 1.6126037370936972, -0.18441269969455387, 2.720155343859478, -3.0922948810228212, 1.8741257825785373, -1.624911049902647, -0.17183877714395224, -3.8743105981277557, 1.4580974948941172, 2.7891227434910357, 1.0236867960735028, -0.46941409959892644, -4.153509656982038, 0.14378236598383243, -1.436618490322978, -2.5389859190632396, -0.7109486891378947, -1.0462969471869723, 0.03284325675749189, 1.8640435930361974, -2.0888223095506557, 0.1291664141964246, -3.825088982443531, -3.6293159504128614, 0.09850710973651422, -0.3406143893382234, -1.9119675070029618, -4.599317264006562, -3.896855420011282, 3.3763048470241266, 0.049919274265710856, -2.523205740009478, -2.0341613779715972, 3.1409985022439306, 3.9473953351008384, 0.8122762968164382, -1.5449965025724688, -3.2164321307362935, -0.9290073475800216, 0.22784987632692633, -2.7030229519320605, 0.4349997116484802, -1.1116944051560713, 2.58493695575408, 0.9279484354069087, -2.744851595260249]",0.96
17,"[4.134494204764139, 1.0144126954361679, 0.2845489013863869, -0.14162404055409444, 2.3498507692108737, -0.5771843875116844, -2.9515619953571646, -5.02020547770234, -3.487398301668316, 1.6307989155088851, 2.6259692867603066, -1.1150976653678666, 2.0679868433615667, -1.3123012379115193, 3.8091965054627006, 1.0236891539386985, 3.4867927351719903, -1.2855208650463676, 1.405840464397711, 1.4492293379921783, 3.126729568392121, -2.1783057854264927, -0.6153517235933222, 1.339213709134864, 2.834642533617407, -3.772195335229892, 1.4712803402446846, -0.8820325311360856, -0.9233970673160832, -2.0170363527013233, -1.7076239278102323, -0.9024353084135448, -2.672692500733564, -1.084890011857558, -1.6552499023053642, -1.7626871769246668, 2.4124904082065264, 1.9707036779543228, -0.5612455732902237, -0.2874536270306258, -2.7065806220107613, -4.152350449933663, 1.1299338860789696, 0.519022344750758, -0.830180428188229, -2.7270780988633248, -2.475802460839285, -0.037694597078001824, 1.4042033269206144, -1.0323852047379032, -2.5401491861302796, 2.9643825017246788, 4.034629508873347, -1.0899220604275135, -1.88472083278758, -3.4253011333988, -0.34499046994366434, -1.396293948171914, -2.6011382493016972, -3.5624394156104393, -2.7129407335362954, 3.200817180525737, 0.5506921957801179, -2.0414159524296065]",0.96
17,"[0.7347218483981404, -1.9699183257187265, -1.5320367174035807, -1.6279078428681841, 1.150171417977971, -0.6274909933429912, -2.054685184892035, -3.1536818916041836, -2.593090358712981, 1.4689452040941582, 1.3178821138897208, -0.21494367697662897, 0.9399588746392372, -1.8981989346121482, 2.5746804743486242, 0.2735260431875225, 3.993448643919977, -2.29292772667393, 3.372942319635511, 0.8849939026646989, 2.632998973169472, -2.935066100394917, 2.1226386813299047, 3.548566605892677, -0.832101468696661, -1.2360478916953965, 1.4799111056307896, -1.7082600257243206, -0.9858864528071782, 0.5527780838027709, -3.288586623052785, 3.4153204127318784, -1.4481440288215552, -1.4133759510461967, -2.165389174640478, -3.4510320505875267, 1.4843717832470238, 2.539321558576872, -1.9760998915387264, -1.4382056504297178, -1.6499237066107724, -3.2113957764366345, 2.8672500606447078, -0.6562536629312042, -2.1619351750726525, -2.2593968849183286, -3.833389525183031, 1.0312312733962967, 1.6359330636684615, -3.561595069376557, 1.9537575213132887, -0.047064257646472374, 3.9115793236312477, 1.499864969984798, -1.0023450559119604, -2.110440021308662, 3.3203082674217375, -2.428783420140079, -2.4886181496568156, -1.5838050990677772, -2.0747031801832234, 1.7196925079205752, -0.8294671598003103, -2.239458889620134]",0.96
17,"[4.048168309952129, 1.2962300678888536, 1.7100577737750853, -0.6047469435708454, 2.393302946385033, -1.747650384476128, -2.3156405778061764, -3.983537267935077, -0.34276622980507954, 2.3058991134445996, 3.507232758979227, -2.188106895825056, 3.259038322420348, -1.5759146481795927, 2.9719978883718965, -0.8620943865701697, 3.9945181772289726, -1.9452897754336282, 2.1304271257892955, -2.4324040056860676, 2.8830731991148246, -3.022148872626203, 3.0864780024499074, -0.29336977495414884, 3.641141405729939, -3.9314412951764792, 1.3064351357034494, -2.077654852808372, 1.3414785679541912, -0.8878259188221898, -3.743928385391124, 1.570925414686768, 1.4908125479148167, -1.4547033179229092, -2.160802538692955, -2.5260300507605296, 1.7241575385434347, 2.3540834820479497, -2.118431658936057, -0.5559927421619557, -4.238799182403119, -1.48895317262091, 1.802485047097085, 0.5650873954885468, -2.879643358662974, -2.3438580264388422, -3.3730242302509392, 1.8018915059125358, 1.7982472379120584, -2.113080543595056, -1.0622517070190056, 1.4240757653425382, 2.9326281174952937, 1.5004369744432793, -2.7384282504401436, -1.726600241803803, 1.660279542204616, -1.1458601310507166, -2.7237366357302557, -0.09059875797708378, -3.9391564332915037, 2.2230080767614937, -0.47892636262640886, -2.1474054830664233]",0.96
17,"[3.3881187138493, -0.5602611364109977, 0.05266118404120146, 0.5887852560956807, 2.0606117101722488, 0.7430937991130098, -1.2965963674658263, -1.6015355583890771, -3.2052229299144592, 2.395338638602442, 2.786287164716552, -3.338456717752972, 2.151696529589488, -1.6263220997202636, 3.118358252399852, -0.05652843780094641, 3.9773155601799037, -1.746135998163897, 3.0978672538572862, -2.6222093509599578, 2.9906741677559063, -1.2690201369345928, -0.6986144177630343, 0.5215952131195929, 2.2193814877698927, -3.3368266668855604, 1.444602541737545, -1.558542408995973, 2.049589603187362, 0.3137895786824072, -3.378826476671592, 0.7201458026348455, -0.9255989110403888, -2.8403443386169815, -2.8807874428006763, -1.5201669608723614, 0.932756055616689, 2.2048727535831345, -2.8896460219853686, -1.9449135550869843, -2.57460876491697, -3.4850910136167164, 3.3657525611471515, 2.2134849889278905, -2.7083862828786787, -3.7420372622291107, -2.6285973485046172, 1.50253800416801, 1.6928714038925032, -1.1633544652728691, -0.35317917688716793, -0.40322770837368616, 3.2558985246263057, 0.45932291615841725, -1.424035421102581, -3.260592736793554, 0.45117008897256594, -1.2255985801616482, -2.310355106622416, -0.7248865411653114, -3.600226845772389, 3.5686935762140726, -3.127866222230871, -1.8677828978683184]",0.96
17,"[2.344135327980898, 0.4484422319607826, 0.415123134848142, 0.8322371039389057, 0.6772802827709681, -2.2670465679677765, -2.3294392928886136, -1.2674797540688378, -3.55974633178713, 1.8204003662716892, 3.545224932559545, -3.009543680184953, 2.848761523452808, -0.9006323416125042, 2.1240720320842805, -0.25736261793382653, 4.034346523406897, -1.0266001356339536, 1.6020755629541505, -0.09228925604006744, 1.3669641619007677, -1.070758543182742, 0.6906197632691241, 0.5289008341428653, -0.568609361073134, -3.9555137118594326, 1.229118295682035, -1.7606079418670095, 1.938113565701858, -1.031860432590962, 0.06869347418929506, 1.1814709378930903, -3.1151716929650064, -0.5195723210029377, -3.154428692726161, -1.4104667802397481, 1.6297702009679131, 1.1625986353921072, 0.04031137902587867, -2.8802789586691406, -2.5990168474750948, -4.002224944797021, 2.567396419029997, 1.4926012950129164, 0.2924585565357112, -2.8839028296328437, -3.202251224789056, 1.8986981319412513, 2.456758520366252, -2.6336709560311027, -1.559987849482139, 1.336976936652997, 3.0401857867334705, -0.782184094485345, -1.9500378530488662, -3.9929611388396, 2.1457209367253474, -2.0396355121695624, -1.3615059330123729, 2.014777638441088, -2.794262889688097, 1.7395799434614525, -0.3127791033701959, -2.3446584387578695]",0.96
17,"[2.3808557421757675, -0.23216370462318697, -0.5305846928722212, 2.0810971460671865, 1.264586825439576, -0.19000176201468066, -2.707034461195047, -3.672209108863973, -3.735833338467896, 0.2803894409234333, 4.003938762360703, 0.5864160764950879, 1.039830274684902, -1.0294365445069533, 3.147211970050371, 0.8367574161776072, 4.018327115549503, -2.2270887412259373, -0.035165959223985244, -1.0156182759675778, 2.265766073485935, -3.0106396858951885, 2.691344456542297, 1.5159269147382153, 3.1916896100214744, -3.741523200650233, 1.4762414130459296, -2.7373599172687433, 0.6050571017299666, -0.860706141470706, -0.5647173798897396, 0.400087660169826, -0.8995618307193234, 0.13854795367605233, -1.4336317059191461, -1.5997792718817063, 0.8953312074072335, 2.9219042683822933, -2.3979268627719987, -2.363511585227653, -1.3589587855250096, -2.4187946261847255, 2.1811012186165404, 0.4597302063493761, -3.300576259042102, -2.8795507815526724, -3.125737690177827, 2.6101889156019786, 2.6153930052535426, -0.9742880170211969, -0.3919858414697558, 2.2951881909571097, 0.4328297851563896, 0.429343510942769, -2.6968657524282524, -3.885697993084895, 0.556148594941371, -1.4562643032500833, -3.2915682917574016, -1.4450184685742398, -3.2628351220220626, 3.8321285879966505, 1.2635335403830417, -1.0438373135585532]",0.96
17,"[1.0985043732776445, -0.3699081799740987, 2.4779887555526963, 0.1700051905159653, 0.3279844442229687, -0.7585294907725162, -2.63225152273165, -2.881186411043919, -3.8082369690237643, 2.4568309783180613, 3.717887332545388, 0.4313848173207939, 3.469463374718172, -0.08089413693769987, 1.5421203240700116, -1.1514279666873273, 4.037121304006307, 2.07048277888709, 1.304509674067524, -0.5631703916574253, 3.034239044467683, -2.9448486493346557, 0.14226257655511756, 2.1795653664023655, 3.188594948429582, -3.9053544897912897, 1.4855910973103417, -2.7486044053744183, 1.008180762966599, -2.0769915529647616, -2.549300020396346, -0.4378793117499289, -3.410114735926132, -2.9958847264720547, 1.2004520968148888, -3.470932548170379, -0.3158613022284007, 2.9447988306822745, -2.9280482579435634, -0.5613337705758831, -3.715098611179044, -3.1949436368260993, 3.4402150522286243, 2.2908396271560765, -0.06215464380148128, -4.338429914598195, -3.8304286519090622, 2.8859777969511535, 2.2685407691309325, -0.7302070386388697, -2.754658823301786, 0.020152558385023056, 3.6255214272350793, -1.0546193544531748, -1.8578749264899992, -3.2180264355217005, 2.298690464768247, -1.8870994249755284, -2.4184724855617947, 0.6393461920824403, -2.4562501008099, 1.4228491628524307, -1.0372804470949644, -1.84977594123546]",0.96
17,"[-1.7087856560668382, 0.0011046196233974737, 2.404486707340305, -0.700101860905898, 0.5492611765741674, -2.637287964701877, -2.6162549747328896, -2.3305838827632646, -1.7750460156489394, 2.1055667585525204, 2.2464153776466746, -1.8262074056873618, 3.4710073114896405, -3.3873378920933908, 1.6864461623951994, -0.2835077975124284, 3.8971485161023347, 2.7125026608479805, 3.6563112861444647, -1.2567404079670292, 1.2064322464562596, -2.0058395190054727, 0.2753320241969483, 3.3867644010150677, -0.6080614251535302, -2.9498636163420073, 1.4024156737225721, -2.6886899597816396, -0.8458894434658435, -2.7993860889552953, -3.9380994901507127, 1.105298504950015, 1.141799669049216, -2.375258442375679, -1.866784817722023, -2.742338400491958, 2.9012630328263143, 2.158614063305516, -2.9675084685659816, -3.3829311588897752, 2.46780547814272, -3.7463347832360614, -0.9703983685101779, 2.1566768224688984, -2.771594461929037, -2.4375237146703133, -3.894313590413682, 2.074085100666114, 0.5804599298929478, -1.1961664338164943, -1.6984722882092282, 2.022950057662344, 2.4648279862675566, 0.18722137944476436, -1.206095197767752, -2.0254760807522345, -1.9778849767686792, -2.660094201857685, -0.6825660044439412, 0.2700332567488296, -2.1739807019292137, 1.241591349336856, 0.3575002168874004, 0.7478884334422555]",0.96
17,"[1.5301038080418492, -0.9785193252221466, 1.886423865858616, -1.447855776512187, 0.11361415329253816, -1.5043792940469753, -1.8470640854494942, -2.786929850595378, -2.7100567121134675, 1.9829928341173721, 0.9106328722609822, -0.8881208366047684, 3.431911400256031, 0.4593556153535947, 1.818862807699111, -0.06711718987078497, 4.031382301873732, -1.9482404579439399, 1.4909427323777114, -0.29650120244088674, 0.7479878951323613, -0.090884725771321, -0.27977605692617247, 3.1615663989563263, 2.514016879068107, -1.000324980159959, 1.442288716466361, -2.215172766620573, -1.83013827596892, -3.516203782213376, -2.431797039386849, 0.022161789927808317, -1.3043280602100045, -1.615233034897228, 0.78105612264438, -2.6145321915791904, 1.083961535475582, 2.2931088071666914, -2.756612183502027, -2.1711968826008103, 1.3470678093053452, -3.1163358705535025, -2.383187560919918, 2.4128442985512075, -3.295751801265556, -2.6848376467613067, -3.423945522063555, 1.4010524738094357, 0.8627890352462224, -3.039462151421635, -2.1664031887698845, -0.9749728752943032, 3.677606123763377, -0.2243378998562332, -2.1976367757505644, -1.560432677560303, -0.4425639749932315, -3.542782439822293, -0.6148087896247207, -0.07652300353870434, -2.523282777313521, 0.17707513690473287, -1.3492725104220187, 2.6280194666133734]",0.96
17,"[2.07716427077502, -1.4549182913812497, 1.357663238778843, -1.626257912207239, -1.1061570695917948, -2.760870584561231, -2.903883527372405, -2.290869178053405, -2.5628359455636565, 1.331996784518378, 4.0075415249081745, -1.5216111383076083, 2.444357237792019, -1.0189549886049991, -2.8964341497174177, -0.021940213128289532, 3.956592080814675, 2.391653203547425, 1.2924123431814811, 1.9043003823235787, 3.3432172196005197, -1.8328578361888646, 2.2863452766439716, 3.482414012653385, -1.420944383092798, -2.21504827341279, 1.4869741781461072, -1.795538125699007, 1.7001236114889393, -2.2717941178750083, -3.1722660924461143, 0.9069834528933185, -1.980981267945429, -2.326126427694528, -0.28807685420043616, -3.747343606200526, -0.06623328148961122, 1.1090532131428084, -1.2453496769536452, -2.9865436858904757, 1.6593914590741896, -4.000130700933407, -0.5648465148512021, 0.3920934708504067, -2.9173157358905715, -2.0220048975289124, -1.995465250988337, -0.2696207350129235, 0.05685853812206032, -1.4499077839849392, -0.17660820434476943, 1.35741829387139, 2.3410397275103807, 0.6961139208968409, -2.3918612205622383, -2.016619769878529, -0.2540464902182712, -2.2327514619859996, -1.3071650240594161, 0.7105135369886362, -2.4846088212864803, -0.04068449972078514, -2.128016561966913, 0.3051225075698638]",0.96
17,"[2.888497928973515, -1.6835093690222598, 0.18539977838170973, -1.9887144101141363, -3.2634631778345855, -1.489372095992179, -1.1691461224958817, -1.4476329258341005, -3.3973919525170793, 1.9692471848833115, 3.2708422973870834, 0.00893733300702082, 1.8124651533728804, 0.3688390060331528, -0.27622793219678, 1.0995389399096438, 4.035455125171811, 1.3447168330339265, 3.130348025078924, 1.3381168622308888, 2.2317405717156813, -1.1605126090127635, -0.12239805588910072, 3.465928513757046, 1.650826061843057, 0.16567319584083218, 1.4541346054862203, 0.0037751267838375124, -0.8394724499801881, -3.858707411088568, -2.7361228766748438, -1.48648207230083, -0.9109911927748416, -0.35311470301126047, -3.0511062191947698, 0.05241518861226435, 0.38008444906260386, 1.7296034074896993, -2.823387059176116, -3.4113661803079727, -1.9335425134928217, -2.9594649031510847, -2.37955194485798, 1.806115450493968, -1.734041208464673, -1.166961706442009, -3.9175357702130955, -0.24485934682151672, 2.6048860958530313, -1.1927326065247006, 0.7958222036474807, 1.144446433601993, 3.956517596865693, 4.4234681402562686, -2.016301666653108, -2.381686206690569, -1.303863189175858, -3.0870727419777615, -2.170689992143467, -0.7710875801404248, -3.699852352821326, 2.075235791387051, -3.122584980326099, 0.4562010757930753]",0.96
17,"[1.6776552273983971, -1.2773716430867603, 0.48931668910568626, -2.133429070522941, -1.2726992680029108, -2.568505357071128, -1.2496113500541768, -1.4024419741550676, -3.5568131418900903, 0.5219169680321096, 3.98443397569555, -0.3705625959439093, 1.9442077967022764, -3.0929299709314373, 0.23222879039899358, -0.06041582504495613, 4.021738498102902, 2.3749140552914376, 3.603226506931894, 0.8529771443280637, -0.9830054192957618, -2.218230391483547, -0.660527614055239, 2.7757781145588876, 0.21657759859904843, -1.1755700480384017, 1.4204134802401818, -0.28387794137817823, 0.24450053274684944, -1.7909319795361403, -3.8985361844507294, 2.6721320195555953, -0.02781940978615638, -2.123120105064388, -2.0348412848084743, -2.714558392240432, 0.28049747065493, 2.674860742516738, -1.3869866683470438, -3.0316887576294027, -0.9172641612245924, -3.1352824472148186, 2.73842897047517, -1.071502555744035, -3.3374494816001152, -4.57176858424158, -3.921702103705993, 1.0709572733279713, 1.6656398126157304, -0.27584939116342744, 1.702953603562355, 2.401450835462331, 2.0547299599698903, 0.1648673548336777, -2.715187565439006, -2.494135245557074, -1.8589341990973915, -2.7557275508213066, -0.16760691504066383, 0.2079977212644673, -3.1682013719790545, 2.2028068911302254, -2.934283029261115, 0.0822140112341484]",0.96
17,"[2.1580191093434262, -1.6706230839915983, 0.888046898731026, 0.02301867793215351, 0.4334971880694882, -1.6600494325656778, -1.2713022275798824, 0.36698764685075624, -0.8556165032275991, 1.7505605013384269, 3.744589257680697, -0.15271549136214058, 3.3209234959682106, -2.628552061797926, -2.731952275495548, -1.5285203821034985, 3.9479212052467854, 1.4800351224751653, 2.69973403936638, -0.10389689441045186, 1.8660338967499421, 0.5555189037638273, 0.02228198969825134, 3.545904641833294, 0.9629892635982704, -1.7009970101293344, 1.448008792352049, -1.693378891336267, -0.6454351677385723, -3.6110693441580293, -3.2840627157934987, 0.10103992461243379, 0.14852699208471765, -0.10288689972188347, 0.5852832179216427, -3.4671707312267435, 0.608455875282702, 1.243162480800513, -2.30843057554358, -2.1693601393402355, -0.31631042752754107, -4.068202109949621, 0.3848749410546184, 2.096535312443703, -2.1924640326276417, -3.1754166489989517, -3.7895066179141392, 0.5133138149943297, 0.26953783738050596, -1.1923683949596369, -2.1399463094632805, 1.0868716858416727, 4.118476796700555, -0.4995004933426762, -2.74312449649899, -2.8027858173564253, -2.350741341565274, -3.9195196193456976, 0.8281058919817628, -0.3919267860985892, -2.9522467057272594, 2.3095348558654996, -3.6436713061177937, -0.49764070368391744]",0.96
17,"[1.861172013625718, -0.9186493474552284, -0.10475432163183582, -1.609910709322452, 1.698560432728447, -3.032550505378475, 0.741834943678791, -1.000144618326964, -1.9845607893686574, 1.324614191974905, 3.2885228862540212, -1.6790527902798376, 2.4153646468530123, 0.5596698688978954, -0.09843550263454351, 0.7485618571816585, 3.891461170854357, 0.14760553223830142, 2.2195984637498714, 0.940351429968924, 0.692110817125885, -1.548299152157748, 0.8368933745279858, 2.3571110863450224, 0.4977284421656214, -1.8519556561392028, 1.4274487589308782, 0.4857272099415486, 0.51486167180612, -3.835701715163909, -3.765026934793525, -0.5511170636776221, 0.2947162491964621, -2.519258802931684, -1.1617940594618406, -1.7929263030404405, 1.0884480463535855, 0.18176621787846337, -2.9136859770947185, -3.46776195899947, 1.4033882408516682, -3.6254532374200403, 1.223173684419606, 2.060077346123504, 0.23495757733350442, -3.829490398298552, -3.842937764959897, 2.045584926022139, 2.2150069087361963, -1.5810552655272256, 0.9558816328762212, 1.7745591811604413, 3.744084524799277, 0.08450527189461177, -0.7630303022850691, -3.7496272811965317, -2.541823275904905, -1.8690966479444255, -2.5054772692854894, -1.9775727831806327, -3.754728303026668, 1.44145519427325, -3.1212167765285495, -2.363772478011035]",0.96
17,"[3.3822418616421634, 0.7390816501315773, -0.3225161656107614, 0.7258643917104541, -2.412033510040575, -2.187638982706493, -0.0313034228598954, -2.622745424066781, -3.8609252088843644, -0.013026745008669849, 3.4289427591947352, 1.8944758415811414, 1.3266665652005964, -2.4858849892187536, -1.2442258716870556, -0.507982172060333, 4.030954020915943, 0.44442600963631684, 2.697324953790471, 0.8152694985986322, 2.0966878876063486, -2.5998404079247632, -0.05759771864458832, 3.3567444376564346, 1.4440362519909782, -0.5694527044852427, 1.4760987860558694, -1.2108401335725052, -2.6635253544913904, -3.136031824474642, -3.4608936589266617, -1.086185451201041, -0.7751075186947965, -2.4367701538414286, -1.6583230889366334, -3.873169327647023, -1.914885180277824, 0.6324981500194409, -2.5316777426518797, -3.474366082133497, 2.301074859047274, -3.801216008608569, 0.38823399422863775, 0.815503654934624, -0.010507931669981652, -4.507874312220543, -2.2549684050602563, 0.7672571765800434, 2.5012236597964086, -0.11869736868525749, -1.2387275199614, 1.1573562401258153, 3.91436704526584, 0.2910890909883801, 0.11834320466197168, -3.7771493902421294, -2.170148479238658, -2.8198306836120604, -1.8524838213111923, -0.10013660767356564, -1.7239401925381483, 3.06020534301712, -2.1073492780868914, -1.7387710201824849]",0.96
17,"[3.9059338016225653, -0.5806618398450003, -0.26223122132024373, -0.8320179578550662, -0.2175270036318982, -0.5963879753350901, -2.8477274272836772, -2.9431123485106916, -3.6495160078019167, 1.1394049066158902, 3.0737520414257884, -0.9669411699329085, 3.4686883340019503, -2.9133701591683314, 1.9945525388704115, 0.4290847913315621, 3.9217370696337537, 0.0242342785667361, 3.691294090627883, -0.3875066590855285, 1.1757184029068115, -3.2881412417694276, -0.6228559810550457, 3.4267061899089546, -2.5626868702843955, -3.446036154426059, 1.4890753580651344, -0.7949846738100179, -0.5483864160759113, -2.076138577912664, -2.2526615983006444, 0.5572366091830407, -0.7465071113858526, -1.7787110241691115, 0.2805138272457124, -3.506336461179128, -0.6347872408198008, 1.824638420224472, -2.9279952129993565, -1.7694672001713014, -0.7437410961358768, -1.75582623610262, 0.6908901395998542, 3.026436411911181, -1.6796922948057833, -3.718915926390836, -3.921798392794511, -0.6121205758612235, 2.474756767175796, -0.35885775050054036, -0.8704160440834112, 2.369810959625064, 2.4637993806230947, -0.5274625081511013, -2.716145940844818, -2.302888395905059, -1.0220961298790225, -3.9603498448933676, -1.5554837165638484, -0.4618356580608087, -3.5928574294771316, -0.3745648399258259, -0.5855977389431066, 0.07400591004025855]",0.96
17,"[-1.2736503418468943, -1.2322383076768983, -0.5819941627362326, -0.8404211325593044, -1.0518978339604774, 3.436533943011278, -3.712510962480574, -2.562430831708732, -2.9218371911716354, 1.7966619805095743, 2.881262587797371, 0.0646099283529531, 1.1235861816528612, -1.466517156987647, -2.2944264103277496, 0.3786124108453342, 4.037711633572281, 1.2447244998973228, 1.700388425562828, 1.3436330765404285, 0.08447328890946837, -2.4188685457164265, 0.7882839988220488, 2.4100941359117627, 0.838003447666828, -3.0441724114698485, 1.4801836439471006, 1.8983926332781658, -3.388596778525175, -1.1478366801732576, -4.144132617193558, 0.8237693371735507, -1.2941703072875537, -3.033795746974254, -3.119526909224707, -2.7078859436001075, 0.6385182202178314, 0.15650051486911654, -2.036795532303806, -3.388101580082716, -0.6557963846403884, -1.791796871571934, 2.8846707893320938, 3.524953876970684, -2.111137045846744, 0.2993430034298252, -3.047428723526232, 0.2860863665912438, 0.5726797779375152, 1.2616232094825628, -0.055126551615798935, 1.499890719599814, 3.4724443805721803, 0.5269620400832487, 0.7161194085964866, -2.3801790438553914, -2.0037043289801946, -2.4562164808209777, -0.6592854383855538, 1.162924893916059, -3.2362122614578364, -0.13657912023771557, -2.924611123574204, -1.1486703537562715]",0.96
17,"[2.77197965903963, 1.6382696330889885, -0.9700569174063803, 0.4273834123915614, 1.9505484903801846, -0.49670800197337095, -2.5381265684754637, -0.51656855335853, -2.4355753936264577, 1.7180274095204315, 1.4991706413409625, -0.6126122798080978, 3.3159695858279497, -2.0552975780144256, 0.9596477155462644, -0.37630428232182145, 4.024174182336641, -1.555350931979779, 3.6929327444291378, 1.3616873983706728, 1.021686093875463, -1.315552458520733, 1.7430813304553132, 3.1780858395192393, 3.136200653800168, -1.1947967610997845, 1.4826325336570985, 0.8405080190218434, 0.2586511377750036, -1.3300243972107937, -4.067382579896094, 2.8612845850956763, -3.398165042538565, -3.040805251604545, -2.811773853064204, -3.5479807235029104, -1.5942020206048264, 0.7709655752480679, -2.9278043873828894, -3.4193639304051366, -0.5480693957281331, -4.131178569393166, 0.0663326332840719, 1.72033365664511, -3.0037559009249115, -2.9511097749172657, -3.900929489483716, 0.28172945729884974, 1.2758211293327932, -1.627580723226773, -2.7244743530001063, 2.5127771205878187, 3.9395743822640643, 2.5429572886495233, 0.31797676873391656, -3.0859188549401075, -2.1178545564288602, -3.729845679830973, -1.6782488060772238, 3.831483885597233, -2.065380108415429, 1.5777989861886867, 0.2774201236968432, 2.1031744869113025]",0.96
17,"[0.9982065639841158, -0.8704784064549871, 0.4799936689641017, -1.8093359502670083, -0.24103674361798044, 1.2249137165577595, -2.8966237139602637, -0.213578237493796, -3.8124679909666135, 1.7203974872566739, 3.266762941279984, -2.549147676213356, 3.4634296080216367, -0.9192791064994399, -1.6767488596530784, -0.2908627736871865, 3.9673069632057087, -0.3410670828758253, 2.9015197319305153, 0.9290833857716815, 3.1996111424509506, 1.5081650102316364, -0.3446222431469739, 2.9885601853010115, 1.2086168728960116, -3.933671033423146, 1.4588701536076194, -0.39898379060251776, -1.2257952524620814, -3.0461954883287308, -3.2213753266496616, -0.7371565809197286, -2.1521166865369494, -2.408610428992117, -0.6419305021987697, -3.0387169983505045, -2.7618836865007896, 1.7159420891244495, -0.3931146263888703, -2.27055571860598, 0.5776635635162178, -3.9190577858784414, -0.6537740986527848, 2.68135506758609, -1.6747912815078776, -2.5246101391658775, -0.7037589662601604, 1.356652726594799, 1.530033879406966, -2.740808098865756, -1.935126220866017, 3.2747868062137218, 3.6688995622826046, -1.35587500830462, -1.2775208578923196, -3.7486129716470864, 0.43476287028683935, -0.9239632471909607, -1.4882149796935207, -0.4978123073250558, -3.0276350273535613, 2.3462038908884995, -2.7269780870174642, 0.03202108038346293]",0.96
17,"[0.1470209862652907, -2.3303267215863994, -0.8245222598777467, -0.988947986762595, -1.9329782980040697, 0.6758498531423656, -3.7778825196392676, -1.5926754679329205, -2.2605170376595005, 1.7015561362812077, 3.922114223154602, -2.0674766163389044, 2.646676044867646, -1.3769445119007502, 0.8171255545630806, 1.0003847419186362, 3.964032693577431, 0.710572254549819, 2.176774048307312, 2.2146072294051997, 2.0881381200804103, -2.5848362564037095, 0.877084885560635, 1.9901839276410886, 2.192789451359528, -2.665275555640542, 1.488097692007469, -0.3266634473860456, -2.2791416760088468, -2.6721985988952097, -4.2584585666585975, -0.7155303447138526, -0.52107446662411, -0.644297138952759, -0.23629649569112288, -0.9593636345076493, 2.883627436534701, 2.078200394582113, -2.765872982170417, -1.9274378927182934, 1.7867314622973258, -1.8001990581669967, -0.9951338599548132, 2.8312858134608607, 0.7147111346732724, -1.8476997463478344, -3.7804203118419872, -0.8908570019759251, 1.7634231904228994, -1.1664430218215878, -1.8749661223266987, 2.7552741899452853, 4.11773116277533, 2.0061028113667425, -0.4266320537064045, -3.6870206038878273, -2.0705946887090088, -3.0804905931916022, 0.3830990823146212, 1.3431314716007519, -1.3927269509945348, 1.8525091607105706, -3.336406586992883, 0.7884557348039486]",0.96
17,"[2.8887291812553686, -0.7123412201870686, -2.046506933746601, -2.669016531735342, -0.45015921215211063, -2.1784213102943357, -3.799415447690164, -4.808392874107592, -3.7130827600179046, -0.4061455204295399, 2.838424968592421, 0.3489892504503944, 3.1240197600690625, -2.369925798787847, 2.231844452998492, 0.7353441038313717, 3.6955427755767696, 0.09484651207552497, 3.2540597843092405, 1.0431571856769917, -0.18238976361901282, -1.6495868993843952, 1.351144375792756, 3.466816279908182, -2.1163765824851737, -3.809345319851772, 1.4857383456120603, 0.18284340064934623, -2.140590469337145, -2.455686370869879, -3.403929807827818, 1.1965436489720322, 1.2685080897028553, -1.5759806987260012, -1.322120680046442, -3.6489299461239213, -0.507062461218655, -1.7029828110151028, -2.1735284044581444, -3.3969653557129584, 1.5245404146131087, -2.952747870016254, -1.1100474111328573, 1.2964188511784516, -0.06650011266282996, -1.5314569634885236, -3.9277196726498893, -0.12068862714316109, 2.2131292649939924, -0.9844783719198171, 2.4160866357565984, 2.66362854676599, 3.0348466124118105, -1.0893581094174771, -0.8324936125498078, -2.347189133233398, 2.1365553139552507, -3.9161345389831546, -1.6008236716475899, 1.417214249751606, -2.205946392133515, 1.471923058062406, -3.0782124373413446, 0.1250355057979789]",0.96
17,"[1.749883898090934, -0.9169578713995403, -2.755865042306964, -1.1737988894214348, -3.512109283044596, -3.015035577987389, -2.445646743347584, -3.5643668514440146, -2.9900642181612627, 0.7311655643254908, 3.3309386840754276, -3.3096337404299265, 0.7819408286813099, 0.911069369668662, -1.5167654315432253, 2.425631860509459, 3.827396477539257, 0.9425428970610653, 0.0570866196056361, -0.9919853828313977, 3.3582287089308744, -0.28589491959211144, 1.8836447113347585, 2.3606841388260102, 2.2150675926322494, -2.681449493338108, 1.4890093504217778, -1.6582770037883092, -1.2185636149620935, -3.0029120785577392, -4.136919508623595, -2.6763573709032484, -0.03294757669420967, -1.8196093397871183, -0.15474424177957635, -3.723081868523387, 1.070918777848238, 0.3483986884244834, -1.6848499334809632, -2.6588857214787467, -0.23474684524629247, -4.027904406890137, 0.3924621741393106, 3.454830021673247, -2.053064367095908, -2.798272677300674, -3.8650780573873016, 1.0252582226682285, 1.5882118490120656, -1.6360329957809134, -1.2161036782049897, 1.4387561009838574, 3.4327438801433052, 1.7388348800744524, 1.4757546485608068, -2.3280497498613553, 0.6756661259327923, -3.1557406821382723, -0.061294306489660055, 0.604188486718229, -3.9483884144577424, -0.8038758014896965, -3.854924794208237, 0.06495685684323058]",0.96
17,"[0.5884019786376768, -1.0527902947066932, -3.02506468362804, -1.8989344759070454, -0.9940707104610438, -2.10576618128413, -2.8446373020364, 2.411141697717738, -3.694923024798425, 1.185693129583631, 3.58189797085721, -0.0295131342683711, 3.341289885005112, -0.2204522777189175, -0.5415515344074029, 1.2368992335315543, 4.037692868648463, -0.10772030381604725, 2.982030786205802, 0.19879898168476612, 0.33805312243764285, -2.402864984552835, 0.9702328165730434, 1.2603927782602597, 1.0532692429997164, -3.939130682166237, 1.4731115595366726, 0.30804643955493194, -0.5988788302149557, -2.531141993045842, -4.243675721581203, -0.7920652873957049, -3.4167143750265634, -2.8574833337839594, -2.6254831810192156, -3.881669055658985, -2.5898072874383837, 0.4750448019027109, -0.8337707699270656, -1.8235650426948427, -0.5386782664293513, -4.128715259361904, 1.3016075155431706, 3.474741078977814, -2.0582632745037284, -1.758854044203063, -3.0973000608565613, 0.2949202143282565, 2.5646090059939093, -1.9964546138313248, -1.348973713020475, 1.2716251695244627, 1.64371362943357, 0.6309573393570751, -1.7461326344696486, -4.04277643892109, -1.2460325503835166, -2.4388583264444743, 0.008447198741204698, 0.5269305256574603, -2.983407479029273, 3.4040436010382757, -2.4337713009181092, -0.9914193626086588]",0.96
17,"[-0.1390457570712671, -0.5737521522227684, -1.4415170642819357, -1.4400878757474727, 0.011512810200394408, -0.2534611886332616, -1.759174138904938, -1.4705926329341061, -2.6179015361206748, 2.0381703387374257, 2.1767556264229158, -0.5728234545118635, 3.0596388348735584, -1.6365334647536904, -0.3504991981564895, 0.07829091429153934, 3.80421773710127, -0.9542901135505445, 1.8547415663822897, -0.17530479639073882, 3.1117527761096384, -2.13097869976245, 0.6131698536387816, 3.2165231120892632, 2.871638990528842, -2.694754310106866, 1.4788943136911317, 1.092376727835437, 0.6880295161097665, -3.6364985131201437, -3.6187649000634075, -1.2845575071695277, -2.095381739072317, -2.244389817574299, -1.7589387456470262, -3.790365893707167, 1.4050330820228614, 1.052978995603838, -2.3272301719067414, -2.906113204911131, -0.8925584079711186, -1.41434959658414, 0.07897381069653986, 3.289167563236196, -2.50192981889248, -0.23115390022796323, -3.3643847676455927, 1.4418944249554357, -0.372749785848526, -0.434562187370341, 1.3043757164268464, 1.6546247236686487, 3.5729931131843307, 1.2020735056375647, -1.566351158145162, -4.035696078926221, -2.219633719678403, -2.1566146919774605, -2.6642478923785866, 3.4099623032076223, -3.5036065717775653, 0.5360861217656645, -3.502144971781237, -1.4658912128505577]",0.96
17,"[1.424834211712042, -1.8583363006877018, -0.973875932152793, -2.7990623054927326, -1.5183511574879038, 0.9756856407244663, -3.2864453889988154, -2.3878998493598553, -3.8418983289218738, 2.1805454074158384, 3.535447383686872, -0.6867179105144968, 3.4290865208716053, -1.1548568516039073, 0.145262466289939, 2.365541729858403, 4.033505961823402, 0.4557641108133798, 3.594828578966031, 3.445369323342425, 0.26315875634896724, -3.253805438870107, -0.9395516248934038, 1.743834852089164, 0.002921752636592445, -2.8571873430533703, 1.476569264607675, -0.15399928132044544, -0.1550078772958977, -1.8881430359859106, -2.4860637053465666, 0.7899363875994151, -2.95154078125422, -2.152741522074588, -2.233587884887128, -3.810782488242431, 0.25316832253341637, 1.7601895597514545, -1.7456947049905231, -1.0594842673741258, -2.052413804653102, -3.09446293816721, -0.6334174559011683, 3.508064428121248, -0.5809664440713063, -2.0022368664232446, -3.501891627922041, 1.0430849296679494, 0.3642965550646533, 0.5124461849740003, -1.4231147940311786, 1.8064639146626513, 2.715084347900138, 2.4253102570779874, -2.6079636362357044, -1.5435642574376653, -1.2470500782573557, -3.6799057609995565, -0.9172402813613163, -1.4628743184826432, -2.166555870590842, 3.836973873445851, -3.980769235715677, 0.9854522377542378]",0.96
17,"[1.2669260265667985, -2.4432812011720455, -1.2658767342701598, -0.8304994720179635, -0.6082758298055129, -3.0565019405868825, -1.1166405095258485, -1.0730618430550387, -3.3759474755358285, 2.0129447554385362, 2.6990458529371524, 1.1313697091930708, 3.234389686057336, -0.9268810374100459, 0.4382674290872568, 2.433199358250082, 4.034485226343211, 1.5450103312106493, 2.5815862341810973, 2.0481496109553774, -1.0090976779128988, -3.2550932485762454, -1.86168159442881, 3.090721645399933, 2.746084362491925, -3.766449722414455, 1.4717930437847206, 0.5111160766588381, -1.5038131564810255, -3.837340106630707, -4.271031324492675, -1.3471183940207587, -0.00866056338079546, -1.3623407527379567, -2.753936561075319, -3.543258872164638, -0.6203107365920437, 1.1575820874703735, -2.352906025742434, -2.275749385289023, 1.0304504464466038, -3.816524269893204, -1.2519508186966521, 1.8097090363878248, -1.2905112175361322, -1.5933083921404858, -3.6150121657459087, -0.6756831042370421, -0.5900199300829714, 1.552542929825052, -1.5030766204127448, 3.1137265015895905, 2.027128361929023, 1.5422833482658567, -0.5732810193558806, -4.00176537585348, -0.5754739928218111, -3.9416994302501274, -2.4771820325046088, 0.26237539246520875, -2.4219004111495277, 0.6265091716755327, -1.6852973864323852, 3.1495104188265657]",0.96
17,"[-0.4075680468796119, 0.44564432966695167, 0.8838512316081854, -1.1088365506837103, -1.254977023304809, 2.5722774217192628, -2.072944083249503, -2.4641072999051654, -3.5164952349934144, 1.8849552557489044, 2.009116292178965, -0.6124791766551793, 1.5683534537890438, -1.1730675624263713, -0.456268499971619, 0.6015893337113085, 3.9319329185312246, 0.6944182508599123, 2.631324647168742, 1.6130626736148965, -0.42349221656644076, 1.3493540698738427, 1.7286353018499079, 2.453871612082845, 0.8410137255436513, -3.5443340191847525, 1.3110517863494322, 0.19306087358138513, 0.6293340779845441, -2.2518529337964326, -2.7572285050472027, 1.4911380517716288, 0.418355052239461, -2.8098396656993154, -0.7162410694107991, -3.8204533937710976, -1.0947331773921716, -0.7714853877444856, 1.346479772626651, -1.6292559053780442, 0.29294148681005044, -3.13458551881744, -0.3884316320102792, 1.3120197512855518, 1.2735934616952558, -4.516904623046683, -3.1252273212177575, -0.6415496799820612, 2.341443724734129, -1.3486920868030723, -1.5860146829365513, 2.037692684911678, 3.5258499433203214, 1.9368219703537917, -1.6394408865714514, -2.9364351046454673, 0.3999390595794634, -0.3562780470185727, -1.240088076354137, 0.46444457250724797, -0.49425378727476055, -0.39317407868692555, -3.9890670584739203, 1.3659505459424]",0.96
17,"[0.377931667416197, -0.8247319770065593, -2.7091037095581525, -2.5926292414910237, -1.007970622094615, -0.11043366166393231, -0.3365387810736111, -2.9108217942453702, -3.7677882472240865, 1.4181537538667883, 3.449085515131079, 0.7580582921222218, 1.4037985678650577, -2.606648525768703, -0.2969196320633633, 1.9291608924215313, 4.011123674393374, 1.7355096819981644, 1.6927417878869346, 1.8094208113788943, 3.099892771496054, -0.3331139425327996, 3.331809469257776, 2.7442239948407163, 1.697832419988028, -2.4169019754903838, 1.2993113809810888, -1.9147479872451028, 0.6525528310389473, -0.3554123471715127, -4.159042566143447, 0.4731465868799541, -0.1439377619008172, -0.07473472913947621, -1.7350383967757432, -3.8826507418816374, -0.2572456542739209, -0.08095110735335331, -1.4363612093707312, -3.340586285764172, -0.5333462868393186, -3.618979387260456, 2.489523335987042, 1.4715841490268264, 0.837586405841598, -2.674569993474114, -2.8651548052250293, 1.8261744804397693, -0.6924838815618197, -3.135918197708127, 0.4381536054235974, 1.567111573217519, 3.154136707031511, 1.4400140962706982, -1.0900370525686927, -3.790487391000347, 1.2894756247999504, -0.48523469135753095, -1.762748675946807, 1.6875573622755438, -2.920204849867206, 0.11777183924649282, -2.5800969410985766, 1.8371456080589585]",0.96
17,"[0.8696038181045928, -0.4798918954447515, -1.331785886769826, 0.329346677097734, 0.4788597258911962, -1.875993442644103, -2.6538246334667295, -1.1091261869526914, -2.777847356495535, 0.30177360949794174, 3.387058376076967, -1.6177861358197376, 2.408420806016588, 0.7242184235149625, 0.2296514580523358, 1.2547552444263266, 4.036022526799894, 2.6805239544005954, 2.5206031231708264, 3.0243431362019813, 2.363723912169803, -1.3415277073171383, 0.840456888202976, 3.4036554221595283, 0.5212681614543779, -1.9823490718944325, 1.444961944071014, 1.3358400019579122, 0.14961347796170377, -2.2581078176709903, -3.809207754130791, -1.5125961693604826, -1.095850733189927, -2.4403269438802315, -2.122865117931923, -2.988255195312343, -0.04754860571508355, -1.110136115997146, -1.6181831552752683, -2.9766279977190964, -0.8631079335442694, -4.165027858043854, 0.6934813045558378, 3.523279088097691, -1.092041571693625, -1.7184422343939856, -0.914957072890747, 0.8885263597282227, -0.18987606953339276, -1.0168595390686503, -0.12099133287530545, 2.885905473790756, 1.960694750837165, -1.3807366586800929, 0.41456404451439677, -1.7290408646611004, -0.8795848965930452, -3.8356413599325156, -2.227225376051432, 1.130024833561766, -2.6162099392603793, 1.9727503971440505, -0.5369691127280629, -0.5869782896439666]",0.96
17,"[4.120082934084307, 0.044935255002813035, -0.2683119388503548, -2.535485217323625, -0.44223700414343414, -2.2085487924240144, -2.820460548742565, -0.30594610290401314, -2.6809611661130335, -1.955967026221824, 3.7015471007670775, -0.9429481067483213, 2.587513254825928, -1.8557377982177758, -0.4045354389103628, 2.191129553036032, 4.004664079724287, 2.3562533615759627, 3.6772623534232878, 3.3081866228244454, 2.441289284765329, -3.1879977666256343, 0.6327882846811259, 3.406178339868154, 1.2455550582562926, -3.921654135369346, 1.448386657163104, -2.2521376146621437, -1.9777728642966603, -0.44961664889377717, -4.209412154302206, -1.7450365748987762, -3.0210372577027886, -3.0436974080317527, -2.493627288154233, -2.1622438600071305, 1.345486345981942, 0.23783686554212924, -2.948882539513905, -2.2574382071472803, -0.05358287173597516, -2.2458447768241703, -1.3123655486217043, 2.0442130527651976, -1.9518495564814744, -2.7693106631802897, -2.140279110441786, 0.32227860432169647, 1.8783449869783215, 0.7337730640903457, 2.3373035603082175, 2.796763387227415, 1.5725163200521912, 2.874152618688971, -1.152489161418818, -2.442743092810254, -2.651073567706331, -3.4224337209401656, -1.5178795801212928, 0.517897772274957, -2.8198599621666007, -0.688791843533676, -2.254160177373337, -0.08087763260527316]",0.96
17,"[-1.198870561134645, -2.447878834472269, -1.8468502772913893, -0.6398433365557032, 1.7898609791589024, -2.473841679854403, -3.8762573842757746, -3.402169691214773, -3.3661535092929347, 1.1166986416946931, 3.8927562804813034, -3.2316198877117865, 2.5466220724313966, -0.3290971524015317, -0.9824243881843955, -2.1776866045054812, 4.029810610197693, 2.1664070820306662, 1.172028336432557, 1.1745967652532192, 2.963334407169201, -2.9290963728529746, 0.2725044123117707, 2.876029273492632, 1.1680086199576525, -3.2006004899243448, 1.4855261714647878, 0.8067454331931807, 2.3033915408513215, -3.8110399455094823, -1.8603420209222543, -3.0713374790408787, -0.36637474977508466, -1.829606536040441, -2.1659351698098854, -3.325805171789556, -1.050763914994161, 0.5951345865066374, -1.7934344363927008, 0.41524794764924433, -0.5219760318785226, -4.172092900837842, 1.3939241958205464, 2.849964668321985, -0.9078268845837166, -1.8011818283032568, -3.919203476849, -1.1993939694339806, 1.5788570474837038, -3.695310653381032, -1.948484600204262, -0.6841357112533553, 2.440624641570423, 2.2946638592745563, 0.13918599102953455, -4.01622771910993, -0.6873347114956263, 0.5275248244794244, -3.1491165085644575, 1.6434290186445715, -1.7475823115511102, 0.7381306697407279, -2.2374649281582033, 0.43905643423102597]",0.96
17,"[-1.2491642675441488, 1.0307656674087144, -2.8361979984207726, -1.599665621952626, -0.06143021508396118, -2.9473958534703906, -3.731238672958895, -2.2548835487221623, -3.684427901748024, 2.359525717992109, 3.5606470005935607, -2.2411875998412754, 1.5142301747625735, -1.8741611477401443, 1.7095681002977425, -0.15997120083616334, 3.948614438431766, 2.627751888698594, 3.330048933745554, -1.2973139867011967, 1.753625069820194, -0.9733565043953436, 0.6397035120301157, 0.6569852638573437, -0.5366718010157003, -3.8721871552941747, 1.4763249218892103, 0.7768151672221907, 0.6183080341113727, -1.9773497436009502, -3.1929204134266325, 0.695940879538131, -1.2260538534461816, -2.9634686584664554, -2.8090673834145177, -0.9449860125402676, 0.5249453110881301, -0.05994360197469417, -0.37466963904917616, -3.173414507776, 0.561528888085832, -1.4607899657662413, 3.779910625354497, 0.589152533128825, -0.9333318576580685, -2.5729257736375444, -3.883555912951039, 1.0656776781792097, 1.4517084259425057, -0.17704760669404251, 1.944116313566267, 3.0747753780349014, 2.611017862952947, 2.1001156274809203, -0.7335489174856369, -3.254156591682462, -1.6400160627486677, -3.860870737515666, 0.5232315407463097, 0.485036017789245, -3.739482900476721, 1.9336497094003653, -3.713605231841767, -0.2903975537256265]",0.96
17,"[0.6747770234095054, -1.511093058622028, 0.31026921784867945, -1.2770475175994298, 1.289030112294504, -0.5240663897693836, -2.707511476949496, -2.1410024892056057, -2.973328737805341, 1.7711287474719604, 3.9678432095224356, -0.46934038852593, 2.2789457087038487, -0.718114771072108, 0.87276039274086, 0.9075215481058471, 3.971362049815227, 1.527831566033699, 1.616391217849333, 0.2013750800854195, 0.8653444509250976, -1.683437843695824, 2.1960130355373186, 2.4362450681762287, 1.1453884387476578, -1.042235771857462, 1.4064845528329328, 3.97031868674669, 2.7950216839776054, -2.9908572390070205, -3.6354649398763366, 1.537109758608751, -0.8113387288314781, -2.289087182759526, -0.9979500481592225, -3.7933872881283968, 2.4253885522901144, 2.917386018347976, -0.05574225417792178, -3.498133340638527, 0.19606184740369087, -4.171332166004165, 1.52801523192784, 3.2290793237380844, -3.388906126888639, -2.1519481735603097, -3.869793260617646, -1.6911038779831125, 2.6240413419786783, -0.3192280006303527, -0.7714667892734577, 0.364228484468875, 4.022528778146046, 1.2197373361333648, -1.311919898249261, -3.014789937654069, -2.678314501970597, -3.763359190555059, -2.6547911336496908, 1.287905466543443, -3.8047659078642604, -0.5322295583596943, -2.4607107256188967, -2.321759264027266]",0.96
17,"[-0.2787493147797352, -2.27378236347965, -0.021262860581904963, -2.8127244293000224, -0.607051953189097, -2.0485444975685585, -3.578263871950166, -2.2244816257630333, -0.7801101099720058, 1.2423930288159295, 2.1204152255518744, 0.46720212816521833, 2.660598869040467, -1.444247083811189, -0.21924481690551711, -0.9416352492873726, 4.025628327084944, 0.7251235618430554, 3.528472766952816, 0.43518175594784947, 1.1296785216736995, -1.599592016077676, 0.8425883788568893, 3.54809643762607, 1.4913708866562385, -3.140172607130733, 1.364807959301732, -0.798451400156925, 0.3830882426909493, -3.154304347735774, -0.7089517396709102, -2.408751710914308, -2.2374252850741785, -3.0279984926822654, -0.5590792516573768, -2.239843294272055, 0.11680298879556225, 1.453542961301853, -2.9671506645048833, -0.35518841455454897, 1.0544733381912526, -3.3484194793111737, -0.7379404758233533, -0.1816584993807444, -3.279904077315611, -0.5844557722030197, -3.770364679755893, 2.923012525164584, 0.7870253386871984, 3.5929743184541834, 0.23482707780754264, 2.7590894383464875, 2.3160916931768654, 1.3010557831250769, -1.529984202735442, -3.7446998850448283, -1.4770347855122559, 1.7005565629626695, -0.9509256359200071, 0.3217491871864556, -3.070391981040512, 3.8396924382889783, -0.2507182118168032, -2.4196864283058623]",0.96
17,"[0.34305490653646314, 1.249475114881952, -0.8795507527013866, -2.0941097503936303, 0.31466821831446173, -1.5949713957829377, -3.6142615706085888, -0.47972079244239274, -3.594878293833011, -1.201079049748416, 3.959024883718922, -2.024158032694382, 3.3753751199393562, -0.8487325636800258, 2.510673127119187, 0.4457347456085291, 3.923170756359274, 0.513720491205205, 2.324959887165652, 2.11015861516543, 1.8577827490703498, -1.167356879299449, 2.6082645074429514, 2.1259751209499957, 1.4182342504068304, -3.9496395451679045, 1.485594751074393, -1.4687002005976, -1.8238557368134154, -1.8570224930754082, -4.185509738781174, -1.523156155653758, -1.2018960384190605, -2.2130348010025713, -1.5329757045311974, -2.418968843638843, -1.0358668803980167, 1.2507689021923598, -2.6578623539068302, -2.9566864804368436, -0.560271733874879, -4.076192904337643, 0.534440852914716, 2.2310796547988754, -3.3848751766116703, -3.913777688038727, -2.7996728739849743, 1.8187454786275346, 0.07930504957859164, -2.9922989336148054, -0.747682776771539, 2.1267869862732427, 2.372091085095403, 1.5592677074936294, -1.7278079510646438, -2.481196919655498, -2.2051674416216454, -2.688903606288978, -0.49824661671294757, 1.353738558830155, -1.8823514279466886, 0.8115396365392481, -2.9111246130063737, -1.8466314694550185]",0.96
17,"[-1.2535795124524185, 0.9019694308405779, -0.954913061695796, -1.7031658918079358, -2.37060277238958, 0.6832180707547808, -3.7570780398810286, -0.27765258594819664, -0.8523516394896538, 0.9356770476939755, 2.6624518800976267, 0.30287154522649695, 1.334386884000578, 1.78252253770085, 0.06718532222129703, 1.4868248126801311, 4.033720176615419, 3.1607048283826575, 3.3136126909505643, 1.547400517308576, 3.1928497148960275, -3.2391160325524813, 0.3313114495593607, 3.432357481052466, 1.5441651459357497, -2.2487800937268307, 1.484755656902261, -0.6728341859125206, -2.381327470957914, -2.6801345923807833, -2.949897581963974, -0.7314688073669711, -3.2973092505989827, -1.6497433050528194, -3.0612091600039104, -2.795146515796642, -0.7764812945328475, 1.3450775736043064, -2.9669590332761895, -2.9256812430681904, -0.6310517326395649, -4.133198645442269, 1.8499037845951025, 2.5313511773631907, -3.333392891389364, -0.46097673334357125, -3.855286739776149, -0.11274522544637694, 2.2475688145616117, -0.47293757389351876, 1.2779415241316232, 2.535317906404444, 2.1786635317454586, 0.9256301956998609, -2.6913285324754765, -3.596492008896079, -2.3164925877547464, -2.6834964177804537, 0.5655365634393128, 1.5495721954489725, -3.4177416031256014, 1.5695658378122594, -2.3826532104262377, 2.654455214761341]",0.96
17,"[-1.8116851379673675, -1.5312316429714736, -0.3348936681346584, -1.905600024590612, -0.7520863970051002, -0.619797202380877, -3.0139303977920706, -0.9618623076467459, -3.799299360975509, 2.4581225539514997, 0.9797429518190386, -2.48347336290628, 2.2803264379751327, -0.2223947707804792, -2.258680378487327, 2.3701748905894364, 4.0364343203066415, 2.256782308508026, 3.069958065761889, 1.183824525642133, -1.272728919712279, -3.1684218025834427, -2.778529991047244, 0.5119412212584757, 0.2519024465868014, -3.4207965420326323, 1.4788130425315051, 2.0880510977911673, -2.201037064083205, -2.193528858258457, -3.926914833698465, 1.211660764717216, -1.0401054737453412, -2.901545897295578, -0.21699270239519852, -1.7912131024652713, 2.931525068048104, 0.7932081345644639, -2.108111754870995, -3.4131320821555176, -0.9957021227777337, -2.8640040821182664, 0.5401635077086815, 3.5134514633838374, -0.3025520821321599, -3.5235414089989336, -3.434742563221011, -0.0760943943378759, 1.3229015655660241, -0.2277177014232309, -0.1467615191600936, 2.3058565956468695, 2.815067255922059, 2.8515231679615347, -0.39866289796333493, -2.229494282211032, -1.2305741591757888, -2.2188937501142885, -2.361673411576906, 2.5797010721007476, -1.8110729121722353, 2.8706001135755352, -3.792706600800003, -0.04308508115044754]",0.96
17,"[-0.5317443547304915, -1.9590683772536814, -2.8359586944185247, -2.355067607468915, 1.0532911181694238, -2.168275816429085, -3.367534612376055, -1.6830097293426771, -2.4910370511530546, 2.4282468559624175, 3.737941712877898, 0.7621246117732592, 2.7430990449036567, -1.0411647482054756, -1.440411960321704, 0.8850919815905663, 3.705890731012544, 0.4068149669713652, 0.47214075643802467, -0.7567119524997941, -1.158175076188793, -3.0656360899885655, 3.173262989783267, 0.5718477695398159, 1.0939133399619445, -2.2386864641462116, 1.4819941940543275, 0.3705278611487787, -0.16162871959757247, -3.2576578739108992, -4.199784458410987, -0.2337296796639325, -0.4198875484282013, -2.922483600294551, -3.0768334035254137, -3.2820500899669676, -1.273967477113517, 0.31137866419382465, -2.543717075764934, -1.8404766979428349, 2.159253981782641, -2.865796306628515, 1.2693326469957082, 1.0470742124122203, -2.412228805805825, -1.0863427166282782, -3.677272183018297, 0.9885603851398763, 1.9389119958546392, -3.4629511495193026, 1.2643400410199752, 3.029892252753152, 2.1242941274010185, 3.1264555267752896, -1.7760489651005447, -3.032559669431926, -1.396402795407687, -2.2062679189497962, 0.6175321945541201, -0.8493194602241472, -2.970089523997059, 1.600306121790596, -1.555625889504475, -0.08050575435615492]",0.96
17,"[1.5740994670955124, -0.05041644718099936, -0.019171683365201808, -2.738805768787268, 0.3985013926656474, -1.7196426193925822, -2.015291714619332, 1.4703693014454924, -1.9712473165992213, -0.09571895186971835, 3.9132857720567302, -1.5252939475981417, 3.4655362722081873, -1.3722110522205266, -2.1533974116071564, 1.2857809700677945, 4.027862010830938, 0.6798886944346416, 3.1548632904126133, 1.828207976141765, 1.9476483429057938, -1.0804028268484316, 2.145507508842615, 3.0375410186993834, 2.907226907058745, -3.9182761401007387, 1.435402655819321, -0.11241017965513256, -0.8732068404637676, -2.5183549813655834, -4.0500353091101, -0.9708752408809593, -0.45155276430744695, 1.0586613463748424, -0.22952269062285957, -2.080797899419683, 0.6586920008655452, 1.5935001276856382, -0.545479235209422, -3.4761729029451973, 0.5627856377781082, -0.34493385489555317, 0.7366455845561813, 0.07403761265981235, -2.2964866518608673, -1.5203607411519315, -2.9984342754655087, -0.0087958244790598, 1.5154597305392221, -1.0216243229726496, 0.6648286437575862, 2.454350699807938, 3.923426807509197, 3.0343768923896066, -2.3826482602723202, -3.173967743718298, -1.5423609909129699, -1.134595325711911, -3.3569728534827505, 0.941196034023111, -1.9845579519571324, 3.1412780219656007, -3.5803779542334038, 2.4662640425643216]",0.96
17,"[-1.193537592381909, 0.06822363386138175, -2.189862997788068, -1.528478517309693, 2.226966082000679, -2.103894467315717, -1.471810274918342, -4.047210957365309, -3.763443891617723, 1.2057522396304683, 0.8270749604015393, -2.3531886449690975, 1.9123416383090999, -1.8468088133165286, -0.44998833003075056, -1.0022397263858092, 3.990630504160486, 0.9555363998247073, 3.160026498139592, 3.2905807524811204, 2.3604595716614662, -1.5595375712502921, 1.1197255840847882, 2.3506238445702903, 0.3964946034244844, -3.6832496700187543, 1.4432766312542837, -1.1756283490131736, -0.011515845972958128, -1.6146577778524238, -4.254851815737939, -0.9092761381285702, -1.986778044530221, 0.33515838546200616, 0.2732546010170325, -1.2459721209606585, -0.8370575627664975, 2.556373156699224, -2.5738363295046796, -1.6806632365704668, -1.984030964292348, -1.577631521953001, 0.783224324184638, 2.4920979200731233, -2.6690818933814437, -0.8160073966483223, -3.382276062985804, -1.5740114420689129, 2.085355212815852, 0.8313896627818622, -0.7647713868463261, 1.5548190061458544, 2.393624484928792, 3.084066243798942, 0.5255479575426917, -2.5587591153818368, -1.3978604410915914, -3.920672250591683, -0.22330505950479762, 1.5008082293338556, -3.57682061118582, 1.7328227926609352, -3.2074974301568058, 3.2100816813732327]",0.96
17,"[0.9646497922606606, -1.4027065041662459, 1.5182746317428886, -1.0602643853569245, -0.39320459214794684, -2.6668251045122693, -1.633833624067178, -2.5181786899510303, -2.3067375886913037, 1.6772932545697274, 3.4426620560446026, -0.1725617935983239, 2.0335063012427392, -0.621290723947242, -0.3067033194300292, -0.6786684951640113, 3.8576375086607144, -0.8575299126210006, 1.5823855971882375, 2.5011479916844284, 1.6436936730450187, -2.7253782501409525, 1.15305098552089, 2.8254931097108855, 0.8719397104446174, -0.697496392499072, 1.4102292787851507, 0.3817890724073935, 1.4084937057246043, -3.2652639891360016, -4.269800599847022, 1.2416906177951734, -0.4159376049113742, -0.4164800869550698, -1.374146474581919, -3.248899765242969, 2.276513582441499, -1.5276482369555322, -0.7053759596093676, -1.243344381955918, 0.5173600359891711, -4.068312081701125, -0.42009403383975796, 3.222302590997101, -1.5443517140128562, -3.4139387679370063, -2.2883620433918077, 0.7335760623123506, 1.2834698841065832, -0.7521855381163983, -1.3825902805444548, 0.3985408213717794, 3.0544922810441584, 2.579688515335439, -2.7369526249094562, -3.3873826269180434, 1.1098164721008368, -3.190874869034662, -1.165422385855781, 1.5541617602884834, -3.6028178234330284, -0.740535821668479, -3.430242425542694, -2.720952997146523]",0.96
18,"[-1.143148556436933, 2.5430009017945774, -1.8936352817586428, 2.586093015164049, 2.586243685190496, 4.136656429325004, 3.7131321269738926, 1.2430225576605485, 1.0379863890502095, -2.9548931520116417, -1.7197530323854444, -1.1309092737508775, -4.067780068301763, -1.6436707495531575, -1.6131208835520574, 0.37194547879749995, 3.8880367825694617, -3.49750039708258, 2.916828287357246, -1.3592473903137787, -1.1029846506884762, -3.18612443563121, 2.519156790086517, -3.0801991957805166, 2.5470720392941364, -2.7772495366755026, 1.4887172188732392, 2.262410603228459, -0.9515852210006712, -2.2313345163300378, -0.8562598116979772, -0.5986312156350218, -2.7500243211624325, -3.0107586629818166, -1.1360786653021504, 0.49297600345487746, -0.5242971801208691, 1.6943215163581749, -2.3868871770636506, -1.3348279565869918, 0.1417347359844532, 1.7995972678043195, 0.36540528805238415, 3.5247623725248007, 3.8510070839532364, -3.679138656725589, 2.75476817267368, -1.6418684323768733, -2.8771339574609116, -1.298554475635096, 2.113630005014597, 0.5749242433987036, -3.4109864709335156, -3.0333788620489095, -2.670647349205191, 2.3215315266906087, 0.5120174868970448, -0.671623502080537, 2.356979872566923, -3.283822217306847, 1.4784219462128456, 2.464315288065759, 2.3354949714218156, -1.9416988597600535]",0.96
18,"[1.588897889241375, 3.98126051916911, -2.6964101117004753, 2.809826727599988, 0.8393315041896396, 3.836554148710258, 2.315653654169407, 1.1084403950341204, -0.5673623433727677, -3.040907347831018, 0.3407842089435944, -3.234364831950283, -2.3126131372434457, -2.7749301852396595, -1.895151512273983, 2.3553660689341687, 3.8732428870259525, -2.815726110791626, 3.678077113630196, 2.2876597139431256, 0.352843939608972, -1.5886044719282382, 1.5167817897863043, -3.6149500422307383, 3.7404519827737266, -1.1967154593435956, 1.4863761397117663, -1.2577331154593683, -3.7766960892925576, -1.5537080931282365, -1.503362810228654, 0.6795363113368553, -1.0358693947591462, -1.9051683392494168, -3.1548001051849512, 0.42497549592326167, 3.4510703173275235, 1.2642965990563442, -0.8097359390978087, -1.5448027789588257, 2.9208915587609825, 2.8273159328477333, 1.0110401596592171, 3.1679186387648555, 3.378193324300893, -2.71215695415088, 0.5120108222371245, -3.6476093072358875, -4.141938400949427, -0.5787205032538789, 2.716166629083746, 1.5148355620083205, -3.7559643986292226, -2.575844367895328, -2.710420285964432, 2.9971324661047403, 0.47993600802465336, -3.508549809117161, 1.9601754726376017, -3.701018779898461, 0.6748760749027232, 3.7676815731471094, 2.6995353818426326, -1.9287614278842249]",0.96
18,"[-2.9169020829859384, 1.9417612779632591, -0.5991340259316174, 0.6853930662128422, 1.4382615144884223, 4.126975070547826, 1.64746590375819, -0.23081413290262986, 2.6902562816004774, -2.543283505894781, -2.5436428483869666, -3.057932221832175, -3.973799208306329, -2.0084055078967182, -2.6356710900290956, -0.5446822167675701, 3.781140642960148, -3.82361941993687, 3.645851926333917, -1.6658796815300707, -0.6899885183511216, -2.3226201357463485, 0.5677008974815094, -1.1083106187462828, 1.5809744064751634, -1.267411633797048, 1.4479793944582728, 2.852463085713609, -1.6553521148968722, -3.820560906701911, -0.09280389731414063, -3.042773770721564, -2.305779403817312, -2.48729482106652, -0.23306142448314515, 1.5750617111663288, 0.30980399806421477, 2.907571367291771, -2.5235430169266637, -1.4560286054864833, 0.6118963067392162, 1.7271957744207478, 0.6440043598262637, 1.4027745373979164, 3.2335840548410038, -4.606541039296623, 2.2822963215137366, -2.935660737290179, -2.721890548821489, 1.0274945029913454, 1.5011857687798567, 1.24745354720466, -2.7096333440165496, -2.6501932440238285, -2.653392965688303, 1.6548535727643812, -0.252080127846115, -1.5960491951948943, 2.4850706676557315, -2.5723625078998817, 2.7364799108333466, 2.101451566628337, 4.2504764113153835, -1.85279526474753]",0.96
18,"[-2.4325522462586173, 1.8555759261782243, -1.659290923131727, 2.4012187471781465, 1.6533640189772836, 3.9745159592522863, 3.0059770341826493, 2.210536902027778, 1.2915662213001737, -2.952637746481235, -0.7601833548079376, 1.1031617040101782, -1.6005287106701318, -2.2951315812984503, 0.26782641760424664, -2.8062926690213197, 4.003974506766638, -2.781022513614759, 1.711659542901137, -1.4843200855492193, -1.631717589167117, -1.4700986809018497, -0.05733142795784518, -1.7501684771607484, 3.7265998099246476, -3.3359547153116234, 1.4817479144703756, 4.034565522250624, -1.8636336602905224, -2.6884072570319706, -1.3116014973113956, 1.8797329036031492, -1.5070145417789198, -0.6422062884625914, -1.81354669867413, 1.5633006306330026, -0.5618722979632361, 1.6893429772447988, -1.8881892448039892, -0.06448188160732382, -1.3078066763021676, 2.1497620889274285, -2.470248924782085, 3.0304702023970194, 2.237181295699115, -3.7881541860268753, 2.8477292370111997, -2.720880737335894, -4.194537469116061, -3.046291846319869, 1.2434831946849072, -1.039572472866043, -1.9899211432425465, -3.060862586783205, -1.330078887595939, 1.084980528836305, -0.9558099150986814, -0.9801834978218755, 2.1322674030891045, -3.4868133029285477, -0.6409595140917823, 2.5231897952125344, 2.0524958875605233, -1.9290578874654383]",0.96
18,"[-1.495372020229054, 3.402929436446065, -0.32136904319900084, 2.2115826061613, 2.3113193214131265, 3.957611364109119, 2.3997958615725334, -0.7123821452710961, 2.347823734686761, -2.740775390025601, -0.5143883138865069, -1.0015157455482644, -3.9595349429442748, -2.434067825849356, -1.4948035423288895, -0.4696344460941977, 4.004449138058796, -4.185439682209981, 3.6752700590715572, -2.0923613129068617, -1.6525565180887947, -2.6158910524422687, 2.8927974912689134, -2.0965250747785573, 3.050491065136347, -3.787038649237087, 1.1696895933398186, 3.2154956963504002, 0.9446619618908747, -1.404108428271576, -1.833707404334838, -0.6219720861706499, -1.7397007046673074, -1.8655891476560198, -0.7703686863102911, -2.1444935861864534, -0.5286641269579528, -0.15608580665920946, -1.810900710769526, -1.848350261167113, 0.32875559149913364, 2.3053473095926473, 0.009101143585909799, 2.561329957068037, 2.8360635368352725, -4.355318039617777, -1.7922317526406362, -1.3816736205432845, -0.16361213758758542, -1.4112274399837716, 3.0163978519071195, 3.1341219747057845, -2.2540701964657925, -2.329365791508749, -1.4509077979866574, 1.526277301521168, 3.484047810595903, -0.1710479218376484, 3.331379618550036, -3.0373088506636634, 0.9949129557099445, 2.437176566348013, 1.8167442028968557, -0.6527975385379392]",0.96
18,"[-1.4165787555442428, 2.4318394059296944, 0.36628411470419, 2.179275009934032, 3.50763669937194, 3.321022198615272, 2.66865311108075, 3.4463730940773303, 2.1807433561922616, -3.315368881508281, -1.9399698435974138, -1.0676790690160067, -2.564021183726157, 0.29813213084788326, -2.1368321298465744, -0.8972106088682311, 4.0316601602887046, -2.077253367557613, 2.413089417832646, -3.0154750978121143, -3.0071865279862884, -3.2252851868895323, 1.1631036246734678, 0.548565540618474, 2.8345299794033, -3.0054396383120587, 1.4272769055069559, -0.28617748305910906, 0.17587731873600188, -2.551815331680183, -2.334547985965555, -0.4225017805689408, -2.7814760583439955, -1.8980964763252421, -0.46498232391550454, 0.5357995448803344, -2.1991936030091845, 1.4421758933266007, -2.943595969949129, -2.1642360299812267, -2.880547341682129, 1.7565675107522787, 0.10432769645807083, 2.713848754859205, 4.142981338309021, -3.861257656585859, 3.0856225939894664, -3.644948608844069, -2.494838280520733, 1.0837152845553475, 2.4807985206571566, -0.40189766436584495, -2.5081990472168063, -0.5590728671617509, -1.77228902360835, 1.4199323563221422, -0.3808652140943021, -0.8190015322627291, 3.5500561257099656, -3.0644369813301644, 0.247326421791777, 2.097095630160962, 1.6214986016189183, -1.996137262337456]",0.96
18,"[-0.917116660375773, 2.374554442387201, 2.4867404510666518, 1.8782892693611024, 2.3235462679934757, 4.105077274654002, 2.742364676082097, 1.2335866773757642, 3.175581913570215, -1.3039643358518551, -2.2990972066536948, 2.1768718302358097, -3.9797534017486482, -0.8341199320842231, 0.3018757740058966, 1.832557062590872, 4.026620967363306, -1.242774942631605, 3.640578869600222, 0.1534995871158389, -1.7807348468451178, -2.7843176905832436, 3.298170810211004, -2.9278026851299686, 2.093660679438102, -3.5486966826793784, 1.367328551417509, 1.9916807045446094, 0.8712181512997605, -2.5473984543827095, -0.36578368186628857, -1.1165945425401385, -3.1850389683962437, -2.3864930525909576, 0.13990512334107752, -0.18629653539391577, -3.4294398458869635, 2.7942443118276445, -2.08554257626598, -3.3452408879468147, -0.15878414244919065, -0.5958366380020257, 1.5323310265688335, 2.674880034902981, 2.569633258838473, -3.445371295382812, 0.9086184567368472, -3.645827126666976, -0.8357490224616444, -0.6742459106098176, 1.7054575629220372, 2.0507893396063794, -3.470372621696842, -2.487706107767143, -2.287846500466701, 1.2369944288128432, 2.160240533793748, 0.4075501556860244, -3.4753766093082135, -2.828699312213068, 2.2604656587837706, 2.1258435798323205, 3.7877679774760153, 0.35103534748094845]",0.96
18,"[-0.8043882720429837, 2.689542828709487, -3.2355604281514734, 3.829112976475752, 3.7749750186557787, 4.093765175669826, 3.0764664510942383, 3.480520240934289, 2.663276500036624, -3.3005955021253808, -2.750036952165728, -2.633893731873526, -3.484110757708825, -2.8862617479727026, -1.3902133503986622, 2.017379469455092, 3.977058029886138, -2.962370786516219, 2.8319550871449204, -0.9925640124155239, -1.3152200613387843, -3.280829328413516, 2.8825575277210986, -0.5214532543919712, 3.481000413432337, -3.160931749870185, 1.487999341675862, 1.2684258311731316, 1.7108561926580061, -1.6542138858082656, 0.24218858387348563, -1.7828026626886366, -3.2571927391890454, -0.7684329790321791, -2.2026261116926316, 0.9825448692493521, 0.6869668397798667, 0.4215873519910076, -0.42392498380453536, -2.9702403261853894, 2.3893830621987284, 1.5313196387623667, -1.8527042170860284, 2.8427226123489175, 3.231593908135691, -1.6010513580662362, 2.0332624585824104, -1.8423216856486566, -2.5557830269820343, -0.7748049441737122, 0.7500058548431383, 2.3102175946516263, -0.4763016706586174, -2.942102164640907, -2.197332488119538, 0.917727390089085, 1.3704855641765081, -0.9156649353328756, 1.2597712208143017, -3.0482349779263624, 1.1328787635060409, 1.1803361972223405, 0.06615020990734388, -2.1470493575312686]",0.96
18,"[-1.2776807199667606, 3.2872367552677444, -2.008722820165568, 3.4771053203306064, 3.0370527715734688, 4.117135827840984, 3.5354595166634017, 1.9965556195770846, -0.40799516505922884, -0.8090099303823015, -2.014180754945645, 1.3342652223356808, -2.5175379269505154, -2.7943118657151036, -1.1876214613127913, -1.9676153727564176, 3.8507084946340293, -3.581748528503277, 2.7786081291901774, -2.8419042227238283, -1.4033003640717991, -2.2347810120093974, 2.5973837533822395, -3.63707347072406, 2.5054373111347026, -2.3852951010801644, 1.482445587069941, 2.737017375720998, -1.923117218470936, -3.8299656141564427, 1.0995733112269082, -2.2856250695139506, -2.950649763391481, -2.6057676459404893, -1.5915159718167025, 0.3548364700577222, 0.41561184792965744, -0.5813434352237707, -1.3061210756668198, 0.3922710276257195, 0.5766777526551063, 1.53547398513167, 0.794798904575374, 3.313902442555842, 3.5821480074116656, -3.4191104929584166, 2.4495426812097425, -3.4946736862813905, -4.263176846622529, -0.4618203660757322, 2.6057085948078296, -0.7282735142285075, -3.749257764012914, -2.0020570175816275, -2.5087234027913623, 1.3971671624715216, -1.7550270878494867, -0.5763351951097966, 1.7770591119796681, -3.725504270581196, -3.2352714050493194, 3.0136050525953193, 2.484682678137247, -1.2887881943395252]",0.96
18,"[0.6831974139093324, 3.403053394611888, -1.7294615127616222, 1.3978482039676992, 2.243905982357482, 3.970272937338943, 3.020503434445187, 2.6907625124011094, 2.406441297108249, -0.4600537948424983, -3.599442690725236, -1.3896974191315181, -2.257389491385463, -2.246373251361622, -0.865025192145108, -1.1060703247806072, 3.966465281615448, -3.76994461059189, 2.3032067010973596, -1.9757711813563397, -1.2470700057597255, -3.14886319250735, 2.7279444405563362, -3.1331343289432154, 1.508525332437193, -3.558377764993528, 1.472759815131239, 3.1579383647910473, -0.24708046465889455, -2.784501344355354, 1.2741724065605682, 3.1469888726045836, -3.204607661560698, -2.5698560534442443, -0.944444114166705, 1.5559161703106819, -2.429469475294937, -1.6250411268389535, -1.8321398579998407, -2.1796259752024385, -0.6508071039944645, 1.5620095071205615, 0.31208202060384527, 2.4710988559643807, 3.259961691109889, -2.4706306175685793, 2.5180320047962894, -1.9721406323037334, -2.9333108494820093, 0.054532149583866873, 1.9020170211226037, 2.3163411974215444, -3.486231984491039, -1.7469164717588415, -2.427454704791539, 2.1153903373705707, 0.7736481801662307, 0.13773267068362904, 0.47912431679506007, -1.8498926371270137, 1.1494559266047364, 1.934554990194519, 3.8461049608274545, -1.2534551546897115]",0.96
18,"[-0.7371244854049651, 0.9669815209351631, -2.232448558126441, 4.308568835409761, 3.206992438121251, 4.136534922052861, 3.695158005848597, 0.00841392838964472, 2.1857002528631426, -3.0045308249413285, -4.292452754277769, -2.1827925126430388, -2.945022012505124, 0.10966183503172355, -2.23946369840727, -0.6046722483222267, 4.035349530654965, -3.87245237803315, 1.774631362824522, -2.94653359991133, 0.43219698892742797, -2.9341598253157315, 2.5980222779206974, -1.5968393337653664, 3.360960013625737, -1.3856025949285926, 1.4717733476521635, 2.20307885577727, -1.1561261634847124, -1.1151228936169846, -0.3210445071289256, -1.1159116386959014, -0.5868115442518782, -0.48143146964773376, -1.1623282693528691, 1.1037168961651533, -0.509654716798934, 1.2998388522692328, -0.7451719366597722, -2.6994940363413553, 1.7170653208577145, 0.18920281698371966, 0.4106320361956165, 2.960383957337698, 2.6237252940343696, -4.088381373657696, 2.6632831420710397, -1.6534306544112576, -4.247645717745575, -0.9118374972080805, 1.8967432828757018, 1.1230468442112844, -3.687617407397346, -2.0301844648957568, -1.1282393053134487, 2.4069740386267644, 1.732126471061533, -0.8594462283230421, 1.7310386066980779, -3.1470495233651494, 2.5425246102877095, 2.824135048645199, 2.7160547871914047, -1.9283677996822153]",0.96
18,"[-2.4311828816194003, 3.985145689274724, -0.25694842192173784, 2.300475195635234, 2.8458781712325822, 0.28439718313932616, 1.8308271825328766, 0.24157645263385652, -0.9920692101325209, -2.1232234549612796, -0.3502279119789633, -2.981419692300951, -3.6610935488075884, -0.7347751213232927, -1.4486293920398192, 1.2238635732177003, 3.880566233534524, -4.112409455660865, 1.3908704780485976, -1.4380686884750769, -2.9647733986221456, -1.3351917945716893, 2.971619776599264, -3.3314660088477757, 2.3950586985734175, -1.020194344793988, 1.470622125723465, 1.043055316065107, 0.713139019487173, -1.9385321583202564, -2.1508795022175615, -1.4383366703484428, -2.5438995850128974, -1.9974805227649906, -2.8084733392563708, 1.2878596591716536, -2.956922623222831, 0.17704598658964454, -2.8332079659566434, -0.13221522192997145, -0.29946955868156533, 0.5248784113435332, -1.0478485367467776, 3.491730456495948, 4.107095901983268, -4.526118636320842, 0.8953977246521607, -3.0517906401186474, -2.7333429483133185, 0.23918160562840307, 0.551952646328262, 1.2998312310704259, -0.26274490444084897, -2.941153430004904, -1.4901540330012444, 1.6994226143585391, 1.9324770972139214, -2.176995966189017, 2.877431883191319, -3.4223164423105654, 2.7663227346379147, 2.099314682388956, 2.0014605927282076, -1.5684902438570214]",0.96
18,"[-3.211645503008098, 2.8707282410181536, -1.1987812412950631, 2.6228540872262838, 2.592385730841188, 3.342698135737108, 0.8538813150257449, -0.7642548651209637, -1.977037776431466, -1.0949375719055698, -1.3615938648541024, -1.312205500152912, -3.8312403493656344, -0.3131932181002453, 0.04753588730795699, 1.4136974756453853, 3.979932138303578, -4.19520992212091, 3.284684055080348, 1.127483870675182, -1.822387986368681, -3.0538706085885345, 2.99435677105877, -3.2512440104672233, 3.4007216004577168, -1.711367531359975, 1.4540961621850987, 1.4874884088635847, -0.15231962300518276, -2.954528820002739, -0.5364251450280604, -0.9247518510173832, -0.6540791361410148, -2.9784986458390588, -2.6554410148709837, 0.5741728372498208, 2.596553373452581, 1.5077294377526238, -2.868022641199383, 2.3357618698008284, -0.4822086948528047, 1.3366689243668577, -0.42940228591333857, 2.829230895923539, 3.1341024898938135, -3.0337465022259043, 0.5972170028418977, -3.638411080853644, -3.228450518545259, -0.498753945920391, 1.9107785226204894, -0.584395155643997, -3.1514706385135036, -1.302979458990764, -1.0951861333151758, 1.9278549635399282, 0.001366105301716325, -0.9873371692817641, 3.0661691164251357, -3.782925256370295, 0.6761119409244216, 3.062667855238511, 1.0201892411674045, -1.2720819869686026]",0.96
18,"[-1.2543568051893466, -0.24324893666484915, -0.9195365029983579, 0.20495286287048176, 4.124599263364606, 4.040060293294484, 0.618013678557007, 2.9628976818237396, 1.232570999354182, -1.8050979505914668, 1.8303285837393495, -1.8715361911324542, -4.090961894335022, 0.574436479895398, 0.0845074805345063, -2.6406487542225996, 4.036647711249333, -2.333736179812723, 1.9232340404273887, 1.0671105304143476, -2.639377698402993, -0.3891114851778936, 3.3282752047663173, -3.7158787860855136, 3.648401619130256, -2.6193433853299686, 1.380885456239704, 0.607320772095864, -2.290634539016467, -0.13631140952830534, -1.897714469635021, -1.8139179851590743, -2.4082192385780425, -2.019597045234012, 1.5808398035989075, 1.858101914552069, -0.678776468856986, 0.09182402478340745, -2.8796035197596423, 0.9665078844950532, -0.6896061939694975, 2.542413142224365, 0.3560258386640607, 1.8350174522823592, 3.436222762179988, -4.607323424571683, 2.54320584002098, -2.0478355859756867, -2.259755395118524, -3.149985812304263, 1.1215305849105546, 2.625605285581294, -2.887381746873465, -1.8325316447613176, -1.007096754962698, 2.228061141981079, 1.4774463384928493, -1.9030196622638829, -0.9069124668065709, -2.8620759136224914, 2.5461172285772125, 3.2212033918750933, 2.95714590068654, -1.4342009536421854]",0.96
18,"[0.9422145295208637, 2.2424878774805364, -1.958735393670531, 2.222348840984938, 2.0050009476480466, 2.73303315734125, 2.7378353819301835, 1.1118098855574559, 1.670859889640798, -2.399261508222242, -1.7011355996678887, -1.6494295358304392, -2.2459138047959812, -2.99513306961758, -0.6911893885405151, 0.3863045459573522, 0.4790557748866169, -2.959333087983741, 2.8923568678877114, 0.9295548369234653, -0.9607434669481222, -2.895112390648073, 0.002499331095710655, -3.404589995244434, 3.345943973903065, -2.603750884508835, -0.11617982768488266, 0.6524339051327264, -4.2166199930332, -3.3802841805142574, -0.9766700382283958, -1.4631631582630833, -1.047718908684192, -2.4014734837688088, -1.4233015588270421, 0.40404474335142504, 1.7076674202540634, 0.888101634609308, -2.6210124923187093, 0.8554097444362677, 0.07508107165046574, 2.9048716118385642, -0.6796098100672352, 3.504536972909499, 3.359220444242597, -3.067434520956179, 1.2321018572278473, -2.813343154150849, -3.6708756533111315, -1.7774474061050545, 2.9731846607606327, 0.7535501135329616, -3.0142441794711243, -1.2618241435645148, -1.6802589902214853, 1.2272998450181625, 1.1173868343130815, -1.5756647766233953, 2.551950961480374, -3.620257122012064, 1.1912479877455777, 3.3026735943248955, 2.9252442439937267, -1.1570010969265885]",0.967741935483871
18,"[-0.2310890019276921, 0.8020153084384991, -2.3301882988212803, 3.502564222199134, 1.5308385904638762, 4.134101333049088, 1.8624804529937051, -0.512353636644406, 1.8580274674032848, -2.901762473044954, -2.0238500336946545, 0.27267183533811973, -0.8640177329052677, -1.0089362510764368, -0.6110247986223162, -0.09110383086629714, 0.5556351500522145, -3.1042351804678807, 3.166303070364544, 0.6607035986716315, 1.7458423040990816, -3.1782235117861974, 1.0867473588733174, -2.6624484361995897, 2.9102577488995065, -3.197948787279948, -0.0953263596583549, 3.2811253367678783, -4.123060754497647, -3.6985129652044715, 0.6657696983603604, -0.33261327129297347, 0.23233870310485594, -0.7117073001844236, -2.662445289614257, 1.7512988479811331, 0.2584709014588864, 1.2460339100980053, -2.863879771429777, -0.2199612699921356, 1.4222619458981778, 1.9868149648193287, -2.3890491368128504, 2.4249230754618205, 4.098145032292464, -4.586376050833968, 2.778821511311557, -2.9751631216172667, -1.6308888433326465, -0.44831281294686387, 1.3093550801976777, 0.4199940632701019, -3.522735990023662, -1.4747296334374116, -2.5086062916631495, 2.8425328623410233, -0.056718779405401376, -3.319349528608127, 3.5007522162752887, -1.207447475778181, -1.130590366092986, 3.8341367245206324, -0.02594798680375421, -1.6838028142832429]",0.96875
18,"[-2.432889030382984, 3.97664774435507, -2.7853331223115365, 1.6855911391119789, 1.3915738420280936, 1.8958916162274688, 0.5193204144454617, 1.7548479180577499, 2.3171790722312475, -3.203906843321083, -1.1074005805331442, 2.082253929682557, -1.6226021216539974, 0.8872156624094163, 0.25783990575398474, 0.9318138924486357, 0.5407679137062426, -0.7306088740997846, 2.7250052297766003, 0.7411763655518119, 1.255300474648644, -1.662589412907402, 1.3569161787773072, -3.704563706298884, 3.682716746050274, -2.6205037861849454, -0.1252757233262992, 3.270372533642045, -2.7988064024307917, -3.7614753693707694, 0.7639298867527988, 1.4851556858315673, -1.6913539902255443, -1.3999647125427424, -1.6013210854918114, 1.742942986203159, -0.5909696701985327, -0.036057959822643815, -0.5318460943869876, 1.6904891500038548, 3.1963105529970934, 3.174779366230163, 0.0017265127869054986, -0.15387694291161336, 2.2262085311647004, -4.230489032374887, 2.7629158916316183, -3.4482558702933237, -2.4589974465286817, 0.4452343921852417, 0.8292750823411263, 1.0391234344135878, -2.6512784215424534, -0.45203365540043416, -2.4499288310298253, 0.9232131124835684, 2.196027325634656, -3.809123682392121, 1.8958608506192494, -0.5286695765602418, -2.952207643724889, 1.84708260069441, -0.1432787403485748, 0.008500131575834124]",0.96875
18,"[-1.932919251587578, 2.215944016724486, -1.1519339538407234, 3.2875866791142947, 2.4864163893128106, 3.8026866515651756, 1.8771540091360657, -0.9664555394405802, 3.1728958643046847, -1.7061266573556724, -1.0618740979078756, -0.8017868755991979, -0.22826056973748915, 0.2319335006933425, -1.7181126175271926, 0.9132508484022396, 0.6922327818215039, -0.9524305438404106, 2.8506756749896573, -1.7031463045555788, 3.0900601383375736, -2.863970080903096, 3.0437962134794203, -0.54231955111204, 3.5421996450538806, -3.2814080910437906, -0.14043697383961296, 2.9372312735995183, -4.002940616907209, -3.5692722670064994, 0.48454538552319804, 0.05330666387682004, 0.6449060960878549, -0.44788052142905316, -1.8605501477969921, 1.6045353168241563, 0.7582002471800692, 0.6031569352598293, -2.940973100250162, 3.281347090986092, 0.8117042528588385, 0.7068266612144942, -0.03661471836888941, 1.9847393046012534, 3.0293217681008024, -4.612474787898657, 2.2906254404600337, -1.3308042173303574, -1.7793811324088673, -0.778284848241109, 0.7786507289831963, 2.1991219741426278, -2.6477805387877718, -2.293728736763951, -2.6831145436105492, 2.979360592389271, -0.7738490617772557, -3.2509143082878267, 3.6749320316884457, -0.6476381017905294, -2.542024470277474, 3.8250872601206227, 0.08440868209039087, -1.1118343604255247]",0.96875
18,"[1.2821723169858132, 2.436639250647637, 0.6109286236871629, 2.897622018400928, 0.9392264178658527, 1.691118885362069, 2.0229743338487136, 0.429994305077508, 1.446400655536717, -0.8081587090709932, -0.6226801097185527, -2.0336357117849357, -3.177378845289563, -3.1186133952039525, -1.113602540387327, 0.13555290134635217, 0.45971975388566644, -1.355861177066353, 3.1618937609067608, 1.934656226548446, -0.7988916274959537, -1.7945762759330446, -2.6601991019720392, -3.6186881274474256, 1.1637429815932268, -0.9070214831328627, -0.05459525244488447, 0.9035049881069454, -3.6046079783011846, -1.6063895312160221, -1.083986925353546, -0.44969930815091064, -0.30703816531320494, -2.4861445733457157, -2.2527100570845486, -0.4083012838213081, -1.8717229920557317, 0.07256372774316078, -2.2634469098963184, 1.7290909841255147, -2.1994403335252066, 3.053091341812044, -1.5911150804978798, 3.436361759399286, 3.2548167721788808, -3.2561338688523653, 3.1305549429430397, -3.555563884184627, -4.255750956923267, -1.2043913647496536, 1.4158414743886791, 1.2356604454769387, -3.1595613720700957, -0.8539316651128697, 0.839332013202331, 3.107853164038256, -0.5196994530504249, -3.9286881842367807, 3.2374843170829015, -3.783603446077847, -0.04604106945801267, 3.3756875069098515, 1.7161519526510778, -1.1308480503586205]",0.96875
18,"[1.3731145936449876, 2.913938826755426, -2.922435739709872, 3.1963781478217097, 4.099525865607439, 3.366631310942588, 3.1648830243099138, -0.7236956577961912, 2.04281362613301, -0.27008654642084773, -2.0090454236060635, -0.4549469456237005, -3.407956535949732, -2.274120785050897, -0.40620132609372345, 0.9956281795477627, 0.5196920092310084, -3.431862386061053, 2.219737350547668, 3.1257359166057457, -0.2805308050131501, -2.6044602511088737, 2.1304439346441963, -3.552921809401713, 2.8214958084352233, -2.491498289743367, -0.10081432155870484, -0.30001276891700246, -1.542197290242535, -0.7424129609370151, -1.2175159391135968, 0.3298635686825728, -0.7820448302455294, -2.4919243669601925, -0.8842420298262008, -1.1600363929210034, 3.452227380428385, 0.3492644392144699, -2.96751686013122, 0.3956629524468857, -0.6730856401379781, 3.1770216564900537, 0.10793817119033022, 3.1004432820083743, 2.427942763989381, -1.934770188161695, -1.0208866584721847, -2.8577530133978843, -4.26739776358985, -1.8420827590405284, 3.5626218985254097, 1.69376501758882, -2.440531100385004, 0.6619564155874336, -0.8597085668907516, 2.1264308716352565, -0.03450264751316512, -1.9043946546359831, 2.299764051404294, -2.747695453409734, 0.14732552308145053, 2.3448551732419416, 4.211434088505668, -0.6522929311774524]",0.96875
18,"[-1.6199266438818434, 2.4227333182170083, -1.0436774361561678, 2.8557810461701907, 2.3892910322726775, 2.190825894035658, 3.4940214976848476, 2.6279080918363826, -0.25935246202379547, 0.5167333637152374, -3.363687081239407, -3.5167619783652313, -3.609635720616583, -2.421229155768348, -1.5362838169717234, -0.8280902795003636, 0.5766375726845463, -4.227204009583035, 2.2724640614289044, 0.5555004704920974, -1.7649379706371706, -2.252836379097895, 2.878375569554667, -3.3067981671934996, 1.1711163570544354, -3.617229094803313, 0.033798515202300816, 3.487354052737051, 2.7407169826155497, 0.7461034380285261, 0.36406848127058855, -0.02102227820149616, 0.030573311892244437, -1.2768753912426618, -1.1413803936864502, 0.1756301434220217, 2.085800261998119, -0.1860086236316565, 0.9955492905137588, -0.5585121018605999, -1.0729282757331422, 0.5094994742551224, -2.509020689930452, 3.0920975506830493, 4.1407711039055, -3.763187061754362, 2.5465387360051417, -0.24552767147241328, -4.239223162231327, -1.6359475313867415, 1.399960858973178, 1.9157843575499522, -3.295376856870181, -2.5045020348017335, -2.2935377680819986, 1.6935513614622826, -0.8366952984147898, -0.8191320538358571, 1.736619656386868, -2.4695418126412383, 1.5784879058712256, 1.9911831144171834, 3.9865143616020484, -0.8293340270079993]",0.96875
18,"[0.5351243617520842, 1.9212616072063935, -1.5204240740803616, 4.290159462026473, 3.5941337892511807, 2.4206872179190286, 3.5815883245803497, -0.4457071154398653, 2.0030345998846735, -2.891160724812123, -2.5541748409220193, 0.4608801117863346, -1.8006783289930284, -2.319169377005565, 0.5721741928959657, 2.3907008975930557, 0.3742785903686727, -2.7123225583349857, 2.8416116848450383, -0.9889522064118538, 1.214991751762141, -3.151253811543463, 2.2000138912007525, -3.603772767372958, 3.5454103716619567, -2.150089054602498, -0.0369578645621544, 3.820339258557512, -4.214985534756344, -3.8242667713617604, 2.963728476732409, -0.8586716438703232, 2.5258357926921913, -2.620629831102682, -2.7140950671677277, -0.5018285399141234, -3.4101990169631042, 1.6991838735784417, -2.6163135256389296, -1.5380409450814267, -1.06202893833898, 2.6226672530859894, -1.992357284404052, 1.4788901550579894, 3.469813281490062, -4.447961452424972, -0.0647905792571466, 1.296873934249878, 0.8388545786793502, -2.1013023880497137, 2.553468071457757, -0.9739410694322076, -2.777908959417596, -1.549901670874101, -0.5466966617606781, 0.5779354438037818, -0.24556756309125566, -3.68759758545823, 2.769761090680851, -2.8801461154086048, 1.7489272369204958, 2.9793207957755676, -1.6236069538229192, -2.143880563651038]",0.9714285714285714
18,"[-2.1460625735758994, 3.6111882964794626, -2.196185206254228, 3.65024669481802, 2.104823814111404, 3.728617999003058, 1.7223112822586075, 0.642640353345592, 1.7579323354616796, -2.340664545265032, -2.0743578272408536, 0.5220206520676209, -0.6292857389069612, -0.4293093750567658, -0.5972701798269096, -0.6152165664760896, 0.4385820271489367, -1.7684982505925204, 2.8127227347499892, 1.1852216421708963, 3.2966621455053584, -0.38752578458467035, 2.5187257757670585, -3.652965997223916, 3.7334334710550237, -2.7657679481219146, -0.03676648030937457, 4.04963093025977, -4.155554215272445, -3.6462953245197807, 1.3907609032063704, -0.22886450173084794, -0.2502950288060415, -0.4968284914426977, -3.106900533152633, 2.1522654820740317, -0.5099217104812621, 1.4377481669130197, -1.543243672451361, 1.0919611835092033, 2.5900328988201906, 1.6071110736754535, -0.37016669581815975, 0.35754995515466814, 1.2211283733557234, -3.6878309612744147, 2.676245537628283, -2.5629598630834662, 0.6243172047566374, -0.4707661356971431, 1.9452167611282385, 0.8042535165007709, -2.845879116490136, -1.0193416113192606, -2.7344511363789685, 0.9223273453106505, 1.0219348391338583, -3.787285290196027, 2.2037565857732266, -1.2847698103754022, -1.5370590884124735, 2.634280145881158, -0.8670508456075976, 0.5303024098197213]",0.9722222222222222
18,"[-1.2907060154948393, 2.8797405119750437, -1.6577586838187717, 4.138559825692397, 0.3570651343239888, 4.103908946369587, 3.675233536529466, -1.7133543473499835, 2.898743711883057, -3.2711646447644775, -0.9837943841024255, 1.3644613013147855, -1.1782210264006636, -0.6545227649902028, 1.2411251506849614, -1.3327808871516362, 0.3552898096635307, -3.3816165937654046, 2.511341566091435, 2.430306271380262, 2.8198697264846126, -2.4399094778299304, 2.6460626428995186, -2.0538292913945866, 3.3703267031270396, -3.431345988108646, -0.1824587474298095, 4.197456519471055, -3.7817328441887703, -3.705780770173599, 0.5270472818647223, -0.1092459181188569, -2.210857226958999, -2.1928369848580287, -2.726055162100192, 1.8262813237920903, -3.2477136514474676, 1.8834192151530904, -2.8522669392114657, 2.121303677429779, 1.226802852256833, 1.3208628623965788, -2.7690413007227552, 0.9718602988534562, 1.3863149047797514, -4.41081395076549, 3.0220227460239566, -2.5941092441823796, -0.9732117874510444, -1.3298113863534984, 3.563685545009164, 3.011569465904272, -2.1833659694732637, 0.1642635274584041, -1.242463676940143, 0.45737594498603684, 1.8840430883755808, -2.091878417097092, 2.568789940687983, -1.7706130815416663, -3.051569333355979, 1.6402276510570515, -0.01776989762810932, -0.7253225434621384]",0.972972972972973
18,"[-3.34133536776233, 0.21074900793694173, -3.2233362852343745, 2.923486086677884, 0.8858699961662645, 3.724705975954018, -1.120630539415895, -0.9901513508556432, 2.872148593803769, -3.022054548172158, -2.3606308505100593, 1.7353731095528895, 1.048822826210556, -1.6713537516481127, -2.3132745707633338, 0.6587999679926263, 0.5514584245047535, -4.0790835651671244, 2.311113227139808, 0.5040143428752822, 0.5147043663225079, -2.7365377394749304, 0.5971430587087203, -0.6799756360924918, 3.744421799844466, -3.6719979529863496, -0.09987232150012826, 3.5200973629650134, -4.265327907770673, -2.5485255781204454, 0.5918539694546286, -2.2333773873160587, -0.6815853136641274, -0.8636350272537565, -2.5542879273175885, 1.7331583481025097, -0.2341297575293834, 0.7958969492211214, -2.74964011077461, 1.581479947014107, -0.5421879755750675, 3.062340594497054, -2.8647121075835935, 3.4128244642986676, 1.8988953562599524, -4.524395998507006, 2.612264140345649, -1.6481638654296094, -1.2072428293673383, 0.3438837023504914, -0.2195244055976593, 0.0709903875665377, -1.9181527719673854, -2.32680807548184, -2.7282847433452986, 1.9953600551823751, -0.9827139390569596, -2.1230271615227387, 2.7420876368571694, 0.28105084043040485, -0.3828560070896259, 3.4146284916691685, -0.12636797278582038, -2.434819961581616]",0.972972972972973
18,"[-1.885526335273697, 1.0035110416316546, -3.2180439861837766, 3.15321706707855, 2.1516352689161917, 4.133583232563988, 0.7838471607890717, 1.0139538623973525, 0.5233795609198424, -3.2674511810092, -3.3912139352256183, 2.7890536273044826, -2.4053306137645576, -1.1175621824557207, 0.9671600289806861, 2.4185396080733703, 0.3950615986735899, -2.909110757844404, 3.2911251904383385, -0.8334627979493303, -0.5430490119215798, -2.0296527694409545, -0.05955776747342667, -2.561931346306461, 3.7254882835113263, -2.6827669075761262, -0.02401916475239374, 1.1929088530058665, -2.573972271532247, -3.5222093326389188, 0.9104913314045024, 0.7706342723246122, -1.4602920885493567, 0.5210326824310649, -2.7288422905358085, 2.895313201776407, 2.046207294542079, 0.18434106907494363, -1.3504035515792139, 0.8414629956455815, -0.7401743221767516, 0.791112399604611, -2.567063816619549, 1.8588627916502338, 1.6545129012308317, -4.529479277988217, 2.8998500423782296, -3.565489484092411, -1.3679632921380835, -3.168739591002522, 0.20130037653245153, 0.1090259104963871, -2.7465672835434276, -1.9884028810502343, -2.041694475519985, 1.7990400801857747, 0.02028331538761708, -2.2943979139330923, 3.669361946152407, -1.3815330507126926, 2.671975034224462, 2.8119376615425047, 2.349635964905203, -0.846728350464719]",0.972972972972973
18,"[-4.322650098167185, 3.7568438973619136, 1.3054241587967899, 3.0297289892862738, 2.3616643478427477, 2.3240827896591343, 3.6898871948031027, 2.332380708690835, 2.0840533399957692, -2.999419501451854, -1.2365711897424505, -2.084236372983264, -3.527958034038758, -1.528494332728781, 0.3206468848406081, -1.9551562019811213, 0.4430173926544487, -2.2411228506186642, 2.439713113822673, -1.603861326515221, -3.053600516335853, -1.7797758081466821, 1.1909718229839141, -1.8659190854898986, 2.0401960553517102, -2.655691285805873, -0.10988248182146765, 1.8719424916097416, -2.2704984620133803, -2.4059077084035283, -2.2082509105374806, 1.022814678491027, -2.8314375654873896, -1.9908469093730368, -0.9482709345159175, -1.6335006483905614, -2.192081072017969, 2.4431107102528777, -0.9761789004570158, 0.45654723018101784, -0.34388395714245346, 0.06011241909829068, -0.6953993431240079, 3.443803206454467, 2.8212616937694506, -1.412711358737936, 2.648803497595752, -1.3139168074114898, -3.44150707390087, -2.170674147481549, 1.6116949159059417, 3.1643550841249257, -3.6994789605144813, -2.8078503556911194, -0.32036286878152653, 1.2569100432198164, 0.3809727824229704, 0.00685458126364713, 2.613510339195356, -3.0394756719045244, 3.0477159375405414, 2.62327391876764, 0.9546885357933417, -1.157873595541484]",0.972972972972973
18,"[-4.34574370287879, 3.4893746337553204, -2.284688424789874, 3.3824849984917833, 3.555000404072987, 3.981264501309518, -1.4508901016163247, -0.3475977394258736, 2.9598007166513427, -2.769498467339701, -2.900595458442546, 1.4977740003559639, -1.0489006433898491, -0.2503522140481214, -1.2114643605364308, 0.7341091721476971, 2.4830999042424162, 0.46485469931240475, 2.9907701727897753, -0.08150931834128872, 3.3232403357291123, 0.8184096169962396, 1.5993471432225528, -2.8770075705362457, 3.208289327520733, -3.249243219273758, 1.0862088330739939, 3.608061769688668, 1.3724913594831607, -2.2924089799697986, 0.5140571034515311, -2.0476664534154883, 0.4383327222120337, -2.753419664653731, -3.1230029285220553, 2.956217339948535, 2.389780355854061, 2.8609614588818535, -0.13157656216677616, 3.9350830391787897, 1.05460865073645, -0.685047261211507, 0.29132473297013917, 0.4212089973623228, -1.1079689739358602, -1.2403754966661695, 0.939858135020603, -0.28866995555156105, 2.613848428932698, -3.2742568909855176, -0.7417564411500863, 2.1032069952747987, -0.9315714185024877, -0.9952615644107823, 0.7781025880694348, 2.147902562884181, 2.8436572274512173, -2.174836385575081, 3.0577703483777707, -0.44398396676809804, -0.2419377883551631, 0.7904755267889656, -0.978101059193452, -0.8052818584348328]",0.979381443298969
18,"[-3.224388411025815, 3.21264504187226, 0.9684295009316246, 3.4893026436301726, 3.4022365097083838, 4.108668182516832, 1.7465943314685455, 0.15480915459124484, 2.341857989294341, -2.6662087354830217, -0.4455442237634477, 1.8278974236482721, 1.1707166524792552, -2.047592136502642, -1.0566177094455407, -1.0288471418913747, 2.1882912235235086, -2.0330086295163112, 2.480770953664005, -0.5655542947393188, 0.46643871766492184, 2.778377081123697, 2.980951469848551, -2.6049290621538264, 1.1601481862331209, -2.774407548262003, 1.1157777968333416, 3.1218571258792154, -1.2534129736534154, -0.7574892725534126, 3.266401396385131, -3.0122331000201803, 3.5458421719576227, -1.2776146545080864, -0.454504656895077, 1.385436438980904, -0.6430547887859365, 1.8687972038790481, -0.44323045252103915, 4.301719937173492, 2.239165981238337, 0.2672718688590804, 2.2914719378286623, -0.5619691877881152, -0.6926857793919777, -0.5893131656807569, 0.22831254798673117, 0.2032406868004777, 0.9891952584101668, -0.16486199174786975, 2.978855009727479, 0.5114581989106817, -1.4014750524150599, -3.1086337647315236, -1.920504472967877, 0.3654093314967076, 3.1246983787549834, -1.814939511531095, 1.8391025104683152, 1.8679877435141061, -1.2432809798171358, 3.125526861112249, -1.4109089357013778, -1.9591372122741442]",0.979381443298969
18,"[-1.934840702254949, 3.4962958653801377, -1.6574319831293909, 3.7941781876465566, 2.5953625882220326, 3.4561856819910424, 1.9123193819257223, -1.157257159369042, 2.4423409398848657, -2.4032359194670914, -1.0331781742140687, -0.34109209313534183, -0.3227113775775915, 0.9727504303484773, 0.6421039965828805, 0.4562982149637411, 2.147767177312793, -2.5723009656659923, 2.19964867392121, 1.5719109134712792, 3.325340637247392, 4.124423896482717, -0.005169424586818128, -3.02571785121071, 1.6487689616552725, -3.5593398976040023, 1.2632701239093342, 3.422646437449474, -1.6390472010267012, -3.068461477531531, 3.0531799325081552, -1.4762217259792856, 0.8731209626515328, -2.8133781918859606, -2.9550562436526473, 1.7238712146763082, 0.7206100866940766, -1.646065484854459, -1.57623509928644, 2.2952487971850575, 0.8504202620573196, -0.46722854774469424, 0.8031900810156276, 1.7287622021270037, 1.0500837346564336, -2.201430387437082, -0.5073243929716427, -1.5760980297286675, 0.7283147267364767, -0.9708895190123339, -0.22093835355644176, 1.4411109259461328, -1.7116190396758042, -2.7118011387337946, -1.0641660952123544, -1.6781019017406649, 1.8130919893418835, -2.038287375172795, 3.035717257504544, 0.4367522934907516, -0.9033074973037301, 2.714700869429572, 1.2423536120079937, 0.7478737904548488]",0.979381443298969
18,"[-2.2640067874000875, 3.9827579685711725, -3.2338346741580106, 0.26398165440036214, 1.7764231272300637, 3.3597604790520963, 1.2022233771514268, -0.5565086010401368, 1.3530963798068942, -1.0306693911659794, -3.5150977060803714, -1.835268105637872, 1.2156914623622643, -0.09586352169045564, -2.642479710113297, -1.2283228731290765, 1.9446119903430221, -1.2694127014408592, 0.23818725042782285, -1.330787076119412, 2.4194416866096127, 1.8238040627417589, 1.0984216925988044, -2.4772548112451767, 3.284129267060977, -1.8884800950499836, 1.4416614444288127, 3.330734487006032, -2.9558947077045703, -2.349474751970476, 2.040359318976627, 0.008320982631498691, -0.05683889099458761, 0.4269495672702321, -2.7625648044566864, 1.1225913061539186, -2.596774822598604, 2.6038117156689005, 0.40443419713310624, 2.546218502205079, 2.969870921263916, 1.062862386698932, -1.8833899637029243, 0.26432077192503994, -0.3921861921326011, -4.476617281502053, 3.0173361914748726, -3.439766619692878, 1.349551397649822, -0.43364898803160595, 1.1798351785196382, 2.3472305359881886, -1.9962128663209873, -1.0241570257446349, -2.7412350108619314, 1.2655984782961056, 0.8525824544878541, -2.858685055246619, 2.726312619479705, -1.7935375902525164, -0.7938031374289582, 2.8786031409174133, -1.0844995440263283, 2.4154946388951783]",0.979381443298969
18,"[-1.6656881053010533, 3.917565913007051, -1.8350534440846777, 4.313056841739956, 2.93711126269367, 2.5298715617377336, -0.3165852061701566, 0.3613332636924814, 0.2579600095176784, -2.9354945479636254, -3.0042074415877726, 0.21014236176576329, -0.964732109986062, 1.253396756586546, -0.8942388927520637, -2.0652452237308045, 1.9492622839142228, -1.4946140552760276, 3.4238777768602753, 1.487544737609174, 2.6067453892458694, 3.649359132077074, 2.0542057633035222, -1.2124986083136435, 3.0749186546149545, -3.3732169075107654, 1.4811097047442812, 4.175043832588776, -1.8245546919189712, -3.7028049897561437, 1.8497327323756099, -1.4781142835118943, 0.4994392332494928, -2.1607206137479826, -2.963905609737247, 1.3529727656799224, -1.1621846926239852, 2.8081758003329584, -2.6492350382419465, 0.3656905720785618, 2.5442925339359994, 2.3001104454318715, -2.7375457999162283, -0.7239981495628439, 1.614357493775018, -3.228996739203391, 1.8638741426332373, -3.6348630783661875, 2.1689524099051942, 0.6256082013794125, 2.05439324528536, -2.648210791852764, -2.445730415936932, -0.24145212232239804, -2.72826506862399, -1.6608494182060132, 3.1081242386680747, -1.7310411126900007, 3.5553763648435783, -2.952489441409656, -3.426401409717491, 3.021575002437279, 1.1138063522764705, 0.0036979203935796345]",0.979381443298969
18,"[-0.29417055889879506, 3.3271906937528994, -3.235010386828064, 3.428304535400873, 3.965956783121194, 3.6256962402469632, 1.3430928825420674, 0.1177004903352733, 0.8235980043712101, -1.939566800288011, -4.080263526213725, 0.7513347286292479, -2.0564831880209327, 0.16440305317653608, -1.1515599160860166, -2.2255386648377327, 2.3875369146709446, -1.7269452001444048, 0.9569311558745328, 1.3530382983844562, 2.9218542553968234, -1.119565243062235, 2.958616786531201, -2.761146623545895, 3.239503272444504, -1.9245831062007093, 1.1003094782740985, 3.2229496173061962, -4.230312779478649, -3.838214689743697, 2.613503442502518, -1.1643638410281056, -0.5201624209791185, -1.016352245243388, -3.077837139669371, 0.04549832275462995, -1.6015129911664245, 1.2048824022217608, -1.5690701598828762, 1.8388396250292716, 3.1326572435400357, 0.8441955632305396, -1.2809066652711485, -0.24638464293029944, -0.8112400186507222, -4.165751846153079, 2.1418538034905743, -2.3572987084837496, -1.0276407598816228, -1.1835143996233715, 0.26543335841175963, 2.1690891976312257, -3.7519332919324766, -2.361016366004475, -1.8262873745125723, 3.2805989896024204, 2.7598128847652097, -2.881953387741368, 3.5970596518323643, -0.10699810470165216, -0.9922876029254489, 1.0495785634219745, -1.3712694122638056, -2.715689482994364]",0.979381443298969
18,"[-2.1734586141719543, 3.445802260959762, -3.1926860211643078, 2.4983457006570804, 1.568985514056248, -0.7770952952275629, -0.14322945598662318, 1.6009331848377633, 1.2970988762798743, -3.3096178604772564, -2.0197224296727336, 1.3764023875679494, 1.2558014631507677, 0.4674164026873787, -3.0959044153316424, 0.4986397616008178, 2.1583454859629647, -0.9232196944391192, 2.5718982320445822, 2.636102787886122, 2.792096962258382, 1.6870840960999813, 0.8485399191574141, -2.901576761161373, 3.7310753520146003, -0.3235215622864094, 1.2785485723506174, 2.9632716470987224, -2.6925426515399984, -2.4893094285170525, 1.6042562790726276, -0.21817681813124884, -0.8028012223193852, -0.2215141817668812, -2.7552448985381433, 2.0090594429188697, -1.4307157442168315, 2.902837603085319, -0.45706515962717575, 2.086544331644515, 3.5497881469302497, 0.9637780898229626, -1.1128392778829044, 2.042865357198746, 2.166804723862892, -4.491423207035858, 2.610731433322189, -2.0959425662773996, -1.9640007470966703, -1.6474711644794602, 1.6718491835068523, 2.1285736094803234, -2.0858066590597755, -1.0236679045364574, -2.0058931945768372, 3.3530805860000896, 3.1511328015248496, -3.0829552280287675, 2.474153416249062, -1.450379826085526, 0.014205265520195187, 3.3496198535949406, -2.7445458369338027, 0.1286447048391659]",0.979381443298969
18,"[-0.9210483078770342, 0.48987088494869324, -3.0589838823351516, 2.3874289344736885, 0.8934205876891953, 4.067883355053021, 1.5421614516226902, -1.843692001017655, 1.5253444175125574, -2.5794537131557056, -1.9070844912339155, -0.7524561031187624, 0.6747295689058646, -0.9841358394848425, -0.4661962818131921, 0.8745562710277037, 1.908194558706937, -1.423062640684875, 3.653943541428992, -0.4372814433094776, 2.6914299473248913, -2.8758272494251464, 1.6865666697683006, -3.4682775140453783, 3.1932948861480126, -3.8242077273354353, 1.4226605484044736, 1.698008904457741, -1.73409921879975, -3.8397805393342965, -0.36442046846341913, 0.4046046304326729, -0.9558951931370141, -1.769840610523632, -2.274117588433593, -0.9449927435243541, -1.3900965346346579, 1.5783563527504396, -1.1959325668630783, 1.9256932685554833, -0.0872193601075466, -0.15876510832111612, -1.7848758106241016, 2.1227039613607626, 3.889310767900436, -4.6110000690426665, 2.176457917645479, -1.893541598482014, -2.681114455134164, -0.042321128769275795, 3.454829087372276, -0.8042133221110012, -3.53641260743349, -1.8410696425486317, -2.6456184940295784, 1.4223905097302807, 0.6303254550456275, -1.8745114496748123, 1.3714007342245722, -1.9769827817512375, -0.48412602313548614, 2.6404175949437763, 0.031405081829459, -2.1946890453177916]",0.979381443298969
18,"[-0.5205607239215851, 0.2657062018783811, 0.8182429612807529, 3.1757293959982107, 0.9883800515022639, 3.5053143031519065, -1.5041184027849743, -1.4091441122585653, 3.0450861984709863, -3.0606561488761193, -2.907735500846143, 1.128501303804547, -2.1711609016313513, -1.2789797800911185, 1.4408468198393558, 0.8326142383108776, 1.8810576565167167, -3.0056835160176965, 2.92972097520281, -0.22112190315255872, 0.9427720786049099, -2.1980705257951207, -0.31139671884354914, -1.6695048918132684, 2.934237685060015, -1.7130867341253064, 1.466723094552428, 2.399344584964399, -3.963463190747177, -3.779170836492144, 0.8921806874702103, -1.9839804286447607, -1.1331300148634664, 0.3899329988897663, -1.7446130208780328, 2.1378930421297597, -0.650232932842464, -0.9792136993301357, -2.7577079679802745, -0.5638287683544084, 1.287124323944216, 3.0400084494522512, -2.1359832374261645, 3.5058752458745603, 2.618045883566547, -3.5296004556773477, 2.868770611831923, -2.197440147785069, -1.695796062878386, 0.6038153963108577, 2.352272813706519, 1.543313613014465, -3.5565137847751993, -1.1346894389661528, -1.8032654788461473, 1.9620909466924605, 2.2379604637398853, -3.620260825533683, 2.3741129619012304, 0.8035565956189101, -0.9307860429705646, 0.9833126593735608, -0.7238564154998832, -2.1271361645829874]",0.979381443298969
18,"[-1.8798035421221972, 2.8752871546942784, -0.8279819633472283, 1.6922671902026645, 1.6009363290060266, 3.664330735699645, 0.7898394699605481, -1.5837306046050348, 1.2117680628132403, -1.2090186946927888, -1.4775737695566145, -0.19854586116932793, -0.934473778428421, -0.45204628137589464, -1.857262981288466, 0.8169993690238475, 2.0388136273103274, -3.247771003188291, 2.1390979536177044, -1.7609596348926326, -1.0752092981291501, -3.2711193862961654, 1.7409209903624099, -0.49708545522332814, 2.0632500127669933, -3.250522651304562, 1.1136273525089675, 4.0690121822504945, -4.064833715560423, -3.6169730433267633, 3.2491670606478333, 0.670915975923158, 0.36136069939653714, -0.36504339238374317, -3.0929477565232877, 1.54842943126538, 0.033219281934700695, 2.425684580884142, -1.506847753814661, -0.3595706150612924, 2.171760871869522, 2.709680560446367, -1.3738902034470877, 1.2133733936878304, 2.583686528664483, -4.013268143157436, 1.827894957642509, -2.9272742108811896, -1.0653563477202463, 0.12072232090424001, 1.084683716178557, 2.519754875259314, -3.271965505665408, -3.0888084631230948, -1.853659317968872, 1.908050416905125, -0.7472490813040412, -3.4564117343102825, 1.6825288871922233, -1.4964760426802166, 0.32197828847114573, 2.5020754526473166, 1.0257988676436358, -1.8531861347849627]",0.979381443298969
18,"[-0.9747561816073014, 0.3861159808033089, -3.09198914057124, 3.4942878418407926, 2.2433253673970555, 3.4708161767463404, 1.9779820202259688, -0.48712509094811673, 1.7408237156252648, -2.0373374617838653, -1.4708740476473077, 0.8022495766299598, -1.3308202163506881, -2.1647488393796173, -0.7214034248076809, 0.05693408150340057, 2.02323106657017, -3.7331335633787885, 3.6889284794958948, 0.014164734674998042, 2.6767964010851335, -3.224903661462452, 0.39491117932758696, -2.599626889349837, 3.179450080763662, -2.2272659171608176, 1.4869532016187776, 0.6973482963754636, -3.3937093412014883, -3.851629441253711, -0.947330056083397, 0.34686324957982545, -1.1159519569286367, -0.7168613614907815, -3.0153370011057503, 1.020128716035732, -0.8082883491032075, 2.2411388000565027, -2.2296110531651636, -0.3414408724578074, -0.21867577518003478, 3.1353056089211675, -1.1750363992819004, 2.640015434959626, 3.7816867494825757, -4.32469503083953, 2.663774283638198, -0.9744614970268914, -3.244120413119873, -0.45982050625146453, 2.524225246674119, -0.29813111363481304, -2.6113150261381834, -1.6413907520225006, -2.719325675355285, 0.4598293161466218, -0.6639654560982668, -3.775025189076289, 3.6944062629792453, 0.6491588908135666, -1.524019297431673, 1.7407009794922352, -1.0949092319277367, -1.3069843385891822]",0.979381443298969
18,"[-2.4081376357883855, 0.49379324477344544, -1.9397592076828094, 3.9963193474639875, 2.176540407095282, 2.1534850463218076, 3.713345916905882, -1.5605735239151932, 1.6260669163667492, -2.7605199581094317, -0.8391504251599538, -1.048229568149246, 0.14465934133775765, -0.5101426167387884, -0.9190542645970591, 0.9665308488494566, 2.0535057383960673, -3.7725718310173177, 3.0093204694416573, 1.272532544887731, 2.5216166668424487, -2.6443097201066723, 0.9137224011091626, -3.2175659419524107, 2.6128882825753803, -2.5421260336255656, 1.3765964353197653, 3.9087690916219127, -4.225232670324392, -3.5650044070876286, 1.6614918566978822, 0.0649124060365951, 0.7725442505070594, 1.3608916743417454, -2.4862472094674732, 1.0598843452807123, 0.016638560798558355, 1.2630865829467168, -2.073064010265657, -2.149194476692102, -0.5576786533324495, 1.970120404111177, -2.5511235529685465, 3.0409666780050255, 4.142437658761133, -4.481519081578135, 1.6770646115316934, -2.3771291933103718, -1.7595722990535811, 0.8253022921149826, 0.8288755527536386, 0.16920403346255258, -3.492883329087963, -0.5212681331940234, -1.316756394856652, 2.3303887325543, -1.7233833341491873, -3.346284415113495, 1.8068835208024656, 0.36292582392990136, 0.225568304263719, 3.7075575628398267, 0.6400584825435498, -1.6736206950773593]",0.979381443298969
18,"[-0.87049225673892, 0.7390072460835424, -1.107406844279588, 3.5219162406751865, 0.26247662575096165, 3.140971987909494, 1.5455819985759236, -3.406734712207073, 2.043364516445305, -3.0889132828465584, -3.479647732007431, 0.12078619329062129, 0.5929808659289928, 0.9049509122902843, -0.7357786720925023, -2.2464951682129772, 1.944621622687178, -1.5169376289609182, 3.0497896065193695, 0.7456099530653677, 2.1039989894651705, -2.3756921874620103, -0.7498902978805689, -3.5421987179856322, 3.690828551343051, -3.023046516125768, 1.4167723179533802, 3.56023244370459, -2.6644469952282943, -3.0617425701628287, 0.7027000695236341, 2.339221649552222, 0.12960954069606312, 0.37062680227344214, -2.921690889184813, 0.3691230001224399, 0.3067214104258418, 0.6564472449498063, -1.859094910086164, -1.7114075432693838, -0.8259700182238879, 0.8942875669550927, -2.194748124264975, 2.0014992639904365, 3.571132059468689, -4.277033267558351, 1.7741048925677987, -3.5466556865256798, -1.1956287962715018, 1.4274415667745532, 2.3237431740103287, 0.8637452827382713, -3.496597907061567, 0.1875121352847393, -1.9454572057718105, 2.6608080822573337, 0.6497433989930985, -2.862571972184394, 2.7334950110307257, -0.6510003451976221, 2.4021000588345647, 3.5798713168253955, 2.1827179149037756, -1.1908667117833742]",0.979381443298969
18,"[-0.27025172618206095, 0.10518476206612792, -2.8479833730580264, 2.751195328755119, 1.297475940044972, 4.136647540763171, 2.7128262189509407, -0.2807371259572514, 2.361259292425395, -2.9918572239540806, 0.5660004849279929, 0.08531081337899257, 0.32162562540468437, -1.9178283186927565, -0.9922134344603539, 0.40623244075774884, 1.9755124908012454, -4.226992899757754, 2.0523639807282823, -1.7641197777113418, 1.6920538396380893, -3.205164916961789, 0.08388924601919567, -0.6275436742901281, 1.8989187021460776, -3.900141760742785, 1.3597585982150737, 0.9939199614793832, -2.934254441899608, -2.750941593447143, 1.5341638492684924, 0.182916750663338, -0.31303101500928204, 0.5242352189117931, -2.639189901604013, 2.6892857655183, 0.16081979323972373, 0.7717575550727789, -1.983656599123659, -1.3592443670257917, 0.5775006314155819, 2.180692528801714, -2.8330637038438877, 2.0588221044677404, 3.1352251357532612, -4.262941046656946, 3.117251877515351, -1.6275072636586247, -1.8421789850821515, -0.3627117776407787, 0.7653989215084823, 2.53964927318762, -3.266755261041042, -1.5617233318232775, -2.2043673066327214, 0.9135512650726902, -1.9772980598606298, -3.576521689881038, 2.667035253870539, -0.3807355659008935, -1.23566519234014, 1.9864859563983717, -0.9748526852274633, -1.6804473036515803]",0.979381443298969
18,"[-2.1933940108181087, 0.36764695746911735, -1.4475145337595705, 4.068148021328524, 2.1213799540334946, 1.9383262342138599, 2.037612313361618, 0.9306877965333772, 2.3112557332064614, -1.8697195461517238, -0.539569378471644, 0.8047461846086206, 0.66981756965684, -2.0665285577455292, -2.5487318061992403, -0.4283681493988914, 2.1851914939097785, -0.9117313258382249, 1.7374167797848514, 0.2384983417461189, 0.5305023765265606, -3.1850077679045694, 1.4727576531529536, -1.9946311978068534, 3.2439491087729553, -3.955718544333634, 1.2185467964840213, 1.618369792447045, -4.207001828153331, -2.5271812699102734, 0.14531090303397176, -2.851186800947503, -0.9484360822693334, 0.41712240787525756, -2.1219070843231, 0.7994602468207604, -2.736168682514284, -0.47746893121437717, -0.7316314265231441, -0.24230989849527193, 0.9003754605558099, 2.7022733814083093, -1.5455854790906614, 3.278018548786127, 4.044798794706339, -4.224298013469288, 2.536093389759736, -1.6071460158090385, -0.5950872086794858, -2.109608052987288, 2.9990802363560505, 0.7256305552232843, -2.318640936353386, -1.45905710133438, -2.7324694089474852, 2.2900577912975133, 0.6804762556706686, -3.9550222264167743, 1.8210316339597168, -0.1542736811218418, -1.4178570116054414, 3.1383597375306675, -0.8937329767491886, -0.870937588290471]",0.979381443298969
18,"[-0.06918176975957668, -0.34387769219465447, -1.4849085135669196, 4.02284890866494, 2.944539633916309, 3.1536382939700562, 1.9120033278868778, 1.562935975305951, 1.9515938637960366, -1.4071386099063972, -2.523063100321803, -0.3404350359319965, -2.2293085258800236, -0.8962059767180721, -0.11748076222957371, 2.069161280109572, 2.1464253536019333, -3.084256269372115, 2.384534942837971, -0.31288777024871534, 2.661744820137142, -2.5289224825065, 2.284959481399102, -2.197054082642137, 3.5754025960065943, -3.931384824657118, 1.3155895626744358, 3.895067469362224, -3.3744634040551293, -3.6511901367309205, 1.0475248510909092, -0.6398347002173157, -0.9630284408350036, 0.0835437397207141, -3.115413355077188, 2.4053602431763066, 0.05345127012546941, 1.1504362556635654, -1.869497352104869, 0.02456265602174207, 0.7196270169576017, 0.8450090706344489, -0.9629855184272325, 3.3897743761852714, 1.5945553169729028, -4.186161706995668, 0.8402353279375525, -3.2086866294964986, 1.3572238545725808, 0.9790659702417601, 1.6868669895449588, 0.8010422315483503, -2.9493917419865534, -2.809462800404935, -2.7316281659808155, 2.196823214068381, -0.23217919172334278, -3.9512858855764845, 2.2686146101474742, -1.2644325993596541, -1.0279279021541297, 3.843603802329539, -0.4344580866221621, -0.22276032004972834]",0.979381443298969
18,"[-2.4855636453794387, 2.337346017250635, -2.5384317083421593, 2.7065319670422636, 2.2731714100145384, 1.7828434092030454, 0.7503375959810533, -0.5495113854263011, 1.7587220837555084, -2.721100671872377, -0.7938443540866693, -1.1363621756891404, -0.5490033859341474, -1.425765707185692, -0.5427746882065447, 0.7071199220638699, 2.2828442969953384, -2.3831165897130573, 2.395112966695052, -0.5520818258095764, 1.5781891445967764, -2.7091418185189333, 1.042275836144801, -0.4829541340655681, 2.6070309458474106, -3.478758922112577, 1.1047911028860375, 1.0762521451473634, -2.727081620354264, -3.5395925439519713, 0.5105694405523207, -0.8930613992786676, -1.5641225370167213, -0.6701982802047118, -3.1343199329504334, 2.5589964556048734, -0.8140952863955342, -0.5716295023482523, -2.792667129885901, 0.2859831938346601, 0.4114087285492864, 2.807965401336207, -2.4703972285766462, 2.006528166374652, 3.2367618479678892, -4.58334436578619, 1.6603025894415302, -2.986571841087685, -1.7183186781041073, -0.11107245954767637, 1.096073330083836, 1.0781606277642402, -3.758819702066671, -1.5668889863306419, -1.417951638649952, 3.269099321168138, -1.3468792399065261, -3.8586483906823412, 3.0617080412894007, 0.04935688500308644, -0.9133602254931665, 3.854002685410075, -2.274238401885718, -0.4747391773612819]",0.979381443298969
18,"[-1.7772395305651205, 3.2442902168259344, -1.43672442747194, 4.173970033834399, 3.636331311044725, 3.2844792501291806, 1.2864634251196534, 0.3397600863789677, 1.833958862698044, -1.5709131686119215, -1.8531394487590724, 0.41592803388025623, 0.5223207913735446, -1.4273706846729715, -0.4297349516318293, 0.48384179709249264, 2.298734780418177, -2.718478975673997, 3.692290997584007, -0.6833885077334888, 1.427097791952229, -3.054705907550869, 1.5032889009775132, -2.244036879539743, 2.859903868328123, -3.6296010465503645, 1.1413411990993825, 3.0248699078101424, -4.044055428869076, -3.7525532462761735, -0.04638215513733435, -0.594788694528406, -0.659435719955219, -1.4452151430816862, -3.003234649220818, 2.797864327094271, 0.9873018075914088, 0.15022108337012186, -0.6758746648013574, -1.0268321002192917, 1.9376559797959487, -0.13643972948675698, -2.791662253895441, 3.3512065641468163, 4.063937436279158, -4.589403134905563, 2.7677405534978488, -2.0154593681332704, -2.966001317622605, 1.4171032444656517, -0.8292752420066938, 0.619351497302911, -3.6602421751332574, -0.11961138334853261, -1.610521058229872, 2.6348279977092854, -1.2937191905752474, -3.5705828884156787, 2.6341647949092994, -1.6038346711723044, 0.043403544061088484, 3.7788540913276853, -0.9401395192049531, -0.7051740523365384]",0.979381443298969
18,"[0.38617415370233776, 1.216763486982641, -2.0796480216191786, 4.120802105302497, 1.9978144904796802, 1.5591293676592444, 3.6176705302937378, -1.4062715637800132, -1.0143593818725645, -2.8848694022608554, -2.0878262098083, 1.5858025093495063, 0.17980892485835284, -2.2062471458169357, -0.3354858926993435, -0.6896823364086813, 1.880659974768124, -3.5245802287353913, 2.293887710333327, -0.14748308312639025, 1.6478565715951612, -2.496600300189836, 0.3034030433172063, -3.28299561070855, -0.5600174502614919, -3.54433970275525, 1.4888208941702445, 2.8451726877779056, -3.091186396401948, -2.7183098156705174, 1.2674159213280844, 0.30923451792044393, -0.8231818866884189, 0.6570340317564614, -2.1321150159183624, 1.8785119664182306, -1.226646888484735, 1.405832466440457, -1.6261485003649678, -0.6650531544212674, 0.7288709996999896, 0.3493234313183753, -0.8852733997253912, 3.499045082757868, 3.6080104682228042, -3.824357560698454, 2.3135494610907963, -1.3936959045184605, -1.9982032871737376, 0.8693989700807494, 2.2291218830296047, 2.5667775427952986, -3.272945285235828, -0.6818691277511859, -2.7119365783590212, 0.8032970185422181, 0.3890633657268996, -3.702878244084637, 2.252540369158528, -1.5389217057257472, -1.3133949954200292, 1.4259813423009051, 0.09570756102785072, -2.2499776932317186]",0.979381443298969
18,"[-1.8264308642806868, 0.855970238784688, -2.708901524676017, 3.148428580308027, 2.6600114045601706, 0.20076540112409713, 1.890663877726012, 1.0525833818824486, 3.1015080686767056, -3.265677961155646, -0.9190364051105421, -0.1735294522194915, 1.6101379924568306, -0.7007720790032209, -2.4651937695771613, 0.746217769495571, 2.2282166706204816, -3.296853724951769, 2.422458676361504, -1.3428979123977016, 1.8213080571429971, -1.2212368235545645, 1.6630586827704636, -0.8034008301429012, 2.492093787077982, -3.6728150794688696, 1.4021514788878244, 3.550304731233236, -3.1009638583084884, -3.2963123010010094, 0.7882053103836104, 0.38757551929302525, -0.761588002393008, -0.8306217907507905, -1.733401394220503, 2.9139902582548345, -1.294312669582652, 1.7317121025648414, -2.304793430973196, 1.1628771728255143, 2.204461860909383, 2.43607482896484, -2.1329915955602, 3.1330018142277103, 3.4993778836669227, -4.608833991141005, 2.9307797393863417, -0.7850254757116031, -0.9990846044819491, 1.4617413632473881, 0.6514841403048252, 1.0240770605916558, -2.012878875752307, -3.0129908706408934, -0.9205347994258304, 3.334755876588932, 0.21400144174859403, -1.6318500427303317, 1.0364789226643945, 0.8849007478723536, -3.028604752410177, 3.8398051388803243, -1.2404757645578457, -2.7278013991518786]",0.979381443298969
18,"[-1.7505173086689916, -0.9429387430263532, -1.7477889167485423, 4.210966760113841, -0.8856052326591131, 4.129990835200919, 1.822669174282524, -0.2407467483582769, -0.03903396081991817, -1.2911090407638806, -1.3506031476533853, 0.23643815766226786, -2.359216334990764, -0.34932373087068747, 0.19582212910463864, 2.3268256614191953, 2.0824480010146504, -4.226641260430606, 2.5212487867169107, 1.6183122086982635, 2.858219319140182, -3.220941571583059, 0.17878351090660616, -3.141156542652294, 2.8224317583095284, -3.264262310495062, 1.197089515112327, 3.3362234004271465, -2.497467170721816, -2.9668623158985836, 0.5078165786371754, 0.5064540042658923, -0.2614760280426002, 0.8973086927214801, -2.7375176531410546, -0.6429867777916467, -1.4165108550655119, 0.33391679321523327, -2.1559464239413657, 1.0809354799564241, 2.837039794695114, 1.4511770616775577, -1.7716855600844268, 2.65498886901988, 4.141824768514005, -4.492086911271807, 2.36487081893829, -2.7724917389591472, -0.5088648788069248, 0.0914824596045744, 1.7097688899128767, -0.037825636333309154, -3.7641365594825755, -1.1918982775950195, -2.7170469146914744, 0.5895446168068157, -1.0585899181286993, -3.3262612238938694, 3.391080584760552, -1.5715554073560019, 0.9957852667495262, 2.0228417132608207, 2.092944066241236, -1.9498962354759017]",0.979381443298969
18,"[-1.7322678546200527, 1.8615639273112143, -3.2298408314593177, 4.1823931028514565, 1.710311943145229, 3.077128054009825, 1.7831762561541353, -0.7140300365139505, 2.455609007589565, -0.9697878355421621, -1.3284603182352774, 1.8220497586454298, 1.7782150054956316, -1.1594486003937827, -1.5652513108893436, 1.0574083956152138, 2.0839364177902127, -3.10686607202243, 2.6024672856011493, -0.7434791895752669, 1.2475002718857675, -3.2352680718377407, -0.3744988440273176, -2.9252719919079078, 3.2741860448390447, -3.954754250530555, 1.4830618826210427, 2.813770443730633, -3.633606701011286, -3.036937441558976, -0.5210395332317561, -0.6265377126003736, -2.0001591772609886, -2.516309503451982, -2.503419774848653, 0.32889802672215374, -0.06428039630386717, 0.3965117738705236, -1.7313166330146716, -1.0855649353791974, -0.5115966718194425, 1.0971826196432621, -2.315229259385389, 2.3253490458932324, 2.579167383858895, -3.0632835284708406, 2.182028969198886, -1.6047999001475945, -0.8841271240020193, 2.2258483561814426, 2.5077763167184948, 1.673205102979749, -2.888172410199002, -1.3818234745224454, -0.7243426103117034, 2.9511371036626453, 0.8613980937358352, -3.9056726882287207, 3.21349185270514, 2.3697346237305896, -2.5903170414583903, 3.8565027532028373, 0.8390925107889899, -2.4060492343735085]",0.979381443298969
18,"[-1.6815073946744878, 1.1223920373567358, -3.231332262092809, 4.2674016690784615, 3.596723068879058, 3.5798578938455874, 0.9456086816881474, -0.09379511646627786, 1.1421030938894567, -2.325583162696674, -1.0413486570798525, 0.2243300775281098, -0.3134770412752178, -2.0637737630071165, -0.662964550353496, -0.9973694861570432, 2.3872426971489054, -3.829878189363014, 3.664234414641427, 0.9633110757006185, 0.5800622167293039, -3.145961679552799, 2.214808958854289, -0.9079183094783385, 3.739595854705404, -2.2478764213789573, 1.0581856435478714, 2.4996882476180113, -2.721587209699132, -2.9492622511755187, 0.2878788031205627, 0.6021542198535643, -2.8258548729140114, 0.4719368121506169, -1.3501480134366364, 0.4579401908253473, -2.289341188423197, 1.6706974347725851, -2.8303450451629453, -0.9815587363562883, -1.2577833337254873, 2.9848998739182893, -2.1220710934505025, 2.6987598231498096, 4.119007346509415, -4.54419648108264, 2.3097658172544566, -2.874717225794681, -3.620433189471857, 0.19072843391396926, 2.7010347174028393, -1.2156697526338034, -3.53125499904738, -3.1010771016428325, -2.365250088443384, 1.8028498096927303, -1.2148009895892575, -3.6846791757951003, 2.429576774468251, -0.7281966867441654, -2.346895785846229, 1.6736524824312993, 1.074324948157205, -1.8434681380664362]",0.979381443298969
19,"[-4.48538930109675, -0.9007473674972495, 2.9110569126378567, -1.5981468208875786, 3.5697887332124023, 1.9424819998249978, -0.25735166474448756, -1.6529749652178523, 2.2548327712634793, -0.1743619979304446, 2.7595694298277924, -3.6069730227199592, 2.0520990519576676, -2.360796184466608, -0.9692367817042922, -1.0457750035089994, 0.7466807443283159, 0.18030852098014072, 2.9286101074448365, -1.6392359624204822, 1.5396498847013502, 0.836485352331145, -1.6765394697588687, -0.7527455003136425, 3.434331423201788, -3.8210670529538056, -0.5849618580245673, 1.901832657518562, 0.9203834906848609, 0.5707360834570587, -0.728784240541221, 2.84155520818327, -2.036108525367085, -2.138181409521101, 2.8013321673377014, -3.374885764762603, 2.7618806543552825, 1.4426125627251425, 2.711886295723856, -1.9697820540748483, 2.6625787105426895, -2.3931911125286796, 3.7804063850744942, 2.0331965198370945, -1.3573887751532343, -3.3181552907463345, -2.6629662091798636, 2.3092955984932333, 2.1494318972477546, 1.6762454654973855, -2.2120914072640883, 1.7640290411793882, 2.482816760341975, 1.4588622300330378, -0.511037407616046, -3.872821011532323, -2.4585811084657188, -3.3106223755544804, 0.495620859324399, -3.712002743108546, 2.9629515090696406, 2.6098959181281014, 3.5342527131014503, -0.800363097709895]",0.9523809523809524
19,"[-3.6573950890050053, -0.9587667983923732, 2.7966062249077366, -1.2836114363688536, 2.0805392629196113, 1.8304309741498432, -0.24007055961229198, -0.7041914816192701, 0.12875117486420828, -1.1185180144542468, 3.2174869931276957, -2.344289991012274, -0.3856428961214733, -2.2023651619279088, -1.2687673517601699, -3.422121209603922, 3.8973912069036047, -0.4474336433344326, 3.4970546271920893, -1.6043032708374771, 2.318339791563998, -0.40532389364647825, -1.5527715657669225, -1.5650143487650934, 3.2695913966655343, -1.8662689225450508, 1.485668728755907, 3.508424640825466, 0.4433398493843561, -0.4384200949363456, -1.125328600493083, 0.2752962635153584, -3.1301200855679636, -2.9718726295806035, 3.284887816190855, -3.862789907638878, 2.4735966494856414, 1.7971296899084184, 3.971431618938617, -0.06710307240891278, 2.544388111849697, -3.4815783907482976, 2.742718029199424, 3.5105465946688756, -0.9776419134480989, -3.648580338249171, -0.9466585222002177, 0.7306124353274266, 1.9321559568790367, 2.0953782006114907, -2.690055269014853, 1.3825816233036274, 3.1090020618488965, -0.32512422084613224, -2.4732978005820345, -4.0339661874934825, -1.3226803662510147, -3.399729135683417, 2.4747445855780152, -3.2370439004271043, 2.904854256595192, 1.3549891915341534, 4.102133942865225, -1.3887117010506551]",0.96
19,"[-3.871635158134102, -0.605398817899568, 1.748769042271551, -2.7656858886802076, 4.045073522736458, 1.5452497558516112, -1.7853638458288608, -0.6106417934831668, 2.828910817269176, -0.8269518265969378, 3.1800765961094144, -3.7264343069197814, 1.7102649389985767, -1.776673375056213, -2.6907128293549096, -1.1555114187240465, 3.8314677654899345, -1.7611966664679881, 3.6817847142173576, -1.2164623387316413, 1.2453755750225273, -0.1929886437173266, -1.630969377434258, -0.5944905272949441, 3.7225022476305107, -3.9088189836399283, 1.4716933472585307, 2.6219927874800755, -0.2370823935435925, 0.03701857019568981, -0.739955363391024, 1.5980912423660176, -2.961512029138831, -1.9878985792789083, 3.6185375975909566, -3.7511206743351213, -0.9692856942098076, 0.13778644743433266, 4.430645630838874, -3.40332126803822, 3.936602428588067, -2.545347389042205, 4.16508891899716, 1.0360618680645999, -2.6869898362038898, -3.972564328629973, -0.3093179613949406, 1.9878976296995317, 2.141274318531989, 1.8057001127083891, -1.0139607308896654, 3.152967350577049, 0.06965568873292627, 2.5205579579984314, 0.3424804423099005, -3.6687918318441657, -1.537840106798651, -3.4429675220743228, -1.5226514087714418, -2.838420553771136, 2.4592272429094892, 2.9915483526265887, 2.9481358306335537, -0.35716386265793976]",0.96
19,"[-3.9002099522053646, -0.11571969815315808, 3.5132353904401556, -2.0637119361725365, 0.9444190420876879, 1.5673252946881402, 0.05235544184837798, -0.14009782903946733, 0.1591320273113781, -0.48758169755092146, 3.9312414775523368, -2.978341784081704, 2.9532817256551684, 1.4618425057462834, -2.275990662140453, -1.8918319918837863, 4.012423335006424, -2.050326115413017, 2.578410365476478, -1.6127101889690278, 2.319410031193593, 1.7250984580059838, -2.5151660563296203, -0.27457951699701305, 2.479718261875919, -2.4229078373724198, 1.2732123357064729, 0.37364320861303746, 0.5616634042071109, -0.9948476041592174, -0.48273933000679614, -0.20164808749235252, 0.10699367756121148, -2.258609687114674, 2.8074620882837396, -3.6491770091298115, 1.1936151354167517, 2.9455518341198452, 3.0000510703398837, -3.309030278045705, 3.6476414813227445, -1.1729119230655936, 4.085274621636421, 3.4195410600685974, -1.9381082751523813, -2.989493119805336, -0.6662509043769415, 2.3136564623808757, 0.8881342545350202, 2.8546565321602193, 0.2747317044538953, 1.2354047132231976, 2.015179181902694, 1.2502934499812572, -1.008291041952187, -4.038352935722804, -0.24029849930890745, -2.74789765047026, 1.7842561427537795, -2.8228095081676923, 2.970500831205452, 1.646345931498391, 4.050843865218299, 0.11483775805225749]",0.96
19,"[-4.055472124654986, -1.4589346969885173, 2.1447781654168936, -2.0819327604092392, 3.7988299419561287, 1.1352926650013175, 1.455523991607548, -1.3892859118294572, -0.4836792652605113, -0.6566036110428777, 2.6460112691344713, -2.1111742089104384, 3.345995528459313, -3.0338710610691337, -1.17158208634107, -2.5181022571189575, 3.922196233847047, 3.536607153922419, 2.253587383896959, -1.150182710998516, 2.7857018850616924, 0.803110112692632, -0.9441267683657466, 2.900241562946884, 0.6984142879852815, -1.9242325095948365, 1.3898896743598599, -0.22531452207993086, 2.1361260398805024, -1.7134705840070437, -0.9041345269768016, 1.7655434361723514, 0.17724558523778167, -3.0428498815379204, 2.9165759435777776, -2.7998652952702345, 1.782017105853287, 2.9070438402535137, 3.5118668369901753, -3.0206128619634054, 1.3569969117682434, -1.8637620953226774, 3.310319879875432, 2.6073019001605315, -3.278216726148028, -4.467101677836815, 0.2883542386246598, 1.7532401616454776, 0.6957952541172343, 3.1050300322137696, -2.2439122266459153, -0.631542608455228, 4.063303881812878, 2.6934102169068166, -0.7914847950412175, -3.3524322717187793, -0.24660067916319917, -3.231311865720158, 3.1104088238965484, -2.879450907084527, 1.6201227804641718, 3.829521330293383, 2.337683704765174, -1.4416175889859706]",0.96
19,"[-2.1051861749115632, -1.655755285988206, 3.587168826124166, 0.7947215611408636, 3.039849474117815, 2.0219578682128687, -1.8500116863945064, -2.2073959323574748, -0.12375572618940445, -3.215764514555781, 2.847358083493375, -3.406260168790369, 3.009311541415116, 0.18847461145698885, -0.8336376992152226, -0.7724049243629814, 4.006968573437969, -0.22699377246672392, 3.6348925552918683, -0.2046606716159669, -0.1593085770972109, 2.073923135423265, 0.551697881779935, 2.292518098606091, 3.178650404931139, -2.38894046114743, 1.376226125781325, 1.9217621971495111, 0.3841996268774597, 0.7703976443465035, 1.4555389458480281, 0.9561263886512601, 0.7756224457388188, -0.6381126176033769, 3.277020764974666, -3.3438171522131936, 2.4043322504787508, 1.7385428779989607, 3.2535550308377204, -0.26037449375629906, 0.6168024211800782, -2.38712414963898, 4.151171244665246, 2.0863567750687366, 0.00620477462029001, -2.872382731800152, -1.2735521552055622, 3.5915273106565415, 1.5663274379185919, 2.7000099174869803, -2.702965083744341, 0.9842859190711892, 3.5782833943978334, 1.0223286225559327, -0.4145698211105583, -2.965019316707818, -2.5620769044363185, -2.683148267139872, 1.5041357153853214, -1.2252583070837932, 3.079501280133399, 3.653431954259936, 4.233808772937315, -2.209117037252288]",0.96
19,"[-3.810266735827816, 0.45033074821934815, 3.7969066404730767, -2.4240760149990983, 3.284165977337953, 1.120044324754282, -0.26688070549040266, 0.24252974790632986, 0.9160953222835757, 1.179321182566268, 0.813605558083158, -3.1841173176393722, 2.199688240441843, -0.980836183055438, 0.17011910827486487, -2.203897730652572, 4.021426319744835, 1.4959606678333985, 3.661369393098675, 0.28231886712130505, 1.628024050099154, 1.0206515493022659, -1.3846813003459386, -1.2504040617312056, 1.8852472373868694, -3.776057041599324, 1.2890563861348312, 3.3901113534082707, 1.3639754042857302, 0.16561769297820483, -0.3265301823199558, -0.008577352478980949, -1.9889522487137228, -2.081952115383123, 1.739995757621569, -3.3114194735407407, 3.4455898101049307, 0.6899162038232864, 3.588645914012802, -0.14159456233091072, 2.3898787490953524, -2.6196077454080453, 4.005148410756798, 2.840187900934617, -2.556257680050991, -4.183278863333134, -0.3210260350492956, 2.9503386035665224, 2.622145910155997, 1.401936945867057, -2.730316890162173, 2.3139392925894846, 2.5516984182697753, 0.10607245897971862, 1.3055278235010617, -3.025278006012762, -0.29255449976665204, -3.13195041215681, 1.9586824014022566, -3.7751076974299362, 2.128095856128787, 0.18548106130871478, 1.24812263731101, -1.6350000646228775]",0.96
19,"[-3.1270683551394862, -1.6531123426592367, 2.372472451918685, -1.208418500438036, 4.136365395088306, 2.595551269225666, 0.0054890184523150864, 0.5550347175151097, -1.2114670636300395, 0.12013062536654479, 2.9640556927211867, -3.5372878436162347, 3.4525089735235315, -2.1761491190763533, 0.6817033620091398, -1.7988588460105321, 3.728735097314085, 0.07297930641071804, 0.772795227017089, 3.2922471454572455, -0.22455479345918095, 2.961315482641256, -1.0949808632986726, 0.9965809008725518, 1.6277053008440046, -2.669774825354037, 1.4889928176718612, 3.200045631646763, -0.10243395017050272, -0.24960103902365924, 0.612856889323346, 1.8960886053973882, 0.17829666964322843, -1.360524988365703, 2.8838877687658386, -3.5538301185633223, 1.9041158573491748, 2.4284330201436966, 2.9962563071259543, -3.3424057943474232, 3.2417871601020867, -3.135691155127817, 3.606323156009445, 1.213867360898478, -1.3285000713254045, -2.4095232839632326, -1.0069328774276474, 2.3417396934217325, 2.470507572648607, 3.0406755373178136, -1.4131784276187753, 2.2621778732081377, 0.8488758769102465, 0.1975176939391381, -0.5063178932838737, -3.987263964811223, -0.3463876079744901, -3.0240066367040956, 2.140437246307202, -0.8213579167648479, 2.2475674302687145, 3.651052382640575, 2.4303091855772316, -2.727826262474741]",0.96
19,"[-4.249475062828867, -0.496724790199249, 2.327132744464011, -0.3187944291766711, 3.264539008707256, 0.5824544766707624, -0.2317533923970645, 0.7145892141632598, 1.2367118242953035, 1.0234082243380942, 1.2985255936505569, -3.5459984885934306, 3.4386246052892107, -2.441031618764435, 1.4699809270328013, -3.536386270997603, 3.9422913070131425, 0.11244313816411111, 3.638807050408856, 3.1449704354005954, 1.312141599698091, -0.7704319306155878, -0.6025688229331623, -0.18717566035975575, 3.6560407139519677, -3.565758777881395, 1.3193883615251982, 2.9983658808208054, -0.3222198763690953, -0.2777161537540319, -1.7038527236270387, -1.5303040441833589, -1.1498614906762046, -2.9549030576570767, 3.3871478262376633, -2.8775416827647025, 0.8085549216548515, 2.8967802174737605, 2.3293418091853937, -1.590795683902129, 3.9917941164651536, -2.362871284826956, 2.9137564631577666, 3.125161648050577, -3.2205741755198383, -4.286737239473234, -1.9822883750848188, 3.9420117121107245, 1.0954716531191606, 2.2896392782839223, -1.123656938737398, 1.4852951688405067, 4.138038059493602, 0.23919417427309408, 1.6187092965190684, -3.4673132198581866, -2.8925372735675285, -3.2080149620694116, -0.4437298963648526, -2.9450782853955344, 1.7914628769203969, 0.8853052569109798, 2.131736617419009, 0.10231386703258405]",0.96
19,"[-3.8367023352868035, 2.1755790521036507, 3.9035934456237267, -2.7955243586516887, 3.669278099652807, 0.5139001728899888, -0.15769381261041032, 1.8027539893855988, 1.7240246422273777, -1.051768215871488, 3.9782006962452754, -2.16065472264986, 3.457539485289213, -1.1121494156113305, 1.919028140052713, 0.02089191393808032, 3.964294959022228, 4.189615003413707, 2.8444543028370743, -2.5253421216140852, -0.17699437135086682, 1.8386904872913075, -1.830655188254051, 1.7002982100415518, 3.7041736282506035, -2.020667373926747, 1.4184273899301236, 2.524516078614969, -0.8322365149454467, -0.43148918219006527, -1.6082702448138562, 3.595135425109911, -0.0089909609814256, -1.7363224696354136, 2.768923681265526, -3.3441342563532825, 2.41882485534995, 1.398092488472407, 3.910931270123714, 0.26477686323647465, 3.0774113887521066, 1.186514489723543, 4.013370708733277, 3.268876612958131, -1.8041167340454134, -4.193573060777293, 1.63677888623889, 1.1407693710694216, 0.8352013562113982, 3.3771179483515974, -0.9612796890440043, 2.417088652720728, 2.4578036463925756, 4.461271611570751, -0.8576692081890459, -3.6179187441476874, -1.958510355163644, -3.8965146713742014, -1.9056559784100036, -3.048223299218175, 3.017348945745553, 3.8370661794701832, 2.895624293088337, -0.7044742213916478]",0.96
19,"[-4.403779406196227, -0.17431734325343323, 0.9074498001042088, -2.3420760158546856, 4.003186303562303, 4.131316790541852, -0.3622479058519972, 1.8228860130738247, 0.27570136971563275, -1.4043569434110177, 2.3665857059173177, -3.4335222533138356, -0.010798584509135845, -3.7407975267978415, -1.7837106144647334, -0.8365052343590547, 4.026401768337959, 3.928764925010291, 1.8884559922048914, -1.406440927704416, 2.3912793200827736, -0.10833509299490163, 1.1491655680472084, 1.0630133313282686, -0.09932510303839726, -3.896283862248464, 1.347988411181953, 1.4167665418745194, 2.03872839857552, -1.7862293134848322, 0.4344772284213091, 3.955560955146112, -1.4993923077605071, -2.7671389228354384, 3.604397614359, 0.25550515096350246, 3.2720950995749325, -0.2687212080858665, 3.0540846031271753, -1.9368536239728324, 4.050541893390297, -0.4355370423560334, 3.336095543421864, 1.896482876756904, -2.8180433465704766, -3.361202225724612, -1.5554970255088127, 3.757273419525377, 1.000237694089286, 3.094968866807566, -1.6304453541019701, 2.6867161708298632, -1.569639045343267, 2.5938979456743736, 1.6521883444962215, -3.991773558216318, -2.5155345207851747, -1.7787119833508367, 3.2916250299102248, -2.4283384605650142, 2.9964759075237013, 3.8551802428865543, 2.7429239373899206, -1.326678272307824]",0.96
19,"[-4.242568959647147, 1.7612406143331283, 2.5887127619617667, -0.9367526908379338, 3.97826516029321, 2.947780793249822, -0.9320820420407865, 0.5740306088630119, -1.9391427075915015, 1.7177799961698397, 2.715155055073862, -2.8917313697447087, 2.2948051150501683, -1.3105779469592627, 0.24321017804218603, -3.1863430007981197, 3.9111066199210964, 0.9316613755497863, 3.444307407584544, -2.459873659935262, -1.0960680070404194, 0.23624604244232683, -1.1187629280050093, -0.3316990613262384, 3.6222088163618933, -3.9356831491792206, 1.2217929054113905, 3.438304942332581, 1.3601939521544277, -0.3066425275450806, -1.6278955340389594, 3.4318920831695365, -2.572592739601956, -0.3980255798188188, 2.991375856434396, -2.3656623632333282, 3.0751288944517, 2.461440337128588, 3.3646724181694707, -0.36271046226008385, 4.066420931825834, -0.6632693440981121, 4.161088652792688, 1.9950237637627515, -3.1819937621678847, -3.924015981937379, -2.5483873228281806, 1.5769025516713195, 2.4072723889607066, 3.1557164883036606, -1.7942040149031306, 3.150176676762007, 2.0751068292822765, 0.5808974116434515, 1.833506200927354, -3.6991379412645564, -0.3648296970183764, 0.43603065951159703, 0.11144070911474213, -2.918849703662328, 1.909870540238915, 3.786990039696685, 3.426837858018055, 0.8557405688412318]",0.96
19,"[-4.509125398572618, 0.7821371545275977, 3.332315388352727, -2.188559336485571, 2.297691037403449, 1.2286211788381403, -2.290049506561342, -1.6713239857596505, 3.1989422477986547, 0.6390883413088322, 3.9778300270043627, -3.6479205467348628, 2.2631819080733533, -3.7179166209552927, -1.8452324010125745, -0.983185129954886, 3.8928509773289726, 1.0329972446244962, 1.1657631729786235, -2.971632220821877, 3.1380402463760593, 1.165898776096544, 0.05043324513358538, 2.077731646718175, 3.62670500212551, -2.572032957264497, 1.4345838897525347, 4.106715859523918, 2.183792132412947, 1.155597170230508, 0.6477466451382954, 0.2208845600479168, -1.6282461067049308, -0.9895439699376531, 3.5446973555018912, -0.9658311848831458, 2.750970427536258, -0.8748773007131536, 2.993654498200499, -1.7371187055982493, 3.8317001269572786, -2.7406981170753375, 2.5166516884973507, 2.5639981913019207, -2.5438356374732347, -3.7374073354928514, 0.1280136287239384, 2.8343948058381807, 1.18882049602604, 3.590119774284289, -0.08774582305622047, 3.2016657233172894, 4.061416805463252, 0.6019513325524178, 0.9136393999371077, -3.1703084773108623, -0.36791461845038986, -3.7810972834557877, -0.18452122327795895, -3.7199220435381277, 1.085494037943133, 3.6016549010608023, 3.0609464545786462, -0.2695972657648642]",0.96
19,"[-4.046953877798739, -0.8202599839340511, 1.665854745719641, -0.8326875411902885, 3.41532316847164, 3.1265044750268727, -0.5770961000380661, 0.30954566268394346, 2.5454931286064304, -0.6599864289338752, 2.1302581306167983, -3.6782749861028172, 2.9909279369682658, -1.7714889592506582, -1.6525686397430497, -0.7330086219577221, 3.954512342667904, 0.8143903750249839, 1.8103500143466207, -0.8139834619933295, 1.5306252390703623, 0.9485154776496736, -1.3428276485705037, 0.07798927043933379, 1.1929648988420278, -3.0983172445066165, 1.4844662051897555, -0.22790695381300208, 1.5556965406035679, 0.8084789015667351, -2.5066978293514044, 3.3950832254549215, -2.854231269543257, -1.8931666282337756, 1.9429865666200152, -3.863261343866632, 2.031002912349509, -0.6340019395722511, 1.6995615065798348, -0.08645807583954146, 2.7097294960017613, -0.4158728871557309, 3.239388457744951, 3.2406960952214128, 0.423933391084403, -3.6374353980595417, -3.921345653563785, 0.2564754896025476, 1.3828301709129602, 0.13165797471375962, -2.573350713341343, 3.253665582653107, 3.438727942302733, 0.08076460803640861, -2.7374851749117712, -4.003651693308465, -2.0249518170267953, -2.2834658140509205, 1.163396175836414, -3.7575669919807133, 2.636285952029418, 2.1561299575337034, 3.375919742865372, -2.0448198513310545]",0.96
19,"[-4.247651832055475, -0.44126348466778587, 1.9428427208413823, -0.946639580315447, 2.3768445547298955, 0.9412877363690741, -0.9161240397494665, -3.1850698366815724, 2.5263775485354416, 0.47364444809352324, 3.8707090747953825, -3.5505532461098777, 1.5716218777233877, -3.0584253377734685, -1.4010840825227344, -0.4014307571881117, 3.664494554074278, -1.3686404485813182, 1.939351768919175, -0.4165476555685572, -0.17506390996058951, 2.3434934858286924, -2.108966668409246, 1.095937354138634, 3.6962571093687453, -3.789377689454316, 1.4470811385382307, 1.8369842110299883, -0.007459409730832145, 0.9854518881724874, -2.336166292100546, 3.017100718708354, -2.089151633865945, -3.001336108930338, 2.3985453374649, -2.9434742438990407, 2.112646507634047, 2.7563329860541605, 4.423055062657159, -2.031207879053551, -0.03597307454019383, -2.6729078166460534, 4.070773527329289, 2.31834173970981, -0.7369099271642185, -1.6681844459442843, -2.4015904239217445, 2.412938310425206, 2.449784841786631, 3.0245839910570016, 1.634627574076133, 1.4485130569013376, 4.128014369353113, 2.638850155419249, 1.509993151585586, -3.972660500772365, -1.700595387089062, -3.955520715614449, 2.4078648531488653, -3.104553419337483, 1.6789251655543873, 3.078651222368159, 2.070724591800848, -0.1511295848662243]",0.96
19,"[-4.0018395394843544, -2.1829873928072288, 3.7929752687105025, -2.012331087715932, 3.4955072941729557, 1.2536295376726123, 2.557547891570402, -1.6612670986808693, 0.3209711869735701, 0.21615203099690658, 3.193360534630493, -3.7238488290171907, 1.5366909341510608, -1.3840290176810286, 0.4698604624750611, -0.6282542267964532, 3.8813406664356367, -0.8403525681342568, 0.1476354840022247, -1.5668358981286958, 2.5753475615786163, 2.155590975570991, -2.0432514977489205, -2.049516307478685, 2.945667291420283, -3.1007242966096262, 1.4323836076727217, 0.7282812847714961, -0.17054550964770454, 1.1603932427136812, -2.091681725092903, 3.1933297316086935, -1.2761800761537612, -1.7165729490916857, 2.4579008787949403, -2.8734132654416857, 2.3917743468056125, 0.9694051779722678, 3.5416866417408572, -1.5923836893498837, 3.337900632045367, -4.105670859254744, 3.6088162203241128, 1.8186087577839185, -0.3168454264388344, -1.3705343266416135, -2.245298633695516, 3.950400725717079, 1.147093246076652, 1.4825039455290863, -0.39712235921019157, 2.29027218496603, 2.17779541590877, 2.1747523407450005, -0.4610431549348497, -3.786093955240035, -2.6406596373886426, -3.245769775219177, 0.4985356370027293, -1.6991175951832738, 2.0136586842859012, 2.3254169472747144, 4.2309180737766345, -2.1823286861269837]",0.96
19,"[-4.440576960726703, -1.751024102584541, 1.0265618719292517, -1.8693291768842517, 2.0962788863407784, 2.2960773922423434, 1.314008096979646, -2.979581959051937, 1.1894910600635302, 1.7962317267780434, 2.6206583992139056, -1.8205472343640288, 2.0389254162711383, -3.093313862154776, -1.845368649975831, -1.9229432717129042, 3.7493285475576377, -0.44489683404705926, 1.8667420203855842, -1.7071046495389202, 0.4032599407523978, 1.1775375873603553, -1.1651867101090403, -0.07955158247214467, 3.677197992439597, -3.6686139247837968, 1.4806172899504575, 0.7113039266854199, 0.29856200577815994, 0.7369906645417293, -2.8269866188473665, 2.70080456225246, -2.0399427949401496, -2.5120340010171525, 0.9907076961344596, -3.5001926733263398, 2.3467047711430604, 1.5197582135157273, 4.430908971064668, -2.8695240053675914, 0.19100450176275152, -2.73921931178543, 3.8303468176804305, 0.498245438199138, -1.5654126009521552, -1.651354765729255, -2.4882295105609686, 1.8725253381199984, 2.058065877234035, 1.3387782398445416, -0.9134653595891397, 1.9041386035306347, 3.665488076661851, -0.8080605088294663, 1.440634766767677, -1.992020831788813, -2.4820043699254026, -3.562168970445853, 1.2674500774334188, -2.066489866445612, 2.3753882395056363, 2.6981654064196796, 3.411986583936294, -2.0362849544858888]",0.96
19,"[-3.675998841917031, -2.3917220280306886, 3.7177432980419773, 0.7573725214352154, 2.66109986458506, -0.0007635602491526949, 0.30682880594072437, -0.822397081040242, 0.39323351209844626, -2.5427860675049603, 1.7200323032407199, -3.330574348192017, 2.36169940777173, -1.5255647098340883, -2.2523878216776922, -1.1256901266290087, 3.8797170184417338, 1.1104660070467314, 3.2027562338739792, -1.2675496089485583, 2.704746159903764, 0.2639756187857591, 0.18515385714945065, -0.7803609336914297, 3.6181821758705075, -2.9551178743343707, 1.328149851334671, 2.897392618329484, 1.1296717960853875, 0.1284936771907585, -0.79813033257934, 4.133498025866897, -0.8256867263066818, -2.2709018301645245, 2.9326709988140527, -2.7923788197206516, 2.958489806341806, 0.19846048417791473, 3.045761494803534, -2.5252799751103154, 3.2648991699160126, -2.6916293650854595, 4.130492218172422, 1.4796246059760954, -1.3082990269849626, -3.6812741353420986, -3.2170421589591984, 2.9824757546784033, 1.4003657266045524, 3.3675156375990447, -2.2996440883746176, 1.6918206739721253, 3.3870470871516813, -0.5844766787457051, 0.5891414362949783, -3.640313329662627, -2.274100276145841, -2.40229105632263, 1.7325860221235971, -2.9636144579928816, 2.324351363670556, 1.0333838028154407, 3.9789261798441435, 3.2357537294227368]",0.96
19,"[-3.204731832103469, -1.0292520725963688, 3.702443081943849, -2.6879898122721118, 2.3971937399913696, 3.1353151265024595, -1.4661385273690037, -0.15232225143680722, 1.9257539538808575, -1.732894693517283, 1.5355756510591634, -3.6835465183040195, 1.1460337802017586, -2.993768380630844, -0.26600590943104674, -1.842067946627032, 4.037776370782177, 1.773816089768061, 0.8002343996977337, -1.7830499591213154, 2.4985048127170315, -0.34386789273826335, -3.3157373007449005, -1.3760752276938353, 3.730701035422428, -3.8926430589461143, 1.4585660882236295, 0.609354881199613, 3.580687949576063, -0.11045385226883142, -2.1543183303007334, 4.188072294255515, -3.3826696534793355, -1.375117257101712, 2.9486025966463743, -3.2085097046518176, 2.338746526201101, 1.3206914059682144, 2.929301613726977, -3.483522109420516, 1.483268501739235, -1.1645750350581345, 2.8736152394113903, 0.5295864482170416, -0.39016862665941043, -4.040022681859774, -2.867256734041273, 1.2105005701390041, 2.173055881157066, 2.070753428640023, -2.480107333694377, 0.36538705290492524, 2.4309475764362225, 0.04179696654196474, -0.40699155974128143, -3.427133508601592, -2.5912373671485227, -2.4877516827339647, -0.5345021732149517, -3.637131050594531, 2.4580289918870006, 1.8959264768843769, 2.8879710553853926, 1.1321804913115576]",0.96
19,"[-4.506489283308756, -0.2958875598280571, 3.020010803933185, 0.8887160347857049, 3.3263896288002295, 0.7318256685068673, -0.41625435064097, -3.348370584510712, 2.7446195859491826, -3.015452843796375, 1.5574028514153373, -2.8300463610869624, 0.2877322822116457, -3.07383847387861, -0.047297266289983986, -1.2077147243197746, 3.8276891394176262, -1.9538871414077852, 1.4489746083263966, -2.4811058252585663, 0.2154009149888001, 1.5593600783015975, 0.1712390830432804, -0.10384894736816375, 2.5798138953553673, -3.2304899235414632, 1.47719569737335, 1.8806928505463094, 1.0398374127805918, 0.1756932816779948, -2.773539389932652, 4.124937492109911, -1.1900069438349001, -1.6965864112329783, 3.4629266989470517, -3.6052150285813243, 3.288451375524419, 0.11142796691888135, 2.014685281565997, -2.2681758392381814, 2.673440829097625, -0.5970183254870265, 4.12083408375804, 3.4951569100432076, -3.4335884542890773, -2.770107207864471, -2.647611983030818, 2.4105881337177903, 0.6126117480636897, 2.58226080770109, -2.0973727565549782, -0.4069159425473874, 3.158300105454579, 1.5476823842451668, -0.7482791511014686, -3.7893491157212367, -0.20277536637536597, -3.625653019420578, 0.8453422362155294, -3.7837415307410773, 1.7690367612063502, 3.6248769342168083, 4.2530970035300495, -2.0014862608358763]",0.96
19,"[-4.095319859314466, 0.09441883464096945, 3.2196624383084362, -2.395298746196259, 3.572427330401819, 3.4310491029133496, -2.5804286080832206, -1.1143986608083647, 3.2078964569487214, -2.889296710007744, 3.811656798556199, -3.447345866078651, 3.454958838082067, -2.429009949246097, -2.3699800210862674, -3.2186199131720334, 3.9961435023513303, -1.9022843456479317, 1.993697736195698, -1.813656788297414, 1.342014426707519, 0.982949067146623, -1.9426475411055386, 2.079061414086265, 3.3211680215181114, -3.9547595518157923, 1.3689978179624638, 2.8219983363834875, 2.207364254818955, -2.8113370237902267, -2.023409282281189, 4.2385608287362695, -2.6665816317877837, -1.753779868887996, 2.3965868072724277, -3.6175093344740423, 3.3304881610587076, -1.9538106740172632, 2.108015442118187, -3.4981092838355172, 1.1642564136983173, -1.2764701258568243, 2.135758689203589, 3.479330598643535, -3.414672642525145, -2.0243492453300638, -2.6095954741832186, 1.887587947172105, 2.560143326133108, 0.18111418146894398, -1.210853540193763, 2.208305426651696, 1.0816856025767732, 0.8420329334022425, -0.6681285197250926, -2.873991701542069, -1.764383665866232, -1.3318022003232781, -0.7796769447172703, -3.6656952241107454, 2.6682453808732474, 1.8566826672292298, 2.755396211911973, 0.12026472384261755]",0.96
19,"[-4.46535206199301, 1.0011354546097577, 2.631572654937418, -0.8972188508081796, 2.1854956490962043, 3.424386234645186, -0.8319420595845843, -1.8123502488134533, 0.5123820024971826, -1.817087301600341, -0.18091161257230004, -2.6371702416745313, 2.8842109881220104, -3.3728691348025315, -0.03620267677854794, -2.5472027349442943, 3.911513533729157, -0.222753686655083, 1.1439580260223994, -1.7317317054731158, 3.124146405852623, -1.102273667826325, -0.02192666116264408, 1.687664268645221, 3.2802465224162853, -2.6240642109295313, 1.4498003855319368, 1.4852664899070962, 1.3415443536661966, -0.8712805177268504, -1.2957824147465253, 4.064486313379627, -2.3268442593263643, -2.9582789996249854, 2.684248117597849, -1.691287623242678, 2.942033815799483, 1.5978803461984377, 1.4865080588178632, -3.4977068033433056, 2.88727527264105, -2.7735545528831063, 1.6284024070118635, 3.5249424540117755, -2.2230442654474007, -4.275353037886993, -1.3299087685112743, 2.376996211617007, 2.546424661797439, 0.24335798443119416, -2.2091800531688714, 1.387981916203939, 4.099073349186998, 3.3854304881669823, 1.8294018601603654, -3.596589876105128, -2.3805322966124334, -3.7821461363987905, -0.07213609912486874, -2.502439444858724, -0.7027968779326534, 1.7435660828685564, 3.6532767192663855, -2.700564650286898]",0.96
19,"[-3.158184872698647, -2.1207111387363375, 2.164045727054323, -0.895301240257482, 2.4679178566893896, 1.379548458255166, -0.7411267768486636, -1.1486840873250497, 0.12748504165263186, -0.23830564791503878, 3.8053343489318605, -3.4085630766980097, 2.2648097354658265, -2.6199944962831605, -1.1204266197724333, -0.1266590575630896, 4.030367740718799, 1.1127618302082936, 2.8358019805911225, -2.3646323489451913, 0.7321856686641851, 1.8864238569577596, -1.6289674194058918, -1.0581617883911225, 3.738705490620962, -3.6465628807173074, 1.38459382239698, 2.05183257373912, 1.6394762457498633, 0.027007896240557605, -2.713488662246061, 0.7523199281761062, -2.508750674961499, -1.6599163244806219, 1.5710655022451343, -3.85756816187099, 2.7649070050472595, -0.5761473820766743, 2.1621788164704028, -2.283673489919694, 2.940523040430943, -0.8047135931828562, 2.956950990043357, 3.1058088704811597, 0.2704226106620342, -2.8051605309795127, -3.187748727720579, 2.1671776731858845, 2.6262363456581808, 3.1251304944720726, -1.8764589569037682, 1.5866924593498675, 3.1346751461932336, 0.5929311423525335, -1.0654681537698676, -3.7515976522205223, -1.1986778279277361, -2.586969704596515, -0.1169444421766998, -3.1479092531504507, 0.8495690931846844, 2.5973981947204305, 1.971690947881603, -1.1792427833978258]",0.96
19,"[-4.508912800490471, -1.4803222925736297, 2.6351636493069543, -0.010121942127118366, 3.6179805293289005, 1.1585962696571328, 2.126607016328876, -0.9125612962497933, 3.0961057102326555, -1.6768130852536975, 3.6886521201218, -1.6004439610072523, 2.5006039398566617, -1.9309368476735365, -1.376264653451264, -1.2856686125865164, 3.8802866381916044, 1.178349909434797, 3.2400828360834772, -2.3091587861640255, 1.4479437785774025, 2.9519300935354744, -0.744324065734121, -0.8599800419956141, 3.3537832155542806, -2.9712774664548034, 1.4890804348650444, -0.7615799204762377, 1.414365897889346, -1.1897202285326565, -2.2725084837756, 3.5856471998417545, -3.406573384912679, -1.5812875070630863, 3.428229847855683, -3.6401478769043565, 1.9436541846337854, 0.940171613937076, 3.2109973501384124, -0.3463377212970111, 0.812572705150187, -1.3478765735155094, 0.8025612719772419, 2.342820481202923, -2.1290770069327665, -3.315870642897896, -1.7162514876741817, 2.254270784954657, 1.9409857347742892, 3.53184849685983, -2.206372107476579, -1.3543442239119912, 2.110757803334382, -0.733127057808967, 0.10462724558082609, -2.0986769541943513, -1.926833508651173, -3.561310921407222, -0.6669603694493265, -2.925843733975167, 2.963385338921412, 3.5166531801202914, 2.996554872948854, -1.511330050820727]",0.96
19,"[-4.454348332794302, -0.3688585998110242, 3.312545236674648, -2.1923571541547187, 3.4776526371241006, 0.7166486176904904, -1.279901824184317, 0.17755119719962464, 0.041799409578876734, 0.573952193370648, 2.923537232285138, -2.125501023254306, 2.5947587112133927, -3.7396556046111775, 1.8136909978763713, -1.4195360594892792, 3.5248462940166734, 1.1514766080118104, 2.1315514267840805, -2.9008702478215, 0.512143843815604, 1.0703908502550072, -2.655611905624786, 0.8445255349735388, 2.4700871338169605, -3.9058842433047816, 1.4503770572983115, 1.7031547804136191, 1.9983126622275877, -1.466980935526313, -1.0927921369800515, 1.213044253055385, -3.106156224567621, -1.2330246045120914, 2.772807917401744, -2.9727522297219595, 3.301715152576258, 1.0991322184244625, 2.232734169129003, -3.482686064057214, 3.2698592627095646, -3.4904380502993937, 4.116824326306356, 1.9749323791514601, -1.907044940123678, -3.584260987637193, -3.4939625046695677, 3.959115215342828, 2.3684849924420286, 1.406150324561002, -1.142736538781545, 2.108715894776096, 2.505032495436625, -1.5818039260282684, 0.8119778610927662, -2.9063150924518766, -1.625850054938181, -3.8830940444332764, 0.060380153155313254, -2.907819875583092, 1.361962527418079, 1.3356017061515792, 3.6586369005238284, 1.5596704792203406]",0.96
19,"[-2.977560872483373, -2.4515125214007267, 3.325422401977049, -2.757430211484297, 3.6447601729941583, 2.6234242855301475, -3.4638085937191705, -2.698499162793974, 2.9995458134735213, -0.5115957104491368, 3.007047348974353, -3.1963018904861284, 2.720034893147359, -2.514165439713012, 1.3983765125565024, -0.73989248112367, 3.776909709779428, 1.9592139141771479, 2.3044831065619644, -3.16711118886541, 2.0999145340073238, 1.6537323073141525, -1.7968589420282577, 1.16038005870627, 3.468925232300339, -3.9530110013781554, 1.3698038716695942, 1.9733676767755701, 2.6529549130897125, 0.4152846053922148, -1.206371467745859, 3.0836000177132075, -0.8656749226509588, -1.3852952539970311, 3.5669062304204275, -3.304686361105137, 3.1556636129057027, 2.6791064645666745, 3.33854146612595, -1.9453708425993839, 1.545109440520096, -2.0946310939391037, 0.9438144480296509, 1.8611097799417187, -1.037004834417183, -3.7138279641561205, -3.043581804262214, 2.8565600298828318, -0.7793063217402985, 2.5833132834368406, -0.856880707572264, 2.086294138688687, 0.2948568377672416, 1.2267770452465978, -0.12919837196514192, -2.6250944261986353, -1.8605105686145298, -2.556752145721968, -0.12379024236415048, -1.4570011578188682, 2.4616779473307706, 1.4549791412226218, 2.59968394275224, 0.7778113890113802]",0.96
19,"[-3.5185908041969247, -1.7982146015698475, 2.1833168948096016, -2.148701902429111, 3.429572697401249, -1.093041773439051, -1.6053557861972454, 0.5663208139781846, -0.0635328773230861, -1.3602130882160934, 3.2001322767960176, -2.9694761234877283, 2.7736936094717075, -3.4968145213727304, -0.11108492437825448, -0.11464953688974133, 3.7917066980441207, 3.121503634726924, 1.3930524980885692, -3.1289544998397405, 0.7753390837733264, 3.322161400500706, -1.121438321813582, 0.1147190154923472, 3.065047188301624, -1.349250625854065, 1.4844467905871512, 3.263917267899071, -0.13220903303157194, 0.7134333964484003, -2.968889298696692, 4.216913515698413, -2.9188843996031326, -2.2846490040746215, 1.7288411751683102, -3.5497903201019927, 2.6391625459415367, 0.8794306296661585, 4.353958033531711, -3.1867630806896825, 2.4256024338417648, -2.091399572222897, 4.025367472214416, 2.131692492706292, -1.0901614486930673, -3.19165886708714, -2.110693298300827, 2.1091578599822096, 1.6541555968286166, 2.0459833879946845, -2.456238336293916, 2.687460609695686, 0.6348577817083279, 1.8789060731120917, 0.14565587678165093, -3.2844912152709362, -0.7455316483769787, -3.743112028965531, -1.2790951249035187, -2.646592280823556, 2.948217837705171, 2.164094280072711, 3.641233055448949, 1.1713814766326638]",0.96
19,"[-3.670786531445323, -2.2129933369367376, 0.2880854476687418, -0.6195293201736001, 2.158955487753448, 0.1596282202127619, -1.7215591692435068, -2.3854561736399527, 2.4470133668404115, 0.7394782095304059, 0.3779355220261644, -2.6571661814368897, 3.296187662701141, -3.7125782580936395, -2.4919067365148884, -1.3296972217575327, 4.027981673896528, 0.47779609941325757, 3.1764721592501473, -1.3949409186917938, 0.4757444082657192, 0.2581404157479168, -2.8233051219427443, 0.04640988014081049, 3.1936753248883747, -3.8075621684520033, 1.4885072851239445, 2.1373244150379764, -0.8951804008809621, -0.9896322565131828, 0.5072224810551917, 2.9247330061341286, -2.2160519522102797, -1.8405860595978192, 1.13079857440417, -1.1893754155612997, 3.421422640630454, 1.1700041127315364, 2.672416003863477, -2.36204250618279, 2.380928207643853, -2.893641242933253, 3.78680234887634, 2.194760542614012, -1.7313562467349997, -3.061582945711878, -3.9265070051586006, 1.9562372270031998, 1.330826715134506, 3.3132306440494883, -1.6430224796021904, -0.4890780267633936, 1.8597970777134696, 0.1936765535492606, 1.0396900495491885, -3.3075233310871024, -2.743544226227827, -3.424449918935956, 0.19950944620287847, -3.165713105833077, 2.588206487842984, 3.7473522055069584, 3.97943106540343, -0.33031568235997566]",0.96
19,"[-3.2689127718828725, -1.8400146122821668, 1.4697821476718234, -1.6681176592050833, 2.075417774823575, -0.2587163935852961, 0.21308356462993444, -1.2750051524348214, 3.0733037563851906, -0.9386606282400011, 2.534330832459459, -3.726231856731545, 2.9639777088523505, -1.7416509404314482, 0.3922997720874486, -1.1928044186268125, 3.9970807448189034, 3.2650010095945827, 3.678583801048249, -2.738761966299111, 0.19224899970454412, 0.90717442204606, 0.18580765780534825, -0.7844665467159448, 2.654554419752406, -2.787969319343855, 1.1783269784234371, 2.6879024485906884, -0.17556100428103694, -2.9261342152332643, -0.9655354790553093, 3.8190879124341643, -1.3648249576195033, -1.535766311741353, 3.054334243626848, -2.3921215901757784, 2.707861463374454, 0.5146764421272937, 3.350364997000267, -0.4059546117771715, 3.0101633944124733, -3.3520209221325143, 3.491213414703232, 1.04013311481757, -2.684561450248424, -4.004067655991861, -3.5683785105054833, 3.5481309563960073, 2.525260884341917, 1.891824766770049, -0.5756105263516922, 1.5291013182663793, -0.948813632814629, 2.469400638050677, 0.9318054812973605, -4.042854728245926, -0.671619947547045, -3.9019789062965535, -0.019687144907846038, -1.4943794786926945, 3.03813848719271, 3.3657848549389646, 3.3309572883231215, -2.3115365062379287]",0.96
19,"[-3.1266541268824373, 0.7809469705965643, 1.031518312805687, -2.442170369388011, 3.827973886078436, 1.618458053721749, 0.16865474769086208, -2.3534484462146037, 2.448639717369415, 0.34204825406660017, 0.9464605305134735, -1.4874175915499581, 1.7992038066349632, -2.909744182680784, -1.6320042145225888, 0.08671131012507372, 4.022433165149319, 2.313021882687724, 3.5935684271046533, -2.2836716749519743, 2.4202724861868514, 0.6433183387295905, -1.689342277548586, -1.812610547083366, 1.3402016126323564, -2.510619437771118, 1.3475724453856461, 1.326821414760768, 0.9418770779013437, 0.18933380939293976, 0.3445908415515606, 3.1353329902364364, -2.416012899312177, -2.1677063857694012, 3.2418737209298705, -2.3255946785861266, -0.3742583176998564, -0.8393976323782331, 2.184719077011282, -0.4003102699039487, 1.2137074730890787, -3.2627631543369002, 1.9186200164782807, 1.0491654549832976, -0.5055606871325615, -4.477292780083111, -1.5098693785824826, 3.9276308476352266, 0.31269064642150735, 2.9949230470030126, -1.5495819825859982, 3.152974641515222, 2.942430357685512, 1.4957315801771154, 0.4248297149130389, -2.1587044721710384, -0.6590070227994156, -2.6093900145036955, -0.22308601613207105, -2.9460909195801808, 2.838480465686585, 3.8449612941348295, 2.143440652966696, -1.3766538244973148]",0.96
19,"[-2.5028050835487186, -0.048978810292359176, 2.631889764053155, -1.30907252089364, 2.0201033492649527, 1.6268850663750483, 0.7342182018394803, -1.334238185434811, 1.7849898112271636, -0.4885248167402334, 3.229625515387182, -0.7221884037385933, 2.90792829509233, -3.6694330882205017, 2.2080019465601115, 0.11609769872964293, 3.8975318243659784, 1.8879259185807176, 2.9359266523540457, -2.7057515675620536, 1.6509881221642542, 2.6251669645389617, 0.33561419683252214, -0.9534672814291933, 3.4128881529101767, -3.956766082454598, 1.4844637175584967, 0.28905277470407253, -0.3341983093180234, -1.3466767213763637, -2.0381748983977763, 4.206695841596117, -1.3109763571958912, -1.9825823656115107, 3.581112641491736, -1.1280834887383655, 0.6142335726821091, 0.2625963411435549, 3.769606635248477, -2.1930839686230166, 3.6797145874868287, 1.209699332124646, 3.941835221926035, 1.3064521505078317, -2.4624224982098912, -3.4058092027799534, -0.6529447277682658, 2.23816698077207, 2.588643098561811, 3.369201716815051, -0.33165290138866954, 1.8570757105051787, -0.011969330407779255, 0.930404774267074, -0.20353180480871863, -2.1606526312742504, -1.5092562066398858, -1.6279159599975501, 1.3806451987719224, -3.63704978298886, 3.030918936402607, 3.2700066415645788, 2.7261817654712175, 0.7693197415952103]",0.96
19,"[-4.1955124304101865, -1.224043097458376, 1.8030414630988507, -1.115400132967926, 3.5967042749294094, 1.1203897492208341, -0.26677862598029073, -1.9664191183928077, 3.1446807569052213, 1.878027829211206, 3.906606158282302, -2.9594250575068317, 3.4731721114411207, -1.2679792527208116, -1.194679228137461, 0.040573152276211055, 3.6636808956217024, -0.5534403063348943, 1.896217318137161, -2.5844016116577326, -1.3650584256333285, 0.7447211319164049, -2.159199121684393, 0.8524062096424272, 3.7459293616919767, -3.385603593071428, 1.4886833242157775, 3.316963080703215, 1.6469645060820857, -2.216644365623405, 0.563365510444708, 4.220320835842596, -1.1851709954225003, -2.196831814510995, 2.2872463348545162, -3.8609041378743663, 0.5949825202677126, 0.8323687472473499, 2.239127621594256, -1.7002479954585534, 1.1689016130921117, -0.36939856454053066, 2.665106953922519, 2.6058360338900046, -3.3727275810422483, -4.58436821406948, -3.3948883139186234, 2.416087658677329, 2.175154348667159, 0.499951415536942, -2.240983138992821, 0.9396825340687408, 3.48618772141433, -1.0714489804315357, 0.6878864135554099, -2.1957792096053588, -1.5495094489352326, -1.4758998738053455, 1.0063645447238798, -1.9945738986123644, 2.809766411363909, 0.1693857767870659, 2.238999023614413, -1.382425833927224]",0.96
19,"[-3.364426997652161, 1.7269994186551916, 1.1904598924209437, -2.2312044255280554, 3.7817294122599034, -0.09443973998179822, -2.9745397837667378, -0.020837160817213318, 3.1976331245843714, 1.540712522217268, 0.23964824231679316, -2.1227816903584857, 3.407774680257348, -1.5911439366830025, -1.0274920756134842, -1.5134161357554186, 4.037650896052967, 3.284160905265403, 2.585864555555968, -0.8788913974762464, -2.10915450977191, -0.3415058493361818, -0.9631971392041068, 0.4160443123103366, 3.731209991066769, -3.953029364188547, 1.4855214171820592, 4.053266274191839, 0.03242541586014891, -3.86887921053285, -0.42924413503462344, 4.10557225992365, -3.4037708949794627, -2.08566464831215, 2.1308960428337276, -2.548454869772284, 0.11561765031603577, -0.2226646696116087, 1.788529005527542, -3.4680821195454015, 1.7869554883880374, -3.9939047972994826, 3.554368056556406, 2.205519510231803, -2.892763552064009, -2.763824107953954, -1.8242927061759906, 3.760105294398873, 2.337270020430279, 3.673035396984261, -2.5067060093565208, 2.545360134411461, 0.9653386525259373, 1.0071630759616663, -1.1220393728178892, -3.797136252773192, -0.33325580643805286, -3.043320540904406, -0.4702160323214439, -3.3529782533398453, 2.8160252794214338, 2.242618797040023, 4.166631666528397, 0.6886367430183515]",0.96
19,"[-1.4230968567799245, -1.5573662544743094, 1.4212477627782758, -0.6281405686597212, 3.2370169557807307, 1.0816638108165701, -0.2481193409002177, -3.6348914692769823, 2.8908267884456125, -0.2935185284012668, 3.931913181001036, -0.9248505678760033, 2.124496797908301, -3.730403128962685, 1.0277374262720824, -0.6636153322618308, 4.009137959221173, -0.4271907973492075, 3.6928991731629695, -2.4818095274851535, 1.1694203209975362, 3.687768954983234, -0.8796346869485675, -0.43996761936349565, 3.402959339840388, -3.908235677431725, 1.4080166980485247, 2.118287452778492, 0.003073442902864265, 2.2407086335991035, -1.985270504790085, 3.8572341527731067, -1.9144738945572608, -3.0468702599246718, 1.6860266806678181, -3.881347386675618, 0.6182020769030447, 1.843019389137846, 3.1314646199457066, -2.0962920189420857, 3.3259353045028055, -1.3705943734034158, 2.891755954766349, 3.411304872163484, -1.8280599788568017, -2.4013768180823383, -3.18920861718739, 3.112279966414786, 2.051260104038566, 2.6056216163345103, -2.709635297817385, -0.695480354388107, 0.31306857154663326, 0.5092395818914094, -0.9577275107025558, -3.377889976028458, -2.252700903305164, -2.4389732306419982, -0.41011838290202995, -3.7652718746093568, 0.36217234815055566, 3.7871593865262745, 3.246170687784788, 0.5516485022877309]",0.96
19,"[-4.14648328526366, -0.9690330245430995, 1.7245350551472016, -2.233168796174015, 2.81616026976418, 0.36316119112246104, 0.43011501458275314, -0.7170781170246843, 2.3627191959973626, 1.0501009060937194, 1.7179580052882617, -2.9972547940846086, 3.4703244721565114, -3.305550747580564, 0.987695551885113, -1.9117970774829511, 0.6948942866234532, -1.2305063233833282, 2.531704181367059, -2.289426968667509, 0.04708252824663206, 0.7817368811330254, -0.869052909766079, -1.19362678171444, 2.5056210012247746, -3.9546128168875296, -0.4965379645464265, 2.960800638646454, 0.29816480924372946, 2.838019383617624, -2.3258377665179344, 3.0047537609086477, -2.41985533400804, -0.7626877242077481, 3.500793964401408, -3.3807388648199033, 1.679786264051346, 1.8837883044047783, 2.5901599485323024, -1.676706736912084, 2.067472739545787, -2.922897333514736, 3.9221572219890803, 2.4865198682719885, -0.5870974913777776, -4.215300327323563, -3.3751625726251833, 0.28161084664007685, 1.3037107722115207, 2.8486557943610666, -1.8712752610468744, 1.5658301179730265, 0.36330679766534235, -0.03437521860403536, -0.5798543979713999, -4.009544869885999, -1.3597353142360327, -3.7158518599512345, 1.9686661585569734, -3.4139026698518213, 2.8773874531116714, 2.306120721971246, 2.7349810869413993, 1.5952314372368823]",0.9629629629629628
19,"[-4.067803928954752, -2.0357036089627494, 1.2486475721679728, -1.6323209425671321, 3.765634243601264, 1.7753532428748322, -1.1746396291207415, -4.535567060482736, 1.5387827972839894, -1.109600366134213, 0.5888630295768575, -3.5986915241137387, 1.120940701566798, 1.5656387714212123, -0.5111532635961108, -1.0728790670006367, 0.5439067911866351, -0.561476273269838, 2.6701311984863567, -0.5298920920052599, 1.3469961017907282, 2.2381724272034744, -3.0403480562805116, -0.7020473151011632, 3.450511729095588, -2.485949793957388, -0.44712425379137494, -0.36539603873191373, 0.9665457827307412, 2.0587335170748573, -0.03624308016286326, 1.1101165182231694, -1.7101662356346357, -1.3711618669373076, 2.6305866524778683, -2.0298315790427646, 2.221784776211121, 1.2446310230953022, 2.541508475758392, -1.460706939550219, 2.380779589694273, -3.5504189786650344, 0.9005348343125597, 1.1636783982608478, 0.16536138548075774, -3.3975636587017353, -0.48354817535523886, 2.7117606993629884, 0.8591321349777683, 3.5794492201858077, -2.451328131779536, 0.06368653412176353, 3.7817932384665833, 3.406458698054492, -0.39663920665382846, -1.9646416275710068, -2.0140607582487227, -1.6067996061495045, -1.1626397824990171, -3.5831405551775757, 0.6788300627449002, 3.6676199645695773, 3.396337066587656, -0.6960839495159151]",0.967741935483871
19,"[-2.3624523746638166, -0.509206994286656, 2.0494448250610593, -2.124622782669087, 3.9094004278995413, 1.456169918224265, -1.9557413953766394, -1.8240759840869671, 2.851566608697874, -0.8550175566048059, 3.6049068962666997, -2.8057400568940656, 3.094355229230943, -0.14342336543967749, -0.8556127534646552, -0.6150331420696813, 0.7005798211431354, 0.32421392390733317, 3.185596496228847, -1.9543381318479343, 0.7699788745758501, 1.3581811476418566, -2.020158883503272, 0.007172886291977654, 3.574778858556313, -3.866068053956159, -0.4008254249587676, 2.8683121378919387, 0.3831772122050021, 0.6061865423097396, 0.6884178446370697, 4.2138093162123, -0.8988237058338893, -0.8343840717161801, 3.1250503511993397, -3.5069774444460684, 2.5170494578095934, 1.9375540155615623, 4.0162174415669885, -2.0481369002168592, 1.8472189286789844, 0.39492040092012726, 2.34457326219775, 0.675826624275446, 0.6583050128647845, -0.9917257488533417, -1.1406962612807436, 1.8597229158216795, 2.599831330756566, 2.8935743353691326, -2.660143973473756, 2.302134284273931, 2.8913605848324786, 1.8127586051834281, 0.9466116711192004, -3.235147147771933, -2.4110384986698525, -1.395739970826953, 0.9748606641400839, -2.5391325867408248, 3.009501409164062, 1.4180948346046305, 3.348457051283577, -0.770373994868299]",0.967741935483871
19,"[-4.485566865735258, -2.0044036252657302, 1.9192190702217364, -1.7129820634422046, 3.9857949946075424, 0.6678600630846477, -0.973541473763273, 0.17838930756977134, 2.1743317129582738, 0.07747711055722695, 2.0924405186569057, -3.512552342175312, 0.9351276093870523, -3.264908263278436, -0.6921178648093038, 0.3471094258066725, 0.6722977278262972, 2.076288785086109, 2.4922294651624393, -1.3657787861145638, -0.6948589018411728, -0.13089487008725909, -2.6534698009687405, -1.324513204513347, 1.1366967967464658, -3.715255341701353, -0.2835698732022146, 3.2093311415825854, -0.0978292135774742, 1.0374687860597898, -1.2338466278341769, 2.9480500735912383, -2.0785945097587377, -0.47705399014510985, 2.740163755499455, -2.8994456070594516, 1.7331334947136292, 0.8387958917447027, 2.78820158920171, -2.150859056844372, 3.1866979002186824, -1.6581836584323666, 3.7041604596324804, 2.468933553865819, -0.5985003436831702, -3.0076246358922587, -1.924706331926576, 1.379610012537614, 2.5496547535795298, 1.099144882661185, -1.0668989818963055, 0.8376451725160309, 3.977327793865821, 1.8169008465866054, 1.00267573849977, -3.8525569484338753, -2.5456225950994695, -3.1974825025766336, -1.0672044714027997, -2.7789274369045556, 2.252048612777101, 3.3109997138197, 3.9189063377187607, -0.2546850788153404]",0.967741935483871
19,"[-3.8156227339013515, -0.5085571833325693, 3.217443227807155, -1.1723369135236033, 2.4400570664652586, 3.2707861873949398, -1.5854960357373273, -1.5739346323845262, 2.6451298285336216, 0.5764998001515638, 3.1645593297634123, -3.2233351627462805, 0.8247797618217294, -3.710197250720333, -3.0282741973424536, -1.2271823262839923, 0.656825591282436, 0.09168345127788069, 2.6024250674859957, -1.4932263235974623, 2.554259293199185, 0.8018563889846012, -3.319764894956525, -0.22335113995652045, 2.679503481306231, -3.766406928167288, -0.4970148332691976, 1.653056613520925, 0.8175925861150951, -0.11151088737064652, -2.864740523413624, 3.028207445915533, -3.332393372497117, -2.992020987275585, 3.445451335057872, -3.8390303897761227, 0.3119247928294626, 1.66675779312876, 3.7626624959760875, -2.894988735909247, 2.699648365616594, -3.933737607519699, 3.37030431427461, 1.814705605066284, -3.100838063566958, -2.9313247295755493, -3.834854842900757, 1.919609281926017, 1.616001465652318, 2.9685626472571824, -2.387331975242987, 1.762634906211014, 2.8337894788291496, 1.913633857674937, -2.4458992948873224, -1.559537335561409, -1.1933565029673265, -3.9030495294315397, 1.7665908125153487, -3.247934497980798, 2.1222654741823224, 2.7387442684533787, 3.8872245315836738, -0.30592210407879106]",0.967741935483871
19,"[-4.334581694684821, 1.737668587489996, 1.8509907647398625, -2.4172746569041457, 2.6353988865656723, 0.6500292536174095, -0.6097736198668463, -2.8045143831607238, 2.2569186841009192, 0.2591787898613028, 3.433395345845339, -3.232410076305931, 1.158486372054131, -1.6833194313613338, -0.5473589262859748, -1.2251492194645446, 0.8551795792151113, 2.111429824286971, 3.6857771531336008, -0.3995130560289879, 1.6888673804546284, 1.2922231170431793, -1.2408096403664777, 0.27323656588207823, 2.5642641449671046, -3.5156202647441805, -0.35966167651237047, 0.44517016564918466, -0.5280919788035328, -0.8479980051868193, -1.9844479603663951, 2.9290459226224783, -2.70306019945357, -1.8881479618187755, 3.588002304276126, -1.7983288664512957, 1.8026330386054716, 2.843160271451977, 0.9569725217678551, -0.03422314592806175, 1.3335393182076425, -3.1205282994884658, 4.028114407848776, 2.004330311035053, -3.18504467028332, -3.5715343349125517, -0.11821065506306416, 1.9983082332019537, 2.4479674881165687, 3.587653990688392, -2.2811799170093887, 2.294302918348439, 1.7095093965872317, -0.6903741535476569, 0.60732177711776, -3.935990552856184, -2.430040631613383, -3.295399863436378, 0.33058467327989105, -3.13540397286366, 2.3173567507687953, 3.85664159125318, 3.023892134577587, -1.690546492492741]",0.967741935483871
19,"[-3.0388630827778194, -0.1876030425948323, 2.76012894015928, -2.312585709782586, 2.1140309377620783, 3.4425786414263446, 0.7789295675388189, -1.2375262621693839, -0.8821048885719835, 0.7562363259483087, 1.9850868101899684, -3.0161778381964597, 0.9331282498644039, -2.0074966603326168, 3.767369370540321, -3.293616703392182, 0.6121622284438182, 1.9589802725759264, 1.305371062808046, 0.24845045805522137, 2.9799618558948167, 0.34791397407590285, -1.6103777718405206, 0.5653714467157336, 3.262414084339769, -2.1788725251161254, -0.5421380883242408, 1.993398405124203, 1.7848160433621691, -0.13478861443674206, -0.7468042536821001, 3.142134643849339, -0.71831704693802, -0.06645564186011388, 3.614627325463787, -3.2868413983716143, 0.8177099604057032, 2.472510126491339, 4.414371713084883, -1.0705441835126095, 2.620814192967008, -1.1518352854771583, 3.291747524500685, 0.6489288193245986, -0.817640182275579, -4.282369219773276, -3.4551340332449714, 3.313501017176642, 2.6262248535826407, 3.49841765513789, -1.6494278507289064, 3.2416833857835057, 0.8044897822055308, 1.081764028956315, 0.839964524769661, -1.782265351247915, -2.8676729406841788, -2.868410602440431, -0.9679092710927116, -3.165036579844272, 1.4238297315582191, 3.3282191606890112, 3.0108262205696508, -1.7879090186779611]",0.967741935483871
19,"[-4.386382511841012, -0.5294214377973276, 3.4467346908643437, -0.32663333456568067, 4.090795912853088, 2.984162605729447, 1.412577110549604, -1.8968457891435582, 0.5760016330198838, -1.276155068983974, 1.3043792357790247, -3.1696924955185852, 3.00366939684594, -0.4979790439681895, 0.8083739595155967, 1.2337493335409353, 0.6593659264999852, 0.6747381748871116, 0.8303701752235555, -1.6194705246648533, 1.177141872391309, -1.130176610635524, -2.625569946394626, -0.6855051484159369, 3.2762077935071616, -2.401798286594559, -0.49132685426402006, 3.100098477446445, 2.2867687028852233, 1.085196860435809, -2.125992193947604, 2.5207167369629424, -2.101347819404606, -0.7164962525533436, 3.2394522875497693, -3.0363019164580427, 2.784473611888822, -2.1096366372916666, 0.5025716232949491, -2.500319575471896, 2.786934136623528, -1.2324635095446337, 4.08490342698605, 1.7476308497488011, -0.3779901726002435, -1.49644980330149, -3.736609383636291, 3.619747895078354, 2.109516619328675, 1.044544590321054, -2.7622953972061635, 2.607173620912392, 2.9691532910199965, 1.3606840818243755, 0.15020900365165418, -3.434242531346452, -1.3853428401390293, -3.9076194408702536, -1.9118626802425558, -3.35983196168885, 1.678442180439808, 1.8785035507897678, 2.4444672608980063, -2.5997157812201506]",0.967741935483871
19,"[-2.6988219424756794, -0.7338972479700578, 2.2472623093856723, -0.1206930653952134, 3.3092053080105295, 3.1518676508806287, -0.5228396232266064, -3.972226789903625, 1.6767479668732763, 0.17998640424868473, 2.632322266087938, -2.4465280167064725, 2.205153566596783, -2.5953661413117315, -1.3236721393241702, -3.125382710525515, 0.7313225023727289, -1.3863993604530518, 2.698306436848144, -2.6683217055423794, 2.2889127153696025, 0.28280033899337964, -2.1003405172464413, 0.03918193849484819, 2.9598135604826696, -2.124218285710478, -0.27047902280095815, 0.6157468447841419, 2.6021295118348924, 2.6485428417984322, 0.02501147050551178, 3.360732845334837, -1.433890571843278, -2.4791990226368195, 0.8924804791174148, -2.231867157641739, 2.301876962143661, 1.015326932694375, 4.410420566379129, -1.7312136711029837, 1.9393868679207267, -1.9919212632786008, 3.665686689663162, 0.569176253123167, -1.9632587880819443, -1.3614803679007097, -2.585650262912987, 3.832933033880845, -0.08559761606154259, -0.3348899605341289, -1.593311590798554, 0.8880447429675653, 1.2510985706153843, 1.5098195172734405, -0.9886665749660898, -4.043156607827496, -2.8993521407985168, -3.5413775234570615, -0.12958506348602844, -3.6049284278868905, 2.7248285664302827, 3.5241950559192046, 3.000329040567593, 0.2169267061041198]",0.96875
19,"[-4.490518688255799, -0.8887754649899796, 3.00189731709435, -0.931527981942516, 2.260670573903653, 0.5188082741379139, 0.9435272635374654, -3.4028749916958443, 2.9676795531044355, 1.2803831694689136, 4.00625254668166, -3.705069932642809, 3.4404659960891624, -3.4853346256369298, -2.051561039917689, -1.247875131479932, 0.5580541811772955, -1.1489612008937606, 2.9309024091578935, -2.4231613949504642, 1.5682954481526359, -0.5233541957721888, -1.9667367375466371, -0.5336992733162431, 2.5707090245419675, -3.5547421375957553, -0.48955837090445, -0.5066577157047669, 1.8692568241708376, 0.8303511921806179, -0.6761277007657184, 2.4889172350889206, -2.1160691986560094, -2.632167182816468, 2.026530005937529, -2.2643046134395672, 1.8256332843130747, 1.015502668786301, 3.5531823112859113, -2.8395120793997517, 2.294182242189354, -3.8574786652770277, 4.131415577896609, 3.1776949424032725, -1.9255579801486093, -4.078570039738105, -1.9839676198487248, 3.9072092578189648, 1.9440048298386898, -0.38289670168976664, -2.2893708688135717, 2.658980560056498, 3.4368450728340476, 3.0344608439136564, -1.381160232206058, -1.710281425735824, -1.5556882015481324, -3.701311898979056, 1.4476666625780266, -3.5514225351465605, 2.3201535111391864, 3.6700636048446444, 4.10420831674006, -0.3961145571632708]",0.96875
19,"[-4.508607100373532, 0.47609244984828103, 1.7801258318318625, -2.7975005632873295, 3.6560884163912735, 1.3758382147299253, 1.3048149786792804, -1.2406751725300422, 0.8001780138113448, 1.035260259520356, 4.012502117421333, -3.7267517676145387, 1.9553934772406274, -2.1439326914061185, -0.7575978332571026, 0.8712670954186079, 0.7642632366651736, -0.8358768063216034, 1.3643403455496954, -1.5043797309007734, 0.5087970049334289, -0.04586514005166675, -3.491256046053736, -1.9984640928914872, 3.6479420801952336, -1.9789215119693364, -0.3251450663264844, 2.7712690349986655, -0.08529071484324013, -0.46572547114423934, 0.2570272359641491, 3.438699042168971, -2.516853616241503, -2.9103117000186156, 2.07736486770756, -3.5148525272449005, 2.2407667837119285, 1.257072967620392, 1.5341820953430494, -2.1205817290096234, 1.224121110608576, -0.9358242298852404, 4.059049351665158, 0.8220173055092121, -1.4771459665114364, -2.322517185920918, -1.158249152721117, 2.3358401869898278, 1.703805841186362, 2.8714232525101764, -2.748735614695008, 1.8668945183646681, 2.2600925095232816, 0.4035939930100406, 0.4725251907710216, -3.3675190687393908, -2.8926294391973655, -3.9019296482618704, 0.8085925442111603, -3.177872672583905, 2.215998840964726, 2.956468968281047, 4.2348956503766235, 0.14014276717703766]",0.96875
19,"[-2.0987470803614086, -1.741171770345984, 2.5952594319138367, -1.7482362299396808, 1.7852086203398962, 1.8115614096827288, 0.3490500977027101, 1.3831928495836472, 1.6646468417943643, 1.121516445596225, 0.650448998910345, -3.723196826489665, 2.090660675680821, -2.406069221392441, -1.7457020288075684, 0.928444983246485, 0.7621390044290732, -0.2631672107758395, 2.943688750840498, -1.2515077699857924, 1.7097773494234136, 0.7807688825166036, -3.4689399213841665, -0.320053707783598, 3.4397877434821815, -3.367806386503732, -0.30738195162774284, 3.844489890289911, 1.118979765700816, -0.27632330486216605, -1.700285392962348, 2.4628662220006516, -1.540519380762764, -2.3895650667223696, 2.747562193899572, -2.963057438248164, 3.057441911186855, 1.3687529570016672, 2.750540974219993, -0.596217214844778, 0.8823973655420889, -3.3149635822403947, 3.035754476702127, 3.414689509673429, 0.1345037261203792, -4.556858849166723, -2.11146638208971, 3.9564199397485527, 2.5963106650130383, 3.168484226816276, 1.7269778479407387, 1.1160323507190677, 3.1495129527541534, 1.057325185235446, -1.9126978689940344, -2.9406749682470767, -1.0840869560418336, -3.5229171325617266, 1.5915910037516512, -3.6329165245659643, 2.694764646686247, 1.947454188207073, 2.459006582817424, -0.8674789541041088]",0.96875
19,"[-4.507639130569162, -1.3034441094144424, 3.7274466148666856, -0.02087677511818664, 3.870605894354505, 1.1773045359395355, -1.3968393113547708, -0.8007937121774169, 2.864919368312733, -0.4183140762927601, 0.9986754465399335, -2.7572136812926757, 1.8563917544882655, -3.7238298402599357, -0.9632029169739095, -0.8417906770088952, 0.6428714135718802, -1.0194651281325462, 1.5734644246578768, -1.3534882218592665, 2.406745704375472, 0.3823123680149431, -3.3880788003959785, -0.690354723024267, 3.285810179704053, -3.787184699359226, -0.4677958567313824, 1.361476463102329, -0.23544452182636522, 1.2331162188967983, -2.3739828918783985, 3.8368261533871793, 0.011273736829847225, -2.97827472507061, 3.354162876235048, -2.9133307881389605, 3.0157710201507637, 1.2344914895797394, 4.428571693649391, -1.8790615800443145, 2.6262845052986266, -2.1545690936024298, 2.1264682443597422, 3.1027333362797975, -1.6767704471548248, -2.8110908901831144, -2.2871566454112733, 3.4570909444145177, 0.45741948209696015, 2.9727072003765818, -1.78891988395812, 2.8176820328959202, 4.132837098483542, 1.1498739989195004, -0.2588516702615944, -3.442866590451351, -2.6750028566386206, -3.6923256129713327, -1.1993150600097602, -3.4718623610831347, 2.1080650705435544, 2.011142161842227, 4.088575212439857, 0.7758513571977355]",0.96875
19,"[-4.470305787185878, 0.29845196665034757, 1.551152413702192, -1.8134453062388065, 4.125427825009571, 2.2788422018952237, 1.5611982950486565, -0.8295151467213567, 2.3872395098731887, 0.9048704799213172, 2.453415499324158, -3.199343504878656, 3.275509683377688, -1.9992717148798822, 0.6142017352009783, 0.6344902726158612, 0.8235695107702437, 1.230821795929, 2.7855085429574933, -1.4192721429016593, 1.9349253848671215, 0.17700262662225197, -2.937171464909466, -1.1953524568822236, 3.6445325317735304, -1.513822387179169, -0.4084086852545569, 3.694670540132213, 2.243212778503085, -1.3802401624987755, -1.9404520508034349, 2.794919847378442, -1.999906100972722, -1.1404221118710125, 3.597892295355607, -2.5457647479245935, 1.114842914569101, 0.3674833781145273, 3.4112648229298066, -0.7845566777886901, 3.6138509278568987, -1.6344757142762094, 3.2282922378364085, 2.7905482323223145, -1.6557984695738588, -4.132691916111797, -1.496712185808957, 3.1727314700858127, 1.1311364880949548, 1.4159574857640609, -2.0215497848146957, 0.8224873925458718, 0.5712042656901464, 0.2932048474289034, 0.9269880149656156, -3.8731880736892657, -0.8752658852393094, -3.614457020126368, -1.3393868396356694, -2.1634545146406445, 1.9371311762878218, 1.7293844776816778, 2.551103548126644, -1.8223036750398407]",0.96875
19,"[-4.468351479964872, -2.4419243809137114, 0.9941750075598789, -2.36277527046169, 3.9639895357623827, 2.3755086290172214, -2.0276037583733784, -1.216366623706076, 2.1291518209049203, -1.727304801321478, 0.4017351597352563, -3.7266803182088353, 1.0365673327745055, 1.2817429967935496, 0.8397582625518483, -1.524742812206709, 0.6300118596208134, -1.6632976622122362, 0.40590108680724946, -1.6557286866663592, 1.4475235813819283, 3.0151312813874798, -2.5313312732875315, -2.000720879319227, 1.7924561929255494, -3.871473113185746, -0.2717984985584939, 1.4123109966433431, 0.5147368354537865, 0.42426860357958457, 0.37349104970428953, 2.2702186747877158, -0.00713917303197098, -2.5109605955327847, 0.1242496828882862, -1.0773097026981537, 0.9482006922866578, 1.6697819853907263, 0.6415067180659737, -2.005672270064558, 4.0400372585477875, -3.539442092846176, 1.1782011048804861, 3.372193697104732, 0.564248344444106, -3.6829517862446135, -2.6952734815656267, 1.4422683382981063, 2.552465768345773, 2.284611400613437, -1.8083907483939443, -1.4220159076270666, 2.396519427930186, 4.1917229013441055, 1.057962061249424, -3.7170438581524894, -1.504831444307196, -3.874200525460455, -0.48016728846819134, -3.7781340041316454, -0.2053329271344584, 2.640141469173637, 3.512889008138341, -0.38225242418461874]",0.9696969696969696
19,"[-4.303835092732994, -1.403698854793871, 1.0085644004506917, 0.03187170211097534, 2.6082856320907037, 1.853375524130724, 0.700774203971489, 0.26433049070218884, 0.8971331107784613, -0.6019452024632185, 1.9285247264024108, -3.157561603859099, 2.85344676955764, -0.2797298454847845, -3.0660917694603347, 0.8368863092154162, 0.7637210650313757, 0.4968867256805364, 1.1259292144604165, -2.036337472862816, 2.350133947221456, 1.358161589000019, -0.44883816454770176, 0.2514151607325386, 1.9148102151229747, -1.8853852166739165, -0.39541572240054457, 1.0129415085868234, 1.8120129051321596, 1.230665276968082, -4.237078975842339, 1.887030140877295, -3.028696604081377, -2.367031039426974, 3.3314847444511875, -3.776077467479015, 0.816828809728104, 2.0047638941199826, 2.432841208172349, -1.751853649092487, 2.232121966657492, -1.0963339989093335, 4.052906094730937, 1.0157046926416902, -1.2889204271281587, -3.6971240415902096, -3.9173943981536286, 1.784717251226676, 2.614142103604548, 3.054192648936031, -2.521263547129367, 2.240123134377883, 0.6902056518734585, 1.9221298109169984, 0.7342560174741855, -3.780178168123702, -2.761686884535043, -3.2179321399441165, -1.439855197169269, -1.0227824822734237, 2.829900589843154, 2.5469990573334345, 2.5018900548294685, -2.0428904470268523]",0.9696969696969696
11,"[-0.8176458637475221, 0.9107731517885334, -2.54440653855029, -1.474480275070765, 0.8015918818150614, -0.9771581422369673, -3.730348691305339, -4.62756294363435, 3.053664843071105, -0.5198172504291786, -0.4885460870139364, -2.496859103313936, -1.9305587314761867, 2.3477316128852164, -0.23247445410918632, -2.898708600107444, 0.5706211172600688, -3.482797952910584, 0.1447427983780668, 1.8576212564426748, -0.5912323369403171, -2.399583883173205, -2.651236955621094, 2.907882508402992, -1.2246010079069545, 1.9449042756056971, -0.16538011812840658, 1.3069947272790685, -3.660939044920192, -3.863705518651721, -0.6170462025310508, 4.230348574020091, 0.07809134131461315, -0.3570099572994352, -2.020076910160193, 2.797648371188403, 0.8181955730651167, -0.7614407738561625, 4.141706022172484, 2.8235352925159467, 0.36414465092057396, 1.3217860718163712, 2.674817660831451, 2.6089434254358537, -1.7581201245580644, -2.579319813610358, 1.8750024876558746, -1.1104633141525473, -1.819702054192959, -2.9847648883316413, 0.51914053242754, 3.2613391597447383, 2.1597745470374377, -0.9681701761721127, -2.680915074460996, -4.031658623847018, 2.3154723913721504, -0.38516344497519184, -2.7252357737971256, 3.8297574733603406, 3.0455669826359695, 1.4785276964194205, 3.34016944598256, -2.433644000100476]",0.9545454545454546
11,"[1.1393437742311763, 1.54632408570975, -2.690852414462328, -1.8857030095467857, 1.4036972320795544, -0.2862033423048086, -1.7752997800218073, -4.878152211327291, 0.6111628513153886, -0.7137413862249258, -0.1099604562118714, -2.5442160541854344, -3.9126975959613803, 0.13147991896361955, 1.399728941956316, -3.2587993499030397, 1.2366513454530514, -4.166651796245896, -0.32547252267108795, 2.238892819978064, 0.8908956322495423, -1.979356727953664, -3.508560073179055, 2.910664494597551, -1.300330796240455, 0.8566345165130421, 0.5649484156403553, 0.574389225315231, -1.9698413128327859, -3.6590810950419836, 1.2536588757604867, 3.7457345225566576, 2.780321654004306, -1.1996686125361538, -1.5339655702751758, 1.569519199492714, 2.342400674207524, 1.3534247882458348, 3.712721282608729, 3.686486417212226, -0.5024697313838393, 1.877050575097913, 2.679887338655993, 2.229444260640263, -3.1142507659149237, -0.7706490918975519, 2.1750977322725458, 0.37465536789452414, -4.270126761913619, -0.6993508397832446, -0.1868405454530382, 3.0473643067548566, 2.162532132700844, -1.2580692627598657, -2.092501890552267, -2.1391102365598447, 1.1949328029305555, 1.528770579378455, -1.365325861985713, 2.8418002961523676, 1.4151951089612476, 1.1401633218990523, 2.780668086404637, -1.3652454131342728]",0.9615384615384616
11,"[-3.268383516606558, 1.838578097875368, -2.8780067171184163, -2.8319676520728527, 8.951350495189914e-05, -2.717084414128312, -3.5970810102289867, -2.3548978615120926, 2.4734481050863653, 1.165162296248715, -1.6080926211277071, -2.5840757598813067, -1.4179138662280535, 3.0748073854925098, -0.32119427292930225, -1.9243520405394352, 0.4754074229976942, -1.4417336788979558, 1.9141970841739542, 1.5021323987831114, -1.138955615258844, -2.0517576410037215, -2.0824168061524126, 3.238423567166063, -1.2861767733842315, 2.433282673429635, 0.03242109911125435, 1.141443041161582, -1.3912193041066327, -3.230171975718635, -1.3254849197025917, 1.6540007601592848, 1.2346212512764156, 1.3461005154261563, -2.1726413222773586, 1.6352231846391871, 1.9606003312526334, -1.009519155816255, 4.264396997827507, 0.4244561308741507, 2.9469146847683825, 1.2427941775737659, 0.24786764175043263, 1.4138010531190768, -0.7509947941691708, -3.0873051856420735, 1.5592914908356081, -0.8090363088160863, -2.43837713239791, -3.6648274679474255, -0.3681626992861969, -0.9636507597609444, 3.334153725330352, -0.4798470294060062, -2.1782003352227255, -3.823936899794846, 2.056087185832311, 0.3680350909937773, -2.066209721293588, 3.512472237055598, 0.08410485386319388, 1.468752840639394, 4.246705918318802, -2.707870846285975]",0.9666666666666668
11,"[1.4591659602358478, -0.9622223258122198, -3.058001573015312, -2.308759008726949, -1.952947643890282, -0.17407358509321824, -2.0349306422633564, -1.8460277837290868, -0.9395842904495648, 0.10810200788981977, 0.22000183208897267, -1.7309729505264932, -0.19102167650253277, -0.42748004434395415, -0.5065794655031015, -3.4123332133111606, 0.4399734857702806, -3.216002059498039, 1.1937607184105787, -1.0624311122062533, -1.7414100019302157, -2.606075519835005, -3.319888031233417, 3.4337958005223985, -1.2780303432822788, -0.8691298787172237, -0.024829404207274752, -0.20383263233213156, -1.50028785535824, -0.9108519768452337, -0.7541703802341999, 3.3240247989291367, -1.216143932734543, 2.095494521548597, -0.6796762206978789, 1.7232168526145797, 2.3050630612957455, -0.12480250833920725, 2.64176853145681, 3.496705863730247, -0.8393858827932105, -1.5215363607075794, 3.9416258814257112, 0.9516551871849037, -2.756007720395975, -3.3345585307050145, 1.9888042361905511, -2.8273049106401853, -2.9107455233098194, -0.7943487822931585, -0.41814184599086357, 0.3231926168259145, 1.8129024078961136, -1.1329292129902682, -1.4643407812875973, -2.259994123812568, 2.4977885946650638, -1.3773639291616075, -0.31850189436957566, 2.192853084112273, 2.6195378335672874, -0.9094592157928938, 3.2184427145809176, -1.4238174877458663]",0.967741935483871
11,"[-0.6092368998145842, 2.048701504033553, -0.5844521965943663, -1.7276396783759713, 0.10620148230560544, -3.01381953823634, -1.2010201113372747, -4.522652815113774, 0.7359885121517298, 2.3896043651375414, 0.1717289964161568, 0.9298370960553457, -4.1031307974427556, 3.175764703428624, 1.8661555776659207, -2.0564380683646633, 0.483976310189968, -2.9168140968750027, 1.798124021474755, 1.0498211463496436, -1.3299236051219225, -2.4145418061301336, -2.8981210979118277, 3.3567197518934577, -2.828035892409902, 1.847630727411433, 0.2253090180017408, 0.10965843895364785, -2.60490991812967, -3.187383661692151, -2.503085762172378, 3.081275197533032, -1.401493470557889, 1.4329342258518838, -1.7811884145081618, 2.3807888417775116, 1.432943259137101, 1.4188776150919296, 3.2757140746976017, 0.5268988076448198, -0.30343388284148076, 2.961204087758265, 4.123307488923908, 2.623801888488535, -2.4396807967247973, -3.1524230521099015, 3.0081761554257294, -0.6774661169488555, -0.13445497297030662, -3.1904403082122306, 1.337897962065086, -1.8422680926761177, 3.798077613930448, -0.6963949326829366, -2.1624074431670204, -4.020860292950088, 3.5947219475785723, 1.1766118730388253, -0.4476615665051342, 1.6499084865622635, 1.5983952067560856, 1.8580453353455662, 3.495344143752275, -1.069106475755094]",0.96875
11,"[-1.3813398220161033, -0.1504889565489319, -3.2286936988637427, 1.0475702787686543, 0.8550018782481742, -1.2344034810247067, -2.799021334324088, -4.244511331431892, 1.9068542092488932, -0.2210869160313584, -1.6217221095242353, -0.05102880533475096, -1.7349312994981059, 3.3014079560515266, 1.0420314854803185, -0.6977687288903178, 0.447842994680598, -4.20567817804975, 1.645318305103488, -0.44152758447250195, -0.2890391497259671, -2.038661776605776, -2.4176831956104987, 2.9141505858099515, -2.735665206265589, 2.5709595971178576, 0.02692878398658126, 1.4309990696274226, -3.784908984714426, -1.610839285760835, -0.49964474652701973, 2.7068632211950567, -1.9115647187521807, -2.6349751374661143, -1.8598252869108831, 2.371281433109515, 1.171273075701447, -1.0656651599689104, 2.834903702566711, 1.6123531622255425, -0.2609851411133342, 0.17173953343338677, 0.7344580283977498, 3.312468417653179, 0.15294799674512105, -4.2743494424253266, 3.1328700926265793, -1.854228357561744, -2.5048365242991593, -2.6796316387707906, -1.269626774488314, 3.0267662761995897, 3.5352705443944292, 0.10776950218624526, -0.7543209169877345, -3.9741251170519423, 2.6840714863368906, 0.8999189679114641, -3.3328427705932606, 3.828641560046735, 2.6750746500064295, 1.8458329609122262, 2.818357961796074, -1.9058102438808002]",0.96875
11,"[-0.4184993468851688, 1.4241848145460445, -3.1698602553574537, -1.7141704399559532, 2.0122338595811855, -1.7010788516592261, -2.8968615052305395, -4.622105004971092, 1.7027986560133763, -0.9247991279430514, -1.3490455063545048, -1.3196047345150639, -3.143848105578652, -0.21909068376979768, -1.5486139483147705, -3.4351822899346223, 0.38368824159933557, -4.070292961716737, 0.7675039362516443, 1.5187115097478103, -1.2552731136998312, -1.0074835389461279, -2.372594665615738, 3.544092990938221, -1.9426063135968845, 2.815346940449227, 0.08577317984162669, 3.0594727645422006, -4.2111657531018905, -3.8677005548371435, 0.9637728383389861, 3.7300712251900063, 1.1885795312118461, 1.8940961379928813, -2.835309806310965, 2.197006059027561, 1.4867056546751947, -0.3521028864226042, 4.28779289924358, 2.0121214688423565, -1.04796865853289, 0.8531599766792705, 1.3445538935209553, 2.4517909642929903, -2.0297481676356157, -0.011047226341749372, 2.0790448462798854, 0.25900754414292015, -0.6369414280702286, -3.648973532653608, 0.1703318070724114, 3.165973216900739, 3.6427953655196115, -1.9606791890143185, -1.373398696296654, -3.721092274245126, 3.55773262666263, 0.2786575650216213, -2.4135743933620617, 1.6272986412899462, 1.9497378200249944, 1.0004641117628317, 2.128695451631649, -2.2933864097268337]",0.96875
11,"[-2.3376252338138297, 0.1089291399687391, -2.4881672705238773, -2.256816084806597, 3.1028710575848373, -1.814262594676916, -3.7897194592605774, -4.056993244202962, 1.5444820458625945, 0.08185571225999932, 0.9208901516311775, -2.127787727203985, -3.1101650240636176, 4.451762200300518, 0.6086183108022167, -3.8627229666162335, 0.3637916168338097, -4.197671537163418, 2.7658216807783167, 1.8822699472433229, -1.0022706723765733, -1.472736227182386, -0.0445527327336781, 3.2763092176144553, -1.2633711882717145, 1.5236735621957924, -0.03260906639531569, 1.3260724670832418, -4.274484450397705, -1.8872165694170038, -0.5050594590901128, 4.213444640278605, -0.06101748234354756, -1.056576412574064, -2.3064384016742023, 1.2839530551667875, -1.3665324459284043, 1.998931956872687, 4.388983039801235, 1.2618882604238157, -0.3072661907975013, 0.7231588432623278, 3.690099234903565, 3.1822892510756606, -3.214668055335409, -2.441726478518087, 2.225083986807856, -0.8640629281256407, -3.796583840295092, -3.727543239933123, 1.611998618378633, 1.1214809073861356, 4.024712042399608, -0.960936439580162, -2.622848662661346, -3.8393208395588836, 3.007092260844841, -2.016072761133804, -3.4623042158693824, 3.4121523645635925, 2.2556245523696328, 1.2225437409186195, 1.4391892557638202, -2.390991126815802]",0.96875
11,"[-3.0865173266478907, -0.2233540872995584, -2.406110225382621, -1.9172570698677034, 4.008176139583681, -2.2321767595991195, -2.141066860570138, -3.8701385133510673, 3.208855068135414, -0.32369673494885065, -0.43489220058212585, -2.3084191867016273, -2.2328820853738, 4.643379602495432, 0.874451281505234, -3.698151881308884, 0.6184445870584975, -3.6586124066258945, 1.058696028081838, 3.321455720636887, 0.6430407866537132, -3.267468781481265, -2.8585161066426847, 2.88551831232207, -2.736320266663193, 2.3375495621513114, -0.02023662843691687, -0.2911741378907806, -4.279935934483909, -2.8988773855073138, -0.3269016723246118, 1.9013563421209518, 0.20366199645678434, -0.5051280661743008, -0.4948534530256604, 2.592834334191517, 2.690719288699589, 0.4657384566955648, 2.348215083075983, 1.9501510593230276, -0.949110712805306, 0.12774656361426584, 0.8415106618754151, 3.1247786200676075, -1.6044423877493554, -1.4970445858587633, 2.027622630900607, 1.6078704260043573, -4.19623043409139, -2.9781179426763686, -1.0960224921857016, 2.3146628153972664, 1.543459257585196, -1.1201010891911858, -2.470341168310366, -2.6344720640833312, 2.4426705060161744, -0.8737187588925236, -3.30291677494212, 3.2126818541853694, 2.7983393992289733, 0.2912894096726193, 3.9252049348258167, -1.5052864454143675]",0.96875
11,"[-1.3408089897284865, 0.3734881801824306, -2.6257998259606747, -0.032400187343555986, -2.1438399405143556, -1.1964848704153015, -2.8420488510371467, -3.589018875583143, 2.6237583537698694, -0.05889182018391993, -1.3451230411911588, -3.6806639101878518, -0.12422328072754385, 2.781164492786044, -0.16030540517938635, -1.517993203289461, 0.6465444173090112, -2.5924786055774023, -0.4983849736964709, 2.8302002920350016, -0.7001539411928959, -2.299425300353092, -2.856271857170977, 0.8404695616824727, -1.8120617176566596, 0.4074774487785242, 0.020312992973281263, 4.1921099214300535, -4.272173565789987, -3.280554590206392, 0.111434577015281, 4.119561705232927, -0.8195165156548455, 0.851420425309402, -1.2838489099652879, 0.9302498286740764, 1.545506935698296, 0.005219725866212166, 2.457371577466354, 1.821444113272187, -2.1745032810524627, 3.1690887650479023, 2.1144690418664935, 3.5228271876370094, -0.43498981704747774, -2.560773226139526, 2.7102719512636217, 1.454505790427444, -3.4949168496491074, -3.1653598685243405, 2.8313699086429156, 3.219516818404948, 2.0364644946839623, -1.671341511617049, -2.676418411025697, -4.0221106236777455, 2.7145519767734205, -2.081178141100883, -2.1870043536413943, 3.0636401062453, 2.5323626079662147, 0.9090179974407289, 3.4481175843060092, -1.1542942535634393]",0.96875
11,"[0.13520689636329508, -0.11444161278770082, -3.164169398830097, -1.743653104182666, 1.2311723588843102, -3.0476540666245877, -3.5694926808911993, -2.089932653343696, 2.022643920017169, 0.214776909018772, 1.4240435540422998, -1.9629775474595184, -3.149181030349556, 3.276435463330679, 0.854151754249591, -1.62447786529099, 0.7072788055556212, -3.582916565510339, 0.9573919488317657, 3.166803106158583, -1.2777627319651712, -2.629894610624458, -2.7630793921520924, 1.6795769693560874, 0.5547201194710443, 1.030759956216471, 0.05862099246504249, -0.9889707351687094, -3.0781524769863635, -3.8599485423481377, -1.3661639074972387, 3.098355087865315, -0.06243479502065976, 0.014097663155625967, -2.0516580443594217, 0.8242395149719091, 0.11419626971161434, -3.2211921055570727, 2.8730874753309497, 0.9984797203757465, -1.6688045394800828, 1.3355355214021762, 4.161796132110058, 1.4832756576954036, -0.11490400537692369, 1.1617559943108215, 1.344401843240093, -1.2814645538340823, -0.7929592178371678, -0.3061075719284174, 1.5146131378901846, 3.25345650663925, 1.6768812266446045, -1.1769817320055833, -2.6746377384163003, -2.126398176747135, 1.5305446798445437, -0.5559742454120429, -2.5966451057817057, 2.6044238252652665, 2.18123325115647, 0.6455113539732222, 3.042716980593475, -2.720268961298362]",0.96875
11,"[-0.5006832214145156, 0.714878211463478, -1.9202967395135302, -2.7922533194170733, 2.9987393383022987, -1.7025059205607687, -2.7777722204900397, -3.9012290370804825, 0.8490414578944858, -1.9211018798941903, -1.9568913877158427, -1.4936123779475776, -3.8726184219621826, 2.0872870313305536, -1.7955654243362793, -3.365001454982328, 0.36387200837366307, -4.124574217429989, 0.46471882766529277, -1.8445045705225784, -1.025022082261981, -3.2864206933885995, -2.704749376062237, -0.5850609864260101, -1.521015432162585, 2.6005573740791093, 0.0677190362702742, 3.7233969526366844, -1.2751755598025052, -2.3729781312835745, 0.017740714184804274, 3.490149293312822, 0.9210592356923918, -0.527614506971989, -2.0828107868405374, 2.6121079550750856, 0.48276696591631135, 0.4044936165004847, 3.797238646046462, 0.22235930843398677, -2.858155951027689, 0.5121146727850825, 3.9791524463241226, 1.2772700541865614, 1.8679625588420636, -3.1991485755020506, 1.3655993404859226, -1.8682560079404587, -1.652851589174918, -2.454047671993744, 1.4963544098045507, 2.0081031732858063, 0.9398137678817513, -1.3033141770595733, -2.5398789727526445, -4.031793344226522, 1.4302264887884055, -1.3688688808735732, -3.4528168240958337, 3.635539845407243, 2.765449718291993, 1.6240575900325247, 3.255033414619038, -2.2022137732290785]",0.96875
11,"[-0.992920056021846, -2.4193159518829557, -2.365265231363509, -2.689113567734269, 2.785159675231567, -1.5042436571576236, -1.6815883739861037, -2.6513669773477493, 3.1760580984199454, -2.958037206208292, -0.7263523264997372, -3.0000139891246573, -2.733966376619667, 2.328003402352388, -0.22447360984225645, -2.0899035185137844, 0.5978014533047523, -3.947430092304348, 0.9304685040009213, 1.5193571828240848, 0.07752839981926951, 0.057879399486761685, -2.348958243418706, 3.533835568747686, -1.2839667648102386, 2.8536393852059647, 0.07178556670710094, 3.0474599870408428, -3.6270995617504482, -2.4569466809777, 0.9362498839149933, 3.8799289213158032, -0.7731326489291499, 0.446922966642838, -0.9456237142510966, 2.3709325045665874, 1.7187935458800387, -0.17224073186957278, 3.798759185197633, 3.013178958582722, -0.03862170707642898, 2.433859621397816, 3.0805640858483754, 1.4189951923346986, -0.7697849990414322, -3.560123570636214, 3.1330932527769604, -0.448479378700648, -2.00694658520955, -3.218826333830819, 0.43233391326723203, 2.8628095607733055, 4.117650672793805, -3.0713801300668138, -2.671510877114357, -3.1549844120172033, 2.7683928765385173, -0.5083960891938869, -0.8854895018353688, 3.012432624000784, 2.0370220275271196, -0.3844817620559391, 2.4889178113612287, -2.1490956505866348]",0.9696969696969696
11,"[-0.06830869839723341, 0.30434537161890446, -1.45101410478928, -1.9660876573822206, 3.8632427467550023, -0.42331971660728, -3.292324081887143, -2.6842192487566803, 1.12297624939041, -1.4222593881388934, 1.3653480276816607, -1.8681598020662178, -0.05031549624899645, 1.781881507318219, -0.7559145621967162, -3.34706042312944, 0.4399575981067614, -4.005714725251541, 0.13534253889147005, 2.4077701647258163, -1.7401203819822237, -2.1364899885770083, -3.2632434271767687, 3.0483434179115543, -2.048842339565487, 1.4363205786494255, 0.021028386185038994, 1.8146863928293717, -2.8525347870578037, -3.322274675417925, 2.7435162604378855, 3.0868077860132046, -1.2507319060882405, -0.657113962562965, -2.966960243408285, 2.328847593332081, 1.270237983429634, -0.45663696818603505, 1.7235995012122793, 4.03034016368523, 3.363410626353419, 2.5760923771725257, 1.6294673492535816, 0.584845707858336, -1.766798077840365, -4.454062053607386, 0.16042881256767916, 0.7538992360189687, -2.320888920272182, -1.8541037192058356, 2.0585359083021286, 1.6480902567667974, 1.0014835992667337, -2.3027781370728246, 0.8843640593654203, -2.1467269493227557, 3.322682857523434, 1.8888249672470467, -3.184223154880006, 0.7775778325202731, 2.1607444831571687, 2.824690314280578, 2.46811539188036, -2.3126018137271287]",0.9696969696969696
11,"[2.5713363693416325, 2.492194328780635, -3.145287506202849, -1.2719227955769927, -1.1435496557433047, 1.1744704399261803, -3.7244989071405334, -4.646003975999199, -0.05189586073651098, -2.485219848435806, 0.1394840514877292, -1.9576078449505012, -0.40139831378017843, 2.866863109049123, -0.09076999020611154, -1.9171417032796378, 0.7230657205631065, -3.4994279946717435, 0.4575956359101584, 1.3457290458619717, -1.5686386799445344, -2.1825520450370766, -2.2326365473484224, 2.6370105723327955, -1.0643402121533498, 1.190160218910405, 0.032700594966552865, 2.65817521896841, 0.8387545151521865, -1.9095772305181737, -2.903929599296162, 3.931428359035715, 1.6222581933753326, 1.5008207875722663, -3.1319658698993593, 0.24683871848610583, 0.7459730397882078, -2.21576171450032, 3.545952776590176, 4.288439474638933, -1.621300964788965, 2.225016228586585, 4.1346642769349575, 2.6010288090873024, -0.8835233768984088, -4.586105481063462, 1.0416486403100305, -1.7845492583005997, -1.1330387510900604, -3.1751174973607714, -0.4574687131258361, 2.6839031904342883, -1.0607916611129153, -1.914578346075217, -1.1909811258370187, -3.8210313163517164, 1.9951918773873198, -1.117653997377845, -2.0949747994567347, 2.2957323976255286, 2.919553171592929, 2.785330204466287, 3.662085016654106, -2.1299479699448547]",0.9696969696969696
11,"[-1.5589305894582686, 1.0245031258604418, -1.3101022369034432, -1.5155865691286072, -0.2816624727506839, -1.7027817824631486, -3.6893491118604183, -3.00512642805798, 2.9288814814506576, -1.6916270897543617, -1.3076135771657673, -1.4847751261955573, -2.8979393550108234, 1.1825573653297397, 0.055001834085868506, -2.4142445615050723, 0.4797124666542918, -2.6573446715708813, 1.2504720334161186, 0.8473191081911123, 0.4257100968243972, -3.2414998679701017, -2.9584279522594117, 2.7090362859451225, -1.673235193065104, 2.0325448342811785, 0.15067078906994583, 1.7955164934863161, -3.171386104406592, -3.8461692744786564, -1.6421216607110827, 4.226762476771764, -3.37651750720703, -0.8497253230032483, -2.8467497185332253, 2.745532159580295, -0.5461070022848807, 0.9612636275829479, 1.8037380256490518, 3.5492831194523964, 0.18167087420356628, 2.2750901932601932, 1.9131681665452818, 1.616010206844402, -3.357309409512998, -1.7518121390060344, 2.480864181772584, -3.3212047099927346, 0.7638670395261364, -2.512526853808679, 0.04978614244934243, 2.4073265574731604, 3.9340255039309024, -1.1613619740261742, -1.8711298923848503, -3.97114367142335, 3.5424339346117573, 0.24708993403168317, -2.217102115169268, 3.034232680123951, 2.371241995133315, 2.9633832357755177, 2.849364640487941, -0.19199973333452203]",0.9705882352941176
11,"[-1.8919878859445596, -1.194870997256544, -3.200968188436378, -2.451674237434197, 0.5777385265670394, -0.7883172684582832, -2.4382303030598704, -5.057331668149136, 2.5401076516658043, 1.3436505273340846, -1.798533211029917, -2.336939559636712, -2.708205515232396, 2.4300782484228853, 1.3181812381496556, -0.6437549505668314, 0.46666484326840973, -2.6664946494154798, -1.0609157792892703, 3.4379702844709525, 0.8966153363459946, -3.2204899676657015, -2.051295489602233, 1.6437645616571657, -1.930818591226859, 2.7050432092669268, 0.023905765308540383, -1.0087720880690845, -4.2060135062783, -1.5394472434101116, -1.2343388239229298, 4.11953025126871, 0.29273934345996866, -1.1915473709666937, -1.8606050418761317, 1.3471775460659, 1.208926209735971, 0.07872372296815144, 4.111184558794618, 2.0612094037760986, -0.8906262583918758, 2.551484825086585, 3.8010932604860996, 3.129175009197183, -2.756803215952802, -1.4425872679130802, 1.8667295865611844, 0.3784305371722233, -1.579593225051129, -2.110963743242389, 0.920897286672833, 2.5735296891401207, 2.8250167025611446, 2.7435912515247214, -1.058255408071534, -2.886844370713126, -0.32960434903424796, -2.095043652852311, -3.1322735012394487, 3.2201510727925853, 3.0822437313337328, 2.4360197478640813, 0.8398686053339381, -2.7212864405304855]",0.9705882352941176
11,"[1.7701268658168035, 1.354878895394011, -3.2365667795704915, -2.8026042293811217, 2.4057314441172384, 0.7227814978273297, -3.7891839530635156, -3.639513889055536, 3.188731096558536, -1.0367211534869323, -0.36275382414237256, -3.61705963950413, -0.30854866654188107, 1.6234309873476773, 1.1249124918283209, -3.128390487072396, 0.5223816114220441, -3.5326036462435737, 0.6826949714694331, 1.9942237856135057, -0.1133911506943518, -2.611609688402246, -0.3931765775775733, 3.212391995731588, -1.6516205199634646, 1.2874242792515291, 0.10836099100415153, 0.5380917004812418, -3.8289615901908567, -3.805924956308682, 1.1435460747063564, 1.6868222259752876, 2.853593283552689, -2.9559193713012535, -2.3175855764053517, 2.932434698287594, -0.6612451194712732, -0.07318969040039802, 3.169482451720123, 2.649775336207621, 0.491944673676476, 1.353296556207847, 3.918536439643029, 0.8111419488888165, -3.4270313249740676, -3.8876718647612107, 2.002717458419009, 0.6796129150140722, -2.992445912056822, -2.19784848736795, 0.22345894328663002, 3.244471375693425, 4.108581211313324, -0.003752262783162541, -2.4056046382485206, -3.164976506822285, 1.9274569210520092, 0.8874695171792465, -2.876878585223287, 3.2207671652795087, 1.158144586003237, 3.7651966551975873, 0.12194671666248436, -1.567159499704855]",0.9714285714285714
11,"[-0.3809991353001596, -0.5882466898533826, -2.5719703369811597, -1.9665303014447226, 3.126724114852203, -1.0896916649843842, -3.441753444338376, -4.465018682064442, 1.3857747833062994, 1.528082341993294, -0.46096161710368955, -1.7831949851051139, -1.6293046878960378, 0.9479237665628095, 0.02650058736588745, -0.7643554141952937, 0.3805404134346091, -2.6751234057208273, 1.488672818609365, 3.3372586287519295, -0.05054451692282791, -2.4756522416812228, -0.1952055859056867, 2.8964011166956944, -0.6306771480476231, 0.42291609012660025, 0.10465783565872216, -1.9690289435088966, -4.232976997541438, -2.988827923091284, 2.093024875035393, 2.7466900776462277, -0.0883346347840932, -1.008228036767329, -1.914386414384132, 2.949482654089121, 1.1283123189651958, -2.41609486561365, 0.9204357567533852, 2.7852354132377544, 2.2782527100417505, 0.33689304652277785, 2.2223346458729782, 2.585927464963534, -2.8623145038728337, -3.285535991606172, 2.342483489573519, -2.095485466405907, -1.5011426435170703, -3.4841510552302837, -0.680084985282842, 0.03533749514070861, 3.5240218536210346, -0.17370486789358164, -0.8320622685121881, -3.2021421474524656, 1.8026085323200665, -2.090215204917437, -2.376881738408753, 0.9952454870124194, 2.6704827721922135, 2.569010140687632, 2.151696311076726, -1.2074357932166213]",0.972972972972973
11,"[-4.475037549995377, 0.9899420025519033, -2.3346874543385194, -0.9420202974331873, 2.8313221714620616, -2.6972742599443773, -3.381406950729526, -4.993457232900618, 2.014627053277335, -0.7403066027702551, 0.42673644800656285, -2.9065955192047, -2.5540997603064755, 3.205820377411983, -0.38062130419310286, -1.3450728220131174, 0.4837986239104972, -3.6314437985908716, -0.5809924000452433, 0.6562693267588691, -1.178473210392215, -2.8854419728634024, -3.5073634858965814, 3.2086816494486103, -0.6898416452668774, 2.551840905391127, 0.11237765921403135, 0.9233733415978949, -1.7215983909674575, -3.650762971583231, 0.492733631920212, 3.6264051980176846, 0.8357237654367926, 0.8589946056590698, -3.1249174947119673, 2.274721069330402, 0.36740374281555277, -0.5773342053423853, 4.261293910025487, 2.803701203053436, 0.6848751387414943, 1.791689622363549, 4.164763560925952, 2.598857899625464, 0.09733641843418805, -4.609137846314623, 0.9728458332736938, -1.7986068592921485, 0.877547956772643, -3.4257218964307725, 0.6624692085120842, 1.0777476798701282, 1.6790780155874396, -2.2747173898337856, -2.3836117879351058, -1.8190288555938992, 2.5087056577053213, 1.2594867606702227, -2.1626263161985593, 3.779523303255549, 0.02496486820528032, 2.6739222530591276, 3.1997522057601433, -0.7035097690176753]",0.972972972972973
11,"[-0.11651914770814542, 1.5947649045379824, -3.2345319361895193, -2.742860875931496, 2.0558412948839004, 2.2256501862467877, -3.8789825949888272, -2.608446262270293, 3.0863112048374126, 0.42767732155841676, -1.2029719129979666, -2.601663622062922, -0.7670971442767507, 4.513258032620518, -1.1397753995323618, -3.656695595638767, 0.44075935479062683, -1.841086398448917, -1.3836321716401083, 1.548771363979743, -0.8219202092604793, -3.2847016915114984, -3.319280280755562, 3.5311305280610026, -2.0882739839501196, 2.6513587773284844, 0.06871747067654951, 1.811622604505462, -2.1198462879339797, -3.527691167963935, 1.3276091852062846, 2.936390383031362, 1.523550056780555, 0.8846910955324638, -1.4002178248639294, 2.49481481470018, -0.7317612434272469, -0.6308256005397063, 2.6464772790025064, 3.7714317865673723, -0.8365606751521031, 0.5963636638562305, 3.3759231924149447, 1.8331942875081708, -3.366104202686524, -2.202094913244077, 1.2590266028597015, 0.185338773725779, -1.7512306625097627, -0.6799480515786578, 0.7326956106545827, 3.035189531114004, 0.9497346252182419, -0.7611806377498428, -1.6489585908975937, -3.6141781335948773, 1.7656655794097622, 1.8673665453184456, -3.480359932967202, 3.11907230770983, 3.08362170325247, 2.3681646636729026, 1.5918386756683591, -2.0871677078381468]",0.972972972972973
11,"[-0.6734502326394647, 0.9155062339312215, -3.184739926003607, -1.0674650063337436, 1.4636477036359183, 0.41893843846761003, -3.8211287438964945, -3.6708220348622254, 1.856935123594275, 0.07922221386258144, 1.1488433657680066, -2.3691442250857535, -2.731765940893238, 4.597752478146602, -1.6918002418761677, -1.104573584267054, 0.5102718649869655, -4.074606486007974, 1.9313564095886118, 2.4867562749156766, 0.9681191834525307, -2.130153297557481, -2.7169992360067683, 1.3315046576679013, -1.7795938495196313, 2.7160587914218577, 0.09043212626743555, 3.3327053108670475, -4.066934538999818, -3.8676612597076825, -1.1300962637215444, 4.234121980321267, -0.43566281785550265, -1.4958303251696585, -2.5269470523595468, 1.8486200355204554, 0.2635598034063722, 1.4483977996219828, 4.150677706721046, 4.247865559709308, -0.9032329471683744, 2.261081454351705, 3.600696719337292, 3.152014618513161, -2.5906888054394965, -3.5599363484260946, 3.1072239553200887, 0.006552093397079517, -0.45858070430606124, -2.7419490177532735, -0.42017730828471, 1.9250946570719174, 0.3870845941036096, 0.5937127536558529, -2.3679649818549375, -3.0983128853489474, 2.7319100417488085, 2.2647843088259734, -3.4690245537077122, 3.5928855530803037, 2.9335843433390116, 3.816695035789177, 4.025090940135293, 0.4997767975933569]",0.972972972972973
11,"[-2.8173274300580484, 0.738084473466116, -2.4773478064940244, -0.33559528878130807, -0.1918108746401594, 1.859493230882127, -3.1671665164952953, -4.726582954258671, 1.4329114447072977, 1.0496228291434617, -0.8308022739733399, -3.590250961739398, -1.944322023236578, 2.589132348514413, 2.0209333188517737, -2.878519209456307, 0.37235643103863825, -0.7930109405103649, -1.1607360944475398, 3.1821792025293547, 1.113446420551131, -1.5795264791137442, -3.141460859447534, 3.238137167875919, -1.4448434981796756, 2.8650389617236107, -0.10420085029166345, 4.038683212376521, -2.594460318894491, -2.7166055089223047, -1.8266728128342866, 3.8612146997622223, -0.3593605155524947, -2.5332102877012552, -2.4880758071887272, 1.454640181984816, 0.8294017720338931, -2.883887353873367, 3.4503100785739127, 3.1546694104535296, -0.5438509443896488, 1.0355064166572445, 2.3366946348449202, 3.402128065755524, -1.6089774095928693, -3.1758350002165625, -0.15901967547209517, -3.0870302729024464, -1.446710620226124, -3.095311819725111, 2.471659574846842, 3.0669494238378667, 1.6142026524089652, -2.2046872435847824, -2.7378182913142246, -3.8628803286232816, 0.9764622164447043, 0.5149077904735693, -3.054543672872283, 0.5485646954052559, 3.0829151012745886, 3.8566204221636164, 4.11643229909219, -1.8170336263611155]",0.972972972972973
11,"[-2.2750284548131834, 3.529110347731657, -2.5713114342234586, 0.5743306898815362, -1.3105081396156033, 0.6659826974223859, -3.8522471648642624, -2.7062116217159895, 1.2677762966332233, 1.0984988762070127, 1.1816302380463104, -2.2332580725565974, -2.5906190501085056, 3.0263255831560683, -1.241741957828894, -2.0633654061991713, 0.39670757044971916, -4.066669845613685, 1.6875190864724436, 2.217823356968808, -2.762914989122372, -0.8575897929646205, -3.4018971003299745, 1.413082664334064, -1.9213611101749772, 1.103997181456301, 0.06790041264303398, 2.3924309536171013, -4.161580595084563, -2.3091514509989275, 0.6558224688541834, 2.9750125468741553, -1.8642762683739602, 0.217981909734401, -2.655834729524274, 2.255286026072951, -0.6398963412852375, -1.6758001737203314, 3.499343557615587, 4.019782198281226, -0.7179829315236783, -1.1856482889559916, 4.154400192416113, 3.4846741910045376, -3.137418529999962, -0.7906811604051232, 2.019493910085338, -2.151583717774659, -2.1988791118669435, -2.015524798114871, 0.9592491904435655, 2.5120049198163756, 2.798347962397455, -2.8705221613953666, -2.7233929496487272, -3.012911329386185, 2.8820158089559857, -1.527401405016312, -2.079706674956997, 1.8461394651632066, 2.6306040757440527, 2.1997284707657476, 0.9308477222510039, -0.07111757106387095]",0.972972972972973
11,"[1.6150653067507, -0.6355652221052488, -1.6973671644463817, -0.38220179486016925, 1.7366761163031676, 1.1758239285782492, -2.6730950339499335, -5.044781665482739, 2.6895121932844237, -1.8683111843218378, 0.07053874539956134, -2.3922731605382825, -3.119172133862297, 2.0745881536523947, -0.7524578709728309, -3.292142733007397, 0.4888917463814517, -2.367387222117139, 1.3427731915762593, 3.3580479987107577, -0.7515547280158108, -2.678246969636584, -1.6189578783114786, 0.34560405849498177, -2.807807043188633, 1.2897365819303737, 0.0168706209151559, -0.1795117242572648, -1.5067115984261976, -3.705910450160282, -1.9711725568916245, 2.6787788220970077, -2.105496530868943, -1.2327247605091882, 0.7118234137036139, 2.433595851899727, 1.1214851564752037, -0.7111565486678719, 3.969414274985626, 3.33476914389579, 1.9642424748390428, 0.7028282399410952, 0.4701913639500064, 1.5003403406869418, -1.4208895064091094, -3.427631904039733, 3.129122270129574, -0.7636694904192132, -1.862817068257971, -2.283155377531194, 1.9634777620543078, 2.519750452266617, 0.3383517450370921, -1.1991273962031195, -2.11395800231003, -3.236234170886668, 2.7769980148924422, -0.7446810371896208, -0.3832817700418092, 1.0457217182953906, 2.331787470046372, 1.3743887599040194, 4.042920733060159, -1.0819058111366735]",0.972972972972973
11,"[-3.4587107233413388, -0.3146619150569059, -2.1565335196142503, -2.008263430706326, 2.415452972184414, -1.6357702605712563, -1.7090800731575448, -2.961731734493716, 0.22065282628428307, 1.857279195536731, 1.112176245189215, -1.0994743669570508, 0.7848003438692055, 1.3212783977723892, 0.02782689196624588, -3.9123980514562087, 3.9377384090619953, -1.4262406416047717, 1.0716558383781614, 0.4180410604679421, -2.9036817328215783, -1.626415768899641, -3.436775136611145, 2.647652060808767, 1.1022842514086206, 1.391187753654172, 1.3021705947190632, 2.6248782462167495, -2.7018046992876137, -2.798433593678216, -0.5515919797597405, 3.7521527651361253, -0.8550442385608825, 4.3427276534636965, -3.0517475128115703, 2.9651282468102975, -0.9140519100963925, 2.5521229298938772, 3.851128679657073, -0.3131536862098345, -2.779745688015364, -1.1166281181771205, 3.835711346206775, 1.0407550726746484, -0.27044517511481647, -2.4663862231061904, 2.058776718310233, 1.090156449008458, -1.8503254426708622, -2.543974696177922, 1.1721601446352468, 2.311260415303593, 1.7179436486528914, 0.7725367545690824, -2.3388691648383597, -4.042862300182837, -1.0871554717239948, -2.3307657519702403, -2.5593321788959127, 2.2239261849959524, 1.461811105424205, 3.4754279773137435, 2.557891692837746, -0.674961987313762]",0.975
11,"[-4.074908351982814, 1.668794233325361, 1.7471090628052217, -2.3938609881233877, 1.8821828303839896, -1.6130491008961498, -2.7807821585047945, -4.9866366985681925, 0.9493367812269384, 0.33464563981502793, 2.2759265387301393, -1.561968877473334, 0.07664394683732434, -0.6381965558260774, 0.5000764668249695, -2.5009778515663568, 3.9140781871041552, -0.34265920174667297, 2.6403632062743627, 1.9611762683308078, 1.0764883609449405, -1.1331782997851763, -3.4340262160679407, -0.8417618782264054, -2.2922997116458492, 2.6747328136382005, 1.4127902387095717, 2.677459555426151, -2.262949355525146, -3.102586207425628, 1.1525233083377553, 3.0312952724386486, 1.8009979658176998, -0.2176753916958052, -1.373356582594501, 2.243916827730839, -1.9486621214979136, 1.1901374733327827, 1.9149139326589446, 0.9969415956124318, -0.1700673413065592, 2.0007477345438813, 1.0596546903335013, 3.462371026905453, 0.31732157102923386, -2.494698577763765, -0.9180439609505164, 2.965743056058438, -3.7213673416236617, -3.0587327592412237, -0.6181968088366565, -1.0650845888691816, 2.9138869283804105, -2.947744107805926, -0.01720518607231103, -1.360880159332135, -0.36690666369183, -1.743174827008375, -1.2103249174258996, 3.774956967600459, 1.3867800795665133, 3.6453513204174577, 2.843221215979245, -2.2193928906274882]",0.975
11,"[0.27520387869864704, 1.5848541561623086, -2.386402556262803, -2.7254057835287187, -0.3800066455471647, 1.2908596685600273, -3.7250871830669694, -4.242290701510232, 2.7977042828820493, -2.9051683068825973, 3.9319419440507497, -3.548780517644291, -2.4773308193014842, 2.9067095991439356, 0.15431766626720617, -3.05946222820973, 3.9712877896224543, -2.467186590143144, 2.9270475800914078, -1.704487313252355, -1.9470213328666126, -3.185949180472341, -1.4109296993912972, 1.7712426690802303, -2.8439279393584043, 1.9736044486053288, 1.3578306740053008, 1.1419805367798603, -2.299421257712465, -2.072920561936507, 0.3722148220254164, 1.2944962038050805, 2.7178945560896564, -1.348154630001941, -1.7376506270582075, 1.4935126548980038, 0.8642948972840533, -0.7848417485757357, 3.547796044349089, -2.3379305872594998, 1.9970168347054202, 2.930772932955851, 1.5753885525954163, 1.9268481741838341, -2.3038448576439876, -0.5220929991461105, 2.031333715696931, 0.5726338218031998, -0.9555516306162269, -0.1743735769878212, -0.6147879770857138, 2.375198853303283, 3.8755422106361275, 1.3005410314319445, -0.6535000784132761, -2.3530262148108054, -2.1832225063722417, 0.6858630779626184, -3.4193928020965525, 2.7771753882616403, 1.6089979854235246, 1.1159687534081444, 3.5878514358795144, 0.3879182024274499]",0.975
11,"[-4.279961679916246, 0.9320972485236817, 0.28332047530894156, -2.365588392082665, 1.792323114674864, 0.4059041447478813, -2.9070999977070855, -4.6251264514764525, 1.6732335196559724, -2.4156236413786516, -1.0841303095240027, -2.353718309047887, -0.9933782827170868, 2.262536293014257, -2.7248253490345893, -2.838038472901566, 1.2543751076614256, -4.158084942673163, 2.6036495217090767, 0.7867571492107527, -1.6458359839569603, -1.5132896996479455, -1.0974742666732986, 1.0739855126339553, -2.6281057241036683, 1.526130330251199, 0.4295800690156252, 4.0790349241424275, -0.22060489463619848, -3.1810184331070985, 1.6560815301512992, 3.7257398290424537, -3.2836093564238995, 3.6789674551212475, -2.365709149530475, 2.413923308780193, 1.020043207385595, 1.515405834621956, 4.138511694514394, -0.2332630639544746, 3.0804386150490357, -0.7693719477388996, 1.9689911156672621, 0.3518926666709916, -1.5066342646049395, -3.427210748634025, 1.5280420913991084, 0.2899148788060544, 1.3865691049556497, 0.08192413902462148, -0.14255374000833432, 0.7798994011471443, 2.1679125729759026, 0.09947381001803723, -2.4260913193301303, -2.622434227459502, -1.6411851060675837, 0.26366183731261894, -2.2604120959048357, 0.9513701657191165, 3.0108563901457424, 3.5898146859999267, 3.9737146257757328, -2.117519248317619]",0.975609756097561
11,"[-2.6997478097158956, 1.701028586603942, -3.1994936853860207, -2.0677714991585336, -1.2672325976257164, -0.9267586423015108, -3.87792671564752, -1.9557734913465072, 1.580141711920056, -2.3800313457859272, -1.4881442001851728, -0.32284459707242785, -3.496482167426291, 2.1633760756071667, 0.44521619719338035, -3.3913230288245684, 1.3332329929151916, -3.089406783536657, 0.7041206186768405, 0.37785030252702123, 0.6533379101491444, -0.5728581480204621, -3.1394516400048875, 3.1344117010501553, 0.1301871016331655, 2.815545789523754, 0.5230279383065213, 2.9828896541660264, -3.189585047991661, -3.2675932357603736, -1.9917486871939287, 1.642834682947127, -3.308112436344411, -2.861840555765108, 0.45236638355313397, 2.876007061013139, 2.373216195220245, 1.4201247871099518, 4.42442263870223, 2.856664789134407, 0.5522287080681249, 1.6076965387323465, 2.338443377738874, 1.6314090253031672, -2.5637889798700746, -2.022825305148924, 0.3716765789578591, -0.17584777346717395, 0.3634032447710873, -3.603170078631334, 0.1737783975221543, 1.5458582887602725, 3.414212059216931, -0.9853841768831331, -2.0814423588322204, -3.4590924385713118, 1.889387001342092, -2.0216331785579174, -2.726669506069638, 3.7335015339384756, 1.780222919833258, 1.3988688108329737, 3.390649599420594, -0.9349450353838109]",0.976470588235294
11,"[-3.3379816370837965, 0.43526892113976934, -3.1884986774541955, -2.1696820479224166, 0.6795890912628382, 1.4447061840578508, -2.219898191442347, -3.8920781553706028, 2.1360217100590844, -0.22962908298851237, 1.2688443426400031, -2.9926670218798983, 1.8478941119744015, 3.191197513046772, 0.8695927950266055, -2.6858254633284777, 1.3068977579641563, -4.228489452265819, -1.8499795597446025, 2.034144255067253, -2.575159828701139, -1.340058144283058, -3.0840965109014435, 3.5514822728747366, -0.9884236502238525, -0.5016249018325909, 0.4677281757656412, 2.084151725636204, -3.924459278810323, -3.52898998314076, -0.220904343099517, 4.203265628221092, -0.7542394588735873, 0.7660932836631769, -0.942749710600449, 1.8261352794737769, 0.34710489448550574, -2.020346590589432, 4.3289734732939555, 1.5968888894593636, -0.5373915426816592, 2.6670597063764427, 3.317434907838, 2.7233013618839053, -0.17507232775933135, -3.526073472716137, 2.2619439022339836, 0.0966272623136043, -0.16440618013360297, -3.2307133310495333, 2.0394572654404994, 1.4990218511040299, 0.44452670971124353, 0.7024182737505404, 1.2163432393783342, -4.037130478897012, 2.1773938756898747, 0.7441689589253166, -3.4717728832735504, 3.5355468070568046, 1.2286067651272243, 2.6159822718860184, 2.5586998908398364, -1.8766687717662711]",0.976470588235294
11,"[-0.2176398508522075, 2.8286996347185798, -1.5879103108563424, -0.6209349888788654, 2.0368964302877197, -2.346765134971797, -2.567470789566828, -5.019609472594406, 1.7945128481464399, -2.202447172034903, 0.5800371032291568, -3.6930401818682363, -2.20894517995103, 1.2475634758016143, 0.6503107973189105, -3.144736731858729, 1.260827151775455, -3.223452023865451, -0.18405423146030664, 2.5349695750177506, 0.376297300313708, -2.621431779756511, -0.1362332245251232, 2.2226843909696816, -2.39554541663495, 2.1949306786254885, 0.5783000854998517, 0.9657195936178073, -4.129516698823771, -1.5425860439648362, -1.600341507377561, 3.948580108898147, 2.792184163843873, -0.7351664249216536, -3.110915182660376, 0.40739216232723896, 2.022832212907004, -1.3483097716237529, 2.8832430515749463, 3.421288558912706, 3.789032412766069, 2.693003535527516, 0.5289032845370418, 3.3642841535158787, -0.7810580575271118, -3.848212641464104, 3.0578038190418106, 1.1013504347843308, -2.658616355429034, -3.721599081291125, -2.052553581222749, 2.093451019866407, 1.8642491318943943, 0.052657244536979286, -1.5945989381585592, -1.915035551456708, 0.7193263150296354, -0.07206065000170614, -0.7064111610966077, 3.7799464760631096, 2.2543512920171267, 2.6657066976392, 2.638457637173336, -2.4941281146063297]",0.976470588235294
11,"[-2.222895792104124, 1.3944197475583335, -3.0655794012932875, 1.1292878907888757, 1.8777810679030789, 1.662692820328103, -1.5981821183080402, -4.808790229545453, 2.4212717853985715, 0.39557325678012845, 2.61095155914457, -0.3742195956697216, -0.45912231446561114, 3.3398341304596544, -2.057308281270956, -1.1685302731744935, 1.0364379251226903, -3.4467354602872287, 0.30346438753701205, 2.867462964728205, -2.4193885858284814, -2.574188248925649, -1.054051739229848, 2.6690421755781766, -1.8902381194164133, 2.8654685497543113, 0.32729482562757406, 3.1902262289165026, -3.022180525292171, -2.9749363294710873, 1.1477904638043208, 3.2176319077593614, -2.9180175620216864, -0.44413147067349484, -0.4058322674937258, 0.009261378149862942, 0.32688194041136226, -1.4390058701081523, 4.044028699518336, 4.1208860468620925, 0.6292063309981129, -0.8729586523793416, 2.332660443925023, 0.4343123469433494, -0.581421482118988, -2.7834269690523863, 3.016395983714981, -1.8885526871868352, -1.984806832325085, -1.9842254249409192, 1.2030345581859057, 2.8239830330496587, 3.674815494826348, 0.4277404910396248, -2.6070545188807435, -2.5135091442755506, 1.7351018204677013, -0.9104905400456786, -2.206775035756913, 3.1433530409902675, 2.8666736731709888, 3.7685440804055403, 3.581411414499984, -2.195069666370127]",0.9791666666666666
11,"[-1.1092997330683425, 1.135858922750237, -2.9569048228995864, -1.2254597275273604, 0.06290694884614179, -1.3111537590300122, -1.4901238534448535, -3.28944491091978, 1.845207733159357, 1.100563231355384, -1.8339600050337015, -0.5751827820647009, -3.08184028792896, 3.670609120095494, -0.6378637182477163, -2.4946975761636088, 1.8556557118964137, -2.5837938641062745, 1.244255176929915, 1.5855367204164614, -0.5736616106758575, -2.1332203132286836, -2.3470069474667135, 2.0198645910167157, -0.07883864312554001, 2.860557388143844, 1.4484989618424333, 0.2632304805938981, -3.33617189493544, -1.5961980619884213, -2.26379979738816, 0.08782028337521863, 2.6402436188219998, -0.9824291584103594, -0.4917687298333697, 1.7753136123296303, 0.7304577426575376, -3.5605015945399003, 3.7904146185799896, 1.3272452607282097, 1.294196399978118, 0.44396969984543877, 1.6715188207547265, 0.7575658780405965, -2.2789799124680696, -3.7482578114566465, 2.9328644714225307, -2.5289391283822438, -0.29238308159461734, -1.0993071541045676, 0.789672477016579, 0.6840513053313761, 3.0366877330741477, -1.698081863338008, -1.8315993733509228, -2.803227230660421, 2.8473836426831842, -1.59919119722726, -0.7649988416396283, 2.6653501380186846, 1.0775379606003839, 1.6539568291212556, 4.241305863464223, -1.2068698550510106]",0.979381443298969
11,"[-2.004714438610655, -0.1820973876652794, -1.3452972760237776, -2.8043890501221154, 1.7820054502863436, -1.9488147527652666, -2.784085616312932, -4.70322671315075, 2.7283318310942977, -2.0719702113750222, -1.2348180716618722, -1.534736076642691, -3.4117444313430587, 1.0066875827978985, -0.6582204805440691, -2.308859197888808, 2.411970872136016, -1.8917809536817565, -0.7880832853409918, -0.4150044293619366, 0.5758075167148312, -3.237300528840361, -3.5135958720827745, 2.429609356436142, -1.149865145242479, 1.0916575517522558, 1.0254469903973047, 2.581559081122702, -3.8184634607016963, -2.976461148644163, 1.801424952870578, 2.01569710972115, -1.606201501432733, -0.9259365142562817, -2.854269716172129, 2.120996711145122, 3.332560351865401, -2.4240834072906807, 1.962424883388564, 3.539671873580642, -0.027296863672159555, 1.303989846455809, 4.14671167167727, 1.5505967465785186, -3.3528546068200895, -3.676093696611665, 0.9172777718120341, -3.0291846569349903, -3.831469115824805, -2.117131301084763, 0.6851380369480975, 1.1776323277977774, 2.6373081715180207, -1.4294605002254583, -0.45160403024726303, -3.9803476661112067, 2.3652890294000297, 1.7212355318686785, -3.3842043287066272, 3.613296499151666, 2.9544642666669727, 1.864269484988795, 2.1923290541449276, -2.668847663304311]",0.979381443298969
11,"[-1.3996484521553303, 0.15250940607106156, 1.076099176885569, -2.82269661427096, 0.4256284749504218, -1.928769134180304, -3.224662542052737, -4.198275813171771, 2.7347870515347994, 1.8678892415417674, 0.23909451792299158, -0.5108674762020022, -4.125393919568918, 3.3934761160474363, -0.2865399357424804, -3.8207038031938954, 2.217193176827505, -4.228217757681074, 2.3825168927347424, 2.7744849789108965, -0.7257784062413661, -3.1550480540607286, -2.609336654048874, 3.252306058861534, -1.0442182888417024, 1.4258142415061177, 1.3088880074973246, -0.8584843524037296, -3.7139819261807876, -2.4990662905482943, -0.7888928334970329, 3.5812024143254195, -1.3873461781859342, 1.126222189959129, -2.9471441354950043, 0.989624472496881, 1.425265799822451, 0.4468035574874195, 4.4093920140814715, 3.0482794354410405, 0.18124120019142775, 1.9463162946105559, 0.9001349927871551, 2.7709215513856034, -3.043105729498367, -1.1611548748869418, 2.17158510257196, -1.0944222877203718, -1.315803487864697, -3.4653065129045126, -0.29217335210851003, 0.45153396610718133, 2.57564609721061, -2.341197670637895, -2.3373634738446256, -3.0953685699553635, 3.4997588344360144, 0.36495111347712267, -3.477107597788147, 3.81748245734135, 3.0842722035569614, 2.1288604129888973, 3.2967195572319685, -0.4736522910894605]",0.979381443298969
11,"[-2.0090298460597507, 0.14231235895445182, -0.844427947235068, -1.9960343371434375, 2.4942413278338336, -1.9803598912901748, -3.2132779546685493, -3.844687438820513, 3.1783813231971507, -2.875233318262693, -0.5231210907285658, -2.364894774151095, -3.2078194016103483, 2.612957332536803, -1.5749779683847114, -3.9303791636596714, 2.083732171186874, -4.218541525992247, 2.34232650383168, 2.682949512435019, 0.7327500606937629, -3.1936119665714293, -3.37613747006335, 1.4325106285795284, -1.2466074834034815, 0.9134968709216239, 1.31280724708907, -0.39107719611699077, -3.586826780262898, -2.77471367161701, -0.3356424975513945, 3.3593544085871208, 0.7420819115366082, 2.3384348139870132, -2.28161756666806, 1.725520638206511, -0.10472687232264621, -1.7166211497476982, 3.6494055784715433, 1.1226023784342516, 2.501843942772159, -1.326135239193277, 2.3232401080552587, 3.525076041160143, -2.4085475025594034, -0.825076645371327, 1.2665326151245435, 0.9042447515105656, -1.8665490626476005, -2.8874484010378767, -1.1786266939405161, 2.677405383611311, 3.9865019204214285, -1.8476194680110571, -1.5634306897692585, -3.9536940678611847, 2.3822710699147835, -2.1919726786893405, -2.358726824099432, 2.360491601960888, -0.32560966333224295, 2.1104524142920322, 1.8445301192505876, -1.7303233970312955]",0.979381443298969
11,"[-1.7268103661774148, 0.8515749714603229, -2.993511839142174, -1.9937631733150958, 0.7993797972007946, -2.2532899121667573, -1.811192291135304, -3.2524647382686647, 1.8951141192944274, -0.8353263061292183, -1.4849013655584, -0.9990750511306028, -2.1970457149078904, 1.6513677716118886, -0.7643417760699818, -2.7349704179439898, 1.982788796067477, -2.8669889776866366, 1.827857302075517, 0.5503278493494703, 0.3166191770685124, -2.3464995843647887, -3.3669863597456815, 2.158112818954699, -1.6850690286814227, 2.6461139846862602, 1.3416033812423271, 3.0249433418669955, -3.4559109461792787, -3.710812685192553, 0.26132658811218307, 3.362742199603938, -0.3355288146874785, 0.983303139198342, -2.571422672719126, 2.9439815192031276, 0.8642815872498997, -0.5432196205417175, 2.2539122777574745, 3.8807115439513433, -1.8624565251476637, 0.7503341351856181, 3.846654589470651, 1.7430495601902787, -2.2135247756487253, -4.169878860634284, 0.03157411283886957, -1.7922884050220258, 0.9370479473527777, -2.7595376370037936, 0.580452337807688, 1.1248409572264684, 1.9350112045098387, 0.010164078405015986, 0.18680790273126435, -2.918295597551735, 3.4570139103616997, 2.6100375906241187, -3.4750808865318694, 2.229963186902478, 2.3577344248075836, -0.06359776178601306, 4.021338770797835, -2.481813488659077]",0.979381443298969
11,"[-1.552431575439025, 2.949158840243312, -2.376532496298678, -1.8090703373685437, 0.5765433548569892, 1.791038276488964, -2.5804246845909535, -4.435099274623621, 2.5470745182690524, 0.7678133116496387, 0.3381457135341474, -2.830644250728032, -2.546317058205318, 2.1405683582513055, -1.4151520989339386, -3.5467757807237192, 2.334258819144696, -4.107779073206672, -0.11272546878389783, 2.2724936784712684, -2.0154770037554126, -3.066219588985628, -3.5036315571072487, 1.8103368509961015, -2.8430254007438296, 1.9313207426076764, 1.0718018671893317, 0.18716640443404509, -3.116813259276185, -3.4117071829533954, 0.21161227903572172, 2.524672263171337, -1.716329890589807, -0.9825660154843309, -2.4670025821960024, 2.5237406158866618, 1.586190096886503, 0.0911797786347478, 4.428330767631092, 3.7408528534291996, -0.9186436158470981, -1.512777042045268, 2.0585217709357995, 1.6296949029961858, -3.2892798319850023, -4.199256954293427, 1.9724016252837115, -2.9590183770751257, -2.8378731912419064, -3.705710629145059, 2.5661840924902144, 2.114188667437616, 1.7740293409695373, 0.7243625686709393, -2.6859988986201535, -3.9313693462322394, 2.5457664384585312, 0.3067086207572846, 0.8744204843035153, 2.9679148483474056, 2.875354919627957, 2.1380541820806704, 4.2297142973372726, -2.662684652731593]",0.979381443298969
11,"[-0.37923629670794334, 1.7759502116041794, -0.10448072609083736, -2.0787115080629643, 1.3938478401359322, -1.367565447320892, -3.8838012801104767, -4.1768897516887815, 2.378976723895638, -0.9982613875119156, -0.3590417656872289, -2.4874438530654994, -3.4538670396695705, 0.8988652770637964, 1.9295830125541065, -3.206801875085357, 2.077664492763189, -1.9176281948622051, 0.27446338807287546, 3.4056437761705527, -0.3010830216524403, -3.0422323832743734, -2.150200511888067, 3.018950214481855, -0.6165412725796031, 0.8944940421022801, 1.0936577032970833, -0.04536277843329217, -4.283003918671358, -2.766120700690423, -0.5807247579024626, 4.2121346959510095, -2.0616544989127346, 2.814899225457382, -1.327573954953368, 2.4638464897569294, -0.7486911092342217, -3.570884747094533, 4.419204541441844, 4.324008656653119, 2.2059299468367946, 1.027476999968615, 3.397591276608617, 0.9135590933072755, -1.5929202763500863, -4.235249933146831, 0.9572181489051976, -0.39901390239949863, -3.480609684166852, -3.3088969186496913, 1.2098343241779568, 3.1673155192792697, 3.261156135492327, 1.2773949898704955, -0.435842905173641, -3.5130888427245885, 0.39148689463816044, -0.3610288929327775, -2.282834510617211, 3.037379398240594, 2.4483636342963435, -0.2672062969852196, 2.105656470000003, -1.6077991238829272]",0.979381443298969
11,"[-0.611711449976318, 3.5666494051674036, -1.1237798576532885, -1.8025021610663647, 1.0770764181440078, -3.0764848441786765, -3.866957192283126, -4.3138521082091765, 1.8139084350369061, 0.3270562514194666, -1.8604143901563233, -1.555089328381608, -3.9815936645272587, 2.1410562101935318, -1.1482180661118322, -3.560616404646507, 1.9962328474875926, -2.9611292785193606, -1.323924377829662, 1.7336978122965343, -2.0615331680592197, -1.3957851400324945, -1.6718571785192828, 1.6608631756952983, -2.2706357922574343, 1.3588169796278011, 1.4508496513133142, 0.8192613924354188, -3.653699328602068, -3.857636244459956, -3.4331291599435407, 3.4571839240482207, 0.08939691387355941, -1.264491013622127, -2.0484540874815558, 2.4294684094406644, 2.234633666951263, -0.4440855390274129, 1.8517007332992166, 4.245746681240317, 2.1471172659099165, 0.09692754154498684, -0.41635993780366176, 0.5409067634812139, -3.340999914135902, -1.6161421595441698, 1.4554650115382146, -1.6864246298295438, -2.352173083025693, -2.231045484492771, 0.054753213069252404, 1.5939113016497277, 1.2933907201453436, -0.580723579310752, -2.2567642048672405, -3.6062398089344745, 3.5289542802041214, -2.1410985138612517, -0.20979148978619744, 3.7891050699329756, 1.6407746772015832, 0.995536043442064, 1.8511927517189501, -2.5804694380666016]",0.979381443298969
11,"[-0.32871376005091335, 1.6849216700785172, -1.5168314560224827, -0.7586117203723798, -0.3114196280073146, 0.7580716694495455, -3.188756264223155, -0.9680727866840089, 2.0376896325980924, -0.4058439920357639, -0.29006590286879025, -1.499559069201684, -2.558786390355462, -0.6774441758889398, 0.18448616774722176, -0.8712429520947875, 2.1418134532964626, -3.956526742196731, -1.6395566949371023, 2.9465109053869787, -1.2929766823386875, -3.132740074737709, -2.7794260698792703, 2.8298621879883847, -0.9244396618642821, -1.325123695831611, 1.2755427683879894, 0.9020775656451511, -1.8509005047817475, -2.6348990975125552, -0.9837704035159769, 2.784780257796344, -0.9787602171542309, 0.30174328389781563, -1.6988882258938056, 1.6845698238623765, 0.5851273023824308, 0.2472110065620866, 2.871888277818143, 3.3619388797848093, 1.1765717771819038, -1.2416398533653643, 3.928430165034869, 1.8994613055469647, -3.4009495448683356, -2.507828379832315, -0.10398155533795617, -1.698656688521543, -3.49543647590791, -3.2110543932168065, -0.35086151717591196, 3.2471247137298533, 4.1159072974795485, -1.4338294412224328, -1.0221785955213363, -3.9071877305460694, 1.09150163075333, -0.18612806619895017, -3.4765798248236117, 3.7694598343342913, 2.2142829022374153, 0.5964792392553822, 2.850598525013655, -2.221509190602526]",0.979381443298969
11,"[-1.6957620982560049, 1.856185087925096, 0.009449261627928252, -1.2401053511364262, 1.061980119022232, -3.0306312102286093, -2.9616545723471788, -4.472373688560706, 2.521825249058985, -0.2459549343886671, -1.4347044003259979, -1.3049602528370854, -1.7544244312041464, 1.6746721201854216, 1.6981418775526245, -3.9293221432201393, 2.630248910455518, -2.09187558185794, 1.0039468049538203, 1.5929648908885805, -0.14222227784138453, -1.7145128372434453, -2.6466971181539014, 1.830870679808392, 1.8896541784277165, 2.7334657560463187, 0.9480658724743636, 0.24011485659783327, -4.07349152411892, -3.791275680282635, 0.12938443590475762, 2.4792981550181965, -0.5307420973854753, 0.05582232714798199, -2.2265967480518842, 0.2562198858011202, 2.2058090424226546, -1.1644699240962448, 4.275858445542104, 2.8934623778609865, -0.3139383626580082, -0.8040303912807402, 1.526240146033517, -0.2528098518095545, -1.1893666887669514, -3.012905493798847, 2.3514087242182877, -3.239284758542449, -2.092908338533737, -2.6083868302776714, 3.3052164412689735, 1.900387388317096, 2.8210761693514437, -3.10293996296011, 0.3905047352347357, -1.811011241392734, 2.94858084327589, 1.1403226440471665, -2.5843289982934374, 3.716296090570979, 2.762694085731405, 1.9481230992317777, 2.800793686020993, -0.15324547925314702]",0.979381443298969
11,"[-2.038685005822539, 2.0883508738000844, -2.880106213722585, -0.5408708665330508, 0.9241983420736172, -0.7225391429048806, -2.930997773470076, -3.3652659704516266, 1.4834314894445886, -2.60110251431278, 2.359781106533582, -1.6503441349976797, -2.775565648473721, 3.421035147872649, 1.88896715272156, -1.7607241793725967, 2.184157156964093, -4.012003916215215, -1.454084101160368, 3.1164458036543268, -1.0543197313253108, -3.1331480874537276, -3.336590513318653, 3.266300505166618, -2.843545426754489, 0.6642909110825004, 1.3483785958298014, 0.02306065529761614, -3.6678145985743393, -2.9480871439983014, -1.5122427867582626, 3.9815256723547505, -1.42657159474235, 0.5667834412313908, -1.2827607594381087, 1.6772501949763545, -0.5484920886511974, -1.9326222018074484, 4.323309650821285, 3.551588650946621, -2.0982391369809976, 1.082993723747911, 3.2660999752586006, 3.150933382917512, -2.66685284327037, -3.7547545119088817, 1.985059873479631, -0.9804439939576738, -4.247694811929302, -1.7184439184286087, 0.5519071953615059, 2.9972902171160936, 2.6971775012617742, -1.708922568555753, -2.4071789745761696, -2.3507131424827765, 2.205916615825526, 0.14609566652774267, -1.4266671450500297, 1.619839862024432, 2.893362417903631, 0.15668182185601864, 3.948852384070852, -2.6922621188390385]",0.979381443298969
11,"[-1.2684634211367851, 0.09336129944373361, -1.14246056912714, -0.1627930999502769, -0.15810124810634574, -0.7958919320260943, -1.5793820810353432, -3.66766870118892, 3.204890755538881, -1.0126766919117398, -1.8791434949011034, -1.0551474811862203, -3.1795616392268418, 0.8760983357917944, 0.6328169572774438, -3.6803121920060518, 2.442836314711469, -2.7008188999487093, -1.0104582367310346, 1.8662279580099406, 1.8032610952575645, -1.990346191820561, -1.7670037839811892, 2.288180878254661, -2.844987708408866, 2.335295996706055, 1.14717250195961, 1.111682126314891, -3.488744933312012, -3.496913761707921, -1.9946681693992847, 1.0371965405877432, 0.5367280167188146, 2.3361527842667646, -2.0685449245356557, 0.6625595827798652, 0.36785869045203967, -2.399395228149637, 4.159647101282072, 2.425618591008697, -1.455743630575697, -0.06836632942754006, 2.2139168678865158, 2.9805949398381872, -2.3659979805469504, 0.389485647217644, 1.0120371379587123, -0.8896334416536898, -4.281742218750447, -3.0755910005545086, -0.2903357188309603, 3.233918598730398, 2.366764669541786, -1.383751499322332, -0.6485898426990375, -3.3047714245044935, 3.543057906737766, 1.069858839762871, -2.6435995540006667, -1.1884180530874175, 0.7129752054406584, 2.928223854707192, 2.8362593192944514, -1.584185979773134]",0.979381443298969
11,"[-1.1480285187481516, 2.6324782500889126, -2.9666099957751966, 0.26391493206367667, 0.537993886889728, -3.0694932942523794, -2.029925471679258, -5.064341862908713, 2.25231550954662, -2.4956625762162132, -0.5781220862744506, -0.24628908604773558, -1.9089976173597984, 4.030754403410245, -0.8145811014870697, -3.0915336154867665, 2.1511891668730527, -3.1851960041599714, 0.744222211563438, 2.3950541890721704, -0.491607249579221, 0.27612636625545317, -2.859331360113903, 2.0358001268808614, -0.23170033481305707, 2.768650488822709, 1.4612224283007609, 1.676478524010904, -1.553289509317341, -2.353156257145744, -2.497770835511643, 3.813858701661641, 0.3907100317827436, 0.5262445742576772, -2.182246889887073, 1.6042661537204461, 1.8598908059588064, -1.591916855602555, 2.766268239041677, 2.3480711044715363, 0.04359701390739157, 0.2314479968502623, 0.3479557996740881, 1.043386822458857, -2.672910944788077, -1.6232734994934694, 2.5260011938738995, -2.4579353585576023, -3.79316358458801, -2.52375622914914, 0.8949291488202988, 2.5242598574815522, 2.0834775648806656, -2.45516614172356, -2.419981126572321, -1.4342432514491925, 0.6913527669474715, -0.36979395778744956, -2.155049228830666, 2.2031954324661425, 1.9705124341495113, 1.5818228960455798, 4.012610534318664, -2.262416337079598]",0.979381443298969
11,"[-2.382275773494962, 2.5184816825362075, -2.303635274276362, -2.0534485312553463, 1.1324627825775275, -0.035853599933264535, -2.1921608412448963, -4.622273186090859, 3.0854831356517036, 0.6417362516809902, 1.7112502395498692, -0.3526817190272178, -0.4297113362360414, 2.37485678655662, 1.8817352688341131, -2.9149477137644384, 1.8571635341638055, -3.0125928534401893, -0.6705631627772507, -1.7161987776285317, -2.1468472922754316, -2.0782714806524796, -1.9387435661683379, 3.299496636179277, -0.90394594163804, 2.269141770069624, 1.4278712524517747, 1.3748487352898682, -1.931701451149677, -3.57251755849632, -0.12612280721745123, 4.218620293783411, -1.3834680793365055, 1.5644754376692898, -0.6924992849488165, 2.369685173999602, -0.7981235431761748, -1.4884880028210614, 3.564038638583427, 3.9182235650194035, 1.6127665752932532, 2.1782423398508106, 1.4289891463961755, 2.6303699634809465, -2.3149566941953297, -1.9130201401487188, 2.9324945095592163, -1.2933239405152748, -3.779977309458724, -1.8589742696662952, 2.524925723796318, 1.8596500054507303, 1.9043381528194776, -2.682179895893769, -2.5704475522518333, -4.016833154775863, 1.435809999078509, -0.6705855314478308, -2.724602051684711, 3.06992634592513, 1.261060329989526, 3.855436147707682, -0.510975827028191, -1.5802476181424874]",0.979381443298969
11,"[0.6489760844640697, 0.5845548766990352, -1.1668555523871438, -1.014764771275312, 0.7640884329743134, 0.23846824137827194, -2.056575847698346, -4.738250918137627, 2.7895903138079126, 0.5206541900247513, -1.160381382226829, -0.9944138811454273, -1.5121770935356462, 3.938728859345658, 1.0152655642738866, -2.668921426309297, 2.0267787177997705, -2.9389435512369655, -1.2078988828280335, 2.694011698503514, -0.5116276791271199, -2.227888538007893, -0.46522405607733086, 2.45320733072656, -0.354583123691637, 0.07569547434336155, 1.3044023404935983, -0.3837819423479758, -2.694158919622489, -2.4859172273112593, -0.14707841110083547, 3.10566421022923, -0.7386910360179275, 1.5078264938160395, -3.105403929164009, 2.5324120161525254, 1.4875869763378837, 1.5589191998138368, 4.152129537713395, 4.27594408176012, 0.3535286227550818, -0.4057029445926055, 2.4953741155492897, 1.7048675735410497, -3.423765496446355, -1.8994966848025892, 0.3416083681855766, -0.8390155146948578, -2.3680255631763023, -3.5977102360282904, -0.6240619240925804, 2.0731992603184235, 1.2074219347088408, 1.7341944361604285, -2.1742911888842853, -3.354003996723005, 1.535952739427203, -3.8332373291102155, -3.474140079754933, 2.9327567377070958, 1.2936277966204424, 2.9839860649655243, 4.103707274204197, 0.13563085969719646]",0.979381443298969
11,"[-1.3834554691467227, 0.37055282913903365, -0.5321638363920069, -2.4972332642047244, -0.6362946217350536, -1.8299693850949257, -2.8737232723501016, -5.065689007359954, 2.8723686961857116, -1.9781781066402413, -2.592033614328343, -1.9022698976799437, -1.5512342599399669, 1.4189008571564627, -0.9947604987784858, -3.0992762841892967, 2.504698593887789, -2.13040555271064, 1.4584451272819667, 3.2431969297403405, -0.7417379320294173, -2.8930890799816784, -3.403878332214375, 1.0988416776532008, -0.9641114433830011, 0.826441541645208, 0.9433498746914648, 1.2128057386117743, -3.799049990257392, -1.3242908134431817, -1.9604106246338167, 3.2034868676625092, -1.7284005331233991, 1.4546745787305897, -3.073949863243443, 2.2996823329646943, -0.45739594433541675, -2.683847851085682, 3.7136365916124805, 2.3375095338078755, -1.0558900136788258, 0.8300363705860537, 3.3275046183667336, 2.0769065692799593, -3.383912711743406, -2.234303895733335, 0.6544238260661042, 0.3302208215482656, -3.900245067779773, -0.6205207679571165, 0.3561999324450327, 2.2988947949261074, 1.949035128511437, -1.901777663087437, -0.7039783835180626, -3.9249801023726008, 2.1044045499568282, 1.1953446848632356, -2.9867997121651944, 3.598800939574292, 0.8446515248167823, 3.3878159377899406, 4.250996992674126, -2.2623121503850165]",0.979381443298969
11,"[-1.4805962859218162, 2.2874333230994406, -1.079828873146249, -0.42456370826431156, -0.8717733649058124, 1.8676319305456817, -3.444451623148654, -4.942289055140854, 2.596726208290786, -1.508040604544289, 0.05452808596341402, -1.757103487896516, -3.4842719061691234, 3.321080647926178, 0.5359036153021337, -3.629053624042025, 1.9284073525660197, -3.957521903283433, -1.2284390633475235, 2.287158637272535, -0.9190642218144752, -3.2283404132392066, -3.4959705864007513, 2.3367329984004255, -1.4810647733173004, 0.798440720110053, 1.4773925096516147, 0.14064654936117327, -3.955641247856364, -3.460286673845229, -0.3506610379504741, 4.170009911076382, -1.2319495632867656, -0.6257735023340809, -0.7006518091926546, 2.9397266753779174, -1.583473570481446, -0.8340700282269271, 3.9967719483596094, 2.923049244064935, 0.4666440587585216, 1.3330202515039802, 2.630645236920498, 3.1976879209820073, -2.572846323158138, -1.915100250781741, 0.07723173507135761, -1.0513209995688602, -1.3776127692949178, -2.352732439963521, -0.24315257619082387, 2.2634213873762237, 1.9799701863863022, -0.3623965860756246, -2.144750323367745, -2.8067807013400223, 2.019309315582465, -0.2485438890620093, -3.4022114041818954, 1.9430109410862366, 2.3386160525689847, 0.3715606869182402, 2.8428868469729287, -2.4149022897917622]",0.979381443298969
12,"[2.6252288894644447, -1.895374111276193, 0.2763175280115172, -0.6827627202298148, -1.34660518249982, 1.9912020102334496, 1.5425655134325225, 1.3558398634755937, 2.583293088745034, -3.3201498509384435, 4.0245219757567465, 3.0385762011721997, -1.0718282113559254, 4.30127083110332, 2.8699228214327426, 1.8963303353352514, 3.640309243216045, -4.2282879876953245, 0.8051154962545004, 0.008459918525697718, -3.0565052525886376, 1.1900952399783913, -1.0201978194106682, 1.0150806721143837, -1.7990492130835924, 2.644447270501984, 1.4781264476686344, 4.080299762904642, -3.0330298265293205, 1.2168183304229414, 0.4961352958572891, -0.1096177513159935, -0.7165276329316919, -1.9154387930663597, -2.5376180142062075, 1.1668574492454802, 0.49869558047000373, 2.946049839004232, 1.2543397887039567, 2.197670443416469, 3.932263865922187, -0.3274344520540061, 3.557013297386338, -0.4332587478902262, 0.6486115394884453, -3.601073845538827, -1.5574037488022303, 3.1272989952689723, 2.3441522154344363, 1.3955714456734747, 1.9677942890340665, 1.308107251673666, 2.083182095113525, -1.4346868569594187, 0.38257053405199903, 2.7098390914039983, 3.025287009783985, -1.5149234186820166, 2.436966587505433, 3.7928414081860327, 1.0940694078949407, 1.365836547613889, -1.5524604201998473, -0.14824720904789337]",0.96
12,"[2.249398563679954, -1.987801897694176, 0.19413702604288496, -1.165117359564773, -2.8070715852917605, 3.7043496224475048, 1.7500543387184944, -0.2699750875521878, 3.0327212337465643, -2.8945318181664774, 4.022456883776633, 1.9443237787100331, -3.230821933871343, 4.041760225812929, 2.9839353069545163, 2.4561120524191273, 4.034015264580239, -2.595291943858192, 0.23822083192550766, -1.0687169750572871, -3.099742865768463, 0.8893570458379285, -1.6200524718892753, 1.077948785175425, -1.6085372942608176, 2.3206375824833874, 1.4890880593167566, 2.0750483911112587, -2.2535176880853784, 0.5926638403790798, 0.20280987973844747, -1.660308018477234, -1.570434917423475, -1.7044632377472426, -3.0163916135597146, 0.3852488322866914, -0.6514394966421603, 1.7246659844002394, -0.7729871227279277, 1.8940681216330753, 3.781513622525355, -0.49577685096746604, 3.378876639358846, 1.2937548503778262, -2.9726406483358256, -4.119788556691016, -3.196382582022887, 3.5643941517204563, 2.454481298208417, 2.857417462976379, 2.2730945149750785, 0.7834492483232925, 4.1072055414141575, 0.014910843639720506, -0.46471572399414685, 3.52367727254165, 3.329579726313316, -3.6190695842054135, 2.0543125130188624, 1.5506925351446936, 1.766959253439579, 3.4508903741974515, -1.586051632886937, -0.05897276698527118]",0.96
12,"[1.627328774587582, -2.2508129208378884, 2.1178713202739585, -1.8203591635111454, -1.4511844653452932, 2.9128248145569247, -1.012150263733039, 2.5981002742657617, 0.6273250176717813, -3.227851556946642, 3.9769356874299775, 1.6864022230943374, -0.793560947933696, 3.824583140743971, 1.8384059404258681, 1.6745970486569561, 3.99098895531465, -2.5467486403729502, 2.805499736033631, 0.8576602303163563, -2.8866467217300213, 0.004502458533734988, -0.6585571049761896, 1.291438324358253, -0.9767387434616552, 1.8844381733168492, 1.4743575315344617, 3.699487664993093, -3.3656096017277233, 3.183471959867913, 0.07819406803562859, 1.5111049313308507, -0.3093117068569278, -2.6645347039302476, -1.9645933427443296, -0.8352260679995864, 0.29193334601807286, 2.4800760096176977, 1.1383555466553403, -0.37895246349358436, 2.5557042711604794, 1.2410673348910402, 2.7467110095909266, 0.5707257652943817, 0.48468843918642807, -4.511575506078788, -0.778679681497554, 3.505874892421419, 1.1678872218004983, 1.9667759609260071, 1.0314617498887768, 3.1928677067614872, 2.576110569135616, -3.0286320978868866, -1.349424908407832, 3.4212495502849594, 3.2913658062715587, -1.9604365243789434, 3.432167172400269, 3.1130639693379516, 0.4487617112674769, 3.3066230151461866, -1.0822461063485678, 0.6073643768444628]",0.96
12,"[1.6712973802971138, -1.5550997696833377, -0.016399080236128807, -1.7193281797846844, -3.3181173978991483, 2.7275542269188375, 0.4900806009236601, 0.5876032464119828, 2.915702079689636, -3.065375376650046, 3.926367680672397, 3.307620751016883, -2.538163701586236, 4.640770887395547, 2.4033195980246305, 0.3563012809175383, 4.031597805838133, -2.4001486248067527, 2.4647175994195756, -1.1083165225657687, -2.9582778130635727, 0.704301789993854, 0.1815700252740975, 0.32890207716964437, -2.5092240961990075, 2.72034830925631, 1.4627616867275064, 3.520117796551397, -3.676994982567922, 1.4874506490153376, 0.39657045558254755, -0.7895697818499052, -1.121483029128636, 0.4038061226093572, -2.515728513661328, 0.8076163971392137, 0.9215764236991066, 0.34741294856573, 2.2963615839012648, 1.7853183934591208, 4.0319577787945295, -1.6492128964456478, 3.563960419816034, -1.5680928923772013, -1.441344390619801, -4.1530828753341025, -1.822134829479375, 3.6514411784803182, 1.7824344663671714, 2.7320250244079216, 1.9616126678372048, -0.676070421539994, 1.418841195493137, -0.33417880221021146, -0.1418841848803118, 1.332880399603805, 2.797041695262688, -2.0643425902027213, 1.5251990415329137, 3.28911291929896, 2.5146738327215092, 1.480156012180646, 2.0180393178384732, 1.6186611376614295]",0.96
12,"[3.971143981554358, -0.8380203873966579, -0.42910978121343624, -0.48512505752255186, -1.9024266490693742, 2.629873264184238, 0.7520275369146149, 3.3959207794323807, 0.38312844969126303, -3.257847481533766, 3.995842688353548, 2.7445499942265923, -0.28071083585420975, 4.6125219815487, 3.540895926939562, 2.0754312376000277, 4.035589919861264, -4.199500489444324, 2.434803062083651, 0.04085607215209727, -0.8418391571621278, 0.4312807756909989, -1.021440890861211, 0.5511110797334692, -0.927584463335589, 2.4291984495325694, 1.4890659604993974, 1.1586124929721704, -3.3976387254242377, 1.6573502850570407, 0.647447078809349, -1.5558221658858464, -0.4399117334000413, -2.590802874084285, -1.7126902303261216, 2.53518944451503, 3.039361977850896, 1.1370229240299887, 2.603399636765171, 4.169787562901931, 4.026272017985693, -0.29030726071458746, 2.9590630254185033, -0.005370142862335031, -0.4487076008328582, -3.9714942967298725, -1.541477437996941, 3.4950062202764767, 0.030429185957915772, 2.6274524031934368, 3.231729825696667, 2.3394947189487043, 1.73546702351791, -1.5251343548489038, -0.7112453103994936, 1.6993267167537018, 3.565728976975288, -3.6743479681800837, 1.9261524477208884, 2.6518093157424465, 1.212801289084935, 1.835347635780021, -2.3788525328617665, -0.773099758300634]",0.96
12,"[1.830778287357587, -2.4504617575220835, 1.3420445072906777, -2.2391674341724626, -3.0998325911934734, 1.8571280396516174, 1.1379090077596552, -0.5647456798437587, 2.810719709547424, -2.8565735180362903, 4.004650228197273, 3.858310425594257, -1.598266770541844, 3.2284046122477164, 2.4491348570753306, 1.8045510875049011, 4.036567845185615, -4.098502819292717, -1.612092856309339, -1.3600791302746231, -2.691602311523338, 0.5394899494074483, -0.21608960424072787, 3.353002942063987, -1.8430447602554236, 1.630322005982217, 1.4850447848293191, 4.055402786362576, -0.9500781427983229, 1.5605930922606808, 0.10227385680770164, -1.954331605719314, -0.37953914813262946, -0.9430511897662184, -2.803115404977212, 0.6423012684879728, 1.6598430244796578, 1.0321860754085472, 0.07662469733100696, -1.6834433368228379, 1.706834230701464, 0.3879756231972461, 3.630800216475831, 0.5066500066248824, -0.11889341444437035, -2.187868489861411, -1.091899275648669, 3.9121069551117458, 1.6355116776315353, 2.2843101470753946, 3.3122858038310516, 2.835550129355846, 1.9999919556650345, -2.9185214031174853, -1.0228709284525037, 3.5126618900791433, 2.031454421731489, -0.8641355513142867, 3.268114463055679, 3.7532868555663033, -0.1801812836023713, 1.5845240186321803, -1.3790430277173138, -0.3737418808102454]",0.96
12,"[-1.215361829568891, -2.4518533805710225, -0.2799023219145647, -0.8271911973107702, -1.9001538673111964, 2.5188716245963705, 1.9010011671865301, -0.5293907171399226, -0.12546378913128176, -3.201665555603189, 4.00606040400454, 2.457852320085959, -2.7499390442685847, 3.909932454038238, 3.4981141886069334, 2.3312223588107672, 4.031910864555563, -3.1889022325719067, 0.12249570865643655, -0.682180980885914, -3.14577190819648, 2.085331852742896, -0.783369928875807, 0.1545170747170605, -0.8370422596002399, 2.378069666334052, 1.4623894418775392, 3.9513616979085175, -1.5131929723409612, 2.360434908150288, -1.4893780663426357, -1.4978532899850356, -0.597565184379174, -0.3610878930532755, -3.121243192878506, 0.6465989888426052, 0.5679533906665256, 0.7579626125682484, 0.7815981368728284, 1.4145456915446366, 3.9965795546823397, -0.8370850848760336, 2.642166976778232, -0.05799041503699647, 0.0490945141352498, -4.100031079386355, 0.70737215063069, 2.509383082935875, -0.0843839365971073, 1.3157064927245175, 2.6710938800885886, 2.293053536627065, 2.803886785937232, -1.2972846683087065, -1.951457927462939, 1.8008102071040786, 3.396088306610959, -1.9160590781898836, 3.678857518990238, 1.3563193325983667, 1.0724546078862833, -0.1966684681419606, 0.09266322928951842, 0.6902066708886285]",0.96
12,"[2.5656975334718815, -0.390274130671016, 0.9708147378936196, -2.78067370594427, -0.7162488108099923, -0.21819894090810932, 0.8432717073749374, 4.023583749369538, 1.4354895745798688, -1.0560734159446543, 4.024517034206744, 1.821334445077567, -0.8285681787031236, 4.644441063386424, 3.7972330864460244, 2.4499256333832418, 4.019214109221877, -1.8643936251194002, -0.06400953243653462, 1.5326815376002427, -1.221014384267362, 2.119482372387515, -0.11215864046756174, 1.9515229191627168, -0.1554077658395192, 1.3667067064893166, 1.477245250283896, 3.046133370853813, -2.7364630906342056, 0.8216259154422921, -1.3030690772062528, -1.504005126216947, -1.6233728247228947, -2.275850775924189, -2.324759551093661, -0.01998514157148401, 0.5298001525031568, 2.273826532257616, 2.9223663609021227, 1.5608644382556502, 3.6891778022522788, 1.457876699829675, 3.215458500741376, 1.2825169922167148, 0.27597811440180414, -3.156975943373906, -2.8129095865590674, 3.2327044661047077, 1.1024388769198863, 0.524391959325755, 2.391840986791889, 2.55921842877341, 2.0081739628136774, 0.6574802433013656, 0.318634673067907, 3.38338210953192, 2.186896646126889, -1.2340127218497547, 3.1721800536221165, 2.601884674434176, 3.0770009508982827, 0.8128273885684547, 1.924844742169677, -1.1811762718352816]",0.96
12,"[1.9787919735003308, -1.7123239975003655, 0.9318273284252958, -1.0898042652969562, -0.6181318507573594, 3.6358454219357443, 1.756812802584509, -0.5655787358732771, 1.8528042534882752, -3.3219251412767825, 2.7350310949612635, 3.779947702917894, -2.5277844148872166, 4.567562041365856, 2.90175551635993, 1.6017249174342592, 3.9631892778236075, -3.8669539971378413, 0.9628819729969986, -1.52621085448529, -3.0624041068292702, 0.6514816514679155, -0.10232765365997243, 0.09538838861814286, -1.1465856718508465, 2.0179928822978237, 1.4824578405133537, 4.198976005850909, -3.5124202958645494, 3.9111287089633184, -0.9328257945526761, -0.4759161745032555, 0.21463284746261857, 0.555963559079836, -3.1458471532192336, 1.0830941057921057, -0.07364726489221485, 0.06837529504025186, 1.4024011314656126, 2.1838999290024237, 2.551127552246316, 0.9888267825774681, 2.0200613421102176, -0.054709817833801536, -0.8390059987917856, -3.4104990383274427, -2.0646326800010084, 3.3371979260985913, 1.9882181446895026, 1.7986962123987993, 2.1536285023568, 1.6630215170020235, 3.0250140640775576, -1.2520880080943113, 0.5119628730097023, 1.6831799661077138, 2.3862689824308276, -2.205920310723363, 3.1301307526011137, 2.977453189626667, -0.018778091284664344, 1.5562466910181776, -0.4663424268429287, -1.071836695252211]",0.96
12,"[2.0536458779314604, 0.5577980528486104, -0.2556023761522916, -2.7763370728438943, 0.6593832666741066, 0.08831061039864418, 1.7647493306957038, 1.1208748685907413, 2.2339309665153073, -1.8488447772242926, 3.7202320213557374, 3.8184403362615718, -0.18311431407550938, 3.7949344378880285, 3.1089630438247653, 2.245689512130108, 4.037407775372067, -3.2207489389194413, 1.2790214461624694, 0.8671748262989276, -2.7493311961654765, 0.9481031254009656, 2.0418383659186103, 3.2417212367948416, -1.5718673415722373, 2.4914856171527386, 1.454183594697954, 4.046626589784071, -2.4411841199239976, -0.37116796384954, 1.768022097453114, -0.3992578160795023, -0.911916810213927, -2.308447146138981, -2.4650141764236126, 0.22789349311552043, -1.6521920663308567, 1.890127033430208, 2.5554853443610472, 1.3249524577718321, 2.3397061261917065, -0.5050188654122714, 3.55335561903457, 0.10612121213766296, -1.7187621782151243, -2.910998098347719, -2.665803147086979, 0.7404945582898406, 1.7520054825225846, 3.6685413090525305, -0.009004252125809353, 0.47643162571887454, 1.0052396687429543, 1.0662166709863308, -1.1684028283623489, 2.1433445253672065, 3.44227497233755, -0.5867176747557761, 0.05945531534852755, 3.8202677921443615, 2.2377430612707423, 3.2638950813220013, -0.7847830885620588, -0.9752237030686034]",0.96
12,"[1.8414020870966283, -2.0705923784233553, 2.101168389876195, -2.0385144646634066, -0.7905061654685083, 2.74217972398965, 2.5201637018036465, -0.8976670325671592, 0.8282391932496969, -3.0579273942286953, 3.6471815324171866, 1.735389008088406, 0.8091791593756483, 3.5863462420635845, 3.3573294720233533, 2.1375521048029746, 4.03287249475465, -3.522530736885833, 0.2995441503301445, 1.7181575338340096, -2.311773121117426, -0.16185782325913278, -1.3748865891897557, 1.1746420024033504, -1.1648007136123337, 1.7944395998715414, 1.4844377788323546, 3.961097333632041, -3.9932959555616208, 3.8382552939409917, 0.8657219861996057, -0.08021158653395075, 0.14757169562134165, 0.43371472739128936, -0.6971097299178053, 1.3619065268766066, -1.663262303635602, 2.2268484184300568, 2.69699929969092, 0.7607009221303054, 2.5163990962601837, -1.5953958701485407, 4.075796414800901, -1.3704534086633182, -0.7765408279971407, -3.554046639788934, -3.9031884999658186, 3.9300235358377504, 0.379953540525819, 1.5716253939998825, 1.113380356399381, 2.0086776320118442, -0.09797312942185643, 0.6817286732047376, 1.3983989093553173, 3.4491833289890255, 3.094780986626005, -0.7091337823165421, 1.994428892123267, 1.4649843031768235, 1.9087913130381038, -0.7986764587030584, -1.5742757062451596, 0.43522716696267516]",0.96
12,"[3.0129932991899504, -2.1204197594875978, -2.1051810919559935, -0.23000094930351522, -3.4840138738230655, 1.5235565612059312, 1.1479628077275785, 2.1668234709186893, 1.6928437111021477, -2.068047835048694, 3.672722870346042, 3.6509761135716783, -0.7878596177603221, 3.522104569461548, 2.4374444297117246, 0.569261147540872, 3.9965863903541874, -4.15952825780872, 2.2667827694675804, -1.1406078505830735, -1.7176529752130696, 0.724454912282424, -0.7889127339714617, 3.1972296451591458, -1.1410283659341875, 0.6790522353330177, 1.4841837110582892, 1.3849773666408343, -1.69482602548841, 1.9200239494299256, -0.13492644436999712, 0.43295341140747384, -1.9563719383492448, -2.4320720327757623, -2.8522322214293503, 1.721476048531568, 1.3629018075325035, 1.0273129213822898, 2.6255456356311835, 3.0017145483765604, 4.066679826162884, -1.471917134987208, 4.136368323771738, -0.5161837977745141, -1.3080302882412074, -4.611574569852592, -3.4728496569051615, 0.8697409700675953, 2.5285064466995406, 0.15887730658901655, 3.487427512654789, 2.067716017617035, -1.5181613693334517, -0.7126099622948766, -1.109181209572124, 2.730792797654716, 3.383386041080002, -2.1586433527970463, 3.1958768370446338, 3.7624676678677638, -0.30036017263911274, 1.2574027228785156, -1.4943772189016657, 0.1675749441938698]",0.96
12,"[3.152903295597495, -0.2983087314356032, -0.021344314614052118, -1.3954475062620921, -1.6481842017258508, 1.7624079294097441, 3.124333774833951, 2.4597653566858417, 2.5408671677564123, -2.7438560847437166, 3.326480591928885, 3.4153019618730034, -0.3402058560253517, 3.4984908360242404, 3.816517224541505, 2.0762507550564213, 4.0336445602631175, -2.5102254772527557, 2.5205881755231356, 0.20628428967144286, -2.9558191751725222, 2.13197670367438, -2.067286669283359, 2.1885354569544635, -1.1229182282445074, 2.484804618045607, 1.4881947726758353, 3.6989816907629405, -2.8792276115482576, 1.0784127608395186, -0.6129453246663341, 0.16902926007007826, -1.432416162618979, 2.534014411891204, -1.6999164846825345, 0.7724044783920565, 1.7007640829851862, 2.94537950245997, -0.1279088702653841, 2.1665207052803037, 4.006876000050754, 1.3217130898129057, 2.184819003305996, -0.8247118219530452, 1.5438862027103366, -2.756044988870654, -3.1796328487734162, 1.2655077046649346, 1.0358691757155083, 0.3909808862175561, 1.936904563633375, 2.049455902464847, 1.2804822417294854, -1.5452481668024505, -0.9460962882389958, 3.524549145463654, 3.2966827701081134, -1.3741227524037678, 3.6945327736878224, 3.3266913779716702, 0.8027988143297318, 0.11467949167610492, 0.07352914936253452, 0.6496875195653634]",0.96
12,"[4.133443023906319, -1.998192458499942, 0.8253668870659185, -0.8782102772401765, -2.1560881238771543, 1.0244711014674293, -0.16512402262981563, 0.4903301309737902, 2.3877971295227094, -3.3221463199304306, 4.0214567598811195, 3.1065199116556745, -1.3546055702862068, 2.701723934185073, 3.7536999079574738, 2.1909628951273166, 3.9481291287701894, -3.646903585812364, 3.6474837566759186, -0.2268802939676015, -2.5721016230973355, 2.6845192379548055, -0.5818583206058716, 0.059762706997656734, -2.3032020988902375, 0.6196612182761543, 1.487041557483139, 3.86428956799498, -3.3028380805347277, 3.6483339245633046, -1.0582467113993013, -0.7660993882339044, 0.28619232801260575, -1.6023606779154258, -2.3942534724405173, 0.4499947409533488, 1.7714292461107184, 1.6281564662703851, -1.349058525141141, 1.0796963248011098, 3.1593122280020385, -3.521694352799954, 2.8729379075701673, -0.38002222116677453, 2.098443284804942, -4.609559614051162, -3.452880892053163, 2.1267566935677946, 0.019445619228173117, 0.3197742951222484, 3.0133923937211664, 2.204844038925196, -0.32143228672590585, -0.75830607364305, 0.6699084533588421, 2.3023005539857357, 2.3607046345834153, -2.333668754458342, 3.19916584619064, 2.2342497944056428, 0.7207199859223622, 2.3960861446383723, -0.47281376003222253, -0.2793539524866576]",0.96
12,"[3.23328170654587, -1.2450111723270723, 1.4595834198227151, -2.71483538932185, -1.640884641931498, 4.109448491174511, -0.14069593177162476, 2.0994972306032635, 2.665613600829487, -2.4831769973203883, 3.279346445310368, 3.4777448519628407, -0.9136409693384033, 2.7970442272424325, 3.81519584072728, 1.7258876072198288, 4.027503854381199, -3.481865400443182, -0.047336879291479894, -0.5518719741298128, -3.163663201859913, 0.8135574555162564, 0.762534932150896, 3.222987734864362, -1.7764806492638465, 2.4591000380191703, 1.4461961218657422, 3.5168771463982194, -2.677899489103661, -0.2969439088697703, -0.061285172704223956, 0.8281516670621312, 0.28739368442825364, -1.9178337404271328, -1.6610628880877147, 0.08423098382183242, 0.41167417582387056, 0.24871367410787348, 0.24222433587674397, 2.4381032067865256, 2.8780479841608058, -0.7174231094761812, 3.8847744095778305, -0.0855656128706172, -0.6128920925310042, -4.492143567499122, -2.1255135208057223, 3.8998665076397834, 1.4638330369402262, 1.808158786214779, -0.7877745548744353, 3.2863942397968553, 0.7346496021455026, -0.257380981912249, 0.37412776357753064, 1.502390707001457, 3.2423918880319444, -1.1107240631419464, 1.6521503578984587, 3.8220908185012545, 2.3424985408599657, 0.30848160326257096, -1.386868522211756, 2.4941634242728554]",0.96
12,"[2.860765845562473, -1.2958473103354882, -0.3056700573962596, -2.4587582600452667, -1.425877628415635, 0.8708923260383659, -0.5690758409492678, 4.636831582527044, 1.6683060803897223, -2.7218380555090445, 3.968486181915012, 3.353481937336284, 0.4679596006766866, 2.686823460264425, 3.794292480563259, 2.4503479203830754, 4.037701518723982, -3.5501076827216416, 2.325005352488353, 0.28395981310029433, -2.674220541763182, 2.15423112025504, -0.64451301786344, 1.6191923607473975, -1.1150910907445857, 0.616499945970282, 1.4879037752199258, 4.0281582452013565, -0.9609165560149033, 0.5463652718180343, -0.6635497553982241, -0.5930886601212086, -0.3957604101367963, -0.6049593929020962, -1.2101076765877, 1.2222212810313637, 0.5012832851844158, 1.6813177452892716, 0.7090920687696254, -1.0319013104433483, 2.808038716301113, 1.2708839256288598, 3.586417228077497, 0.14090734816005512, 0.6095982009402122, -4.289735687350542, -0.9451378171434381, 3.65526486699097, 1.3955500041502287, 1.7883562847261316, 0.6770855883490431, 0.4606624059731643, 1.2400111035428167, -1.1564386089042675, -0.3826774877372231, 2.2584386975959467, 2.024261566037981, 1.1973432549089345, 3.6856840042757595, 1.956062362710977, 3.0821807308684246, 1.9014956138902512, -1.6532446154701412, -0.9733063792063485]",0.96
12,"[3.067118716281994, -1.2329017346098092, 1.2000592190375932, -2.2130801083230462, -1.7464385705710659, -0.1971948016657985, 2.1095731651225664, -0.41436569845977256, 1.3883278006346926, -1.1643551594119934, 3.967659570311763, 3.5046228561167885, -0.8884269099986829, 4.25412934999118, 2.9498380516641887, 2.1992527736640386, 3.92881315627802, -4.007312037968605, 1.0819545027294637, -0.5974327348621834, -2.7889708835846023, 0.5610044526738369, 0.9582431643522328, 1.319381153855696, -1.7938294006291804, 2.8616270487953654, 1.4377557471664038, 3.6336040471097015, -2.5279875271300485, -0.3849589199526988, 2.6122665009926593, -1.4063624930859175, -0.4313307148824838, 0.05297596500866497, -2.338233980932418, -0.4698800698599388, 0.2756615853050447, 2.5695470737354373, 1.5155469552954566, 0.6599584858770601, 3.528039066280069, -0.3108194872643002, 3.3948651202858646, 0.6446545529178771, 0.22597314758091053, -3.71862757919319, -3.0033565474447412, 2.916364649799945, 0.953226750475086, 0.9284979484533523, 1.5137320301226147, 2.9220002012011355, 2.240134921883579, -0.11076886888511772, -1.0435256469952459, 0.9056803269130083, 2.442281395848674, -2.6151173882871985, 2.7591465118384084, 3.7551155374917458, 3.051735485734746, 1.610961448882083, -0.6580153733437228, -0.568517530577523]",0.96
12,"[1.3969203916874313, -1.909035301494367, -1.047815279675572, -1.1194479756689963, -0.8708490414168598, 2.1058801161550704, 2.01936682131007, 2.8983380243528054, 1.3863768900873568, -1.2940808012905851, 4.01550231554625, 2.242483568774668, -1.3515561070309638, 4.248375396900166, 3.1386197293773006, 0.9069152936243343, 3.9390936442521047, -3.9702508585315304, 0.8387101511514221, -1.1165578614285283, -3.001531942730338, 2.5791132040987894, 0.4619132914770393, 2.4990722067950593, -2.337497963944034, -0.5211383107649761, 1.4855164976016577, 3.2924678136471095, 0.5507573900558436, 1.6109885568578441, 0.4955830614798227, -1.2871875937904431, -0.18640702265336115, -1.7293873166371139, -1.6157652799568207, 0.5486433959460958, 0.5597880400139327, 2.450917832121171, 3.3960135972726007, 1.3298365983443365, 3.6638803671209246, 1.636815597414219, 3.9273181976365032, 0.5209812203591758, 1.3218031800606553, -4.426139635626848, -3.4103688631494347, 2.844187252186053, 1.411527615817889, 1.7854629762342482, 1.2826550976815305, 3.1364488896374056, 2.5909320097798054, -2.0404174525653342, 0.33187346315794974, 1.8015719904779428, 3.596232781938803, -2.5227054441897034, 3.0808673905161297, 3.002391004724905, 1.9620911036227842, 0.17583348497603038, -2.323425472998542, -0.7829933455569938]",0.96
12,"[3.394622767627537, -1.6873729880647472, -0.3966725977396985, -2.2293238802596353, -2.31901718118083, 1.6820396502319668, 1.736550758807003, 3.8545189999192706, 1.515255117626554, -2.1525101108790654, 4.018787246765756, 2.9030101815588876, -1.1951377437157427, 3.6181123058375, 3.802576380140113, 2.4350489223695413, 4.018772470875028, -3.2781491325520475, 0.31570251481285594, -0.12451978801168206, -2.3037770225602103, 2.0352907396569577, -0.6053883683382267, -0.47989532106827115, -2.1425286544037587, 1.7639758162722416, 1.416625159964797, 3.910966260196471, -2.694629830426013, 1.3034658215472756, 0.8783562470004398, 0.33698018100289634, 0.8749937595556132, -2.590987009769302, -1.0679721901045869, -0.9184843065281285, 1.9718586889287422, 2.564700466530737, 1.9630855563241236, -0.18890395907639457, 4.003984873575413, 0.1273267863831652, 1.970234481303477, -1.0647623682333673, -1.4760629572009747, -4.321924964814525, -3.666048704908202, 0.7296910640880632, 0.7932396144627762, 2.406300089773068, 2.6189594632501727, 1.6928359190083708, 2.221063053721454, 1.8837306930317768, 1.2435180372383154, 2.0926016809280807, 3.561189586190267, -2.805918023928641, 2.9913516874828434, 3.826513441452622, 2.0783309807452457, 2.2060577040063682, -0.9618986241772247, -0.44219154845554565]",0.96
12,"[1.6257552412787772, -1.5245310216448835, -1.688551283040649, -0.8466760169178157, -0.42444146081473755, 2.4955566143670516, 2.1249762394917986, 3.8812142608417433, 1.0693021273619188, -2.0822003372294065, 1.37333036736067, 1.3992954080690299, -1.3553413040583075, 3.5569478391652587, 2.5327947085954774, 1.252060690999076, 3.95523187253827, -3.3588164514373453, 1.7020836557648564, 0.8794488956391366, -1.605360813249356, 2.488882461410819, -2.029938514856305, 1.2205489878014402, -2.691916363664353, 0.8349523761965281, 1.4876571643897027, 3.811770777866775, -3.4469927835381835, 0.8467745085769861, 1.936288289633884, -1.776049324040477, 2.0966453060906316, 0.09692465631501124, -2.3223534167695052, 1.013608865925378, -1.4268927744008646, 2.4214066655953146, 0.7123441110080315, -0.14439632725736162, 2.8522695387580423, -0.7461056950418212, 1.9127194045939637, -0.7263013937510936, -1.9913366597782671, -4.612830028236822, -2.6212621733224863, 3.9564391809717465, 0.7724853520607664, 1.2822614448635872, 2.5989247454741697, 3.0395209806837493, 1.9505810919434037, -1.622113455089759, 0.8232554142369827, 0.9397495050672757, 2.367618769480936, -3.1110764686514374, 3.259718031431077, 3.624096768118074, 0.7194686001436084, -1.7447943193581055, -0.6153247438702591, 1.8041918122637355]",0.96
12,"[2.175874374507279, -1.7612087145843347, 1.6567652340968768, -0.44935530351196884, -0.1873670637859821, -1.4933855518699164, 0.6543576650767795, 0.5005545562828202, 3.2078625749343157, -2.2088841140695123, 3.996057668658209, 3.328927912499451, 0.08819882245954225, 2.806238904565586, 3.5668349963466697, 1.344234398945677, 4.016620577135207, -3.4042111978041856, 0.26419644618602744, 1.5101322327837121, -2.867029900144788, 0.07691007822220519, -1.4305113909551324, 1.311082012655096, -0.8529860205465212, 1.7364506676090465, 1.4853692089966601, 3.8962998940078175, -1.9398733796670249, 2.281730677698357, 0.9679771570548079, 1.145812614602999, -0.9761663021566535, -1.1627488696815247, -2.280864829493178, 2.07451277432873, 0.6574197241901045, 0.512087905679115, 1.094315923101532, 1.4601075256530112, 2.588078492836119, 0.4337342101586413, 3.829123045788827, -2.395401004026503, 1.4197874463766387, -4.523359771365311, -1.7055673191680571, 1.6205687028420368, 1.6459611162701013, 1.1844626370776745, 0.709753911751436, 2.784315260861843, 3.7129558160933698, -0.4194247373143743, -0.3365419183059161, 1.2096979606685876, 2.5663726829493516, -3.0954846822401887, 1.9364419453466168, 3.499043304718111, 2.762488702355477, 2.730475640879023, -2.397279031172995, -0.9079903437460278]",0.96
12,"[1.1092377425438142, 1.0311961852383706, -0.6420624349986921, -1.2782228290640587, -1.352129419980784, 1.0401437451140445, 0.5966649737670073, -1.4550271689284702, 3.172535529162937, -2.487963560020998, 2.6075072720390122, 3.1111446123905293, 1.1605835261824455, 3.042746463729337, 3.807912968287203, 0.8545551419747455, 4.036517565242156, -2.990925429230506, 2.2840106421514625, -1.088900843349173, -3.159480309267108, 1.0399169783341462, -2.363717733557839, -1.1457408996947644, 0.2827530749199929, 0.9567150216176499, 1.4873264238682788, 4.045730174585525, -1.8287989373488442, 2.629781534345551, -0.06714543152402636, -2.4757215002143926, 0.32429196290759693, -0.5719577392251673, -3.0594102875966662, -2.086076944345079, 0.024459708180036455, 1.6336166251599127, 3.9060956668636937, 4.270365244480035, 4.031076254711226, -1.644609203365489, 3.008094199273164, -1.944350486895238, -2.485501844182407, -3.5130828427599354, -1.2050768520780568, 3.440821893835989, 2.5097587405856765, 2.8610465754331664, 3.53695133840149, 0.5894052668248182, -0.636544638561086, 0.5066866879502294, -1.1741161916803393, 1.8174766597872516, 1.7608944049757769, -1.1382151528521924, 0.12652746651337266, 3.7809800308346184, 0.9832072812501563, 0.3823566566653871, -2.262215926724085, 0.6666827013679508]",0.96
12,"[2.3165584068166467, -1.7384206374559181, -1.3988330502704966, -0.2612200829013185, -1.9542469022128421, 1.4434116212045514, 3.7346655585863267, 0.08966619221854022, 2.532790208157969, -1.3610507742419067, 4.00880538203221, 3.5580102903526325, -0.05592561241091353, 3.7860406390452845, 3.464990614960914, 1.047303092293544, 4.028461285985329, -3.0758546742966626, 2.2423078744032585, 1.4654308597327563, -2.001248539495987, 2.2775699780897436, -1.7605821443776861, 1.7118038450192081, -1.2038574006442926, 2.603384292714714, 1.483439362983441, 3.5067753179745202, -2.1349777755552797, 3.882616128501572, 0.43560000320850734, -2.048717415523736, 0.14344669743889535, -0.8227500296872544, -0.8102481990227695, 2.441916640759029, -1.0358716457024666, 1.9470100843397213, 1.1613883973025843, 1.633310780160761, 2.30938637280974, 2.358452961958068, 3.376107010979405, -2.9215126694152533, 2.891400988408022, -1.410566434492702, -3.9191053921056134, 3.950470298375209, 0.32920637167523004, 3.481475547053673, 3.5661865927056287, 0.7014210382440602, 0.5879976776914624, -0.11811578595067074, 1.7357787197943457, 3.2646509232555543, 2.910643414266544, -0.0069109336360053675, 0.8828207586726475, 1.6937540960780133, 1.8738559740855474, 3.7124372458116377, -0.43245540668842786, -0.7821839452661343]",0.96
12,"[3.7387580503155626, -0.7939034824121798, 1.7327623885331067, -1.840429058791426, -2.746939916136101, 3.5848211797456786, 3.0035530270279525, 0.41945512426579196, 0.13812587646237695, -3.273140763602334, 3.9604819833396796, 2.699008576969741, -1.2424450251065886, 4.242639658388078, 1.8640260212403283, 0.7098283218112813, 3.8856811810231893, -2.174115572162794, 2.5922545701822015, 0.29085430028483605, -2.1389507209788987, 0.9783005384765158, -3.4335290090677812, 2.621169067999759, 0.01769795943175778, 2.5403078370854426, 1.4767282945389537, 2.5399380027256826, -4.053991747499022, 2.164958135745099, 1.496505321854281, 0.24037526815322274, -2.3341283532887127, -1.5269223720557086, -2.625608090064825, 2.122939357879759, 0.14381634225062606, 2.131626676437594, 1.7783116650254605, 2.815840369551699, 4.059430013165269, 2.714177618854657, 2.2503755198702793, 0.9205446190757939, 0.05321208165631375, -4.543001068606184, -3.8595728498273782, 3.956365671672482, 0.5213936891772697, 3.6499942420586207, 1.0406694175777318, 2.7007998414260372, 2.881014068347836, -0.07040884190480656, -1.1374802839200653, 0.6342668433885357, 0.6998589764168268, -2.207762804839373, 1.5960879472974707, 2.5113662122781593, 0.039857857243669026, 1.9965332679381107, -2.0775475883692813, -0.3977119783446993]",0.96
12,"[2.3720771018459783, -1.8963450834755506, 2.890803028986534, -1.6030503764722002, -1.839965762332457, 2.408830857197358, 3.7385688155355745, -0.5077728596281228, 2.6196809313276455, -1.74794439951292, 4.022379099474999, 2.8228848428432265, -2.049119851344267, 1.6561004228191853, 3.6886945112590683, 1.4016330557248144, 4.028642398804146, -3.624488268666787, 1.8110076592369173, 0.05385417474477737, -2.1833300510023177, -1.1021585618601177, 1.9799301744553124, 0.9111666356873115, -0.4375803564244267, 2.8085314122511176, 1.4714006754096933, 3.6668486059711505, -2.8653583303234798, 1.643568436825089, 2.7841854123520138, 0.7327156992525944, 0.22263556961774542, 0.5735242700445036, -2.595340079511875, -0.8968419254938085, -1.2147209731323254, 0.37328179791981997, 2.057057169587365, 3.1809067144726204, 3.7552515338656676, 0.9744859197896277, 2.3468319674539706, 1.800137039178086, 0.01997762812136883, -3.924299581924325, -3.759116716307419, 2.25770455252672, 1.4138066051316724, 2.4552907694894675, 2.8654440538165584, 1.1677203522217492, 1.1835377948838728, -1.7748590861540574, 2.747566906586168, 2.9994665058634773, 2.2232313784860693, -3.8062629153961325, -0.1798350042164114, 1.0465007410025153, 1.0165646043200902, 2.5576392302013735, -0.5096650498745554, -0.9454555190205208]",0.96
12,"[0.2926187092104773, -2.0199984242205438, 1.330371209281929, -2.1699240029528646, 0.6488361529627982, 2.1156271571358407, 1.334031905512884, 1.8442204758601934, 1.4364786153197762, -2.0820110264411733, 3.8129378151608906, 2.366390637696637, 1.484439111525973, 1.5528629873919177, 2.754935003482692, 0.266322777980111, 4.037035402028633, -4.085482917012982, -3.3221685484331216, 0.4467522230346289, -1.0923085029887365, 4.2078676589614386, -0.4987433401127431, 2.3728869230808938, 2.35595227973372, 0.9530795325525341, 1.307778670511405, 3.306145667326896, -2.8991884595239643, 2.0651843969818273, 3.1352067897259923, -0.7278982333861811, 0.9633461134590364, -2.207990935562646, -2.2607543300919195, 2.4252197109009934, 1.4607145222988687, 2.3922820782722938, -1.6673494873318444, 2.703679729769581, 2.6127207140624877, -0.015996641017134425, 2.7831747876801307, 1.0252423930768706, -0.2639340071089006, -4.611463790435728, -3.8926996657847335, 3.353303065923729, 0.16508385030900485, 1.3142265690711503, 2.86940730942875, 2.6037338583935434, 1.9497459963493387, -2.0336524798274547, -1.7413917220212625, 1.4607439182210116, 2.6839341219929773, -3.9420789378199554, 3.3770201554579105, 2.038603732220146, -0.10945787797294315, 0.16834994825206895, -1.3271281434574056, -0.15332274292416953]",0.96
12,"[3.242686115082128, -0.8475624898278054, 1.3621412799680281, -1.5251247651022048, -2.765910439815173, 3.081304298755482, 2.2399797867269013, -0.5160662795471014, 2.193301541737111, -0.6788001431655459, 3.0453864699550484, 3.767325683309181, 0.3819623783986903, 4.3137279468724685, 1.4672238400596143, 2.4122372805855328, 3.9975505487654854, -1.4441061221166862, -0.7056754852023316, 2.4464291194059276, -2.0524007636911827, -1.551835438563555, -2.011794651061847, 1.3423633069269785, -1.1995734612867763, 2.7929156400285575, 1.401633793528256, 4.086891370721936, -3.873084515323396, 1.1109923281671095, -0.5819101538350611, 1.5017986402870571, -2.24855728632513, -0.4509461583944201, -2.6545162580454846, 0.21003942764432826, -0.7076918530337459, 1.7045852963575987, -0.5848526600560365, 0.18156565905366495, 3.5866975740051172, 0.8830524610627406, 2.6095204325872494, 1.8738247590202182, -1.2754227787965537, -3.411825975665288, -3.0932802902491847, 1.971238493427341, 2.179798724331733, 2.4893325007310363, 1.170249362903001, 0.6513783179407492, 1.4499355956388045, -1.9692643667558243, 0.590401891192023, 2.5713500673622236, 2.9012430542953034, -2.359526168011221, 3.201648257376697, 1.6032908033923157, 1.8556292500077123, 1.7044871447744803, -0.9490827253497895, 0.7006017960167827]",0.96
12,"[2.5180116757717697, -1.580255971124058, 0.4176507689309052, -2.4128034073992684, -1.33050781545696, 2.003673535388536, 3.112795168401294, 1.1783795847903675, 1.7476338736378931, -3.0421948948631616, 3.134851020634935, 3.34013781156452, -1.1656827036761905, 4.368007337174961, 3.7975852006998183, 1.2563490148185181, 4.004628444752613, -4.1317842746797036, 0.2768641166193976, -1.523445651708802, -2.8863821290138842, 1.0391072902516603, 0.7575720765992879, 1.4261258735955207, -1.627399165926036, 1.6993658573606916, 1.4650409772699124, 4.196529031722034, -0.701935209975411, 2.7251181684222745, 1.5415262066737407, 0.006466367718776733, 0.0889803372896778, 0.5302605199000598, -1.8368894665844113, 1.9275483876049988, 1.2926388700788403, 2.0275559926922146, 1.1818616117152716, 0.1644203727760809, 1.156450846468693, 2.870458783375903, 2.869262387294327, -1.2732414438385597, 1.1065810688767594, -3.587207830284707, -3.2567052283646785, 3.0287234181285814, 2.3202630114775333, 1.3602352339571924, 1.2640814378126044, 1.5197790816893175, 1.3632165717863995, -1.708214435052588, 1.5353164188683195, 2.093666759674219, 3.259919839513429, -2.7134711582124287, 2.7563296819077636, 3.808415873577631, 2.2126725814810064, 2.167906729677109, -3.9113696252757855, -1.0180992454706754]",0.96
12,"[4.094753950996501, -2.0348473798027134, -1.0819525499056981, 1.7952438233281802, -1.1032905138752442, 4.121482092092386, 3.7278604754935296, 1.7231452922554824, 1.8788874707914553, -2.6030449668120204, 3.633051565780553, 3.0226617081524174, -1.1170348271531154, 3.149601633345744, 2.2154580750701096, 0.6525527337700776, 4.01144207866221, -3.0668200452864074, 0.42924303484336135, 1.2853513249958537, -0.8260385210506955, -0.20800880556581497, -1.113968518054151, 1.2136216708861534, 0.058124681469230666, 1.5970420570920543, 1.459939289666967, 4.198997887285457, -0.9532226138476543, 2.257631342443065, -0.6918994801101855, -1.8522463090041374, -2.9375709663967977, -1.0304206999628769, -1.7242670040082464, -1.5573989798907086, 2.4998186590572837, 1.560767546043651, 0.5918581322306842, 2.846636892128343, 2.8383046631924396, -0.15837087781540563, 3.5705332925384967, -0.597503190913246, 0.2244826697344523, -3.422087677161113, -2.846854514122872, 3.9596517161673326, 2.2931038763922964, 1.7049776997471549, 1.581802648597459, 2.502289844586371, 2.682461599330121, -0.8304493681037068, 0.6103730845774539, 2.083200344631242, 1.6278876800288113, -2.885576261086534, 2.52936520294907, 0.4139187712099961, -0.24486271332989973, 3.8162569249451375, -0.6029672308958437, 1.8028561064961381]",0.96
12,"[1.8870517603384467, -1.802094167788335, -1.6046697257428484, -2.055624906157259, -0.04560537672329784, 4.0279754976587, 2.7937839622440537, 3.210355563894664, 0.06715699874222825, -3.1308943223324963, 3.927285924905448, 1.9741112284189732, -1.4181496332561574, 4.5424165528486835, 1.309181437200971, 1.0373076832792805, 3.980219364117154, -2.296036520931981, 0.4270304783447665, -1.4629079297550691, -2.223854403424058, -3.2889919319055814, -3.479037853294137, 3.5566550620450066, -2.840116697007359, 1.0209576947552599, 1.4805528316370036, 2.4203638048916813, -3.6046413672587767, 2.4399959408971434, 0.8128250844726344, 0.38713960540756553, -0.5002336703513263, 0.06401110571263524, -2.9893419381080912, 1.605331460769461, -2.709146241411423, 1.1340943706843953, 0.345388017197775, -0.11773984646882574, 4.066328251239474, -0.5507389329960841, 4.140148646884234, -1.107245420203071, 1.2737998763710607, -0.6386206985223546, -3.533942914409154, 2.8457297812633904, 0.11812459824908128, 1.9586914834745013, 1.268613481992384, 1.9699154523801283, 2.7542902141413714, -2.2015783518417917, -0.06521880973522354, 2.142229295487881, 3.0737937855536996, -2.0678281228118403, 3.421464739637818, 2.966383134502154, -0.05267115464917693, -1.3208467654552036, -1.6202160486577237, -2.4750588036513124]",0.96
12,"[1.350762403284547, -1.1812699889593015, 0.3017404287180395, 0.13527624564138452, 2.150840017224378, 1.9148152986700642, -0.1327119313904881, 2.226680807251923, 2.3252495548354006, -2.320694836006683, 4.016435898818447, 3.374802760273497, 1.3657425389078321, 3.4407117613184623, 2.2320064437445155, 1.4671585422268087, 4.027421321363903, -2.123375026088019, 2.539986731726624, -0.18633860027655835, -3.0736910953898153, 1.5478151718126028, -2.298040242130458, -0.21729099545573183, -1.6621419434512634, 0.6825126271310411, 1.4558781573511999, 3.175442823464421, -3.6679112708921906, 0.0651695772362258, 0.9609468441853238, 0.7835343825558788, 0.7308869600456755, -1.5749350158019302, -1.9993515402456339, 1.7993143166567465, 0.9716530661662599, 2.8899633298237504, 1.7715330451890043, 2.4204281145437827, 3.597470235620854, -1.435157365586738, 1.2500991775833783, 0.9516900302887117, 0.1195418105715147, -4.137468565027527, -3.4804463775361363, 3.6851264012756557, 2.625720927200431, 3.080025653345621, 1.9891813007035837, 1.9422366607072477, 0.9759979272040036, -2.5388920040727236, -0.42597219603279735, 2.9734941527858867, 3.557454699108549, -1.5969023392288395, 2.075031586337814, 2.146384146384592, 0.8574628844888137, 1.7224839399252794, 0.7184096125386339, -0.4999479767338394]",0.96
12,"[0.8134987805547036, -1.6010190889877052, 0.013010284550783346, -1.5073852854399719, 0.18374062888002418, 3.9470852340007894, -0.28421281301125845, 1.3870179561128877, 0.2620314837852593, -3.2820640013129805, 3.4643544506318267, 0.29408382203699945, -2.490585107479012, 4.531340114874135, 2.8013830556228383, -0.39144153930334213, 3.451068731829856, -2.5840581553223654, 1.2000348425556338, -1.116690549739499, -2.1816450525667133, 0.14677603732493244, -2.249687219934575, 1.5379333093871932, -2.0949322907688974, -0.4988359463879797, 1.4877860958390905, 3.0524681691603552, -1.1074849877714126, 0.2522266164604562, -2.7212365543299404, -0.3195607115423129, -0.028943541004521567, -0.7878034002602323, -2.5061696001206775, 2.114104622448894, 1.3219683355835539, 1.5095043700769146, -1.736571064433215, -0.03464411718413496, 4.067131764240506, 1.5605412840256667, 1.9118357127550665, 0.5456690443603693, 3.2147784739454326, -2.391903373288176, -2.0077904767879504, 3.1221650435719956, -0.11167058623097681, 0.152544427216581, -0.49715468510049887, 2.5734588980494038, 0.6405334392190192, 0.18438160234991408, 1.5424265219699, 3.2686338591813806, 1.6876713442426383, -2.4872432631791246, 3.30380936593553, 3.831433822420728, 1.8943781498018093, 1.3462041667075706, -1.561579040214761, 2.5015116214019977]",0.96
12,"[2.51741858721483, 1.33001631117079, -0.10765070794679826, -1.8556439445757067, -2.2670369135984414, 3.9082312011551075, 3.2947538820446813, 4.635616988596611, 0.7779345094083756, -2.5420415706620143, 2.006909402544151, 3.8579480283913576, 0.6214786980213164, 3.8493374156748925, 3.010355573197868, 2.4553069777682595, 3.927249435356638, -4.07610623273584, 1.506951962578129, -0.013231847818348963, -3.107739819735375, 0.6431341635906644, -0.38340433313945455, 2.805113444733629, -2.8422950205808464, 1.6063647247325399, 1.478426554898936, 2.9961134185635605, -1.756675647663921, 2.1857692992269366, -0.6416648673364236, -2.1429555463296994, -1.468097968331974, -0.6259246601165822, -3.129649849533699, 1.7607345878663045, 0.5024860995459988, 1.9895088685933062, -0.37740689802080674, -0.8158386757863052, 2.068657807409518, 0.7558556829321302, 4.149956376279962, 0.9132542889554887, -0.7839913830161597, -0.3042210653883757, -3.9018480322012534, 3.850215960496034, 2.3454628658692673, 1.0530218607626236, 1.8776955881903048, 2.126129595720326, 2.2067687354613956, -2.333956663229178, -0.11072709260569003, 2.0384757928832578, 2.468933805032201, -1.9760015111099578, 3.67568250873221, 3.4854075597329364, 1.4788279443323658, 3.39514125230785, -2.476265570962127, -1.5579449863143755]",0.96
12,"[2.1360739404600038, -2.3655992014573903, -2.471544769896494, -1.7490254010889488, -3.0627698054097703, 3.9592804413471923, 1.1360151012094413, 3.249816094509015, 2.098894572786685, -3.268879847863485, 2.801762783121923, 0.2443876408295158, -0.10525311730518613, 2.41859258307014, 2.4285763658693904, 2.1175885542230657, 3.261934544920651, -1.9550903063565785, 1.303746684887391, 0.7225772068857009, -2.1443181601774857, -2.589767380025948, -2.779348932098202, 3.2999641642534554, -0.27593287170103054, 1.2979265696002997, 1.4651682704127167, 2.7230855991731895, -3.1878061010348056, 1.0388425863005857, -1.24366121214272, 0.24095491214247977, 1.2899708652811037, -0.24400975143348985, -0.3964572393575403, 0.6107694941933259, -2.252932887799875, -0.20600442166687394, -1.2048113611149482, 3.8267934311850595, 2.4744522148852717, 0.6557759313498828, 3.693742219341879, 0.44829664034290834, 3.440365705829477, -1.107237917266812, -3.6331673446665835, 3.8752483863758, 1.5020859877911925, 3.492132218538437, 2.1804423685483396, 2.087110213396851, 1.6385003987954543, 0.3336008233366661, 0.10405783539558289, 2.7308155227306186, 2.220603996140456, -3.424223610292409, 2.83674229770126, 3.7302040246716297, 0.22433006267520036, 0.9910252859134441, -3.3061735597721436, -1.3624396029309631]",0.96
12,"[1.2179814351867546, -2.4438737956594494, 0.5284765861498933, -1.8425674631308828, 1.5341919362171748, 2.24436411228116, -1.5693674503177089, -0.3319552715141474, 2.9320618883803093, -0.8248463218478097, 2.989250493849493, 2.123241976668294, 1.7019731979524293, 4.214360848516885, 2.9636962384526653, 1.8567447052550983, 4.031590617417743, -1.142235205062338, 0.8760653943933832, -2.3061514694326934, -1.0313814984261453, 1.6264722603810613, -3.4679555021676385, 3.4420235056900257, -2.7469751921264915, 2.229185775910012, 1.4779283216786296, 3.3539873772429236, -2.4550452118056016, -0.9816387361972828, -0.39616393643589987, -1.0973407473093528, -0.27571482720987706, 0.8775437474333612, -2.5788298797391374, -0.22454468408058714, 0.5233151038649337, 1.8600166670611267, -0.26066561075845185, 0.3809609008282201, 2.978030252833164, 1.3506872434736623, 3.9203599974116248, 1.7818630022327115, 1.9465254820399762, -1.9786664485147516, -2.9060209955680962, 3.3545280324691165, 0.446344457606733, 1.5244111020706814, 1.1267369597526458, 2.298946207013159, 3.851538415364735, 0.4471247653624195, -0.9892462606867158, 1.596508530565603, 2.3515204693210787, -3.2066500107401184, 1.2792659472819474, 3.3610178584228816, 2.0574931354406694, 3.643302861874375, -2.023427639205679, 3.007618823576898]",0.96
12,"[2.0969541130334433, -2.2650334794463207, -1.8039055762641594, -1.306513636784438, -1.7616258656555006, 3.0465043140145798, 2.4126898443373284, 0.3041288910272548, 2.576012108014238, -2.9736480905745397, 4.006241125584741, 3.1453922276198667, -0.7292799821857654, 2.682234871963459, 3.30214807482736, 2.4477176440225046, 4.03325484399467, -0.5394633609833903, 1.3309562593364228, 2.5479876055012323, -2.628320387225469, -2.0870507989481695, -0.8128443493115693, 2.4542392726608138, 1.3668318581636376, 1.7277045404940923, 1.299219161038498, 2.3731554882414887, -2.353721349790544, -1.690437931875068, 0.6924290096794232, -0.8113171289693949, -1.8133671044473734, 0.3961896731355795, -3.100569000840081, 1.4693214012026365, -0.010717698579939178, -0.7339630937040549, -0.05924211293712178, -0.4140957504269067, 3.865258939893226, 2.4435432125193217, 3.277896298317463, 1.0165163804529014, 2.4140125720697085, -1.673146213213787, -3.224137751949266, 2.0211049649407347, 1.9366039042832048, 3.673566900013954, 3.0143221373392244, 2.7193499075867837, 3.817809895798554, -2.214437748407594, 1.4987006205286209, 1.031568761367136, 3.2017705824962297, -1.4319360041934828, 3.6296015375440494, 3.001118952697867, -1.2727044448609108, -0.2137411877239006, 0.33938050243056894, -1.2996419906910457]",0.96
12,"[0.9058933026759504, -2.372775635943085, -1.3868143360961516, -1.394003240972461, -0.7659247935571081, 3.693207522617012, -0.4754162516918601, 3.0070526720417106, 2.114874815881994, -2.892244046688573, 3.9482470350548433, 2.9383032018321544, 0.6781493267639019, 2.1419640738426438, 2.9612175005882517, -0.06317351688166895, 4.001150729403761, 0.8723823314896322, 0.9013931222603886, 0.12655030607892598, -0.18015079654317212, 0.567338196623532, -1.5336698234326915, 2.962007121155515, -0.7696348189316679, 2.576505600879129, 1.4408468992339987, 2.596643805961031, -0.6038548023882082, -0.48750492167327697, 1.2431795852493672, -1.7384361841173435, 0.16864958623671367, 1.6459789516453152, -0.9951466687894897, 2.1722790204656257, 0.4142172138973216, 1.8737919522042632, 1.6776416298707837, -0.20035852662551434, 0.9381396112033871, 0.5192498710150792, 4.040992532529849, 1.5819735605914356, 2.615939585085158, -1.9116237783498744, -2.9456487868439947, 3.0556994094381884, 2.5249831232168733, 1.393199123350191, 2.0348495371954067, 1.6616310087315767, 1.0098279060424056, -0.040679192581698054, 3.211361311699904, 3.302036154770085, 3.4657139458303545, -1.2148590571395448, 3.4617527041694194, 3.803153903588559, -0.3887012384072773, 2.0019432228573093, 0.6406872297568569, 0.21241460410855428]",0.96
12,"[3.214399894849858, -1.2644195831186746, 2.3025168460082472, -1.0315199169254432, -0.2053433418720022, 3.1477672660847835, 3.4106626920182794, 0.914786858302358, 3.1644433410251813, -3.258179916639591, 3.635407986366859, 3.0215513034738946, -0.25499151165934897, 4.149085196033054, 3.2478402766592267, 1.5094670736086337, 4.011439232989737, -0.5665756270449087, 0.37995330498091495, -0.26194717182667426, -1.9776887525398603, -0.35149898050445305, -1.6453355502658267, 2.8746823619688584, -1.2929604469951046, 1.185706098310442, 1.488956309718285, 3.5424684904589667, -1.318048513251998, 0.9613055560375181, 1.2961602877185092, -0.8682107774375613, -0.3671770821232331, 1.150280035124199, -1.332165860527276, 1.4888391564207282, -3.427564627497554, 1.2014104657391895, 0.8075418953740001, 0.2205359858737279, 3.6811316046751683, 1.1818929613671703, 2.426757364453894, 0.5584745465173067, 0.07820422392050785, -1.6707439817527039, -3.8905274034884063, 2.4460038849836496, 1.5467188428096843, 3.6625178299440773, -0.4652116156266668, 1.2224273366640461, 2.3604614632462435, -2.4213732407059814, -0.4720184532056775, 1.775032173940947, 2.954706662492679, -2.83311807931826, 3.2963470732809643, 2.7718907437078135, -0.029058056385756648, 1.5330505246771906, 0.7202910116755925, 0.4568851028290629]",0.96
12,"[4.104628766960871, 1.0839123654394025, -2.9538275874457782, 0.23031960919576455, -1.51812560631901, 1.0701359045058023, -1.2689474509040877, 0.3555611239348908, 1.6780500687461655, -3.263153433649638, 3.283304142477976, 1.7720069407787133, -1.8041113742365376, 3.3916473728936505, 3.7818856179616027, 1.8692941888980195, 4.029641047212472, -3.1118871918850313, 0.2187585964433016, -1.4613630353639415, -1.8850820806500321, 1.2536614079070596, -0.05620001997789231, 0.6692166146752283, 0.24255654566026208, 1.3404235700145695, 1.4676217364268989, 2.423506060029048, -3.9339069934209205, 0.215857032132304, 1.0164388859676665, -1.9008795736073583, -1.6102440471271562, 1.0229333407072987, -2.214651389787414, 1.0137960901719465, 1.252567107253202, 2.940785579041147, 1.3547603234244459, 4.30233569471788, 3.3502555925394932, 0.7241075253229285, 2.5854245157015177, 0.13541580680836734, 0.2974572526523364, -4.610367576022881, -3.9188853148731653, 3.652952007537202, 2.4166305219874813, 3.2694461970220243, 3.1899576665369302, 2.123429524063279, 0.7640868279016573, 0.2693009162169566, -1.3148053180552792, 0.06779671076691507, -0.05127005088937153, -1.0277659917279878, 2.5250250338917297, 3.1815749167604226, -1.6178416470817885, 0.43184284341593226, 0.7104892949937658, 0.6179528098079843]",0.96
12,"[2.3257196443096895, -1.4152816713598246, -1.2489031581875445, -0.5712627691461278, -2.1587982159638406, 2.4493512529381487, 1.6126046298879888, -1.3003463773627264, 3.1512090668413615, -3.237849275088767, 3.683745260218869, 3.795669124921813, 1.0394612794498492, 3.354727132570798, 3.816432325052433, 2.066924616425192, 4.037181215389666, -3.1704404282376415, 0.09499551847364013, -0.4612359591907762, -2.5625609734713164, -0.9471715071276485, -1.2801337193811884, 2.9898563485468257, 1.0395075730131473, 0.5221354885804046, 1.4882267382684693, 3.078993752019821, -4.261033855763285, 1.3915333280452, 2.2673620602480584, -1.5641699375829965, -0.610375858568329, -3.0270587542383485, -2.0201852317583837, 2.9442418205690783, -0.2709532596181077, 2.834973375696606, 0.8409463476126289, -0.3490367010352835, 1.9614738412853905, 0.24351949586235, 0.9946732007333496, -0.8299830490869681, 2.6430746784228125, -4.61254445588591, -2.0229389176202193, 3.4411728220790305, 2.6219950622397996, 3.493454813401592, 2.6879385656455295, 2.8518993822723813, 1.1969422262967084, -1.0438571306352793, 0.6191535776751635, 1.8215298760421712, 2.3363161313046774, -2.570202727659857, 1.5496414923500563, 1.6215645950181719, 2.6083480779660073, -0.48471987254744997, -2.235907980735033, -0.8536808339210863]",0.96
12,"[3.450002234927974, -0.8296421042690769, 0.6159429185011148, -0.7824016221951886, -0.32960613599392374, 1.7366833877130143, 1.3635237052227844, 1.2292948259298095, 1.095793960753952, -2.794914367700235, 3.990424064319611, 3.678656516835396, -1.660050874395731, 3.8174608100948775, 2.813008443476565, 2.0110040120616985, 4.02039541293419, -3.8912417248327644, -0.4499941982001057, 0.43734602491569446, -3.0794142929268644, 1.711344285316802, -0.18911474843598064, 2.6864902578686842, -0.5308731546617625, 2.2501963870621333, 1.462323070223245, 1.7821233769663127, -2.938867620373812, 1.2252734209247573, -1.5258150302931193, -0.24918390062593682, 0.2116624594300977, -0.973829101602457, -1.1653011071361208, 1.049019848798609, -0.31386816761657205, 2.764840757779722, 1.6970133636054043, 2.163337443617679, 3.8908864589973464, -0.23011745616263757, 1.8788300798588877, -1.0137415776104302, -1.6575305744182058, -2.2887946578211373, -3.4626648048443496, 3.9556736907253254, 1.6421645001977436, -0.46796574483361764, 2.337068582138097, 3.1490907702034585, 2.688787812773541, -1.7944421692478887, 0.43044157568181296, 3.1242806463269006, 0.9191172666453622, -0.541686156930652, 3.3091743274418652, 1.769254271710004, 1.0605131042946307, 0.059779222797206266, -1.022471912680163, 0.4583704040852572]",0.96
12,"[1.668936391645806, -0.17529902307857625, 0.7574891962105146, 0.17960878195476515, -1.3312425740494203, 2.659535805823615, 3.7066519407420127, 3.406756814477566, 1.7072548970518975, -3.3201518969790826, 3.9305721924786337, 3.791384107199626, -0.741874939000106, 2.8025688766936843, 3.755806992044127, -0.018323341240688018, 4.018379903526225, -1.2764331674581282, 2.6011214000869716, -0.8041898166622016, -2.6168808552047427, 0.8586342508770741, 0.39345719882575425, 2.584210151336113, -2.293830388000637, 2.65999830032871, 1.482724140021996, 3.4438374571953614, -3.2033217754300263, 2.151948659123409, -0.17490153753398918, -3.0799518924638307, 1.950983412703103, -1.753996639420686, -3.1543103980853635, 0.6687046517452231, 2.5644433804594526, 2.9226683091915393, 0.8619655884312236, 4.286328606919987, 3.1908661897895056, -0.7418628387544173, 3.46613510388502, 0.653829103244994, 3.318002840160048, -3.1791009856984163, -3.154683626251803, 3.764748880064198, 2.611788610074691, 3.12701081965589, 1.4292712773843657, 0.13511588147548337, 3.5458276882815545, 0.4945691880860936, -1.023530741470966, 3.3290877378457933, 1.7949153105991775, -3.2426759992938443, 0.6207963340382712, 3.4565693947056553, -0.10819202678996209, 2.6285311162815588, -2.326172115125896, -0.87265793715057]",0.96
12,"[3.654894082562544, -0.7081630075725472, 1.8735315356254594, -2.7652894400553705, -1.522697814029911, 2.4650437937508936, 0.62740017217299, -0.09993566952280752, 3.014459978856266, -3.3031982282267833, 2.810840165551618, 3.8036003053944794, -1.295987289792658, 2.9316671295756964, 3.777465373065206, 0.9981829759866274, 3.8039628065049995, -4.098712774102564, 0.36227880099600723, -1.6811008799157197, -2.051450912593031, 0.83738407967696, -0.44714528060806813, -1.7422041628211469, -2.818924310328512, 2.8522765902264062, 1.4736127736194733, 3.2820363199667835, -3.419103666278882, 2.647201225695728, -0.09259648801212426, -1.294013128267668, -2.529926179464307, 0.5348473974954508, -1.7903139987867862, 1.8700147769082975, -0.48446188036024057, 0.9760040469610836, 2.058920853274624, 2.0197388329180117, 2.987017374573548, -0.4519190211218444, 4.057849704281226, 0.6035529592702092, 0.07290992047640366, -2.475027508094232, -3.8918976462391304, 3.958560635783543, 2.3068049313873717, 3.652096363933848, 1.9329017566755637, 1.721911675101403, -0.7338580098992122, 0.34064696912499115, 0.6140679896046041, 1.5800161039548062, 2.690235167538555, -2.557031027217148, 2.5441888282064005, 1.4979058357637318, 2.0798853610987247, 1.2754850830662463, -0.33743838662870207, -0.5696452876550544]",0.96
12,"[3.014996068768127, -0.17226707313961764, 1.5208279990607303, -1.988185139610593, -1.5318881913055697, 3.9739239212887347, -0.7526721842504098, 0.8519326769368449, 3.210388251597921, -2.7728374879748694, 3.818980984311946, 3.322827155697866, 1.0103482375727213, 4.567748200961021, 2.9920648135419765, 0.14222082621443533, 3.9663090633492337, -1.4464620336729208, -0.7145873035320698, 0.6272359551281597, -2.081888439715156, 0.35775640554105786, -0.5036400131510883, 1.7277329086683302, 0.8429849597966701, 2.659669005221423, 1.475862991584887, 2.6066568383458955, -3.4258058340362725, 0.5666607429898876, -0.4637449566505035, -1.4280787243842574, -2.053628257906637, -1.8585827806606214, -2.4588901379972654, 1.1951894417973845, -0.4157098128420194, 1.8584547809137968, 1.5996523223708448, 2.8886775833842844, 3.0611466679797887, -2.3594380432467905, 2.858515986816828, 1.9592669314598803, 1.9071441939963356, -3.829766356545566, -2.5732818345287605, 2.914349523638219, 2.610772804526063, -1.058874099176333, 2.1947092611838137, 2.7409410111587666, 0.49825658268111384, -0.8877188567964668, 0.3527457737699827, 0.1968809197704009, 0.5137560742058431, 0.2835224226539097, 2.3026897010932372, 3.775958808501391, 0.8420810386273798, 0.5914106622140873, -2.450394664388858, 0.13882898352625622]",0.96
12,"[1.0219718107995222, -1.6849280896899756, -0.5450113026437484, -2.407561286980365, 0.0948092792822659, 1.3041220682851926, 0.8188064924973895, 0.5864474204506149, 2.812127695145484, -1.7573276196570298, 3.9284032206220094, 2.9946530979983526, -3.836937328976388, 4.560405432666719, 0.30214789242514195, -0.342642972198671, 3.9821188896205317, -4.17929545817421, -1.508142014771486, 0.9116206733822366, -2.980986014914925, 2.7654062553453924, -0.03848012717113947, 1.8312329656757405, -0.7699122987799947, 0.24098734770134755, 1.4682859852305787, 2.9341236342659567, -1.8989715449693787, 0.2547186247187069, -0.17710255476499692, -0.20147589629946047, -2.011141916806653, -2.5330073243877296, -2.4918289243040137, -0.12982871267492935, 0.7870177353994048, 2.8756762955572452, -0.8823702347557656, 2.0436870935249543, 2.3481206710258657, -1.2242474418693474, 2.6982595853965927, 0.774467308308827, 1.442109729817851, -4.521127002802312, -3.4510465321311754, 3.6313559515350544, 2.392156756024586, 1.6113687628599402, 2.2800346308666457, 3.252361110885711, -0.4336222921033994, -1.1583352058802578, 2.4210011557836824, 1.4781511249163437, 3.5981645508746256, 0.5451696960171033, 3.0939089871053564, 3.4253338400582933, 1.331367189769515, 1.1597914561683969, -1.906005513002722, -0.39457952785012423]",0.96
12,"[3.9465518167651616, -0.8422342984016674, 0.13469234658707924, -2.337100119201654, -1.3307477616697123, -0.0065780267284445415, 0.9699714861909912, 1.0326544763106436, 2.396878451901102, -2.86759313907626, 2.294564985615035, 2.6985249115193763, -2.3761091935346874, 3.3541513397079123, 2.6292285872358208, 1.0170385364741463, 3.643330349937305, -3.340433055584813, 2.1673653323173783, 0.8970775047151802, -3.0783830755765043, 0.5430165701952568, 1.0615672808067882, 1.45272838305458, -0.009040609962596813, 2.0985083316191733, 1.4563361183822878, 3.966915731801363, -4.283597063109886, 2.6947585317265705, -1.2890134541055922, -0.42326689638755033, -2.1499319006216115, 2.576253754802055, -1.2155778599771638, -0.34540197448885923, -0.5440603272172885, 1.65137544948191, 1.6964591132956373, 3.05389789127966, 4.054809125195405, -2.0605394910749726, 3.2437055186548323, 1.3040488305560616, -0.3699778739256343, -3.7567808960543676, -1.3891285330646321, 2.6435468582539037, 1.1645021484766596, -0.46644244821247627, 2.4287750480110217, 3.142221457049427, 2.9244137404394035, -0.035000078000073986, 2.2515896833374414, 2.83812342979441, 1.9973259103290215, -2.2242015129565056, 0.45080276395251495, 3.053246159243293, 2.1477292232276017, 1.933306746237133, -0.9005472871529546, 0.4222922082896784]",0.96
12,"[3.9379800016282633, -1.347236781458116, 0.4372906272460245, -0.2368508237025883, -0.6307527784152277, -1.782503084111675, 1.3121228190098304, 1.4898648711490428, 3.2114172750325025, -3.1956908075762334, 4.005988598478632, 1.590857809395433, -1.7089490220509442, 1.821763312965409, 3.788218195095426, 2.2540141628997805, 4.0340990885833, -3.036255990248125, 1.4233055238138232, 0.08489393756364294, -2.3643811786604885, -0.9139142278896527, -1.3373230401612464, 0.2473703303129523, 0.38502779190094283, 0.16248389895126114, 1.4690625321275472, 2.395880688562154, -4.204555292272637, 1.8880231363254074, -2.1895283384885915, 3.4638099229891033, -3.3880621760933507, 0.737515391733901, -2.4105852015366116, -0.2887528218897766, 0.983583714386091, 2.3120466621317894, 0.8150636560459514, 3.3285185703718922, 3.4186327367239286, -0.7976398014662398, 4.070002370682917, 0.9196794546464553, -0.6521143324130985, -2.9091286328275343, -3.1606463178034825, 3.3819936424493795, 2.1380979379255916, 1.5817813105514813, 1.258769623215986, 3.25895715373531, 3.8999577694821954, -0.9245487746368861, -2.4384421191018584, 3.5098999515478932, 2.0319986025780556, -3.1307107735387505, 1.207345300559845, 3.6603204248356103, -0.5553049392945528, 1.1871986695450367, -1.9183668935398988, -0.6346681466479814]",0.96
12,"[1.8048548846220278, -2.037437733364582, 0.5266958621881859, -1.8852025179396232, -1.0319813931330888, 2.808848685421453, 0.7246955343357105, -0.6437791417423003, 3.1940536766362797, -2.623595189893143, 2.6716377691054043, 2.246325952380862, -0.6998148923668532, 2.5743148620468443, 3.51106397594699, 2.4520453293591613, 4.025198935928277, -4.1963172794106605, -1.3044323029534077, 1.858848940031028, -2.973051882232438, -0.23726731439689153, 0.9074837536066164, 2.538226540259009, -2.536764432698139, 2.2423460850042307, 1.483247768592304, 4.152727404261087, -3.704828928275794, 0.31471411080517564, 0.7307963748326087, -1.4305519388882628, -0.9376625944417945, 0.9692574513739096, -0.042865502626633356, -0.21366078710075032, -0.7869024792798007, 0.6813927209961967, -0.4584697815000838, 1.5106606151219293, 1.0579281294293743, -1.0282856298309486, 4.165631018401237, -1.4993515494391765, 1.523502293389143, -4.60135605947, -2.281304310510307, 3.6697702243793096, 2.13217032263831, 1.2006405526122514, 0.4616516077953614, 3.042044337056854, 1.3373446090644872, -2.87267190303917, 1.1018131755448226, 1.1799307022260035, 1.625186064876215, 0.5686122506365157, 0.21945826186732997, 3.830860661789398, -0.5312218645906333, 1.5282293862423173, -1.3720777719876893, -1.0541187984360345]",0.96
12,"[0.538230722564071, -1.8323011814912966, -0.5133695319592014, -1.1109585484446072, -0.55929743262252, 1.3372301625702336, 3.225249442374613, 2.6887576209235644, 3.1900694981943394, -2.537664125259491, 3.300248236448647, 1.5031878475956122, -3.650121324433516, 2.5694646592240047, 2.0536454583348407, 1.0979579702597577, 4.036329331120115, -1.9973002271731328, 1.1874619653719858, 2.6107074676834334, -2.8125335118667505, -1.5935094046005602, 1.9274310520100335, 1.398234654564607, -1.9945992413953324, 2.201561591761959, 1.4399693104781632, 4.169405315621733, -4.21110633670117, 2.3025683797454213, -1.5966687516965754, 2.1467266771948146, -0.6434970630359607, -0.7782674294677436, -3.032782184882029, 1.4711134817419602, -0.5356999289320055, 0.9089565917684324, 1.6516546406196788, 2.412015828283277, 3.5187230800567386, 0.4820961464418396, 3.317149604700229, 2.940666447911053, 2.373902700318147, -2.411386156489246, -3.3100821360028667, 3.7035486683947885, 0.8071949080047853, 2.405777635951499, 0.5854306121132822, 3.2822193933997448, 2.7348224084921284, 2.8627910066950784, 0.8248320838726735, 0.40325686972376995, 2.840371840867191, -1.4951346957421732, 3.4617121144832477, 3.5085936833915623, -0.5880671083805347, 2.1454741238324586, -1.1779269697383317, 1.8660122921697933]",0.96
12,"[2.569368640638414, -2.253689509728672, -0.10773770249341333, 0.1848441459323238, -0.6438946988990061, 0.004906796173976824, 2.115991485548901, 0.31719466970593413, 1.5484746834160958, -2.5787240687426918, 3.6219573310424846, 1.5609335725794906, -0.6184325717983794, 4.329311497300298, 2.8315111318152244, 0.16342632538341761, 3.9038491591775157, -4.214206408043715, 0.044517863751242004, 1.8928552898719477, -2.8807641786092657, -0.1161305971283495, 2.219770668027333, -0.7643034468157723, -0.9372428835902774, 2.3501218744697985, 1.4119087739382916, 2.3474994306989903, -1.5703393903201395, 1.5292522874543464, -1.4558521349722462, 0.46630565503124555, -2.662745481124289, -0.39636052413436096, -2.992561016061286, -1.2362001218355505, -1.1470107063880788, 1.4436317902386269, 0.40417082185455244, 1.7135682938877586, 3.1398044100573115, -1.154409680567217, 1.6731113739435162, -0.5783462265281183, 3.699717970612336, -4.401656459312166, -2.773286339150379, 3.661321253499461, 2.5306061330842495, 1.3164362790308521, 1.4313844096174526, 1.9823880298146608, 0.8006072079237962, 3.8046727520568764, 1.1101440943784524, 0.8736283416965502, 3.601046722601729, -1.0121776762135861, 1.874607713148218, 3.8235852259748824, 0.7105108777926565, 2.115656575055522, -2.1135092097779276, -0.6952763888789981]",0.96
13,"[-2.062126296720069, 3.2055928237781535, 0.20074652086837244, 4.2688388788140115, 1.7082027281168048, 3.7762847747187926, 3.725106682219988, 1.0143615251680886, -2.6447350175773523, 0.6068887791308124, 0.5935319042989315, 3.467126047099481, 0.8522202799362248, 1.6536230192139563, 3.8157862084291074, -3.065351603092708, 4.032982233742239, -0.23891278407246186, -0.25273675341448576, 1.8364672835613587, 3.0193870327439445, 1.1852067749900148, 1.073556733320861, 0.2790400236804613, 3.27009877947381, -3.8516300528565375, 1.463490538355848, 2.127558442991945, -1.7916310939511098, -2.0413464362326295, 1.7055339975394719, 2.57789367480097, -0.219981136294323, -2.32373077841022, -3.0522527966541424, 0.18340258809550647, 2.7784009297398367, 0.12084732622701488, -2.8877619986704937, -1.1132897735598768, 3.389293694443642, -0.6847759873540227, 3.9302038379056135, 0.33609175074712017, -1.3212548828836892, -1.579192252502845, -3.885586795388743, 2.733375930941545, -0.5782848586322811, -3.6895795606958224, -2.580473770817383, 2.2965468513526375, -0.5713921217760689, -2.844826074398674, -1.6211862484601296, -3.0896734890621453, 2.7254084943297343, 0.1845429223611441, -3.4318574345371986, 1.8151897096791787, -0.06811085627162734, 2.9848124863567858, 2.8878105728184567, 1.4699031256367734]",0.96
13,"[-2.480571742351964, 3.9620485120811684, 1.488309320289993, 3.515464678211634, 3.0815736521141908, 2.127418264993035, 3.6322264008253105, 4.186468230426022, -2.0236916410650245, 1.1644108192168088, -0.42010490518941523, 1.7708360752432746, 1.2993869857764035, 1.8593752376133934, 2.0338596322385873, -2.6104218824369396, 4.0027570892858275, -0.03950462700596016, -0.8898954912571584, 0.20461139923556249, 1.6687825576688922, 1.6848602231115852, 0.4129951761291937, 0.47426199978412537, 2.63438976052562, -3.897399002849378, 1.468801066394509, 2.5483668255764527, -3.537186106619255, -1.2202878479743609, 0.7610944241741935, 2.0241784662837063, 0.595956575864646, -2.62242856295245, -2.894502971085802, -1.4356551589649569, 3.454759248317877, 1.4302012893922846, -1.0520868423319403, -1.799299927577703, 4.05977748727986, -0.2744893601858477, 3.778911718637813, 0.6851607260870807, -2.9897020683374294, -2.8465811070398863, -3.1344436743032187, 3.301376693414368, -3.3447645020415058, -2.572964368165929, -2.0133445398344634, 2.0942350947594277, -1.5929181577130944, -2.1846254232371303, -1.936376263901293, -3.559572463520351, 1.1906290576075986, -0.7472593938356801, -3.2171840494442776, 1.4922707695380355, -1.5643696404661618, 2.710954641557862, 3.965387969421285, 0.7528715876096104]",0.96
13,"[-2.1435087431330815, 2.1960927098997525, 2.409073912435795, 2.271858896471036, -0.6932272501800176, 4.114523772950728, 2.297259280440991, 0.7726171566949112, -3.0757566129841933, 0.25428781549015, 2.3624691566979505, 1.81788580816825, -0.6083461473154261, 2.1235681996510274, 2.518790932813638, -3.9336165109037053, 3.599742694007367, 1.0911273978108653, -1.4172113715548817, 2.4741659023131595, 1.5153536682680513, 1.0634224058399613, 0.3082792921292522, 0.18962970260285253, 3.046106192529246, -3.266380948749069, 1.486019454069668, 2.5826142699019687, -4.281823618579057, -0.8066792475255482, 0.6539440503700955, 3.201456068462894, -1.0610942826228411, -1.6462969863593109, -3.1545579108425383, -1.0394888155083375, 2.9733393351613993, -0.6337557439055345, -1.1547935036127335, -1.4636106080089026, 2.6484991339314456, -1.7479567087490135, 3.7203753668971844, -2.0012289275610025, -3.0116270543350225, -4.218231682364347, -2.862848828992554, 2.222986009306505, 0.9219952028287842, -2.464643883258092, -1.7640454786311828, 2.825153837291002, -1.6983261769939406, -2.141772195215559, -1.0986149932410965, -3.6527804200061684, 1.6736184680821609, 2.4565694932389404, -3.3199227784722627, 1.2666678005906078, -1.3215770788245733, 1.6622478502472826, 2.564536883869401, 0.04667940461066944]",0.96
13,"[-1.746511061720287, 3.053329453263147, 1.0083735797503919, 3.8784630688101087, 1.9521910099551922, 4.135842166907278, 1.7212309180934877, -1.6455297132058233, -1.6934786861181785, -0.07933326384772488, 0.7981298657863812, 2.4550342692350933, 2.965075063630706, -0.18782144821741475, 3.1643735810091926, -3.35279750544053, 4.032197538719428, -0.2411077411383667, -0.23588458172183308, 3.3484713185846187, 3.2510197857983636, 3.9771888975464416, 1.2256931705255028, 1.2917342134269232, 2.120370566188921, -3.7087264151409234, 1.4369206304743671, -0.6716399533519755, -3.4796661201541403, -3.748115574690025, 0.5094027721704721, -0.8360002921159042, -0.2694944112580836, -2.147260590231917, -2.49398045254655, -1.9979341691374592, 3.401997152780516, -0.3003779058323931, -1.3667880599226951, -2.3710373023142486, 3.993775522770708, -2.51292461094453, 4.083825467589983, -0.9421147484669382, -3.3555866459514987, -1.588672247725846, -1.1541010105163552, -0.4417807876471711, -0.17728569656192733, -3.6638811917787093, -0.3859078675417136, 3.09558320070809, -2.060756769944015, -1.9489860566322967, -1.7943589915174762, -2.7408768301326267, 1.7981142633533682, -0.2887713189417688, -1.4289236845655786, 2.2828719556149477, -0.07198548075219008, 1.7579713435527538, 3.032789579322867, 0.785947207879595]",0.96
13,"[-2.591536888093324, 3.843228962948749, 2.48824222977554, 1.4076910628764834, 0.11704012925125995, 4.13657271255069, 3.6864639742111347, 0.5604606770592332, -1.2697977893353722, 1.4465248191857065, 1.229198758177815, 3.6044829556796754, 1.782246557217019, 0.5196669579668329, 3.7955478876514257, -1.2688873697891339, 3.9786412430874414, -0.24017880466972208, 0.8334773895365053, 1.5062876305662007, 0.8164329872046459, 1.0642409633642331, 2.7199938545996125, 1.6985980360935322, 3.395752774953988, -3.8695233516862797, 1.204221094869447, -1.6809568304564682, -1.3148312175238637, -2.005156346554489, 3.1789910525101517, 1.0560978599407764, -1.8938057833914672, -2.9112372557467148, -2.0787141693991895, -1.6350793973103088, 1.2039368683662577, 1.3336726701642043, -2.2925854434706636, -2.034371975719006, 3.9188283794762246, 0.40016443447314753, 3.820489608620914, -1.1472355990571925, -1.4467966989211747, -3.8575932297480557, -3.921872197311654, 1.5035312324346803, -0.48518182363202156, -1.3315580648217162, -1.3973664930895817, 2.301473054287576, -2.5122423805003913, -2.2446091063120033, -0.8137668220849824, -3.825811736214058, 3.5646255625658587, -3.021150001847266, -2.0731860652392653, -0.7503722570108042, 0.858666917408214, 3.205002200478204, 2.8926852412615265, 0.5878607440430084]",0.96
13,"[-3.3966886713113444, 1.5995160878094743, 1.9219016850497783, 3.985366040304947, 0.8999926787631465, 3.49093809466223, 1.9829592072286157, 3.1491477922018323, -3.7094765090815875, 2.2103417728801062, -1.5584001751463579, 2.6524033203337494, 2.56958402869426, 1.643764667994213, 3.615790691999756, -3.5396104482584194, 4.0265890922234036, -2.8970495479823053, 2.40649429683135, 2.330983907542595, 2.504835523622282, 1.3995045810827251, -0.11744087540068637, -0.7895900108392717, 1.7125273068573992, -2.989072668775554, 1.3897408846994315, 1.9414561970315527, -2.824312319693978, -2.8052291091575396, 2.1541073791019234, 3.851919437363293, -1.7093946838632312, -1.6808858114632776, -2.854972528243091, -1.250753699164581, 2.353976313794415, -1.2141825612874582, -2.1749769279735602, -3.466751389551513, 1.227942087989035, 1.7506060149296325, 1.2897220395968323, -0.5654730491226708, 0.16687370333890095, -3.4829386297421685, -2.6168954805070737, 2.886199663042584, 1.8288934248665387, -2.218107118035075, -2.7747190720108357, 2.911937907884689, -1.58200415271991, -2.789384365740336, -2.365866040827911, -2.5543730311264357, 0.07172895713303973, -0.08498336575181992, -3.4202420513358938, -0.2536813405588978, -0.36196931348056605, 0.6255237446176021, 4.067591033356869, -0.054910539315649154]",0.96
13,"[-1.2397573238776167, 3.632778221485551, 0.7983825314627733, 3.13644537506094, 0.5877644620494513, 4.0187346119027865, 3.3963118383446584, 0.5874279920246321, -2.4766563597331297, 1.474550145826934, 0.7418203824563638, 3.7987565774184073, -0.6405459467868697, 2.1963100318278146, 3.2656524007473027, -3.6513475200912295, 4.022126690830264, -0.1936187375807709, 1.6782159570316468, 1.6498225149436434, 0.05160841635258784, 0.4979823699905611, 2.1507680924992396, -0.7006974984359047, 3.7399748045054344, -2.4413769769227116, 1.482685246304042, 2.5483357379429514, -2.4738603310389107, -2.6658365393638994, 1.2884966043102004, 0.452736271823881, 1.4930458481197977, -1.5272540380503024, -2.1525984904730944, 0.28251357145125144, 2.9781303536311348, 1.4733435231241183, -0.7074374245469208, 0.7096508384447531, 3.755766090651634, -3.1715317776372345, 2.3342407646710024, 0.9094013967633641, -1.803854055486526, -3.6796600899537157, -3.017391568714374, 1.2875319324150347, 0.9956825772493836, -3.5126820422915648, -1.4866818878017798, 2.525976770702791, -1.696798359479787, -3.1048058634254576, -2.397652314687071, -3.9965283102297295, 2.5517108669364963, 0.90645221756951, -2.0521526019465677, 1.1202545298445006, 1.0464826108398, 1.7972659445166808, 3.6634740378400936, 2.1803044784994414]",0.96
13,"[-2.2957996264755636, 1.9142438133553696, -0.41510371381758215, 3.719735875474269, 2.660622587160992, 4.101893609041203, 3.3593742283874315, -0.33231628875092023, -3.642620402878552, 2.285772502500716, 1.6070049824605306, 3.4455024389834716, 0.16333452461201192, 1.9461039792427668, 2.563224108731591, -3.0902285137731575, 3.5239930840273646, -0.68602893295043, 0.1254251044335534, -0.9726948245847817, -0.7526812966277578, 0.054892256004682394, 1.69110799362524, 2.759463034009811, 1.825675145622946, -3.955569021641541, 1.4860750731717212, 3.2368285566980584, -3.4388072398796194, -2.7028865004730536, 0.9225870793607425, 1.9368437327874932, -1.9423835708310773, -2.8683104272630993, -2.827948878264476, -2.1837418016741967, 2.8432475051839585, -1.9601178154060739, -2.56379119736655, -2.2356968187837576, 2.82799588743941, -2.2047354086557904, 3.828841942673037, 2.0452169895230763, 0.07472404786423947, -1.2611275399369068, -3.7514935751592784, 1.6998373536042783, 1.2179436664604992, -0.2907441859717048, -2.7734481777283913, 2.069030204366769, -0.5392661190299747, -2.2987227623541178, -1.5326684107433257, -2.5396648775535233, 2.903158849621844, -0.9076036770841998, -0.5383217682438577, 2.096310830549219, 0.9518045232523791, 2.8649284261276167, -0.3248713190756738, 2.286894664420502]",0.96
13,"[-3.032265531313077, 3.829151860972512, 0.6579887267149463, 3.492915923023613, 4.101630130253623, 2.2270525728308277, 2.6594409561042287, 3.051199574273383, -2.4934649993757354, -1.8097917082008756, 0.3066752881508327, 3.591673389253478, 0.1461670714328539, 1.2949081473394068, 2.543676431774429, -3.744024002682303, 4.0374007092006865, -0.3680350652390655, -1.0267448418574758, 0.8238565984045715, 2.1422557885553943, 1.0036014171659513, 1.5317858508831617, 1.2555191785078632, 3.714941797638556, -3.154654643507989, 1.489091212684912, 3.4570229845872857, -1.5956579640174118, -2.9880698962365075, 3.035481024964262, 2.9371607439309817, -0.7519800870352888, -1.6514305129509756, -2.14429058328352, -3.0898287207225343, 2.34115860206032, 1.8532738008326666, -2.2160077242807223, -1.1005892046524717, 2.604059628808479, 0.1357073614598534, 2.8019328898901286, -0.28818769045962744, -1.7119579306910184, -2.985492965724183, -2.9633842101596923, 3.371687900787342, -0.006504720378055051, -2.759841813701276, -2.3349778874301528, 1.2337764159891795, -3.7671088255356313, -2.9115388878261674, -1.230162772939086, -3.9084682297504902, 3.4843105867262434, 1.748680355137429, -3.256412960027537, 1.9639575213932252, -0.38925768966389535, 1.0692883179942798, 1.7430654099632963, -1.6675871033955656]",0.96
13,"[-1.1752821687551962, 3.0053471266021994, -0.023445019615657703, 4.327623042671699, 3.090942287635901, 2.39593867142767, 2.7759291435742957, 2.62672650599038, -2.412152146175127, -0.018562866491579233, 3.9478694916761103, 2.995255740233573, 0.283297942933068, 0.9311667533515198, 3.6513536902745276, -3.3182397897351645, 3.9653425083482796, -0.8864123160391675, -0.12866136679076653, 0.6946444408329738, 2.1650299020539054, 2.329789780097277, 1.7008593686797564, 3.51521258030908, 2.5075551944080656, -2.881146437706942, 1.4758265400604467, 0.20679952556521441, -3.184867261114867, 0.37926741662249963, 3.0320001297762147, 2.687315671421782, -1.7543831466279411, -2.6798781019477955, -2.4303402471948257, 0.09247700946679765, 3.3323539544223015, 1.1988751825916433, -2.9196765057101994, -0.7213543242692668, 3.5829444970913142, -0.3832350470826065, 2.3020417700807663, -0.8645543082477184, -3.336162929188176, -3.2199124532097314, -3.3359135371021185, 3.264481266803216, -1.5075365835045411, -3.686231770667178, -1.1432243509049627, 1.2530618900122004, -3.1207167596008984, -3.0948492508037697, -0.9168150346455839, -3.4160498044294223, 2.3236403275568174, -3.3071435643074594, -0.1243740155570654, 1.9715199000903088, -1.3542573054719707, 1.023814191392164, 2.572019791505278, 1.1515993559641207]",0.96
13,"[-2.068143574842783, 3.9718307804746815, 2.066655967789603, 4.103286714259304, 2.6578626203785265, 3.460112888513208, 3.370903350209394, 0.7223303922776287, -1.8139731994797723, 0.3202804413199734, 2.6660141120635656, 2.1007156524742667, -0.03430327405813971, 1.9491086867084642, 1.826291947840613, -3.5534291518719545, 4.029105132117295, 0.6476500395497037, 1.7638347097846583, 0.5815847830698891, 2.4935907611111268, 2.3091321303298966, 2.2571392130698964, 3.1603959644253194, 3.2232127364274588, -3.901775234433295, 1.3413516348454975, -0.2703274131204487, -4.081319051731403, -3.7644472212454727, 0.12573960610706747, 0.035593118708114435, 0.06363221758523467, -3.048847279589185, -2.31778799779263, -3.1839371971555783, 3.444922876126712, -0.9894152890381054, -2.9583629230184294, -3.4724030596591433, 3.1230307528410366, -1.612156973800821, 4.057638894143731, -1.0662848981657922, -1.3533108150015776, -0.996573290145316, -3.6465848791918667, 2.186799314021725, 0.8905841469138104, -2.0033152996635977, -1.686179358196381, 3.2173184052189283, -0.6391173235222827, -2.215578665537464, -0.6718604672167776, -1.430056863990682, 1.1333301663036448, -0.3097282931639067, -1.874220422339354, -0.5949640038743247, 1.594522186922923, 1.7070628685238316, 3.1381241095549495, 0.3561953044182935]",0.96
13,"[-1.5647129051243138, 3.9798710822579406, 2.735895142410857, 4.335200294204968, 2.472247124308338, 3.975140969955254, 3.7144017975506607, 2.0143790579334304, -3.62823410376272, -0.2725514593895676, 2.845067221109599, 0.5097843493265524, 0.7021354411774778, -1.1039299296519993, 2.416035787023546, -2.957935293514441, 4.002687129183464, -0.04279080230017235, 0.26480616004421, 2.5703704611538782, 1.2686874145123501, 1.6660636773168345, 0.4562210497748209, 2.4927238357910344, 3.6385868272218556, 0.3914326561372845, 1.390413803967691, 1.4670292407455274, -3.521435607204667, -2.0036152316774203, 2.42723552406221, 3.399307117363957, 1.4211201150610884, -1.5343812946690332, -2.599887493566949, -0.346990938663923, 3.100563846713465, -1.0938316302703068, -2.2938033761397367, -2.2429197089907174, 3.9024285802414633, -3.039203388162317, 2.8147267949279025, 0.9963837610379191, -3.3090348236618916, -3.5481339505994267, -2.423442903812158, 1.9225303814869186, -0.4855829071541471, 1.1088514553752669, -0.11233172297956973, 1.6521089486131797, -3.7041899182937965, -2.1251293102809163, -2.669835916690255, -4.039403736629082, 2.206730917883061, 2.3681326714708817, -2.844931606416462, 0.5335472633841083, 1.036131623215475, 3.782204046260213, 2.310389515424075, 1.2441554168836801]",0.96
13,"[-3.425376256391576, 2.575337920841441, 0.7696538401724116, 3.677418775342455, 2.072396263671318, 1.253223566117356, 3.1899470580869673, 0.319954471354051, -1.9086536428214425, -0.5900408655264212, 2.7400918956937095, 1.9094494764296268, -2.99350016031488, 1.1059162861966605, 0.46966673921993696, -3.389772356469704, 3.985354048981488, 3.441580905955041, -1.430781742083637, -2.1104292265326974, 1.4555289701648233, 0.8902712693942945, 2.6608365456960876, 1.668018085626134, 3.4458680486833484, -2.2849715317639183, 1.474614481165376, 1.5551203942864273, -4.239679958948165, -2.7459495607348026, -1.174464598783331, 0.6980558987189958, 3.1421266910570833, -2.6140128337095905, -3.1287478770635286, -3.363112890012549, 2.797304301782119, 1.1681152001630635, -2.7425326975827145, 1.0937511914697142, 2.1201792376782986, 0.16204970670427254, 2.0609833237060293, 2.0232025987497364, -0.18446258696850126, -0.7918350453595441, -3.069706246995109, 2.977694569715591, -1.0585017674767672, -1.352915320824052, -0.9354809706722587, 3.284264366704384, -1.2311079553730881, -1.382194760338206, -2.7432851555165056, -3.52537309344347, 1.521110283190671, -2.2942541668478524, -0.8495217608626673, 1.4196317581726396, -1.8574951742943462, 2.4716897198763172, 4.078001898198025, 2.7546475715445116]",0.96
13,"[-1.5575377176864111, 3.798281936215953, 1.6996281939193658, 3.4083436742902293, -0.9929829150223473, 4.028688842913353, 3.733235656255208, 3.092971883704136, -3.558483199474707, -0.002731587359530614, 1.3406072877424495, 1.143882225255946, 0.7396537983626974, 0.27405294282616177, 2.078166931789382, -1.1490952005336257, 3.985671276281789, 0.9929839348849666, -0.48032933388350607, -0.5841615244588423, 3.2599485203621072, 2.0587395779370583, 0.827426421289692, -2.074324932333047, 2.814954338419398, -2.975726845007653, 1.4864856327247091, 0.6085847712541634, -4.182226034865141, -3.5656398265276064, 2.019646042431022, 2.0352391238592324, 0.1463852729479328, -0.5376344376930546, -2.690510483722447, -2.5157445943787096, 2.952443671903943, 0.40620377063357993, -1.8447794312802728, -0.42164819028153233, 3.947114458058354, 0.31663528146228104, 2.971384519203267, 1.6384825400398129, -1.1529082460543505, -2.456921973251422, -3.1500054919041482, 2.0747566010299687, 1.3683877219517417, -3.5930988429422546, -2.520006724867468, 2.5301475438180785, 0.2562077076295388, -1.940495358348655, -1.0186186456687534, -3.9516613972955956, 1.1761549196792482, -0.5258968248757175, -1.1008103944460128, 1.0639983681075516, 0.8403265263201278, 3.641326619675472, 3.7103663409388234, 0.0729399878525826]",0.96
13,"[-1.7176623974080993, 1.38501030663785, -1.1119785340758856, 4.326964751322827, 1.530590439978306, 3.53387700017997, 3.468053020685238, 0.4717714613430435, -2.4173476642943514, -0.7744748418159914, 0.8106536683931064, 2.8886628094972857, 2.9118669704852707, 1.9393957477487729, 2.228315603833554, -2.8627903963866492, 3.97058404852712, -1.3724929902441996, 0.618844279989987, 0.16318648573928662, 2.2298470873836207, -0.7996540282256986, 2.945078234169479, 3.4582324938497053, 2.1989669256687367, -3.8868319590832288, 1.4527354298231616, 1.0084122579690769, -2.254385186302819, -1.723897707138507, -0.47054809743584625, 2.6922873067837014, -2.335549037433286, -2.008199383164464, -0.009921395274722133, -3.169384798633601, 0.6262284103188014, -2.877314068583934, -1.3202924557812625, -2.9340103688090045, 3.1344051813196696, 0.07298689548356752, 4.1662434881889485, 1.232872778859861, -1.067162355481321, -2.8076534093324996, -0.3718225284381309, 1.0521089407614765, -0.8543020355359102, -1.5922255440953386, -1.7664875601452428, 2.8592045511758952, 0.9765114300423698, -3.1055956059176424, -0.6542336361965997, -1.3243206013342483, 1.1078226734456997, -2.8066545897302557, -1.3730325789295676, 1.4322941334690276, 1.0459863437416757, 1.1839097418923603, 2.3869101911313066, -0.24500693644046545]",0.96
13,"[1.552338671516384, 2.9369607465266543, 2.248451248835048, 2.2576381935146794, 2.971726855650046, 2.671561915968657, 3.409112144101637, 1.043348545683528, -3.606984371648025, 0.5985374797688435, -0.7150121486432786, 3.0927490990127287, 0.5326691550294067, 0.9855193133545055, 1.6658123759397394, -1.6038699887270647, 4.020922042530539, 0.5943499701864297, 1.7987038851892956, 0.31258567143058325, 0.5974337386864936, -1.5724499053522871, 2.7905307432850623, 0.9904848136949808, 1.64236453338832, -2.9252292538611875, 1.3773984436924187, 0.5501071711763843, -0.7600803844165833, -3.2200489298630224, 2.50065010423903, 1.0367661524686407, -0.16550592732785038, -2.1055416111861165, -1.64026453338739, -0.43257621139173863, 3.445709733954841, -1.2324535738056885, -2.2413780152358553, -0.6513257286063364, 2.406640214761734, -0.2745755067781975, 4.098141798469621, 1.680835295087901, -1.221065084471587, -1.4139847031919053, -1.0086161942091145, 3.614162377882444, -1.037255805395084, -0.52265367162813, -1.729398683631103, 3.173451348834327, -0.6354887967842736, -2.4681319059893863, -0.3397016849799943, -3.3327553646865535, 2.6651647586188076, 1.930903775962099, -3.161423743452631, 0.9428458084076767, 1.4493193535343818, 3.579889249146282, 2.6137732094066832, 0.1929439553088924]",0.96
13,"[-3.4142437575135354, 3.135940338473428, -0.6764569412524867, 4.276954196380323, 2.3758364348751395, 2.3626831721299477, 0.8946575133908263, 1.208690037366353, -3.807609496405638, -0.40576450053642094, 1.3605984275595873, 3.352297805846193, -2.7224744885354415, 1.2806046653733514, 3.8010128490376873, -3.900531204453604, 3.933914034954091, 0.8393652395926173, 0.18489513536378122, 2.922289013150567, 1.249922813518244, 0.9792558871283666, 0.9497739490663843, 0.10940163982779305, 2.472916994107994, -2.4371956110414086, 1.416591362518978, 3.7830606121093133, -2.3949909419422166, 0.02838796802395871, 1.0826684232807111, 3.4316764528356867, -1.711326095843458, -2.455759531905992, -2.705034468110568, -0.37174205480581723, 2.5113040287414687, -1.9110024473604643, -1.1123204142657805, 0.5910057384188594, 2.0882091163876537, -1.3714822948475134, 3.5341172137516703, 1.0342423619928125, -0.6343895311845764, -1.507656211735816, -2.8677722064669595, 2.315972340094913, 1.4674651317320497, -0.5808586843404955, -0.8676702505359692, 2.856476647993435, -0.1472974446452887, -3.041060749360492, -1.2885326892945577, -2.1544117119147237, 1.2643392703111793, 0.2973238489757457, -2.279320067671873, 1.5641714545792174, 1.9037619176472431, 0.8972941562838206, 4.03347506736691, -1.6287514726622807]",0.96
13,"[-4.500229926822192, 3.070165765151355, -0.75862806425311, 1.126801861474779, 1.3707466302123472, 3.0687554141612994, 2.5241897586123248, 2.0428382329516346, -3.7517556440884228, 0.7845656607648723, 1.6546055102948805, 3.0907537406710834, 0.08518281908430853, 1.500915075587864, 2.7029926134763302, -3.068963869266071, 3.908156493038811, 1.4793079102313704, 2.4363374911850793, -1.2374723992059973, 2.1307540580572852, 1.4180309863137024, 2.7454178845160273, -0.3776221609989523, 2.655729340163611, -1.7583879575840182, 1.3519143060189078, 3.573017671422887, -2.8753014989658294, -1.5266463174256373, -0.9995713779109423, 3.6455173232360534, -2.258572880634475, -3.024943901786982, -0.09778564177967697, 0.49788804864971925, 2.786075125764027, 2.1966295761577537, -2.9195425074157124, -3.467344036055359, 3.471206649322707, -1.02835558750117, 4.144700890678047, -1.195852509057377, -0.35185060072067353, -3.159541072612321, -3.4733045462892003, 3.9013538424254133, 1.0727439311254785, -0.1551184595802635, -0.7562153929411739, 2.7374474939615983, -2.8176837756370774, -2.486878090183782, -2.3646828680433076, -3.797758904210166, 3.5905744682404954, -1.0204178619670474, -1.8967646273109002, 3.6990531574206806, -0.8253136060309696, 2.6837407313408557, 1.2723161779405834, 0.02125867465097403]",0.96
13,"[-3.4021020616925846, 3.2964872222201733, 3.893740984582479, 4.3319648329937515, 3.0115211481622834, 3.4808683595907786, 0.29803439107719054, -0.07922216277585448, -2.3851619573021843, -0.1376381777296189, 2.93317894686189, 2.061744171467401, -0.8338470478301268, 1.7453443311542864, 3.7710670391902004, -3.5417853432853037, 3.9851587868370006, 0.6526771719535982, -0.22157483292009938, 2.395182502522936, 1.888619259011552, 0.28882409415299237, 1.5720604703593617, -0.08400094800564162, 2.47288980710851, -2.702707024992365, 1.3849120762891507, 3.002363482723388, -1.944151205220515, -2.369449394536496, 1.341632930136582, 0.5900744175507306, 0.06939301256683268, -3.0298052600142293, -1.543741714891139, -1.2630208479813771, 3.0602633531973504, 1.1015396310057775, -0.6199695999753594, -0.017700552458348895, 3.294485543271204, 0.09719052904810577, 4.166337410033268, 0.8202816538023492, 0.16025897247967558, -0.3079639261459082, -2.7126612778968306, -1.6444005116397924, 2.1938121026537103, 1.5769893132213495, -2.733183771282657, 3.221119692912099, 0.37418191611563356, -0.8427731198105688, 2.039349752078115, -3.5509902023256763, 0.8182689847217568, -1.0140588089602423, -2.441392409123658, 0.2106201875270174, -1.2650563993692276, 2.955570082439174, 2.170483925167848, -2.6506065466047217]",0.96
13,"[-3.7288277968830252, 3.577728525353748, 2.964077224451044, 3.4019382725653986, 3.9399822118614063, 0.28020222445638554, 2.3063570887602616, 1.4977932217132415, -3.452115644865941, 1.199088038990002, -0.033717185682617945, 1.7199533873880037, 1.5716033762464983, 2.01064837557412, 2.237047364738985, -3.6332031683088717, 4.019803948890461, 1.9351476627749162, 0.833090716434927, 2.182556090968673, 3.22194086573224, 1.01905221798997, 1.7401237222643695, 0.8183318216376926, 2.1551682286443894, -2.5619452090891937, 1.3529768222464296, 3.4545039080307474, -1.0467597013494658, -2.11645519982407, 2.673384034727194, 3.1122181369480675, -1.2389891735692578, -2.6976187785885295, -2.925690625474515, -1.0955120620344148, 2.3106547195612186, -1.5352260824713202, -2.80466058529715, 1.0120222625363842, 2.304918321468592, -4.091701412323974, 3.7928132092324285, 0.38730860347609447, -1.8802335496748803, -4.448539542395192, -3.861631909295195, 3.372496161829665, -0.5628680070843701, -3.656436616087269, -1.208483022019839, 3.2318747980836737, 1.333015195986892, -1.30063594435949, -1.5431525147218053, -3.9760588431076735, 2.445751260216941, -0.5225320340677574, -2.925365919412312, 2.665272346809382, -3.2140232213065687, 3.4020641440264114, 2.669609304263551, -0.6108666434275725]",0.96
13,"[-0.7141540582001571, 2.992635998209259, 1.521721045206259, 4.191876642577501, 2.0265773944067607, 3.9008202398209617, 3.6311107097475315, -0.5225243154868915, -2.78786674364416, 0.16257987592411605, 2.3681450744569044, 3.4766915698240513, 0.3097921908798299, 0.23411441696545077, 2.8025552952838186, -3.8087278373891276, 3.9693650827181433, 1.2831224927061744, 2.481165848007753, 2.5404232191936007, -0.1159033547967192, 0.3454918120799886, 0.8124937339120395, 0.6136735398527497, 3.5858284463364005, -3.588614691226364, 1.4760817280303007, -0.03488878625089953, -3.12714927818437, -1.6312496388795972, 0.1602990887326603, 2.028989079529746, 0.43538223565795486, -0.20652356735670807, -2.772787724913392, -0.37978032305231546, 3.216234838887476, 2.8443771813350667, -2.7546055421899127, -1.5531654932203927, 2.76655270373942, -2.3554356816953654, 2.6175850229558044, 0.8658874325016872, 1.4949209977607985, -4.123800799687997, -3.2588902650813143, 0.820858692435738, 1.4153075780052196, -2.8522261760328878, -1.2086901643132866, 2.3259729264371933, -0.36477529137521736, -0.4466622708881278, 0.4741257313318963, -3.5606656884653036, 2.949488951277024, -1.9167332602619123, -2.028887470767077, 0.9958408331185057, -1.06560093663653, 1.8140333367719892, 2.212630169699998, -0.6970422466295723]",0.96
13,"[-0.08335299411073471, 2.5294753004441954, 0.23005295584153906, 3.6265138280332643, 3.5054305037362146, 3.050834236987311, 3.663430208499693, 0.024053264706504818, -2.098587661884493, 1.391603680345181, 4.024052388510743, 3.6275975074441336, 0.9506535255317095, 1.5067227868909434, 1.0020840416119738, -1.847561259855139, 4.0377530962674895, 0.8918026715334065, 0.7168446587102986, 2.8125887516995727, 1.2377291513404411, -0.11941172924693078, 1.4616697117483375, 0.5332521371599913, 3.3932013019002687, -3.315314242986412, 1.4880556757443273, -0.28664950430475855, -4.269666927552765, -3.1119827406386205, 1.2065790284387805, 0.9493871831300222, 1.2570943360891889, -1.4343471710475568, -2.8598364058538337, -0.05809909772282129, 2.869282801772078, 1.4390752581195723, -2.909519177090244, 1.0202402858727586, 2.4649356676750367, 1.9607628181845764, 3.9865769264445863, 0.14072748930292922, -0.17262146528171207, -1.5177056109741356, -1.6910939279864738, 0.2910572377760272, 1.3644159567694025, -0.8154533526764283, -2.7643803482608833, 1.4401102146473646, -1.2177046678743817, -0.40533107869310747, -2.6041006235341007, -1.501992503647785, 3.182840695580289, -1.7958268513117814, -2.5005565522653077, 3.3781558609616367, -0.32991266725532087, 3.380180064826815, 3.272010092952863, 0.9089068392728468]",0.96
13,"[-3.970361113125044, 2.8348120426862846, -0.43977278372546674, 2.075229409868821, 3.1431713247674904, -0.24798211830890704, 3.7177279704055337, 2.7382243249758753, -2.5756375255610275, -1.2861512227586025, 1.8809823750261483, 2.539837255411923, 1.2849315410430433, 2.177836681620606, 3.248650301070612, -3.656380458676444, 4.037765393858114, 2.3276534977658403, -1.33591949747469, 0.89879532149264, -0.5866343406015799, 0.35938226031189147, 1.313226997989367, -0.14386767546056067, 2.4544102936346492, -3.557117341558274, 1.448233599966526, 1.4901835030985195, -3.904595851984749, -2.2414519979934355, 1.608333479577825, 1.0200126551309574, 0.45620883943730195, -2.557852445666386, -1.8597239557210754, -1.0723808946135256, 3.376279009227466, 1.0349471074937269, -2.7585471472892213, -2.4212320288701235, 2.7525833862161004, -3.556158755230293, 3.009481815159059, -0.7570765057077471, -1.9212873849771044, -0.6299455055433767, -2.919761684618763, 3.184089093312431, 1.0435882046456884, -1.9985891428935307, -2.7586243151330816, 2.0510397967586966, 0.37043262596481596, -2.8324793703944655, -1.463901553158876, -2.1765545149269148, 3.4355304917629943, -0.5909457435132064, -3.327134619105474, 1.9867451315553435, -0.28966319605598934, 0.6685103609134098, 2.2973724732186485, -1.4336522632940665]",0.96
13,"[1.856413878897601, 3.9792933613282684, 0.10708172416334077, 2.6121395881570733, 0.9214968368300105, 1.3819808621637488, 2.784105893946121, -1.4067622604899106, -3.8604451504604853, -0.41866249507432907, 2.449169319401225, 3.317390915280096, -0.3770296680629033, -0.3443048919031031, 1.0952959912965556, -1.9052967187038456, 4.034654005215388, -1.7221189713909142, -0.6114215789761819, 2.235845729213604, -0.0701788085208328, 0.35524061598357226, 2.0022609255365005, 1.1584335651716438, 3.657058529532364, -2.105640025992032, 1.323433656976357, 2.521444675943247, -2.78476354188109, -2.7898338013315733, 0.29815961345410924, 1.2348187547460505, -1.147464783522073, -1.6506281528489373, -2.730801988408013, -0.356362693978719, 1.8815511726719927, -0.9215263588898595, -0.18954189576487712, -1.8628937911564574, 2.3263260443183156, -1.2595422293389373, 4.093484213821652, 1.6427050472974456, -1.1216383963660654, -2.676379972298252, -2.4663958457699966, 3.783981673710729, 0.5725717627818536, -1.8159271896566356, -2.7669309654643826, 2.1520264100993103, -2.00445594796435, 0.49462114149404446, -2.3493868379368674, -4.043438980377285, 2.020239636953213, -2.6726109848469215, -2.9357462930630076, 0.27561327587611006, 0.16569300750345767, 1.4780750233714208, 3.5636725713734605, 0.5815572487735983]",0.96
13,"[-0.6035425211822325, 2.854891753714136, 0.37926047918901196, 2.3154934054682657, 3.0955355554545783, 2.9310436244629243, 2.6902447315562714, 1.5634192148378925, -2.033101828755329, -0.9107609346240746, -0.09870103815872056, 3.4812091329403363, 2.1752935570744643, 2.4379745764000615, 3.030862307977138, -3.597121076482413, 3.8820375405631222, 1.5834886262153849, 1.522391900183066, 3.4454537666669243, 0.8746681008159382, 2.3963109203423985, 2.1459016863964044, -0.09373008703530883, 2.73524806946998, -3.9570742452692267, 1.489076193959851, 3.547759207573984, -3.935644815539882, -3.4254431245431483, 1.3954654562238755, 1.5739744695836437, 1.2437221183422018, -1.7082893808319322, -1.8375285435040065, -0.6455243959078509, 2.5071901834934147, -0.8015682480480154, -1.982748622632574, -1.8673944307044552, 3.2945953803524164, -1.843950119124855, 1.3980545780231077, -0.9757873554436605, -1.3378165948225276, -4.256197313817552, -2.867869235069902, 1.126525012754988, 0.9591502575306095, -2.2550060432511163, -2.3641268926571755, 1.693658268008779, -0.3836134533906784, -3.031817187557968, -1.0214515243624283, -2.408527124989459, 3.1246640620221227, -1.4338579387169497, -1.1314324009932948, 0.9606938114820243, 1.6729817554684938, 3.1513818344098024, 3.909359312898892, -2.2655053117078885]",0.96
13,"[-1.0711531786612152, 3.228558609628909, -0.792761123134047, 4.2572526388251255, 2.605562498866385, 1.8256904011064314, 2.578571927410258, 3.0669361161371986, -1.983126395967299, -0.7908274191941891, 2.737568997895056, 3.8289869521490045, -0.7986738993549459, 2.2812622178356796, 3.8162310649599362, -2.507643858989623, 3.9938879269657743, 2.5222842569452006, -1.6074746334504366, 0.3594181786572934, 1.4605812967974219, 1.9436485668702603, 3.227825526521572, 1.6840645074077498, 3.3468880204601303, -0.4513923208646795, 1.4669876344062533, 1.910143610980866, -4.246159937227653, -1.4801997446249988, 1.4561371454385024, 0.39574450286208784, -2.2758579297131054, -1.3518328508308637, -1.2047817406466785, -1.0165244572993246, 0.4837758047836469, 2.480163818219595, -0.7253421917140876, -2.807014666032522, 3.454775129807472, -2.30461602639172, 4.1375055783876755, 0.6996575127666018, -3.434988738564358, -1.540284791848269, 0.07316610917881627, 2.4879537126471183, 0.625028440783082, -2.2757549293525816, -1.143668558270261, 2.8539185980679993, -0.689435538712297, -2.6715605354038643, -0.7696180019603462, -3.894303753716529, 2.4575344520363256, -2.368964717899857, -0.07605281308164091, 0.29858351859713006, -0.8721219963440063, 3.342116663311116, 2.820211148462644, 0.45237663164237923]",0.96
13,"[-1.3634236575870848, 3.603844058359192, -0.22598477371579434, 1.5333791330935798, 3.3468282266826197, 2.4320086519334514, 3.479738747480366, 3.9343333688237356, -3.3891793552159393, -0.8030208358623616, 2.1475203001124066, 2.496507583869635, 0.004148248249833286, 1.109560206217095, 3.7768818593603792, -3.313498603850861, 3.5783063093924774, 0.6053051031498002, 2.082266583549011, 2.342741479396409, 2.5868196258350076, 0.487962734415839, 3.270774770110982, 0.99000239449008, 3.4082617882376716, -2.3559093701300133, 1.4889306264477429, 1.037244276264793, -4.2096912897611976, -3.7111865792136656, 2.983700811480999, 0.5397946842060066, 0.9422240728692479, -0.9729208356973262, -1.1603656033595837, -2.6919621974543064, 3.1063454095847725, -0.962989891680193, -2.4897827647330795, -1.9110240526456383, 3.143064672341005, -0.019476897201434307, 0.9951107406490114, 1.5613377776599304, -0.4045226613162178, -1.7926554219320239, -2.7204042755608846, -0.431710220805416, 0.08771073143166222, -0.5510668964330305, -0.47746395124270435, 2.918094683944484, -0.8392782719158538, -3.0776010318010165, -0.6526606173886151, -2.3028698624457205, 3.4831224752524235, 2.587125940953735, -1.7940770826269201, 0.2848246695958625, 0.05840383006165878, 3.841349310294112, 4.2440756307024685, 0.029026487434341802]",0.96
13,"[-1.7953991989586693, 1.0370907294385674, 2.571941626638491, 2.7179934243184056, 4.079746461449682, 1.1977976139151503, 3.068956213480523, 3.0397250580618236, -1.1818223933989236, -2.3653398846648965, 3.4786896837200505, 1.272397543399319, -0.45634703572162916, 1.74643046733197, 1.51570927410808, -3.6847649213887324, 3.8190649987418044, 1.1300347160636783, 0.19230162984106655, 2.434262463529872, 1.921852679696817, -0.48323556667092493, 1.8197858636816509, -0.712278377665896, 2.9730942968866194, -2.884091940675745, 1.4572900879300945, 3.4573535636234047, -3.9922641331331548, -2.220753907132957, 2.000480086765842, 2.77155866722432, 0.18172935767467283, -0.16639307995611752, -2.2386035196921155, -2.6924708620952686, 2.2172475557406424, 0.7642417178217669, -2.811024782032141, 0.5471378698982565, 3.3686542472143404, -2.9497941378363577, 4.110592810239723, -0.46171614156618795, -2.5738099418424136, -3.0713962838333297, -2.977226190255263, 2.400973177730989, -0.18727381614466393, -1.999867102962125, -1.8604550366071848, 0.8995200012313518, -1.2736283854859942, -1.8820443617467815, 0.3253762699946645, -3.734633884080907, 3.1240644004934417, -0.8798139070277131, -2.193512590994234, -0.5657663880591337, -1.0018856421734776, 3.7254685964757854, 4.1572388753461595, -1.0762698882078567]",0.96
13,"[-4.498900581341746, 2.484820283038529, -1.5864649447371872, 3.225815969790024, 4.045950058910865, 3.360666878613742, 2.3592325184752507, 1.974570293744013, -1.9174542358998257, 1.320794686987204, 3.6301324297799953, 1.933253161131997, 0.9865828584771696, 1.3412675479005332, 2.643161982928413, -2.894197971436311, 3.9686822846403946, 0.03686529244015674, 0.45061097874177847, 0.5038114063229677, 1.1750297349671288, 1.584970473019692, 1.5356349668446532, 0.9252676892760057, 1.0508429893398614, -3.888468868540367, 1.3151726801214325, 0.8269269550081537, -2.3597844411920774, -1.059598774328708, 2.06252883325606, 0.3873466093992739, -2.083915102271356, -0.9864181356268416, -2.6829070582878956, -0.9170010592087048, 2.598753197701991, 1.8315704015882646, -2.2906495067118247, -2.9335050443455417, 4.0100356112953905, -0.30932529673163645, 3.8462902765819473, -0.1650338371798717, -0.05516068183497791, -2.3106480523906145, -2.927012190277457, 3.67624950156733, 0.4905141793787354, -2.356158590921634, -2.3502701433150404, 3.2353269247718317, -1.522617708622048, -0.7405170182906642, -2.5606105917268382, -4.041490855085014, 3.5296177464428324, -3.9258987381825525, -3.47971926225988, -0.29964995528313954, 0.3570777747012122, 1.9510813823725464, 2.3508235514281184, -0.538303172441329]",0.96
13,"[-1.7680149902659597, 3.926340742445818, 1.437474299186737, 1.265070603105618, 2.4797388399895666, 2.34112251272362, 2.99598643233899, 0.5606839123230429, -2.5232078286552038, -0.2876002001052871, 3.0023730680501712, 3.7152212683326296, 0.4215621646239208, 0.4949628990256374, 1.8886940701192951, -3.4303878812534383, 4.037749495361546, 0.44464314589937987, 0.19068435075968806, 2.7080803930893964, 1.0642022712624137, -0.8228997356956447, 2.986494093545504, 0.52398869924374, 1.574184493781298, -3.12274203444842, 1.485258765195044, 0.2807496241753049, -1.7510942288801858, -2.3899193014207256, -1.2884128730377464, 1.8166567435821332, -1.2589592513842605, -1.8703239531356044, -3.098509524867466, -1.955124778689656, 2.0580805099330624, 0.09873267361217869, -2.227926730993587, 0.6724910928396362, 1.8227131163760815, -2.5531872481484363, 4.064351112422787, 0.6205678768636868, 0.45542548741650646, -0.4802474675659987, -1.240525781983202, 1.2389479262008214, 2.33371893372274, -2.540258222177539, -1.3301952978418954, 2.791891401438179, -0.9912378350990213, -3.106518053897004, -0.558504768228733, -1.8201520766442973, 3.408637413347606, -0.40606990063868587, -3.4463442004113927, 1.2160932221904996, 1.5124001429233638, 3.5440193331701186, 3.667149205976993, -0.5694695025340952]",0.96
13,"[-3.2789626497827546, 3.859254623099202, 0.8204142424387856, 1.3781400742273155, 1.2692810061516502, 4.121408197785758, 3.515276830151338, 0.4081183477024297, -3.69951179511614, 1.0529957027713306, 0.7780037668618438, 3.0761073606555813, 3.0493494344818304, 0.47500939392910113, 2.593529472557389, -2.4361459260795004, 3.6074683811781654, -2.232241370281324, -3.722311601701824, 2.552559161338019, 1.0598925591075803, 2.255224316044501, 2.0630524443853187, 0.8794324444170167, 3.31288497943177, -1.6602297105235166, 1.4835883222032178, 1.7970648575773494, -1.7058420797852236, -1.403339310855582, 1.064444106114459, 1.1297298539953402, -1.4021915492848087, 1.0271117497746869, -1.8391001975690857, -2.296395179799793, 0.13268375153393652, -0.004436300030011248, -1.8398459579912751, 1.663390495743615, 1.392669507677101, -2.2239402176013336, 4.165175476799175, -1.891319678403562, 0.47452393171837715, -2.075595180219729, -2.273674855139352, 2.798712339551916, -0.7072193206855732, -3.727543445471796, -1.7176833138558725, 2.0960081328806632, -3.5133816381119525, -1.0320850157652, -2.4620913601295698, -2.2980283148050904, 3.485256711887076, -0.44035358406675074, -2.5714771803973004, 3.649845948065049, 1.1367045334459245, 3.0006171404625204, 2.2181349934743513, 0.5180667665995201]",0.96
13,"[-0.7742556961933231, 2.3646777288957823, -0.881662517662465, 3.063144109551159, 1.4174159991969257, 3.5354157813779885, 3.7336607062315994, 4.229777595304475, -3.4971193785003347, 1.5784631684791552, 1.5108725972527743, 3.015127147575323, 0.002501446774490712, 4.545856266070993, 3.2907648169484554, -3.903510298675988, 4.036423776208842, -1.594114756860679, -0.6457574154778702, 1.5463952528733569, 1.1762989766423972, 1.8813120906025766, -0.24014397965430279, -1.5202449002056628, 2.343380784259558, -2.7042625587344062, 1.3788730265845965, 1.1239170829713876, -1.8864452833501242, -0.47702540985709474, 1.7884938420118626, 2.603282433948972, -0.022058400161160674, -1.044576954366863, -1.7658096807945232, 1.1646976911804456, 1.701012471648685, -1.7318622138542588, -2.8242096591494126, -0.10598207339179977, 4.0605529539968925, -0.9725544715392505, 4.011058052527414, -0.6260520071220984, -0.8966776476555881, -2.7129203050460564, -3.3140056236076063, 2.7697405213082433, -1.3326088824210942, -3.5388354044155097, -1.394538198738125, 2.5890257982382985, -3.7679396150907456, -3.100350217026335, -2.06441832252944, -3.823024524043659, 2.8338697703873446, -2.5944646387681294, -3.090081686624445, 0.70487664138873, 0.5601586762857886, 1.2298682277373079, 3.631063257450494, -1.3634370195532068]",0.96
13,"[-1.3467064704621712, 3.6886478495733575, -0.07376813662335621, 2.943437380655303, 1.9381767807603731, 2.5597652869584504, 3.6845172212382065, 1.978088504384007, -1.4329355000742372, -1.932094940561019, -1.0893757577484717, 2.107768727624096, 0.9997838930777029, 2.294967434273638, 3.642905457751612, -2.5533018485320516, 3.9816787397012527, -1.5499152539943355, -1.5818748515944774, 1.3981061292025112, 3.312466769715099, -0.7405337183430232, -0.2867110456609785, 2.689063587402214, 3.4805671068261765, -3.7102158714850346, 1.4657500705338171, -0.19789764799179865, -1.7592711205581801, -3.0714852839319082, 2.3530353712038, 3.165518004247963, -1.5971326303348292, -1.316820528222676, -2.3972030756183953, 2.389723133336669, 2.7709519139751166, -1.3206446393362294, -0.6992894520628177, -1.1051564455666294, 2.45572944497754, -0.18460058988908934, 3.9812176418187266, 2.3901166927539204, -2.960862878948679, -2.4893069048641463, -2.225327822656255, 3.9580750991116216, -0.9620102624251294, -3.7071840900925115, -1.6441502673921402, 2.809579672157072, -1.4715087737703112, -2.2246179701964603, -0.8891455665279905, -1.1490365889112975, 3.4366066215051587, -0.02921509697756544, -2.9213958985425172, -0.3827703392004769, 1.3495739242167222, 3.8015678539481126, 4.013284681694548, 2.8900468617694237]",0.96
13,"[-2.234797774251427, 1.6238618611716529, 0.36556484615081664, 4.300373093830107, 0.9599212730352376, 2.187767447010537, 3.7281174394647807, 1.918418881598827, -3.1686543681232515, -0.548438306830878, 2.8925060982057422, 3.820251882663387, 2.2124141930428305, 4.2362934404673815, 1.139585841177786, -2.691565773016831, 3.998246051880529, -0.6501316341271677, 1.17956671512389, 3.3387554178139096, 3.3039886117532276, 3.2891739814559107, 2.368671198840371, 1.5211759214801484, 1.4188024162752417, -3.374113326775726, 1.3974503627693187, 1.2768197047109242, -2.588257422398463, -3.438682221940625, 2.8170042030629556, 4.236542484031459, -1.7852099647830553, -2.361130432918954, -3.095588871159852, 0.8085448879429427, 3.453106334601181, -1.525029606713542, -2.5969338835315705, -0.23642027181502812, 2.856579747086097, -0.6369141231191607, 3.3550720270449075, -1.4640107249916279, 1.8837861766779913, -1.5115425583231912, -3.4749466779331613, 1.9635396540906394, -3.343044465329191, -2.517679080933406, -1.861212989323823, 2.52187124521511, -1.4580875562307074, -2.240471074772805, -0.20288271034619454, -3.603842185070036, 2.615915419398148, 0.47051717897706885, -2.93505471408052, 2.010288360901363, 1.9893455579270767, 2.8220804210979447, 0.32006038685760574, 2.9066814802336873]",0.96
13,"[-3.6605567299352186, 2.764477962621479, 1.1080781519108271, 4.102184832287547, 1.3540734005845936, 3.6347999530794386, 3.600134038952801, 1.1492177857655814, -3.7129638269764453, -0.46105655803268175, 2.0769355077721565, 0.4804720465805987, -0.5919513430533041, 2.7736580217976785, 2.006995402505302, -1.2534267542573463, 4.010678542805435, 0.1546692590637732, -2.6186813064439765, 1.6669552243191483, 1.7679419723910037, -1.3503607349698106, 1.8351285667492652, -0.1939716506662787, 3.734734474517486, -3.459013089108091, 1.4713327253205826, 2.250369855735334, -2.4864438501120993, -2.6274895140940497, 1.162613817880294, 2.3537112463868204, 1.862360780504167, -1.8875731546975718, -2.3163295678826774, 0.40111928532789853, 2.6823301862696933, -0.06158728706934616, -1.4420044117853745, 0.014428889286481894, 1.9586646128421807, -1.5649529954911183, 4.13927885807489, 0.6121016682291524, 0.37423086596045874, -0.6277255308261982, -2.270167890875941, 3.9367603646092215, -3.059052426625878, -1.4526608032961006, -2.1515035816183916, 0.5929771162952404, -1.7139706816851648, -2.1298140665424454, -1.2422392701776743, -3.889280949680357, 1.9158046910544924, 1.0216471488010235, -2.202886072771495, 2.1700637919790133, -0.8217300216710054, 3.2243977292087287, -0.613682310308501, 0.683469750119991]",0.96
13,"[-2.129595303178157, 2.447145093390079, -1.2493522344455759, 4.117264998347386, -0.03744384430375236, 3.896763455436956, 2.283367354573815, 1.172743359914084, -2.21676139255126, -0.13350843286965797, 1.9233699612639161, 3.6725753393337826, 1.8905687510045492, 2.1175496996732712, 1.3638609591251667, -3.380326533486254, 3.944490343334199, 0.8838140025551482, -0.6135546797680524, 0.8635735159382747, 2.600572000993719, -0.2143901344115844, 2.4638474030005755, 0.42999707414477534, 2.9589698208971758, -3.887231652553671, 1.4888859964727368, 3.17642305166679, -3.8785439701126325, -1.1238000934552992, 0.19720392268609244, 1.1330191415903794, 0.41410418729645354, -2.771818868153501, -3.031737918629363, -2.441977076950594, 2.9513572981315668, -0.517839489609858, -1.8032853914132563, -3.3868100566697814, 3.449972710865028, 2.177735663121848, 3.9733044850059143, -1.1586600879643036, -0.6591097348505994, -2.8483751440872114, -3.5063155773572325, 3.785185679981988, 0.14204120157410083, -3.4278110770299053, -1.8792454876873748, 2.0121942628370157, -1.5051652395574495, -3.025842205508452, -0.6779781497751566, -3.6793111712615434, 3.1370844787815844, -0.9540925590327143, -2.0266039842711248, 0.8512310560181282, -0.11330262902805527, 1.3796455063403315, 2.597963525317339, 1.4581758442370591]",0.96
13,"[-2.130845427185549, 3.9145805609040636, 1.2085715875843532, 4.190516047225155, -0.4274455763392384, 2.5776238077666287, 3.6865525092781306, 0.10222915288887502, -1.5489966083985607, 1.3280040241090811, 1.0837783815340534, 0.7749775903117802, 2.864108849768474, 2.1760805165938817, 3.8063993107757064, -2.546411277192346, 3.9964532112889, 0.10240517720806122, -1.9945094337598301, 3.09549352041254, 2.089721334131974, -0.014004072854134408, 3.2502628400898854, 1.04853529798157, 3.188292948716616, -3.955696556861747, 1.4087338074876088, 2.2263557824630387, -4.131642817908501, -2.350904904240591, -0.6562025620896437, 1.752016232377771, -0.7669466369232282, 0.4995126317187317, -2.4364750458143156, -1.6556510954230734, 3.0825303916449034, 0.18989488252088516, -2.6952787060276435, -1.5577118240745405, 3.13935872489377, -1.9399095641962036, 3.9893157766859897, -0.48262208488791236, -1.584679075969854, -3.055487761985896, -3.9274334367499586, 3.959645621297564, -2.022343711545119, -3.202912710121055, -2.697363190205671, 3.2052392326326737, -1.269064170828052, -2.859740321966596, -1.4385666437189193, -4.02727780118967, 3.586545974011855, 0.8057552230646121, -3.257750957799047, 1.8303492305464981, 0.19848705538600164, 3.5636484274673723, 4.241642527162773, 0.12537564489948982]",0.96
13,"[-3.269094784060974, 3.725391137428669, -0.3259462215966612, 3.04334874794014, 2.30168562061722, 4.087008728615498, 3.5202987623933475, 0.10173128562579298, -2.7319663145780555, -1.8613280880740892, -1.7822525168851424, 2.8146304770788415, -0.27917544687321527, 2.249960911590497, 3.435239641219658, -3.700661113341988, 3.9424607627848745, -0.68338917601266, 0.6013700249926907, 2.003240069882014, 2.782106819973456, 1.022369603331239, 2.76219310926995, -1.44232102497578, 3.2477761595442316, -1.376529029904368, 1.4752751506852315, 3.036995149248828, -4.116612426532801, -1.536882116910301, 1.0814999575466184, 2.92116534321772, 0.4198140295377083, -1.3725770650600975, -2.1931961842348713, -1.858582085357437, 3.430206819734588, -0.8527772613589579, -0.7371610881862194, -2.989734477606362, 1.879441584398852, -2.1768416199221496, 3.719883189079293, 1.7415772751186926, 1.2104057019872134, -1.4069165874458067, -3.8897178633317426, 3.9584371454558425, -1.1320573626502968, -2.5039285305820966, -2.0947311453292214, 2.6705699812228954, -1.3093876148587538, -3.0196538316711417, -1.8438922057442646, -3.6494230297232164, 3.0193665188915615, -1.3065431261177127, -3.3923631392051052, 0.6522802162321528, 0.8502968445219246, 2.139908591804941, 2.37875741734302, 0.7856309292668353]",0.96
13,"[0.5408814090466891, 2.368781290421339, 1.2786214380949459, 3.427773150458048, -0.32914253704878504, 3.7927563851132002, 2.9773474315929995, 1.5757992790285793, -2.293609282308173, -1.4179566217254078, 0.3947409835099345, 1.6350168479473177, 3.2403262389010035, 1.5769239187620645, 3.67989591967145, -3.5772866474943843, 3.7826212094968144, 2.3105535643749544, -2.7239662205122483, 2.2270090012669534, 2.63781739486072, 0.43487490337145956, -0.04417614100111944, 1.7731056929521598, 3.746220405685696, -3.6117665231688436, 1.483571223991959, 2.9804664952544457, -0.0946940569575827, -2.492362583504722, 2.0556856764647558, 3.236510637784733, 0.2638891570353151, -2.380672406609143, -2.77101500540527, -1.6661243137792654, -0.3656886118727547, -1.452144432102377, -2.3566351777817145, 0.6607696800290941, 4.0473385602080425, 0.35658438261362113, 3.1268149584523885, -1.6016009983664559, -0.4895447325557774, -1.4630410476394076, -2.3078577982299926, 2.896762908868879, -0.167810592881372, -3.228487795657761, -0.8510887964259615, 3.13428509352027, -1.2947506303744156, -1.1249286125747153, -1.7892336087545966, -3.495367410040984, 1.1487941690375016, -0.6516463174398628, -3.207320589717881, 2.0619251551588, 0.2634158862658976, 3.1646394135323113, 3.4552264690460426, 1.1612848694972973]",0.96
13,"[-2.4896078608209633, 2.415777454781737, 2.6196828087099666, 2.6796848602862173, 2.4617959859323326, 3.0057341632416152, 3.5740994193960605, 1.8599541561987212, -2.747080314341595, 0.13937963137951706, 2.3773229450712137, 3.800294122701992, 3.321801919575134, 1.1765249089218288, 3.633887990471395, -3.2422794355983253, 3.6975036984728353, 1.0445615232127705, 0.7546042273424335, 2.7210195641187624, 2.7050066158085704, 1.109208429199943, 1.316162265505103, -0.43140533058522834, 3.1632953583004975, -3.9232995708843177, 1.478712096942597, 3.1537531275579087, -3.7503000981367736, -2.667311293520152, -0.439044948559852, 2.531242922505072, -0.5966026154495466, -2.6641682694263906, -3.091818317458303, 0.5299206929380483, 2.785150165317824, -2.169275923732533, -2.9675086793359493, 0.625922328250959, 3.388711087062284, 0.3000579374564384, 3.8642018975125803, 0.7906447670905625, -0.5435644712481945, -2.785670316768055, -2.9325238766068624, 3.8076234182414312, 0.28173098502602945, -2.607223201936791, -0.8925918845190952, 2.989058790458781, -1.9353642364252195, -1.7599526650425394, -1.8317928634474976, -3.7032611509557123, 2.820245027568939, 0.9580520634688741, -1.4131360579477983, 1.6143821688379536, 1.5016772432571086, 2.683668524359915, 2.6239516483848533, 0.7395524432386652]",0.96
13,"[-1.8750692275709309, 3.13921258998531, 1.2662883700394616, 3.732477977342839, 2.4416917720043116, 3.0731293587565656, 3.302564236911632, 1.8097103808255994, -2.6192868290712417, 1.247742726795692, 0.673351983806026, 3.8186529488225265, 2.13652641997997, 1.4053980528362588, 3.063613835317692, -2.62497244968071, 4.0133654028676, -0.008100638828316742, -0.4374797679708872, 1.7570458893780676, 2.3347087615173443, 0.7004229033687903, 0.662887890471069, -0.3164860283119869, 3.392885709280285, -2.1761506920624623, 1.4882400766662072, 4.198721867231513, -4.12917592777119, -2.843162134212009, 0.6140077116476325, 2.628529642882665, 1.4060755423655005, -3.0238041741523976, -1.2833771002502745, 0.7483350840313396, 3.064635010972024, -2.910645892199754, -2.0886609615547185, 0.48947533258424025, 2.649989276036223, -3.655464217858368, 1.0158308414436643, -0.5514359033558832, -0.28792717441179017, -1.7395867742598932, -2.95950608186008, 2.7814415558953285, 1.654575623953982, -3.7179007452403865, -2.3047937819818562, 3.137518718226728, -2.0376132776919134, -2.292211027972505, -1.2588715193415931, -3.239225622400177, 3.1018813307961284, 1.264796022289431, -2.798674337762436, 2.1793034630459585, 0.983653056326286, 1.7343538662014903, 3.0392164851609627, 0.6031416551410844]",0.96
13,"[-3.160112276482311, 3.814063143437015, 0.4140013346166982, 4.2223559851929835, 0.6381508873993144, 1.3765366470961453, 3.1599841693064894, 1.3148666076827555, 0.3275383296271759, 0.1784331666839865, 0.8983124984652486, 3.8240491665987126, 1.6284527437084648, 2.7794687936045315, 3.8154546386919717, 0.12247351398871853, 3.9881368945474756, 1.608649671924066, -3.018944599568075, 3.004272286224329, 3.350718469761948, 2.7243060555283414, 1.8485237038675444, 1.5870939615250017, 2.6401447647141487, -1.4337636489912278, 1.4875590719291625, 2.1126440283823227, -2.2652218021774897, -3.137313662519947, 2.1442025500435253, 1.5304628557162063, 1.7732749527024616, -2.0887486948184324, -3.124458733686308, -2.263053110471393, 3.4510259131361796, -0.052585078280203534, -2.961502981610994, -0.3015698748882689, 2.640981881622584, -1.7353174060459815, 2.7003382360174086, 0.1852907392391332, -1.7600253859444406, -2.2892310456178966, -3.8102396481727294, 1.3824606949550065, 0.21055255431697106, -3.7268180915750553, -1.2359324879637075, 2.506216377927693, -0.3995667561817965, 0.3383709427300756, -1.6361897715827856, -3.2022634393179734, 3.34400010710272, -1.1056655441357512, -2.3351278278556453, 3.60616981141838, 0.42200576661082373, 3.5465923827826487, 2.5399545475227816, 1.6832431681861504]",0.96
13,"[-2.294998572427737, -0.036161886507377616, 0.05051063167701075, 2.4074884185862846, 1.199298074057447, 3.815049251567175, 2.1913445015357813, -0.21215814590294912, -3.6167669777389264, -0.6136905670678212, 2.127274138877698, 3.4443905950049842, 2.1453146958328984, 2.3044164198417407, 3.1270722055899847, -2.6041287545605343, 4.031584134055786, 1.152569527234529, 0.08640056662668594, 2.243847633417316, 2.3093507604169883, -0.34458386433133537, 0.9753546347900115, -0.3240701111546114, 2.994051916742701, -3.3828043020854635, 1.4877678709946662, 2.6662484638113453, -2.7884153915972063, -3.5550778044571762, 1.6146742610886884, 2.193615507818126, 0.4628847768432033, -0.8813524544336215, -2.893988604387264, 0.47353224570052055, 2.55186545932891, 0.11810551213430454, -2.6033116789160813, -1.3137098487092347, 3.955355970934254, 0.36778321880159515, 3.780712635482737, -1.0941667485720434, 0.46323984559595377, -2.207110471237188, -3.4608341296480614, 2.9088669411090846, -0.5727987526074477, -2.713293202477366, -2.26098066780072, -0.34570363082494193, -0.3299719486445851, -2.0191154394350534, -2.05623771652721, -3.247526598451847, 2.6047832457121496, 1.8401378087834526, -3.1053991947816746, 0.108982267413269, 2.5510763413225392, 3.8269845563922695, 1.94095153068857, 1.720800211444265]",0.96
13,"[-0.10826962478187507, 3.980764970322337, -1.1757390350783792, 4.069336202955621, 0.5232663900420915, 3.0534332799899104, 0.5067656800040155, 0.1221342888727246, -3.5293595128722854, -0.14319517007747196, 1.076702737558342, 3.5396915285112978, 0.6099602816143673, 2.7008095642386376, 3.198701288875538, 0.030838294577212544, 4.022548414046093, 1.2006956444855306, 0.7416039350032156, 3.3730440439776763, 1.7586328859424083, 1.5778968295731512, 0.09847472625963505, -0.06293936178998222, -0.3693560048097786, -2.854140137034345, 1.3867694830953379, 2.3901215787169607, -2.0533110198187603, -1.8056637175532133, 1.8005410892344484, 0.5742163299577052, -2.0517160954961344, -2.3282726296838256, -1.265225457554576, -1.0761472113137136, 1.3120675116140084, -2.32351289198772, -1.5343080234924307, -3.4167619020154194, 2.95691093107112, -0.2276512522476135, 2.9517817690200645, 0.3354617652938945, -0.31684951543564216, -2.985566366175089, -3.9235411811226175, 3.7583049240248094, -0.8408446375565408, -3.0674021994523635, -1.152516691114947, 2.458272506244276, -2.193127521369245, -0.40717712736065503, -0.9863955976698635, -2.722879257935976, 2.3843962735816877, 0.078591735429932, -2.5253799077176566, 3.781567044907315, 2.2379873856486006, 3.274451124270074, 2.5932501404749724, 1.1829239456850442]",0.96
13,"[-1.5150351502876758, 3.985794882060912, -0.03956090776576737, 1.9766333508548044, 1.451690497946376, 4.098962789355183, 3.6260409253809716, -1.628637372340982, -2.102309564421771, -2.542756802744535, -1.1628228391235902, 2.7705259656677415, -0.23043860249852433, 0.4923364683872258, 2.5892876433209904, -1.8134175461085984, 4.00100824551709, 0.19879085413672065, 2.019649353597863, 1.5965683746341308, 2.819966954536593, 0.09679063095003182, 1.3511006722073509, 0.5235000537613648, 1.3740584979363226, -3.3531176915382668, 1.416502212279097, 4.132797555375999, -1.5907125395651638, -3.825734281320558, -0.37236723065373045, 0.7914322809472971, 0.6652148826710259, -1.4932649178074722, -3.1512939906201365, 0.686537200502095, 1.5159168180740354, -1.3493355710310189, -0.6190344295699375, -0.09995173583248551, 3.8754594330912244, -1.351897825461748, 3.461313748898739, 1.6291097826524645, -0.7434125465267156, -1.938530382118341, -3.6751145101734473, 2.178991199247448, -0.809528975101441, -3.6723967855489916, -1.3595636677179055, 1.9438592754543893, -0.760923778313528, -1.5232872526217245, -1.9285844043396496, -2.2665940239959665, 3.4401606638481983, 1.4738348914514505, -2.603261944355971, 1.2814576673659164, -0.3138515499930491, 2.3954456502114976, 3.5328512602393243, 1.0777164588373138]",0.96
13,"[-0.4969796643928799, 1.8603444269493636, -0.38396397228663204, 3.2820117219965343, 1.1774369650455419, 3.131216293791775, 3.1448689585297798, 1.4173192707353883, -1.6135856551703058, -0.24685580826098613, 2.9877912220116083, 3.0754523716945155, 2.682943338715651, 3.685132135727974, 2.9871824741070143, -3.861819264530799, 4.033214467628743, 0.22091998279542008, -0.9383260574953511, 0.3520885795221367, 1.8355385182112696, 0.8723543903037572, -0.20230358271459026, -1.6669015739383066, 2.403208012822356, -2.2986711377157043, 1.413472788834228, 2.394572076641321, -4.11027901593665, -2.292795753181131, -0.13700192524209287, 4.096886046070509, -2.2993456757606205, -2.0022718743128944, -2.567009839296235, -1.9213773721234892, 2.8590733095898857, -2.3146253501464886, 0.8301833900207534, -1.4099194452669828, 2.845771061774463, -2.96968063093752, 2.352549720464365, -1.4462207278745458, -0.14895929532171054, -1.5013814969333636, -3.6709392986280296, 3.689550893656088, -0.4764486758606938, -2.395400087506413, -2.426618437262408, 2.8180263736843725, -0.49353698425724146, -0.6499175292410158, -0.2000712970071976, -1.7345791741483958, 2.8835322529029104, 1.1223468011465079, -2.7210289291868444, 1.457513095671404, 2.557488500245054, 2.4307420955834513, 3.668468223091513, -0.4621909911128148]",0.96
13,"[-0.9147030032187253, 2.121800914298187, 1.508384105946516, 4.3259450361958764, 0.21680385607179975, 4.105332755982226, 3.7390151654728236, -1.9791451404450595, -3.8083179974102377, 0.11999851489855881, -1.6766209326447965, 2.3022868747312524, 2.902314805807805, 3.870532634863718, 3.573384679568732, -1.633337559686184, 3.9297551097825822, -0.39987716812784024, 0.09024030999979249, 3.0670376487680597, 2.9068912435188285, 1.892757533334282, 3.320915499347935, 0.3255563242003807, 3.718414999329359, -3.9526986932250954, 1.4311062414596512, 2.0453130258766867, -2.2201149824191804, -2.347544961433777, 0.8738992205202442, 3.8008172855150404, -3.4125015084297092, -0.9047219974716498, -2.740416115010524, -0.010565765224730655, 3.060771199443466, -1.3623307520850205, -0.45900276462519285, -1.930123579225243, 2.901506508699514, -1.5565499972157308, 1.325241281639344, -0.6999135097909672, 0.029300665110782664, -0.9872901711538169, -3.8585407955472397, 3.3634971454345353, 0.48893392524712664, -3.0150830136475664, -1.1647192592267186, 2.380695110580861, -1.4992238254917938, -1.7574929728807458, -1.361291813203609, -2.5739846336253227, 2.9363200567962315, 0.02854498857056812, -3.4634531839831912, 0.7729665809408286, 0.14321861136732073, 2.6425484057181854, 3.1113521448435417, -0.32837974621805]",0.96
13,"[-2.6517151925923397, 2.1875331136980813, 0.23756036025941907, 4.310763538801779, 1.7797447233905115, 3.506795909304593, 2.9971771364951545, 2.251478677220188, -3.7582751577749267, -0.5521548541353788, 0.7408304591157207, 3.6667510422531473, 0.17177291693160202, 3.237432750914083, 3.2216451886084063, -2.7558343896338084, 4.027203297634468, 0.8142683412388687, 0.8279792865166917, 2.4797859362027688, 3.3552219733767443, 0.3332262174653593, 1.4062358984243708, -0.3380756507525632, 3.605274937066876, -1.3693393894137285, 1.4479126770719464, 1.6685213960503873, -2.4880838501635774, -1.7390550607685187, 1.025662272323283, 2.5388911136703585, 3.0222456866303657, -1.9061194395128456, -1.7897944879119267, -0.7140817575116202, 3.182597386851231, -0.793070992834771, -1.2674105377707954, -1.0985748251141283, 4.058803783093468, -1.2023465814196126, 3.023830963765069, 0.6417902903710223, -0.04547724310111356, -0.0998098402887364, -2.9329771800971134, 3.239024576687476, 1.3334011422533159, -2.448388216843255, -2.522888433697415, 2.655886714540763, -2.271933324646025, -2.4011645140236038, -1.2190406972409527, -3.6755707789564647, 3.21633280997271, 2.2111055484330406, -2.5971589189991535, 0.37585546559777416, 0.47041381047506564, 3.2033768711277326, 3.6594367190305426, -0.5703766450907859]",0.96
13,"[-1.4543683028091925, 3.267471992415067, 2.467462722318613, 4.0114046899166, 2.0556464986932133, 3.094385046187833, 3.0673869191355, -0.2235786518172247, -0.33822031065590674, -0.8993850160205571, 1.5693934514762504, 3.8327518485844494, 2.9685176371070914, 2.8597723435586087, 3.0438125535611413, -1.811942997644113, 4.006676257201986, 1.4223092975358422, -0.8889937304565296, 1.7481502627646401, 3.1237108502789166, 0.06561692169091748, 3.2914503277278246, 0.6292604475567186, 3.7428891282216212, -3.677423320424706, 1.4886739086898173, 1.817995035562336, -4.131316732800808, -0.6491134172737261, 0.8176125560081947, 3.7486625523890513, 0.1823923500389899, -2.347937367884828, -2.8138206140676427, 1.0726979683331732, 3.358744765617027, -2.7176191846685676, -2.934611834830931, -2.1728234464995833, 4.0634962339821135, 0.6750054960976841, 3.5478972791999754, 0.9431835321119363, 0.09779947468738681, -3.3438451329219223, -3.0186498472766328, 3.232835847642621, -0.26671443512772175, -0.9284965415094124, -1.775652421107503, 2.9771381747985153, -1.378681715852408, -2.596500025497837, -1.2405069001591702, -0.3617736370705371, 3.102346216301382, 0.32452148939921344, -1.3356862263626228, 2.0932818761010092, -1.306776292091108, 2.493743951649995, 2.468662490312416, 1.478386565199677]",0.96
13,"[-1.582475408931713, 2.56577582000782, 0.8573671978643261, 4.33648927182622, 0.8136327834087917, 2.646127380591199, 3.2706807420377544, -0.6034362848374719, -3.0668740844668116, 0.956424953577351, -2.072556495883898, 2.5520008769046942, 3.2368356131847085, 3.3230823501330287, 2.931527792330836, -3.8443225864870154, 3.9733142983945733, 0.2629303407867634, -1.0300949903113867, 2.8613154705940707, 2.125047621611923, 1.1011187511361937, 1.363431387114805, -0.1940365484261567, 3.4096887918815177, -3.815633324221448, 1.4403875135170372, 3.5275118419615654, -2.347359504474282, -3.855709047103394, 3.2218940840215167, 2.7119843364490817, -1.4054261741410268, -2.8097048403226794, -2.2992017694280174, 1.6708078101714166, 0.8897343496536592, -2.819847523144036, -2.797204071423497, 0.5266018664433456, 3.5528949659079085, -0.5484363311353672, 3.5548655875675723, -2.820548253150061, -1.2035736749799222, -0.24816757262453537, -3.3006308039709875, 3.5238488619214854, 0.7268935837209058, -3.720996436020511, -2.1417309120519636, 3.2509354623435907, -2.2873159520544073, -1.1992798582768867, -2.0059915044930343, -3.8597619904145675, 0.25258702733519867, 1.0775597424398706, -3.039343976420299, 3.516374302974438, 0.39650102168538887, 3.3038908622682603, 3.689183417046425, 0.8499525384000097]",0.96
