Run Index,Point,Objective Value
11,"[-0.30746379461557366, 3.19789590116067, -0.8321128833408222, -1.551749375227473, 0.3598393859560298, -3.0719965794981996, -2.3094412256297994, -4.208643119649726, 3.1459531799857454, 1.1267733463209855, -0.8261596564402626, 0.788520619401172, -1.9869175644807169, 3.414704048917093, 1.4048699930386765, -1.8409245168440842, -0.8306783816466106, -4.017593194248167, 0.29876831020293404, 2.5044384688392656, -3.094390553694428, -2.9264196152195785, -2.207415961862518, 1.225056983402624, -1.6277373227377936, 2.4643045018920575, 0.3209326968650177, -0.5209883539139996, -3.0398678625605595, -2.4109381209452874, -2.199648719291983, 4.237445104391294, 2.1742917599890994, -1.5342248258231157, -0.5552786450786003, 2.8891867178972332, 2.174957784130857, -1.5552996244191792, 3.8831933403761054, 0.8951456593037419, 0.7912300422100925, 1.088629237429213, 3.964525698933973, -0.9210503917542927, -2.0960748955978796, -2.8188666366605375, 2.621210336856057, 0.19229909187175065, -1.6865993240538488, -3.2825572189696843, -1.3235156687160754, -1.5458267968436972, 3.5932628747191733, -2.067691822805683, -1.5445264604036932, -1.1949690370747865, 3.5840571924693965, 1.9729278047056242, -1.436722341548314, 1.3267570801201476, 2.0423747613217764, 2.599138319369945, 4.200125668998198, -0.3893159253444418]",1.3888888888888888
11,"[0.6498221916890343, 0.757574178001317, -0.309518883459444, 0.9788948994835553, 0.0806123151521464, -2.1676262660910424, -3.5552846719693547, -4.18418379444792, 2.4305515613794015, 0.288719661712613, 2.1163100183994086, -2.49081093699086, -2.9184851386356456, 4.644302015204652, -0.9863956070835228, -3.2040431535973903, -0.9304184461869323, -1.22139173543643, -1.3515411840664562, 2.2927983940353758, 1.7041905487289108, -2.917208844457707, -3.4434437087909426, 1.5840984223271086, -1.0234172361616183, 2.315890648617138, 0.2992687602824984, 3.1481411317304895, -2.7086131844448675, -2.971536182682101, 1.3037387001137697, 2.860007539876238, -1.1141790050925926, 0.9700496472768279, -3.0884436445170733, 1.006190484497826, 2.151579995654802, -1.7726362847907529, 4.4158830699093174, 4.114112267898822, -0.18351135241655891, 1.0604343527624316, 1.561245587452437, 2.937427078199576, -2.391879614404478, -1.8817966585493395, 2.455311775714141, -1.1097690117859436, -3.3899487649717113, -3.3184781942494808, 3.069004152870894, 3.2346207802966966, 4.069052186685961, -1.2788912302632753, -1.913425020730321, -1.378647478610528, 3.5941208445965223, -1.2371689449988348, -2.052775053410063, 3.2378876628502837, 2.067125510191932, 1.066247051387244, 2.735459893514299, -1.6962862515337176]",1.3888888888888888
11,"[0.3544088328770785, 1.0691843574540045, -2.814116948618532, -2.602686185766088, 1.7861520052077313, -1.3060518736070112, -2.60944667628969, -4.742961831366256, 1.7084743943083218, 2.197906034991212, -1.2572488706588474, -3.721907237224668, -1.8465650609438584, 2.88633859313668, -2.877241243483904, -2.189076280267935, -0.8409030742342314, -3.5323797479606585, 0.02291659524043431, 2.1037902601988088, -2.7726828685791918, -3.1072068202252905, -2.193502653121798, 3.472237325873799, -0.8512451206158245, 2.1002220181553897, 0.13747438662991307, 1.3514747530272364, -0.9057647178719384, -2.2364796849615907, -1.251933701371383, 3.7242804106903584, -0.012507427262329465, -1.8526872261055787, -1.254749271289978, 2.3105613818418926, 0.02462211583133478, -3.461488017715782, 3.0134975949979617, 2.8981617670911897, 2.3322417388296435, 0.907931455440944, 3.6647230866086167, -1.2103899413010843, -3.1525338242454746, -3.015558113108824, -0.9124715624096589, -0.7621535670170556, 0.7591336138022746, -0.5616811737078597, -1.1493013516306692, 0.8841512110119583, 1.3297961344343703, -0.295000808687243, -2.35218143944257, -3.2156672886279125, 1.4812740546113958, 0.4764580814719488, -1.1105807394662017, 2.183458943164065, 1.1684044197524273, -1.2767427278557766, 2.967676866444495, -0.9056245029916663]",1.3888888888888888
11,"[-1.972166064660645, -1.3263375965508022, -2.6972725869783427, -2.1037749163373936, 2.6971588185192497, 0.03985279786964546, -2.9927169603170185, -5.065756050997481, 3.1982803754944675, 2.043681789567128, 1.0010408284489767, -3.723530408879536, -0.10272670305425335, 0.09785218913558924, -0.2692595536036654, -3.8928867974133654, -0.4491790474892321, -4.215868310411681, -1.5366105580062155, -2.407171960397206, 1.9291186454823666, -2.859622685017429, -1.9497664926127642, 0.5970233677739136, -0.37281638909702797, 1.7884325870612097, 0.07171063512183173, 1.5301944174413964, -3.5193844230317914, -2.048008742146563, 2.889447942433418, 1.6107671366279788, -0.8727681792470842, 1.7563698363629063, -2.2870052520265776, 2.6401763154131457, 0.8718726439947394, -1.3685698592842188, 4.350616418639617, 1.0632633992457268, 1.4013291442794336, 1.8655294954304107, 4.144513965554806, 3.508464399137948, -2.1673103985036444, -2.3836742314627424, -0.5038793836003808, 0.7235003262887778, -2.887376159074229, -3.5514191035561273, 1.048488549285403, 1.7412728618950737, -0.029190385636169047, 0.1783489835950921, -1.6604740006289278, -3.548793199116277, 2.5227660505207243, -1.906204686007511, -3.379834803624828, 3.540623992498337, 1.0627809899708833, 1.505844979697088, 4.206272785869039, -1.9818695952577314]",1.3888888888888888
11,"[-2.0533445743883734, -1.8568226849825757, -2.1623070526307697, -0.3415778244273111, 2.765414162281905, -0.6925760344804672, -2.8021274637150086, -3.8371759454507552, 2.0506940437969883, 1.665652479816612, -0.31719355072889766, -3.555796997945943, 0.3463180570183193, 2.199484997086433, -1.846470386852348, -3.369398412188913, -0.7491513170281054, -2.5674981821735656, 2.7685022563853456, -0.36063620017776965, -3.152426698096209, -0.5269290846143111, -2.798245955145691, 0.8794854403401979, -0.6920748448202538, 2.1086243361888615, 0.17563779395183632, 2.7265269238092413, -4.212352950699445, -3.78571753615124, -1.8895000296879345, 3.6164024375283783, -0.6625943422684634, -0.9923831709312416, -2.9755275539002226, 2.7174210536843795, 2.6075076841111917, -0.6376872557101948, 2.395246802814447, 0.7333454198855853, -1.5208367037510124, 0.6373196818448128, 3.822071114011025, 1.4136915132882613, -0.8433922096262154, -4.5841458124441505, 2.593690680532879, -1.915229015209544, -3.827203786515736, -2.480397584367007, -1.1203211011730623, 3.1197082985022697, 3.516869175135766, -2.1761944788945966, -1.2021491455498792, -3.9674864320855385, 0.5308842268117364, -1.290317093262445, -3.3340491757201383, 3.040143722379301, 2.2852518453916906, 1.347824868389944, 4.139448146511519, -1.0052180087409353]",1.3888888888888888
11,"[-1.5718300392888982, 0.1690461601576284, -2.0747897479920843, -1.4070986042861384, 0.9675600157842799, -1.7935411774398602, -1.2394480035525604, -2.880407504302724, 2.6026202773105855, -0.9665052677102506, 0.9964725595832863, -1.274405164973604, -2.5000285557499082, 1.0075756928909763, -0.0656142840752757, -3.9265413048788735, -0.8839807820851524, -4.219856072245093, -1.6336288950105902, 2.2243066901716615, -0.8944296237529327, -2.8277322066659156, -3.4386753495880864, 3.2041352632728213, 0.529528021171646, 2.8633045233346768, 0.26125434380832635, 2.5003338239717556, -1.3599356378812533, -3.843955614339951, -2.147063050098617, 3.4308793083196627, -2.7001399234454695, -2.843192331057126, -2.6554433788387986, 1.9785314394736553, 0.4422443340012181, -1.6702603017140003, 4.371940558002059, 3.2996386875036947, 0.5015373435440911, -0.11578804177487023, 3.3962533507611288, 2.59109090304974, -2.754859227893638, -3.300150607873043, 2.1914378518803304, -1.296383627890331, 0.9951499846833028, -2.5798726223793382, 3.509244608794294, 0.4728283293000337, 4.011555773055638, 1.907957026046979, -0.6202550125445967, -3.7976699970809134, 3.601277817722342, -1.143207128145752, -2.7901295509339072, 1.2486642076434036, 2.936892713421857, 1.5176779624421444, 2.641787537424894, -2.5520798263848383]",1.3888888888888888
11,"[-3.8152137603747196, 1.785894083090124, -2.4503101355578494, -1.6735786090531888, 1.9839978834128733, -1.6865240113566322, -3.7952688086028887, -4.982991524325849, 2.2968760485669995, 0.09838651059152193, -1.5632173833779257, -0.7791636904866592, -1.5165298232748414, -0.29214372670724664, 1.0023104759939332, -3.911338348630194, -0.6974950087888057, -1.1658706643932835, -0.7495729715812272, 1.9381224163101312, -2.329380505735491, -3.225340843619462, -3.3095576221224685, 0.514884476006872, -0.7784814677153308, 2.3141594942434978, 0.19130484425783645, -0.5097715485062284, -4.262093560969297, -2.7442947505676143, 0.21626216131927856, 2.282257474887728, 0.28661978523180554, -0.6660486239687278, -0.5389092629570995, 2.7888535940342902, 2.2088000254536646, -2.9717547623518596, 3.213527395530065, 3.260838945020252, 3.1318938145836905, 0.6953042962352677, 3.265448147652442, 3.442480413050208, -1.9691339466728903, -4.492193487453001, 2.05189363320881, -0.6833090292933861, -4.0785201309666395, -3.69704863536643, 0.12162268744095939, 0.6301921294434565, -1.7739634096552472, -0.29316324153649786, -2.7206622053492735, -4.0126094237830685, 1.7205683987722549, -0.8380323973304553, -1.0046245199675536, 3.5100142909863665, 1.219197694556239, 1.8997432354761554, 1.3114131112713818, -2.5013830261032926]",1.3888888888888888
11,"[-0.8167022359398481, 1.6236269555766265, -2.3608816927626473, -2.8429109465123967, 2.4012511827574707, -1.7036091970457097, -2.5429437951076537, -3.017872932803737, 2.184917050445193, 1.1838947425318855, 1.3193096637574557, -1.734158156122085, -0.3760553564260114, 3.0317856045932103, -0.33602775708745847, -2.3565512919896836, -0.3679428287325437, -0.8292766192655576, -0.2689369124516748, 0.9622151826343207, -2.2287824617186662, -2.5225592983349667, -2.357839836721595, 2.083126657946983, 0.3704248935146117, 1.5763456345248, 0.08329322380280169, -1.2074462957989898, -3.471045375938259, -2.4049087325213705, -0.3112621324226623, 4.124141049308136, -0.6480347177209762, -0.1670374062232094, -3.1443618658308767, 2.0329954015054335, 1.8564121475606168, -0.8052738537083046, 3.8410257728978348, 3.9990362967584416, -0.8200298028553009, -0.1152083243903721, 2.8787385251308075, 3.450065264444378, -0.2923400381163308, -3.3856664394584906, 2.5556297406113724, -0.28571474631808336, -3.165477211735316, -2.6902578068932197, -0.2495586379956323, 2.0193826104159784, 0.3378657836641934, -2.664539435735783, -2.638555261579718, -1.9492627027700005, 3.3371363788749955, 0.31115167383122533, -0.3144009447070384, 3.465588867085235, 1.8569708001402117, 0.4504405617849945, 4.248589809477435, -2.0249177613220355]",1.3888888888888888
11,"[-2.5882821250344903, -0.6026186559347569, -1.875057832965544, -2.28901252914124, -0.46703874669183176, 0.03593512226471057, 0.12158065050974676, -3.8043316925205852, 1.3812071867714826, 0.23882448959673086, 2.9340984163882853, -2.467627191923369, -2.182920132735002, 3.6108224232808093, 0.13006196143690524, -1.4208049084980767, -0.8585206292724132, -4.1468565594047035, 0.7674322289715234, 1.130538426606152, -0.810509426584427, 1.6832605130151568, -1.0049234065126438, 1.7543211568925334, -1.7848832059803252, 2.7513490267816443, 0.10572427900023174, 4.141199442416981, -3.0857277948660684, -1.346817393901457, -2.3242909743923534, 4.103437541563976, -0.993678057879853, -3.051443912114898, -2.6075176954170214, 1.2880286361132294, 1.6838223448938485, 0.3151324069219973, 3.136713030400598, 3.2411988228035993, -0.03962415643214162, 0.18465066782465556, 0.5665173667714964, 3.4080209377268966, -0.8440295875535567, -4.479905677378559, -0.9974239939889453, 0.09617332227911168, -3.4468764947245685, -1.8731253598665965, 0.28607092151707403, 0.2651573698570173, 1.940472154555068, 0.1285253134164086, -1.4847618173782733, -4.0396720689669925, 2.103834517640795, 0.9319635856910299, -3.2080167879161077, 3.674975960850716, 1.4877569569162348, 3.1143663654738454, 2.94823375699955, -2.6845542772513684]",1.3888888888888888
11,"[-1.0775210980671486, 0.8896275500212376, -1.3015258084124943, -2.2414115195135635, -0.42416080668711365, 1.0830784873511652, -2.947243988529027, -4.756848725707954, 1.7279081061591461, 0.03722084731023467, -2.587538092701527, 0.6652528781232032, -2.6201163695924414, 0.022706285507027246, 0.10355747097771922, -3.76961847348117, -0.8232537588509112, -3.141169306100054, -1.6388902832528904, 0.9316855214820463, -0.15398280917977042, -2.27054254076042, 0.47783474603443166, 2.0836671683181325, -1.1887712723634536, 0.27612351403277735, 0.05631803114823719, 2.736918641204152, -2.266289070514696, -3.6973317636332523, -2.8725897022916973, 3.7368226059998313, 2.2175378133749555, 0.6919737647098387, 0.15354349171723047, 2.460428737700629, -0.9170892483652329, -2.7443113914584543, 2.545795848049208, 3.1124077773626446, -0.5335539564815837, 1.3603694514911877, 2.798794452866473, 0.9969750588608615, 0.18222586453004097, -3.17537526508959, 0.29690582241761376, -1.378710046907594, -0.4655609837131063, -3.4400087829427886, -1.1917928841008156, 1.8982067485047092, 1.482007022055682, -1.9554376919943708, -0.02660909446674342, -3.1329058865410797, 3.188257287713556, -1.245412027820263, -1.1583280612699831, 3.814182585050698, 3.033268945562162, 1.3801062923941176, 4.252765012069438, -0.04906463745468859]",1.3888888888888888
11,"[-0.5586536547530547, 0.06911177667740276, -3.0807763170018494, -1.8291381440524042, 1.9340398899025812, -1.1601326827591252, -2.858258789675128, -2.805582202969563, 1.4484084099138008, -3.2565594233768493, 0.8666009161641036, -0.3569931183073598, -4.052768539442935, 1.724207057791853, -0.24802054776478116, -2.9532273064637278, 0.19080674735785874, -2.2367292323741568, -0.216051168618544, 2.856176363090297, -3.0921602166543787, -2.389933599780564, -2.9409226204392787, 2.9655391094482506, 0.35619147650948935, 0.17317849718651868, 0.2694732444232629, 3.874752440068505, -3.6693416119522753, -3.8692222063597814, -2.4329428201887056, 2.8421460714305833, 2.9258730569304845, -0.15836486239923722, -2.187749572404129, 2.1875552666128093, 0.8584939044227637, -0.5783880090266071, 3.4734959107572196, 3.9284053733051776, -0.18878007203918643, 0.19525551734287627, 1.16660695114659, 3.4849239805293974, -0.7930398127552836, -0.3332693381561027, 1.3372314176596536, -3.246430741258153, 0.21640223898444, -3.153464258640079, 1.4525600002749204, 1.8851050048994082, 3.4037874265299837, 0.2314014869564962, -1.9415980107603756, -2.7550137563306727, 3.2718513662106865, -0.43517767250119255, -2.761034464811353, 1.0866039219034076, 3.081231009776892, 2.037625355394946, 2.783697258305576, -2.381101134066453]",1.3888888888888888
11,"[0.06288413258228906, 1.5252111496141945, -0.2812734638474388, -0.9716867633477794, 1.6379223836385548, 0.7944839271912035, -3.265854780477566, -4.784853718495216, 0.5919605553866893, -0.5128366500571527, 0.9997686436088167, -2.7387085388034667, -1.9912741405607026, 2.5039845779790633, -0.9497913535289287, -2.26139947871561, -0.9346217080366976, -1.1013712550896475, 2.5545242015144507, 3.403849824604701, -0.4981718289800353, -3.0279602248654536, -3.3731366108062284, 2.6298275587673032, -0.9211135137714723, 1.0740237371168193, 0.15859486695989045, 3.1889732968825415, -2.747893095388348, -3.8594150498946997, -0.29962659602318986, 2.791562097346127, -1.0404602631383173, -0.07559667805374923, -2.1431295478526833, 2.938187284806152, 1.4197001057120708, -0.30663193589500143, 4.0317983966843105, 2.851447245753601, 1.5070125720312593, 3.057647349570322, 2.5259189156886785, 1.5364338434280616, -2.741028960761479, -4.598651211007822, -0.10812470105567362, -0.9486026365536485, -3.6927100445198384, -1.437297224321585, 0.010863718662495928, 1.6733079094605667, 1.8095423786301394, -0.8761602962024675, -0.9384004362059137, -2.305164486306324, 1.3745542406272704, 0.8624799569734773, -3.1916373774617055, 2.880863052223188, 2.5196868302977196, 1.5010099072940766, 2.225598573684176, -0.414888660980421]",1.3888888888888888
11,"[-1.6663598428416067, -1.2108493275868029, -3.2313530165376276, -2.611914788492177, 0.39447033896302036, -2.171831138032183, -3.8286106631492713, -4.991904527872613, 2.463171112275047, -1.1717550023665595, -1.5441967266012127, -3.3610991870951126, -1.3686028195939475, -0.02465004070858301, -1.8593481030490808, -3.928516461279578, 1.038173040901923, -1.4061625168933958, 0.19952133768579128, 1.4772042446804847, -0.38779739218427267, -3.09837024119503, -2.705713891651084, 2.3537606285387853, 0.23546137622294694, 1.3545810205332223, 0.4454265179315612, 1.6653757282954518, -1.5372349449606082, -3.653277538203424, -1.6135369956918086, 4.038231167332096, -2.1196038752871473, 0.3834396004180003, -0.9508108127422652, 2.7900767254837464, -1.2332499300621336, -0.1374524771456591, 3.4701629752804646, 4.079429868402764, -1.1114955007685121, 1.8106626294561714, 1.4387832696091782, 3.3861880236810946, -0.2884619078008279, -4.607676720866815, 1.8813872079988965, 1.1995445664731683, 0.5399757065018109, -2.246955241206584, 2.058595369323834, 2.343458413326071, 3.7759209308718, -1.1982335865656468, -2.2768258579334106, -1.8819199343341406, 0.16444813729883112, -1.077408575504538, -2.8633768506118837, 0.6806834753452118, 3.0196225962941408, 0.9855529021213183, 1.2531217228696256, -2.45221202735788]",1.15625
11,"[-0.2900385903892463, -1.052473116914578, -3.215867947775792, -2.563277509900467, 1.7216102688487878, 1.6036840208248542, -3.810325309137981, -2.709638257174443, 1.7127475549345346, 1.1231941531548322, 1.2426437837580815, -1.6646104179980787, -2.1657185973565816, 2.32446244778893, -0.6957281386701283, -1.1905839298681644, 0.7471403239333503, -3.7844177566630326, 0.38369616002103085, 2.9023543729926735, 0.12069033379316219, -2.3305403923105468, -2.4755761419073865, 3.238458561706749, -1.1014502406659399, 1.2385663347834581, 0.6584120122103737, 0.7762990291407972, -3.915156382441799, -3.751056536064433, -0.7353759859456471, 3.311581279427797, -1.8392627695777208, -2.923189385301319, -1.4326081565766629, 2.488835056030572, -0.19048822925323783, 0.8410502809759108, 3.593885067637805, 3.8126448331467975, 2.108853953963131, 0.6055760274552038, 3.5725951831914124, 2.1715171949494314, -2.6871035335082967, -1.3756088014710874, 3.0952640614437943, -2.2266237647246783, -1.6078690314259554, -3.4108658153509968, 1.6123968304772807, 2.1032386527349543, -1.698644323285151, -0.9106906119274136, -2.6329670613269385, -1.5133310830013178, 2.963364620678711, 1.1154735972607561, -1.069587156009544, 3.280829150870818, 0.14545658829726182, 1.5811431106473375, 2.7645667325450427, -0.26439658466523874]",1.15625
11,"[0.47189968814666294, -1.8292833718668433, -2.8731642474689627, -2.0408712196191954, 0.9701718769657892, 0.7667756670380887, -2.0717779229300266, -2.378936944394676, -0.36256853198909766, -1.134859820419759, -0.1263102607315413, -3.6604939418339493, -3.030691749776359, 0.8704287146252021, -1.7452743451119153, -0.8901144532988452, 0.653706064723621, -1.6299402170106116, -0.5160735197063144, 0.03502180598898885, -1.2729465987033186, -2.0618907145547807, -0.6381573728200118, 2.0886847774386172, -2.235884603289604, 2.243524241647472, 0.6701503571888252, 3.0410226775760707, -3.212650659166739, -2.325372672706098, 0.18023439755208354, 2.4356829396278155, -2.070493619319301, 0.021668533847079507, -1.6915144220190088, 2.7326531598825667, 0.7838987693729558, 0.636092948029642, 4.359360034779681, 2.669283104638673, -0.5344378682561226, 1.4901330262856893, 0.6361351983370189, 2.689478371978133, -1.6229080231292476, -2.70818447300598, 2.2181537387652637, -2.605122296195538, -0.9073433083641343, -3.289768330135929, 1.3354287276238805, 1.0289884027204064, 2.180318934256832, -0.6082803371014012, -2.216830284410448, -4.033739704751536, 2.8448207732474784, 2.6296597924559615, -3.3952909449916073, 0.8912999337390168, 0.6092743630525659, 3.4511621945028983, 1.9532258588078717, -2.7460230723863286]",1.1538461538461535
11,"[-0.14646093374160407, 0.8823259591448251, -2.299968402753044, -2.7985561085287145, 1.462056475893121, -2.0820366642280703, -3.719509589697751, -4.377599249215906, 1.0807672318951078, -1.8485742623665176, -1.2480982433342507, -3.726227224631242, -1.8752325244622605, 3.5093876928008187, -1.702030428395822, -2.368946086412768, -0.5940436766833663, -3.3766265319868403, 1.2850461163154612, 3.3088165746881972, 0.06215217212101409, -3.263923281980708, -2.2839304143100043, 2.6603790336339426, -0.8269036500560514, 1.096481785501164, 0.6103036710375163, 2.982673371090537, -4.283104294385025, -3.785412466868348, 0.2977565853292654, 2.9712709450515074, -2.031429275573596, -0.8243631012489394, -3.012487161336294, 1.1952202175183984, -1.3067875723793327, -3.1644325766164503, 4.3628558586227095, 3.831121148723147, -0.5647998397753237, 1.2849734545521478, 3.521250728735823, 3.3675551800932166, -2.8886516574068892, -4.0690874646371835, 2.8814364068682408, -1.0544497655471075, -2.040264690576892, -0.49955483248411103, 0.8783027129857065, 3.2813893488655017, 3.34241592655468, -2.8535779740682026, -2.7187315739744937, -3.8780428163709995, 2.4258551334410465, 1.463984970186633, -2.910068251746007, 3.170296977623572, 3.0165502031680353, 1.6593328978194295, 2.8362995736862984, -1.803856613931016]",1.1538461538461535
11,"[0.374024075717331, 0.44412127835627524, -2.6057581080685144, 0.08998096876125894, -1.7061968921451458, 0.22862337238731567, -3.884924782554859, -4.53755948460327, 2.5982002960864836, -1.0571757320786848, -0.8666689632815112, -3.672308752122412, -1.4755982533079934, 2.779390968598782, -1.1378625121574306, -2.820479639718526, 1.3371526901794615, -3.1804582492936655, 1.248864558879481, 3.178617527360032, -1.0783567078555065, -3.0767126477588786, -3.3498502029042547, 3.5584849616867764, -0.24717767571146831, 1.0881616451018616, 0.4303813239288088, 1.5543409480881885, -3.0735348767253807, -3.218546417408924, -0.5105317948802671, 2.527891923898889, -3.1932457135672374, -0.45640596555609386, -0.06038231444328512, 2.271965391862305, -0.5466255290447944, -0.514861432524906, 4.287232402625233, -1.2246624391857064, -0.9010701616789439, -1.1420317581053507, 1.5884032960866183, 2.8731210783709127, -0.4612995462654861, -1.3164858248750375, 2.279977337687855, -1.7199120333680145, 2.5528679516653647, -3.048468298746484, -0.2482202733288158, 3.2833818981365064, -0.3517111682203249, 0.3686508635049188, -2.0068103016087333, -3.093310256300331, 2.7338478628735263, 0.566274977719248, -2.2431691754571244, 3.1281816286147808, 1.5226834195546681, 2.7366999293643888, 3.62914045138335, -2.5864193145141865]",1.0350877192982455
11,"[-1.1616326058427489, 0.056723577041567275, -2.440999769837383, -2.214152866220612, -3.5399444429029474, 0.6430643420921303, -3.699045105239436, -3.4874656678078857, 2.5390092687308297, 1.1457143797251872, -1.8460720099025298, -2.063553177605535, 2.279889220014417, -0.1600494763890774, 0.48239928702981716, -3.3477491522056995, 1.1463767365205961, -1.549942389911988, 1.9969730247438038, 2.4396961750998605, 1.7456091097848048, -0.428784901426184, -2.3739194071717584, 0.755919261651433, -2.0843425564982923, 2.629881365598502, 0.36277146306008534, 2.6614129559976014, -4.11138631491729, -3.6154184350349903, -1.368348232868728, 4.216965067517449, -0.6741350269711317, -3.0494744252228867, -0.23383884958970524, 2.8826225798724847, 1.4252663270351198, -0.7940361261449462, 4.421325235038944, -0.47122218246124215, 2.328474704575356, -0.4073547644163118, 2.334797612153916, 2.447714770056295, 0.21289564017171125, -3.998554543178009, 2.199004967142237, 0.41591795527020214, -1.820902936600116, -3.1175432773648253, -0.904909788093051, 3.2054073827722775, 3.24552610158124, 0.05653429953198219, -1.5762384540753205, -4.039664913641807, 2.350718121177559, 0.0363217819282835, -0.8188033320073795, 2.7779269180718433, 2.6389995279471385, 0.34394392278987396, 2.2652633833494664, -2.3406133895697616]",1.0344827586206895
11,"[-0.08508035306296288, 1.9114102582466173, 0.0754872964104436, -1.7467317520132086, -0.2338132758406417, 0.8164969972955283, -3.8400187872527662, -3.436685704960216, 0.07002282269160709, -3.004398625746367, 2.3207185504897856, -0.5311071556732878, -2.3691536474295574, 1.8322726242749363, 0.2828953699944388, -1.1151574251460494, 1.1010441501143582, -4.1958752496335965, -2.8113247781147597, 1.3877777035903196, -0.19175109859601625, -2.9651075604384634, -2.6135768448046144, 2.7646221398826594, -1.8960798888640125, 2.3882015515950554, 0.5759078102714197, 1.2835717835668643, -3.710352965778318, -3.5690824254824607, -2.330761989847373, 4.117241567307858, 0.7848935388690237, -0.48758881529722853, -2.3802809961753892, 0.685236082747732, -1.0834559176159375, -0.27966832491841637, 3.9170668338085806, 3.5796892340087028, -1.401938422403458, 1.6606772854605232, 3.59770228635477, 3.4122726233633003, -0.8238104555426569, -2.1971825225338883, 2.0425667541289583, -3.5802046545050974, -0.5034865853384842, -2.345275348502579, 0.5085926148856105, 0.48236678133944855, 2.9612487839602766, -1.482578684384356, -2.4991784711711063, -3.4171865317373027, 3.254599698354844, 0.5232845856540448, -2.8496915749965646, 3.4809406703209937, 2.002003701419972, -1.4871313558992867, 3.512996415874573, -0.6273997327519387]",1.0344827586206895
11,"[-0.5996361123945351, 2.446546550102738, -1.494019746413853, -1.0482595392947718, 0.7221610924689024, -1.1692138784963562, -3.8827024533147028, -4.475502800117231, 0.8706229847344558, 0.6482048431501233, -1.5688361400961264, -1.1998615506180372, -2.701387813219258, 3.2690890585615633, -1.4600606742555002, -3.7389493088466765, 1.1882000886500346, -4.2075841348310155, -1.5775974376102717, 1.7386683337301072, -0.8549835451479524, -1.137427729126473, -1.487569494305231, 3.480123113361588, -1.0127785907830258, 2.4034027927274444, 0.4203525260389024, -0.7656913670975694, -4.281657647523524, -3.7988322899201017, -0.960073426032625, 4.028128064425712, -0.7659420157282282, -0.8487448196351868, -1.239178011354338, 1.7873503203803147, 1.5326277485830224, -1.3290149441896282, 3.439403116681202, 3.334126317830416, 2.0883682807538237, 1.030372391802903, 1.896084678716959, 1.680818637136873, -3.141283624556457, -3.410421909625601, 2.022920009413998, -2.2492999436143255, -2.368764562146315, -1.7338646265137518, 1.034042502092466, 3.0692961874135327, 1.3564037100136719, -3.0881858260350143, -0.05683740400764803, -3.498288202301421, 2.609775007952782, -1.5875239269599142, -0.19924150056324486, 3.8132353923340836, 3.0837764620142587, 3.8561638004194747, 3.5324497853935926, -2.2181664415029383]",1.0338983050847457
11,"[-1.052253416557915, 0.15544542127360206, -3.168389889239179, -2.6244050809597446, 3.0657022009987966, -0.3252361826181259, -1.2106556226443534, -0.5588756369628962, 1.6399743384123255, 0.17403441721488155, 0.04620120591749699, -2.8620671785924126, -1.1592928093217512, 0.7623619640805088, -2.3341329784107225, -2.8709998038378814, 1.2854229972445825, -3.304074294074134, 0.05341000289822789, 2.386244873997108, -0.165488641328969, -1.709978506559063, -3.463114440383606, 2.6040031681523477, -1.7594199754451436, 1.9558222631048583, 0.455022824013418, 4.103661047312924, -0.79552804922089, -3.566047730486187, -1.52608776807198, 3.045831400392908, -0.36594186404703555, 3.328506697698595, -1.8510534844898345, 0.3910827269984658, 2.4601244514090688, -1.3369567876768265, 4.163281855069706, 3.239161052141671, -1.6011870510867146, 1.2340589428380673, 2.573331831504569, 2.204471935839406, 0.1941664008942815, -2.818475805437859, 2.0208658066507237, 0.32449997404705444, -2.787743648418909, -2.9952341410461365, 1.2179245993124834, 2.5595598325914364, 1.4730477646996525, -3.06638426833748, -0.7865277435371418, -2.550611332208488, 3.585646276817877, -1.2427313611864472, -3.2491668549557655, 3.33536250840761, 1.2605028140588592, 3.14011004795158, 3.011926318951594, -1.189524469552362]",1.031746031746032
11,"[-1.2071140403534786, 1.3998758334832073, -1.8776093625645052, -0.5278394834000214, 2.706662541933786, -0.19120119608873143, -3.7682423516558172, -5.06576005184227, 1.0514467875557347, 0.5993322167703072, -0.8199532701563406, -2.069300367455937, -3.777031743001144, 3.971010226542293, 2.914635469823979, -2.7271387014749493, 1.030468008908948, -1.7719291163484527, 0.060567777612796136, -1.7459484300913215, -3.105839100047041, -1.4976044104784059, -3.5080197342465156, 1.9948719699097492, 1.425461623801502, -0.857375681712162, 0.4462439751926192, 2.8280790737938015, -4.252529419317829, -1.8860377147691842, 0.9002894957370269, 4.159712729074685, -0.26854379231360703, -1.7600210520812642, -1.522858174408117, 2.2774766751772777, 0.6508667416377647, -1.7301102730326456, 4.408318267312511, 3.986679247467288, 1.4955355298750717, 0.1911357239903535, 2.156195311629838, 2.167605030641708, -0.9409289456950123, -2.082359735098717, 3.034274839333889, -2.404134202388066, -3.14323860823892, -3.460860106046722, 1.2301923919399549, 3.1891931517341305, 2.7297862537093605, -0.345836688746481, -2.497617362731582, -3.376355378121194, 2.9148025956466497, -0.6117560023052278, -0.8421020937812633, 2.5762313578383678, 2.459883426477987, -0.9827894407958118, 2.653040997919505, -2.138670387519001]",1.018867924528302
11,"[-0.025049143943326746, 3.0662828259693473, -3.236282270294727, -2.687350732134836, 0.9677131424291392, -2.2698704693839247, -3.8630458834920796, -3.1519016747436357, 2.746469194155462, -0.3099848534898869, 1.0082732172434699, -0.7991457375145223, -2.8969326993698625, 3.534937956821188, -0.29900919105226487, -1.013545687887676, 1.3346179807050107, -4.228479113757, 0.40017861884213957, 0.0074494108137026505, -0.18614047588021732, -1.9388506045227016, -1.4251129816472472, -0.6246125064744561, -2.4503879393543477, 2.7942217624252015, 0.4828191561409245, -1.9375469287857934, -2.3539253208515674, -2.9694654497056625, -3.3952527764901537, 3.5445565340239926, 0.1726668553042705, 0.05011473622244672, -0.4787509939637966, 2.2627367038854023, 0.04187472868875319, -1.1607801311892803, 3.6960349371138195, 4.101476849556561, -0.547755608649535, 2.1332875783045706, 2.247978345642145, 2.3899338481843713, -0.07186525085849749, -1.8178068694133773, 0.11589168719806597, -2.7106289843365623, -2.2659454604933775, -2.094548665599402, -1.368514613663899, 3.2284574329492033, 1.4689714760988668, -0.9735122495522954, -0.6401453007771538, -4.043311177620292, 0.8276455472427076, -0.8422168813767844, -2.7340913279441272, 2.6547447077781943, 0.5503922285959062, 1.915523061735284, 3.8510707859279383, -1.0146518112954455]",1.018181818181818
11,"[-1.0968077288859057, -1.9818251927963972, -2.0863900861601343, -1.3217579202638696, 0.20056200987959172, -2.8070385847986383, -2.525512606013873, -3.9093659065944997, 2.326439071073262, -0.179007245212637, 0.43802621598965163, -1.4950790397496432, -1.4582376897098928, 3.4749704787226685, -1.1558996514759792, -0.9045892046567925, 1.2573001966858774, -2.8877816689387714, -1.8016816175348342, 2.4635321677097535, 0.9495063802511098, -0.33799497374381016, -1.8602794981518675, 3.4101365386016136, -1.095635673219011, 2.6608367058762816, 0.42766568731288324, 1.9768754681821092, -1.326834525184305, -1.3904676562031262, -0.5298664028344579, 0.2721851432781146, -0.5476072204422016, 0.8001882413923833, -1.4451156285333853, 0.7512886551580298, 1.1439938796040123, -2.381795030567204, 2.9544006630183817, 3.316879601978572, -0.04680238827134864, 0.39891101484533387, 3.9056418352001967, 1.6005031390618463, -2.549079633213318, -4.382989230901577, 2.707650840318755, 0.5099584223006629, -2.3549780530020477, -0.7475933740660006, 1.824076039733318, 1.5908143174208487, 1.5045780069731745, 0.584415896960603, -1.6717515882255114, -1.4966675048558913, 3.5241170851453085, -2.009677543347296, 0.16194545447999298, -0.5014846800703516, -0.9953493515952907, 3.5608833910556648, 3.447996131974078, -1.510085946933747]",1.0178571428571428
11,"[0.0751703566462647, -2.1207387764531482, -2.5936381159452537, 2.1901883479731774, 1.6223984079655152, -2.9101515549116037, -2.2315608911708362, -3.6942985683547853, 2.1873609562562732, -1.1389694620964648, 1.391258312643902, -1.3877899245823047, -3.9331164689713902, 0.42293653621996663, 1.5161893153320964, 0.04062528780794672, 1.2266925570322753, -1.3825742592099082, -0.5188786179641306, -2.8655581911486254, 1.4065772424330227, -1.0318939290548723, -3.0398667191877715, 2.9247435441663083, -0.5997220527731537, 1.5517593128927836, 0.6091750624875485, 0.9118945152367175, -2.114557973483338, -2.2783558722144095, -0.6881970599463865, 4.128637445608368, -0.33335538127393854, -0.35231617852802416, -1.4772883061671942, 1.8741487831826675, 2.445044232175775, -0.46018116223585337, 3.0595280878335633, 3.8407575491945742, -0.6961938312759961, 1.1079222127867974, 1.6940179772403807, 0.56355169823017, 0.22345318114326607, -2.14301927343653, 2.7660070446914435, -2.2540517097515753, -3.239265062974077, -3.241845384206119, -1.653333400186989, 2.454936415272238, 1.0391936586618673, -1.7947847829951165, -1.39261283988629, -3.483934385186616, 2.5848240797850366, -1.0892239315754801, -3.3976450670244067, 3.543742513924639, 2.2352899364605503, 1.3106513713510846, 2.13222927198888, -1.6589743433664008]",1.0178571428571428
11,"[-1.535259842348176, 0.8150891136991953, -2.9893414875166338, -1.5492251076207884, 1.0463625132466627, -2.8876416376161265, -3.8518069157742403, -4.990386753278794, 2.885085854894025, -1.4951772171776105, -1.477108494873947, -3.0853741651566566, -2.442016504956684, 2.739772124690197, -0.3176908173405595, -1.3489495516562693, 3.882666023708247, -4.222994910866357, -1.7294877060959228, 2.824524804929177, -2.1661020636332053, -0.570541181605162, -2.448212067548282, 1.821304062811301, -0.12827591271169636, 2.5460513749018094, 0.882034793575339, 1.3944722045729518, -2.374813190244355, -3.758600339702616, -0.4615784405069984, 3.381133183486365, -2.0107990217008864, 0.2526824044275219, -2.48930315885539, 2.934610168580975, -0.037760642422523194, 0.94710114273809, 3.8827521696378473, 1.9702514311282466, 3.144025829623902, 0.28211173854715477, 2.476701352858453, 0.9288652138151858, -1.7889419641785906, -0.7328347405754152, 2.7793254199745103, -2.085069106822532, -2.5979273654165214, -3.542788528999071, 1.032168358362107, 3.284095619420792, 3.24331502626639, -0.3870713230460176, -1.9781509869337979, -3.90875321016983, 2.49295216759589, 0.8022622554875043, -2.8662438796042364, 1.7580995107183357, 3.0701093879850436, -0.44841656421434317, 1.2488224118141684, -1.6311836103651691]",1.0103092783505154
11,"[-1.2980140478554434, -0.2525964429423303, -1.8802905708497373, -1.5063938451637249, 1.9927822647210998, -2.170861713972931, -3.8141065503631446, -5.051795171540723, 2.486175315734631, -1.7219795366911854, -2.8946496280408613, -0.4191835654787375, -2.2544301377596803, 3.1026523188804522, 1.9159138695028388, -2.837861126640353, 3.8096642077862604, -1.7717589991737315, 0.03245081859134302, 3.40149461333922, -0.9392743345143051, -2.899733870305802, -2.3320427071868446, 3.0472208617584466, 0.8407990466250937, 2.0937234473992516, 0.6977909512696231, 1.7333806526617224, -1.4111447142442315, -3.861745842977551, -1.9652979426143393, 2.946345912005833, -2.2353613390714844, -0.03253545837556257, -1.0898016074180568, 2.757369775891184, 1.9831662300447102, -0.30130434915091675, 4.194662821392161, 2.4908327867379696, 1.68788444518189, 1.4456792358115411, 1.1251448724181374, 1.5031574098956018, -3.149994742825279, -3.691857333406753, 2.5079705903167118, -2.5271308176267517, -0.22976832057753827, -2.5030036743092463, -1.1234370408869183, 2.6372523175647777, 3.458896780222589, 0.4295623361195714, -1.6333180047895999, -3.7560914211086613, 3.3176152817390605, -0.948933738750204, -3.3527188222734603, 2.316445074269013, 2.7232949769050228, 3.1715487396017705, 2.563563808757147, -0.14696471152912105]",1.0103092783505154
11,"[-1.2622385411103898, 0.4322208476246513, -1.4752148261939546, 0.15365023149460022, -0.4613426026924179, -2.1656959482808995, -3.0019419275319703, -3.7572842558709674, 1.7715663897541147, 0.08821409041343431, -0.13845368440309702, -0.9757710151551371, -2.1327370499744815, 2.9895450904940706, 1.4266047989719142, -3.0976226887644462, 3.926825058282737, -2.1576686396931413, -0.5976084385712238, 1.0083242649893078, 2.611296313059868, -1.656680790594434, -0.371041713207489, 3.0139518317494005, -1.3828571341252054, 1.6125187687373443, 0.7840333064805329, -1.6560396723245718, -3.224966275505005, -3.204367259040003, -2.703248447306503, 3.9296272851132543, 0.618059159119083, -2.314763864063898, -2.8034374831165527, 0.24723391240813708, 2.5550143015265476, 0.6682311267481708, 4.250631271597649, 3.469513263442176, -1.1491525690756714, 1.7443173383200403, 2.58093886106665, 1.4099692083590727, -2.168786558723952, -3.449551725236589, 2.599881171184947, 0.5695653247129873, 0.18467151720111064, -3.6775972318426575, 0.9513331643050589, 2.847714088029911, 2.265717437357177, -1.040326887776141, -1.160477753058335, -3.4437978862797163, 2.9674284382915284, -1.2846998894276211, -2.726736093968989, 1.0160217497327588, 1.2088575665949293, 1.9131894220857977, 3.5175234128274675, -1.9512575938780463]",1.0103092783505154
11,"[-0.7394005923083671, 3.09191989388929, -0.4106028267711759, -0.47714034218311574, -2.1009737818023013, 1.229995990787617, -3.755958755047882, -3.0838666822222796, 0.5153567661623288, 2.423240276041243, 1.748544746895469, -2.5648837324964417, 0.6756932604579119, 2.951461287744167, -1.4911215528066053, -1.100446179806869, 3.8383565268129503, -3.1333200737189904, 0.18608708385119316, 1.1120232465695739, -0.39244994710992914, -3.2052856908422216, -2.6105346638414493, 2.5017612438184056, -0.6495961547722149, 2.746242432650122, 0.6640677431315294, 0.8729521995814614, -4.101042131699214, -2.6369336626522926, 0.33072124933064906, 3.8861346872778926, 1.2597156072859172, -1.1790718436045837, -2.7087110410410644, 2.748873315535556, 0.7782972784855664, -1.4030821605602117, 3.0714699154547045, 2.2337377401993623, 0.11964598267835541, 0.9917844800315103, 3.629903288531101, 0.8390424990940764, -2.969105891661851, -3.5941708130100913, 2.099244764805611, -1.8659619601064361, -0.39836808361912596, -1.820323812729283, 2.087022534161107, 2.754075702295159, 2.8222870488858067, 0.9446357148755193, -1.3127660427224832, -3.887932338962808, 1.6886152077416263, -1.792704074594391, -1.6719196109396623, 3.3960537416080543, 2.8873740192789334, -0.23777879041196082, 3.9449942530667625, -2.642857906067178]",1.0103092783505154
11,"[0.1453407548374922, 1.5925802192415248, -1.5399076216654948, -1.5174970558829282, 0.2342884565471448, -1.6621240967548432, -1.9556597348878504, -4.524099149953159, 2.0366481317178033, -0.3758832069575961, -1.2942829090518457, -3.5126168307847103, -2.0935637075847535, -0.8162661202229029, 0.013929683786867483, -2.3757024339820156, 3.9539176294578855, -2.868302077153707, -1.8608682528666591, 0.9542799605344987, -1.1405700561694252, -2.4904028116639854, -1.3029134084890235, 3.1145640872339464, 1.3597343061275233, 0.6882197791439941, 0.7596933490027491, 1.2166230170235117, -2.7794570461684116, -2.5575323145077737, -2.1429769865333075, 4.234306581283042, 1.4712944978427287, 0.5042819446096115, -3.110195161186006, 1.7001451451188159, -0.8778301703057363, -0.05867234089318207, 3.891162382531364, 2.357417245090531, 1.421948187742292, 2.7379405715278358, 2.5719617398256425, 1.6084352197701834, -2.849061548059502, -1.7379059204843725, 2.1399416248053535, -0.835956202965099, -0.8302264092664228, -2.400683100311708, -0.6119005049181384, 2.675922739414458, 3.0280469446654856, -1.7371909138407884, -2.732536762506264, -3.4161654330417375, -0.4540195256173152, -0.9443431408014453, -3.479791731301817, 3.8163046784884025, 2.919594062634039, 0.4026655971403357, 4.242222381110048, -2.3143489989421884]",1.0103092783505154
11,"[1.087281727957024, 1.201200869851423, -2.1462806072571787, -1.928963204203286, -1.3884327114056183, 0.7951154043302647, -3.7866477062964394, -5.022501522096418, 3.1770842800875276, -0.4195643415174637, -0.7213041051438536, -3.711337122347808, -1.8847792497660723, 0.7070579481765227, -0.5179945454191616, 0.588944362194618, 4.002305104253241, -2.176416771070368, -1.009419449451019, 1.9728506772554701, 1.6500879235909942, -2.786925836860668, -2.58469751903159, 1.0064768226000957, -2.577571532663222, 0.655559557008241, 0.7331841870945084, 0.4623658115295226, -3.3080415659998135, -3.628449633549218, -1.1807841374221097, 4.1714122834793645, -1.902315423192703, 1.3665514424824254, -1.5740641708322443, 1.2542705519387347, 1.5905174700120175, -0.6921072336263923, 3.638437511595518, 2.562695689793515, -1.3110970505720339, 1.7636440707932652, 3.3227574880483695, 1.3348123146567505, -0.7598861786338493, -1.3980396950611684, 1.2304084002254827, -1.6601281090918025, -0.8120083281170134, -2.4851573938677882, 1.4791589460431671, 2.8002417749872848, 1.0651084723525013, -1.2941688449580768, -1.907223210728826, -3.9949734222973134, 2.2935144874974713, -3.090924954147246, -1.402418833429646, 2.159727657204372, 1.7544144546946816, 0.8390695548943707, 1.8504292327627514, -2.6664545394717782]",1.0103092783505154
12,"[2.7150731620644564, -0.12640626792387388, -0.10528315902176749, 3.7791830907009945, -3.545059105641176, 2.1343039506567703, 3.46791013523884, 0.05009935228215234, 1.2187545021770148, 0.07314886280721822, -1.6916829796416168, -1.004891766801853, -3.831316796916763, -0.5097943434603367, -1.0082617170031927, 0.6349947078710034, -1.1110466023597692, 0.26600737209175807, 0.24990295993312284, -0.7527868523780477, -3.1426220795073445, -1.9319492074160576, 1.0959253988816937, 1.7873011603405349, -0.2850394650493948, 2.733672325991788, 0.1390014648567801, 4.166976712345445, -2.6630292895909324, -0.01794120412307143, 2.9411789650414506, -0.017247526985450623, -1.6978132249147468, -1.3319989998576651, -1.135802271125244, 2.1934698689465306, 0.6231176531346642, -3.4100756794735765, 0.9262372296016341, -2.3817402383989714, 1.8028632764961254, 0.18529202554009006, 4.15058070917034, 2.09379101981162, -2.688537738649073, -4.608453169500717, -0.8985316890055286, 0.8374368703714203, 1.0990201584308896, 0.49992894148283135, 1.8460112767214576, 0.11892344447486411, 1.1770753822570037, -0.09428916224492934, -2.499156991292632, 3.034741406379944, 1.6082057413946327, -3.663236728867168, 1.1339480982481667, 3.0164667563772625, 0.4466887642656219, 1.9592210845459848, -3.18042671123698, 1.020644919195846]",1.3888888888888888
12,"[1.2216780752339431, 1.800248897748646, -3.202702542398002, 3.5786132628537706, 0.9366065202877687, 2.512941710925025, 2.579400482227198, 0.7758950925716568, 2.519186239863965, -1.1305099734111137, 2.1429365916350456, -0.23583114041233533, -3.647035952272101, 2.907806723619158, 2.012225529738914, 1.4957052890906695, -0.9581191998346972, 1.8573704071483033, -3.7425236736087752, -1.7870182786971205, -2.4977278397785856, -0.07036573571579208, 1.2946411760838115, 0.4134100381715734, -2.800298152096952, 2.63970144137419, 0.26331798431087017, 3.838609414131392, -2.8585198321943057, 0.07790390572943173, 2.929209372370981, 3.4635854375685313, 1.6666395306564084, -1.15362288809055, -0.1751184828169247, 1.7772482871331987, 2.4101705806712355, -0.46639387170992475, 0.9192594001766716, 3.2766037522631564, 4.059389715237807, 1.554865493613438, 2.578148526924372, 1.9481904632841132, -1.3846388889576984, -1.0981413417764712, -2.062602619673769, 1.9576614499875753, 0.2296564963503639, -1.1727004819508853, -0.9267685234315569, -0.4619505718178367, -0.07171734088311066, 0.27231439631185067, -0.8881512165349671, 2.0601044947659166, 0.8859315841668611, -2.288168739047988, -0.4043495965650723, 2.2829996079588835, -1.2632639898115237, 0.11708104792369856, -2.007642814246866, -0.9676720906201153]",1.3888888888888888
12,"[-1.7447183537546866, 0.5872461760283854, 1.717244376050744, 3.989130270015634, -0.9885698927352885, 2.416890078517592, 3.504233063161555, -0.21999892962761858, 0.1795974265043967, 0.33140471852421327, -0.7962937874122118, 3.0477458747111847, -0.8382020817117954, 1.294856884910696, 1.9431256639394652, -1.8468310242907675, -1.1077269371206864, 3.274017351281108, -3.299702390511959, 0.45755870989097863, -2.227196121522531, -0.3038664614019949, -2.729595855539949, -0.11732605342771718, -2.2542644068633066, 0.10059675094794596, 0.12573343921012237, 3.6613969057941107, -4.229085865130525, -0.17752967119003155, 2.2106145118059906, 2.040153602495292, -3.3042070405886954, 1.0105389290852096, -0.5675843226022395, 0.6911193418977009, -0.33237639563628685, -2.211310093343639, -2.5675058397208566, 0.4590475849348781, 4.0531190222903195, -1.3903641132016191, 2.3681085603429715, 2.648813584922154, 0.8578037259419518, 0.14075377836164793, -0.8765390734128745, 1.803853595383991, -0.07904706689361762, -2.021383067992292, 1.1571452040105181, -0.42020287437817133, -0.8285091236401383, 2.61842610684702, -0.1929248167667693, 2.149205046061408, 3.280408700633976, -1.83475679807142, 1.9776081085785775, -0.5679408469695595, 2.3375200145558734, 1.4188577249691017, -1.7661478615267865, -0.5878282617277952]",1.3888888888888888
12,"[1.83187102686028, -0.1904700358414526, 0.7849316653347151, 4.329450173671188, -2.7985349495068466, 3.249624356135156, 3.738428772877635, -0.076725282719606, 1.0088988150298577, -0.5174593165650705, 0.45462089234519454, 0.392245249290774, -3.2395877562448216, 2.110802733179301, 0.4934059728806637, 1.6242080068952334, -1.232623043738717, 0.3791806973467462, -3.6061209014756916, -1.5346328684124702, -2.108476426119756, -2.1631500704659326, -2.2813315817124207, 0.8714363249921808, -2.3658738724995825, 2.1949302166959432, 0.3135268637485751, 4.007558723621939, -2.5848228692793893, 2.383106407260768, 1.1185747987930563, 3.6213480754967633, -0.8141520121929483, -2.019418204604048, -2.5888199807589296, 1.801839880895923, 3.443633646172837, 1.854685128825602, -2.160358154718184, 0.18106813977771408, 4.067294536764663, -1.201889998170461, 2.472124356545041, 1.6840830269750382, -2.6802669738522935, -1.0103359892101178, -0.8427859148935761, 0.030036631787287327, -0.5030303095955747, 2.5610366821147217, 0.7163543636038605, 1.1832476010634314, 2.7947862023494974, 0.9763576899214148, -1.7989058549043153, 3.5246069549525756, 0.638065782893644, -1.0126043902728132, 1.6051295372605776, 2.6216468948629013, -1.383803803646722, 1.304735649848595, -0.971299396390094, -1.120098258985782]",1.3888888888888888
12,"[-1.7730208695667846, -0.246019302261839, 2.508259711959627, 4.065741300725742, -2.0449468600801617, 3.028910036908284, 3.095505629512989, -0.6890542080167855, 0.0631155559606679, 0.1714023155450779, 1.677511335094734, 0.491377766675556, -2.7930327139599926, -0.2586250099557439, -0.7380839710480231, 0.5209806863346362, -0.9711438997771797, -0.22201628082247604, -3.0181476785731847, 0.4308462161247354, -0.14156907818114695, -3.272659469126975, -2.467837806452366, -1.7915509378358891, -2.519281903156177, 1.7801640532792642, 0.23099813283076154, 2.347810030986232, -0.7454831770291497, -0.5775542350787201, 3.0906433366125907, 3.155104608291129, -1.4445399954626081, -2.7496742075859895, -1.3646505893016512, 1.875558188093457, 0.5650940133580175, -3.560519819292974, -2.2990126222269653, -1.4853795892584927, 2.8029450358046875, -1.0169127813529677, 2.0517668517189307, 0.8786978386571979, -1.7270140728806194, -1.1363254924897244, 1.7023630087423243, 3.4522297469633587, 2.286167411778415, 1.3943990588332014, 2.1782436037109054, -0.9425427007492784, -1.5349437649386566, 1.2253237833194424, 1.142606661842298, 2.0896576244557763, 0.6515902583871565, 0.5635540670493626, 0.5496681351056758, 3.8212069427383235, -3.714198567977017, 2.9280750259109123, -0.7469510695868014, -1.1916986965592469]",1.3888888888888888
12,"[4.018421460157042, -2.292975798785325, -2.234169770088872, 3.7444889418077727, -1.5170367739078887, 0.7639054116624858, 1.839010154432727, -0.5572901506684275, 0.3373806058173324, -1.298507687142164, 3.6862325808630882, 3.8054288624413255, -1.3179674181970786, 3.6535548029358926, -0.6115120931870139, 0.857755656589812, -1.0060503924450896, -1.2140187481632494, -1.1423354772816379, 1.4165279775857083, -0.449700879228912, -1.6770972563177626, 1.8404729148765193, 1.7831488317884834, 0.1295883757256755, 1.0372856043498488, 0.16573796765130264, 4.120785607173063, -4.079532856959993, 2.3229040736197524, 2.117120331839595, 1.2363050057212537, -3.0794753160314174, 0.43548439737724864, -1.7545136173091196, 2.6515718571726064, 1.1236014851272467, 2.230952923520053, 1.922059406261757, 4.296871991569052, 3.3978738110875635, -2.2226985905859764, 3.370899428587517, -0.9326143204032045, 0.03132672357619526, -4.544278312885804, 0.4426293839787363, 3.4076135824140987, 2.1050905610614703, 1.6776617677029733, 1.071206924221839, 0.19949094368304177, 0.6826065937004875, -0.7007643175101959, 0.46804716225523724, 1.176481768853579, 3.284532035904389, -0.11830014590170435, 1.734505010810115, 3.6741489413135016, -0.6808070951507371, -1.3713724489829562, 0.10716102030101562, -1.170142466356622]",1.3888888888888888
12,"[1.7979701392411953, -1.44946451304084, -0.43717550418298456, 3.7603095673750975, -0.16818361745463467, 0.9840680559180013, 3.732507326706298, -0.5905137166394971, -1.429586796211399, 0.27165688056585924, 2.731906809781125, -0.7987710401139507, -0.5939601599152615, 1.613240302390078, 1.1180461865939537, -0.008037767014506314, -0.2758987091002789, -2.889137065444591, -2.2495993093968334, 0.2862972609301784, 0.9815853476310314, 0.2982487177362212, -1.298194812169947, 0.5338779512188271, -0.4129468846807036, 2.540714611023617, 0.13440215480529238, 3.8417463480545035, -4.193575472535323, 0.821773005572462, 3.2745056176276988, -0.6099874410045429, -2.530337079012764, -2.1486506328181747, -2.8817548358023917, 0.6239109011608557, -2.167119694775602, -0.7522803275204, 3.2830285446799, 3.2232119497169136, 1.7932100206488006, 0.6352439763234017, 2.1303462786895118, -0.4597900435887787, -0.23932405403118961, -3.074561476405782, 0.4612319239390067, 0.6597932447098764, 1.3338604736197441, -0.14694509259760302, 3.4403832621129564, -0.22792325294665353, -1.172596347575032, -3.0515180108141564, -0.07772217451260421, 3.1094958414399434, -1.147547991549223, -2.9822569255863858, 0.8506927561492884, 3.1875379345621235, -1.1176206289850188, 0.0624854096505254, 4.056597145025139, 0.20998052887234456]",1.3888888888888888
12,"[1.054830497770284, -1.324863009362604, 0.355892342940096, 0.3712370671625753, -0.6371918602343102, 3.9821361622009355, 0.774076535176095, 0.5632434194587883, 0.03254657195995392, -2.884247032093308, 3.6061315973440053, 1.0143986840110697, 0.5697643774887571, 3.434315212641723, 2.0912086475723353, 0.27826094678922386, -0.9379241798086035, -1.5414741963179985, -2.4802772985028883, 0.041335410650810256, -1.7361649517942654, -1.6529835807154427, 1.324018160096797, 2.6826685945087494, -2.392505513074002, 0.991671650008678, 0.19604820492442832, 2.5403321188144137, -1.2143818353966398, 1.5672658670484165, 2.7617442432479598, 0.5472762447616216, -2.726153434355116, -2.1768625939712654, -0.9387937583651159, 2.932084221448259, -0.2242619913588343, -0.39644273370771743, 4.2996448846328965, 2.6184702744337494, 1.6857272736121314, -1.2147671839876133, 3.066005973310517, 0.8464507554666809, 0.8329177253007023, 0.02157528823703192, 2.0394713579664865, 3.224897122341172, 1.71828215463285, 3.4575676045642663, 2.0448708669937448, 1.8129396679358163, 0.9498580808318018, -1.818642178503163, 0.16479891011896264, 2.9215195213001746, 0.35394772409221065, -1.2004789370553812, 3.1423752604214674, 3.4688071788006667, -1.3235049030178494, 1.1089978192842795, 1.3780832839751005, -2.4098682463718424]",1.3888888888888888
12,"[4.058702805726122, -0.6665822302373816, -0.01661350914832682, 1.0009061521802833, -0.23109427730553406, -0.2790069342087236, 2.507487061189588, 1.1453400830040676, 1.616227800327759, -1.5248241924261876, 3.7210509173257105, 2.551387248784624, -2.1398683814889305, 3.891026470043263, 1.3755464598106941, -1.483841763534409, 0.531970436986651, 0.7424886070823522, -2.3789875533677702, 0.6492163496794592, 0.7082890341245485, -1.7142608191693605, -0.8408430186182894, -0.36499273601213433, 0.2678215105621016, 2.125525567235872, 0.5774873722328091, 4.009645615400391, -1.6102167138505212, 2.8286730627134107, 2.2768514953404377, 1.9495728416880884, -0.6763576962270332, -1.907604939544967, -1.59487318697724, 1.8457538183457651, -0.10718552173499135, 0.24797113142717508, 1.1356867996231204, 3.6557159539856494, 2.549891316410603, -2.5131073078104014, 1.290097750503292, 0.9984833261807957, 2.157522590762384, -2.667819138511281, -2.528674469124918, 1.8387017810232393, 0.7243241722749, 1.9732126993769823, 1.665966774284191, -1.2770832045988725, 3.5927328232633817, 0.6033835137751536, -0.31994429636190064, 0.9515059180852843, -0.9251078397818222, -1.8091139530164462, 2.7178678051480203, 3.6115053669870547, -3.15415093265515, 1.7715441724316432, 1.3588619097201817, 1.055952600689985]",1.15625
12,"[0.23783012584447283, -2.444278720012086, -1.083775986397892, 0.08546145551793205, -2.444553976354902, 2.6457318237506326, 3.0150164636873047, -0.6784646032229782, 2.317821907289497, -1.564551915068902, 2.5018764611029054, 1.9702233227863535, -3.3971107802354834, 4.124772385974694, 2.844855642971758, 0.6207789065164006, 0.998476518721626, 0.7442681860284879, 1.040824138221969, 0.23223524285223907, -1.7390523264996849, 0.14866507371001636, 0.7570273268235018, 1.0925121499329558, -0.8248246802279713, 1.0060294059648938, 0.5161069711562759, 3.165797819470308, -2.6206917522322324, 3.009370782291958, 0.7083828362875193, 0.38617620842052824, 1.8011037157441747, -2.8180941766279055, 0.6415540700651947, 2.619264507366385, -1.3111095844881175, 2.5661956499342424, 2.6303773484483126, 4.156161637300366, 2.2501007157071746, 0.7085064004347292, 2.3370662512149316, -0.55020186782906, 3.7903943963136766, 1.364654743984012, -1.8586512947901546, 2.445820508877133, 0.8461164275836673, -0.20187859920388251, 0.9053875297118332, -2.3605570035430707, 1.7240440897668843, 1.667369068171394, -2.742574177324623, 2.1767842944731117, -0.6841960281780375, 2.6130947356532497, -1.3503835437162226, 0.8582129980721298, -2.5453220171301414, 3.636973535668436, 1.2516388561864324, -1.98977235644805]",1.0192307692307692
12,"[3.0324581291664163, -0.06144886226808399, 1.6229782756520055, 4.311296313689786, -1.7659280769838244, 2.6320372098629354, 2.698068429566965, -1.6011868097064852, 0.3489602996935794, -2.5017600534194973, 2.2947575645273166, 3.791858501350698, -2.7153368517770584, 4.238591267851434, 2.107268415462975, 1.999424680027723, 3.891745837188977, -0.243821963909562, 1.348469213557087, 3.1362106998595127, -2.7249847962088305, -0.9422161356803065, -2.47681867228428, -1.3644989592830858, -2.3408489058858857, 2.434264759202157, 0.6354473117057488, 2.5917439111370806, -2.918796006727616, 2.6020199264996986, 0.19244525269626056, 0.5612930511813682, -3.128596378832656, -2.374082490422142, -2.1538968592729075, 2.0657282563555417, 0.1618548870262897, -2.447810702792747, 2.5806200705045574, 0.13795377829141753, 2.4151130518618222, -2.2219255169663414, 3.360728572239325, 1.5517598664646453, 0.9303854745523303, -2.186114147569709, -0.718004209635021, 3.0222973086171883, -0.30565590935926423, 2.0470987163707575, 0.25213674598029245, 3.0716062842944534, 1.7550568147566965, 0.30645619476904196, 1.0883291994151811, 1.377706357420435, 1.9137313623707335, -0.46965081861788927, -2.157070600408608, 3.81527738302422, 0.5300243010090255, 0.6768828251768215, 2.4362452243004125, -0.2352711680035645]",1.0103092783505154
12,"[1.4896079368505173, -0.34283437460869504, -1.3264060857271849, -0.06438207285017927, -3.2436778997102174, 2.1573832043579824, 1.9706988294476, 2.9664636289013053, 3.210519213870086, -3.1421755746660827, 2.641961821463177, 2.836381062506939, 1.28923418568223, 3.9541848960952035, 1.4922416107952263, 0.7137842359415261, 3.95735019990881, -2.7325281939796486, -0.388255481225101, -0.23847465698755316, -0.6483861940634033, 2.6641588013988233, -1.518206058615434, 2.3988661564770837, -1.1195512775349141, 0.7463069148997528, 0.5652081489550658, 2.796698535075865, -3.0605961702405193, 1.1001807544733826, 0.1827111570191719, 2.2114577824023223, -1.367761351240035, -2.3559047052015676, -3.029421831074307, 2.566611795744777, 1.9249889196464172, -1.2770164895150837, 0.653593243097626, 2.524335919518551, 4.051338846586333, 1.0551171150432506, 2.4416461194041905, 0.0647179695610074, 2.0689286563959817, -2.6739529526608745, -3.2069648140240417, 3.2095564782145742, 2.4725048119251873, -0.3213848239680346, 3.187354641644547, 0.43660382383951646, 1.2911117883119005, -0.4976448798920623, 0.17260407784617476, 2.748432266904029, 3.4123201475743152, -3.3307928353168688, 2.3413674852798176, 2.5436199105934625, 1.998813359490919, 2.7532177939208933, -3.879077551083952, -1.0131014690224802]",1.0103092783505154
12,"[0.8846786125229944, -1.8497147875091464, 1.7095316178107387, -0.6004276014652579, -2.46687096325826, 2.9663442076550472, -0.2668494593937041, 2.4710413022796147, 0.9236256656870707, -3.3014698715239863, 3.896660431255345, 2.620009373463109, -2.118977099848522, 4.089094983287312, 2.669207054946399, 2.1277747666762235, 3.4589569738239216, -3.643311525554976, 2.1073554847445966, 0.45556385983866665, -1.3546574299283887, 2.0059972552524887, -0.029810667239623, 0.9045323675678092, -1.12848882235141, 1.5484707184794317, 0.6275977291038475, 2.5006537715168835, -2.916297462155226, 1.1983878974482325, -0.05382306594731927, -0.48597922872622995, -0.5650294757152904, -1.9754846075581887, -2.491904908903669, 2.9281067121152025, -0.18110067730134582, 1.3895710945564537, 1.630755604271404, 1.8768544509053038, 3.2449141870779274, 0.8458586568984519, 0.22878517231499806, -0.367717997596407, 0.5340001445389144, -3.341340917304548, -2.9229799582186695, 3.891937243775613, 2.517824857094941, 0.7383123507722731, 2.5244918844390507, 2.2846682200915733, 1.9387001785724056, -2.813779253336844, 1.0763981949538453, 2.691007812693656, 2.8588403439503876, -0.1916461346003917, 1.9131357090373378, 3.72054179353589, 1.4328461561976085, 3.264712945507038, -2.6402795208537295, 0.7030584266284693]",1.0103092783505154
12,"[2.9518101229314433, -1.482803275929734, 1.2357891500326226, -1.631538264423019, -0.33991368140996725, 2.170199527309357, 3.211087505657479, 2.9496872488948744, 1.3831769771897484, -3.0535050774665606, 4.0190386219740555, 2.6083542255913175, -2.104347065252136, 3.2676519581256795, 3.1328630574627345, 2.0653350049106725, 3.5125324746997224, -3.225613674546153, 1.1633584583749812, -1.7328727038626177, -3.1051140433953033, 1.750163175137681, -1.8407247851269826, 0.01696439692955065, -2.6007083644079634, 2.7888512289835696, 0.5838292912652527, 3.937213973848805, -4.253078034871321, 2.495598202621343, -0.4904062964214492, 0.6215896536608051, -1.4080342588311774, -1.380331858492527, -1.3199447695622972, -0.7778442924370895, -0.8132209432209505, 1.6091386782795536, 1.6791080251147967, -0.287320203855012, 3.293848216923495, -2.2219261211181336, 3.5881770120714904, -0.3478019649340456, 0.8332898859656404, -3.6433791119936942, -2.2848427099186086, 3.308972995953691, 1.7406779115123594, 3.5231295243130107, 0.9877456991457734, -0.02658561997713882, 0.6136391830566912, -0.12305424255140585, -1.8123113552705987, 0.23279570935354021, 3.5429922968973537, -1.3143191525664757, 3.5613577685032496, 2.3528950877679473, 1.984826656318941, 2.1646072691494576, -0.3497228454986534, -2.7412973177956896]",1.0103092783505154
12,"[1.4375528677283331, -0.8752913579986059, -0.7140705170619004, -1.4989721812262755, 1.7185973121194662, 2.691850944379433, -0.1462345805085543, 0.8720668932603732, 3.2077760720726056, -2.82268307827614, 4.024390702702404, 3.7370052312841695, 0.220746710036549, 4.604730110775383, 3.6084669086435746, 0.03142806825949496, 3.4676897740792945, -4.105450216855772, 1.3966204338726835, -0.5921794931478175, -1.9247368993200484, 0.061691075425198916, -1.307385786800476, 1.5413811083217963, -0.24248309898254772, 0.9695889664323709, 0.5413846234645079, 4.19330383291822, -1.9343599345353804, 1.17713962813609, -0.8252915439141073, -0.0370628979654089, -0.5912059688118487, -0.9805591960424179, -2.5980543596076187, 2.273105236902963, 1.0450270772268833, 2.753630404012957, 3.657393623493131, 2.3493603981209557, 4.0342989731136685, -2.746109060007754, 4.141086017177729, -0.18209439129261917, 0.7702483094777124, -3.9407253068736945, -3.8845250420796797, 2.842083104342711, 1.8650183188571168, 2.0146218455051685, 2.6659548990315654, 3.101952235348198, 1.1311706314168637, -1.6199235218764083, -1.2154175948228971, 3.4466459061887535, 3.595647355201439, 0.8958528964454342, 1.6733446402932661, 3.633549641851091, 2.309365654727361, 1.3634114469043546, -2.8391261051368684, -0.5427403873668823]",1.0103092783505154
12,"[2.271332448463612, -1.8563450379304376, -1.092807583366782, -2.4000013294496148, -2.113575365663185, -0.21296445045233514, 1.1382967712909025, 2.6407569939201303, 2.2742245702582777, -2.852852918424107, 2.4234520052668356, 3.8247954373591297, -1.3324434711187787, 2.361738117556355, 3.581819750807768, 1.1878415435779686, 3.711307245560975, -4.108328250272451, 1.969481472090308, 1.1236073058545624, -0.7826550841261932, 2.566737353685296, -1.8214238243302514, 2.686764445615296, 1.5668869110936317, 0.9647246561808543, 0.48066210618654814, 3.0094724824192958, -3.1896592592300586, 1.3933118294169662, 0.12354131278176572, -0.6974217097347573, -0.8443103969264376, -0.3845877673962679, -0.7666041549657355, 1.04788740994711, 1.2802066964469474, 1.7462187238731341, 1.2893916922176252, -1.1201654775903518, 3.457412434464764, 1.3150569310160214, 3.4704704590675997, -1.3988528335284158, 1.4862214061605248, -3.97784373364878, -3.6721059932687936, 0.7177111792871576, 1.9685739439259389, 0.7664778811943567, 0.4377532092380474, 1.3868737959608293, 0.30126549539065306, -1.6278637130268399, 0.029143584238048026, 3.099273667759747, 2.3691051095648517, -2.311928396323906, 1.0746742351463265, 1.373971828912341, 1.8575900070955496, 0.765842506853033, -1.1588800619203117, 2.074809405738636]",1.0103092783505154
12,"[3.14367246071903, -1.090620540803716, 1.2053307969387963, -2.0826692740875794, -1.9564065731699527, 2.3882899889817666, 1.513234527527896, 1.0560684261573847, 2.8530404491215844, 0.35120260844498263, 3.4778409040799976, 3.856015966883531, -1.7323992493052414, 2.383310473538139, 3.354948991815086, -0.5277826844914251, 3.6070056092485787, -2.3043898153149023, 2.0274746493190685, -2.262996104142209, -2.8056316006082995, 0.4994744059908519, 0.6654466948478384, 1.5558704724891015, -2.1722581119441964, 1.6916888872575861, 0.6803766223830823, 3.897815570467347, -3.5701507138916666, 2.305014382187596, 0.3767615747198145, -0.546299040574523, -2.4283629438276275, -0.8619379106429501, -1.8932116742712206, 2.1585186563600747, -1.3195297002161377, 1.9561491160822764, 2.7036339662536486, 1.5033452842427506, 3.1189669327487755, -1.079966922007075, 3.6500868455201028, -0.5989814551371639, 3.416108356066377, -4.296973616678109, 0.4076705124315785, 0.5169300148561886, 1.734816953815208, 2.0985435662822542, 0.4349733651165888, 1.368910526886625, 3.6609357891395575, 1.1611612636568944, -0.5840679955002068, 3.229390399171951, 3.502225388985473, -1.0961079456378244, 1.9785262280420501, 2.016717069129025, 1.0387561573945434, 2.563320152870267, -1.6087124722999573, -0.4417261820600302]",1.0103092783505154
12,"[2.5586358358917694, -2.444666801771961, 1.8208953165045978, -2.8296869286204807, -1.0100226734036717, 3.2057515746096685, 1.3861416002538225, 2.4350764860075977, 1.1966788289973191, -2.9727855688080007, 0.7863837371865463, 3.3331290879775515, -0.5512015153999542, 4.6266366546583955, 3.801980708962107, 2.4340556422127513, 3.4584141324653492, -3.401690499068083, 0.2108466374568725, 0.62895055225265, -2.498175771678178, 1.4792254267549105, -2.2405095792335534, -0.3299681239589203, -1.7193947251523938, 2.627944261001497, 0.7240070542685206, 1.79313659433618, -3.4295293643115228, 3.5859403405188086, -0.8445828228586189, -2.324841342730503, -1.8235105181835944, -1.4010503716300122, -0.48711228772028736, 2.5742243758215855, -1.4793597271228225, 2.7563460254760144, 2.182229194914729, 2.270664316879869, 2.3817860967328786, -1.0204346680524738, 2.4954061919284376, -1.8606597623537355, 2.3629701800365734, -3.6678285602355114, -0.012423529219289131, 3.5068653398434564, 0.981971841131053, 2.6140296917798738, 1.631312400259481, 3.1297600864381354, 2.935958896174187, 1.3765943391295863, 0.9759603257267674, 3.1795588480191217, 2.6902486975875637, -0.372101542734949, 0.46011615479449564, 2.759316332868252, 1.727883680935569, -0.12287695765562812, -0.8435895780470836, 2.1196402137619357]",1.0103092783505154
12,"[1.7091412891540796, -2.010760945465143, 2.533712798091852, -0.09371150615398971, 1.2473437293293648, 1.4808581096949613, 3.2553190267452274, 1.669781987657724, 2.5096031612537684, -1.4282106240400427, 3.8563936139595154, 3.581580669452855, -0.25938266800955057, 2.868508316443915, 1.894139357768144, 0.138313352989059, 3.235201420812356, -3.6609889419233452, 1.1080084172710898, 2.05241729368554, -0.8052588204687066, 1.3675541974109104, -2.9835736913667747, 0.7416106439638032, -2.810204746429784, 2.8642809143124595, 0.6492110511686806, 4.175271177205847, -4.282796267484978, 2.7266909137931044, 0.887824195770345, -0.5499355205034627, 0.48563944355554517, -0.826391574200809, -1.270159539689554, 2.963971160969966, -1.4024545659653551, 0.9890279690525663, 1.5163334351091595, 0.9879415469269588, 3.6818330278925986, -0.5634004310287708, 2.5298759587321147, -2.94849849328537, -1.3878236860607518, -2.491783377972358, -2.8962091594904233, 0.42726964015035396, 1.8863100258295065, 1.64205719006168, -0.4558358537916649, 1.1497752606350284, -0.16475713212385346, -0.4443077855724553, -0.5113778313508536, 0.37108172232717207, 1.943385889587543, -1.9380780184476014, 1.9813090639248445, 3.040212788011133, 0.8268254853513649, 3.6003272440267438, -0.8912697994995586, -0.39426895107635374]",1.0103092783505154
12,"[4.033258574128274, -2.4448096581391665, 1.1821872431717475, -0.17456295519005016, -2.098894578394443, 4.06945881931115, 0.911879500347793, -0.2675350852210847, 0.21472907633949, -2.7163629652144534, 2.8901445004127484, 1.9858941167542663, -1.810605930644617, 2.9496925862948857, -0.42520261838463824, 1.0578926984765356, 3.1731675143131657, -4.110765168749192, 2.0204031545371297, 2.6587723375115315, -1.2952646050020968, 0.6712819225822817, -3.5086791718259964, 3.5215528968037297, 0.22183371255736684, 2.8637994765532735, 0.629654259638659, 2.9602988017425518, -3.3085045666811337, 2.5445549804747043, -0.18211594696518535, -1.614955702450986, -1.1495220489890627, -2.274725209954746, -2.773079284748563, 2.5311756880383767, 0.270794796115513, 0.8808248620941166, -0.053747098085473066, 1.788217468686992, 4.035071576190446, -0.6695204201080341, 0.31594863416188, -1.2501362860540335, -2.3012503457978046, -2.575102966028613, -3.4021634392723152, 3.8919086764862563, 2.2598553417105416, 0.10990268466378073, 2.2059486622554783, 0.5906438041866326, 0.4253744659971488, -2.1782626208094253, 0.7833845311625948, 3.4222849439558227, 3.5988034398815336, -0.9379876728100309, 2.89029512227309, 2.951540666521245, 2.925441946181764, -0.09498819496199928, 0.0470840455643835, -0.5358162251101246]",1.0103092783505154
12,"[2.2674910624030025, -2.1506230379252473, 1.0791828718058663, -2.7666552909538504, -0.36978543216585746, 2.8542513838579318, 1.627370086031592, 0.5942567568255905, 0.3754442901606101, -3.317944083745396, 3.916102411877379, 3.7497203933477827, -3.4076015751203395, 4.150456091944607, 1.1536477827769858, 1.4456572762883513, 3.715340141794205, -3.617407173154171, 0.1388439662952996, -0.05979594593058146, -0.8983500268152769, -1.3892857846354307, -1.7778213240381793, 1.5512481826358702, -1.3993649704862179, 2.8379830937040285, 0.5670879607046682, 3.353789844845116, -4.115085714067286, 0.9333060463793639, 0.8832817584526542, -0.903631556522459, -2.464205375936108, -1.2038302413457909, -1.192115324766057, 0.46110837749975575, 0.24037342026812786, 1.8736887794679729, 0.6292019274153748, 0.6544845165704075, 3.431671554849096, -0.0638300848565308, 2.063192260426562, 1.587302014603882, -0.5095846206449727, -3.504794514579889, -1.3958302143207837, 2.4982894635935624, 2.041854767890992, 1.2330526986809838, -0.14706135800436515, 2.8319123984511796, 3.0035097955120724, -3.0848288202386436, 1.320286759306858, 1.118302087777529, 1.428907904974012, -3.556496839994324, 2.3211378195955197, 1.4694846344632282, 2.013594382409014, 0.45287936511513394, -1.529188398148439, -0.20031710402676212]",1.0103092783505154
12,"[0.5759070126602182, -2.205770191411891, -0.5680016116147192, -1.2136732440867248, -0.6715614790852764, 3.357619468977584, 1.4382558917855024, 1.2068983075989492, 2.7094688611207833, -3.012465499814592, 3.8544369639193974, 3.624367831817459, -0.9121448054069067, 4.151595280724047, 0.15526169001117385, 2.21968059654193, 3.8173327283539744, -2.6702495403905537, 2.651910864348194, -0.4319214745348514, 0.24545869272191112, 1.9448190300435102, -1.8830707479386242, -1.8429857171642559, -2.019461262186179, 2.582468612607517, 0.5800453543957116, 3.9207938640485565, -4.084770034886399, -1.8979452605257419, -0.18527219981927462, -0.2077165209840029, -0.32424827965984127, -0.9238548575111716, -3.0213641132599722, 0.811303882625411, 0.6217587518146093, 2.9403626899677615, 0.2602673596831739, 1.007693567776792, 2.60598843894547, 0.45355214857716764, 4.163925584033064, -0.3854355146096494, 3.357941456399131, -2.857190695493818, -3.3110754268136326, 1.532211226494229, 1.5435740018909794, 3.1428319392592527, 1.5081347522658728, 0.9221055657965243, 4.1258377325290905, -0.9228913360346012, 1.5745437736231973, 3.126289244306053, 3.188956589406505, -2.8160087697391645, 3.4053454825075065, 3.610341026524292, 0.1332608958748337, 3.8557781267566726, 0.08493220510082033, 2.067086323218259]",1.0103092783505154
12,"[3.772382164834696, -1.940878139867234, 0.894883277252448, -2.717581464883884, -1.7994509269484995, 3.630796274719243, 1.7784744978235827, 2.1230085878020715, 1.263415007088765, -3.3231856888012516, 2.1612901390501795, 3.7430073712061587, 1.2190795022125869, 4.1137886705381606, 3.24508832375768, 2.370202657735132, 3.4907023773806403, -4.183994539706693, 3.685219464326327, 0.84471736413811, -3.1375157702935423, 0.4588193863920143, -1.6500173557338784, 1.2234942578897918, -1.9714381488823878, 2.4731768785442934, 0.5032284574732486, 1.1106106276488181, -2.066805117557946, -0.711727861264709, 1.2256476274637198, -2.6663501916124974, -1.3164786472186512, 1.0567379854141423, -2.1884944254775176, 0.7169049613292824, 0.10588685933773179, 2.42949897455412, 2.0641324629008575, 2.7264868256775276, 3.840298442752803, -0.5611183475946586, 3.754552689967258, -1.5808545543707913, 3.5641147879182813, -1.1138878605195188, -2.821183941483177, 2.694361475583291, 1.6220999227841335, 3.6431014902634202, 1.7075735414114726, 2.77149052148752, 1.489911780368905, -1.751437423211465, 1.4586358414977125, 2.227806310579415, 3.019482933680435, -1.4074622847987475, 3.6748034306887765, 3.752826956647677, 0.7030535372909421, -0.15020667502944152, -0.07362015143706957, 2.0732057166625073]",1.0103092783505154
12,"[0.15382390535011825, -1.3865837818993345, -3.1451916588885647, -2.449258172660668, 1.2405213952299168, 3.428327694486697, 2.545752339224253, 0.433249297850246, 3.0942175115136785, 0.4020578193386939, 0.6084139892699958, 3.7579194166512093, -0.8185881693392367, 3.3135717546637062, 3.7751000362452327, 0.10641963576148417, 3.633329147762053, -3.8630965643278152, 0.06877375947792808, 0.8592829786128964, -2.3489514279293084, 0.8962271246109133, -2.5221554879374644, 1.6163188834198958, -1.3062643258627857, 2.7475093780928868, 0.4617164136408536, 3.570635732160022, -2.9098532768615377, 1.540290750214194, 2.1448831561955686, 0.05706858414775218, -2.528131636638376, 0.520142753648354, -2.7584368484728814, 1.6705683986191224, 0.05417485155571333, 2.6791026316940303, 0.6943718485718332, 0.026138373510530055, 4.0567700734263585, 1.9500577172660534, 3.0537462099791473, -2.769337797059522, -1.1658891842595276, -2.7964390547100675, -3.3709551371247692, 2.879895573751026, 0.21194635878341916, 3.593994748616877, 1.4745201999335469, 2.997920845472944, -0.6732884078241206, -2.1749819506053125, 0.10307431705095393, 2.878651404032616, 3.180444913245543, -2.7093729013455734, 3.5370369942491497, 3.672632999807958, 2.8422813303152057, 1.9367079550123725, 0.8458901751456085, 2.1447654288529767]",1.0103092783505154
12,"[2.5958957709950834, -1.6636003054989947, 2.106370131175296, 0.7139646730295406, -0.19772195217381872, 0.7905800707823789, 0.4194644567863052, 1.4286781650648606, 1.866643518034896, -2.970720212922591, 4.009009032621916, 2.2007270914965993, -0.9531993973292734, 4.526354577177587, 1.5441458803131873, 0.001529225790349198, 3.625000874503681, -2.871044264513805, -0.2690864058060086, -0.6395517975037642, -2.564439823794096, 0.9733560432392041, -0.4442747405909163, 2.1937237272215775, -1.4636353565626326, 2.820722514471656, 0.6584678768126788, 3.3267534265390735, -0.6550261843738205, -0.5201804887482399, 1.0629990637568265, -1.263666078390998, 0.8463543187686932, -0.3063057361456931, -1.2472702774595072, 1.3550982604365591, -0.894587760463621, 2.0915715265513533, 0.7449171251824338, 0.8245262895421105, 4.0413153271904285, -2.5094208711541457, 3.295090080855093, -0.016549021666546725, 1.9014961489833735, -3.164015445051698, -3.1668800617509523, 3.163855698888663, 2.0713822287156805, 3.473744117563258, 3.5677942720305507, 0.06263921789143789, 1.352531396620038, -3.088119699448827, 1.5924165655881501, 2.9516724521971267, 2.6146231261692225, -0.016962274987275316, 2.398281090822293, 3.8312765417423216, -0.10094079595296425, 2.992459493319614, -3.8827493181559816, -0.8092485159530594]",1.0103092783505154
12,"[1.168867608456458, -0.24816535550063068, -0.7390757467468979, -1.2287172297008793, -0.8378363025830459, 0.9887436964071448, 1.9894698743585677, -1.8341428116296106, 1.730954634107577, -0.8258237810439049, 3.5001568645488086, 3.2787720934452147, -1.0060129363859998, 3.364210409279847, 2.530130382403574, 2.457317427912584, 3.472854431888518, -4.070549378423134, 0.8779513050695233, 1.2464116833098124, -2.9010063193575237, 0.5327394455478605, -1.3588791252744437, 1.848610408342959, -2.6434230150823828, 1.7719972200127214, 0.7250662786117332, 4.0657913700076564, -3.6507463277237178, 0.6560456500050752, -1.2112489880061728, -0.8455008331495986, 0.9750666812583145, -1.652457963775065, -3.0044015823057797, 2.84100038070978, 0.021741443138548422, 2.935120802864957, 0.7329125140965411, -0.03642414538849503, 2.5782022724955818, -1.7641745846021069, 3.2928498290951334, -1.4910289017002982, -0.7131888462708723, -1.3645987322072037, -0.599968137087638, 3.3906027835790518, 1.6348635637956785, 1.2519627096627435, 3.5688750155015043, 0.9796607000157608, 3.1394583043369115, -0.34353077607946236, -0.8779569008461627, 1.6969234591259659, 0.32257683072168075, -0.1396860421800954, 2.726131438010244, 3.789243790940065, -1.4889959412174734, 2.634602457097782, -0.8848099039856039, -0.1062405135177075]",1.0103092783505154
12,"[2.704367376902378, 1.1890226427803574, 0.1424156144216604, -2.8366730677341647, -1.2415232868703698, 0.40015386747308335, 0.6305588004967393, 0.17063729321744703, 3.192554652893613, -1.932356926770178, 3.6506187593945625, 2.3323456530708295, -1.988899255536519, 2.6910481326998763, 3.154959903090471, 2.4574949908352877, 3.6842689177994163, -1.738158654308919, 1.4870417319842433, 1.4949929832411775, -2.480207452154255, 1.4432826182269305, -1.4128067681990903, 1.0656071273042127, -2.788469487600319, 2.7669006775966474, 0.6427508020455959, 4.128814885273553, -2.5118695882431896, -1.409326927950831, 0.5134621124790438, -1.024650645289855, 1.5735775211892102, -1.5404491103488247, -2.2862025784066904, -0.6331337486899209, 0.11958674895904298, 2.1412926235239955, 3.8612289191584006, 1.8638122827488983, 2.2014139375841655, 0.35515464818033404, -0.5567285302521259, -2.7344737444212335, 1.4046639892125818, -4.359983602168671, -0.3247121065120959, 3.949926352357166, 1.5407044127865954, 1.1807115598492819, 2.366945436201224, 2.244241161057522, 2.688463150204093, -1.7284704072049835, 1.4774345646832558, 1.7435008878052312, 2.120580708460735, -0.9964999521903185, 1.9502981495388503, 0.8622094149321566, 0.8737200658816326, 1.6218260005181677, -1.4573457317769076, -1.7727770869455282]",1.0103092783505154
12,"[3.9889914354643143, -1.1726895474952461, 0.863455464188019, -0.9275782068813648, -0.14745973595343587, 0.7257363721056607, -0.11605417712332233, -1.4365130583187389, 0.519725583401397, -1.9047253224114211, 3.941620127840565, 3.315204361358816, -2.203809184397555, 4.3962068574332385, 3.801444921210875, -0.04663540563923707, 3.7254444749879996, -2.270817555691494, -0.18041905245649592, 0.8678138284478756, -1.7801143338603558, 0.23496011309266335, -2.6264343440928783, -0.7654526762574012, -1.670104556125302, 1.4841595384670745, 0.5868473575684239, 3.6778841401603493, -0.9501195092056947, 0.8520287455485973, -1.646284182472836, 1.6458616070216956, -3.013236547265488, -0.5860347942973325, -0.23444567561781793, 1.16837605113911, -0.8579956512200468, 2.799275081927411, 1.0807587474260891, 4.083726339154487, 4.0251428514711325, 0.1370806890959354, 4.148413230464301, 0.64598826314461, 3.976281696659257, -3.562666234520595, -1.9155493367701943, 1.1500605334078307, 1.8249540117231486, 1.8947599731492557, 2.811720157993657, 2.3648797706012976, 3.3450005882213256, -1.5085876249977255, 0.4798467485779196, 3.4007303114221066, 3.0850794051514976, -1.8931117339241426, 1.0582719404924528, 3.725922069399017, -0.06398878328954893, 0.7379470804828333, 1.3266060217153124, -2.7113516577828927]",1.0103092783505154
12,"[3.438023233311932, 0.4831270237887242, -1.408118518717072, 0.3005978650808212, -2.610972284080808, 2.0721844194402452, 2.7398256591053793, 1.0667897912615885, 2.2926042953829984, -2.888926919460162, 0.8894920143265321, 2.176709275717604, -2.4703599918125225, 3.5156384102627567, 3.154783095073949, 0.5989554019057949, 3.397102602972004, -4.112393787343063, 0.7216355286501259, 0.13100991454285693, -2.7284947319412325, -0.5300722411034318, -0.9701591046749927, 1.142785636433862, -2.7054157346835233, 0.43331723607641703, 0.6804370962283939, 3.34645401406744, -3.9113354394111948, 2.756849566310555, 1.4529352207489334, -1.1064257587626023, -1.4580444296118942, -1.6828046830954657, -3.055636555823396, 0.8988659173393583, 0.653908486709824, 2.638392146078628, 0.32207691386963855, 3.379821845882064, 3.421414607841724, -1.1008416300206298, 4.123267587037493, -0.3944314771725121, 1.688684872439906, -1.769785920721771, -3.7277788187415255, 3.93708468361011, 2.6134235926808462, 0.6862150518667227, 3.067290297475579, 2.9625062623075182, 1.9053069943312906, -1.1641358109733155, 1.714948813021502, 2.7362686284462745, 2.9306503955406686, 0.12702756434397133, 2.7885131114953907, 3.683969395463947, 0.9149900315060718, 1.0195840118387154, -1.7913128014593371, -0.1343715623856266]",1.0103092783505154
12,"[3.9882405565805614, -2.2562897103068034, 0.9616682101398406, -2.759464111524428, -1.3006842997142447, 2.0660581068017203, 0.9337230921240662, 0.36139535377868004, 2.5403974177805364, -2.7094444831973696, 3.6112716924572585, 1.5248556663672046, -2.3932931411712004, 3.5772265350615773, 3.3848073016530127, 1.0486072608692283, 3.60570767844829, -3.5598929861607793, 0.009804254834056253, 1.5242175242133844, -1.7093494366179127, -2.213686126175019, 0.1635020075953827, 1.2220002201718734, -1.3684735553081198, 2.8251022978781, 0.6337971241100964, 2.471019486010296, -1.444474229966237, 1.1613494211367692, -2.233944834342214, 0.2692699561426539, -2.3834921599600127, -0.2734580889952206, -3.1546441637029226, 1.923344478132961, 2.0079282248325407, 2.6124528037940546, 3.002946395462491, 3.5063894399517097, 4.047555169622242, -2.21733340265822, 1.8493459335373859, -1.4927265313673275, 0.4170213940844405, -3.775561666249547, -0.9717587522185471, 3.9021769539946933, 2.5773533822509296, 1.6594424215421226, 1.0072701361340306, 2.075323987144756, 2.856655916660336, 0.5400906776370407, -0.5558370324068732, 2.4697848232248054, 3.238444520503454, -2.328201245854893, 2.2554824600557053, 1.9795380985916848, 0.997233864536798, 2.566115251347532, -2.0631496944566914, -1.1803131809321075]",1.0103092783505154
13,"[-3.0253548294964023, 1.1504516113559367, 3.1196600089188466, 4.15739212343832, -0.000977507390154786, 1.46729675346435, 2.503861594862983, -1.9670974546157098, -0.7287942120726116, -0.15816007056780634, -1.612651782433201, 2.0164866461229334, -0.1477211778415941, 4.589380363869002, 3.762976829277557, 1.2891098012866506, -0.6114594646929481, 0.384360149476511, -1.8056152642476104, 3.2561767922177225, 3.3546550887584856, 1.3228083227966172, 1.8055213183950274, -1.175776958649946, -0.04010482592698071, -2.4690560645372956, 0.06003491351918755, -1.3582674508645918, -3.156211686444942, -3.723460652034962, 0.17564424905886677, 2.0882501087596386, -3.3871728391067406, -2.2135023033617336, 0.5087574018347109, -2.080950469909444, 3.438326078588124, -1.720292064697576, -0.8597022283587713, -2.9737418099431374, 1.9856639309556496, -1.2308382159488689, 0.12310357480751155, -1.4679474742809486, 1.9332628723901868, -1.4224838923177048, -2.3031477157394153, 3.9490838010284746, -1.3719765906927337, -1.10477170114227, -0.316854449408269, -1.6335057357802787, -3.670812690900588, -2.04427825638274, 3.4152386150082337, -1.0112731461070301, -2.1443474888356437, 2.178996410672657, -2.5643032197927473, 3.238085931563979, -0.9074755852282212, 3.7755919367832536, 3.2637479605451176, 2.911207840416858]",1.3888888888888888
13,"[-1.715080103364651, 2.366224046558342, 2.2984431738786895, 2.5874715324870565, 2.844398933064137, -1.5513307403251555, 1.2084394344474392, -0.8100055357053035, 1.2849942575405402, 2.206513286789084, 0.3881182669280616, 1.680213311211459, 0.7013503056831732, 4.441708955627199, 3.7310177132313247, -1.6719249737240482, 0.019159525557750468, 0.6842786032977848, 0.6440680559500934, 1.9652178040039665, 1.2177022778417372, 1.956976075843167, 1.9994768761935635, 0.24329687602944228, -1.3086312057415284, -1.0656722383190167, 0.08724740557618293, 1.3500726613166067, -0.9276659392653857, -3.168532832942838, -1.3174124842348804, 1.0143526844116573, -2.78051863158158, -2.6686203310601586, -0.16365144782026264, -1.3992403122422459, -0.45734914655123315, 1.776243799322577, 0.5424524117490106, 0.8383063916923343, 3.3850034696192512, -1.8558767940954621, -0.22054133353408156, -1.2338034874282466, 0.7631232847289474, -2.60130670399523, -0.996728227228039, 3.646023233071343, -1.0557718345813816, -3.595605070735677, -1.9037330993759145, 1.0528643432058664, -3.496457406154855, -2.686427061186929, 2.0942972803538447, 1.9741460105453539, -2.660227365654235, 1.0489879811543856, -2.30726259083736, 1.2102736666497624, 0.05711871983899064, 1.7745277790535783, 0.09251979185406767, 2.566818329271587]",1.3888888888888888
13,"[-4.189491504387654, 2.9873578691063827, 2.1967549726806785, 1.611970101707967, 1.904538158697666, 1.6780467732040183, 1.9582574632971737, -0.7270665397898363, -0.2690003388325527, 1.8370360310844784, -2.2123753105556654, 2.7135184753487427, 3.4330957819576287, 0.9167027997734423, 3.7503757380194527, -3.7998978822386476, -0.8903639837671301, -2.132465826042372, 1.811131848021918, 2.5029124489760513, 1.44918656041978, -1.5202925852628026, -0.41707415178322704, -0.1428985256272619, 3.335657720296783, -3.0300375912628477, -0.08236078757708976, -0.19856260808429627, -3.3520517744228915, -0.8391775693918204, 1.1208788151844158, 3.454060964454324, -3.0440596460480918, -3.0096790579904438, -2.9720745562922826, 0.7971952721649643, -1.450980375365669, 1.263304806425825, -0.39352643816228494, -0.9222183269832653, 1.626773690383635, 1.4114545673118477, 1.191324771312705, 0.10541499176669217, -2.301158056130687, -3.862865091695393, -1.0628285787885994, 2.8569719495502155, -2.1442218339185186, 1.129409597295963, -1.1007066078988628, 3.0297028836676274, 0.9317968188185217, -1.2841591795673992, 1.5261127420518816, -2.7978282837502126, -0.4773957350643103, -2.073934955520878, -3.452217432841789, 2.0626156374548046, -1.1470918362372764, 3.66612029745045, -0.15074821809955874, 1.6228295499981358]",1.3888888888888888
13,"[0.10309325081446508, 3.98488558040667, -0.7585824701164161, 4.185729850924179, 3.459636300470757, -0.1914069636080098, 2.1231272762572395, -0.1782753427979316, -0.8675771007621447, 0.6663786903292883, -0.558727693439228, 3.3892337460512465, 2.2559195399118055, 3.7165468884332795, 1.411420269275301, -1.490261841425909, -0.7151700192162828, -1.07911079574262, 0.9359796762991252, -1.0108499951035996, 2.708928098505419, 1.4409578089293973, 0.3053103820676152, 0.2623537328070431, 3.225850631971098, -2.7639313425359004, 0.14375219566533176, -0.5350372641373649, -3.5933187823849817, -3.2126092297420934, 0.08628614566797976, 3.2253652928975627, -1.1468260832472843, -2.869723108237196, -0.4771151666015214, -0.4314282873131472, 1.8691959275861365, 2.8679685480252983, -2.9030255234175555, -3.0735769498636003, 3.402141366220931, 1.1428957712270755, -1.0163299830555201, 2.190801028332286, -3.1618645769728575, -2.643351613602225, -0.8422142865462285, 3.921334277507016, -0.9276770686707498, -0.7154302341996361, -2.4671161892755937, 0.9214907938593291, 0.9830764445338582, -2.454513921886763, 0.7876761928346783, -3.2186449881472, 2.0474148555709997, 0.991155131084302, -1.9557488561971157, 2.2269879609846415, -2.0929068121943453, 0.4025889052403544, -0.6582591944670948, 2.8287232528946067]",1.3888888888888888
13,"[-1.572330791583882, 1.5368831729229122, -0.932189616662269, 4.089092415571644, 1.0099441782086314, 2.182253160492626, 0.5115472821746523, 1.4706434930172336, -1.315148455193142, 0.1787515890436544, 0.31764098881069147, 3.742838895788934, 2.9001711387598963, 2.4554484579253906, 2.8310690756056687, -1.8001522553897917, -0.6383059852071735, -3.7220114087173464, 0.03719640822152681, -0.6199852967276587, 0.8032748249745949, 0.39411355203225595, -1.4803401712200837, 1.7358578887535119, 2.841560066228594, -3.9030553738964975, 0.010637257525228039, -0.9325925282199435, -2.5267775626791025, -0.6039777836198307, -1.2852583411886482, 2.420479208414287, -0.009547949494139396, -3.001241460353424, -2.5371292942741173, 1.53629304647449, -0.13780784235235055, 0.8038387190270899, -1.0780154289516282, -3.4348258639591687, 3.363423170691561, -1.3671761204772788, 1.662379138938709, 0.537705842983192, -0.1931567450477758, -3.4768779526380436, -0.32643185239473826, 3.5969665800109016, -4.298082078673267, 0.8712607442491606, -2.522415525967295, -0.28507972852150876, 1.3921852779445243, -1.4507708808833177, 0.0023348476627226278, -2.065844736891446, 3.2478657526222308, 1.1180373007790527, -3.4092957812514, 3.495641302160292, -0.22536706933260872, 3.8548810172566017, 1.3274274295442026, 2.759084571341808]",1.3888888888888888
13,"[-4.112383589816447, 2.8623772581432743, 0.9643959262714925, 3.6631722406331098, 2.825809000269507, 3.9374666881042626, 3.019745813477361, -0.3239630998010611, -3.8273408878458053, -0.06005572399674641, -0.7262913760705865, 1.8456347420981212, -1.168534877463747, 1.680360653693808, 3.8128194465860354, -3.7006472832825574, -0.011104683358581724, -1.1831248000400723, -1.5559949938826232, -0.22222248996081473, 3.1844683034476535, 2.6891088016999114, 0.801315493115574, 0.3669835383272489, 0.6914157960005198, -0.688786651979314, -0.07433957718767559, -0.46828585911324305, -1.6055587274206087, -3.4830810448957448, 1.1567656122963679, 2.810890599770188, -0.11095425703629802, -2.324059687257743, -3.145644969443688, 1.6298525399540016, 0.8983557227898027, -1.8196435375680873, -1.0792382923974309, -1.530848266222594, 3.84429850790931, -0.82297277908371, 3.9814003970012655, 2.0567043181910236, -2.8073504450981543, -2.6441092750644453, -3.881274976453944, 3.9594790354094895, -2.194934348041617, -3.7142682853286186, -1.9851544074033969, 2.670493177936142, -0.3686064992499823, -1.6637332428592986, 0.4887262850154033, -4.041565150356367, 1.117245088428954, -1.1686349817648032, -2.378980674972409, 2.1885224213294117, -0.3738751084397258, 3.141923537851485, 4.006525064759734, -0.5580222090634974]",1.3888888888888888
13,"[-1.0312040284767996, 1.6860171321919912, 2.0382611918882496, 3.122335129254222, 0.2764793447988043, 4.078723423178814, 2.7009480559166277, 0.0627262154153358, -3.1261616453974783, 0.6215182322003365, 1.3786690544187985, 3.485168915477941, 1.3104907457797101, 0.8425800684944387, 3.681186315505647, -0.9222155184364005, 2.3096492246305225, -0.6630135122991505, -1.4178661583818175, 2.989440263094159, -0.7438112501865835, 2.6890533473735903, 2.141828113911843, 0.2062525324760605, 1.6098121248912935, -2.793897388597662, 0.4581212234185108, -0.2136360754201132, -2.692906331848535, -2.9220673154402457, 1.9160159295550765, 0.38278431722256023, -1.0674687267840555, -2.2134238615557082, -3.037073543237584, 0.5611679483792786, 0.8308177803311223, 0.5078644850589138, -0.8662469220794371, -0.43932288862510593, 4.002365116138005, -1.5965750105095988, 4.163823390881881, -0.04108666211212513, -0.9995904264392499, 0.2564093391545543, -1.8578201713606466, 3.197004323309009, 1.107388434187175, -1.5933655781074716, -1.6351093628091802, 3.0957828321628833, -1.1509828500121158, -2.3338868747632073, -1.3709807355645798, -3.956634983809027, 2.376783912075487, -1.4166571742306606, -2.756059601988748, 0.4810936896321708, 0.07929626520593896, 2.6456670141076284, 1.416735349674587, 2.8838649969648236]",1.0210526315789474
13,"[-2.0012896381030365, 3.3768861140076085, -0.31974471878581434, 4.286971243531081, 2.3237924821898353, 3.944300321026293, 3.638934000673909, 0.5865617481501726, -3.3176263232917518, -2.021402540213464, -0.37881331975911503, 1.8537922891624705, -2.0090765537758695, 1.3257001621255022, 2.2434772220412884, -3.397565002592959, 2.3338379760261967, -0.1779895173203078, -1.8503788441255362, 2.20167064006342, 2.223423074142418, 0.9816957685349693, 0.7622613695632762, -0.04044856691308285, 3.208350873886502, -2.6709638447676394, 0.38282659364988225, 2.744564449974026, -0.8858978611636732, -3.8626677887094574, 0.41401924534206125, 2.634650698151188, -0.4000516610202518, -2.4151732898816887, -0.973863465491736, -1.422225363826498, 2.6008756559573456, -0.10669504182881182, -2.3797750642560245, -0.4872271360340307, 3.433695902298491, 0.681219729649746, 3.4643239852841545, 0.6686262263407836, -2.6973004048373252, -2.1381478875691324, -3.770361793060254, -0.28344334906790536, 0.14951468297040182, -2.3545123287605003, -2.4356409215185426, 2.923049911927399, -0.37912098235899655, -1.9692523753384465, -0.8721775701332902, -3.834134717588451, -0.6603648610537287, 0.5357640809712279, -3.1399465090242797, 3.4783518911502425, 3.062660061397594, 2.858637343537902, 2.2877754188028865, 1.4007456306485104]",1.0210526315789474
13,"[-1.965885715122707, 2.7076433130919124, 2.127263672334642, 2.597169606291908, 0.006468901024785811, 0.23626411761731123, 2.292345545602369, -2.465714331640047, -0.9277639826484623, 0.46046152512180283, -1.2265842361805903, 1.681643657550353, 1.8756763291901046, 2.8653038851616524, 2.289543647402438, -0.38488048511244166, 0.9704447765418526, -0.5633816013365729, 0.3861892402393885, 0.4553610878092156, 1.220719401027907, 1.1904478568295525, -3.45749649209888, -2.676898628091929, -0.9634481375199443, -3.9568927337062343, 0.4343898296595812, -1.187987373520999, -1.1895640159251828, -3.593046753978446, 0.8099190447761697, 1.728577954746205, -0.3672888486462462, -3.0114237492344573, -1.3043975082349006, -1.3783618772072828, 0.6864646356692321, 1.577232600659162, 1.0862632828961782, 0.27402599812415973, 1.8698423178519343, -0.6456697182725601, 0.8788661170625405, -2.673671599061086, -1.0405329087738424, -4.472336039269318, -2.535846821996859, 3.9208960413436467, -2.3956817711858833, -3.2359965246312505, -0.8382619439702552, 0.33358986371595023, 0.3759338690106553, -1.7743993217166611, 0.9923931625258207, -0.08042516631923757, -1.9283182558069503, 2.6188663053453904, -2.4489086021612305, 2.5329393437665217, -2.509137096501635, 1.8616090249929838, 0.40589756538012484, 3.0534816208480797]",1.018181818181818
13,"[-1.4338413516335695, 3.646942588766396, 1.5617898121584437, 2.1155741804873722, 1.288124235262321, 2.214286818491687, 1.7839662922818218, 2.023907942049326, -1.5493013735296244, 1.8240418159768528, 2.7955507923093506, 0.9824008951814323, 3.4659633312615585, 1.7387008822051264, 3.0550178746924397, -2.8516224112904887, 1.1844426590022086, 3.408531103724822, 0.8166161317734828, 0.6962594919964675, 0.900799599239885, 1.1990256123986955, 1.76024968977599, 0.9681054679086833, 3.1140231052571643, -1.731021624668386, 0.3135602618729627, 3.687253964281215, -1.946490315036626, -2.276236802960262, 1.3890891347966197, 3.1096210078754494, 0.6062872774051558, -2.1305068689167834, -2.7387391422957355, -0.9289549414724523, 2.951191589438086, 1.6183515480589241, -0.3761268749218907, -3.25552299680183, 2.19212790254746, 0.5385486758800273, 3.5025920436475895, 2.659688913826344, -1.205520251869286, 0.11089922949557418, -0.8985611275258263, 2.5646191000789145, 1.1636444576427203, -2.4609988346159852, -2.1775589026508406, 1.5317992083796357, -1.6596650552364522, -1.9252147778605426, -2.667589606961229, -3.7766920966012023, 3.162660936645205, 0.6093876566111576, -3.274288825850479, 0.40473873961650475, -0.17798043401822572, 3.7444807699238676, 2.737864154085091, 0.3297927631728689]",1.0169491525423728
13,"[-2.4070214363798135, 2.7828589044435295, -0.434178053061079, 3.6429925286909848, 1.1455408431929501, 3.378413396247625, 3.7358405501382994, -1.474385253888789, -3.1357015918322655, -0.5273459155954943, -0.2152558296614273, 3.7103763738354765, -2.2498855531607656, 0.35353880710879704, 3.2457917393781117, -3.8042495804617786, 3.9532135887029085, -0.6064549747212453, -2.113495880913364, 2.855434922966219, 1.5001522995554173, -0.32734884604840286, 2.3865151960711426, 2.71308081680718, 2.0624965788575174, -2.0864718416129193, 0.45503556373525145, 1.6264752335317547, -1.8596160412879905, -3.8668722101949764, 1.099265369437848, 3.898068492166803, -0.8299278715673245, 0.2743694637147529, 0.6033138734766941, -0.2132443050745647, 3.188099545007585, 0.9015750149988038, -2.4831048818806605, -1.3156818290653567, 3.2487012340296673, -1.780123888841846, 4.053584571967466, -1.955185449381418, -1.628543918837206, -3.3044709418212856, -2.3315308688489687, 1.5192346116401954, 2.186314883314109, -1.3258046508526053, -2.2407937777398983, 1.3042749626408452, 1.10946844252884, -0.7288009790585432, -2.478700613031079, -1.8318408575220073, 0.9649274652530415, 0.4478872572553091, -1.9480673680778082, 0.0033591245846245066, 1.6657844665731332, 2.578740821550251, 2.620460652509214, -1.4386503952356473]",1.0103092783505154
13,"[-0.11303808856309927, 2.538025056068878, 1.0013438690177858, 3.6811064545979466, 0.4400942491938913, 3.4847123989748425, 2.182463851087056, 4.230417276982909, -2.782500312724537, -0.5571217323683781, 1.3428589819232077, 2.4767956110882463, 3.457069025897757, 2.146578112991486, 2.3047633435154813, -2.0978945049382327, 3.8731094063052223, 0.4967856738011595, -1.741275987175645, -0.7133789280609182, 1.5041415787600168, 1.1332477178908853, -1.033866563054049, 0.7862433724051608, 3.7078990709212656, -3.0194041472694044, 0.3835010507692549, 3.4392919076714312, -2.337293939893017, -3.1408240473761273, 2.1124759597889464, 0.048697052253384054, -0.6408163075859934, 0.5655639790618161, 0.9634896935065806, -2.0272888821239228, 2.4959652657251503, -1.0288639121219143, -2.624696016665023, -2.5165122508150817, 3.258331076915569, -1.4175737881405088, 3.705611437513354, 1.6243878527222693, -1.9794244074505998, -2.183373930816446, -3.6205744225421794, 2.7977683748023052, 1.8746465349254264, -1.4466287296170082, -0.06483730410917676, 2.711305726724368, 0.43771732713830513, -2.3294015065488463, -2.1960433704077644, -1.6823033782941779, 2.2672408048468142, 0.02030966367350029, -0.18654912215434027, 2.892978485202908, -0.340517040985467, 2.4560439227021456, 3.5563351187953938, -1.3938914473191566]",1.0103092783505154
13,"[-1.9694452691988036, 2.9457129405915765, 1.0292744322366583, 4.093391649750521, 1.624216068312943, 2.7792539755846994, 3.5857924525736835, 2.1548305442630826, -3.654481978993726, 0.25549744499039995, 2.432237355399424, 0.7778851769268909, 0.1538810851339374, 1.4665176615594753, 3.0629513841965466, -3.8500955491974955, 4.011688727697994, 0.8046522940856778, -2.078774522364241, 3.0325248756255805, 0.15549191083308167, 0.08959244216503015, 1.0749678124749407, -1.237839805282131, 1.9357567139874838, -3.4648160649669224, 0.5256918642405404, 0.6328834318136618, -3.8166306780491306, -2.862283693429056, 3.0611913140634237, 2.454366709282091, 0.43088777062584915, -0.4503821839275475, 0.7001036664101212, -0.42704733206515655, 0.6421772663058958, 1.7842741318670892, -2.068884755230034, -2.9259164834962896, 2.699536055010927, -1.1988624199614477, 3.7625188828889717, -0.3466827411082894, 1.2016141658113095, -1.1258706355537254, -2.070996300318543, 3.2529951464393267, -0.5401978407120482, -3.52046899105482, -2.3809257696410344, 3.2863453648544887, 0.7141053430836513, -1.6602621958377872, -2.3631873829114793, -3.2269847934583975, 3.1087319122112183, -0.5760941600736282, -2.593592777070257, 0.3803908463813723, -0.6837761598498256, 2.712699053025571, 3.183649656140903, -0.35444044737655794]",1.0103092783505154
13,"[-1.6134109649530535, 3.9174253673863353, 0.4897047073948466, 2.829666477365058, 1.898200090114476, 3.8789813059414984, 3.7337696023600415, 0.8814452187445743, -1.5896633522475054, -0.40887068163124773, -0.9449129276959543, 1.9119748599265873, 2.4002628365276575, 1.6480073189021018, 3.043665797305039, -2.69004233994709, 3.9503867289284256, 0.16350868127720103, -0.1389052697448817, 1.9493056755912948, 3.358164096025806, 1.7027235953934279, 2.459009095711525, -1.812656343228179, 1.644293622080367, -3.6730602079506047, 0.5583666576650401, 1.2079264402287642, -0.33148507553995366, 0.41747997545634563, -0.33398310397279296, 1.3464713375863273, -0.6664205709364608, -1.0340200818411263, -1.4655211884987964, -0.27336687402814597, 2.1062576236034816, -3.292196073158103, -0.28530423869537413, 0.276156162627642, 1.810603187590194, -2.58557802745292, 2.4757719245404326, -0.040678439411332, 0.26940851059520454, -1.571184177950804, -2.0017760945435805, 3.9594256909184864, -0.13473974960996515, -3.687170507308682, -2.147374080754232, 3.0643032287855787, 0.431751044279713, -0.8233213365686396, 0.47737642554551285, -0.577288970203091, 2.111271974386497, 1.9857400874123814, -2.4837071018849803, -0.02856749405422776, -0.6590533273345256, 3.4871442414218623, 3.183592995807483, 0.7678786685356942]",1.0103092783505154
13,"[-2.4578834887069796, 3.7319815548344675, 1.4008194695976508, 3.414002158960587, 1.4969922881691227, 3.727946093947041, 3.3359365654121964, -1.4858508566608326, -3.79925973645645, -1.0509646659461493, -0.5618803287178695, 2.634596582722349, 0.9700464365537486, 0.27113864340481597, 3.1450589410681284, -3.358159418540625, 3.972181645288982, 0.9630568446459884, 0.5935340056164176, 2.2446429019080254, 2.8346957191962656, 1.8832424460515913, 1.3645951203441598, -0.532453523837154, 2.845631958019516, -3.9271114582453928, 0.4658653189576807, 0.6476174535728709, -2.7404177211644036, -0.8204638296807589, 3.099470880624701, -1.2450996758480763, 1.455435014092944, -2.068148139779707, -1.4576642604205237, -1.4068911710765195, 1.798056865902593, -0.24810956445711566, -2.967517344572336, -3.2297599193255566, 2.6617538012420154, -1.6352540649394487, 3.286555546917012, 1.3322448013914576, -2.6105341356581153, -3.452583254401601, -3.629525598839529, 3.154271439942312, 0.9413897945242302, -2.643479452175381, -2.751565799066925, 1.301245067840659, 0.8667183828549091, -1.3130525706640195, 1.3115306917208704, -1.0255209877047902, 0.6517264329461203, -1.3916488148503214, -2.923600205296698, 0.4063311918151804, -2.1772997403833205, 2.267105449689515, 2.5386134445551978, -0.031096733309378344]",1.0103092783505154
13,"[-2.7627826419585872, 2.256221733524691, 0.41404779633348787, 1.989812877535556, 2.336837632877723, 3.772941030260373, 2.641501860131748, 1.384994408467192, -1.3496172644274171, -0.46147750685846967, 2.202358769090842, 2.717360213524996, 1.1577694826200904, 2.895891241071444, 2.9939112680840068, -3.8881183824979297, 4.034954981012238, -0.04574255225448948, -0.6598519136080749, 2.527591012279401, 3.3548529061041146, 1.0659807645006116, -0.1562965835846567, 1.1400364982764855, 1.859540110459888, -3.653077358160532, 0.5025466631146969, 1.2637799912160093, -1.8807348749138977, -3.8456664805523157, 2.7775875743673524, 3.7431383969187357, -2.52362944948781, -1.7432822484235693, -1.9385513908709504, 0.9402546512468412, 1.056002411696399, -2.216368702718147, -0.7281898480837707, -2.051004131435877, 0.8346246003415909, -0.5040120344718549, 4.157617393997992, 0.8174872006797318, -0.9139094100055836, 0.7653734388630096, -2.04217869183225, 2.577979901061109, 0.45375919405241916, -2.2133070004015707, -1.2847734991023967, 2.887729748629695, -0.19448697369535933, -2.723201155859151, -2.049478906283579, 0.3574788445805859, 2.5395934161454186, 0.8355665857976283, -3.0264940523206505, 0.5842163415182515, 0.1352533315576115, 2.2457924934960323, 3.8107716535633918, 0.9087841518781243]",1.0103092783505154
13,"[-3.164529120968588, 0.9416861354939869, -1.2869029888770365, 2.886426285951117, 0.8597643345432098, 2.9474965093941217, 1.6193608174832321, -0.3293297404149508, -1.8356724615161857, 1.7548658616414006, 1.7089977836784414, 2.9300601455985915, 1.6487333433004743, 0.7897923769476427, 3.73960521394788, -3.804945206928008, 3.786335044232686, -1.3938141904923995, -2.0225352579078106, 1.4162386744423714, 3.234514066915274, -2.428257344532477, 0.6129656208932899, -1.086837928688292, 2.1932615736760273, -1.9100075446486997, 0.5227202584328183, 3.740030623271803, -3.9515500174196037, 1.5654574490478603, 3.2294998522307345, 1.1627941395791384, 0.06805600137641662, -2.874153612209045, -2.796674891083826, -0.061540018517898976, 0.6893576565157895, -0.49804766326066074, -2.1775579923522947, -0.3915870604638876, 2.497617724821592, 0.383668679698325, 3.848451097641566, 1.8647893041769013, -2.5850227660612624, -2.232478672772117, -3.8472028367112006, 3.9503099378112676, -1.033402570960613, -3.3466032957059424, -0.643705445399432, 2.0179371194323665, -0.3686111395377335, -0.7397878568203797, -0.1389270407856431, -3.5017500140472357, 0.5019481500927205, -1.305246563025888, -2.7221821215803663, 0.7770250298266391, -1.3408522737185664, 2.261206060236729, 0.6917575081182588, 1.53119860584407]",1.0103092783505154
13,"[-2.1255493055923145, 3.621819821776391, 1.3348628452178688, 1.576363446817215, 2.353542035169236, 4.053689964831844, 3.1777495214942304, 2.1160765428903408, -1.1226147812472478, 0.9071175393067905, -1.2135114954481432, 3.7723625296900574, -2.055406731124953, 0.4711967923856968, 2.9073465605191946, -0.12254431788082387, 3.7180857842603565, -2.019907234579836, -2.688043524154735, 2.776103867588705, 1.8477634696223881, 2.36171791492326, -0.25333186184391565, 0.2546984582683506, 3.1114236856778303, -2.5821545010273503, 0.5453015503822403, 3.3249995959778227, -2.8631351742353455, -2.5267622045350775, 1.600747947636226, 3.400407553183735, 1.3543765311596427, -1.9868356031915646, -3.0755126407817617, -0.2841372110363074, 1.0640795120038922, 0.5071096224409217, -2.8425768176830113, -0.7728913300376365, 1.1405509672955532, 1.1921466899718265, 4.063408505081426, 1.883186191955531, 1.5203673913438591, -2.673235188019852, -3.3329847547099885, 3.836856741767371, -4.252692147291315, -2.1483311528989146, -0.9099394122373035, 1.9908184220120773, -3.122628831695004, -3.0600477105984125, -1.9017757957896135, -2.055498284317319, 1.6942467428537147, 0.18153560830182602, -0.08765699916314285, 1.1115957459960495, 0.6741405654684012, 1.929311405529638, 4.099490779131581, 1.4852928765001077]",1.0103092783505154
13,"[-3.605309353664691, 3.0767027713263437, 1.1189032460782307, 3.179546638307735, 1.2077244053829421, 2.742987287639072, 2.8036773713482397, 0.6018332940753708, -1.5208447164868093, -0.7234218203305023, -0.9736226523103422, 3.8478863694891094, 1.450392977073699, 1.1766289597230308, 1.5576727873447294, -3.0214830790412854, 3.9184789418555357, -0.10205827748249724, 1.2651344325208718, -1.4296477092110607, 1.9182458051846076, 2.654548363207372, 3.3176283253911993, 2.3161054302676654, 2.9317696466848795, -3.760874968163048, 0.5247551240867776, 1.7367746167927054, -1.983014321023136, -1.6723113264626266, 0.7654997781905868, 1.2216212167829972, -1.2062704339407477, -2.6735732828194037, -0.27790766628753616, -0.21681433360608768, 1.9979477937069963, 0.12870974979694727, -1.0737481777060776, -1.490816262287748, 3.4009537620135877, -0.47318903489835684, 4.148537805282956, 2.2404526290361786, -1.4940236071552013, -0.5037732508784323, -1.9197755457109396, 2.403620746222868, -0.8936124279883241, -3.2543679588515433, -1.1119472202032739, 2.415037986405779, 0.9491644927872505, 0.8433754074831477, -1.1309234560597434, -3.985745517166644, 1.7333630011033139, 0.8241300435490552, -3.353978168046162, 1.865189734470606, 0.6093958720067434, 1.2056624001508496, 0.7322992534757171, -0.950853097829814]",1.0103092783505154
6,"[-4.2511911344280255, 3.307245284606389, 0.15615326516820072, -0.5759603613767407, 4.091813655572046, -1.5897630964306313, -1.4889415476000099, 3.9273015064420163, -0.6157226183259276, 0.7017870853037638, 0.3567394817376286, -3.7194172225332545, 3.4446242189799587, -0.809368602964593, 3.777193864337692, -1.8264632355816808, -0.6797378224530225, -2.4020854560818083, 0.07515634587177611, 0.404640429093414, 1.8642140669525902, 0.03701427991096673, 3.2744716628656185, -1.682771016056509, 3.5344911234915655, 1.1808502495014235, 0.18592358869324097, 3.6211700457973013, 0.18970365703466396, 0.7611311311426519, -1.1686222870752196, -2.9638165207671996, 3.156698765189796, -0.44340553903514657, -0.030383713212607244, -0.26459984231230654, -2.5845370100130167, -3.3135994881193485, 1.1168764082273024, -2.4899028474410394, 1.2048592194291006, -2.8155839741554685, -2.208075353651863, 3.4787390613554114, -1.5870430110281144, 1.2163738356504235, -0.6102702039811818, -2.251071000111564, -1.92388972360422, -2.8315186599364877, 0.7277760906820772, -0.3278977978291702, -0.44545257276587025, -1.381163772277323, 2.1225317140387228, 0.983636032028306, -0.37162785481279936, -3.3539165972299743, -0.5297762029581252, -1.7985491657208577, -2.8666396148620286, 3.6095027511840057, -3.201793909617437, 1.7519034405475247]",1.3888888888888888
6,"[-2.610895141925792, 2.4666690027425533, 0.584706460130422, -0.5643491070403052, 3.1325091003469443, -3.0751311457292547, -0.08775201101536556, 4.635740834355835, -1.2199420752019807, 0.5319190218480441, -2.6065133908183995, -1.399721776848792, 3.1330902803456677, -1.7303704514805405, 2.4067091533904703, -1.5056199252048, -0.8311368415326336, -2.623226034703781, 1.4590802938955636, -0.3235449750232617, 2.7980240454621255, 0.12766990521000005, 2.2204944986944266, -1.178059591832153, 1.5348233603991437, 1.1888284470274388, 0.23009156453163784, 3.1622148776732537, 3.5077056541269473, 0.8107307088270139, -4.094254201155545, 0.15951679587736534, 3.432729267626133, 1.6334921160004372, 0.058432508481507384, -1.6764808335915578, -1.1959606196003674, -2.900733078066947, 2.150567612792464, 1.1851900358973422, -2.433957648277803, 0.5147196790733599, -1.3833680980309973, -0.5628511708901194, -1.0088193838503803, -0.4141312878415473, -0.7284882692604904, -2.131557497233546, -2.621381963986284, -1.7948345678835476, -0.7587798698712739, -3.2884670909517615, -1.217946590531593, -2.033936521961607, 0.7634223945492131, 3.4675878235777176, 0.5355750750798416, -2.999001927440224, -1.1109335193065915, -3.058132296599433, -3.2625084964852276, 2.6189868824296187, -2.0712563007263904, -0.3636165522581718]",1.3888888888888888
6,"[-2.9236819521153423, 3.9541586310402534, 2.5697123776844464, -2.107225232244655, 3.8145462724175814, -0.7964456820589101, -1.8509476256254316, 4.634524600916005, -1.7481414084434292, -0.01398522874048691, -2.8250532615967865, -1.0642679457556925, 1.516787251078254, 0.037634378834748905, 2.6607880973875213, -1.478726870248137, -0.8927881469676582, -3.7343027472498727, 0.6705092944948076, -0.16614541873989808, 1.5595853893450993, -0.31457681379856306, 3.158685592219212, -3.3447321231875025, 0.954786397745458, 1.822886733915551, 0.18688217749283742, 4.198532097393362, 0.6876104432825731, 0.9523229593095005, -4.255522605024718, -1.9375896409791995, 3.0744284254270333, 2.515518722334551, 2.748204043100486, -0.903418629125958, -3.4164830713730163, -2.4740422387101986, 0.3872642985518242, -0.7134450380752819, -0.6007040151695562, -3.2984780669472773, -2.166364366494105, 0.2797338436578647, -0.22713444677799277, 0.6647423194588928, -1.5258948791337226, 1.5081047006583939, -2.2160948124924893, -2.63065294218878, -0.9084685534142547, 1.3827404161482006, -0.7976461402021098, -1.1416183965259221, 1.5687624534629712, 3.2188809675526526, 2.6040010637084325, -3.8625472620836403, 0.36850246626136557, -2.6408276775123936, -2.7475233515598085, 2.755027716508777, -2.616521200542905, -0.8129102041934348]",1.3888888888888888
6,"[-3.3884469818291096, 1.1665928189319228, 1.3391150493610702, -0.5257261412661327, 3.8622916608026854, -0.8555491451602135, -1.968366499587718, 3.400647489661756, -2.988494198118791, 1.0323607545988214, -1.2285141775242159, -0.2288816169443737, 3.2121820752134793, -2.8127235552266456, 2.130037540522213, -3.5417075167613863, -0.7938202512337342, -3.787931268859337, -0.31738610193564587, 0.7716649076775268, 2.0588816033890094, -0.8288604803587571, 0.03656319190621282, -3.5150485634094237, 2.7151453527046994, 0.7360210852789815, 0.3465679401843462, 2.5882738479792584, 0.7541286279442534, 1.6032369280956635, -3.14272050351666, -2.3136336723291415, 3.108633629134788, 0.6192214853834394, 2.7262372893750446, -0.76232791437497, -3.4260153330181553, -2.887412751087703, 4.307977973317347, -0.23838926477574407, -2.365844896626132, -1.4828937585632536, -2.605923768200689, -0.8055874431215739, -1.5916860933448367, 2.2357563473488025, -1.4482767713364082, 0.7806835554057431, -4.289780573743726, -3.5490875569215117, 2.0809824575878126, -1.4003177211218898, 0.7243889249490276, -0.13731860180344868, 0.6065291274693361, 3.253002111125077, 2.0918700549831857, -3.8293994723006133, -0.5855444628466393, -1.9223147404488592, -1.5732886795718257, 3.7446828977405, -1.6316480236510422, 0.8378607907436628]",1.3888888888888888
6,"[-1.5847053420283208, 0.9975140959608491, 2.587650440147297, 2.759452176919665, 3.5762154350890185, -0.9670470193512191, -1.273449230453867, 2.0732043113986456, 0.09290307051389979, 0.627283404392232, -4.130448650467357, -1.4382552097939263, 3.063888751652235, -1.7849185772588982, 1.8670265180195653, -1.6962939220450162, -0.6802902345741503, -2.7431563789783926, 1.0004286495944057, -3.024653139623781, 2.194130869684198, 2.3104037754258706, 0.9629488405955947, -3.567312338909971, 0.7172693451491594, 0.8951357261403374, 0.22759787157207917, 4.191908524417236, 2.2178518398127065, -0.542841668466981, -4.259206825271675, 0.5076634345894662, 1.5707020257153763, 0.9467127721432176, 3.6000109929147897, -1.346340915587161, -2.936962654276239, -3.2848351011622805, 3.321760304460998, -0.7503413263675688, -1.2736204089927963, 1.3803440907072464, -1.066167099137112, 1.7817189955821386, 1.2713523467455379, 1.0763464569770513, -1.3785337293043178, -2.8745726777964453, -3.630877029695995, -3.652514799791598, 1.1309770256915923, 0.3182798421839802, -1.376678575509655, -1.424088561276603, 2.3318727831173804, 1.8268283424688603, 0.599770771586605, 0.017665016350552065, -0.3407190532753079, -0.17373846739700882, 0.4480331264400401, 3.8539357339639313, -1.176757597712944, 0.9782709948812722]",1.3888888888888888
6,"[-4.411241993692167, 1.6491750296546992, 1.305366466877045, 1.095495244732206, 2.65893544419314, -2.5437435185736565, -0.5626713216928174, 1.4927874075665946, 0.5159311521486656, 0.2687996461946236, -4.1238474978311945, 1.5630879418596986, 2.0810604209182166, -2.0970631822637413, 1.6445117460241567, -0.35562088800359115, -0.8051622323908817, -3.6452252511470986, 3.0205115024582345, 2.568354690661157, 2.5859112271293796, -0.5853676660670661, 0.522361535049743, -3.6693921580264592, -0.7419709821101437, 2.195236552743176, 0.19309763913934644, 4.1954699188190245, 2.74507001555588, -1.5376837914274866, -2.126222254057888, -0.8398231631904747, 0.24164607977680586, 1.656339830083621, 3.5588516328170936, 2.0315338879096783, 0.6924759150530044, -1.7829994521855221, 2.352283607321187, -0.18163924726258407, -2.9173306230990255, 0.8130244567747902, -2.866357246450421, 3.214448761382495, -0.808355074400843, 1.0817300362861217, -1.9355252397386342, -3.543325249412506, -3.1336717039156614, -2.3071271661399244, -2.109419810258666, 2.6176774110023113, 1.855561029471016, -2.083337555719794, 3.1147310575293523, 1.8317345167267534, 2.405462841241896, -3.9567721910995783, 0.3586497231531154, -2.7139091861006484, 0.8277320198188196, 3.534163778579857, -2.3834321575422903, -1.157009565521559]",1.3888888888888888
6,"[-2.2765425688167653, 2.337279604972731, 3.4944965186936394, 1.7035937424821186, 3.7363215715409708, 0.8676837997388909, 1.726616515164074, 4.048428249289819, 0.9623551132650792, 2.453665261164941, -3.971019490984868, -1.1867645282194195, 3.474143915243433, -0.23934137588113458, 3.7253014786134195, -2.0048809854380556, -0.7437696232899123, -2.19434259741144, 3.1212239281243574, 2.2399018937023993, 0.7600247610433377, 1.0573770658204338, 2.625375967896207, -3.4819358205830238, 3.038620931834986, 2.1263945495704224, 0.1887147222977279, 4.172205918827591, -0.6572153763949016, 2.6129907763841103, -3.9866010116446855, -3.085765279272318, 1.8213397687382005, 2.430407262447536, 3.043150930136369, 0.4139831096872499, -3.0173612231466493, -2.167120146442919, 3.1440962902468472, -2.7507492334421997, -4.219417629205013, 0.6499512514361404, -2.776388099061026, 1.8863071528981914, -1.0581058685073585, 0.5461118685276184, -1.6248447890224693, -1.4283654594850117, -3.0257646804452403, -3.7167946473793907, 0.516912982723416, 3.116081494067605, -1.5713053741708976, -2.614459348557606, 3.304714247001227, 2.8483238426794357, 2.965280214533171, -3.1777791539489897, 0.9822987593831258, -2.184663837511315, 0.11849083059933763, 3.6850207466789744, -3.584261326286928, 1.5009521781060178]",1.3888888888888888
6,"[-2.108833934823001, 2.869309154757887, -0.5627543819177698, 2.8580316835573303, 2.2657407486891197, -0.5901107206654419, -1.4462087523793707, 4.551372762556377, 0.20634602626198173, 1.046292621341599, -3.2374942889603355, -0.5886873618971438, 1.0988884256881994, 0.04509269734999222, 3.2782640463069317, -1.478781132296238, -0.8223762273232659, -2.2471417098957316, 1.1904571086515099, 2.829395008230867, 1.272609564889206, -1.3178559218296741, 1.5524661393191581, -2.882672692982858, 3.745753886713148, 1.9271753112584422, 0.18131887381992806, 4.137679792749151, 1.1712918545212958, 2.385458412806659, -3.3211235358781823, 0.7870395132178241, 2.548490388596633, 4.002986745887947, 3.3670999297785724, -0.5512757809280207, -2.0878994685514454, 1.1734679371619905, 2.7986727308800297, -1.1276944307716523, -4.118051870760353, 0.8238534664259192, -2.2088029252765757, 1.550112157036975, 0.943007392864937, -1.0803739193010626, -0.10819810723529377, 1.1898773537011524, -3.7910083726369193, -2.7956919228428583, -2.774304066475356, 0.9026369773705094, -0.5395503606663288, -2.294772175178762, 2.316430368096479, 2.2241672861692794, 2.1809836291083804, -2.696111570378895, 1.1727973070377238, -3.4279866461159987, -0.25105951354881106, 0.6058182739369511, -3.7241045427911867, 1.96962657384449]",1.3888888888888888
6,"[-4.42028900125771, 0.7035904994515003, 0.6069281677765401, 1.1677182857295192, 1.4282998885428677, -2.0497974403434, -0.468210849765849, 4.107375949253675, 1.404248193974969, 1.8271540320886506, -2.7398156196525227, -0.5600671349123099, 3.2155550216354385, -0.7368959410355389, 3.1396735282057784, -1.0247533946047458, -0.6897107051635986, -3.7277026983835833, 2.9111761862365992, -0.6244037261015278, 1.55731305041632, -1.886222846711484, 0.9350552108193448, -3.6477633001039695, 3.307376600741385, 1.912118176577648, 0.15844039709723637, 3.8709859016529724, 1.9674228843173729, 0.39776962768941804, -2.7627914897144605, 1.140736429598824, 3.814963822840008, 0.7016418799749164, 2.7514598440440405, -0.4321485282148105, -3.34958980290147, -3.4538225518239956, 3.5598842561251467, -0.7696999401866564, -3.959245472653846, 0.4663369552635342, -1.1122505529308686, 3.172361729596841, 3.19741848405105, -0.493961579982498, -3.139995802617224, -0.7618495593193971, -2.5410065115207328, -3.0829651180194304, -2.2958181485048432, 1.7528872837863667, 1.5835149206127848, -0.298525543157254, 2.172672891815795, 3.422954040110678, 3.115277726505461, -2.3005781931285334, -1.2757250041043056, -3.473665587104051, -1.6316693571292344, 2.230201469279907, 0.30236520694179214, 0.5497885840048546]",1.3888888888888888
6,"[-1.5576956393086676, 2.3892994374225505, 0.9955502715566784, 0.163301068217934, 2.3496903257596022, -2.4909342518826048, -3.5343230877538363, 4.397700228351532, -0.36215123413532524, 2.072808341628351, -4.295178036421767, -1.8066963798677538, 3.150994959975272, -0.6793790294661192, 2.2924788820708506, -1.2314617235473515, -0.8688360446374502, -1.8531273035697173, 2.2728381331930723, 2.462245341380468, 0.5152736149135564, -1.415202984940509, 0.04280915901516502, -3.4995989085066856, 1.8967187454923755, 1.2731264164179414, 0.23037730063307432, 4.065672679286454, 1.6151191287462194, 0.17750426081937398, -2.1651109731796465, 0.7044081393527254, 3.794832793885315, -0.7329356529664756, 2.741136687634252, -0.998405381364404, -2.44363742944947, -2.1775505092773164, 4.429826609581602, -2.9612459596481857, -3.6631252772648812, -2.1928396428054797, -2.283228266272818, 0.9233434157188629, 0.6845346376559238, 1.1990590491154631, 1.147245627252681, -1.7102022165186697, -4.217076945086272, -3.702696017674465, 0.06609255896426489, 2.818211979792893, 1.0570623916569233, -1.1346148825680746, 3.3652539044888177, 3.083613923256558, 3.1998914898666797, -1.819405549937794, 0.9513002451299104, -3.465352559220582, -1.930268319285313, 1.2351273194277024, -0.4731788777453154, 0.4833293243324956]",1.3888888888888888
6,"[-1.5129202243234834, 2.6122112758450395, 3.30888119621286, 0.8673137882087338, 3.5574176894876395, -0.12702517022720872, -1.3244868135545924, 1.983443930907455, -0.6758558513773787, 2.2577110713042314, -3.498048024575863, -2.6171212857168453, 1.69435324705515, -0.3115047969794631, 3.0205092004386738, -1.7451620763826232, -0.7739296202025623, -2.630239640979917, 1.5565350293084714, 1.0740554228544645, 2.5909775620023905, -0.988454478767606, 3.207351156918963, -3.741357634440193, 3.6808339113306143, 0.45398495548864615, 0.21300106679240358, 3.7237074769113865, -0.4984239646187567, 1.8623642975153087, -3.706327953152085, 0.25928937367687377, 1.3145785287370073, 0.10862052723343674, 1.4314065017203816, 1.256060618365488, -2.1807539277994863, -3.404181520471869, 3.995843274998037, -2.1181203357784986, -2.5723451891598113, -2.3396091711759683, -1.1792825731803829, -1.3763248891843254, 0.2142667777584391, 0.6099202749601986, -3.1422119748591806, -1.8694892789583397, -4.2503725684785785, -3.328431483170792, -1.2745933554536892, -0.6469832652434822, 0.07444241292997811, -0.2938012177301488, 1.8841832272085313, 2.7013562629159344, 1.053103858379322, -2.908574784382081, 0.11644382788963714, -3.1268077384227686, 0.28573370012917354, 3.8533724266316782, -0.8244660940246806, 0.7358501622956652]",1.3888888888888888
6,"[-2.1831866524076, 3.2654275436287117, 0.6971396679697106, 0.6881816903161492, 2.8970192532112176, -2.2872129416442224, -0.9703588733635939, 3.598991179579473, 3.156303496346464, 2.3711215596482376, -2.7555292830038933, -2.2116821558864133, 1.7569432456865541, -0.6131830626993023, 3.7721929460411125, -2.259339097854043, -0.8467910325298187, -2.200752566076253, 1.001715229944803, 0.33474745701004993, 1.8433329183875382, 1.5817705553309216, 0.7327640568360712, -2.7309899510460918, 2.780961375566502, 1.245725014343059, 0.22766026606626769, 1.9595883733862887, 0.4724628054372193, 2.286521193653623, -3.932675011449038, -0.4642770051492399, 2.9576376674838496, 0.25369415973811105, 0.4193484922654469, 1.7760179428687544, -1.651721308457327, -1.9722801327477915, 3.3534738220168183, -1.0064271343283198, -3.7224139921590362, 0.914278746137793, -2.078006757412082, 2.9903373499041948, -1.8688998784945101, 0.8750253612247428, -0.2445554732653199, -2.347056600660731, -3.7400808707437845, -1.5652569997293933, -1.7932939916033566, -2.0730899916356083, 2.4833913814553465, -0.759425024115232, 3.0928818040767316, 2.384255598207606, 2.4827678605942305, -1.9915884023436266, 1.5421254637238342, -2.6446056843071224, 0.012423504232684346, 0.5911892055632082, -3.385037254597248, 0.6454626516417923]",1.3888888888888888
6,"[-3.1797537264497935, 1.5607508600482993, 3.844814656016395, -0.24795874703624943, 3.0230110300620887, -0.5953538269253122, -2.5765253104868635, 4.320531427249024, 1.3525102117881063, 1.959709583028236, -3.7290846955332304, -2.48018465243057, 2.967398990945835, -2.35486587562332, 3.603552497673709, -0.7512197239698305, -0.8703270180143916, -4.198669769046864, 3.594478895811604, 2.920988144749644, 0.5300325828000775, 1.8927998617053734, 0.8805711040583466, -2.1390933294550694, 2.3256089761755483, 2.7946640075016873, 0.22069443042417095, 4.181867398863436, 2.1334692488754197, 1.0443273549365473, -1.648164155335492, 0.3737412751439689, 0.31865530238124307, 0.15539814704284174, 2.2351948819352065, -1.396982287294112, -3.2869131254749218, -2.6003273230707755, 3.974690492784733, -2.0661624061557404, -4.261799218820267, -1.7631379576563442, -2.1660922014223565, 3.4246059234198913, -1.7354061420944444, 0.6718231642188062, 0.6048834681070501, -1.5884963497778353, -3.704465372913025, -3.2439070183626555, 2.4689169942039864, -0.3563176675810815, 2.9468785761317213, 0.5243177887444763, 2.542637891505665, 0.5760806546397212, 2.4907127702139995, -3.218040921707591, 0.5108632834328414, -2.0117084179082543, -2.487814047396321, -0.018967642560971498, -1.7382787506236532, -1.2312841653268163]",1.3888888888888888
6,"[-3.6711607123741983, 2.6159944644821005, 3.3453949220575074, 1.3011221726325068, 0.8090357738894853, -3.0512089872937427, 0.03510884599097025, 3.400219382451196, -0.020698016059694346, 0.7749067867341384, -4.0480150865715885, -3.0635663816074556, 2.0523548186419807, -1.754326982152505, 1.2049233001821795, -0.07995378834822642, -0.8362382809204356, -3.42031173335003, -0.19120547389957032, 2.3382897988975837, 0.2421247029705067, -0.2870605024216034, 0.5983916642368533, -3.385225033079008, 3.6101695980815944, 1.3467213645444212, 0.2874688692859436, 2.8474091900878618, 2.678875614952182, 3.0968646283154073, -3.2610090870900317, 1.0652807824445982, 1.2266533610837518, 1.2833816882833466, 1.574524076920042, 1.0867340700245494, -0.4701233486494736, -0.6475546495684339, 4.428184558673378, -0.6114942462779971, -2.652119423578969, -1.3692754254959951, -0.9943824834736139, 2.6673668287250556, 1.0387003145030291, 2.025550152919827, 0.581951848349167, 0.17591209411579367, -4.204698664366286, -2.8007501335470497, 1.31359436600711, 2.9536024488696904, 3.761059143240857, -0.9459963389760487, 2.0855081239622755, 3.2617118949432227, 3.471040775455789, -3.8684953060813134, -1.5551411772989114, -2.680018452347567, -0.4956518934365339, 1.3945148433191448, -2.261043959875827, 1.719041432542412]",1.3888888888888888
6,"[-2.4904737238171046, 1.8690752199063025, -0.05672935217256958, 1.6439878572116, -0.2498309049942159, -1.3861365811230875, -0.12196189667056806, 3.564047975764961, 0.3272212812906452, 1.5509106621685977, -1.5949503694870724, -0.9532979455538007, 2.4455267122448063, 1.1499736837783177, 1.1811431924829394, -3.6145252765755007, -0.7175123829989067, -2.259081540482759, 2.0062243683584646, 0.575383511239236, 2.609483620966002, -0.8968610298471388, -0.5917095803714427, -0.3545498383878849, 3.3087724537241234, -0.256803145799978, 0.18665855991716973, 2.2331645132870053, 3.198144230866607, 1.052088383333773, -3.0037381694397998, -1.3394004680062648, 0.42670373062994815, 0.4153535063983175, 1.7976603272507048, -3.0452853143593352, -1.4351732546255862, -2.685761045208608, 3.455197081238084, -0.6302947783707546, -3.1316020745150537, -3.2333466520290206, -1.1175995824806293, 1.8059023693729905, -2.409028821796933, -0.1291533955326245, -0.5536350646031847, -2.0752985814192133, -4.014695784157063, -3.403676797786296, 1.0427002556140568, -0.3672160107746615, 4.025105853157404, 2.5897011054728916, 3.4050052116299936, 1.9273545031132913, 1.575649549381759, -0.14919843511960762, -3.472204015334804, -3.028833267142412, -1.8000436378485953, 3.2779273356598733, -3.2718399320249705, -1.2512610197490892]",1.3888888888888888
6,"[-1.3299686331522733, 1.435266351887384, 2.698380297118463, 0.5709526797975523, 2.257409145129295, -1.2169541942133184, -0.8974937594518004, 4.63722968370586, -0.5461945993284238, 1.8194186566185988, -3.9211596969011304, 0.23708917988763134, 2.033493465501822, -0.5365932854208149, 3.7089959654692244, -1.2093233997153323, -0.8608286510802947, -4.0440913480955984, 1.7688278272226816, 0.16228763881846797, 0.8532784154271608, 0.673812939386869, 0.44748694758506546, -2.856447617926424, 2.7447808386384462, 2.7711909461191464, 0.1975180805832728, 4.15553332752031, 1.7177505903832118, 0.33326801404490003, -3.5528067590980283, -0.035608059383045926, 0.32424601578647083, 0.8461442253687215, 2.877732431905198, -0.3022013235620777, -2.310753245536329, -2.927411043737484, 3.348512233399813, -1.396207738905532, -3.3613757009842846, -0.5984815955517884, -2.2231088583569965, 3.4714318051017994, 3.1702272825158198, -0.20428162081459966, -2.9548396633550866, -1.1130260023654968, -4.0854855320982315, -2.160198192369498, 0.21187451966665627, 1.8950307489550975, 1.8331152291097934, -1.4365463819713375, 2.240040983634638, 3.10148023940811, 1.5994490941831792, -2.736950884110823, -0.8831950127039458, -2.1023044468076977, -1.522041299202757, 1.9292424171465392, -2.8380206833047716, 0.4884750232404159]",1.3888888888888888
6,"[-4.077393520354576, 1.445838626745967, 3.4137291038381483, 0.8228985884257424, 2.676378015142434, -0.5930718107958365, -0.5233085479779722, 3.5947971490214448, 0.08928652741200989, 2.191974942826583, -4.088890406263574, 1.6674359824233194, 3.0909815993138157, -0.6973389906651299, 3.4867822020043904, -2.480385422662138, 1.1656653291472052, -3.0683493249865, 0.04597547848099137, 0.32251767779703666, 2.4252140409449034, -0.570116555407539, -0.8147658763592729, -0.3940652650595533, 3.3554489988996115, 2.5602306019185495, 0.46386433994691134, 2.3573280789875577, 3.408632774898695, 1.910422859869811, -3.920210591609263, -0.06788569125608118, 0.03627332822146556, 0.700174357979988, 3.562288841882697, -2.2036596659557497, -0.6848292814817174, -1.8922308984483203, 4.253160044382872, -2.6681654060977147, -3.055957478025956, 0.20320477096352155, -0.7409003350626664, 1.4391169626187699, 0.6651210924978712, 0.5642684846318524, -0.43784604863582255, -0.20771643795072348, -3.9486710183100415, -3.7261126467725445, -0.01839721421385971, -1.9908509452174319, 0.5401416209957772, -1.20614529333703, 3.227919793130119, 1.7267954153126732, 3.5675546228550044, -3.7355285148493267, 1.3712121709913252, -3.785200778343486, -0.3784084742728159, 3.2760571167885546, -3.154879270516571, -0.8005266489025316]",1.15625
6,"[0.3681296940835148, 2.49016264604691, 2.610257141581501, 2.60518608622724, -2.2121724003896674, -0.9369290361176768, -1.5394085896928673, 2.5606216380272593, 1.338349544479744, -0.1421155256213389, -4.296354608442533, -2.5685975012351525, 3.1676182147806093, 0.25464605534401474, 3.672152478438473, -0.8757445627681384, -0.733952486582933, -2.3957433675041866, 1.2858856873521018, 0.06516555782987554, 2.2224130505110082, 2.0692010901568385, 2.297793849184548, -1.607401036724709, -0.21208186831601505, 2.210616782463455, 0.6150680991428779, 4.165584691908211, 2.7532210222941496, 1.2341682087806818, -4.055469267219524, 3.3371454091441968, 1.5223113303599685, -0.7129377262255858, 0.7389291560414439, -1.5794042654475235, -2.9786073418320287, -2.714680635015322, 4.431062810732315, -0.9445031979074613, -4.261916268197295, -2.5739171627925463, -1.6629012263288487, 0.9538940338956368, -0.672843942386171, -3.401608221799612, -3.635624108708475, -2.138175299870589, -4.267754751059648, -0.9134162637634919, 1.0951999876350178, -0.48697012595346145, -0.9255845613994604, -0.499504754636376, 3.1538327597000997, 3.4076196530608174, 2.272925970297525, -2.827477736635878, 0.14292444438789498, -1.0910238056122226, 0.3501083308930614, -0.1268183982356379, -3.2972519768037776, 2.1857453592127256]",1.1538461538461535
6,"[-2.8341104667991694, 2.3690358005734944, 3.0054833357463093, 3.8793236686068466, 2.2116883200467745, 0.3350836971624329, 2.3572901150471846, 3.867457911703396, 1.8046629586847667, 2.347034549508744, -3.269951207997067, -0.07117690213422168, 3.0947306510888275, -2.057895088332395, 2.626568752143026, 0.5579835548258534, -0.5732077696223621, -1.6890860350628671, 3.578005212329826, 2.7184318811449906, 2.72567225396232, 0.14633580891092401, -1.4760246181585652, -3.173685340213749, 3.187239585479963, 2.544568464981131, 0.6635834262159748, 4.0857117540509185, -0.9731342439087178, 2.5627250369256176, -1.0067647216600761, -0.7218118506268996, 2.977743146011927, 0.02026025163743672, 2.2602941664425806, 0.9884521291577522, -3.129291469174489, -2.376557180720621, 4.33094023737645, -2.4719318352997828, -4.210249545400423, -0.04454881919080286, -1.770387399437998, 0.597915268689553, 1.4008575457909234, 1.5065947277081997, -1.9761623479063055, -2.6463572325702627, -3.069064516381065, -2.089059793890522, 0.5781443749955022, -0.5216658289305105, -0.028925459379289586, -0.3099654320656767, 1.9200495985237103, 0.5437004259127152, 2.610025342255201, -3.140985609858719, -0.09000391502762006, -2.255055513595085, -0.6146856534698133, 0.8333998242013316, -3.677912026353943, -0.023218157194293265]",1.1538461538461535
6,"[-2.9250755393693826, 0.7631723224981566, 1.7656293238895429, 1.6424389469976994, 3.5106771344615235, -0.4541472740735375, -1.8515644641848517, 2.3965034761585735, 0.8724666140760092, 1.9569207250982736, -3.4859156967085845, -2.737497151817883, 1.3273641465896469, 0.3671921465403078, 2.8670818391091877, -1.3248292275651634, -0.6314874772055661, -2.859982601709518, 3.672398275825804, 1.5634673103947496, 0.7999345672832848, 3.181748234885311, 0.37945503778740397, -3.4756835612248542, 2.1965277595796735, 1.5319509343915705, 0.7323336371761121, 2.346964197289474, 3.1616209080480973, 0.8964761027645052, -3.634548888773693, 0.2856198783775097, 2.017347413816818, -0.0014706798207694827, 2.5880186685690303, 0.2940732906169525, -2.4530636502935925, -0.13183033317340787, 4.22167486563595, -0.5134101781901348, -4.1408393641673555, 0.5994340979422731, -2.619068419299371, 0.34928788779495634, 0.279604446041687, 0.07390783161526063, -1.2839284193885514, -0.6638801478094851, -3.16658781787436, -2.8039216631263053, -0.12173781145751472, -1.479578222375296, 1.0899569831272047, -1.324451468043574, 1.2870369224792175, 1.9879823091546411, 3.045707570196167, -2.046545186775772, -0.02741572637004843, -2.2254626886181312, 0.24167829486603742, 3.7297801109409687, -3.888758897709197, -1.7822193130175201]",1.1538461538461535
6,"[-3.601370758115742, 1.8498228401163905, 3.9004971619972846, 3.511684445640718, 1.3615021482414928, -1.1179302046113513, -0.6308274647646562, 3.8164555956271964, 1.2774142669173765, 0.8197719545941318, -2.2250880420723878, -0.011188535705116243, 1.399245687715939, 0.6381817985153773, 3.5894632566925453, -2.056454261132319, -0.7083806249503305, 0.6411236612356097, 0.7250992763992732, 1.9801524632008733, 3.2955893891502672, 1.6261045645650836, -0.8589830131991194, -2.335620554767048, 2.991909362692831, 2.6066464579676487, 0.6475609054020344, 3.605550718126979, -0.9493169605216458, 3.1895456079808566, -3.316610148696122, 2.530499056644026, 3.063689847039548, -0.36613508891380964, 3.5926930168388225, 1.1677014823396505, -0.22696608937617313, -1.4121104722985862, 3.8203758248543753, -1.346862841240424, -2.165623508822353, 0.2651453547959486, -2.003359210222079, 2.2485759645191843, 1.7770470255043724, -0.1882337621512301, -2.4090525575442996, -1.4667334572503168, -3.1601579321593456, -3.307762215470391, 0.2122028413353284, -0.7798633810149282, 1.2232133254876922, 0.15758833066040911, -0.9266049017537101, 2.9609991927724453, 3.0328035835117353, -2.3495582256579586, 3.6935461604547233, -2.9045988397315687, -1.2759091932071824, 2.9703430380952565, -3.988412865691555, 1.821252775231871]",1.1538461538461535
6,"[-3.9565678604670245, 2.591006748560413, 2.333335312998832, -2.7568175396155996, 4.136723999850935, 1.2491154189449154, 0.28270129125165355, 3.3138301173500366, 3.0093916561978147, 1.931836890144751, -3.167125093814239, -0.12710159512288915, 1.7635592303004652, 2.255689109426344, 3.5063428182461815, -1.8565438684238273, 1.321472499385361, -4.00747114095253, 0.5683183061340378, 0.46851386992564437, 0.6763803458749373, 2.0901619850953037, 0.2205844755215839, -3.7414902672633397, 3.730888280899307, 2.1391524105553534, 0.3087511039858267, 2.409579399154919, 3.6007999891965525, 3.4770251129057437, -3.049493279681275, 0.018152560684642327, 0.8585845233184152, 0.8492873551447917, 2.8144719655932207, -2.7773609526362804, -2.534432096647745, -0.23993228522389964, 4.382952950926266, -1.3328655376434024, -4.244490375198722, -0.6885185717442901, -1.2867596432812336, 3.380085204727, 0.36058193319355547, -2.7207412838459053, -2.5458855880463336, 0.5046654758092848, -1.1831835287830583, 0.7200475173851153, -0.750475469967669, -1.4969200534145732, 2.6819837902662798, -2.931869689557777, 3.4156138860459184, 1.6194657911837744, 3.217661882700154, -3.9520334225233804, -0.14975488567937778, -0.5430380537904611, 0.5580204881077988, 0.09728961264752334, -1.333028328368003, 2.927625396783525]",1.0158730158730158
6,"[-2.8048795727554774, 2.7116477526982354, 3.8996377691674273, 1.1003985333295352, 2.336349337481195, -1.1643581417501916, -1.4645442243413023, 4.43158120267489, -0.09603454940621059, 2.204726160768421, -3.9380735023095887, 0.5200973485044743, 2.4553996619948544, 0.46535910139584735, 2.4204254763091217, -1.0356618238809634, 1.7440908629385394, -2.4812694006330958, 1.4025639468443973, -1.4638961374996804, 3.048654728619088, 1.4193958679049057, -2.635969113101193, -2.9979018715016883, 3.1010751482674674, 2.836881622431757, 0.4417838737373747, 2.4339684791282714, 1.5121239581750825, -0.04852443669515116, -1.694950253456851, 1.972841243309074, 2.09475182629639, -1.65075597109196, 3.3073135865450443, 0.470722010916141, -2.6149298134755767, -3.0942266330696118, 4.1444425369611855, 1.1617520585649264, -3.2424890898093515, -1.8178032964448225, -1.5378465146798872, 2.4367394647328453, 0.6345593100175145, -1.4544133622333866, -1.687614833959672, -3.121648091502789, -2.6372159271318756, -1.2769248097629375, -0.2724531637170571, 3.1624004618468957, 2.0817673663480747, 0.17277316820674726, 2.5864783182156463, 1.8859888807813143, 1.0921430215615962, -3.6768359985361103, -1.2037734047065338, -0.5554139560765514, 0.5908667564529716, 0.22237483273963354, -0.5040574164953757, 1.2370873681626262]",1.011904761904762
6,"[-3.7317365841126438, 0.6535633604133024, 1.721138959337129, -0.2895039256699979, 2.134967396982161, 1.938271189837871, 0.3313585395681997, 2.608365021169043, 2.5699675108141036, 2.0799932808457364, -4.241604610087116, 0.30157046333330645, 1.5175771252961843, 0.9674352840240794, 1.415079047960897, -2.6255512473791907, 4.0227588984522615, -3.745712314558636, 2.455663609979328, 1.0159531777057906, 2.834900068769395, -0.10451553234803024, 3.3331983372020337, -1.4270354265837968, 3.710783761794601, 2.2862637726369215, 0.5818596621967619, 3.15855930663221, 2.730930635077734, -1.5182319485676552, -2.6361333419122914, -0.2168259553108456, -2.379151001350565, -2.4727849791604086, 1.5796222397546205, -1.3183896565461513, -2.555029747424381, -1.860288752343013, 4.032842690881957, -3.204990487369402, -4.250080854623625, 1.2566352911145464, -2.567717442964716, 2.1798443365627627, -1.0837671733560819, -1.2906956179613442, -2.4137902459453278, -2.5008040204709627, -3.823200461665423, 0.9100587144280219, 0.04452327341690032, 2.3561463526476825, 0.19948444487242223, -0.9041444916084157, 2.568524664478378, 2.4221875403965636, 3.3439328637715207, -3.956018554257583, 0.3105648859443362, -3.0176287258241747, -0.1316569817501997, 2.448544250439505, -3.79800922236872, 2.5179780310146445]",1.0103092783505154
6,"[-1.633724810536301, 1.8211838846793187, 1.2103111571249476, -1.372032423136246, 1.6943558319952414, -0.12013517566812326, 0.18824481688818778, 4.637298461764295, -0.11096275872301908, 1.9793763754563467, -1.906223074141762, -2.328576329137036, 2.0070684409507655, -1.7612243809594568, 2.9151494590506224, -3.074503413706163, 3.9610131691384662, -2.6110510242330705, 2.5693786317672997, 3.056974954360507, 3.2255126936629575, 2.2977320406333113, 1.2863861698082586, -2.361875882988619, 3.247766798245143, 1.747294200486626, 0.6158788432608404, 3.4819209251282657, 1.456615266762794, 0.12184413752319734, -4.155960495558255, -2.921056559100529, 1.9167540371135798, 0.02829598665374644, 3.0964915793881005, -0.8574911134827135, -1.9148784397189367, -2.5410827857924065, 3.2975099421229785, -3.4964532517105402, -2.7180866937653283, -0.8578213152323614, -2.7556388580145486, 3.2477912642232147, 0.06435022458319839, 1.4707945229010886, -2.5220670200702164, 0.4021169542491527, -3.4807732139046537, -1.9925919568341248, 0.6680018408535987, -0.45036308182849727, 0.5642532826975653, -1.0333365238259598, 0.8771178179656385, 3.0676371198957737, 2.4641123334126487, -3.7655536834377976, 0.5137970896177229, -3.5734833316693386, -2.549293117001147, 1.1150399884859987, -2.267844136803304, 2.856206442687551]",1.0103092783505154
6,"[-3.663125426347399, 2.4971561220650216, 1.9646751508733324, 0.5516767178298694, 3.3616467476814487, -2.8928772139535623, -0.5635000588994675, 2.792056293131242, 1.9019374300572989, 1.8422466998062201, -3.540514152533982, -0.2848986867811023, 1.9532501553879178, -1.5407150766225737, 3.7108013635070947, -2.059807436206585, 3.8366484238035024, -3.9314913661500723, 1.474775665092238, 2.252623590227732, 3.3311488431233744, -1.4577446150327147, 2.9578925393713793, -3.287535552195361, -0.0010614833444271277, 2.865126760481824, 0.7231925692534464, 4.195637691943594, -0.6252019371536796, -0.6596837848329682, -2.535375944859628, 1.0716506165588293, 2.923148863335065, 2.6492484250414323, 2.103235038583308, 0.45224232321040914, -2.2725460268056947, -1.2143145364946246, 4.1138183411804246, -0.9643753754230988, -4.018285841746347, -1.5258192278520932, -2.568986912153315, 1.6211303810897202, -2.0411367701775776, 1.5796094939998568, -3.908226310940298, -0.6297593029574389, -3.2303730755403786, -1.7444124689255514, -0.10499703475016531, 2.3400663463323172, 2.3382757697411054, -2.681276132716641, 0.7388805863843717, 0.04696557881425756, -0.011307777673233321, -3.4013508715814247, 2.0015923187893474, -3.6804476237878294, -2.6203756137101086, 3.84783419329996, -2.012380993631099, 2.3048341336122617]",1.0103092783505154
6,"[-4.112096799223237, 3.6371638568538525, 0.6128084280477988, 1.6485907943312457, 2.9068271789549986, -3.043505200734318, 0.20397351945793268, 4.35558198650992, -2.088117227231763, -1.5071558754341676, -3.5604112656742952, -2.3249436561732124, 2.0317082914139784, 0.796956375834634, 0.777933401622587, -2.3383623218390586, 3.758993841621911, -2.7598961992790705, 3.075169805722425, 1.1149000106345872, 1.1373550242617603, 1.7273353819428319, 0.9594903712715839, -3.3917209373734742, 3.6328828178322223, 1.6290498787160992, 0.807105543498667, 4.0570779162481365, -1.7607979604168325, -1.6371850192412383, -3.4820473531818785, -2.1953532268526152, 2.995568927278375, -1.372795291402062, 3.2488234851868403, -1.5782597713483142, -3.4276967341838045, 1.7207200003496101, 2.415177770412125, -2.4536216294293416, -2.816819175779927, -2.004128591286386, -2.1149299325440283, 2.3485530188158714, 1.9605844490176791, -1.1099391615481673, -0.12835963571054165, -2.6001770664764146, -2.35226995284623, -2.5623548410480916, 0.6633013052672544, -1.072869032128262, 4.124191988005858, 0.4129647015989033, 3.2712855806936227, 2.569064204714381, -0.4959474663586909, -2.2035988571639105, 0.4442115669927316, -3.394462764398167, -1.898323138489323, 3.834576893002715, -3.1772000391528006, 0.29962987377068484]",1.0103092783505154
7,"[-0.4286568198632241, 3.0228970545579417, 2.1853776513008225, -2.3629491170742996, 0.8363686287806652, -0.447470317320383, -3.8540097589375906, 1.332240848411866, -2.0048704883971165, -2.408151574819313, -1.5091514700294408, -2.6087392493772987, -0.27575622918628284, 2.09674115907473, 1.306281493533899, -2.226591840684406, -0.38543647855380814, -4.225767888220306, 1.2915301992956414, 1.3127454582681244, -3.143792924157676, 1.8542137239304548, -1.3192417324043917, 2.2339232198292125, -2.733889365755971, 2.8494106777520622, 0.10488776224677143, 3.643618439462007, 1.359423860648445, 3.581751196595139, -4.264072702973379, 3.255309463698851, 3.4357212695568693, 3.509615431311538, -0.0619236898357276, 2.5907765407384638, -2.1429842706409716, 0.11714515034618356, -2.3142098734164347, -2.24380940477418, -2.0758299873597537, -4.065986745675895, 1.0238527206988253, -1.3988715955454303, 3.1830617800246674, -1.5983220684611497, -1.8961068940178019, -0.177841763623621, 0.7174453617810606, 0.33910366810351666, 0.7598575897263, 1.8928575145019904, 0.6711786909146985, 4.240045588592567, 3.138494863307626, 1.4610303010538728, -1.209580397858558, 2.395084405830367, -2.9833136386051455, -3.3478377279782343, -3.0988470457618433, -3.781398192735983, 1.961776284311605, 2.6815530923758457]",1.3888888888888888
7,"[-0.8578023469622104, 3.985882251331148, 3.2595156951091995, -2.497289113677789, -0.9318941183999557, -2.0892700270467883, -3.5197397294622728, -1.3503564382482882, -2.8566975248316253, 1.693156020953846, -2.8061142063544935, -2.3009136614124017, 0.22661186025567592, 3.8018554777793243, -0.06989018941213132, -0.36212942075724175, -1.35878145548767, -3.04815962235196, 1.0570336040372559, 0.9537728850511122, -2.0072379365449438, 2.719980390088218, -3.504507532578869, 1.8963726678043509, -0.03848895111155359, -0.22860118470494517, 0.12542695054560293, 3.062323536120018, -1.4774077245424497, 1.6694262447081365, -2.983106120192546, 1.0433441807459385, 3.854764394305831, 4.244319193672299, 0.7440441626982721, -0.2222654866684327, -0.7148542034891565, 2.6505742676824893, -2.905662034316183, -1.8923683130275282, -3.3437294201249084, -1.8704406961921571, 1.7874720215627589, -2.941327441738115, 3.386644604386192, -4.230802950835703, 0.3933438909685273, -0.18018738870157028, -1.3385446954795692, -1.4142623721229626, 1.5661823825538148, 2.440993217927132, -0.5093778730969988, 3.1882189507935923, 2.0272727534048025, 2.6339568345803226, -2.2076091328745533, -1.291282161441581, -1.6487760179332458, -1.6939218346656162, -1.3197884651358005, -3.9454867513222305, 2.2189904648806924, 1.2592667753479367]",1.3888888888888888
7,"[1.122995747648563, 1.753080761878995, 2.3895752441297047, -1.1458973171667681, 2.0272882567216732, -0.7738155152563244, -3.820574603094904, -0.40568227975168925, 0.7027566911118566, -0.7287396290122592, -3.02747290870547, -1.9756126741669142, -0.2199246331948026, 4.616095813983836, 3.462680414400512, 0.6054347537895648, -1.1951841535227505, -3.5825438433837546, 0.3728643234015564, 2.26904311519751, -0.9089981446242454, 2.114630871585472, -2.3631840248793234, 1.0943339692751979, 0.8252131814262682, -0.8480353528872855, 0.1726312088216466, 4.119593915977948, -1.5526608424437358, -0.6812597341737825, -0.8383641768359897, 4.222732180478185, 2.9840116334670705, 3.079632679915938, 1.3002741294872617, 0.2633789132825819, -1.1509894693331584, -1.041253768651901, -0.90816291807169, -1.182839296025154, -2.2792510792136094, -3.623595289001905, 1.057464492877377, 1.5330879121280514, 1.15483455609776, -3.1472710300054616, -1.6109612015842343, 0.5820932102917957, 2.616919805300517, -3.6290129781452567, 1.4578114621854725, 3.246400929350107, 0.37572878186381525, 4.30100148904512, 1.8172576203435578, -1.0752228864589302, -2.899273571526276, 0.11889357412631107, -3.027297378348477, -3.756420767961381, -2.006268732156987, -3.3679692045950476, -0.17476243656859425, 2.6391846644986785]",1.3888888888888888
7,"[0.727788835897855, 2.5150534387604546, -0.702536020641571, -2.3435542628960735, 0.002262877865413876, 0.4438924547317625, -3.8349368585044328, -3.9157038148914314, -1.3096596563489957, -0.013136344077480877, -0.7531776234318794, -2.4580920176478047, 0.8423114209099929, 2.5771254263118406, 2.4178966363929, -1.2242805457781099, -1.2921420495645748, -3.121459751316926, 3.5662084339117555, 3.044651761669457, -3.047839807161192, 1.9387437193459969, -1.2119818341436521, 3.1297631959704635, -1.647237281832155, -1.2936132057430978, 0.028333510378515614, 3.305634752844688, -1.4612557632207972, 0.5319045155935596, -3.707604243788192, 1.5214275156599135, 2.327305292022885, 2.8659798420343012, 0.9967776059160649, -0.7867872643712246, -1.5688231367404797, 2.679929345496064, -2.292612572439125, -1.3368191175633586, -2.478175265511694, -1.2440893485910829, 2.459987860075993, -2.91094730352342, 0.9513944869638657, -3.131703257287055, 0.6866006544990578, -1.9000638052651229, 2.050034246301182, 1.4448237185699147, 1.6144582580578812, 2.882007106293299, -0.31724045181206223, 3.7531019869200493, 2.172608901729589, 0.9273231749820265, -1.1803853111569655, 2.2695564016958283, 1.5408824979166353, -3.4390858201393257, -2.2030474463812615, -1.0013669244619727, -0.28047091459125095, 1.489381803865568]",1.3888888888888888
7,"[0.7050101841367837, -0.4268633395469994, 0.08251464438414957, -1.5380061049625529, -0.42652882268343795, -0.3860652875238726, -3.594242744030828, -1.789810726130968, -3.3700089843383596, 0.2886647893164159, 1.3063017695819554, -3.2205759314883373, 0.3715287682940076, 2.269256185735612, 1.6272741812634481, -0.22930987241551448, -1.3264730507796565, -4.128266909564581, 1.7447602661269497, 3.438813855592317, -2.0329741270101627, 2.102024024490164, -0.22382869679274697, 2.7777552775171386, -0.5828927286999616, 2.0219848800848106, 0.254456126710601, 1.435746634601243, -0.7848565316242451, -0.7071189093806554, -2.8103953434495996, 2.158267251218997, 1.4186568215722923, 2.240601568206924, -0.42645911856851787, -0.520752840717174, -0.5544730482711753, 1.159424369269811, -1.4937452979924017, -1.8245070958373613, -1.1055357741555971, -2.89681259008103, 1.1943953769554632, -0.5753715616163633, 3.6704610145284366, -2.8852514076958093, 1.6776192104600067, -1.9029973840384553, -0.21531447724959119, -1.1302593829878864, 2.8197642960481297, 1.0002165767481954, 1.8999907827978695, 4.352578938062539, 3.10630753510621, -0.03046248158819731, -1.5686272574320674, 1.7004566152990122, 1.2307848606762049, -3.1271975125148206, -0.6575761072872262, -3.3606374108763313, 2.8040404250829756, 0.2312925452332144]",1.3888888888888888
7,"[2.236312967448721, 3.8319296994382133, 2.9817705123611646, -1.905177300374611, 0.8227689365187033, -0.2683203193041895, -2.7656371753987816, 2.794263937073322, -1.4248847744973783, -1.0658430168361943, -2.58020190145711, -2.3167239200819907, -1.6164553855123456, 2.0099467623511567, -0.527149828689875, 0.7266392380488211, -1.304422478842804, -3.7622168586484053, 2.6417769639267448, 3.098413585036684, -2.641505166814672, 1.7564936222734253, 0.22390014107699763, 2.7520939283824872, 0.033483452700536764, -0.20818054435059097, 0.18651480475019538, 0.7503556259680841, -1.6717312065628072, 3.040920000827775, -2.5783333112090814, 4.0523022664601545, 2.5072642469389845, 4.1728520255372565, 0.6729445899264553, -1.305136645912507, -2.192835430334071, 0.20090875505311934, -0.2974083226218811, -3.0929703264050854, -3.424555652473016, -2.804697938731906, 0.28809165838389283, -2.4043527303277274, 2.99067896531202, -2.3170144610689243, -1.5515695301428885, 1.8759372451227512, 1.298856399677151, -2.1813980662719397, 3.4003545729874762, 1.7019892054113757, -2.4784002970271795, 2.3994551624983114, 2.3697696858911392, 0.8668376249955133, -2.203971769505652, 1.4333819135345012, -1.761645217396493, -3.716055189016368, -1.3045905178376196, -3.508184484104874, 1.1759602838395211, 3.2372495204935055]",1.3888888888888888
7,"[-0.3850364950707057, 2.753388085326539, 2.588513365874494, -2.007661759757279, 1.6751515366175165, 0.9315665733945553, -3.8523890459750016, -2.718094606238855, 2.7256792219832824, 0.42512603321435727, -1.8456701692301187, -2.328766705188868, -3.3581504517697587, 3.7346975940880527, 3.543898322213891, -0.933094496136041, 0.40447928276009876, -3.6844802929748215, 0.6903331503143658, 2.574384262915162, -3.0431317968779332, 1.2276677414355013, -0.8845999386745409, -0.8446020034007389, -0.5815359542069707, 1.1309870707952225, 0.5335253379452175, 2.897731214559981, -2.6719104629107977, 2.3639324336173644, -3.2516707491410854, 2.348237918754319, 2.2478106928883843, 3.913946473453954, 1.4077210301541325, 0.9175907441361484, -1.1985245179819677, 1.4027514126389091, -1.3066460429894007, -2.2629369258176335, -3.698026411945027, -1.355571226685612, 3.9216065717886557, -1.9870464981469973, 1.8299413808507536, -4.278391400092553, -1.2820998834364987, 0.7000244216827156, 2.021468308883346, -2.0122151598756233, 2.476488073448287, 1.5863797761137342, 2.550125092713204, 3.518346176845678, 2.51669809632394, 0.8902152486428312, -2.419007870523761, 1.2243758186822757, -1.0487203037614306, -3.7239086437734294, -3.2892704262267918, -2.551003211718583, 2.336323166813634, 1.7643163032721567]",1.15625
7,"[1.63809365175738, 3.9304231381076575, 1.8272377750128235, -0.4752232794492137, -1.7523947831523934, -0.353228784418956, -3.1341684628225472, 2.627536902066478, -1.14177802781377, 1.9347619577373305, -0.5076685288076609, -2.6589836740871493, -1.7096363722998094, 1.1172365027470998, 2.847384982886545, 0.43962971989328237, 0.6716342144577556, -3.781955134728089, -0.5007107855874212, 2.520299970757465, -3.0489720400396565, 2.0709808521285096, -0.2763647484668317, 1.6216510163730549, -2.486916376259917, 0.8082014936358424, 0.5359179015946522, 0.4023195228618448, -2.6208421111486357, 3.609482484379073, -2.1140876894079645, 3.1334855930971144, 3.1544042987469414, 2.767270533809056, 2.9181906397421793, 1.4109064048156543, -0.08856358508625384, 1.080433114343524, -1.5329864155096835, -2.9495993787182018, -2.7810623065568376, -1.4389033470863095, 0.21125746419066127, -1.0531924653286773, -0.14407076499371696, -2.6195262539406396, -2.071641952075595, -0.08217182301446999, 1.5159119987280776, -0.429244906790188, 2.290226150744317, 3.284308421307484, 2.961805822585429, 4.394784565983113, 2.0665342885750055, 3.318906106069903, 0.28109636804657434, 1.531564956439201, -0.8635927222907156, -3.443736517995762, -1.0341093249327162, -2.7478160648455887, 3.801093687654479, 2.556218832795655]",1.15625
7,"[0.1294662477989218, 2.8033546074270808, 1.9358585397389225, -2.208273418312462, 1.4397014802481987, 0.8120781523128655, -3.8665661055079714, -1.269591541880327, -2.1722554318006173, -0.20886695490889995, -2.4015555589818813, -3.695479207894361, -0.44811262843273164, 4.0372030980968105, 2.1861656540752934, 1.0259387896012235, 0.5284535694137813, -4.147923464693417, 2.218442406877615, 2.8634668767200973, -2.227360270489142, 0.8717184832082618, 1.7821557290054808, 2.5672235419538696, -0.22651674902883356, -1.629436952209423, 0.4552891384077964, 2.5814724594250498, -0.8849579504920593, 2.1476105542628874, -1.0358739802873986, 4.197089445236678, 1.4157626476813012, 4.182878382230407, -0.7615427567914889, 0.8354835761564194, -2.0372633046430413, 1.5445128902765881, -1.435087102710327, -2.2196665073552286, -0.142270923311401, -4.17625588424182, 1.7127940027037225, -2.519775765461537, 3.6912002987900117, -2.3951158744246217, 0.0795336096902628, -0.7706936640635672, 0.7619684017331949, 0.47919209503362736, 0.2637635404981167, 0.5827550358705262, -0.1481848433084742, 3.4595848573297205, 3.4065719110191215, 3.367563304774724, -1.082565730673796, 0.7230906764437515, -1.0297599079853326, -3.738983704269556, -2.400515342684159, -3.8539951641594894, 2.353486334846374, 1.0654130210929356]",1.15625
7,"[-3.311239969051641, 1.6194024750352942, -1.200607794831839, -2.367451873380668, -0.4587901557709459, 1.5977366365926968, -3.3548894265898435, -0.8009909677877025, -1.3516046929929633, -0.2640158039402463, -1.2456085598608995, -3.5873854718524223, -0.8411170118264631, 1.7315880592688224, -0.12567577506778793, -0.2779161719582365, 0.46953862641216704, -3.8446695927235357, 0.9729283025644522, 3.411412451552125, -3.114602696612189, 3.551622334824527, -0.5016582043294032, 2.1426969244771836, -1.8649914337438491, 0.9569350159748207, 0.42097958432048466, 1.2955682929862626, 1.5585452364601386, -1.0692840559245054, -1.697842506904783, 3.5268861809676673, 3.8546489386814917, 3.979501194983639, 0.05179632626244812, -0.8708068084501926, -2.627681102042255, 1.6275814926671615, -2.2812350943313833, -0.7052406331350525, -1.5518062152081409, -1.0203062305877608, 3.590049243176309, -0.9507464700141917, 3.3483053995620584, -3.3285281650497476, -0.549754951821526, -0.6093905179871161, -0.25257355976440365, 0.8347413120057783, 0.5742277939981411, 2.3236715519893023, 2.4776050391720066, 4.451255560102893, 2.9430519600046843, 2.5204142497121222, -2.8128248039268073, 1.2879276107676072, -0.603088212195011, -2.514934616475779, -1.3560435542330882, -2.4306633217204876, 2.478065028426674, 0.0697862493877679]",1.15625
7,"[-0.8785673604159941, 3.67977284003593, 2.1227725861883147, -2.1979244450471147, -0.7428294103762751, 0.1410658702444303, -2.9662935006985016, -1.2653333086370027, -2.908888459203153, -3.070520638213031, -1.7520742334795785, -2.6152028870247386, 0.8519880173363409, 1.1134809453181118, 3.5829097869951947, -0.799380188360298, -0.8175834786575266, -4.156088017876691, 1.5321612960832038, 1.7243469054471117, -1.883699090262118, 4.235751192447842, -2.4894598948289, 0.531962059728509, 3.043856114556281, -1.062223900042906, 0.5192903191773238, 3.098686906732175, -0.5316302023545594, 0.5526893566597428, -2.145712135205776, 0.7535966799841738, 0.056100576298587446, 2.8752306311597056, 0.45903542789364304, 0.8288525070335199, -2.868675584729817, 1.9026140877622124, -2.060487553356863, -3.1425052065508616, -3.9840395702985, -3.984115539987736, 1.3479436578875097, -1.796260983622661, 4.078783344679778, -2.2303595993787493, -3.8282189988114084, 1.8486250939815134, 1.1718502569604956, -0.03844979139739002, -0.04362526997321525, -2.0899188503170008, -3.115067697337262, 3.717365950569844, 1.1398553753714245, 0.4923778029854731, 2.573526857492724, 2.107420411762186, -2.5180129205985198, -3.2875953214224953, -3.1720220923038926, -0.9740486353825353, 0.7264867733907061, 1.8918763090592652]",1.1538461538461535
7,"[-1.038550696169417, 2.449636993686768, 1.085930716192943, -2.5109999343461684, -1.7299523680519078, -2.906200886926904, -3.8872966318235673, 1.4254322316533161, -2.6844348458760012, -1.8587801548170129, -2.212852930368281, -2.4717408985917677, 2.4191506243043928, 0.6017241093753951, 3.251813716837024, -1.6211099608503312, -0.8137625257272316, -1.7685464044689625, 0.15418842646623632, 0.9502934436278193, -3.12871448628502, 3.646894546955486, -1.5662015353819396, 0.45396337514742147, 0.7683912574827114, 1.614214970207602, 0.5565547658523489, 2.59911591159002, -1.870774526954052, 3.7081717787071287, -4.084718113564617, 4.016167699103369, 0.040601971049707974, 2.1689428627361425, 1.8772595112938744, 0.7325644980427155, 0.8729427968572675, 1.891633904400011, -1.0087154522910418, -3.205079657902866, -0.9817192915264714, -1.2815676824403919, 2.2413591269055497, -0.9712593183861866, 3.6106710477400754, -1.2626990266366112, -2.186172041807044, 1.2815085282435286, 1.089708861971987, 1.1596713579362645, 0.3625993178691862, 3.2847295104806764, -3.237711483290598, 4.45204273014747, 2.899782044037901, 0.899778472842665, -0.386220852768572, 1.6240251438469806, -3.453573248795517, -3.505909246967601, -3.793851470713908, 1.0470897040471892, 4.226549625663993, 1.7779797695011275]",1.1538461538461535
7,"[-0.9338758359315378, 0.7257315051977014, 2.9674696017334172, -1.0819430483472958, -1.432571394787277, 3.7178378631268165, -1.1754687197328377, -1.7568836920095876, -1.4951226281248298, 0.5440280754824096, 0.11731333118265985, -1.4822209874974455, -2.0802663240552848, 4.534794950277413, 2.6617761203430548, -2.056481023568776, 0.7582732825793719, -2.6772758976958504, 1.4614371703014506, 3.410385604069903, -3.091504390643665, 1.6691210583521907, -2.096643289858581, 3.153273212346683, -2.842994186986222, 2.4347016300755744, 0.2866902622324332, 1.2071621287663643, -0.5962426345491914, 1.2638395653806858, -1.2094762575325781, 4.231154561078983, 0.38908863117677545, 2.537089693034189, -1.8381179604208948, 2.3703603979801295, 1.1586035813655622, 2.474331006224891, 0.5443988421101623, 0.1397438028119261, -0.8805965551257131, -0.23984509043913338, 4.035912968021217, -2.5545119145803126, -0.914312875252735, -3.830276115279273, -1.84487263801494, 1.8601413816538406, 0.906460338781363, 2.673047369941721, 3.4021429959813396, 2.8391712138827687, 3.7664274213319047, 1.8019248820310225, 3.1800608078567425, -0.4790568528457005, -1.970983659036813, -2.522358943811357, 0.2573649673694839, -1.5368353316328378, -1.7440872076204306, -1.9513860969091938, -3.231124750118877, 2.5940309841015754]",1.0350877192982455
7,"[1.9381576444311792, 3.142131625602804, -1.8164953735992289, -1.9150864126976943, -0.9163307702156325, 0.5475689684150462, -3.119159788411819, 0.3883484419589295, 1.0220390343966606, 0.6874960166370787, -0.7855904929730206, -3.165182360037975, -1.6029494543716152, 0.3810054238807745, 1.528960041447399, 1.2862768372496942, 0.9986381449848736, -3.329048750444726, -0.2842671343845596, 2.587498491457434, -2.0308250215114287, 2.4866383418559717, -2.1164219351484324, 3.3835598951714414, -2.6882307321658914, 1.2086464609686887, 0.4024235061094833, -0.23411406188537232, -2.9246851702176135, 1.338718044145562, -2.3526336224453517, 3.933112829753038, 1.7099977136192868, 4.3718467814284825, 3.6193057829307325, 0.3752537706317841, -1.0146906518043313, 1.5113536976442612, -2.263958683226512, -0.9696245560406582, -3.890406160689624, -3.232237073708096, 0.9116785887712189, -0.42969066596841543, 4.1421626284419, -4.611534360761102, 0.24836485715660128, -0.46885586680735375, 0.3819090191848111, -0.3750456400639577, 2.3743204588102267, 2.4184747849015507, 1.744665739593005, 3.5764845236097003, 1.2762109343787085, 1.2224153307174785, -2.67206856455498, 0.09108952237982298, -1.0809119834799317, -2.484370583946851, -1.7411760788549913, -3.8667400591478347, 1.801978708826749, 3.0859350927339926]",1.0344827586206895
7,"[-0.5351824878921193, 3.9756303418664434, 2.6893776530605082, -1.4045577319693079, -0.24017741608129212, -2.6372690568467534, -2.4140419899674512, -0.2670515191414068, -1.9380934174515998, -1.5056891216786483, -3.396035811580207, 0.12294982769882035, 0.26918262364266454, 2.0318377635724527, 2.6381754582287678, -2.182262404820816, 0.892737655163658, -3.590212597266907, 1.0512312700128468, 2.9974868429953716, -1.9540210730525542, 3.6135228181217154, -0.9580511124841393, 3.047412036743654, -0.772905548549212, -0.37600870445708967, 0.30671615747312775, 3.670877411435732, -1.395564704734987, 0.6564697094380187, -2.5573833515198965, 3.4722168888063427, 1.7022749739560161, 4.043318236956463, 1.3145639104121773, 1.4734119238719614, 0.3665581643539113, 0.9787399263190022, -0.9717508687385925, -2.3299651176444813, -2.4885776553379455, -1.6192154402061079, -0.7093204579707499, -2.3073647335576655, 3.213792241305029, -4.57291988724496, -3.56462988011243, 0.3715127088683362, 0.6240857168253722, -2.6008669956066637, 1.6775617183668912, 3.170968419480078, -0.520794307110789, 2.1341050548527623, 2.046111914481221, -0.8991721562123869, 0.7333744832495057, 1.8928445915189924, -0.3431512080952748, -3.600497643714952, 0.5994572739411896, -3.4423887858823243, 4.144594166393315, 3.2372922042039995]",1.0327868852459017
7,"[0.8767861755987927, 2.822089723637051, 0.030891243360992027, -2.0868799376631473, 0.5105153455683306, 1.5557159766198743, -2.711092532392498, 2.212953641110902, -0.8835192614190658, 2.458046318145012, -1.3616305653943577, -3.0647541007969124, 0.21661344618508543, 3.5855556807113507, 2.795098919834535, -3.289249578240402, 1.1244096086272892, -3.2480399195052625, 0.7148643436110924, 2.6545592034648005, -2.9383884623021985, 2.471471248083627, -1.7385520265363097, 2.4252317367321155, -0.5551375372459513, -0.3306989750833742, 0.4068639026655218, 1.5412346875302159, -0.7074493196696499, -1.2545208062816144, -2.9275310384399487, 4.1232715810496705, 0.9167425192464573, 3.7347545536585316, 0.7248504175238557, 0.7130531525759385, -2.0476149602698506, 0.2367709031239249, -2.601695838453212, -1.9677512084323605, -3.1451060921071194, -1.2060974693316084, 0.3252844124665748, -2.939706934842714, 1.843474871903485, -4.227279629577946, -3.465211162336704, -1.3027800579652815, 2.3442906564511126, -3.2097671586082406, 3.1979630978662437, -0.024842724987856002, -0.1060212416759802, 2.594169160704584, 2.916984654658356, 2.8906981650831094, -2.243461509701881, -0.0905173806537507, -1.2949954505245163, -2.150193412989939, -0.2514774399019837, -3.8074194104157786, 2.8888009391779357, 2.9306027862630053]",1.0229885057471264
7,"[1.708750434072028, 3.9016520036091715, 3.7345717550967716, -0.4885894055351474, -0.3723211734476839, -0.18478148008518763, -3.5463386459836705, -0.11368684699374498, -2.4839618034978184, -0.5587049134372382, 0.11222552936642005, -2.9514074369563574, -0.41114009742940827, 4.629688206607417, 3.7958078554956045, 0.3354160008093275, 0.7706024627071886, -3.6428571386726074, -3.1736371533423986, 2.09124183806892, -3.160776204183588, 2.7381057972164653, 0.4192406841053429, 3.4817338829589155, -0.2896997605539452, 0.3549740923271073, 0.4927965345006302, 0.6765084932943992, -1.459066650413796, 2.6347668361383265, 1.693791775026857, 2.9551093383923637, 1.7279040758855992, 3.6073316616135886, -0.25789988855899604, 2.1374673032500744, -0.4867772866826922, 2.904775727978463, -1.898896985199725, -2.2434810771965505, -1.5689644799566518, -4.165966153954899, 0.46776884127004714, -1.8289453848968136, 1.5560268785731999, -4.593658594765221, -0.7274288473661779, -1.821086964145641, 0.7288675354557224, -3.0567287759020596, 0.13659517573947988, 1.7855922786979206, 1.0622980071712496, 4.440909614791681, 1.7769182395801533, 1.8302653371190412, -0.6369834572120834, 2.119252925793645, 2.207609401127046, -3.754841570065206, 0.4742771803585366, -3.141960419565672, 1.2131069464498956, 0.6330104369647958]",1.020408163265306
7,"[-0.09051568089994505, 3.1923456564086314, 1.1722739361702734, -2.084804524343128, 0.792716649019022, -0.8852804761864768, -1.61246802065391, -1.1844582228551614, 1.169792686960185, -1.2931896174204423, -0.4298230036090266, -3.5743459100462145, 1.772394455050682, 1.0059903507408148, 3.807355112491983, -2.1924369811876114, 3.540259373001769, -3.9567998605823482, 2.353947765677345, 3.2778696577032616, -2.7612536768292775, 4.011757748749436, -1.2434028201188698, 2.2262793677081607, -2.0883744492989407, 0.48225064703949105, 0.541658608563332, 3.6982792581134527, -4.074196169238303, 1.2104958208967693, -0.9341633331685999, 4.236265185051554, 0.8514544044942063, 4.304683293900118, 1.8337553042623311, 1.2025508323728875, -0.8800684716436127, 1.333645867283186, -1.1024949950930547, -2.7660912962818314, -3.1336290432865526, -3.2640162566779694, 3.310143047966375, -2.9715016599787933, 1.7071046487344734, -1.2993895598789622, -1.3306105322790733, 0.8672088569934517, 2.070064446791866, 0.33582797490465527, 1.7921801621307722, 3.107801372422195, -1.7840175270043555, 4.187405895470677, 1.2549177818171107, 1.781360187765731, -2.7264273922796383, 2.2175254486687828, -0.3982430507193139, -2.748094897695105, 0.06338911323327956, -2.6101217578216165, 1.3717566778915686, 0.8703534375162122]",1.0103092783505154
7,"[-2.031888988999298, 2.8041184219842883, -0.757787444598742, -2.6915388139081564, -3.2799536359894574, 3.015921040105529, -3.074707927892029, -1.755399117984875, -2.3552173136423393, 2.027410588763248, -2.7958177284751162, -2.797884137609928, 3.4387249112019442, 4.118230283543663, 1.79892048613136, 0.6823444808400755, 3.468041250401014, -4.135601658690299, -1.0346089485776027, 2.259001150827709, -2.6718169523250905, 1.2079531947119901, -1.3619811792802685, -0.821643628861062, 0.40782735407282006, -1.382868537680486, 0.4439209429227229, 4.185613702015564, 0.2691549993169404, 2.386649676207873, 2.712318126561259, 1.16983075134604, 0.257797627066606, 3.332688422100809, -1.0939337507999136, 2.7963756178490566, 1.0853816861510017, 0.16773486309572605, 1.0620861807710507, 1.8582685876918088, -0.445424861703103, -4.103671112086247, 0.7010355434574, 0.8225909400596441, 2.6627127235211643, -2.2354763271949736, -3.321344033563424, 2.702012648519285, 0.34348785316982444, 2.9136594234378435, 3.5677045714706, 2.1213897613374106, -1.3154828121509836, 3.833570760957174, 2.2096132952048384, 0.08373291332771451, -1.058339666033773, 0.4682653439593757, 0.16002617924964613, -1.58651810961633, 0.4641742858826656, -2.260425886727594, -0.544829418356783, 2.9441109838709782]",1.0103092783505154
7,"[-2.8250386973041506, 1.8096629008758671, 2.0990944760958095, -0.8634315485584394, 1.5914683971093921, 0.7692648950721654, -2.802905244804375, -4.846602585414111, -1.4091270179521342, 1.3382737635161608, -2.8405577148090155, -2.4249021481418986, 0.7853922401836666, 3.4729149025608455, 3.7358515015177014, -2.5807948810707995, 3.684068801306433, -2.199132795972905, 1.8745329970942928, 3.0102719298835874, -3.0991203066145143, 4.283800706988428, -2.914130953227883, -1.9264096534211206, 0.356258065441559, -0.572195107957689, 0.5365922565719274, 3.0906990161515013, -1.7409875740722633, -1.7111390497967933, 2.944775645431667, 3.0228864455317543, 2.832084141636545, 4.402294696704045, -3.1516597551064622, -0.11704574358672315, -0.5067428507701204, -1.7621022921494995, 0.6294013330028165, -1.8042970440230732, -1.2143408198149106, -3.382902231320544, 3.1800382225885238, 0.2703757471596253, 3.3868169181949592, -3.5806014192742737, -0.530351840266456, 1.1489257175304768, 0.33402530230505056, 0.11679361665876875, 3.0350627597571798, 1.9516873049638523, -0.74809506131672, 0.4167007296617846, 3.395125705702558, -3.4504097244964758, 1.0672570497431926, -0.2375645722981916, 1.2889403026264228, -3.6430311233604984, 0.435799414704257, -3.9908549993374884, -1.368061892419726, 2.859063379151084]",1.0103092783505154
7,"[-1.2832376206413132, 1.0844309077199268, 2.895402404450881, -2.4255553960920673, -0.7669128793372044, 1.304878296311307, -3.663185812736757, -3.9596012468045, -1.6471852549456876, 2.2120237237830276, -0.8715850663806224, -2.638566470671359, 0.16263348780930242, 4.63548849463262, 2.9237680071136594, -0.07582156187747935, 3.677629368643075, -2.0085990489133887, 1.5163879013066786, 3.3916012440477448, -1.5437645945776661, 2.062330121337792, -2.7475180523882647, 0.8286535162784965, -1.2957210295704122, -2.6186975739775304, 0.4589191852832568, 3.811482561556999, -0.13831284827890622, -0.17517324309292426, 3.085186005451956, 1.6312592512832182, 0.9565965185152683, 3.7013118867230035, 0.13834188903502964, 2.824161321420179, 1.2701865825010727, 1.9956261830785185, -0.6197679461075133, -1.6896638746720152, 1.7661939777820768, -4.147491258660648, 1.2868755803076877, -1.202401119618503, 3.0480597112148424, -3.7282322684625075, -1.2707931038742246, 2.152441635712991, -0.39176846836866186, 1.2462272659979177, 2.7984157862154655, 2.537266377766496, -1.8886020584193948, 1.6073573135914727, 2.4830123907806207, -0.9981816100458736, 0.42034085551967876, -1.1310295680695641, -0.0908940004302935, -2.06806029591821, -0.38769638986936633, -2.2690720809729834, -2.4430381770796696, 0.8182315675134344]",1.0103092783505154
7,"[-2.418277837280835, 1.3318442304666185, 3.2404949254575275, -2.292418437682975, -0.19227127835209135, 3.161938129595417, -3.0154308925710094, -3.2320495700855454, -1.7626636082765221, 1.1881486232342957, -1.0549278676266094, -2.473714774981904, -1.2270710872539663, 2.6308165439955253, 3.706848250526017, -0.10133855776780615, 3.400944539480677, -2.2800757638484264, 3.010792870401965, 2.2743753190583904, -3.121022427712068, 1.7473557975871628, -0.8683470773540346, -0.0033175791070723104, -1.329424910107116, -0.5945289078085221, 0.435291136909155, 3.697766499984215, -0.7914327208061755, 1.9668370390487948, 1.1160999858569398, 3.280625929073226, 2.1189630776108888, 2.8017894166707475, -2.189608282134879, 0.21945538810743137, 2.2460577455335935, 0.07170141284078563, 1.88785493980363, -0.6840068354751405, -1.2703267617505274, -3.9137746984768764, 1.8885826990916104, -0.25454752319220963, 4.06322078351897, -3.224097195089702, -3.1394418742715455, 0.44950696400605106, 0.442584393622095, 0.9529584044552349, 2.939096232276528, 3.114190128965535, -1.1524030739075548, 1.6235838086259422, 3.01620661871089, -0.7269098830447859, 0.9108652140443547, -0.8510291893987977, 3.4253542400611825, -1.0489026926620322, 1.6055648391444202, -3.3823983738146826, -1.842419775229517, 3.23632139135083]",1.0103092783505154
7,"[0.7011553976561571, -0.20006888963305142, 0.7534010924489336, -2.0892580896943143, -2.5383799734086754, 3.67379477069536, -3.0961987962411164, -3.3088253384058115, -1.271632456868552, 0.31570666617679866, -0.48721854046281976, -3.036470339901427, -2.802890180296191, 4.100457977984604, 2.4627452567447303, -1.166307666969478, 3.796451643106986, -2.181964179389464, 2.717118365165489, 1.8618511865781784, 0.6441012362622756, 2.018413422560122, -1.389753509897929, 1.1789532579314554, -0.2666422338587332, -0.7929522061461328, 0.5203727910830831, 3.5545392674166285, 1.511057932828263, 0.8636303461454228, 1.706037914053345, 2.8518432162872274, 3.0557276474828594, 3.6555381829123546, -0.5240682901647311, 2.934458417332923, -2.319376835923925, 1.2533215845365202, -0.021806717499941584, -0.8794641457611112, 0.9420563326093239, -3.902148191174313, 2.2881261256861136, -2.9457920739809866, 4.131029025201119, -3.865275739392605, 0.5155223462155609, -0.8438477192033602, 0.801146851082075, 2.172504048884943, 3.5687224627587666, 2.2972638201170934, 0.1554714240277416, 0.7572134000389599, 2.4819381750250553, -0.15525749585349535, -1.9463844642615746, -1.0352168220815934, -0.8477243962477726, -3.420409746883222, 0.832192362222058, -2.6785239314936558, 1.3930518770691793, 3.231650524407258]",1.0103092783505154
7,"[-1.1860950428030135, 1.448835904423417, 3.284851098687261, -2.828843770092283, -1.1568683720067976, 1.8437364950757216, -2.8573231841481666, -3.347662564087016, -0.9053709111684705, 1.4715356515765357, -2.027447284836218, -3.167993719092483, -2.1229698321398587, 4.198253262820246, 2.722643845665212, -0.6461315958433296, 3.5943265947769394, -3.272937670071206, 1.3217534281461263, 3.3861198946203555, -2.4387238868758327, 4.02097936037277, -2.7306322376367103, 0.6477978382551701, -0.9305543332559354, 0.21717287627795478, 0.5147222885509728, 3.9174138391516635, 1.6317451233521654, 2.617689933398503, 2.717033909911832, 2.514233755518982, 1.2052014045149695, 3.742360755558817, -1.5127629685316928, 0.541899200995417, -1.286401007026401, 0.47143581323398465, -0.6071877406810142, -0.2459540911118243, 1.5339887656867859, -3.1911825597893784, 2.9245815323736326, 0.475755013020039, 2.458836073153744, -3.666698345910211, -0.9096342418407821, -0.6293675655152167, -0.13474994694642192, 0.09128783491783143, 2.5529723604043344, 2.159836292918536, -1.9588604207953746, 3.022041568561354, 1.6973904535226425, -1.8080493608075898, -0.9162897352682948, -0.5935494558132566, 0.8118683904630997, -2.60229944058592, 1.696517772226296, -0.7049546711055972, 0.09172668626136149, 3.152721724578276]",1.0103092783505154
7,"[-1.0986018721686228, 2.660317493912667, 3.2707711839747553, -1.286691502701966, -0.5198977763188213, 4.090277391024588, -3.478345017834984, -3.9815752378672196, 0.06975572576174871, 1.4788800503140542, -2.0142400767478024, -2.9408758823734304, -1.2012943812087564, 4.539046059141451, 2.2838171801192595, 0.7489647431587145, 3.6230688901789785, -2.5107386634224254, -0.3332262894732345, 2.2630181949401176, -0.44444977907417615, 1.4659375144573474, -0.16053641419151976, 1.5325907961379337, -2.69846927593642, 1.2482562587834902, 0.5064227907014351, 3.348430445587708, -1.6720158133939416, 2.149538566889506, 1.8458218303660219, 2.854329492112664, -0.2823859567524565, 4.183462876456334, 0.13809843588936455, 1.3285252268673131, -1.5084518598325114, 1.804467572994381, -0.1360626950970712, 0.15113273635825308, 1.8214374170470857, -4.130971189504137, 2.8098116490430414, -0.8970975843025486, 2.154793555244966, -4.572286255556742, -2.7660790021410127, 0.4342248039360126, -1.864303105967253, 0.3255727340033826, 3.2456702516157643, 3.2861363940688704, -1.8288215199381446, 1.7334285220491656, 3.3783342918278647, -0.40903851864137686, -0.8359195619078558, -0.44310215901555405, 2.063025964921836, -1.4017816043902402, -1.6373583320809462, -4.0099085065330815, -2.61180669420509, 2.9464211714464383]",1.0103092783505154
7,"[-3.0601274357816672, 2.422064934809879, 2.3309430266082036, -2.7517145295614966, 0.15797230397942075, 2.616418273806342, -3.7755507885850625, -4.236384351378779, -1.0998764629939637, -0.12559545457061327, -1.486142906185566, -2.9179357317868133, -3.216157411749384, 2.9417685916916554, 3.2393079013066144, 0.1936607048112935, 3.630072655498453, -2.0827669629581163, -0.6563182593064256, 0.7386130918723524, -0.8585506998190677, 1.228040383051082, -1.2099124596651452, 1.0883702346481778, -0.9633034764776708, -1.8455833898060758, 0.5641246717906796, 3.9827815657638013, 0.7614550807156788, 1.1379170072604068, 2.050258921601292, 4.009677667084613, 2.134943250024702, 4.256555293090493, 0.5321891237515597, 2.9180591279126498, -1.2352328801118104, 2.098544950995338, 0.8201465675083657, -0.21428226856981508, 1.0779837136237471, -3.72154855754098, 4.146283185142137, -2.941917497053249, 1.738994676854397, -3.779383591404494, -1.8300604790822934, -1.0498400756449946, -0.12016618156596162, 0.6011027651922751, 1.9052059220678548, 0.9152489361467382, -0.3797086582790451, -0.8080232604018214, 2.0515977318286343, -1.7786810616022057, -0.28520273825253356, 0.8105808579872154, 1.5000066501236557, -0.8727767111527337, 0.4042439093833897, -3.209534421621312, -1.9249942840050962, 2.316651097842719]",1.0103092783505154
7,"[-3.433074088922629, 0.5323084544743608, 3.1825375239719986, -2.784558437603266, -0.4774552700036213, 3.111542130609291, -3.2482330117758593, -3.3732246661390333, -0.7550811968316233, 1.5557049162416097, -2.308023110594752, -3.2076281003187317, -2.4395021253823255, 4.629918187840782, 1.203782923580376, -0.8452472186642183, 3.6750994020816243, -2.979807531650601, 1.563772570254619, 2.9342903592547613, -2.3034808763446444, 1.9656030278017949, -3.5129507600011087, -0.032958252791974285, -0.6403141483647788, -0.2563939909681447, 0.49447386400165483, 3.5662407925222266, 0.8625909889479328, 1.7308868863970956, 2.945151688511002, 1.2735460083322832, -1.11909828686397, 3.7092486085422185, 1.0367954932004106, 2.063088275095429, -0.5539010069731729, 1.5693815761196261, 0.7065180149772784, -1.694832406174208, 2.193282311699505, -4.043904255975718, 4.130259596885726, -2.4434801122602554, 4.137319555452999, -3.990113242137086, -1.124993845900892, -0.7228661636631364, 0.11321810085090084, 0.38228862343398273, 2.317502786759663, 3.285815133032084, -1.840634426602987, 1.5247544357532234, 3.1083186654752817, 0.9019679795696929, -1.3323869991703197, 0.0050836260523554055, 1.0524318569036577, -2.155304944753661, -0.5493178122895073, -3.6857369971725316, 1.0096681658505355, 3.2060130588547353]",1.0103092783505154
8,"[-1.3192727994197018, 2.5986736842854055, -3.2221396597709497, -0.865850056242349, 3.0051180166317772, -2.9671902846677116, 0.14796169051298724, -0.12097223275899904, -2.7227665999782165, -3.1298742933332275, -1.126679845061962, 0.6790125833703481, 2.633049418047139, 3.8437857543751606, -2.0500118534961596, 1.397810934856329, -0.4654180299876196, -2.0209342054888673, 1.4852902727272799, -0.7254508970139174, 0.5434500749552138, -0.007969194060622797, 1.9331267882658, 2.459530907520425, -0.6027965698935789, -2.356589571988546, 0.02346440212595846, 1.1817762193256542, 0.33432538519082544, -1.1743863557431404, -1.9159099562778026, 3.4742005619608696, 2.1946799760225133, 1.1714030221958862, -0.22689557696590879, 0.4610324519239443, -0.24961698977219426, -3.083499999800592, 1.6624069251873173, -0.6918800584835971, 3.0014346252819597, -3.251728506719715, 3.260851270217776, 1.8143750423185825, 0.7029125814978989, -4.388754377451708, -1.4705686734309855, -3.148093552195138, -2.2214705899206924, -2.304992051687303, -1.2077212932855084, -0.11730268612564854, -1.0867889972887372, -1.2762298650928388, 3.4002243350177297, 1.3088564201174533, -2.8655822019128006, -3.432422304323832, -2.5154476025432366, 3.1029280484394945, 0.5086086018213956, 2.830892415473524, -0.4896512890035343, 0.27900783559238684]",1.3888888888888888
8,"[-1.3910416205998448, 1.578123169091704, 1.0078234067671228, -2.3856522874179196, 1.7706525227273051, -3.0714964981825865, 3.728064293755391, 2.027040590230442, -2.1659874952921268, -2.7027437574539745, -2.7347846879546105, 3.835745971500209, 2.9083794835712986, 2.4919154132938663, -1.636205948895854, 0.8690249855253973, 1.1270744284912788, -2.4905571835149027, -2.036845120494349, -0.8137045990686718, 1.1743952712237127, 0.026072257742503546, -0.08465651874819846, 2.5965982896928654, -1.9399121993627833, -0.46818601396948556, 0.47006494552410727, 1.5011840066217257, -0.7242081742401655, -0.8572793666792485, 0.13412726682747622, 4.032226092558768, 0.4302623791140524, 0.9561184232351732, 0.41281196097486195, 1.0792881682052644, -1.7625689999919927, -2.6933580846415204, 3.989505291671704, -3.2631850865184964, 3.93390402054924, -3.6006777371220133, 2.5614378964966513, -2.156327445191831, 3.618558379944671, -2.5297468074802802, -3.4579365967144504, -2.8985317948405833, -0.5183603060293656, -3.166558392549077, -1.0393190806166601, -1.8035171579788263, 0.4598537286261005, -0.4538832139300421, 0.6479752414391078, 0.5012672146745001, -1.8616321080426683, -1.0511696992179886, -2.550089614366853, 0.617524015954074, -1.0869952750203298, 2.1857555022631554, 0.8442692139664036, 0.12983966657739332]",1.0344827586206895
8,"[-0.2054684155724052, -2.2953748947057546, -1.7888437956024659, -2.8410527948773137, 0.6367845079152268, -2.706832170722148, 1.0965710432056959, 1.5659708977110667, -1.7184414956101537, 0.8737060067534689, -0.12025026472301059, 2.9209096466423374, 1.185481059236832, 2.586246460571479, 2.282303794602797, 0.3701211433947147, 1.2964001352030046, -1.3926025759330751, 0.8937117279050244, -0.1780836913667303, 2.593340572281397, -0.03574184319736662, 3.1222926598715337, 3.267635142371239, -1.58204664047133, -1.6284982557229755, 0.1977442039076569, -1.466918953845628, 0.5889110162241105, -1.2809645880314364, -1.9982745684834877, 3.6421774286996222, 0.42494804009198917, 3.457173120769404, 0.10269634115592406, -0.8108915081593719, -0.9758246064814928, -3.4051893792214245, -1.3780275547339969, -2.59844407284255, 3.8432920953991947, -3.309120224890389, 4.090214791447335, 1.3447940399177096, 2.8714916526616863, -2.614331348765505, -1.0765278269389578, -3.6394249823743863, -1.9082601132167731, 0.90391178317728, -1.5871662954744248, 1.4502950043341163, -2.2464719901472776, -0.7422175875985577, 2.2983861774660372, 3.525501567139577, -2.33933419722638, -3.8991489303346536, -2.982987714164548, 1.3794226346895881, 0.14890458181850044, 0.37125580635170263, 0.5323862716376195, 2.146334185547055]",1.018181818181818
8,"[2.903766740558085, 0.17864913807071053, -0.03391644903748414, -0.32074854248800877, 4.104284619535685, 0.5030262880946714, 0.9377082697912529, 2.5819962578677154, -0.855958819459604, 0.040099708894334785, 0.5926171839001441, 1.3900546680047885, 3.458180900172767, 1.0573463693988003, 0.7939071942214221, -1.8126829699675227, 3.967724768491363, -2.5601125297430647, 2.592687655827525, -1.118492286810228, 0.27314317204296623, -0.6804416311389978, 0.6343025234756188, 2.4018360953800144, -1.9142324189395756, -3.8741600442335287, 0.48790591650010995, -0.2982860377271762, 0.8982206082049093, -1.6752558000517563, -1.2264881046900864, 1.7746356934392762, -1.738795759958523, 1.2830075412770212, -2.514757582092134, -0.2695016666919273, -2.0901158706559246, -1.6668569320015063, 2.000544038592241, -1.229796108999024, 0.9448050065169787, -4.142280035422599, 2.866592829373756, -2.5893166290138145, 1.3696932922892207, -2.051831805819067, -2.3697953706747463, -1.2397192833601682, -0.4999816236191128, 1.0259906410605162, -1.7959438221413482, 1.31104754009419, -2.0512416464753414, -1.3178401535074178, -1.2767335595528486, 1.88653026010266, -2.8721453745446226, -3.833196214847934, -0.6083425258356367, 1.0080326309739722, -1.0331033597633754, -1.330616925213049, 4.147135050620743, 2.728138841865812]",1.0103092783505154
8,"[0.7834345077041924, -2.254333776627984, -1.2795043755077946, -2.010407086681715, 3.8283178243261196, -2.1196446359402055, 1.8608489778039967, 0.2883107782596088, -2.0714438360995597, -0.6274673874142633, -0.9972997845979384, 3.849170707228627, 3.264602048938326, -0.9551661719095459, -3.0730527871925886, 2.4560916986428003, 3.9504046527759136, -3.8330515710772115, 3.6305647281382463, -1.16071227130885, 3.3434890094540815, -0.7831545486566279, -1.5114728159370396, 2.7292936419868674, -0.015015283357184828, -1.915860478440971, 0.5079775018284105, 0.8230129923235423, -0.6034409644529697, -3.8265929945408983, 0.12516588459501432, 1.9871415014457308, 2.941752066214466, 1.24446345500178, 1.0627909032309713, -2.4219927985186382, -1.4588228149260507, -3.4177646797530308, 1.0232265571037589, -1.815084275242115, 0.5871595640296341, -2.1124781694574803, 3.7435983127944867, -0.33004053334595895, 3.241092352505299, -3.032795875449723, -3.6522193974330532, -2.6946139807876452, -2.3055227284274764, 1.927266269401329, -1.1665196176378214, 0.34012211894986966, 0.8866229699138319, 2.52546376294419, -2.028464320510894, 2.8552809138162543, -0.33667332964945007, -3.88346415477273, -2.612271677211193, 2.7421682422602847, 1.3723150600515468, 2.9129414307122694, -1.1578647303926255, 1.317772408737519]",1.0103092783505154
8,"[1.245969753564051, -0.787204240627316, 0.14377351378414538, -1.9849006144703367, 3.4475062036680217, -3.023240795360096, 1.1305339973629347, 2.3945648056250475, -2.393457393677134, 0.6012993863139179, 1.1898054402080098, 3.318509308522037, 1.5263262070391965, -1.0822539533749187, -2.376701341919418, 0.9647704664873302, 3.970888009339293, -4.228541195957657, -0.6730842958233083, -0.1994789714058716, 2.6564733061677788, -2.180600129431857, 3.2225729434372488, 2.3345438798841336, -2.1810365871882107, -2.036169572271371, 0.5804133146150472, 0.6084428986983349, -1.4133730308704104, 1.3614904177892437, -2.7307670655023437, 1.887266060161892, 0.026375839583534733, -0.05932457052859008, 1.809968423646363, 0.666940732022911, -1.8879077022527393, -2.9556782804504715, 2.9176265698371333, -3.483893166169475, 2.356931858340107, -4.080483675838344, 3.6402630731154573, 0.4967654200524124, 3.9451270922587196, -4.570620995972543, -3.8203764233879225, -1.7138118533549218, 0.12325276617972625, 1.7791335718221348, 0.24393644136304138, 1.1356151257885532, -1.5207441027313973, -2.746183304517633, 3.2802888232838088, 3.501517444336654, -0.5134709492585606, -3.7623081980028714, -2.6132834488736725, 0.6900599348245211, 0.5059823423210691, 2.6017640466700964, 2.085783457400283, 2.82814211231551]",1.0103092783505154
1,"[-3.42649371956375, 2.573652607577639, -0.8947498481400082, -0.6353940985471469, -2.4701894126506776, -0.1321737989264623, 3.44805752188405, -5.047907297172705, 0.3911308154289138, -2.405467582029235, -4.12550578102502, 3.6167212090972662, 0.639514061704862, -0.12761665559215452, 2.8496152773557273, -2.400972653631793, -1.1890889534550575, -4.223346531135211, 0.0020231943801898855, -2.884664749291621, -2.728574098445635, -1.7491836573111845, 0.24713110419025403, -1.3376070566879843, 0.19973740354548464, -3.5276077836336057, 0.26575570091160416, -1.1530309761126454, 0.23445170254477124, 1.0941962101618818, -2.086869567921105, 0.6668195858050341, 2.06770037180387, 2.6078561850004087, 0.9261264656490524, 0.7240973481340475, -2.375103779847336, 2.4851713218414164, 3.0584266100261073, -1.606674730036156, -4.055641064282823, -2.823992772000877, 1.1320047647946476, -2.422075975309745, 1.2475624522053206, -2.4226994021804553, 0.7906067047518375, -2.39410793885728, 0.30625603410560787, -3.506360694945779, 0.5084277860704804, -3.9727951543600897, 1.346058814759692, -0.8719023536323427, 1.0045711413949343, 2.2768919494352704, 2.317939260801961, 1.8916312669335238, 3.297805586415599, 0.11733406689851417, 0.37298160639483313, -3.354449404526966, -2.2989074094301998, 2.28965431392201]",1.3888888888888888
1,"[-1.569568451559163, 3.076428357001045, 0.038442879506268346, -0.47821716618144805, -3.027628064983424, -1.1106252276932236, 3.7385807591079963, 2.2212002914096325, 1.554063954738336, -2.5947505936685307, -0.3689377723750522, 3.755594603640933, 0.6310187878325003, 1.728580891839815, -0.28156089934818973, -3.166816115445371, -1.000482604436434, -4.041821691438804, 0.6488101885891876, -0.09117469240005627, -2.9860548387216905, -1.1012710978783096, -2.5148178885884054, -3.450447901637393, -0.6056614826062784, -3.0659931607806925, 0.1612613831362718, -0.8175903026536702, 1.9601223312794898, 0.5432626948472888, -2.737591006145627, -2.458970446168798, -0.9621936692253772, 0.4926989236144599, 3.610803539262352, -1.5828073894329846, -3.3783710913158087, 2.9452456470325616, -0.8717727615037169, -0.9596626040796838, -2.4385255727866717, -2.5737825790913296, 2.1014105605845756, -1.8666866279350298, 0.674250581542136, -2.539324980992438, -0.188539430052136, -2.557340213370197, -1.478157353606762, -0.05381013307768112, 3.38035555071548, -2.4333634482562223, 0.8968154741316572, -0.9265034424556435, 3.4078179114861995, 3.1890930868804803, -0.3705578376359313, -2.898073445334698, 2.792126517296982, -0.26067441266820235, 1.4728235427643805, -2.312622137455352, -2.9578796676777452, 1.1847874028242602]",1.3888888888888888
1,"[-3.1523935232009803, 3.7419708627090316, 2.847451455251808, -0.4998303114238323, -2.378427258438675, -3.0458531385288885, 1.3910456118374102, -4.6698149691123465, 0.27154147259259775, -2.1954211845092573, -2.0618947627426505, 1.4017331287817392, -1.7930262208751988, -1.7253614016115906, -0.31268228498256323, -2.6595282207039372, 0.30203095190961093, -3.975750094129181, -1.3012095714422607, -2.978531325198883, -1.9546845160604867, -1.6706436755901577, -1.6937118044462065, -3.7027270567859274, 0.7740204657580776, -2.1073664586114695, 0.672224315381468, -2.706512669448702, -1.484056168529854, 0.17783705081442158, 1.694606102998796, -0.7895145792680714, -0.43599651109528553, 1.250751376293807, 0.23896259407408638, 0.4496877224934135, -0.9837431279074549, -1.3560028801614794, -0.92820317167958, -2.2624803636708406, -3.62958777506718, -3.6672039537516685, 0.21369486733378196, -2.6663038805630794, 0.09913237325581942, -4.409583212285216, 0.3422716664338017, -2.827485935623924, -1.5086750050330195, 0.07663780181600682, 3.566126772143854, -3.5811875022926785, 0.8458024171624096, -2.961059639250239, 2.0742917924504938, 1.2667032414304682, 1.2647883781357008, -2.84983532284627, 2.3759279949402914, -1.4769075706785946, -2.3102220731145344, -1.7459473339518574, -3.2520423120747344, 2.9825249121894983]",1.15625
1,"[-3.957189066566489, -0.6669182283546504, 3.4952696952346822, -1.334025456412126, -0.5077964114831559, -2.7315712182864393, 1.5181020399368306, 1.2688355407472054, -0.6318789454391097, 2.4576802282770696, 1.8941318854900335, 2.0125143385764077, 1.9640898814858863, -0.3487689560144738, -2.9285478959331197, -0.9044489280467398, 0.6375501853916044, -3.6269202265661225, 2.7880137491367782, -2.522243587996516, -1.284402357442715, -1.645486378964263, 0.26612321865324656, -3.7330916268214303, 0.054976545764723106, -1.0468171606395362, 0.41422206321807464, 2.3378151999827788, 1.2292076555037152, 3.178403143733486, -4.054216790379822, 0.6726658972326307, 3.5150685972066595, 3.7999529999066812, 2.7446062330996757, -3.869048804590991, 1.1833610980309472, -0.39091500929396505, -0.3215477270306253, -0.24049927494244616, -1.3111693535772355, -0.25856547622832293, -1.775149928494233, -2.814888056853285, 0.08540967926867382, -3.849316906452385, -0.9422145430892912, -0.881407624610693, 0.6986467218224311, -0.7458373253266986, 3.409916176099731, -3.5835660804629708, 3.5905468450930473, -1.030964492591596, 0.4426009327656404, 1.120063419025796, -0.9301711457669404, -2.601324246825261, 3.2312468263188077, -3.756459203903461, 1.5226917805684244, -1.3040798943658918, -1.9234095720557092, -1.0894576288599354]",1.15625
1,"[-4.491647337860577, 0.2774666366101336, -2.453987828682987, 0.1512143981075742, -1.8974285590759012, 1.0301259102669382, 2.531542597206082, 0.18252822915773192, 0.013024553716512732, 1.36722614772231, -3.829120738937942, 3.79621270136262, 2.862015678108323, -0.9612254056905605, 1.3152623685748162, -2.282922122546588, -1.0330869548986725, -3.187471083920452, 1.9677841111034398, 1.1783298798051776, -3.014976636077616, -1.8241502059299415, -0.11200786876537139, -3.0542927935179667, -1.9885627429805468, 1.161793870371806, 0.5883433790730995, -2.1224998349103608, 2.8567520347810182, 0.8693398178792848, -3.950391603481726, 2.001564521773336, -0.9142395555410532, 4.250622982454277, 3.3606214286445844, 2.9440490295945527, -3.2774952883364272, 0.9005164072506977, -2.2800901287028053, -2.099738146796151, -4.206730653835072, -0.007856680937410543, 1.7715445110791876, -2.3091689702218634, -0.166758714537238, -3.922285293506225, -2.5584488461735626, -2.574540710367765, -0.7336788797166367, -0.40465512796248493, 2.497284547142609, -1.7479199303401818, -1.2544756155657253, -1.6265952226863447, 1.884341209961923, 2.9387205705696986, -2.41197991976364, -0.4489123390758609, 0.9414083127161437, -2.903061873740794, 1.9373603120981135, -2.4174094745107664, -3.4900276756868234, 2.0974804099115145]",1.1538461538461535
1,"[-3.747949045557349, 0.6158117168454766, -0.7761799922251174, -1.4181351718659991, -3.52385436593478, -1.8081696618308758, 3.4965508519197774, -2.778471405619718, 1.0702694197747944, 0.5756612992792087, -1.9854438545923023, 3.4987115175384704, 2.9413814577861785, 1.3437453414400404, 0.6855842405033642, 0.81133343798066, -0.9718483296139154, -4.097468552946477, 2.5213814859440067, -1.321575794516797, -3.140856698689457, 0.5898627065133566, 2.3772028076117677, -1.4639180823244509, -0.36894301619241143, -0.9124997642158561, 0.6474205258439731, -1.717727927097962, 1.3085853520860071, 1.5318018694730915, -3.652265269860372, 2.269335870201376, -1.6869785388832734, 2.8259865130506383, -1.8275569078344476, -2.0012946328724137, -1.2185817875859606, 2.838709311829729, -0.7644365408301806, -1.9704590802417796, -2.1964711199792717, 3.159904002930499, 2.447334516606232, -2.9264701608326678, 0.8966044721550188, -1.298016333185677, 1.615753671467613, -1.170162980420671, -1.5359882295420424, -0.5768748967635426, 3.2493215086439795, -0.17044686411787158, -3.724321577345904, -2.7534564307193268, 2.416018884879083, 1.6624973382528185, -0.36535429712311485, 0.17017081361233613, 0.8027426687266017, -1.0455692763294195, -1.482796978561548, -3.468129282956557, -3.0125703641633717, 2.8038404936561636]",1.1538461538461535
1,"[-3.113674246011631, -0.8223523167835805, -1.7589286341817474, -1.4722322431767965, -3.508398833549682, -0.16681002557206093, 3.365477416330634, -0.15409458573833912, 1.3572483339118024, 1.6334139318183292, -0.5638063287619143, 2.051002956487427, 1.1605712267352901, -0.9721188647774371, 1.4804964792830395, -1.6245998591920723, 0.43351795629554846, -4.040530850224243, 1.2693945424087008, 1.442134885846855, -2.1035872526920896, -0.7511038465032719, 2.901364428552736, -2.1268652259456875, -1.0454237456123259, -0.7010110675670584, 0.5030211854197446, 1.0983621988453798, -0.21191178207186345, 0.6104804163783677, -1.4847358236558215, 1.7537185605515628, 2.104438404938869, 0.41729284366798725, 0.8659807720749355, -0.6889355470620985, -2.839433903510966, 2.9161974016752583, -2.938262945661962, -1.3328320240606044, -3.8022994198374986, 0.11518952106066077, 1.4288044649843301, -2.635694558205467, -1.0880709514368376, -1.9259517743260082, 2.60567003097668, -3.081370182474691, -0.6609747426790353, -1.1158021702103127, 2.9777531396454675, -1.649738230292836, 1.2586301419074188, -1.1604226906770059, 2.4443688703051905, 0.9294197767572638, -2.34478512848166, -0.43776918754505645, 0.6703736805453577, 0.5622621280955338, 0.8378068442393325, -1.6968148077230936, -3.1742193375023784, 3.218763230320786]",1.1538461538461535
1,"[-3.5152379042760122, 3.8857396342597577, 1.7398147040013878, -0.37975157481196775, -3.561862944658735, 0.8729632081880472, 2.844120887065722, -2.411867864670139, 1.248601094700998, 0.8264847810281926, -2.7977434636416474, 2.84135486235801, 1.8465316024418468, -3.3923032843481664, 0.3689880669597704, -2.994193953624242, -1.259648193778256, -3.792842841878226, -3.1195548609429573, -2.485079463989868, -2.1101252450779455, -1.231974094703342, 0.8646826335788199, -1.676248142814014, -1.0949034877270178, -1.7146718086531152, 0.8069731645782703, 0.3654144904922929, -0.6735635006331376, 0.6866556940750921, -0.5644946760237572, 1.1604886497430578, -0.3577766859237459, 1.1427110862598158, 2.3776042020785306, 0.7522215101613242, -1.4837557729798887, 0.8357799052831105, -2.4929873257325155, -2.2667878414055007, -3.969331911393315, -3.432833292371246, 0.604757354385647, -1.5023934823274105, -2.271368812595436, -4.047401328531244, -0.395980254388819, -0.6453516318774906, 2.1964486729551957, -1.45556094549474, 3.4860906945803474, -3.882732908968457, 2.2487953207023885, -3.058306794565189, 1.9899249000809396, 3.5254016484329864, 1.6797100853612492, -1.4748351962452557, 2.258186258771475, -1.3970483073242215, -0.6722547353845783, -3.3528940055480003, -3.9943718189348503, 1.5047703954613016]",1.1538461538461535
1,"[-4.398837228506201, 2.2563585679445763, 2.760080742014302, -0.8066698627201117, 0.0917370050989903, -1.5607675144987878, 0.23429325532317424, -5.045706379969221, 1.6865208725250849, 1.047373646554394, -1.3488557923410778, 1.0676119714279575, 0.6576929676828558, -2.117226890512144, 1.7364333743922313, -3.936442799176535, -1.163239310087965, -1.4283332531883746, -0.3976455429817825, -2.393032439512652, -2.704590627323801, -2.1838387946813502, -1.2107404148189331, -0.41576865395822993, -2.095276192284923, -2.5095274517451696, 0.8501390376782475, -0.9392461703297775, -0.6354925461899958, 1.120197790327637, -1.8994104107571503, -1.9118902406149, 0.938237370793177, 1.770880271518447, -2.878844720739961, 0.32962754560580776, -3.4028609324244123, 0.4975565227790172, 0.6410507860766503, -1.7121634279698932, -3.3815513111205053, -1.9794019358874615, 1.3783017990059316, -2.505578711641653, -2.851195546510449, -2.7961147428958957, 1.6546525113442208, -2.1521209182777254, 0.8498244740247263, -1.0880091600580444, 1.8507115527186346, -2.0827830453413125, -0.13832366339382285, -0.9346786002835616, 0.05014674760106219, 2.9906985368561916, -0.4485110212088087, 0.6681450356545617, 0.34808992311454356, -0.44284713651508634, 0.8069322764015356, -1.946587851240059, -3.1340564191161526, -0.22729261950348562]",1.1538461538461535
1,"[-3.192261400557255, 3.1077920435078794, 0.5594045790707751, -1.4767767148977602, -1.212473983416431, 1.621099330169338, 3.393640788833983, -4.787630450573135, -1.9377505593727344, 2.293859827250926, 0.08472116483308367, 2.3115624827874117, -0.40572370251406575, -2.23962186891598, 0.5176788283048817, -3.8793880443064213, 0.8822968321070959, -4.018988362219925, -2.022333947101329, -0.6551314325971247, -0.7969685774200785, -2.2612967226221556, 0.08366028137142334, -0.12033097702613871, -1.412099395188838, -0.03305885009395304, 0.5002229603389758, -0.7121604238606317, -1.0101927090514051, 3.451208560189805, -3.7599106911332973, -0.23583942215664866, 1.6444503408335156, 1.802638662391464, 2.48816927497625, 1.8573937570389916, -2.6975978105364016, -0.6172142588638589, -1.9455737483087079, -0.6169636248092785, -3.930065142517567, -3.6868796258969363, 1.058751337160457, -2.0087212681531055, -2.7406910173515264, -2.3763166286052746, -1.5878094825006275, -1.8239352174469134, -0.5146045773834393, 0.21813506942382999, 1.287294616524125, -3.712869489798152, 0.741206329768136, -1.9720922836700556, 2.5967884285512883, 2.6837079152307175, -0.03131688036663727, -0.4364369808089422, -0.20391507110250418, 0.005306443237391767, 1.1745398117909305, -1.6067570688421962, -3.830863310016956, -0.9570134929146046]",1.0363636363636364
1,"[-3.952745518857952, 3.1773362824362423, 2.4309807546931537, -1.5297430613900624, -1.0452028563388625, -0.03737380634242471, 3.363219254533361, 0.5906335388154358, -1.9028895288898342, 0.8157785660015835, 1.388329503096271, 3.1318206894616, 2.437875350971633, -0.6310698441436244, -1.651814963993228, -2.273756073987971, 1.0448038941032616, -4.180600181207955, 1.726041672209298, 0.4098395763092091, -1.8902604428502763, 0.1278139082968479, -2.5529986254247, -2.91918118609939, -0.01601911853431226, -1.5617500693792765, 0.23530390820844338, -0.9684437085119856, 0.042467994780677615, 0.9498647444747298, -4.269599643267175, -1.855190406031964, -0.566796998686589, 0.37757782634727954, 2.801205459495118, -2.816617827339427, -1.5775830421419952, -2.354582400341231, -2.161268749994224, -1.0449352270604322, -1.7366954225979876, -3.545846634979958, 1.69928157871616, 0.5573624306267657, 3.372082578818457, -3.850048710149867, -3.051122489216145, -0.7204581782061104, 0.5786169534312453, 0.45712781195173186, 0.2822843355493396, -3.189579552242773, 4.0400568245165065, -1.5673131251586627, 1.636819354825336, -0.1169933142735369, -0.8012672277820017, -1.0858791365874063, 3.6682589656732967, -3.777208675296918, 2.2955398302532064, -2.2611233192061095, -2.4602130263177546, -0.9613064470343078]",1.0363636363636364
1,"[-4.289088953183921, 0.6968004024573597, 1.0907211765271405, -1.2762183199586068, -2.199487862669668, -1.984563901884635, 2.0270135702394745, -1.2881950983791766, -0.6379559404127247, -1.2115117451100221, -1.8759911537020535, 3.588071417290796, -1.051644587474078, 0.4470100680294393, -2.3177072884957015, -2.47770324753965, 0.9259658640535413, -4.025216949837202, -3.245876573445808, 0.5770462975912888, -3.1470537440920228, -1.4920446673182926, -1.2031163843083146, -1.8336440101089124, -1.0033039697725457, -1.7178497877805818, 0.3562099942641319, -2.350194051742203, -1.1962783686003364, 1.3837835709608162, -2.5156725503521065, -2.024088999715198, 0.5876303323183318, 1.1967604935604885, 1.9958394082433117, -3.8712475210317696, 0.03304739316966976, 0.5783180097756815, -2.9662565088483386, -1.5923431885710875, -4.261948491603072, -1.0077824949771308, 4.160403612758364, -2.377326013337469, 2.5429331646302646, -3.913258055751582, -0.7122564694528426, 0.7567359060510193, 1.5430228479261983, 1.3686662199422357, 2.9752019240872185, -2.1922185953009343, 1.0139095242211154, 1.2145213055142563, 2.5668476598163155, 1.7011615640544897, -1.304717503485799, -3.7917437682301007, 2.9249993452835303, -2.0252723283550633, 2.2087917251827287, -3.993650494062527, -2.0092454443994257, 1.3719443314293116]",1.0208333333333333
1,"[-3.149170187952885, 1.7691143179926248, 0.9017203794426256, -2.608260584882064, -2.487455027566009, -1.856338481691321, 3.633886472805564, 0.36295487562932277, -0.5758993295282171, -0.02249756401414127, -2.6294579782722973, 2.5404411369485187, 1.6668255944104202, 0.5858913019087544, -0.4207355649345082, -1.2575960093572653, 3.7806915068787568, -4.217110467639004, -1.7936285731110932, -1.0694474978459556, -0.7291038737673519, -2.0339211945383484, -0.5634855404335588, -3.397805552878779, -2.4882155949475653, -1.7748008624002005, 0.7074582424813887, -1.8913909623064886, -0.18904761585544402, -2.4775418114367946, -3.494265220522826, -2.320235200132276, 2.3756032130543137, 1.238558617606065, 0.31385459018307404, -1.9144686010889256, 0.5303950169907754, 1.4837381093540558, -0.3776004122974884, -0.8158508961881945, -3.3951352695619104, -2.870476039139538, 3.7745565990198693, -2.9713390544279115, 2.814399120201185, -3.009665869894558, -0.7464815469017642, -2.4838255075172215, 2.595285970369765, 0.023581795427811802, 1.8357736608352737, -1.8304153590304337, -1.766435111675561, -0.13273084483808395, 0.5468217063271048, 2.3326375386360376, -2.873364296712785, -3.7786845112732332, 3.0410959690828054, -2.818335922471289, 2.9597354369443636, -1.1468957453199369, -3.072022576808971, 1.737312691611748]",1.0103092783505154
1,"[-4.383953050604887, 0.7561923326722861, 3.656099488697351, -0.34088580024421056, 0.20707105054582997, -3.070695851746993, 1.5273729253556247, -1.0761500074157757, -1.2023928562041821, 2.4486271524798178, 2.137270968362458, 2.266138715918771, 2.1867633288527677, -3.1975003744028667, -0.45590044712670574, -2.410244928193147, 3.5987473697837054, -2.498692252715921, 1.0357372165547523, -1.4369202813915767, -1.7704208006691926, -1.4677877664047427, 0.33453132494698, -2.0119212974242613, 0.4301572993911551, -3.283139316560275, 0.49797770638388306, -0.4936183774092908, 1.7914997035795293, 0.06298952909672195, -3.890588642472725, -2.2894378290383344, -0.16060621766280736, 1.7449007143879038, 3.4303288062502593, -3.73559149523948, -0.42537971223143933, -2.6913689273776074, -2.1228577379835, -0.8802050068918483, -0.2515085330476836, -1.3435977071133884, 2.9652454563177457, -1.5710829648318412, 2.143509847478214, -3.6441462009521355, -1.3232025547774255, -1.0115509135964287, 0.4285768415090573, 1.9312925249501052, 3.197086575502232, -1.3011916450106178, 3.9665434114422613, -2.6719050985691717, 1.0930050251335133, -0.010806196642823729, -2.23285432730365, 0.7930969266341473, 1.8962681235343553, -2.263967650735011, 2.557145048421212, -3.9452847556282893, -2.911841088512686, -1.6405316549817017]",1.0103092783505154
1,"[-2.244415393322299, -0.6898743680130881, 3.7579283501226057, -0.7333129471504203, 1.1252477796896585, -1.9388506313541334, 2.4810581667313936, -0.019953124225693133, -0.9226365624567239, 1.5734580555363924, 2.2464799003504368, 0.8615034062069635, -1.2007229756999283, -1.9336787269527804, -2.9588535940080822, -1.2177462543857547, 3.578893492727671, -2.371583976572797, 2.4254285800385262, -0.028329781246223984, -1.4267510602935902, -1.1638782627425057, -2.224379595679824, -2.7972208976635136, -1.315544770171352, -2.356980249784882, 0.6482214667042527, 3.3501318406399334, 1.0659466924135235, -1.2632049170755697, -2.4866017689549365, -0.8541268986037862, -1.1146882575939094, 0.2850316107595394, 2.2537087800487146, -2.97777569483235, -1.97858627615062, -0.4374234303343765, -2.1216053811623405, 2.2989618329940966, -1.4129954436492924, -1.085999988624368, 1.1483736447982613, -2.3489303627743587, 0.6342732591680409, -1.9560382713248328, -1.5256884610879693, -2.32730737571534, -2.2965449228748684, 3.6136302923706953, 2.5893197003041486, 0.6298746770374724, 3.8566750810796044, -3.0488719389180616, 1.334842101909142, -1.880029334285922, 2.3495098250017814, 1.37954768999817, 1.9533525286393374, -3.7428016620779454, 3.0098973634597193, -2.3279233504015, -3.25280704034366, -0.13684894448088736]",1.0103092783505154
1,"[-4.441576631428327, 0.7026044160206938, 0.7423330376430965, -1.7995177653118768, 0.6173633655610573, -1.4792785763673661, 2.746117958553759, 0.8415128027097383, 1.6128155507498003, 1.8425086530240822, 1.1295862876600515, 2.0317548646100407, 1.736949145014509, -1.7036232797678434, -2.6990034584440172, -3.2379879688324897, 3.578456719717881, -2.5899587777002977, 2.9383668923537445, -2.0598162639385214, -0.8197409430085941, -1.9731372226613, 1.6434024543375996, -2.977796205846735, -1.8369196520122606, -1.0060629069543827, 0.5537221349699872, 1.4189259540927859, -0.46012023801598106, 2.1247119055996233, -3.5909340315174503, -2.883461437187525, 0.2851585153470353, 1.3983528275830617, 3.5792429810043527, -3.335060037264893, -2.8458908306565442, 1.0251236459200648, -1.5096968443779404, 2.8071099905720684, -2.0733237708608874, -2.6713101565770416, 2.842171868908351, -1.532664893571181, 1.146169623305184, -2.9149894126517157, -3.8977834290402034, -2.355685269487198, 2.4051765205359485, 0.36717030960818625, 1.4339451449341194, -3.312503281347328, 2.9413155075635125, -2.9917705047061345, 3.1240401272054967, -1.734265378698785, -0.3386789407674669, -2.0993004659678447, 3.2464040153089146, -2.7235457988455902, 1.7041803012298091, -3.1677283359354225, -0.6175480216930611, -1.7227075913616687]",1.0103092783505154
1,"[-2.8078011028490737, -0.09752624410768168, 2.2666630058620534, -2.064342313538887, 0.8242311975254542, -0.4411086630848676, 2.9060216803713814, -0.8154074233751962, -0.8604413293792726, 2.4565306439002366, 2.5445463844815848, 2.8337319958895266, 1.028972074047898, -2.391504349556116, -2.759385687642213, -1.8370224347742636, 3.8195903754724045, -3.9071280946397837, 0.7567733845507332, -1.4548108004566465, -1.1781359960960525, -1.615535083943553, -1.1395561006756496, -3.169464101375123, -0.1953346734790795, -0.43086674634497313, 0.6141580618762479, 0.013493706420916574, -1.498063237434655, -0.6984377414933562, -3.38898244628479, -0.9725809714276437, -1.248454413653423, 2.8884409683704644, 2.8080123799274133, -2.019561009306101, -3.3955516733906244, 0.652486447804085, -1.4656951018716426, 1.8267803839628292, -0.9515930017322016, -1.572560550446779, 1.3803621073470003, -1.588645503902806, 0.16226497149897823, -4.358365636017139, -2.2594195942126754, -2.6670021184421624, 1.2757150907814334, -2.224206573364647, 3.264134435838153, -3.8836955709538215, 3.5987791604782475, -2.2854078447298223, 3.4149354100879417, 0.7533815234888079, -1.361733430381344, -3.7121022570194104, 3.6597191470644326, -3.4966033075818013, 2.7943866319772828, -0.8902658929702063, -0.4790080774791101, -0.6273407802982267]",1.0103092783505154
1,"[-4.4898871816064405, -1.6738219296373669, 3.7887323238500175, -1.342584141120112, 0.5287984196925988, -1.0378604304117691, 3.707821520357777, 0.5480255561620684, 1.223339903950403, 1.9543554747358858, 0.43048810393302817, 2.035227658179974, 2.8883665088700576, -1.7421006255221014, -2.1422832629304502, -3.4111679708809337, 3.363101562489586, -3.3480172518827436, 2.8820553731496554, -1.9229621926108764, -1.0940854038881118, -2.1854635491258225, 0.08475755382360611, -2.649116111050382, -0.7123588724412283, -1.6151626966040062, 0.5068735693177184, 0.7851366433968996, 2.9056277607905248, 2.441010165757921, -2.0582742402877305, -0.9214789164870902, 1.4933753575235542, 3.0557180315171957, 2.177337104672146, -3.866021917732677, -0.5193324180079428, -2.768929467433645, -1.045761673846542, 1.7104054333835375, -0.7188615978072497, -1.1301380877661793, 1.7574145078641312, -0.9239046586388799, -0.5214049594946832, -4.339271210078116, -2.1722826733604688, -0.7409197706311175, 2.6132430093766197, -1.9805718567088721, 2.125151788572487, -2.6366446646366666, 2.9029327907347726, 0.7040198175560946, 0.9912886677183842, 1.4882661050037806, 0.3244285619284505, -1.6580101185434803, 3.6364864960398435, -1.9724022146096534, 3.0848174970596856, -3.6946412179044534, 0.08305288516492038, -1.252850504160119]",1.0103092783505154
1,"[-4.102148579969262, -0.15655251258845004, 3.1717782130046244, 1.090094428201772, -0.7785400751748438, -1.0469346912819781, 3.0511975946650924, 2.4415450130247267, 2.11095795151022, 2.200899914327954, 0.8528783158509103, 2.0640426103646603, 2.626752298876082, -1.197294975625414, -2.5809905850171893, -1.4288258421879996, 3.9781706792864293, -3.3622000028526955, 1.6666927774102287, -3.1206466745552937, -0.857268110067644, -1.7782186551237056, -1.1647888094535228, -1.3614445525461072, -1.493565192281486, -1.7571377999594815, 0.6176075761346997, 0.8083448229655865, 0.15348494820712383, -1.2520851311422843, -3.2251913057105277, -1.9468772490883268, 0.41717035206995157, -0.176956906382161, 0.6629778990217479, -3.512492369859455, -1.7939923055606546, -2.0658489017745874, -1.2941487150241913, -0.6428920853509574, -2.9022791676910975, -0.19948924866081397, 1.367404112468455, -1.701974415584125, 3.471261253904345, -4.398417391645604, -2.0346512190525172, -0.3626334957065793, -0.598962921385342, 0.07863820687834765, 2.9604271658659904, -3.963327900239598, 3.7235056040379853, -2.682917981012954, 2.076717707615509, -0.1857653811744891, 0.5912061017554495, -2.5798733888316008, 3.3034347570525524, -2.0760445501114253, 1.5907235938416386, 0.26405454847844867, -3.444141781375122, -0.7939577696871181]",1.0103092783505154
1,"[-3.7351680791252457, 2.083081593257481, 2.5613075867371693, 0.6451718802603303, -1.3195329576443477, -0.9740666718312938, 3.069979731436036, 0.41459684546996367, 0.5500411643375615, 0.48365408920766795, 1.4630376861886367, 0.38936833039841146, 2.8285528466857475, -0.4916799707863868, -0.11403302720691633, 1.8317195137740072, 3.7826817562242825, -2.5945961952254195, 2.32143101926729, -1.288263969955204, 1.5823260858563726, -1.6174949322267562, -0.16959296776653796, -0.8388057095521246, -0.1476444534206094, -2.2298548786977386, 0.5003068506303372, 1.1697270060750151, -0.2621659506196474, -1.9322650305337046, -1.8188772272158573, -1.7147987698643705, -3.055141733442757, 1.7106797686583748, 1.1336653360219522, -3.882272551469951, 1.2033495904925904, -2.4620143369703724, -1.177514925476649, 2.309552205911445, -0.8835869677648924, -4.176310850795395, 1.737157646211284, -0.9973309125294605, 2.0579084970497328, -3.872014950586671, 0.4761010798059817, -0.35664549527899814, 1.731742118840189, 1.1288462923039322, 3.1118003019182647, -3.9174747384662725, 3.0272724254274133, -2.4224538579427475, 3.3714290838841428, 0.6472666754991893, -1.5621355059879256, -1.3432622510441314, 3.488517082015599, -2.554671804062476, 1.0855330621148715, -2.9090360114415716, -0.6489960414409621, 1.503250648970409]",1.0103092783505154
1,"[-4.285520265918216, -1.0120135508893122, 3.893764153248587, -2.640655191116375, -3.1357356227541144, -2.427431826611498, 3.1499173513196377, 1.0681973011101338, 1.3711699435238718, 0.17022805914776007, 0.8296642218297506, 1.0699725472526382, 1.7505192012643243, -0.7998667349979599, 1.730300484724172, -3.932803196390987, 3.8700047436607536, -4.160409801649654, -1.5658182261252738, -2.936829655642302, 0.5776962725601418, -1.3800168277202465, -0.07060624302014304, -2.4992737932724287, -0.1413464106806294, 0.34215740488545787, 0.5897734159326518, -1.5121873803684474, -0.06942914610680795, 2.0087203613076756, -1.39019679647198, -3.026804750515768, 2.421569223868301, 0.7091459421202679, 2.2722154892473116, -3.014037680046477, -1.6729202679473039, -2.6795066119987485, -0.889231847468135, 2.922153707014363, -0.5127924213468458, 1.0068919444992277, 1.1190366928202358, -2.5257658665229594, 1.6558301772617317, -2.8393430278701466, 0.16124478992835883, -2.275069957885096, 0.2545194708810324, 0.9116953297993885, 2.52112010202322, -1.8261302196284621, 4.02480387477481, -2.451835727296163, 0.1898686606214881, -0.7540686260795948, -0.3281546598118168, -3.0117325866164872, 3.6620901523041587, -3.701752324085296, -0.8552713484847099, -0.8764272035994582, -2.691042264312529, -0.06641952329441538]",1.0103092783505154
1,"[-3.7629261038481268, 0.28458615475606464, 3.897994457957262, 0.6645217466947377, -1.5269259253734686, -0.7276454220689366, 3.7374052217216116, 0.3285652812281582, -1.0872901020056331, 0.743071688373877, -0.0169131584512332, 1.9269760555002433, 1.5393884909453341, -2.6249045799161914, -2.5285025294215604, -2.5052516187313962, 3.76711878418813, -3.255798950706226, 2.044041460081223, -2.9970653599311508, -1.838200785276035, -0.5903764067434749, 1.4528421553857238, -3.5088998091169303, -2.805511040337668, 0.12607460781632795, 0.5584253009251232, -0.50670272977611, -1.5652210414460899, 2.396434784057101, -4.121145600423369, -1.8115911557321722, 1.4831562429585083, 1.3928825911939995, 2.2246036326718195, -3.24941557235036, -0.37259220914127256, -2.5648622322219956, -2.9380867833256996, 0.41046794966239714, -0.8002087522489567, -2.7097798027824997, 2.472517213440735, -0.8157913845223486, 2.037554243970311, -3.9126748859498743, -1.8069446197874366, 0.47080237516417744, -0.16421232038670464, 1.2512306813448886, 1.75602772328955, -2.5280565559940706, 3.8082830286422453, -2.1970993814241218, 0.8199729102320679, 1.3484149263158738, -0.11035096695113233, -3.703304021871295, 2.1163916164275722, -3.1775753520064765, 0.4621414162302435, -2.5926641856922723, -1.1489683023795818, -1.158528681480564]",1.0103092783505154
1,"[-2.336300204861846, -1.0217186079464513, 1.097457130192499, -2.181420475393172, 2.088605060102567, -0.22768592724637504, 3.424339351359407, -0.22344109437630388, -1.2562569190630533, 2.323852225770728, 0.7989437858066561, 3.780383191303999, 1.1058379994113072, -3.7391118217528008, -1.785921095949884, -2.1732479763932324, 3.6537686270596, -3.4314211806613026, 0.3319751918071556, -0.8254196256206727, 3.0782849482011865, -0.41871378027891426, -0.6099968244226192, -3.632002213072078, 0.34019663010779755, -1.980969173280573, 0.6431137809189177, -0.05981689009582325, 0.9045497181594564, -1.8298137880992813, -3.47759381071183, 0.3223783317686203, -0.07191966851973297, 2.407503855364446, 3.454887202195454, -2.284478467060964, 0.0827470893385549, -1.060001729669978, -2.5136180665205208, -1.275061946858271, -0.5690978974871539, -2.9532107130119134, -0.6877805736270273, -2.048101238893373, 1.6752884189639863, -3.9186137603786566, -0.13390847042778498, -0.8830738971014087, 2.303059872319191, -2.069935497386018, -0.7101546747353646, -0.7611835600607568, 3.003874390483685, -2.588846176099881, 2.571484807288083, -1.602883156622893, -1.7084463708589572, -0.5366467067425693, 3.5776176713701004, -3.348710835035564, 2.7601808091825184, -3.9030059260661476, -3.8893453499421113, 0.47646778403357715]",1.0103092783505154
1,"[-1.9053074075972343, -1.0535260912972408, 2.0958631147506157, 0.43912696650231253, 1.9918282950826738, -1.1693082969825783, 3.6120985199223843, 1.8443909145653503, -0.6320076063683835, 2.014529716603416, 0.2677169703616068, 0.9759509852211228, -1.8204809222564122, -1.9594715895462436, -2.7477762554234806, -1.8524796004141582, 3.740656348500247, -2.097599630045763, 2.686327980725523, -0.5692814594658484, -1.8479511936337374, -1.6442107121690126, -1.4839583796002422, -3.0740733413655623, -1.9216099413276853, -1.95258983371138, 0.6976451255940177, 2.6589963135984496, 2.048894559721934, 1.608771554727584, -3.8758731362086585, -3.0419119225667095, -1.7762221424528521, 1.9407890103617433, 3.1258404722956885, -1.8118331523062712, -0.6922732256320727, -1.3761673392284033, -2.399284512863458, 1.1617553092731212, -3.5319512311455497, 0.8694942537277213, 1.4766937590311886, -1.015373877201301, -0.1719673726551314, -4.532718542992964, 1.3328384694573816, -2.7084156458020336, -0.10389350248087625, -0.04322963004574909, 3.073333179254727, -0.07512720042563359, 3.1716362180723534, -2.935622935250665, -0.8124136693484889, 0.5878329518227079, -0.8565728144546985, -3.540450914701731, 2.771933289466727, -3.2716657848168254, 2.65604870563282, -1.5412520555070452, -2.020891192314348, 0.5323568442898191]",1.0103092783505154
1,"[-2.273059021121182, 0.056239371936918525, 3.06048365787303, -2.593777783091795, -2.074644664989532, -2.1809008702589274, 2.9038618053587326, -0.11031960833779286, 0.6373308676627494, 1.587215743923704, 0.8258927082791298, 0.37703566468656113, -1.6261984061039552, -0.9046376823724485, -2.618308121485155, -0.9802479140812991, 4.035966344707456, -3.8991205692008464, 0.8559521553476113, -2.9845752901942415, -1.5818696406230628, -0.9310794994580642, -0.2904331547303397, -0.9007672583655157, 0.6492467771726838, -0.2783907965231116, 0.6410565279027005, 4.019779612110669, -0.213642488813161, -0.38201789039252027, -4.096173950286304, -2.316361273536933, 1.798514464404441, 1.3671777527858688, 2.1799252856575957, -2.450128959803866, -1.6197678230858563, -1.5716778774774336, -2.6288747895428193, 1.4333150539286434, -1.1283502903534273, -1.3814043592365168, 2.7832379377666365, 0.2627829017462848, 3.72450247267161, -4.247131873256121, -0.053739840595554415, -1.6622950497052136, -3.14987481722425, -2.289492697714996, 2.1823553384186685, -2.786014833734069, 2.6565835022150948, -0.2360786974060365, 2.6133841439560026, 0.8510950411621636, 0.4378032647892548, -0.47674752836697354, 3.6945406849553764, -1.526118382863335, 3.0693047372672986, -2.3581939094150752, -2.9590975054731965, -1.8781422598596111]",1.0103092783505154
1,"[-4.431459965328059, 3.1036831322198575, 3.883659599675729, 0.030357749734477024, 0.602636715830299, -2.7634131022688067, 3.718006279852846, 0.4438099446318009, 0.8285510248297606, 1.8863011570003931, -0.7676062890604727, 2.676371989215, 0.5381613561344849, -2.159491164061742, -1.0148039047170538, -2.3951810207282076, 4.02039099980407, -1.3212353146131033, 2.0553923678150143, -1.1405978170554385, -0.9389660334856027, -3.2430162179136146, 0.22187666924958405, -2.214110538174911, -1.332000283407309, -3.222444160507519, 0.5431429520358895, -1.2621512481676438, 1.5232986929193277, -0.2530987121982511, -3.7299871448144857, -1.3384953385870806, -0.5305462815010655, 1.7587553456446567, 2.2958849452882584, -3.861319329982672, -2.820478125143162, -3.5555369467891853, 1.9265006080193108, -0.5399505094591359, -1.9428767134242209, -1.6455595047482092, 2.916468436058147, -2.964571105425877, 2.837063315273986, -3.1572850691562975, -0.8218388091782327, -1.7856084592733859, -3.0044350587665676, -1.0248964797839342, 3.5651847342120435, -1.4083119818426988, 3.814016800476431, -2.474601931611874, 0.37071772744549114, -1.5046277213867778, 0.7911770924647307, -2.8085744997415087, 3.3799377080608517, -3.060967013530794, -0.1340111855792392, -3.619496862687856, 0.5590000317818449, -0.46873616839869586]",1.0103092783505154
1,"[-3.25349923474392, 0.9195876650568162, 2.7559321155711918, 0.06079591698045972, 0.016709919242912763, -1.337138190370004, 2.9962458536837064, 0.538869354138501, -0.22972041477108995, 1.3833495720919187, 1.366916992392426, 0.8822154393135733, 3.223481648861206, -1.8673074239809404, -2.1618004486134303, -3.9039458703007908, 3.8883712403735253, -4.186608743734671, 1.5296768968867955, -2.7725361945327687, -1.6345943007616923, -2.147052140319097, -0.07688895127670314, -3.682083859039369, -2.5759295104536624, -2.7834287554293464, 0.82556961978276, 1.8337778176204411, -1.1317428673341552, 2.1129879133167475, -2.693701266926375, -2.3265828271022215, 1.2690372200473963, 0.34867668171718535, 1.4925783037479041, -3.2587959695388773, -3.1510419396420017, -0.25238868449084073, -2.1514527451613663, 0.4205081655248211, -3.3696571645730984, -1.4424102485959513, 0.06727805785544394, -0.004399582381994449, 2.4500978686102557, -4.508359677212912, 0.3884461809332967, -2.9512098432872245, 0.09229938498645901, -2.8991859200489736, 2.112676615026591, -1.7470488256975785, 4.14180212223716, -1.6384646198182464, 1.9063606737678316, -0.17953912017194495, 3.2063130890531397, 1.29051262356884, 3.2951450637763937, -2.6618376305284124, 2.122246920694404, -2.1322665547728987, -3.757026602577561, -1.1233434072533734]",1.0103092783505154
1,"[-4.322486320960472, 2.167080651083668, 3.1530416836244295, -1.7637922992842738, -2.1938237292152536, -2.0259066716918324, 3.4106364171935244, 2.1678924379200506, -0.5008454934122375, 0.8096707454358527, -3.468000262808308, 2.223572342001528, 0.6575945795891579, -0.8408041726581397, -2.1771276124984444, 1.1265015604897513, 3.7389642179342335, -3.622829463245941, 2.3443205470861095, -2.8002982668044964, -1.5174023031451576, -1.030306362185366, -2.011035175598084, -3.3075802262626963, -2.3854839446524227, -2.4468491310568647, 0.6500144274396025, 0.7621874192350192, 1.426256635562427, 0.2149584742348869, -3.8544385279981297, -1.2877804990195383, -1.3575855516598105, 2.4983052290470207, 3.1000006526707624, -2.1083924381163683, -0.6628246649674476, -3.4533513402710416, -0.06945936034203126, 1.2670321222221652, -1.0635769221930176, -2.445523116100548, 2.9083407346707233, -0.7345290095971787, 2.280683950571304, -3.008127981666866, 2.8294684766539984, 0.7529506679410294, 0.07681506509747137, 1.763996605469056, 1.9650754329316802, -1.088191694667381, 3.2972785408857317, -0.4847035468804344, -0.37863075237594446, -0.7712792297609348, -2.857648082904704, 0.46408351875270126, 3.6489792139203088, -2.703543119936397, 1.9095017187960504, -0.7082756867622704, -2.880178735821413, 1.2901762222783775]",1.0103092783505154
1,"[-2.4800229199565997, 1.9438251271120164, 3.8934543326206885, 2.935243019526554, -2.572712960558307, -1.1477812318422496, 1.4915070412897926, 1.7080779151216559, 0.3895822214034457, 2.3854694826729474, 1.4956466318473198, 3.4110765334855166, 3.1337725608637177, -1.4332827224108788, -1.2518043385078421, 0.6096386208592575, 3.733436687237525, -3.3742633607246795, 1.9422110537311803, -1.7764671729194914, -2.603274956282469, -2.7542100969616152, -0.3668557551639045, -2.820117915884935, -1.2540267010649355, -0.41589530838356037, 0.735404213352997, -0.07539203508899917, 2.2943503046432685, 0.7573318262170172, -2.7403343603462424, -0.13759730369850232, -0.1563940846681624, 2.430370089418906, 3.26772778134246, -3.328242879554219, -1.7350129200353126, -0.7945881931974557, 0.16176605007848566, 1.7437153877404588, -3.7471236079695975, -1.8376576579697346, 3.175097133038501, -0.2407454665691695, 0.7011993578484836, -2.7379813189861855, 0.6815234840554669, -2.09455440958835, 0.4201204344919267, -0.2578865784732978, 2.724100517817786, -2.0172914211257975, 4.087467656360313, -2.687504605816902, 0.05787424957155762, -2.686842552553217, -0.7771486185906155, 0.853236814702482, 3.48655638601619, -3.6390916308217, 2.5752771843904747, -4.00838160103307, -2.123528162156004, 1.7750795884279371]",1.0103092783505154
1,"[-3.0263739787358963, 0.48511192154593774, 3.9064320996492614, -1.5627691513914888, -0.1935804177036946, -0.7354384588661969, 3.7172590466459354, -1.236685336710639, 1.159271514004483, 1.892014769319752, -1.2345934382022243, 2.4187319849797753, -0.8392305426645845, -0.029896764315644808, -3.0946038361703567, -2.9059889990167758, 3.858568110006961, -3.2740172838132806, 1.7880351912654775, 0.662842553200002, 0.1438958382379012, -3.1480076693569243, 0.06768308924165478, -2.9352537655953954, -1.2235035373396768, -2.585580551715523, 0.5600822117469351, -0.011368905819079123, -1.0257350708998592, 0.9666600315670435, -4.116761916660258, -3.072576882473886, -2.6547766631470653, 2.894527686830383, 1.2778244656442603, -1.1970766661449632, 0.13066371764376528, -0.1647723229079432, -2.9524751691670255, -0.869531260058203, -0.2701748885555888, -0.8755478200651705, 3.637459858122575, -1.7273929465245734, 2.311116177505962, -2.9109233334588502, -0.19226050077444312, 0.43681474711798796, -0.22451079782164762, 0.6893278582976047, 3.5668839642047847, -0.9059939421619223, 3.6211203067136792, -2.6796477687693994, 3.0459636133391594, -0.7269720276399767, 1.4366957735390107, -3.9292875851478333, 3.685989459892078, -1.582874733842985, 2.3020968938462865, -1.454744106394216, -3.75626270059524, -1.3852678382846946]",1.0103092783505154
1,"[-4.462008484691545, 0.6260221067428257, 2.714248563656527, -1.9118751702103907, -0.14357105512568857, 2.896571011930099, 3.6650426963059832, -2.1656377980272787, 2.255504917466494, 1.1906405613366977, 2.786449185150825, 1.5470825637006609, 1.7936763500382495, -0.7093222666342776, -2.7813071715574766, -2.7083959007004457, 3.76727170584973, -1.879449719704314, 2.63797657506638, -2.6392840723398443, -0.31752286480865544, -2.3648711599339105, -0.856981859147727, -3.574760570507956, -2.209372528174327, -0.3483024954770897, 0.5278093854233199, 0.14778742121299027, 1.262367610933452, 0.25591592181367706, -4.140190831466852, -0.029499984844950977, 0.27936329610090893, 1.927675403641178, 2.7682017009397475, -1.869723089991988, -2.16163910034313, -3.489173520936267, -1.5453129935746464, 4.319930249997569, -1.116094286501458, -2.109801371712391, 2.8627288339600887, -2.6913742419137647, 3.91412577316642, -2.0218104998420747, -0.7256975926217417, -2.4083547125753046, -1.1054407381700289, 1.3913881796838388, 2.63518421657506, -2.003815317691557, 1.2963550329636175, -2.65391793332791, 1.1865752702799233, -1.2271768899912208, 0.16538706040892778, -0.020074691996380567, 3.379359271898714, -2.860973253480468, 0.9102055899705932, -2.8340620709011826, -3.430857436094538, 0.44126107053473773]",1.0103092783505154
1,"[-4.07670046822193, -1.1655622193407045, 2.0809187268707845, -1.7907181821558391, -1.7938590311151072, -2.943030737518862, 3.590583627182882, 4.244172031221848, 3.1945507367983828, 1.100330017013619, 1.0931350411354956, 3.0204169075971117, 3.3353192586750318, -1.3926628552996274, -2.74469725437155, -2.6242586158111973, 3.5749239063204996, -4.039195561524232, 3.0288455750731704, -0.25854759678068007, -1.0906206785159058, -2.3656139093785398, -1.7512596470489579, -1.144488917547045, -0.3378709153147186, 0.5415648320123527, 0.4966896799239606, -0.9881526626348028, 1.6292372514925868, 0.5055158211743854, -2.8381832406030405, -1.9103218168983636, -0.7767881651050215, -0.04444621764819545, 0.9998935926886792, -1.8588278804728553, 2.0308403341096817, -3.3118842640295396, -2.7877766038456024, 2.8483327066506408, -0.8737892039223771, -2.5084588683762488, 1.3120402454100213, -2.3196446056853444, 2.3284228888962697, -3.779387932293252, -1.2488829870140044, -3.2467057892103637, -0.905150676405738, 2.1076627364117755, 2.765165707307274, 0.0930514321324416, 2.8187453588165114, -2.582424495233094, 2.923818114336652, -1.3061995143919305, -0.8079538954519554, -1.8760413520397576, 2.8798600172423097, -2.838238693267952, 0.9992119040117431, -1.9630929997556255, -2.68512976989011, -1.429622042288144]",1.0103092783505154
1,"[-4.278015286550137, -1.5051122316830012, 3.3062205585375923, -0.6772316913263815, 0.4526644837530144, -0.8780251567045154, 3.2259525980860513, 2.6062877360250445, 2.8708081098682356, 2.282471363819033, 2.9549659352144717, 2.351189635473097, 2.4360741382910858, 1.6231508065315712, -1.814702051232337, -1.9531247789066672, 3.9709213568821204, -3.4019911184523606, 2.6971125025775518, -1.2996485036629708, -1.339826273803894, -3.0626610290711644, 1.3518327688910645, -3.7389277109838, -0.9964916467048345, -2.3634078910033294, 0.4737426207983345, 2.73287592713666, 1.0610728260385747, -1.7183071234804002, -3.282033433172969, -2.0139116670655746, 0.9758547548063286, -0.6587845677675008, 1.6844486190023402, -3.5424870882658466, -1.1417839009137043, -1.3836388094337284, -1.726964236453055, -0.576241899095621, -2.071235444682519, -0.9364526852562689, 0.8531731562845086, -2.6797348315142804, 3.6699035556660196, -4.060779166129743, 0.7431639024225043, -0.9089755818160603, -1.659264896585756, 1.9498666790403953, 2.442364684071352, -1.3031162927489455, 3.4509634724907605, -1.986945164103438, 1.987147246062349, 0.31621061697860753, -2.653952387482029, -3.010251477768997, 3.5759195866800737, -2.427763607335767, 2.3425282788090733, -2.140055255744277, -2.6484306096217276, 1.1865207636386885]",1.0103092783505154
1,"[-4.364893975185187, -0.21156881020338492, 2.5661477988629526, -0.4371895711439069, -0.8319249112264052, 0.48988966589879235, 2.3572555255001095, -0.7331797286180892, -0.07769076442882983, 1.0012517516116928, 0.3974513760844529, 3.6817178647131095, 1.153465370845832, -0.6971171244897575, -2.4696368833389464, -1.663589975330251, 3.8276438101418875, -3.2713062000964035, 0.7289761303545974, 0.20216182102342706, 1.1162379312809847, -0.6206882319656333, -0.535089084214841, -1.4375335381134815, -2.8285689959861764, -2.251679980150179, 0.5539960367825087, 0.6386294302780205, 0.7964489200425128, 0.10932089007822751, -3.7611427204859913, 1.1641188401345806, 0.9018363306396663, 1.5146329510508787, 2.593417285250074, -3.5512898867129765, -2.750233960041308, -0.6161659895565876, -0.5845860369152269, 0.8229671562980488, -2.567844892894703, -3.9081226823080257, 3.3408659502695426, -1.2665202042510146, 4.09681655344986, -4.3461713202250465, -2.7983551849506303, -2.7806859331779448, 0.8471385891254464, 2.4329338168922483, 2.2862872464600033, -3.4357150418574247, 3.919392706724326, -2.6783249722312146, 2.2146503870029477, -3.701946581930885, -0.5531738302412162, -0.33932211389866973, 2.8605155923730328, -3.4700483081033573, 1.354937121098288, -3.9854677094877458, -3.4025893698494487, -2.6675885257983114]",1.0103092783505154
2,"[2.440645567452001, -0.04684301468910257, -0.21188322121862713, -1.448637078264912, 0.7912913867867284, 2.738903294323112, 1.0544750465234238, 2.206336348538312, -0.3740591742194421, -1.639942464706359, -1.9985967724730083, 3.7946273137591753, 0.7123297406902095, -1.3944117029939886, -2.9901879309619392, 1.3819668836258086, -0.80773137567465, -3.65081138033902, 0.8310223485527878, 1.333561815803053, 2.1356342745690107, -0.7216009400814477, 0.038779066111920946, 0.8489028038634925, -0.42163693982919115, 1.9303556141141867, 0.26112305778453426, 1.7011223448334845, 3.5757322482603593, 0.08294498952462614, -4.060500603933295, 0.297695639485712, -3.40603329374704, 1.2156643131066214, 3.6222080681182263, 0.280058185348399, 3.1523833648803503, 1.5683158021843915, 2.708495924838541, 0.6166993152127528, 2.509840013919755, -1.4101536660922998, -1.209209511759671, 3.4822047974265398, -2.0068341438353583, -4.4819334262641, 3.111891357310193, -1.7730277782402928, 2.624838159769585, 3.3329190496008576, 2.9909057988180687, -1.1114909553687418, -3.0557058972712214, 3.4994508108092592, -1.1777294573311439, 3.3233071003953705, 2.783625083647318, 0.6907651048705956, -1.7211466080677842, -0.5432603084806874, 1.9406164560686188, -3.9418344870878186, -1.398953515350337, -0.7323893548129145]",1.3888888888888888
2,"[1.3077414269416168, 1.9656330328724427, 1.8928184423936623, -1.0580556479424157, -1.2659144568928027, 3.6041336358981653, -0.15278701606110967, 2.7925846695818994, 0.17938650464108363, -1.0977709991605646, -3.9089485811808475, 3.7989143605557496, -1.373612597222973, -1.0802564963399288, -0.5431133620308195, 0.5334322235587665, -1.0223766963527152, -4.071527424804798, -1.5803051279479852, 2.409561201764653, -2.9310871794207567, 0.21825378530474304, 1.5060469942538977, -2.4438651429007483, -1.5592397115520047, -2.08386946675604, 0.35036229820463916, 0.6874077373354606, 1.9886906953127526, -0.7468303924718219, -4.238857807643833, -1.7912050710010852, 0.04332564491838664, -1.782952078096717, -0.24243106394385247, 0.7850972835678105, -0.4516783642796602, -0.24858058176045789, 0.11134978692205644, 1.12982459026852, 3.5306358299781544, -2.775584094766737, -1.9131490187877924, 0.33827315256627544, -0.4915888245758402, -1.065445460063565, 2.455015388838696, -3.5934083425236616, 2.123041403046422, 3.1317129719115133, 1.4020661149500002, -3.8369711183824404, -3.562070603686043, 3.537884359343543, -2.192362364180856, -0.4963299149886038, 3.0136809073198054, 1.1234422738742689, -1.6116106882122674, -0.22413676943978256, -0.5783401761623661, -1.7202969448049974, -0.8079291285727274, -1.2366331835925415]",1.3888888888888888
2,"[2.0479431058249435, 3.7080342631615255, -0.04941958877665453, -2.529554959703387, -1.746510425279887, 3.3732234907463576, 0.36574347881582536, 4.623945009074974, -0.3067602662534785, -2.712839650283142, -1.8274603732301955, 3.8320055180037564, 3.4432386927575136, -3.704422136439104, 1.7101866022592578, -0.6328894977033948, -0.5802427617816601, -4.141346435577215, -0.42803664114317463, 0.6682231044832698, -2.491713350214005, 2.053699048814351, 0.2728988413544756, -2.326628921313863, -1.8658276249740742, -0.9047560846034473, 0.20668153655626553, 2.495831057235401, 1.9881772782590272, 1.4834471412697678, -3.7274470517411977, 1.590174161252025, -0.7330852984355737, -0.729359387721704, -0.9456243328362421, 1.5439090846171977, -0.8266800298171278, -0.20531323379536387, -1.0793648194706797, -1.8149654410445561, 3.779843597334817, -2.178600582375415, 3.368283144786245, 0.9943436612909959, -0.6882620388403067, -4.459338582568056, 3.0565986604128894, -3.0967651946380483, 1.8369533853664324, 2.0036493246040195, 1.9791119313136571, -2.669291224231613, -2.5386147298081276, 3.90886283364531, -2.7395328641887704, 2.1797868759176775, 2.609110508174516, 2.6267459370334088, -1.2636634973370564, -0.016080462695972075, 0.6923162645513168, -1.4789411694777137, -1.8976722881502006, 0.2512893131717755]",1.3888888888888888
2,"[4.122512800886362, 1.2374908548306682, -0.6547943793561746, 0.9152772479936029, -0.9961701617679437, 1.8409156507281559, 0.5756341078049898, 4.2870194957645165, 2.1530395271766283, 0.7485810898769418, -4.266886510270321, 3.736794080826968, 0.35024988287756165, -2.8589176712926703, 1.474616994607205, 1.855706978035061, -1.0334295312133988, -1.502364480132927, -1.967864521478651, 1.7037337275963897, -3.106859500604256, 3.99000212033122, 1.59282131329553, -1.2442550263334522, -0.9341776158868529, 2.1089391202306427, 0.3858144745862581, 4.155873002799321, 1.4401549317972528, 3.7774612021932037, -2.8652123394223405, -0.6361734958204323, 0.43399918216164546, -1.8961021440619095, 1.8011166419000508, 2.9024117471004542, -0.8809661572477878, -0.6833439881642016, 2.421173061970425, 0.2731618546061818, 3.837537470854262, -3.3079047610207906, -0.7008494415554498, -1.1060146935865285, -3.4315051470757454, -4.170245917521887, 2.3065219215689248, -1.532943885093945, 0.704498985926473, 2.8366010429014357, 2.7730565357294368, -2.67214600108196, -3.7626935415676064, 4.0631959424615385, 0.5401334254090255, 3.208169328546479, 3.5853982854229445, -0.6827733560912974, -3.3486698583146537, -0.8929879958737211, 0.13462577447997132, -3.982447700367935, -2.3310303360206053, -2.6440885569850052]",1.3888888888888888
2,"[2.38406779341772, 1.2882797692377896, -2.7440970739743102, 1.2457813005623033, 1.4116881236937748, 4.136037074397585, 0.26017249189600156, 2.245072793961918, 3.0241970055706453, 0.20362302849419023, -3.7760555298012974, 2.957662845801559, 0.4096234092239242, -3.443616240039917, 1.0543839341906267, 1.8471987765104285, -0.9786189931498571, -2.9615896888995685, -2.045660569098497, 1.6644331302256588, -2.0495511976665863, 4.240406659599976, 1.9250388344505833, -1.4293367234697598, -1.194020851176087, 2.638694410876603, 0.3742016186391197, 3.331875119830701, 2.400128210470871, -0.22347210999015288, -3.727195297173516, -0.6035294132913703, 0.6708581693423188, -1.0866757043593491, 1.0655295085248067, 2.298761672864073, -1.8680919669937817, 1.9842910104531795, 2.323057729963785, -1.580057898926838, 4.019740153032344, -0.6917666139459313, 0.2137547612256414, -0.6033907105220615, -3.4313771977584238, -3.8504663622201205, 1.8571664017270746, -3.4085038907661165, -0.4300816564053518, 1.904288402451027, 0.9250394050843251, -3.9754475344169484, -3.3748118994752545, 4.416478231096515, 0.3569220921727367, 1.013653148895556, 3.5646352849472054, 0.9074196667473453, -1.4746126219862328, -0.7183816340524755, 0.06682891502058035, -2.14405378795268, -2.4173806354849767, 0.4227333543112741]",1.3888888888888888
2,"[0.15067578099988288, 1.2667972226177189, -0.6973626483218327, -1.5684812448757315, -1.8807938437149132, 3.5390811914177016, 1.1775437049505812, 3.716873598759621, 1.7869721194799097, -2.7430156694359784, -2.2252316953117193, 3.720104305428661, 0.2268388912579813, -3.6992622866989944, 1.4644355933527051, 1.1313749196731324, -1.1696845874714508, -0.65543406420949, -1.60501277864481, 1.6486958492919153, -2.959033554659982, 3.4852397510854516, 2.3844905955004787, -2.2704085886177143, -2.1846661042304754, 2.4816920783439738, 0.4726042544159039, 1.9382530357073628, 1.7472074354494318, 3.691024451579137, -3.4968973927664804, -0.1810524201563266, -0.751467519770886, -0.9865934896367384, 1.1054809780640276, 2.833026754682797, -1.3853757952747376, 1.9529473536492437, 3.9287410406953036, -3.4715347171999644, 3.8417621524887697, -2.226115052224399, -1.195391972153692, -0.6252031416617406, -3.3668601220443843, -1.6782840570019077, 3.129922326045922, -2.6870550051127, 2.624589727600285, 3.386934007703074, 3.5580181337738113, -3.2666989396887973, -2.26388785035034, 4.068540232799226, 0.021680317176957703, 0.6462913186390102, 3.6011020851851145, 2.1003955038257365, -3.1524581197428416, -0.20951734167873803, -0.6596059851734297, -3.7994903062581105, -2.5046245985655524, -1.4570198010055502]",1.3888888888888888
2,"[2.2308837134927892, 0.9571707323716651, -1.136044677319497, 0.5734539474134406, -0.6854212225690506, 2.519333359937174, -0.9798413434967261, 4.1513735186086285, 2.9131544779984937, 0.6633901187837361, -3.029743237127169, 1.8844606496155316, -0.6285526665679522, -3.6894031751894585, 1.689633981949709, 2.1903425005348782, -0.0311645865268817, -2.2449843956676054, -2.4207464419036837, 2.7090261676637493, -2.3484601814061263, 3.4154571847082633, 1.8404598448772718, 0.12024581797245282, -0.5183908892107191, 1.984929413218648, 0.46691189036406855, 4.018005171178366, 1.7254379205894683, 0.581396899231224, -2.9166485742936166, -2.055750845451261, -1.3286484883541747, -2.0654180459379523, -1.19461925546343, 2.916193989785104, -0.7635404473540435, 2.922494708028696, 2.4545120793025874, -1.8326339212300868, 2.4911096222901787, -2.3940524053526855, -0.44971729375959946, 1.2338110240885147, -3.1548198509615486, -3.5560010174862984, 2.819508327837071, -3.325645993361749, 1.9514312126940978, 3.3239108277885343, 0.6024656620389057, -3.9831422558451792, -3.6476105728160504, 2.491871532342614, -1.1601610328183956, 3.33947468239921, 3.127752359775739, 0.8225349826359319, -3.0908998318878256, 0.5333396927471705, 1.2200741438349278, -1.7036732149694949, -2.530525729208365, -1.5857001906672075]",1.3888888888888888
2,"[1.7880693461988577, 1.4415019448474304, -0.12655588095041004, 0.898810485157005, -1.427822769935332, 1.13754010130384, 1.4762239792127747, 4.503453164836739, 1.0906124934516925, -1.446067013488923, -4.181202138688019, 3.352855297593064, 0.7596486434137213, -3.0559314561749114, 3.107755097715519, 0.283562519435657, -0.7973865334842813, -3.1831032462386086, -3.582694464553034, 2.5266357455880737, -1.5886413177227423, 4.103279333905754, 3.308480039160824, -1.0027538688542474, -2.5759749029972, 2.628815245084217, 0.37284509787666525, 4.186740206475841, 2.0260357309238373, 2.7919204172388468, -4.202981060580034, -1.922079678242209, 0.700739239653948, -1.6855824740838865, -0.5992020747336062, 2.710441041553552, 0.4723713504321693, 1.3891681424449462, 2.6672531357623046, -1.1632454837295474, 3.11207899726151, -2.5386018881934227, 1.4403469704148912, -0.05311054810151894, -3.4298377229129673, -3.043331933872512, 2.822108772445198, -2.7466293707918705, 1.1288202932413665, 1.1588540349036207, 1.5328484310027313, -1.814351793869969, -2.5727642965319797, 4.375522593960578, -0.4557855917296179, 1.0240705420469502, 3.426302376360217, 1.2697950690325854, -2.3828933232056415, -1.57484803789222, -0.5025710262836165, -1.8817028830786473, -3.3757116048172433, -1.4633196155784898]",1.3888888888888888
2,"[1.5570657863933528, 0.8411350407774535, 1.1244337822077544, 0.7142326968485379, -0.05866621016679208, 1.481323605584946, 0.19068840591412872, 3.5971270888080227, 2.219457488006943, 0.11498802282749176, -3.694160232642367, 2.6714165787682944, 0.20139425189411062, -3.196304565824332, 0.6619168565166071, 2.454572088673689, -1.0462922806250483, -0.48630443999414097, -2.103102481696332, 1.9993871632838291, -2.4549957473766026, 3.116507634770189, 1.4657488509327394, -2.391566380265658, 0.8745366480621655, 2.519288892824214, 0.43347623140685354, 4.056132808198762, 1.7639183849706974, -0.04903323601344889, -2.596383676816454, -2.065186001415296, 2.3784851184448392, -0.8381270512407185, -0.2290537437769583, 2.9655149887749226, -2.8488711822481374, 0.4487214429780747, 3.5922109906382786, -1.9811542251324799, 3.0347006177246065, -4.175765961142115, 1.6423770973473322, -0.8765854271307039, -3.195174595936445, -3.560227619519895, 2.226829515665754, -2.004598068249815, 0.9952601396774476, 3.097077480940996, 3.1330560769051123, -1.9786702037903923, -2.045104435649323, 3.1866785103885644, 0.4721080934712939, 2.22445395528735, 2.964520000245022, 0.46890424080506454, 0.13154248892955112, 0.4684796822121845, 1.1845951336467428, -2.826557549473381, -2.949993004742149, -1.7562203583577491]",1.3888888888888888
2,"[1.4666290606794417, 1.0043254327407587, -0.585173204759561, 1.5766034027991154, -0.6471898938459804, 4.083352241758243, -2.0940235641075753, 3.4371550913356366, -1.9696440523546386, 0.05964598971292814, -4.045716847417184, 1.5545658846087325, 0.2600596046753877, -2.4097417631238978, 0.776844271340678, 2.2902640375503904, -0.11240227946380466, -3.633326305164445, -1.5064513479084374, 2.2080802216522457, -1.4965507235274194, 3.2878503623068145, 2.283532774499008, -3.6724206435809226, -2.2294365830097522, 1.629986305003417, 0.4869255034726545, 4.1978101742879295, 1.429704583900755, 1.9219082292814678, -3.5558870571296852, -0.6262678991595977, 0.009105251703863892, -2.7364168253035723, 0.9798248050755407, -0.3230772053622082, -0.6525642445896078, 1.301548904872329, 3.0929444397687083, 2.110242568712624, 2.341247054567215, -4.044577913193912, 2.1115950298371944, -2.8922560253088703, -2.2120436876373812, -0.9246470432507305, 3.1121534793908854, -0.640477594320072, 0.4357161731225019, 0.4557944221669554, 1.3191013169695378, -2.590143638308722, -3.5063022491479257, 4.268056805970142, -2.6864827711540396, 0.8952939899121065, 2.8321190813444566, 0.48005011766207367, -2.1237190163316266, -1.7951732318615203, -1.875837737086322, -2.1091121111774456, -3.386218249611769, -1.308441155119829]",1.3888888888888888
2,"[0.9587645185209863, 1.5570304615718158, 1.9323521011722957, -2.3667215559781534, -1.4718978846140611, 4.101066636839369, -0.8487946202855948, 2.952818427199775, 3.1064573870505363, -3.127071597387246, -4.242503220297988, 3.7353680562296874, 0.9793784703671196, -2.6378739234010715, 2.361679868794186, 2.003014617170522, 0.5918536517227277, -3.457537695359105, -2.3714556019229454, 1.2913313797131913, -3.0686216516264375, 2.4678298069629907, 2.046298740869279, -0.7307747298300421, -2.444122764860281, 0.4750337801437866, 0.7420702790886939, 1.1480762105980538, 3.383561174602975, 0.8982732457786067, -4.259488445987855, -0.6866157951464346, 1.3208307404507815, -1.123170860136867, 0.8582993558939432, 0.9795704579138473, -0.04273928053208566, -0.13561035873886734, -1.0925695310850214, 0.7880890091018526, 1.1557254811748436, -0.6134738151295385, 0.6203099318920571, -2.6526360538121336, -2.964497210184626, -2.857689960027328, 3.1320646622146335, -3.5586433409947515, 1.3668076708407486, 2.958928833989124, 3.482216338331821, -2.583756426479601, -1.3068027522497678, 3.6605504444693904, -2.1562252038665286, 0.877678541572859, 1.155258419824646, 2.644207050617853, -1.9476869469246365, -1.1808529389088802, 1.4159392834805513, -1.029002740637233, -1.144249001671844, -0.121701954430941]",1.15625
2,"[1.3390033379379167, 1.7475529238093874, -0.8180437531579543, -1.3580109302962287, -1.9421320036486407, 2.112893765478319, 0.2521289252327652, 3.761861659588026, -0.48447538376537524, -0.7656092534980166, -3.073694072625546, 3.604224754705855, 0.2754892951116957, -3.4964084692135042, 2.0687641158932784, 2.335520314550974, 0.43080592712430954, -3.233407773015657, -0.9077948619256537, 3.2211148232635765, -1.6312653134279642, 3.710282128207599, 2.5159732146628593, -0.8867068209991414, -1.77132316777668, 2.430416623224099, 0.8136547331325845, 3.6824346949050977, 3.537100471647679, 1.0184126369232853, -4.235522176880775, -1.5917092134402222, 0.28296439304187954, -0.4717405320149881, -0.3626714953219687, 2.53575605229613, -0.8250019305604572, -0.40593489647570913, 1.9580706523843334, -1.200159906829121, 3.2252409104092674, -1.7312136129602926, 0.44512298788836824, -0.6727295709876687, -2.8958090831463963, -3.7489414404431374, 2.335166393766604, -0.981267308817356, 1.81249232435425, 0.8065688852916111, 2.2621337041478196, -3.9713243744948308, -0.6219233966643707, 4.113580184036434, 0.24122194940847774, 3.4573058913936454, 2.9874403058327816, 1.4050571928662374, -2.8912122669515883, -1.4451557838443336, 0.12281754833019431, -3.0306511677659547, -2.6611145666463996, -1.9024311266728708]",1.15625
2,"[1.93058383718622, 2.4082289660688523, 1.0489621960495836, 3.6117351798583903, -1.3658044294095146, 2.2082912960554193, 1.1105684960743782, 3.4737134093550743, 2.5426001729275916, -0.5733715361944638, -1.9215612004499367, 2.0503616024495974, 0.3468409388002133, -3.5801055057137967, 1.2544896198709339, 1.0732606645792622, 0.5333140884958202, -1.3786495459963974, -3.4465155373009893, 1.2278254390034926, -2.2181796929946676, 4.285090445478648, 3.3069239451412624, -2.9315020945725703, -1.569922523867768, 1.0533549534879876, 0.9180806437324032, 3.0666353286413877, 2.32975048786222, 2.941764128853091, -3.9809041305225374, -2.0567158102504597, 2.306978065076935, 0.07269020831675099, -0.9828864152848696, 2.563073486970594, -0.10925285914711642, 2.1842882019064125, 0.7898212864354337, -2.3198805024713596, 2.895458635449097, -3.3854972764977176, 2.542677194430414, -1.9756422440715917, -3.0657139160668105, -2.9109414691238342, 3.117223356089588, -2.521010946240361, -0.6605759319637361, 1.4376340624199155, 3.216537191917546, -3.970179163943297, -1.3349112930386229, 2.957870832957857, -0.2167449478950481, 2.564015586407998, 3.571205435848339, 2.510851606524939, -3.0832952511345275, -0.4959613484930437, -0.8449154603842896, -3.1279395138563153, -3.9675703006919796, -2.738119666871274]",1.15625
2,"[2.8847413837578246, 0.13440940530856293, -0.006489040935593899, -1.186574450592546, 1.8410402217707866, 3.0026093607505056, 3.6698954092959744, -0.8164985519373704, 1.1988467685105184, -3.0848597145195535, -1.6701592504848908, 3.4880693519735497, 0.9275406748540655, -3.1168493889919846, 2.1329037494112093, 1.9330815718236598, 0.5163743931253721, -0.37932943616585035, -2.733816257272497, 2.9567850388865615, -2.0257584612254433, -2.7968207234716402, 1.1910399957275435, -1.4614328337246096, -2.4306520012009005, 0.7528456659959237, 0.6529378451193186, 3.4283821914383434, -0.0389714272031485, 0.4967305340333419, -2.6756556426980693, -0.11918022364400467, -0.17419927768654753, -1.5619000734679458, 1.127511882107311, 1.1264045391976425, -1.083173978020879, 1.6882793647953038, 3.4152468089742936, -0.9574163227230605, 0.7070407874757219, 1.3780820388640178, -0.5289939984761824, -1.3775291956849374, -1.712349043543731, -2.9136898026267395, 0.27575514098552834, -3.520793299003235, 1.783463249007257, 3.256723895573338, 3.3175350169322204, -2.3003373392374242, -3.449658762481264, 4.462855508037807, -1.2201507475690314, 2.9441610249742394, 3.1509351739875244, 2.3857412538789493, -2.0204262975646854, -0.2971482127661733, 2.395383067891877, -2.282714287992019, -3.9269119918219264, 3.1011435053149103]",1.1538461538461535
2,"[3.5957293968683697, 0.18831445441959715, 1.383297080567772, -2.827800563165792, -1.5824228319934304, 1.9027274469150763, 0.9617190263176746, 1.5728869518774693, 2.512886412720882, -2.43356958912812, -1.9818041577764265, 3.536084678086204, 0.2730901996598905, -3.638836220667373, -0.028610061335029968, 2.319119267541307, -1.0062224512716336, -4.064966896745443, -1.9423273632132958, 2.3280558361273984, -1.4820932610958877, -0.06324149453203942, 0.4717581852648258, -2.4347820178906954, -0.9899702498374143, -1.2100365817389342, 0.9654560756273571, 3.328108009331585, 2.244804502345957, 2.1954686054838706, -4.269521735902842, -1.6348757940977041, 2.3678463209791287, -1.9554116080606234, -1.1510010229764223, 0.20326634936345933, -0.8872204186791377, -1.0849880859851848, 1.151460623507755, 1.8204294209040657, 0.3052551627997473, -1.722440573756222, -1.4617637811538937, -2.2458169776994907, -3.3445459562453252, -2.8146078372438916, 1.4111712169040944, -2.389465487909508, 2.5108840347598345, 2.76309401915629, 1.660375684735623, -3.3256037076874616, -0.9479855493770528, 3.141507714877913, -2.728237948499378, 2.064887492385583, 3.588440534018542, 2.6213656933858607, -1.4545520806938081, -0.03988199057068398, 2.7793589444550775, -2.3227886174519203, -2.3128840921388774, -0.7670455294629923]",1.1538461538461535
2,"[4.116589746457849, 1.0901325541439109, 0.45643274199639555, -2.110834298214796, -0.8882319623552751, 3.1653959987456353, -0.33582253423666486, 1.403849183159604, 2.2119532281372503, -2.320787480056992, -2.343115808077333, 2.5526065105716604, -1.215185448771541, -0.5306000726700764, 1.1915897123168486, 2.214977616055286, -0.9486016006378957, -3.3533328334686985, -2.8278993909196037, 2.9838571301947354, -2.8372533731327194, 1.608092932210911, 0.5424910708761915, 0.6339730680855337, -2.415086451457835, -2.3509857447629843, 0.9269501892102538, 1.003668671906417, 3.566642294466818, 1.2521182129202924, -2.543766327282147, 0.6429453385161881, -1.7163734886668862, -0.8322014761350798, -0.027656971676257913, 2.1795568836431123, -1.8273453719410595, -1.8195388113367006, -2.029065527280464, 0.46605213863988637, -0.8230472685043146, -0.03684485456091008, 0.4503601083321257, -1.7388157921652114, -2.9697214363537547, -3.1290784187526794, 2.195499799346043, -2.2548730573763, 1.9869481764812966, 3.577141066037324, 1.2872738752038753, -3.6865135469170554, -1.4146129067339432, 2.7264310228870894, -2.282081646604689, 3.442466615012873, 2.6435035105139137, 2.116843616748234, -2.6050222173872557, -0.24547803766458454, 1.6112287544685302, -2.0006090628251147, -2.6458696036338245, 0.2582151808861023]",1.1538461538461535
2,"[1.7377920370666784, 3.8439166600461525, 1.0904171744882818, 1.1573503914767032, 0.2513014344083695, 1.6931037541353424, 0.716417795408449, 2.3011261451955565, 1.9677462742297922, 0.8466982555785061, -3.945410347372311, 3.8579437097848763, 2.3868021493395584, -3.5509186942303574, 2.2809874287490786, 0.8895584491624524, -0.9302268472051121, -1.022247136336557, -1.9225568619932258, 0.41365199793088636, -2.3070677049281914, 1.400435150291469, -0.7425660172718529, -0.15543110553274309, -0.3609226205440692, 1.462209216456439, 0.8989409769119074, 2.951934407664283, 1.453474004213756, -0.0200211237737955, -3.7516923102403528, 0.665545360595647, 1.0905377425740355, -0.15692190373635873, -0.023691476760183905, 1.8108280215796113, -0.006313114560676625, 1.4760098456014772, 2.585639483002573, -1.8888125475679058, 2.4095076147274, -3.811217697812201, 2.155778977055455, -2.284515583725599, -3.353153147255747, -3.5061430539521687, 2.929783151923213, -3.5107833839073006, 2.5457114383423303, 2.6079514191576454, 2.4348096239149633, -3.9608458600263443, -1.2938149942993296, 4.1016834530049255, 0.4071386029858859, 1.2377080598553993, 3.577965798445771, 0.9991929810469281, -2.1849496640193, -1.55149361481299, -0.0754695160217328, -3.3397247095161253, -1.0875205414383817, -2.5283127301540325]",1.1538461538461535
2,"[1.3145301195119221, 0.713619864310921, 2.9474499902297335, 0.7692719880723905, -1.0153762573418765, 2.46675108169534, 2.666168623357097, 2.8969009721297847, 1.7283281218774158, 0.3380710569682088, -0.771092570712351, 3.604993231949931, -0.9048258620298459, -2.6931867118372583, 0.03918655442678909, 2.4574203344384133, -0.9591870968151239, -3.8079569921055034, -0.5875913015430139, 3.414915984368327, -2.177908194887122, 2.300098019839653, 1.0849838629975364, -1.2001143843919801, -2.0117652694430532, 2.8646041172178096, 1.0091179660743852, 1.7735828762229096, 1.1916681756210714, 2.9823307659161724, -4.259927154717855, -2.9407560996087723, -0.7379575090333987, -2.345574853834511, 0.8009401476831203, 1.1164104221594928, -0.8039259177381592, 0.6187436716385744, 3.9417722474490238, -3.0766929352617933, 0.3619779591342298, -3.7334168976216136, 0.5969936296218138, -0.9399821194305674, -2.9076494380601225, -1.8524267754091577, 2.3570400661366846, -2.287743583030354, 2.0552037830583467, -0.00724325130650727, 3.3168619344112553, -3.8516058554009094, -2.6099475571258233, 4.1191388480043765, -0.5990097504820955, 0.4145732436573133, 3.600227966629486, 1.1207441260350604, -3.0295795027496766, -0.11368661836843297, -0.2981823769601454, -2.7504804815764943, -3.462583004070599, -2.6984843820124613]",1.1538461538461535
2,"[0.6005590458267895, 0.09561521616501933, -0.2359004899585893, 1.3596542002078562, 0.6317087159647067, 1.6876329529492888, -1.871287287737871, 4.159512742699042, -0.9441975439138891, -1.8832110957122883, -3.994910445167223, -0.5936464703032265, 1.7615971670684032, -2.3031251445238548, -1.1771666593861139, 1.5161800902832965, -0.8890739917051405, -3.6935001054785395, -1.4671880957577381, 2.5246054692910853, -2.734671933733627, 2.627824771707817, 2.897165610909077, -1.4402664434142594, 0.10669901059130504, 2.8120601384265123, 0.9399184119552069, 2.1102519818824588, 3.402878160690013, 0.24339862036516766, -1.7330163164841075, 1.1823500842937102, 0.4108803223235078, -1.159548078696655, 1.2256908855674997, 2.567449214405268, -1.0562544522202186, 0.6588784934442606, 1.2899453605347495, 1.543179416054512, 3.259680659627226, -3.227979188620165, 1.567955972053311, -1.9871406048210694, -2.871952668122317, -2.021742671647883, 2.159218618556826, -0.6073504593961656, 0.43661871388887796, 0.9922996055798294, 1.6328019414916577, -2.570764927301198, -3.1319964132163256, 3.677858804752077, -2.743489954876381, 0.9982870598638192, 2.827597480144761, -0.10168670750760733, -3.470612735458073, -1.5343251213215918, -0.20360399561032133, -1.9315635699583327, -2.703663794625495, 0.06079551471090294]",1.1538461538461535
2,"[1.5828518114532901, 1.2710495862001048, 0.4210525736411794, 1.1905955074809722, -1.4394932697982927, 3.3373966844156624, 1.4578144848606365, 3.530292218527464, 1.9312069263520364, -1.334714266198477, -3.204310427204107, 2.442259982571062, 1.1303610114995828, -2.626869062695121, 0.34189186936148486, 1.2598470137974394, 0.9452698603083647, -0.8673847737863729, -2.994330776638316, 1.5508860428861244, -1.6743743584250668, 4.278084767930126, 3.3159646856045075, -1.612435190974078, -1.9326888111262681, 2.841381802779347, 0.7575762222636259, 3.7943231047745622, 3.494762615238434, 0.5254872360056678, -3.852075442710017, -1.5810352845209867, 0.7191947911400693, -0.7328388567768794, 0.4797156585844399, 2.5726935154176926, -0.9286712725318099, 0.9986764707123668, 1.6176688947163127, 0.27151726910104546, 2.96769005065546, -4.171715065250893, 1.2095448526717274, -0.9536301660851663, -3.4171176539766996, -3.067069395661567, 2.725990252714874, -3.5795143026624756, 2.14481549227874, 1.7164089187822678, 3.3566639349706486, -2.4854895359476865, -2.8295157513896307, 4.462847526361419, -0.13968188169356743, 2.541643278581512, 3.304663802551272, 1.936756637519161, -3.1702933615410163, 0.1323386596693209, 0.41185406778165595, -2.284164525562905, -3.815761244413912, -2.696980677412423]",1.0344827586206895
2,"[1.5929185017810774, 2.4055817320783026, 3.3414482439217705, -2.402371806835043, 0.8556056918506103, 2.9917083783590304, -1.2782080670398894, 2.0390946461402923, 0.9301892951720532, -3.1788812758556833, -3.8588348453413985, 3.1133547963332484, 2.715156992337996, -2.9879693381353323, 3.6137793728084846, 2.4460914998324306, 0.8229289941199711, -3.6417261203413798, 1.116649363906772, 2.569987859382463, -2.5474171772429153, 0.9629081484554607, 2.5509203346239566, -0.7807574479810068, -2.809033186985894, -0.024225852136526616, 0.6550828959265473, 2.4703226490529255, -0.2652015357083304, 1.8531375530482523, -3.4226765290839767, -0.16908230282846715, 1.2988757900204235, -2.298856022736545, -1.8076546623011231, 1.07863891838094, 0.6614876116065056, 0.35084220190675786, 0.2129747190324256, -1.9009460324340106, 3.613203138436099, -1.5347509305303069, 0.42022725451324217, -1.858526317740578, -2.897613803378624, -3.2784943386437524, 3.0470831861785697, -3.5462450437021142, -1.2321078885868273, 2.60012034286194, 3.5692310408936603, -3.982021634331527, -1.2924679713497518, 4.391092323426467, -2.513888898256911, 2.5982051170434293, 3.5980011003011674, 2.2004496086357648, -1.6080775073999987, 0.6558689199864483, 1.464313752754716, -1.2253491841799207, -1.7432897423128646, 0.18517735636705937]",1.0333333333333334
2,"[2.983086210517336, 2.000944264788185, -0.6014720937349856, 0.45670245544699317, -0.030430148832824577, 4.001127460653481, 0.7895319227347762, 2.8516127605142865, 2.3182195855287855, -2.7536444511038445, -4.293740414153893, 1.9705303033642039, -0.4709670543199628, -3.432217118286169, 3.0597949434506755, 2.155610736707438, 0.9478944006702228, -2.251488863746135, -1.4757772402331395, 3.015791869947765, -3.0592518463902634, 0.6997165168722068, 0.9813971067923026, 0.9621641441300848, -1.7761961470365197, -0.5695812452858884, 0.5809604932167054, 3.5217724449143697, 1.9473563727856398, 0.5299077812957267, -3.3781994188849924, -1.2333259366550333, 0.5962160211650607, 0.5256553549122924, 1.3056334796129907, 1.2558222774416516, -1.5232144610973704, 0.14082675197283492, -0.43501549698303893, 2.0268679819827113, 2.9647879396658827, 0.08310651019426835, 0.5311506176668986, 1.3801458537607496, 0.22829051674358647, -3.308797853147037, 3.044578430316213, -2.782929322967682, 1.778064756718415, 3.4864688804134376, 1.0791762887364977, -3.3574612887388007, -3.0941926679315572, 4.025464663777578, -2.522514073906542, 2.6130994642359937, 1.9003195422675359, 1.8494196472343973, -1.91108574340434, 0.6202629485758883, 1.5817743531537831, -1.50501275544294, -2.5162521627584566, 0.35484194833367316]",1.0208333333333333
2,"[1.1982959419150934, 0.5426607138442009, 0.8265003039190912, 1.978163119535914, -2.9300846741486586, 2.4532249955872185, 0.8605022291166412, 3.330128177693821, 1.8684331686212243, -0.10817223880441318, -2.5845572190440556, 2.970143249698794, 0.7742673321660279, -2.672731455446371, 0.8963829342296065, 2.4574755195094995, 0.9435195487722443, -1.409035062578796, -3.7383064997598026, 0.8997272819580566, -1.8743810024628917, 3.4700878226755347, 1.6052369967994968, -1.9752157602249025, -1.688167371288561, 2.4683834764509633, 0.7227623896562582, 3.6914935017302812, 0.37913797322166753, 0.10380515535326795, -4.185833717176046, -2.151218927762268, 1.4190222814755178, -0.7577168016002714, 1.7432626425437887, 2.776398875220579, -0.5344690525760407, 0.8790484695023179, 0.9742634331243847, -2.265167053850952, 3.135273442881218, -3.8182190854407825, 1.691483524218054, 0.6685819121951534, -3.4380191991079037, -1.240606414183149, 2.7499509540729323, -1.5690550967042698, 2.248471639899095, 2.8925057082223162, 3.5108444399832117, -2.934668803340615, -0.16422723401739958, 2.869671127832205, 0.11770049329798701, 1.7205090702091925, 3.367894639268624, 1.4263147903983706, -1.3446572933625358, -2.359164694424997, 1.5289990282465489, -3.5257347992633026, -3.859417551299365, -1.8390646040139027]",1.0196078431372548
2,"[2.0985030468917345, -1.0787111846545412, 0.615962265099024, 0.8422838684049433, -1.0604129443911834, 2.5196423488930337, -0.6610082690212407, 4.360846589291897, -0.9133794084974314, -0.16193486694602138, -3.9202087489061146, 0.5349052293105596, 0.808903048186423, -3.214360914427694, -0.5501791839823891, 2.4199539596080704, 0.9268557465198264, -4.18960637441216, -0.3983892014224632, 1.9038879466838052, -2.311117047897797, 4.064623691081005, 2.293909871565711, -2.579210188526569, -0.35900007754096697, 1.2313449935131835, 0.7166738322744294, 1.5091059073501774, 2.4685633123167525, -0.553834612910174, -3.992283400373153, 0.23526302917161163, -0.794892736894816, -2.971678879016939, 0.6187731305240881, 0.5979002421743561, -0.6463850049429908, 1.8831257346593167, 1.1698708042047385, -0.7304248933945687, 4.048112262851886, -0.10274728679099443, 1.7820709997811448, -2.213394108150871, -2.999581185306015, 0.08596001664547814, 3.0872387456857857, -1.4839490274716058, 0.6122350934159413, 1.6887323850583087, 0.6252508516825834, -2.40625255276688, -1.4162880900599353, 2.4512364355107055, -2.175609352557824, 0.48364277178732296, 2.9988184064928047, -2.095301160266158, -3.2394955488177537, -2.9656688552900397, -1.1640584417287694, -3.678160707444711, -3.203841031133045, -1.160268119624158]",1.0196078431372548
2,"[2.565269945466862, 0.5799412363402108, 1.2577070621500672, 0.9989913805238761, -0.1697393455029258, 1.7728291867984802, -0.0658505380988269, 3.750300280196762, 1.8541727227616702, -1.3448586777363105, -3.177787293391764, 3.5393743386761187, -0.9186303343531843, -3.724425226747077, 3.65926115269213, 2.0857070623670766, 0.9678090547912952, -2.296629142583157, -3.410603305043024, 1.1387270237656542, -2.258981518897352, 2.752682824663755, 2.706115220807588, -1.2846366177482036, -2.322602448353864, 2.4617882356078113, 0.8245683011986098, 4.188771256713575, 1.9004119364216163, 0.6648416583133137, -4.270436358108431, -2.000524089983925, 1.7587560816322099, -1.4174199526531166, 1.7154903292233594, 2.449996300002778, -0.6374174699942041, 2.1337804868568915, 2.0198662753598065, -1.7081945942174972, 3.0170609543232114, -3.720851775170999, 3.4838192012351743, -1.424084048751875, -2.721008641749851, -1.294088747628285, 2.7420784329503487, -2.0539714609442514, 1.6066625845217826, 1.5747275659987074, 1.852631363844694, -2.9274828198475604, -0.13028910853935805, 4.091997125580199, 0.83367164868009, 2.1006829915268703, 3.309641923472766, 1.681932013655595, -3.3051734921927, -0.3681022285178678, 1.0506000941157643, -1.8194110657799785, -3.111602709209232, -2.260960918377557]",1.0185185185185186
2,"[-0.3302624168312094, 0.6913624389162837, 0.6320594268277833, -0.6359813890865277, 0.15227099359459512, 3.4119983114260104, 0.5451544926269047, 3.752149500864602, -0.9927187706702693, -0.17585969608508184, -3.7419798620049143, 0.9933083145322036, -1.3979790011768662, -3.550877779416435, -0.29036775319917224, 1.8531462647344434, 0.9716734005603779, -2.1918914959168, 0.43743895762299023, 3.359225136662309, -0.8808918364465459, 1.7122589004841753, 2.250065619292296, -2.4507682731377405, -1.3719626506306244, 1.9913074090455143, 0.6957453716157462, 2.1489258636324875, 2.943784438317727, -1.8348568865684227, -3.6418615139315733, -1.3345614475088408, -1.2542746501422228, -1.8673313315511124, 0.8814379727843523, 0.7467183360668048, -0.83439063857437, 1.5536034859307288, 1.551363849145754, 0.4310612252225752, 2.085877684277705, -2.9734915011218885, 2.4123729307619115, -1.9643620279234875, -2.0036919604997507, 0.9672984618831649, 1.8914913370177535, -0.6135224915812794, -0.6478957318632715, 0.08230663964306706, 0.22977952150435277, -1.9599671298267574, -3.2618170409922493, 4.45176281937245, -1.4035765919413838, 0.8004293908049869, 2.963702361749854, -0.9568949080162046, -2.5195934883860276, -2.2459752271376763, 0.8838417004454875, -3.091364665751284, -3.620972439383161, -1.8522803294511927]",1.0178571428571428
2,"[2.922410091942477, 0.7374403635460147, -1.2029670399980588, -0.4302612266303673, -2.2074112689337655, 2.4428861332852922, 2.5470991869052564, 1.9566651272504698, 1.1436673155736046, -0.46420565773897854, -3.849249881121375, 3.02028312466315, -0.4815457402054437, -3.705833773783319, 1.6149090223978009, 2.257966710966376, 0.9831659210250165, -3.1657433675201005, -2.7521383858671444, 1.83455166181341, -2.98861994148987, 4.111701037475857, 1.5615339286583079, -2.6968970910019356, -2.694424796755899, 2.8188001167192267, 0.7595257285473551, 2.5224597345334536, 1.6737178700783886, 2.695185280114578, -2.2235242598488076, -0.9658277404136689, 1.8350109624615487, 0.484044946270503, 1.5705675232486291, 2.303498146062933, 0.38025434252561524, 1.0155799112990294, 3.923744619467274, 0.03641646348978789, 3.6636894426632227, -3.413664899564545, 1.9553249166433795, 0.9867509588720038, -2.254082437381302, -2.3006574444835497, 2.6563023465311626, -2.1633580751963124, 1.807810575649591, 2.8886992856574554, 1.3745481321705182, -2.096067804884178, -1.09253420319819, 4.380367873825116, -0.24241763579707576, 2.4879571463875005, 2.405852325038511, 1.1700312967097564, -2.613098263874009, -1.3816694799984917, 1.629103924183016, -2.029138922214682, -3.763535166684383, -2.169632722732092]",1.0151515151515151
2,"[2.2461000224561376, 0.3029309340595446, 1.7555066163545632, -0.010939681625663777, -1.5232543204750764, 2.557292222940287, 1.7663659544201675, 3.2612407120376625, 1.199294756065169, -3.2110015241522953, -3.342291457252669, 3.0689857390048307, 0.1892463458735634, -1.1347600548113088, 0.5316567966702175, 1.8386690277446602, 1.1093194483129667, -1.8532439095330653, -1.1132430163635114, 1.6468066412013247, -2.4583893244523534, 1.5700681424384275, 1.1780596849983218, -0.370393856648369, -0.9554670570000632, 0.22038457577049186, 0.7934880056306745, 3.3924106891451884, 3.336933351833518, 1.6796391844908065, -4.232469643819885, -0.9691812697669469, 0.7998506964794863, -1.970928360937362, -1.7920257174739054, 1.0740485596754143, -0.7355356970505578, 1.94323448921281, 0.06816638103353495, -0.08054160228164009, -0.3920733138336514, 0.023594241617068634, 3.1051874278376936, -0.35512427260718205, -1.0911869836874315, -0.9661932651856002, 3.1020709809151104, -2.588000278896585, 1.690116797722864, 3.442743276287629, 1.0748927336621648, -3.9321612636970746, -1.7628028051914528, 3.8980463000497902, -2.6995265338387266, 2.4888487869857174, 1.1691450305931947, 1.8318662508523151, -2.6473587100614107, 0.7770071940822078, 0.719040255858868, -0.008586204891249727, -2.318395723731307, -1.331967502651961]",1.0140845070422535
2,"[0.5563801945026823, 1.662761893192242, -1.3736740630567987, -1.2422837186085784, 2.3173234044143, 3.7983415336960213, 2.1608349113337386, 1.0660427520868896, -0.17066575871261613, -3.314356189083385, -2.4501817046454164, 3.8400382297053, -0.5595205220206336, -3.3421060411619146, 1.398783749336298, -1.3347262891648144, 3.1698453528747503, -4.224403637564167, -1.866284871342053, -0.3695973092223954, -1.4301660133679546, -3.2085380071164598, 1.7007777269842947, 0.030602360248119242, -2.8403555851973925, 2.595730371835532, 0.8629411482736402, 1.315513390103593, 2.8828680176837675, 0.09919649427684685, -3.97597515235936, -0.17039113453241334, -3.1581812941114613, -1.7598304244687824, 1.6962019501771195, -0.936990927414884, 1.3657899538051157, -1.5773790831629395, 2.3785748953254715, 0.18475970552958731, 2.0411905354208337, 0.5529861484227822, -2.510784893891049, 0.27001422527027036, -3.24367653484143, -2.9667260826226793, 1.5876997397086507, -3.6448263578916484, 2.0769914388516675, 0.8156090750055691, 3.532161768103421, -1.7987789129015967, -2.512826116113596, 4.37279812837326, -1.4868251158999644, 2.105294125664262, 3.5568199780592153, 2.63248446356677, 0.4790620483546798, -1.9274351110795696, 2.1558010658011053, -2.557378563757774, -1.7588924584170629, 2.1226890045337803]",1.0103092783505154
2,"[1.159551737565165, -2.2371483916187587, 0.6559238932231594, -1.4470722746480544, -0.7845795775305704, 2.612706027244833, -0.45984239067712, 1.3431847907028232, 0.323066038359791, 0.13706405607506902, -3.6559416192621823, -0.32404932539395803, -0.14906673133116993, -3.3611466489064723, -0.001167762057148719, 0.8072822200343533, 3.4950543567090016, -3.154288565552469, 0.5694325368652196, 3.3958278326703075, 0.23865594932719159, 0.5247776362806533, 2.390812081533786, 0.0885361712284849, -2.53213092452681, 1.4944047559868576, 0.9461876078051018, 3.7322564839439676, 3.3611440842607965, -1.4377342168936824, -3.2563533575117547, -0.11924132136127502, -1.7945190476611448, -2.7271644921109983, 1.588639671484993, 2.604010754856876, -1.2340793669308479, 2.85148236053747, 2.9081317628021024, -0.1835311144074161, 4.061707673989482, -3.4730934995510143, 2.4863756074838568, -0.872929870604932, -3.068806958405699, -2.167211142676914, 2.263654920328198, 1.9644950029218162, 1.788632350686862, -0.2661208902718002, -1.969106390502389, -3.66666772150647, -2.255793119015063, 2.740175618349478, -2.6169249408308572, -0.4350570880427529, 2.612383806185897, -0.04979775482712667, -0.7776056432173446, -2.8692959819222814, -0.7520832279957672, -3.692947673806743, -2.291788461045335, 0.7163217944677629]",1.0103092783505154
2,"[1.5418168799913805, -1.3561663078016863, -0.1651227704600508, -0.9564305628675247, -1.9555970672975223, 2.3566512395385413, 1.3267185065194878, 2.338053624789254, 0.1933631443507362, 1.047751499851337, -2.765448508551952, -0.4258919805226353, -0.5996431393543447, -3.726873465563715, 0.45771116081617524, 1.9157543630216463, 3.6706893846050717, -3.8510762282344326, -0.8651403124055537, 1.818093139548638, -3.1532412188318935, -0.3157652094387528, 1.804470278164854, -2.4146858932117317, -2.023265923116554, 2.835733657002082, 0.9685933230653319, 4.196267496909474, 3.568919211590883, 0.4814526152962447, -3.484534344335117, -0.7432646887507919, -3.269594971639015, -3.051390398460154, 1.1764404183534805, 2.3632200916377624, -0.40423706331293174, 2.2346813523588214, 4.048508122615842, 1.2863434176827782, 3.9846437941325004, -3.8993634847281062, -0.7155726432205749, -1.9225250580425874, -0.994237250697027, -1.5354610521504726, 2.7193453547207, -0.4141439751332745, 0.15404190778304194, 1.0777441992130548, 1.0371917547021885, -2.6629930448849786, -1.6773653901377954, 4.450871513268801, 0.18781471686285478, 0.4057624986849771, 1.1101062292006085, -1.8399311297002, -1.712301475824245, -2.988249920429266, 0.24067198326316297, -3.1856461304367407, -3.7493972333115004, -1.5883319446100006]",1.0103092783505154
2,"[-0.847639611427125, -2.415824771259959, 0.8507741915840504, 1.2664287060097186, 0.43942227677198953, 3.879887403465707, 1.0963637698210944, 2.8646929648637514, -1.4042448177804259, -0.723847345375066, -4.2950500719412785, 1.0100509550200654, -0.6609023588189756, -3.6897194273867817, -0.5097326560240502, 0.2534461687413938, 3.6468767508473254, -4.219134516318391, 0.9626106502981332, 2.8336937832875417, -2.98814645750984, 0.8509319806992843, 2.6698881087718145, -2.41392501096586, -1.6406970054468544, 2.830928940002773, 0.9265603917594564, 3.4828148643972816, 2.403694505054479, 0.7081005411311196, -2.8644895089842484, 2.0137222294409813, -1.1202618584676411, -1.6650578551386839, -0.8086557030163675, 1.984857070977845, 0.5625043343550794, 1.7303435758016406, 1.9095105448004661, 2.621002198088851, 3.9097567229563706, -3.4311154289395414, 2.9722438272224054, -0.15189121266388317, -1.3468392622357834, -2.3755777019664515, 2.8613050538876004, 2.2801016095419646, 0.8342470762631592, -0.4553204012834023, 1.6441547147051134, -3.2531240981243736, -1.3206109936625658, 4.236027453395474, -1.6791617503961822, 0.09582810875023184, 3.154919748097343, -2.1640255763384997, -0.7161140498349969, -3.0002524129046106, -0.07791799083718731, -1.7534522853973695, -1.82596094755848, -2.569897958820626]",1.0103092783505154
2,"[3.0092159990569174, -1.6570492630833424, -1.9943149727282106, 0.8100281209107753, -0.7812968993900761, 4.1270298942701595, 0.4542087186266649, 4.276380746881344, -0.6804189026899944, -0.30697754290470036, -4.296860636370112, 0.8019417492797993, -0.3961672826258989, -2.776039450552353, 2.5878528034005153, 2.4550042086755397, 3.879893200384287, -1.9958641013811438, -1.3131008509803845, 2.847701597986971, -2.582360551482552, 0.17669801829583684, 3.3164234715708862, -1.5367633751539587, -0.4051236770537342, 0.9921622351616994, 0.9138417662460152, 4.115436557609318, 2.717136823865185, 1.0972460683326535, -4.269710378289289, -1.460081621657207, -0.85874648214194, -0.9189787577079429, 2.208703662818775, 0.8653039794010724, -0.4829588279757728, 1.2640145136440673, 2.6166056248935394, 1.102215438953491, 3.4599086558195564, -0.9190337016965291, -0.5286856157202211, 0.6024307361670798, -2.2110891926745104, -1.9883143040852804, 3.1167323559690185, -1.0125019400345567, 0.11530986394063414, 0.8687666306309013, -2.422726278942239, -3.3828847331130913, -2.6156942917870576, 3.7541485997519786, -2.338524724876722, 0.20319626867551946, 2.949097111240257, -1.0685730639408502, -1.1854401634449387, -3.7200974308552013, -2.627304941149995, -2.8553477596064103, -3.9486998523390366, -0.6033246190047515]",1.0103092783505154
2,"[0.2068311639272722, -1.5051170380321617, 0.7947592751302683, 0.11267713859356221, -1.4519840673784676, 2.9342911435772097, -2.0890235875751326, 4.2463223821919325, -1.7744947981759194, 1.2712147424618871, -3.5683713345467556, 0.8088087126812196, -0.6774200927967927, -3.7276643568039387, 0.5441367507676068, 1.3391861835520098, 3.605236745946892, -3.1895781075226557, 0.9276633406653422, 3.0458927583591935, 0.42189938365936364, 0.9990472656311888, 3.2863094075041226, -1.041168824466738, -0.7252617401922559, 2.181666611400818, 0.8925882770096903, 3.007722613459897, 2.8895409886137875, 1.804894306805283, -4.194803009582066, -1.119563175230053, -3.3655022835969834, 1.4077704271780163, 2.0626710331957834, 1.8510926604723275, -0.28301732392991386, 0.21431301512322487, 3.7310299380060075, 2.9082578705276045, 3.9693306281059373, -1.5751633680516723, 1.4427364287584117, -1.615213057222492, -3.3634795572994687, -2.556366013294385, 2.748274166767684, -0.6470233856992393, -0.22355571783492367, 0.5282307247696284, -1.8502887299239774, -2.9787709638222415, -2.7091231236076525, 4.379287575627985, -2.7400512564796906, 1.4839537558167928, 2.1148258154037514, -1.0885002642930925, -0.09896016039997235, -2.0468830553150963, 1.4208492610327257, 0.03265317515874755, -3.9577000110423897, -0.731504867839409]",1.0103092783505154
2,"[-0.5695720749412293, -2.1566332352477215, 0.44068120498152125, 1.2144272875439743, 0.5516570820963438, 3.8781818175623948, 2.0650931773107803, 4.251798912641033, -1.5230199427419073, 0.46396973042522105, -4.2106137514898485, 2.9443611057083303, 0.7955113831066689, -2.2907644767790956, -1.4581047613232805, 0.5570795269150124, 3.6303030344844416, -3.0890965050930466, -0.12804483387162313, 1.55115860959411, -3.1155972011614135, -0.03505918827397947, 2.8963859352281873, -3.483061753559154, -2.8450465028122314, 1.3788066185420544, 0.9476517323512802, 4.1959939616861375, 3.554378649572691, -1.1614468449379898, -4.0677355046427905, -1.23459485828289, -0.6203383255762464, -0.4656981416461251, 2.545291154526422, 0.43347883211528826, -0.7089525386233958, 2.9049966437907706, 4.353758414099895, 2.1033972194950366, 4.029718936815998, -2.9560273731168065, 1.3273304035971178, -2.2116905170838734, -3.129728898868488, -0.09563844147865286, 2.910502861634317, 0.9380441463399466, -0.5700522253400604, 1.9369263880179746, 0.8700075541226235, -1.8701070148659147, -1.1249077913326, 4.453996743179963, 0.014427668609422017, 0.5170822508870727, 1.851911723000534, -1.5066183339367982, -1.3593776154162276, -3.5257619423458664, -2.4488188791929657, -0.33336139782817265, -2.806822393874933, -0.40401931916137857]",1.0103092783505154
2,"[0.7669628938408145, -2.2405061540875444, 0.47955928612674353, 0.958034865188324, 0.5851601067778306, 4.135213523697568, 0.8135552231698548, 1.5067087576286577, 0.506747585043005, -0.8940014582821614, -4.239299340459034, -1.6802762781118539, 1.1341245978895198, -2.7974089433465155, -1.4183217831746198, 2.2159468457448708, 3.8329813939114925, -3.3803405619637976, -2.1433637842513065, 2.9227410260204056, -1.1525502582763905, 0.45300442557370174, 0.5950570562780122, -1.5185760373092307, 0.06760496678874972, 2.497630301721107, 0.8670546899685321, 3.768750060310334, 3.1715372266468416, -2.3251105995603574, -3.0380103043091493, -0.2737661310693019, -1.7203206577346233, -0.2992941317043237, 2.3444691107099134, 0.8618723621378128, -0.38263731155417946, 1.0042031560195688, 4.41978028234325, 1.038886486673919, 4.0642138898203966, -1.2270397284039807, -0.18156704281457214, -2.7081628777754134, -3.3263784148344944, -1.2212398393261161, 2.0846988585053357, -1.140770512572124, -0.9082419039975023, 2.844052906411731, -0.5815707349830566, -3.9612103240624137, -2.825082597873825, 4.3983630563253575, -1.0330067226401138, 0.2705357154545186, 3.2447435887937437, -1.3912837857126519, -1.0401368035254497, -2.941740379770821, 0.013885516231986084, -3.3918772759995264, -2.18054822608479, -2.6467766738453635]",1.0103092783505154
2,"[-2.1509233691085767, -1.6147839298115332, -1.9761819347394647, -0.026321034143729938, 0.8665051945672699, 2.1363003469679667, 1.802884218961536, 4.5463732235193, -1.8611176407368395, -0.9683936786709537, -3.7568305365514667, 1.4254475630153052, -0.853754349622128, -3.7360359028224854, -0.3990207776825299, 2.4529696009829407, 2.967041335730541, -2.3661044243592624, -0.10940578875857897, 3.128541400459708, -2.4502413450247094, -0.3935766220899552, 2.990539559923554, -1.6260102737854447, -2.215544039542588, 2.0585731670870526, 0.9469645553525798, 4.049057737093661, 1.537791363479905, 1.4688818727202013, -3.7914001622906524, -1.6547272910349273, -1.56437881365528, -1.4160943329201263, 2.126775061311945, 0.4287559571513504, -0.5031434248303275, 1.4223059384709524, 2.0628302779556456, 3.7212774741741894, 3.4105601286187657, -4.119580885515664, 1.707714509223507, -0.14868410991701775, -2.734776048650633, -0.819896599341585, 0.4829814418623899, 0.028150609849512565, 2.6216628426197075, 0.9759182153777133, -1.5826999910642154, -2.554740196147548, 0.1844916598203965, 2.2971653132493763, -2.5840416529547157, 0.9583891462152092, 2.7941636999202184, -1.2325542894461696, -2.539499432652428, -3.1659058393352084, -2.645879220872136, -2.7294275234836802, -2.07168728794508, 0.26212085395573936]",1.0103092783505154
2,"[-0.8236727891845899, -0.7753355123753898, -0.23217169342451055, -0.0033323521285518742, 1.496111453700089, 4.003395182937599, 0.49404294157150364, 2.798277546047082, -0.9677097657552308, -1.9192894802826281, -3.991470538238602, 2.3672314382474444, 0.9854605635514485, -3.57450844997944, 0.09447764027050676, 2.39231509435498, 3.521472360373953, -3.331824229969147, 0.15539140343416066, 3.4342351992545335, -1.6306779096641812, -0.60160555798705, 2.962205480373953, -3.366463960616904, 0.9859395260123115, 2.165540581944085, 0.8464873311795813, 4.1969520117839725, 3.5793173442624, -0.3956694316534616, -2.3476646858470036, -0.8198277443777999, -3.3021834684645777, -0.07748828953294051, 1.647480923558626, 1.265475053019653, 1.2680790299245537, 1.3804584394020087, 3.9383549319393802, 3.1764440180200335, 3.1948383167328025, -0.7869005842268515, 2.281791752649402, -1.34234379599286, -3.3663221051439414, -1.7994320593817674, 1.7270784848511784, -1.052292757550307, 0.7130294849286546, 0.3976027733195744, -0.38052846003937113, -1.9143542305259227, -3.697683996038639, 4.454588538121879, -0.6386527114237677, -0.21995048097759895, 1.035511232455317, -0.5119355169772122, -3.4665379365834217, -3.6170389486395944, 0.11767178672725487, -1.7980304609358246, -2.511527809356311, -0.864521159658324]",1.0103092783505154
2,"[0.33257151648992145, -2.3768554253974754, -1.2477795752573233, 0.23978309318627583, -0.42383597083546065, 2.0435016813079074, -0.7004615900914686, 2.8873707167701124, -0.5768701199132826, -1.1936519906246308, -4.26738374664887, 0.5354183397721058, -0.03362231259066378, -2.6738753787651843, -1.6163038705505213, 1.5379716922192477, 3.426608111806466, -3.7307013475620505, -0.7415629830420936, 1.2489089811100214, -2.459842921342557, -0.7638192613694702, 1.4234007166989098, -2.3958352491396435, -0.9451254634536035, 2.630154346090081, 1.056864159340658, 2.7724275915930425, 0.0314724064271279, -1.8356964284443174, -3.9999194138352783, 0.020819593328591318, -0.4843871714109935, -2.2091586994436843, 0.22479879423992077, 2.39626879241409, 1.2579667401947445, 2.0867325279326194, 3.558289886763861, 4.188438475377381, 3.4461535723112062, -2.8080259705969004, 1.6541879930938803, -0.18929451844059988, -2.9505308526527365, -0.4373310972740275, 1.1188725325269069, 0.5424455851111334, 1.4001547493575424, -1.3339606437564613, -2.448238540278122, -2.984298987606194, -3.764177279493798, 2.9153974350903713, -2.307344835146509, -0.2711971196851458, -0.04004701063614302, -1.1551596516971774, -3.098273627780318, -3.7458571871090456, -2.7227164481582493, -2.862133231251742, -3.907108832602223, -1.8375611639622713]",1.0103092783505154
2,"[-1.6862437098308036, -1.734430493268655, -1.2131379872176706, -1.6689210039661715, -0.037862045428302696, 2.8327235821300434, -0.8786677762514986, 4.6371580183326016, 0.3363970891225854, -1.3676466764171082, -1.5517062414099376, 1.9166341812647445, 1.059936362537067, -3.5856216878605243, -1.8816879550523142, 2.1564413752905405, 3.3889480946433164, -3.961983413504621, 0.9736049637657271, 2.1498253412474875, -2.1446608188254253, 0.2758399621785752, 1.3622039995143462, -3.1058393568930835, -2.83645872696943, 2.7255412669901324, 0.9873937625055964, 3.84829767673007, 3.498737083955901, -1.550722718368067, -2.736850455163338, -0.287729330189474, -1.0629126128985513, -0.5333839842562208, 1.1273047103736897, 0.6751216876494748, -1.4697710666924382, 2.1960723103872484, 2.8522893738749477, 1.3528798734764669, 4.006217621910672, -2.028110209398704, 1.0832804480912115, 0.31608133175871583, -2.2015740583149834, -0.0040007478570291966, 2.8520567686119542, 1.3877777235794724, -0.019504737734489686, 0.5408908149391336, 1.737313419902511, -3.3701938678844985, -3.6252815892135692, 4.0681006877307535, -2.520583764170266, 0.4557395957194136, 2.9458434755414316, -3.4151436492085665, -2.6360565866192984, -2.9063817700956465, -1.4736728183282246, -2.274064585180231, -3.7070906263052374, 0.10224627429879951]",1.0103092783505154
2,"[-1.8436087624684379, -2.4488683865767413, 0.2179059835891456, -0.5001737884632256, 0.6622193988651399, 2.5079431199712445, 0.9275558174128316, 3.3063891476769474, -0.08213883513678968, -0.9016671771559455, -3.6561099309980607, -0.2368142758816496, 0.05834093006998653, -3.2328334329190014, -1.3454568438130488, 2.11472300094868, 3.5357764337326536, -3.6856857201844577, -0.44172563763468964, 3.4404723578633196, -0.4573904011585215, -0.8445223444385263, 1.8719591549049306, -1.9153345882772228, -1.595650953151654, 2.5756022927841986, 0.9497613972245493, 3.5600053215895326, 1.8996067779104218, -0.7777402187776727, -4.099849045779493, 2.2423864208556297, 0.8061013820806844, -1.712150591885086, 0.33131243743456207, 1.973523946924713, 0.04817161621757038, 0.15110691630750583, 4.421835435432485, 2.6737694036059114, 3.3739719071690644, -2.7853395422366263, 2.114502294492225, -1.4056235570584599, -2.7483980473061305, -1.3494592783453874, 0.9999561312371017, 2.3964487209132805, 0.5049697216384403, 0.5785199033259845, -0.3490213038685017, -3.9830617631482883, -2.5958147488640106, 4.45209417730551, -0.297933501578977, -0.13021599881272233, 3.448920362314415, -1.56375614495682, -1.897632352125065, -3.7615228706771884, -1.456180658088453, -3.2427328714951478, -3.6483968684379127, -1.1495252650310166]",1.0103092783505154
2,"[-0.028827826734806716, -1.4869790499103834, -0.460742638914136, -0.013656373661164678, -1.9186348175963475, 2.4876570435357146, 1.8795801938785404, 4.27161723251161, -0.5328869492383532, 0.457050408822969, -2.4480727844038785, 0.5640050407021477, 0.0008275635256910219, -3.509150778475129, -0.1152383575339909, 0.8515331423203938, 3.776538147507578, -4.033267068164221, -0.27442685725729726, 1.665431142547544, -1.135407164480961, -0.5138686679645661, 2.098918725255275, -3.6441772174671216, -0.8729438123934671, 1.765859750365025, 0.873981440912005, 4.19438516729709, 3.5050950370857814, 1.1918880842213577, -1.3943543728619718, 1.1437837970669407, -3.380359246282744, 1.1562182325888553, -0.014196391177663692, 2.4165992141174293, 1.1607631623669952, 0.12294550969459261, 3.763869713687208, 0.4683801887333079, 3.6525237599337954, -3.8865637662868995, 2.330939935577522, 0.6140790695304106, -0.5056742824498839, -2.5691090358365765, 2.215642524950102, -2.134612046232597, 2.2138769653435872, 0.5278437153058337, -0.11282584754620445, -3.5562209128470936, -2.8401844818866953, 4.321658258824661, -2.3583507017923324, 0.6254018193936431, 2.615823557606824, -2.7889535752773327, 0.4224058812642677, -3.1052399128411596, -2.548751313328973, -1.5414067780683554, -3.9817417179392516, -0.25513739512345746]",1.0103092783505154
2,"[-0.935441152928904, -2.385907855386267, -1.496015143648639, 0.1646595133642293, 0.8450260361013102, 2.3294789402437326, -1.6501692316383427, 1.7607944167401461, -0.7007863731078022, 1.2253349671233935, -3.486881419245743, 0.35336846481866635, -0.08325997253987982, -2.0059104995908195, -0.9625145079272733, 2.449177854066241, 3.506138345867421, -4.2245500027682565, -0.8002044485025148, 1.5433129000751027, -2.0565219896593296, -1.3192565459487953, 3.242513234040831, -1.2073142157382317, -2.3602724090251757, 2.861624763490725, 0.9796850448185754, 2.3284237580883653, 1.2345037255873617, -0.9454917101853009, -1.6027690787408324, 0.6860340264922076, -2.072852683515384, -1.22262996376041, 2.593024715456618, 2.909261283128091, -1.440062250211455, 1.5898569730195047, 4.420445952230717, 2.2188282438034865, 3.275325242648554, -1.8640892368920177, 2.5116303743906685, 1.013824759187524, -2.1198361799403584, -2.8448834634197473, 1.8471203568459804, 1.7927758225757122, 0.564420922975377, -0.23753552512873333, -1.421340584407659, -3.604873783273339, -3.0501775470146106, 4.462595692718926, -1.624807419092483, 0.003022744695891033, 3.561928774151262, -1.2095696785415815, -2.9078464531947406, -2.0436530224796083, -2.016675539099897, -2.587658519872031, -2.265664951942279, 0.8771129693318972]",1.0103092783505154
2,"[0.9263866417845629, -2.2725341755504505, -0.38106278764498147, -0.18781505556234368, 0.7427600178488303, 1.3833764294459794, 0.607514038956658, 4.482603389662384, 3.1854698088920514, 1.5581770778920205, -4.257480922402931, 0.3836245331050181, -1.5460061310258144, -2.4453444495487, 0.14588828889717295, 0.13408397891875468, 3.463524598308, -3.9701039526244895, -1.3216711853960699, 2.9820637707788116, -1.554894129372694, -0.4716188444493872, -0.02560642228656196, -1.0147776434742295, -0.8927778970422273, 1.4272914027945935, 0.9327480891449476, 3.9339269440327973, 2.6551362648476027, -0.6265317680092324, -2.887807895383435, 2.3289579895425376, -0.870581701842883, -0.20196704888183786, 1.0192259804544346, 2.308096494358198, -0.7089718781411236, 0.34560293821225174, 3.5217351549773412, 1.5509567819385524, 3.050857056690531, -2.805483526678559, 1.824011081471697, 0.15152396093261722, -3.279276228029503, -3.855998629118394, 1.93245895713634, 1.297694370593229, 1.5924044525785794, -0.3279118078273266, 0.5950222337059908, -2.12559068641641, -1.3892489392947973, 3.8809145946243375, -1.4649454350421096, -1.0561320507604992, 1.7748882852645558, -1.0514922259808, -2.4117177224307396, -2.8068749688106926, -1.2284870895878424, -2.524027841239191, -3.0264262596621143, 0.47526782891880015]",1.0103092783505154
2,"[0.8152819623540423, -1.6222112802776403, 1.1938519847531646, 0.5670458596385254, 0.35671621114405105, 1.734167573067554, -0.9845958462451285, 4.5725141695838465, -1.6470426302138703, 0.35464429133751485, -2.527126032461683, 0.6806772031393078, -1.925159218470852, -3.452506232762371, 0.6465402018609179, 2.0718725973788623, 3.337412999253921, -3.009246290655904, 0.301043031144105, 3.4041050000732724, -1.4956042963270435, 1.1380235343809022, 3.317155094117944, -1.3603758721610029, -1.864794368876883, 2.862436497076923, 1.0226480083042486, 4.074265565174175, 2.022879992324384, -2.8014193704893238, -3.8188804364061184, 2.552117551392392, -1.1212731038001715, -0.40999084076631426, 1.5170086954314261, 2.55990985348906, -1.3784598395002128, -0.3298800836431235, 3.3882868001714845, 3.227789023635773, 3.1788662048785703, -2.775395117573058, 3.834562101808365, -0.5871906054386087, -2.0381475174993606, -0.7923950816091163, 3.132071055111819, 0.4454822684162303, 2.615445683132432, 0.14002774228440912, -0.7745995856806168, -3.70297844807319, -2.782134864808226, 3.396825913207285, -2.4452443327161895, -1.0120642838277256, 0.8163675539957476, -0.13186432398186954, -2.542427234869251, -3.595443695328338, -0.8482370988706343, -3.0382658141547783, -2.3599165464076277, -0.7574661753243381]",1.0103092783505154
2,"[1.5815722591908585, -1.1885423218950804, -0.3766035912922362, -0.7491725431610085, -0.6043288723178175, 2.3580067023891687, 2.4655909786304075, 3.4489126495309064, -2.148649454209158, 0.6716194139240312, -4.257701646838368, 0.6318630518379951, 1.3129879060735437, -2.864578337936142, 0.7559001330939191, 0.9028721725786911, 3.582151184957613, -2.509071377454571, 0.18649482344765464, 3.2253975549633775, -2.4884734380435285, -2.0500293336595057, 3.1384898336424025, -1.662129995948464, -0.026917567415425614, 2.335550590028087, 0.8589677970705347, 4.098292785718662, 3.1409605300928494, -0.3571125343202294, -3.1307168379588477, 2.3402237409626254, 0.12968683481644927, 0.5358922832206732, 1.30883577772723, 2.967318306816416, -1.270460572509318, 1.0975301927597572, 3.993873232647889, 2.2483311490926705, 2.0363615191935738, -0.9086610629616532, -0.38842330918864465, -0.8097330418180989, -2.6070747568740433, -3.1933652861919324, 1.7047055798752813, 0.6922190001774171, 2.0121401568896333, 1.5403792698234802, -1.1365058790244644, -3.4697300572080594, -2.5255125919653314, 3.0535685965511856, -2.634703702066356, -0.4911925340357286, 3.2834830331577995, -1.984714044475691, -3.315781931294549, -3.7600698450948076, 0.608164363675467, -3.272131145817255, -3.7996254341213818, -1.6926609163492912]",1.0103092783505154
2,"[-1.0079830043071236, -2.4374825264675524, -3.1930022089753227, -0.91885201881557, 0.9778838649843897, 2.5842255427211906, 0.7866055044845313, 4.255536789350416, -2.192860807915346, -0.08639938127341351, -3.3042741812613823, 1.1920292899424072, 0.29346548791565674, -3.556219806536049, 1.0462324909493437, 0.5387037074692612, 3.6739486939057313, -3.4240514059359777, -0.3553182466731624, 3.448179428999624, -0.9967794195532489, -1.2973325199153072, 1.4858613381254655, -1.9704109025448677, -0.9689449032428537, 2.8396185950086377, 0.8593452945832378, 3.309613379043997, 2.997586979711679, 0.8377685178119502, -2.400160104853237, 1.728470098617339, -1.6236751945432624, 0.164031736878949, 2.552581996035151, 1.7544295088472712, -0.467930415725112, 2.0223334107954454, 3.644745264434862, 1.2131855771528919, 3.4034875689725173, -4.137701656901715, 1.7898482806259128, -1.2637916334866754, -2.0626472417441493, -1.962069616733524, 0.768578093323359, 0.10445140992141613, 0.34124232991419035, 1.7895265429145348, -1.4707179296624058, -3.350263887285081, -2.9380756151576572, 4.363695832284355, -1.9254055439894902, -1.3847203522662004, 2.758143845219913, -0.6343823026340198, -3.4351125714108504, -2.1149277328466125, -1.5652877327191037, -1.9237116332746313, -3.6870605948662094, 0.12037326785325875]",1.0103092783505154
2,"[1.1988815677322047, -1.8145119982203628, -0.7778232955244913, -0.25791591473366365, -3.2188683879954714, 3.170312170175323, 0.7082740396607999, 3.4873512242554954, -2.3228325643605827, 1.4047777410675097, -2.8291333234455207, 0.5550958938298635, -0.8063842687461806, -3.734631140526566, -0.9985478046967792, 1.9822877437072928, 3.6017603311658863, -2.3849389341474745, -0.8135643758665707, 2.9070885712976815, -1.9750060747166205, -0.0390924870724873, 3.2074717084471103, -3.6820508287184723, -0.0073226693002482746, 0.8445791061390662, 0.8445908071535625, 3.4115218232124356, 0.8754545607436173, -1.5576094204444064, -4.268965759293242, -0.3647419040739711, -2.321278430247941, -0.16678759611377317, 0.9090144345917965, 2.1742404617747835, -1.5820512529797008, 0.9129717921286186, 3.2262461617594345, 0.35123704453868654, 3.7446809261013065, -3.8882001495540615, 1.862712432790464, -1.5660525774522358, -1.5338540874008226, -0.8444208441693596, 1.5821757249220414, 0.7516137938357679, 0.30240880580401575, 1.4106132719279172, -0.12140835846966438, -1.8944261760300736, -2.178633663683203, 3.925742393719281, -2.5469595912101406, 0.6383466274437236, 1.8489519876303138, -1.507411667056045, -2.389821975680962, -2.3047595012899977, -1.4395669186666495, -2.794838626224297, -2.106616262979194, 0.15377855955825925]",1.0103092783505154
2,"[0.9311601035298, -2.250012192376266, -0.6728722958301099, 1.0093620451673, -0.1907260387848304, 3.387748999777202, 1.534917180013153, 4.394927519140039, -3.6945938303640498, 1.4539137803202564, -4.146999561882622, 1.1312861365812727, -1.5260987510960011, -3.1579774798822986, -1.9527813410784358, -2.8448229132352996, 3.6834266596825875, -0.9938185122980339, 0.39127585496534806, 3.285286277520362, -2.1362306741968227, 0.6206235030488627, 1.122123654491414, -2.647476938113188, -1.6519538239506482, 2.3061058765289877, 0.8548996548049315, 4.019992748191022, 1.8976536050529367, -2.0190404298173723, -1.6322713845775674, -0.6198153706949567, -1.7592354863496178, 1.7203615835765602, 2.8023672497696834, 0.02519351537895065, -1.6709788278304447, 0.6218993936718432, 4.3372827941175895, 1.9556488003633365, 3.6706642260283577, -3.1136019594677715, 2.854507439071712, -0.8327030175497753, -0.823112701637488, -1.9180224445419052, 2.4365404560917137, -0.4472110130446302, 0.8757236204896074, 0.8151046675464597, 1.5822421481376217, -3.9298820499982754, -3.6651620038252832, 4.452097366121582, -2.0953218575334294, -1.5739169326546558, 2.3709318929348826, -1.7211365151433264, -1.752060776099901, -2.5666204235189287, 1.5145399894506963, -2.812408456712422, -3.3773452932773678, -1.7510293765415172]",1.0103092783505154
2,"[0.010526680072636185, -2.420691457882728, -0.9772045897205991, -1.3094596280344413, 0.06792641784601383, 4.131368215925822, -0.17759954247232612, 2.5789416699252596, -1.2463913898267598, 1.453709240161336, -3.879020528466243, 3.8174724040483907, 1.7031658981567, -2.6376789193220462, 0.35944576082301416, 0.25955107157291885, 3.7429124161212455, -2.4553818288388523, -0.03278908689117965, 3.439515195148508, -2.9515773740112037, -2.6760697338597352, 2.2664732438289126, -2.5294471472814504, 0.6996376111664823, 1.869970985488732, 0.7134202331044021, 2.140886618550763, 3.3471136446567815, 0.7523232252101647, -2.1692084384404238, -0.2367675145860318, -2.072279210635325, 2.316468701475036, 2.9750582877033667, 0.4671192914461285, -2.6832533696299494, 1.4563295072773212, 2.6355286841678396, 1.0411147530255926, 4.0006156618681645, -2.0563014142136296, 1.8528043201464812, -1.091147520495576, -1.6806702867412484, -1.5134019332614874, 2.5489030528325363, 0.12435788394664293, 1.5901313535685202, 0.06412113668082986, -0.3068681728327468, -2.6165440181750603, -2.7578840992725784, 3.5593203539792118, -2.4623329865217025, -3.200602622648304, 2.3207559973768226, -3.960119450675838, -1.2740653530649262, -1.596799665026889, 0.923519848580013, -2.14658902584239, -3.384168275762697, -1.2429533843383629]",1.0103092783505154
3,"[-1.03181001676939, 0.6186424702755486, -2.390435211450432, 0.5553475515673645, -3.089307856040177, -0.8434326456886991, -1.962568033394637, 2.03019095025773, 1.722489710850734, 2.1388938318073336, 1.9472201887207659, -2.5765713762501083, -2.1065865836278723, -3.327850491987527, 1.312339528418614, -3.0471018781469237, -1.0804491073817974, -3.680818454959817, 1.1405595648566957, -1.3983432597148773, -2.828583555594558, 3.44174623295531, 0.43918353467645854, -2.194046537970475, 2.155743225856029, -0.5348568286979403, 0.17729109574176594, 2.9244776608549796, 0.35434834321030434, -1.8110249446765398, -3.7217838288886447, 0.47883524916893794, 1.3833089566368761, 1.5387339855978162, -1.6969601431568462, 2.9342033406650496, 1.3426021313151244, -0.9142324792362768, 0.5138714984678068, -2.9287809956788537, -1.685685311072084, 1.2510693101456083, -2.879748046666186, 2.241234867873499, 1.5979896705077477, -0.7386944442841288, 0.8481703005862544, 1.241162981265267, -1.4547980210808815, -1.7462221479688715, -0.8051899291123, 1.8107843064545328, 1.7158582345130653, 1.496192087441375, 1.3764459192429614, 2.8647426592399965, -2.281438112827556, -0.8177254654633557, -1.0977482703527752, 1.9207925665277772, -1.8604024431751849, -1.6533204059311726, 1.2314531831098834, 2.022504892379448]",1.3888888888888888
3,"[1.1382838385074798, -1.365504537408566, -1.156036353473143, -1.8326328445962914, -2.6806835634224706, -1.3756885574649818, -3.478461415841295, 2.952792975492492, -0.4098232896830283, 0.27294444585307254, 2.5552282994051443, -2.620145941924402, -0.0473159234914724, -3.499875284189529, 0.8791545703643999, -3.9079731541954006, -1.2424039534297697, -2.9648941859966804, 1.4492277321871756, -0.30937463226773065, 0.0826456139481462, 2.976616203715249, 0.4561643380743537, -2.762512860777405, 3.6341575803601947, -0.9825069838159016, 0.442739861846275, 3.0270411333912213, 0.3564963416164897, -0.6803650594319846, -3.8231001016532766, -1.8439958231406774, 1.0589813930843766, 3.4873889052009144, -0.15791588371699072, -1.5906834504437148, 0.8331928404626101, 1.2429657372218814, -0.4563978312833251, -2.6844722805873786, -2.9021983072856408, 1.5991569536056915, -0.0221279709623472, 2.5566188109748706, -1.6913447408608346, 0.8396647661167258, 1.8507260088452204, -1.9530781024331492, 0.7787771670307551, -3.160285032210517, -1.1578986867107592, 1.7784068017272636, 2.689618973612599, 1.5459781165839659, 0.3509607986010998, 0.592907222798388, 2.250142972142304, 0.9079490806387674, -1.7660676337903682, -2.714665241715949, 1.6450824273390574, -3.960486502351083, -1.2936327928625868, 3.2215960075382033]",1.3888888888888888
3,"[-0.8276717076215623, -1.992210427748734, -3.201075025115783, -2.6318159701651354, -1.6589956133715482, -1.5697783957050206, -1.2506044453673058, 4.132640092161839, 0.3557725120695771, 0.17942947938866416, 1.5952729792689289, -3.0129714997418855, -1.6577074893050263, -2.5582342171762775, 2.222227901214612, -3.3047588128919148, -1.0804715471387252, -2.774317596446456, -0.8935112624180502, -0.4696103989865865, 0.710955940731437, 3.723274805267332, -0.2020640709533318, 1.7992129283086957, 2.2913633336497186, -2.6595824826980943, 0.4634369250345206, -0.4071701450122872, 2.5359403414740025, -0.26846262249306085, -3.2822579763802566, -2.004525498502314, 1.148638702279654, 0.2675679935359399, -2.967160238924501, -2.3132758104045554, 2.2773431439200653, 0.7563748434655218, 1.2716834010170197, -2.072193731297781, -3.9538109238092183, 2.234492969076499, -2.331969590536428, 2.748745134671518, -2.03949639733906, 2.026609432501729, 1.6893669345780316, 0.44827561442124053, 0.5816236174006895, -1.9526173847565833, -1.1363529228078493, 1.911816998406574, 2.348799174353254, 2.3243932661913784, 2.403937818407858, -0.03326111674160115, 1.2894695940893148, 2.458517400333723, -3.3179580228782934, -1.8910887718263574, -1.2791841760058538, -3.0452286324494446, 2.7245621747003606, 3.139929380286104]",1.3888888888888888
3,"[-0.7832685656735913, 2.39379430300255, -1.7356794075469537, 1.023078000227895, -2.9998435156331356, -1.3294057678924542, -3.4218462490931225, 1.68555656744443, -0.3788188103533375, 2.4569399965787797, 1.629901009453251, -3.3390094583163688, -0.33643522611742327, -1.2639516210814505, 2.7706323154114685, -2.833700762988741, -1.130255830280624, -4.1070778078409536, 0.04523842610179413, -2.513010935213014, 1.2538973906778978, -0.15084355357113166, 2.310183330580731, -0.27325955459802526, 3.1154419221744725, -0.3065013017799001, 0.3602228798001309, -0.8149536720022716, 1.7406980210122385, -1.4738318488155575, -4.14614986746235, -0.6999643130895893, -0.7444200880968337, 1.406616403303127, -3.063296753330137, -0.8062893709110821, 2.0731562997526884, 1.583543894757617, 1.2406069144899121, -3.159262896235019, -3.8690005625212636, 3.1815638086127778, -1.984045460050222, 1.6723643820819527, -2.1629900820826995, -0.3073987335809481, 2.9709841220926094, -0.14015330873293297, -1.739748371351863, -0.7973134341951567, -1.3480895434250348, 3.282995410854878, 3.654747691946435, -0.25646513965380846, 1.0489080104778026, 0.8416989652202578, 0.7693989180636271, -1.4751961245500849, -2.4725119626737913, -2.159916811148292, 1.274326221163085, -3.804403831203947, 0.8975419068169898, 2.9655039084515713]",1.3888888888888888
3,"[-3.365303364008115, -0.9500707711086075, -2.769536656849046, -2.8184706427242157, -3.5724134689316562, -2.8436253895342825, -3.730142208131662, 3.2990946431321397, 3.2112763516663745, 1.83571675285142, 1.3703239466688322, -3.6464716759008278, -2.1817080530028035, -3.0957200660182, 2.3620592962896616, -3.2101810984176655, -1.1969573137906924, -1.8471555047115906, 0.27923419498260704, 2.4871960300646117, -0.34696473719488263, 0.7483050077945101, 1.4667049696104806, 1.7155391435498775, 3.352458838804186, -1.223983528678807, 0.1381721976197863, -0.44481280759624187, 0.31546513299108225, -0.10159786501573653, -3.7699291457434807, 2.2922595819188034, 3.37564912323063, -0.04464756578655349, -2.747941876872577, -2.3056474547486125, 0.9899279261246647, -1.0862821283668613, 2.7718677196797428, -3.4323079690193805, -1.4059860232039516, 2.216964258778732, -2.7651120988521365, 2.9956798848912722, -1.3654138791719368, -0.43989628635077, -1.3693517642117568, 0.20753199760659746, -0.6951326251178268, -0.4434681324128644, -2.7326352588191503, 3.252821830750103, 0.9387571006142251, 1.612684678488814, -0.7792920588290253, 2.7591189898277584, 3.000348678940428, 0.22952108433775587, -2.6395140216643744, -3.554624467211736, -1.0767180118275856, -2.965374281225145, -1.0785588800124182, 0.058183058261286]",1.3888888888888888
3,"[-2.60011643321447, 0.44657843169623346, -1.8907443253466072, 1.5589959699352383, -3.0537414826834537, -2.8210901249672915, -3.505973122845715, 3.3457101712236326, 3.149269105846166, 1.5170562339040967, 1.4836778056043842, -3.303656714141126, -3.1297140039239286, -2.53327708285898, -1.4578469922410107, -0.926400094581048, -1.127802297879723, -1.69817206441597, -1.1522147395453373, 0.017436295394165358, 0.9822194166492227, 1.6881007514879203, 1.076095380673327, 1.429900945560591, 3.4043161904669677, -0.9494480339375986, 0.2712374411789795, -1.1515016190727962, 2.855464834460572, -0.17673047883365411, -3.7625465986838336, -0.4749377395750992, 3.421142687210338, 2.0518837166953037, -0.11533246950765452, 1.1030073013715027, 0.15076587825417942, 1.4780624184086175, 0.43981627103485593, -2.664603458530814, -1.7200248524726272, 0.7287956927502675, -2.3095399009553983, 3.4311719582786213, -1.215144194004073, 0.6627097984853352, -1.358513365776581, 0.54021082787195, -2.5379486974183245, -2.9601473865302315, -1.775650225379569, 1.8735168021091737, -1.1354241782655068, -1.7678801255292627, 1.1727020022113739, 1.751536719404804, -0.5685068589465767, 0.9348292886869425, -2.162623311890415, -3.4999640575259825, 2.9102089535619267, -3.019984945826079, -1.1050592799168848, 2.2555703794724695]",1.3888888888888888
3,"[-0.9853800822939063, 2.423944436423541, -1.199443730773103, -1.57914383227443, -3.3012942187875662, 1.1102854185307003, -2.1702075670608734, -2.659395388000479, 2.578642550695562, 1.3055198770373413, 3.744209583181719, -3.6971774776489554, -1.5111270964779773, -3.664986916318528, 3.505974146927779, -3.408071075266414, -0.9019703213770192, 0.4531065853032342, 1.71624511608502, 1.8697846295280767, 1.4420764143047018, -0.26733894634659283, -2.286003030506456, 1.1636852783745004, 1.8124539420052455, -3.920390365392624, 0.004338899315111888, -0.6232049096173267, -2.035824389641893, 3.3152274265460777, -2.123917241634112, 3.521062723350339, 3.4553577514168787, 0.8913815777054241, -1.306326882428104, 0.9342017779623659, 3.4518560185047757, -2.442692146696974, 3.92263439016827, -0.06232182412441878, 4.03146851569813, 1.7341294697167846, 0.8787755731542408, 3.4264035347435975, -0.5328812129558325, -1.5594333116848818, -0.12969379799068648, -3.1613730107118356, -3.5049109445381874, -1.5610325510579388, 0.47305615966638515, 0.05556906411364537, -0.20844235074263734, 0.43601290083695154, -0.8543554791829986, 0.7313934408061497, 0.9164669271815549, -2.32811947951985, -0.5891539272014027, -2.2055655778780485, 0.6507237476015951, -0.7576614839766616, -2.045337157281569, -2.6637882030426616]",1.3888888888888888
3,"[-1.832814007072197, 3.775792552333002, -2.9657515823360776, -0.2625535069991378, -3.205922006916383, -2.460709305538985, -1.0447936226918588, 2.14112501827105, 0.01323237686593759, 2.440557301719653, 3.694446393173601, -1.9771239615824607, -3.081163267243449, -0.22139350270336974, 0.7273276846519149, -2.5689810388409, 0.7176872052576062, -0.06480658865893554, -0.6614587123651989, -0.8924251024252148, -2.980675693518921, 3.603317974836126, 3.287397451744143, -2.3417744742830964, 3.708501147625768, -2.5364986242353447, 0.619011335717206, 4.178996659588874, -1.9322094259027822, -3.5797880642179387, -2.977729144045655, 1.1771431588314178, -0.756668071258309, -0.740325090627016, -2.614371990311049, 0.07663051829104184, 1.6940308733788927, -1.6928095010003026, 0.2903566860318241, -1.918038765212586, -2.6981042326803086, 2.890767105699076, -2.3656035049938904, -0.38079799322813024, -2.112176698853313, 0.6467944296013522, 0.7078008195163487, 2.1769160928667164, -1.9898692518242522, -3.2958242858097, -2.7312186263064526, 2.237091050583281, 3.0141147640434673, 2.2810827498692885, 1.2579265931126742, 3.277636049692559, -0.2815244286349916, 2.5874292832742474, 0.16510274532050062, 0.6109575061140171, 0.9362054592725157, -3.1247773475548444, -3.0743681690743054, 1.9633838196183175]",1.15625
3,"[-1.3801573331937491, -1.450018259971079, -2.7636637809114326, -1.6654502635994919, -3.234831629143947, -3.024386055846001, -0.7979599179602666, 2.96183486428089, 0.2990472889085092, 2.381665920461583, 1.068316537700086, -3.5046772307144805, -0.8955278134279783, -3.062700470984398, 0.4942188185382159, -3.476308551179743, 0.43671374227000936, -3.4895725818008874, 0.9857023031587921, -1.4588513602279407, -3.1345352800656747, 3.2512971023017574, 0.1475063064671045, -0.11535231435481741, 2.3271291547594855, -2.9306830148251253, 0.6943868443324792, -0.06412873703171584, 2.5229164765601517, -2.7946495998062666, -2.8188481825825624, -1.5841800923856855, -1.323377552371177, 1.9133409808619908, -1.0342673272756522, 2.856492432155203, 0.3203737139020211, -0.26870131195350727, -0.23050456631258953, -2.8446520901900785, -2.1500298850413264, 2.394481500596867, -2.0423863369837276, 3.017918138153644, -0.1418319638876695, -0.49402151986575205, 0.8201015613805958, -1.8586946192283278, -3.699829189820395, -2.9181042954904246, 2.252142895439974, 2.5007234452633087, 3.4029462820093674, 2.334244552976195, 3.0400363782163495, 2.723245417913274, -0.8438216506976769, 1.3887575486261128, -1.979229561485351, 0.3429762176663028, -2.7033965149911983, -2.8914208362737233, -2.1009416401810563, 1.983397108400741]",1.15625
3,"[-3.6857459697114967, 2.654486014692314, -3.0958502505474215, -2.273867838263902, -0.9859438837892067, -1.243658312494682, -3.482516542046811, -1.7408308637751633, 0.40518788828137176, 2.366525832645133, 1.0550811681462016, -1.5181174014891832, -2.8362323576763804, -0.6964446010531745, -1.7011187039269178, -2.978924020445827, 0.8400195146397174, 0.18072970176232006, 0.4767677546910839, 0.33159121397072994, -2.6674979751532666, 2.6122311654625565, 0.6695476239140317, -3.250957942930853, 1.192712788266241, -2.27145227166758, 0.5561192036041528, 2.7513276852607835, 0.39925074061265076, -3.6685365955500555, -2.4399341001782546, 0.9025836791590202, 1.9942224957904746, -1.9446662107361203, -2.3395545133191975, 1.2402333784265347, 2.1495302894228225, -0.34484786349554675, -2.2327267909768733, -0.7651868712147732, -3.855009557333584, 1.666101279334843, -1.877784270674825, 0.2584746515805981, -0.25064360142123043, 0.09359476361186864, 0.5393450515328868, 3.4882533996567, -1.2706571694467328, -3.5652870920809123, -1.7285729865735397, 2.6800263310870625, 4.1436838482212695, 0.5390812386114507, 1.597015711880141, 0.3703309425057645, -2.8621824607577517, 1.3767157851967688, -1.2491780311671508, -2.1529324716489815, 2.1558670206348274, -3.967038513976963, -1.3163850446549084, 1.494700663236129]",1.0338983050847457
3,"[-0.7809030397925163, 3.823881626768615, -1.3066611591551904, -2.2276820215052333, -3.5263929056030996, 0.010834647429346367, -2.2056597443926638, 1.2387914570603105, 2.9397333550565565, 0.7164203819474273, 3.7065707439281623, -3.556541708938852, -3.800880666652411, -0.9907662735034486, 2.726192297607133, -2.901107793698941, 1.0778657474980493, -2.462458781315362, -0.4266788876761951, -0.8475818139981401, -1.6334351761602899, 4.05116190150725, 1.752796340036146, -0.7008224536247109, 3.4572064295092417, -2.2828540631048773, 0.3390003672606383, -0.7755952858357695, 0.6446255430958286, -3.8525263670840952, -3.6267510138456163, 0.5242029669524066, -1.7784262479927249, -0.9265907236196109, -1.167923028735542, 2.2897473182698778, 2.2732892758144656, -0.11118907307056064, -1.436533607778856, -3.122617694289766, -3.072996048078954, 1.9988776768639962, -2.0800689443791125, 3.3382617687662535, 0.12916318794265658, -0.8721212550033947, -0.5607083035279532, 0.9270972070919502, -1.1607520466604386, -1.40149939646675, 0.06110099714176674, 3.255488308476895, 3.336697338667393, 1.437680298578603, -1.333337719064592, -0.04460917275450926, -1.3826362821772489, 0.31734300507935287, -2.460858401233769, 1.9441195182018416, 1.674449955888642, -2.946815084204048, 2.6826100666100863, -0.8624227628684501]",1.02
3,"[1.6713073104749876, 0.5180438881787972, -3.2388585249208317, -1.0478171175523814, -3.527892283166384, 0.1498706771249365, -3.6126608192638425, 2.458687882945237, 2.512486816373449, -0.30646150749372847, 3.2207915918792, -1.8798755182248674, -0.622175163435463, -3.391608512991956, 2.2993624027373283, -3.611447839293555, 1.1034448188922101, -4.123841490980513, 0.5117867672921668, -1.782341536237602, 0.3186411176279741, 1.4794727059129502, -0.7957223634133744, -0.47059491816046684, 2.7073541424261895, -0.6365309465595023, 0.6034788124266623, -0.0016840031449197324, 1.470243151014419, -1.8402913086133323, -3.4004876790756766, -0.5163615057085337, 0.4174904971348442, 0.7450054708075903, -0.4912280709626877, -1.3901525850919716, 3.4524990672320426, -0.29698875775963635, 1.6538594564842168, -3.053924200375346, -3.2457769846548645, 2.1068805384324936, -1.5614430024643093, 2.5424746793336195, -1.7308000443770095, 1.7199258969147446, 2.489682308231778, -3.148894451715238, 1.8509948502992946, -3.5059351543813304, -0.8889384760907104, 2.630555179529658, 0.8610206844421422, 0.30725202055355727, -0.258234676199973, -0.8182477549524023, 1.3364790770615524, 2.4417243958097683, -2.8598994660993062, -3.42162570406002, 1.1525468723124899, -1.8730732754069988, 2.4876750275982937, 3.0559202306155244]",1.02
3,"[-0.41545498031209316, -2.2880698179434096, -1.9589191584539982, -1.8207816438736377, -0.38130015427391406, -3.0700515920562506, -3.0313639878123717, 3.133611185714443, 2.2002369011647973, 1.1238533813248446, 4.016227729392463, -2.909299729044887, -3.4882386867293134, -2.2055413141500875, 2.1339736365035784, -2.601553880689976, 1.0747257506204602, -2.528059779154153, -0.6784102592757821, -2.345029488082159, -0.6776107988203197, 3.7364470450185143, 1.009693119079199, 0.9963040298920611, 1.9147874839253796, -2.1422796143139484, 0.6332634894589492, 1.2613719697416672, 1.2104346385984655, -3.2864744866409046, -2.1795039806886454, -0.9321186180114545, 1.2062242028307886, 2.4089619432891958, -2.1017689218785085, 1.6221685350723232, 1.3367433234483297, 1.5563660919720845, 0.1591209703584141, -0.5484164669154585, -2.101584425053244, -0.1349134074530327, -2.8830601186530065, 1.8998671415685864, -2.1489676968254057, -1.1120012275412832, 3.0081835161583577, 1.8436047878079598, -2.5109952809926734, -3.4643176931307664, 0.7827596871796968, 1.2654856354673385, 2.221094131665212, 2.1925951010003506, 1.189241761228729, 2.8827958276556833, 0.006084567556269294, 2.5623076696481513, 1.1281685580249396, 1.5267627557603372, 0.7236929788208799, -4.005767497441042, 1.9888583283485466, 1.3708626242305397]",1.0178571428571428
3,"[-3.4883613163848506, 2.873390804965989, -3.2039764711920604, -1.460890021741453, -2.904743663322134, -2.77807159561233, -2.9685737170163558, -0.23696285615908463, -0.8101766458008748, 1.1232671283613032, 3.3401461523932903, -0.2777103085943614, -4.119827131880639, -1.0796582968838393, 0.12319972223920295, -1.4510098700386576, 3.589781067751664, -1.0154021404332194, 0.36829763374883306, 1.0486578620240616, -2.3876085000208356, 2.2954972168015875, 1.9148542216279048, -3.246926593729126, 2.9741451976478253, 0.2154570026396554, 0.7135731457689447, 3.235610781773583, -0.1250760647551028, -3.438431744202064, -3.758806019075097, 1.4988682931397084, 1.088294538403568, 0.8727883535970602, -2.852591025063694, 1.2719602173032918, 3.1410867709651726, -0.5201528365103169, 0.31331725342221417, -0.8949847269015798, -2.0837201488762798, 3.142095135879022, -2.5538870926520496, 0.3515099951853127, -1.9103208636065574, -0.7474824894250705, -0.3541387099510408, 3.3179156518056407, 0.15475175779465822, -1.7185908489621422, -1.8179712523837295, 3.0601906930852945, 3.896743233958401, -2.330760503115063, 0.0005264346702318345, 0.3758243850442835, -2.58007169178137, 1.6502556018683414, 1.6091547853952832, -1.1774879935331322, -1.3057468879720682, -3.4959289395460176, -3.0623864139377623, 1.5076435842804803]",1.0103092783505154
3,"[-1.5778787134730834, -0.11593030606686971, -2.10141676127902, -0.6875716465505046, -1.1824824346251863, -2.0741884555987466, -3.0752936952358123, -0.048871407087436314, 0.8836459841302566, 0.7288824536863494, 2.874921475972471, -0.49783266318557096, -3.601742586098, -2.3953886571742626, 1.7790496539558163, -3.5950026768079812, 3.8818669546499547, -3.8027342224609644, -0.3739700193686756, -1.713657351207824, -0.9022260835262661, 3.956907042290154, 2.255020944427695, -3.6647546732050453, 2.7413729892464733, -2.1648109290776767, 0.8375399665835552, -0.38890281874472676, 1.1636746695876843, -2.9863684554417, -3.3475809828506327, 1.4117097294895382, -0.4731768511947373, 1.8903898852390073, -2.428117720969603, 1.2004636302797977, 2.41213345620874, 0.5060860933537968, -0.6880190893447848, -2.469085421889236, -4.204778508656715, 0.8739845391716272, -1.9415865553897262, 3.282847979738836, -2.301582661605778, 0.9621817109299531, 0.8786612363411794, 2.5094392478014056, -3.0578029499391888, -0.8417014977514632, 0.6038959330404388, 1.7808341902519775, 0.762682757897239, -0.587862541384303, 0.3107909255102176, 3.3816820045406515, -2.852873595140174, 2.280389795411432, -2.730254337576308, 0.07961366760506117, -1.7097098068436445, -4.008226251916255, 1.6955232630341266, 1.2561505094334868]",1.0103092783505154
3,"[-0.6579218129295861, 0.7772640707097305, 0.3254221730558683, -0.9772653190414169, -3.3458545654840623, -3.0199391610081388, -3.775642156412466, -1.0017779306511414, 2.883592220418222, 1.481530279597036, 3.9006065567876753, -3.7118350432227025, -2.2523428151139884, -0.14354407444172024, 1.1124160164464278, -2.479983888128152, 3.947718515419366, -0.9685110299630049, 1.6225750212194918, -1.2291997759758573, 2.532444956474591, -2.146609136995174, -0.6259164468813916, -0.7301060475010681, 0.44703424447551043, -1.8334396386679181, 0.8260231089454694, -1.9521703729141466, 1.6695418196808145, 2.2220172250803394, -3.433960056650608, 3.883617182527199, 3.8119517175859086, -2.2114606481627894, -0.3680687111020444, 0.9434643378303463, 2.6610591788262417, -0.20561930792722255, 4.29004233739858, 0.47850290076886903, 1.6897597245376466, -0.33996601867424336, 0.7436205842041579, -0.3888932553639495, -1.3917486215921755, 3.0396215077449886, 0.2884570808139272, -3.137577309551104, -3.57045562807138, -2.61958282188474, -0.24115022214962356, 1.3844349863928056, 1.2235566409863101, 0.613622117419886, 2.8864163129495655, 2.5407065160904097, 0.7020667227888236, -3.2715198722308436, -2.038552109845071, -2.455025658295302, 1.1384530225184681, -1.6904661028665695, -0.9604586466372063, -0.5652634914249361]",1.0103092783505154
3,"[-2.291849937207682, 1.0850755938395598, -3.21567128601178, -2.7900799000491903, -2.2642723646393277, -2.73978167018655, -3.887236243488607, -1.849566480885648, 3.210822127507254, 0.5536551636994164, 2.5097144747036135, -2.457556110483913, 1.0004445930889572, -3.083498660050789, 1.0731713776602296, -1.6731136566685176, 3.8616483253644347, -0.8289638312266039, 1.6336923137964634, -1.0738511071000736, 0.9064540211190781, -3.2633938157126257, -1.4894780955959765, -1.1046118574557138, 3.4039382697319835, -2.4885792118653267, 0.734654508992056, -1.9167684408540917, 0.5625981246866498, 2.3504168469077653, -1.9864822365791053, 1.6009447255259832, 3.542242617742036, -2.2810887445696304, -2.2519335905064604, 0.39400295132366475, 1.3941260588400395, 1.0791948568623668, 3.7783563655465313, -0.6032282280768979, 0.5594463213173778, 0.5746693182699667, 0.9136560622157918, 2.8723420304742113, -2.6580171425048627, -1.7880760101228463, 0.2557568399520197, -3.2370824572135035, -2.8489239138181275, -2.820773268412433, -2.415971310654194, -1.8112202272748903, -0.6529583001989656, -0.05852852159201921, 0.11841955783603031, -0.07943432950615648, 1.2436914958620469, -0.7527733473643639, 0.1840397114423698, -3.6973492281441245, 1.692736011142384, -2.1880626037251796, -0.23253202511230076, -0.1758129967750571]",1.0103092783505154
3,"[-2.435875667138951, 1.070005164292131, -0.564893143663372, -2.3710446222219272, -2.2892076831051575, -0.81389012855442, -2.6734435918105475, -3.563225595511927, 1.1183159705171484, -1.3435861272901513, 1.9253344940803612, -2.209563028169601, -2.1797129553702286, 0.41766555929826277, 2.5590334747024968, -3.9357304218480618, 3.873605808294924, 0.4755212231795104, 3.5598242673246006, -0.9883445459316664, 2.536214394960023, -0.13451402771199647, 1.4082320859698525, 3.2804726251229006, 3.1967001663952734, -3.176475164694916, 0.5394105037341901, -2.0927389554099523, -0.8436709273856535, 1.4646149488551203, -3.430972848032006, 1.3452056326269148, 3.420967816636857, -0.6409365892258211, -3.045664193989454, 1.6756509243442346, 2.6262944172755436, 0.3270409387852926, 4.188394680101915, -0.7645323915713512, 4.0578891387667335, -2.783413869351198, 0.46234966552917706, 1.5359834411579905, -0.4988795205585167, -0.7306443174752519, -1.7102654869464762, -3.052341648883438, -4.186443293597479, -0.6846357175689763, 0.4907279130954483, 0.7637886568403329, 0.5434620332443679, 0.6869430131699451, 3.3149595416268633, 3.4444959716271675, -2.219765707068237, -0.3599374039674293, -1.284635527504657, -1.8915580026563799, 1.963086084297807, -4.009342641746184, -2.703065018021604, -0.276588954137815]",1.0103092783505154
3,"[-2.0883220689611415, 1.3773205044537535, -0.40616473442878864, -0.9103582144076059, -1.6224046033806099, -0.9347936815178333, -0.6509399726254972, -3.392451160529404, 2.375820747924555, 0.8575981670432655, 3.976948364957245, -3.416082390483126, 0.9889465401328075, -2.8906366810743345, -0.0012119141364757002, -2.1864369410427686, 3.9649292473156303, 1.0039392890889784, 2.112175710227403, 1.236207932065538, 3.285931324914668, 0.5863226213345507, -1.8193047415735606, -0.6495026100379608, 3.6379946807412025, -1.8287868151681674, 0.5217302506228589, -2.5490453821941257, 1.5567308722246103, 3.30328810105937, -4.266482022256699, 3.519751711822604, 2.7525301250361434, 1.1430142121951832, 0.27384702979800757, 1.862952956205005, 1.5780889250027448, -0.07777377152711229, 3.5716511060485208, -2.0741096100438394, 1.6545527929269253, 3.15128278467915, 0.14390595109697898, 3.2929432542618953, -0.14733896569733318, -1.726679841291805, -2.0843669332260877, -3.0399430357066577, -2.580369161669891, -3.0671918506459774, -0.579192248266942, -0.9275031241811214, -1.267119401480207, -0.5183036076487378, 0.5972160184653217, -0.029436723852501956, 0.4851427372129166, -1.0726738807800134, 2.2733407997750197, 0.0172348687724031, 2.973744966665002, -2.649984076342184, -1.649600280937133, 1.9164543692991176]",1.0103092783505154
17,"[2.6378933280194516, 0.47624414483308963, 1.2934164270603024, -2.009765372710949, 1.5383933430811514, -2.3017893641841614, -2.1693791600436, -3.5663311683142567, -2.2970445052006707, -0.3843553101876358, 3.4997788164418493, -2.791130399009259, 1.6849544051847636, 0.17474950821646718, -0.4494421019905257, 2.4249319786747754, -0.3592985119908487, 0.7776553744119554, 3.6892413027571287, 2.6689926476479373, -0.4039938230742548, 2.9758123164434407, -3.306622592989809, 3.3932816673329205, -0.6432785498628828, -1.6827350913362598, 0.04282992791032325, -0.8878752536171293, -2.8666042920882067, -3.750049969155767, -2.8465525208545195, 0.5719703977059657, -0.4503875090730952, -2.666612379985875, 0.23701161037691842, -3.391402248087564, 0.9132876627693489, 0.2653719551599476, -2.7677982569644177, -0.08121465406172046, -2.8233084851792607, -3.54200352619507, -0.05945559312648829, 1.640830321570067, -3.42654431151143, -3.236770000262673, -3.7838433507629397, 1.07716935742764, 2.327729016200991, -1.5062017262605625, 0.8438945226942001, -1.727168115707966, 3.009469257075216, 3.9415498141840244, -0.10974497146049766, -3.673875957167528, 1.8330588741739258, -3.958295003582781, -1.0269782958197233, -1.0586092035292176, -3.380562589358661, -0.38151950980983607, -3.931982150322632, 1.41519189385785]",1.3888888888888888
17,"[1.685190705487097, -2.142330052767866, 0.8754619001186121, -0.9096436516914645, -2.6309584832535307, -2.842866410804197, -3.6221017761786762, -2.427757341009639, -3.480622929483627, 1.852331641161348, 3.6204053894911596, -2.1424293289961347, 2.580601398496323, -2.401718686308841, 0.11914827611182005, 2.4220782638693885, 1.0819873508749138, 2.3540805197673427, 3.268070359396146, 0.9667468611331602, 1.5484614527979526, -2.9577461837759618, -1.8709166639375925, 2.499391152010726, 0.6257421554684504, -3.43743284575458, 0.39796832664696025, -2.7500806947399856, 0.36801597589062146, -3.8527150924414344, -3.9538307067661553, -1.3547353045090271, -0.7553400678165862, -2.745298709921985, 1.246586696089453, -3.7621088280177415, -0.4975967364482398, 0.7693955831517467, -2.253440411632353, -1.348388710830732, 0.25643734084417824, -2.0573797146019417, 0.21163285335728088, 0.671861458285228, -1.6828602843604992, -4.548115240564637, -2.491041436690649, -1.7403890637858783, 2.461108118417049, -1.7971961460447856, -1.4556662459149745, -0.7265212716518916, 4.103188209200396, -0.15359904765333932, -1.0547758091830692, -3.9863680772964094, -1.8063018607223977, -0.169647302618666, -0.43765482299484904, -1.2814831917864524, -3.921801614394511, 2.7641015819910892, -3.7939387288749207, -1.513663980904179]",1.0192307692307692
17,"[3.67266482152467, -1.8054292085888413, 1.6279795272452877, -0.6748391988473608, 1.4256975964367347, -1.2392870675157592, -0.8165502844334394, -1.7245069229058025, -3.859669073937913, 2.1505825734719966, 3.242499703734907, 0.7308600825664481, 0.963043796694397, 0.8869240458741343, 1.1398417453523129, -0.14734561763317078, 1.114061375042871, 0.9427387845795631, 1.783277716134719, 0.300928313211045, 1.366182222146023, -1.202260312256163, 1.1323371859526943, 3.3872254924194283, 1.381203127490132, -3.2468426270443893, 0.4235924229119574, -0.8200509249502838, 2.5152586640939125, -3.7761029372078716, -3.810439633417535, -1.7404564762197858, -1.9395901204000725, 0.18403833042060835, 0.1905244400563424, -0.7580862017776213, 1.6588845632891867, 2.667747253745311, -2.263849238719618, -1.3863607339501032, -0.756501968450455, -0.9279390570800221, 1.2123007602372446, 3.5229546984113633, -3.4243365896805598, -4.561961247254733, -2.6998102452009967, 0.533102220114919, 0.41774176022648035, -3.727017554372727, 0.5285456629018477, 3.1886051933982373, 4.020228067812995, -0.08935722141692382, -1.0596151014308222, -3.1576160981803207, 1.8433238130563718, 0.36161158241315583, -0.9504497821747812, 3.1046441889275465, -0.4106066166271938, 1.1807698413007623, -2.8438558656774995, -2.243104608737287]",1.0161290322580645
17,"[-0.29543395934122163, 0.2194390130157673, 0.4982314001785784, -0.6824544574686764, 1.9825481075990894, -2.1419017854901465, -2.4437200009767133, -0.052725215751670995, -2.4767542095918547, 1.5869278841014887, 4.007556970759826, -3.4383455212290444, -0.5622362095803419, -1.1356331565102469, -1.0548439987276026, -0.4290018431278232, 1.2166244195857656, 2.468256202921826, 2.3941496540187934, 1.1532557438897928, 2.0373838584082957, -2.720875274980793, 0.8229814871250527, 1.7038474762796083, -1.2191151478833324, -2.1046249061143114, 0.3428687619125026, -0.4698965418241091, -1.0855172411081955, -3.8512568996761956, -4.205111142093616, 0.21811628874292077, 0.3822246317005702, -2.847344581300765, -0.0554483760815731, -2.11892716427192, -2.7121311737361284, 2.140073651152809, -2.9674405726613737, -3.292549575272266, 0.2452471464870154, -1.6887762195365992, 2.8849970708922275, 1.776702269155157, -2.6625958696813203, -3.4170013900600433, -3.693452377186399, 2.2375352003285585, 2.62623944015564, -1.2268075146834136, 2.306817503258338, 0.9440410972319584, 3.288038179983638, 1.4305454410879161, -0.2772845767009513, -3.8755831860697048, -1.3334362957723924, -2.41041815340475, 0.19448973134106784, 1.0094464516783863, -0.7891110820377589, 2.3037943835137558, -1.7334635682983943, -0.1845396927383257]",1.0158730158730158
17,"[-1.983668949413188, -1.3239520893363714, -0.7708416060828382, -2.0666377668353073, -1.0535929235415964, -1.0992261330622686, -2.1029818775639906, 0.16363873310512322, -3.7975962731842414, 2.317581043292164, 2.8565846609424077, -1.4884641557711888, 2.4785598254788015, -0.9272489231463342, 2.1431795955167208, 1.1838804164852654, 1.2439926645712438, -1.3234977220355613, 3.4309655875330978, 1.962317954817394, 2.48160899697889, 0.6216087225343014, -0.8009135557735005, 2.9759679104309082, 0.7395230441398637, -3.9252279434026662, 0.34746846089483574, -0.3243804351184514, 3.401907640409326, -3.8666937454191133, -4.19423196525546, -0.8891755627207151, -0.6715854698057069, -2.76838249858281, -0.9427397145753109, -0.49983147230824665, 0.39346480072270634, 0.2228709246792524, -2.7762013510818266, -3.162929030936715, 0.9313427538587189, -2.4582655683565307, 0.056642883940291044, 0.08071131047919611, -1.5611156492704894, -4.514578785922663, -3.9238911831996246, -0.9242936600963663, 0.745943567008573, -3.719228209644191, 2.595846886566852, -0.6600184375868106, 2.8573293431335385, 2.9275449905365765, -1.3135210203688361, -2.0864262923750783, -0.9120536205423035, -3.0948647925118893, -3.476769263369866, 0.5702042872447772, -3.9085635725309875, 2.226653112634132, -2.456803125935992, 1.9300151755444719]",1.011904761904762
17,"[2.9990299153657536, -2.1772383977886425, -1.0314008168587105, -0.27284481351866574, 0.6680864122228239, -1.6359364687633695, -2.978656915089803, -0.4370067705254215, -2.5644398811464053, 1.5784520387849337, 3.8840584085757075, -3.706145889835171, 3.264396745507186, -3.646281137653506, -3.0940055487242963, 2.2951237141428864, 3.388901067335442, 1.429931207686491, 2.288226623826504, -0.1302722874640676, 1.453342267022418, -2.9728617568420836, -0.8758807075137742, 2.229751753403442, 1.7626648431302405, -1.4389122371585512, 0.5827449457066045, 0.06292938929147773, -1.931602264053307, -3.8429274225510506, -3.981019587728425, 0.537250744978069, 0.6870116172895266, -1.5987427210287724, -1.2494843778995528, -2.245838379963267, 1.3755814948647727, 1.7367468647881696, -1.494627927852214, -3.0016261570267666, 0.2667304399420413, -3.6947592761784565, 1.3016984650006307, 2.304805371812279, -1.965004092375951, -4.564454268362966, -3.6275373948682637, -0.417493600443206, 0.4089488148375091, -3.1545361590402505, -2.3520326911826137, 2.9399743907629508, 4.126072651427889, 0.3168135669780673, -0.6395584752288113, -0.9059357675741282, -2.906962511219277, -2.80105751953427, 1.1261991186977036, 2.125523615420736, -2.4764492948535297, -0.17198259313026165, -2.7035415751458447, -0.015479172320619072]",1.0103092783505154
17,"[1.5110609592821507, 0.48280982080396684, 0.027708125719865497, -2.810149653636562, -1.1506628672197248, -1.2070157854565773, -1.5976894433997975, -2.913474486015173, -2.5240575610213627, 1.6610579018515157, 3.91890447827807, -0.09932947872637099, 2.6902574593629662, -0.44974688955919506, -0.30257211255616157, 2.441917444203488, 3.4357250659967358, 1.958611803830499, 3.492681813937265, 1.582089957980847, 0.42725717150133224, -2.8839552901315724, 1.0890590199930017, 3.4069344819423146, 0.8479762605132253, -1.9752064693456104, 0.45959185342479203, -0.6589320911347243, -1.2366611607244078, -1.8473404101439492, -1.9607840385914308, -0.4842303668897985, 0.21458006796325968, -1.8135989463124327, 0.07442198213820794, -3.7082469921269428, 0.39234757661582936, 1.0369777897055665, -0.7726878840017894, -2.3415683503260416, -1.2314310255127119, -2.9501708987138766, -0.12727078532069147, 3.5248879255511887, -1.5686413640969126, -3.4496500047912777, -2.351129634225744, 1.4830613228435376, 2.485375183032689, -0.9163313657057871, -2.298257934282778, 2.7298087497091132, 1.9073358237536793, -1.0308728665951472, -0.48158884151100667, -4.013746978272171, -1.1455206625045222, -2.5956676243562358, -3.458704578177769, -1.120473193882209, -3.7059334488921247, 0.9162859179922137, -1.1054253642000142, 2.208035520459923]",1.0103092783505154
17,"[3.218758125179923, -0.4476586991531111, 1.1141794501962945, -1.7344238048410476, -2.265991479963975, -2.5810106704605267, -0.8596322668598297, -0.3010309067900492, -3.04656247661469, 2.303962955258201, 2.077358621963718, -0.5528183268193999, 1.8052122726540538, -0.7343698548167823, -0.5145145202228514, 0.529361195437083, 3.8438463188382856, -0.6026495123588289, 3.618584458016773, 2.058562853996479, 0.6129652889554074, -2.350060245891646, 0.09620494202870387, 2.9251602352754915, 0.2909082323935809, -2.0640412998086552, 0.6003504030163307, -1.7281164497624033, -1.8925469308428564, -3.6156662465493143, -1.7861532679928533, -0.6075256200671771, -2.2981963025912218, -1.6565885321946325, -2.598659941186294, -1.4268973653877424, -0.18758168323795252, 0.3157529190532924, -2.7044512001057286, -2.4291586470375606, -3.3348207788113813, -3.9168939582366384, 0.17562887490992296, 2.112440080954273, -0.7214534112868434, -2.762225328550967, -3.068818656222958, -3.3180545898393454, 2.0279164457781045, 0.45522827211290884, -0.47281664884246216, 2.3171065533467536, 3.830937310001433, 0.6206738767761754, -2.6595173802862564, -3.968776799226874, -2.4625840178202223, -2.3410376958992734, -1.5315318309686559, -0.7993747825500914, -2.847519882922577, -0.3240930565935407, -2.7700671358320372, -2.341637508772455]",1.0103092783505154
17,"[-2.00057572453662, -0.0007912457352552416, -0.788975749762877, -1.880195758974403, -0.4585030158737152, -0.9135553181814497, -3.522898826682778, -3.034515743037679, -2.6574948497537667, 1.9250891208601764, 4.020076064985022, -0.8702345598162872, 2.763512610753259, -2.1770966967716117, -2.398657045084584, 2.3706476252844246, 3.4829148669002814, 3.3390205494951735, 3.399053752718112, -0.03237193621721657, 3.299191476175558, -3.2514094716264155, 0.3050542242215311, 2.8278877079135523, 1.7764086634703022, -1.6156906614419257, 0.47473003658891244, -1.5027780362339782, 0.006754242778700403, -3.8101289331289308, -3.430076982957936, 1.829866730579621, 0.8296790330750876, -2.736682696219009, -1.8260450468607998, -3.366568904349356, 1.53471966357447, -0.21212477920831652, -2.0727069543975407, -2.7777587510071067, 0.3981481548105644, -3.021925620558152, 2.314956159588924, 2.405201986255229, -1.7386421523584803, -2.3083587224203743, -3.8515593194632674, 1.0968894907828153, 0.4243103582881189, -3.0194969301880192, -0.13275073943161697, 1.3662050921849396, 2.630327320410567, -1.56472823206143, 1.2650419217032587, -1.7387916409672508, -1.1007198251250454, -3.399404474895925, 1.1139082952851243, -3.1335033530865886, -3.0370011266369312, 2.527613792775112, -3.5038297680635897, 0.1751854735685046]",1.0103092783505154
17,"[1.5993730302332747, -1.307413095439782, -2.923816066643072, -1.6321193147784003, -0.35058165905123556, -0.6840141747798851, -1.6321201337413753, -1.1569050987524019, -3.8607315820363253, 1.3717440606113267, 1.3494810990559185, 1.81351193634437, -0.2901250969591138, -2.033465643311257, -0.20139606975831126, -0.18522949934176092, 3.6719658457690185, 2.446053355054894, 1.9113880768532239, -0.08149074595994454, 1.4451438063889366, -3.1461984460825843, 2.8899518943833598, 0.9318042383343905, -0.1905552823580423, -3.649292450348004, 0.5996872480254487, 1.6507287027422712, 1.2347987706148544, -3.7413683210834914, -4.071168482257096, 1.6819222929509758, 0.6536692253510366, -2.9816961736265313, -1.021129543635253, -3.87706512694326, 0.59052596955665, 1.92647121459416, -1.1461103500141623, -2.8116058088920433, -2.728077236142824, -3.939528244531215, 0.7496768667566559, 2.1630907539724866, -3.2905034090169814, -1.729902753265931, -3.146927145152868, 0.43480088883917206, 2.0716475666009204, -0.717084705945969, -1.021900911303588, 3.283222185230656, 2.775318297789667, 0.5297641358719598, -0.7601809832193618, -3.9076499032882657, -2.790155356187331, -2.374503107164477, -3.379373782746133, 1.933128866255879, -2.530828301133182, 1.3776391565699964, -2.728644653442835, -2.045731900433068]",1.0103092783505154
17,"[3.5798134537596695, -1.9430281304507329, -1.5190004879828143, -1.2745337766510598, -2.0439716673712565, 1.5253349741288793, -2.118606401932004, -1.1378876278486154, -3.6174771529178935, 1.0134946651414296, 1.2916815306843696, -1.6673117502816608, 1.5025972533119913, -1.847766949411687, 0.22105545008769084, -0.6096215639520238, 3.7895525990574956, 4.018571917706929, 2.4099510568466926, 1.3447207767844898, 3.3574931439348417, -2.1169707466315604, -0.08509759790647331, 1.7268240516242885, -1.7637685757237525, 0.2044682705992722, 0.64549667966341, -2.158649297129888, 2.5842585146091435, -3.1109602873332984, -1.4094290916525418, 0.7515687147419027, 0.40899379481826115, -2.4435909328928727, -0.906161466203609, -1.7181372761776192, 0.5223560134566478, 1.1806630956660351, -2.6884206703610434, -2.2558257146065843, -0.027073579345911314, -3.2653371370635123, 1.9194113255361391, 3.346040753893932, -1.509855036404715, -1.8919526235769, -1.6124073137302752, -2.1324146804412996, 1.5679553704033733, -2.10539076714727, 0.4287991809599814, 1.9136924250970986, 3.251506795947143, 3.8345949473944057, -0.4476752069264661, -2.978551494427391, -1.6946326176783482, -3.6704841033468485, -1.4692703984204203, 0.838764823867677, -2.9503850243100374, 0.6089295767623657, -2.6079374560723396, 0.3937062443538907]",1.0103092783505154
17,"[0.7471120087449019, 0.904538479023058, -1.5100794727624778, -1.044769559697847, 0.08210976488267996, -2.467955645478372, -3.7084660380315775, -2.255798952176007, -3.3210568506853724, 2.457611767293193, 3.4164551350883197, -3.685035413722921, 2.8641276207756627, -1.4269059830483481, 0.7063999540062751, 2.2054630780221514, 3.737685415614381, 0.24224914834667355, 1.0142138737936066, 0.05955356737005124, 0.5446727511234379, -0.7280501062715443, 0.9356549886261498, 3.4950273930574562, 2.5404826642429543, 1.0483591816880105, 0.6405818481005174, -2.656413178626895, -0.018526871506415188, -3.8691260951039808, -4.191321340058789, -0.523112743111084, -2.7048467093732573, -2.4308422010225166, -2.2796077005150526, -3.8808516882309183, 0.2695404223067266, 2.668660221498412, -2.4614044885520396, -1.7830650937387071, -1.493175640596536, -3.6775067696468433, 1.309135867981475, 2.6292704682703665, -3.3754880760809094, -3.5741631546406385, -0.9744663254956487, 1.408573234142549, 0.4113588459583881, -0.7986588036897759, -2.2228702208917444, -0.5512006154353968, 4.141302912513985, 2.5188796917555614, -0.6268347331456526, -3.717130759350143, -1.373848381533953, -3.1898223172497566, -2.627463558294297, -0.17553683669207854, -0.2514259219203234, -0.1879986986228923, -2.850790542030393, 0.40565617625813893]",1.0103092783505154
17,"[-0.8292244881284163, -2.1318309397695723, 0.5434270307703588, -0.3206854276244493, 1.7212102783789929, -1.5322464077388622, -1.2835341416894206, -1.6098619484950805, -2.499787925963414, -1.820537997045875, 2.8640146898156567, -2.0185266350798576, 3.0178011473072868, -2.9980701085107393, 3.4323266238204, 1.4427820370096094, 3.7670049440701514, 3.2969326673653603, 0.8752590387498609, 0.21284640436132785, 2.704052696584445, 1.0309497140780413, 0.8775781342560012, 2.151913350285385, 1.257939474771008, -2.4930217125794116, 0.5525285490318621, -2.455571423413573, -0.06968906438541675, -1.6208627230733175, -3.230435387626076, -0.26558220700953833, -0.9551135744234469, -2.641996160547259, 1.0527989272228935, -3.8007923580810123, -0.6062848165070331, 2.9412778048247716, -2.469690635722195, -3.488105938916327, 1.2240479256983698, -3.737564838927545, 1.0014128156502697, 2.1722069197955873, -2.4428935527066273, -4.476340577594162, -3.3992153748753346, 1.258187489284046, 2.45983294652458, -2.052514052692432, -2.2143654050636963, -0.0603537657390274, 2.528397560508611, -2.03532810805502, -1.7593335641171906, -3.2269278897719973, -1.089140694938129, -0.8600783882270426, -3.0802375217329, 0.7810603465556559, -2.880731565233182, 1.7649519744650313, -2.3241226688816496, -0.6469358488871386]",1.0103092783505154
17,"[0.42602888807516326, -2.141793057489081, 1.5983199377770987, -0.8875655109340793, 0.1444437018493332, -1.226101129236897, -2.455094480920228, 1.894117884445023, -0.13402163069697748, -1.1394249475115377, 2.2378880389101337, -1.468367979739478, 2.089723158903442, -0.22005365898468843, -2.675808945610351, 0.9825428764005335, 3.7865007190405033, 1.6514029811504032, 1.8444942800665711, 2.461924738506375, 2.1750341331001355, -2.366380207584006, 1.4686111640979163, 2.2539119911450576, 2.8624320328738846, -2.37218122060447, 0.4688281551703435, -2.7429604562779195, 1.344283944585765, -1.2669661329495296, -0.9505384977742302, 0.10269269069830975, 2.022339619253633, -1.5587036796570652, 1.1430795574241754, -2.6789479355092554, -0.9103255100796125, -0.9390445577789799, -2.9412489438817184, -3.441075560400953, 1.0467179491807168, -1.7565366585265194, -0.07480577006634581, 0.5891721694462724, -2.565682878816383, -3.4538375827232635, -3.8918223030778285, -0.3133060360503503, 2.229553320878526, -2.323763585143541, -0.641140102597302, 2.2314678076801586, 3.267609034564717, -0.7271914975266348, -0.7733767805851788, -3.2006055945894425, 2.3630721507498915, -3.226282499253126, -1.1588870590180071, 0.5084905058252411, -2.791135979109878, 2.0177594988537293, -0.5640548172710589, -1.338540402712129]",1.0103092783505154
17,"[2.4134745006287623, -1.4810111470457203, -0.06343861193143678, -0.8877043334998599, -0.5235299349098954, -2.520668982653066, -3.885191243760317, -1.8314578437704176, -1.7984184572335575, 1.390395920671922, 3.120760902289898, 0.36353454848126177, 2.907102087770634, -1.9933437937659575, -0.21800864632412847, 1.5756739166838178, 3.8354001648254323, 1.7787718210162935, 3.679116195886605, -1.6712884730370259, 2.2482631173319456, -1.2068120637709874, -0.8740099923822806, 2.5364403075677906, 1.0329499720430624, -2.6020741624632726, 0.6074531182753992, -2.3726608154094606, -1.1739963688151187, -3.5723347118562705, -3.83302611913383, -2.3465299004987985, -3.098382475256244, -2.785837064748617, 0.624062679445931, -2.833946588767023, -2.091034251866258, 1.362037249195983, -0.30083996691837767, -1.5942832709847072, -0.8125758921813662, -2.6527265338855197, 1.5666230388921942, 2.289641440956846, -3.0465851666289017, -3.9757533277725243, -3.25589910532905, -1.3513322912210846, 2.2388573243042167, -3.672624096835557, -2.5027793073645883, -0.7094989944263517, 1.6062248024640544, -1.1633584804172938, 0.6634453339432049, -3.4076797790518687, -2.1105630384789964, -2.7558416919220083, -0.4215077890859643, 1.6678177094927358, -3.612047819643417, 2.512264506031147, -2.1385798373518785, -1.7726631260233296]",1.0103092783505154
17,"[-0.14499901291237505, -1.678992605194536, -0.2472179654868046, -2.690249417547476, 0.7346603943939998, -3.065189714734731, -2.2665453635682873, -1.4248012914996648, -1.6203063935878708, 2.1279347226808825, 3.824639968014346, 0.41536372882425443, -0.878503619789301, -2.7771745579311897, -1.5796167711373967, 0.6424655239718625, 3.389284850433691, 0.5453405388554853, 0.5070272568708183, 0.1023273602892015, 2.260875025637321, -2.294867992824398, 0.20136205784157651, 3.543694804381839, -0.034570289435623014, -1.3421144613542142, 0.5984220319597389, -2.7011333758750853, 1.3879585021385832, -3.080442133125236, -3.712778577535605, -1.3640210442492335, -0.25215276160808164, -0.5621016736544071, -0.9221673707862932, -3.641044439971998, -0.8199159884961703, 1.93301221652742, -1.2750571535520585, -3.178063913358179, 0.2560976837476526, -4.135321830560232, 0.6832239760094301, 2.8546731034663626, -2.5683440761416683, -1.6231631832927829, -2.936268356252599, 0.17291426215355066, 0.8201709521080365, -0.17681420020580751, 1.0442869579728336, 1.6916759605855165, 2.911731923142278, 1.816544468447098, -0.4476547339347734, -2.5381613334393345, -1.4964923855271826, -3.081704625136429, -1.8365457711506152, -1.1256823970850691, -3.9484877062711905, 3.3838360166606227, -2.0111382082292124, 0.5540081277785869]",1.0103092783505154
17,"[1.458641574248773, 0.30551895521541117, 1.407949186978913, -1.361536603919028, 0.09662499798686597, -2.467595010564658, -1.1089614249617539, -1.6102135605781938, -2.7300181375237536, -0.48378382342409476, 2.4747630200485937, -0.8647382136212618, 2.143720977962134, -3.7389966466078364, 0.46225454472767247, -0.8211524395558416, 3.626372411675945, -0.9835854351076914, 2.3338866880041764, 0.7540518042215822, -0.3691874991818156, -1.1391594496381332, -1.3010996673389112, 3.428930141170223, 1.7808542184538378, -0.7965025532155847, 0.6266174268451565, -0.21142516159346214, -0.1901602955925623, -3.150771529243717, -3.8050705668355658, 1.3909615219546183, -2.7993538001369345, -2.978068599017418, 0.1796325775658788, -3.6462324609074326, -0.14875763593248925, 2.7234181795973744, -2.012024333366875, -3.0682662573454866, 0.9346068345795614, -3.8045844834979246, -1.1534705243270134, 3.2563804682174067, -1.0740554747548756, -1.1818818537873397, -2.274347120026258, -1.542036083158987, 2.6260195434972244, -1.7201959101192115, -0.46300480918062403, 1.5426194753487394, 3.9963934281297657, 0.30595783640924457, -1.0869378425582341, -1.6796692271754239, -2.271186864232533, -2.3957409652497774, -0.4399701749232504, -1.587357997780399, -3.3955253334941267, 0.22695868164398553, -2.961722358567112, -0.19967233421031738]",1.0103092783505154
17,"[1.8138849108280017, -1.4218439268816692, -1.0116198270087091, -1.0071665263512029, -0.8126500524734773, -1.8864274556281697, -3.854690343944847, -1.2560673857886053, -2.783854519554913, 0.9565637539929231, 2.6034825857179023, -0.6945423122582006, 2.7778923322750018, -3.6477700182536448, -1.571930018488131, 0.7976118837890822, 3.845690061325537, 1.392167702896888, 2.425445008014587, -0.33627618081469823, 2.469305513443354, -0.6945439826923168, -0.018176792876577086, 0.7834310469837273, 1.9736471435641194, 0.6559578588702977, 0.5742765885883379, -1.2500045994279945, 0.08104224874886778, -2.1079377555327294, -3.792904365176577, -0.3188543224943411, -3.1944743148676635, -1.7811975476832842, -1.1507163512268508, -2.5105091792703713, 1.0442784614317846, 2.576307123958782, -2.967051715981952, -1.7766405246485895, -0.9045109472450679, -2.342188025011927, -0.8797088934441134, 1.0536486962475609, -1.4136448482255974, -1.7835649347231293, -3.6677417934099976, -0.9242494388606393, 2.4382266587124466, -0.9334467576081711, -0.9512302134514364, 2.3073330444094964, 1.5507468959831638, 2.7783421158168666, -0.8530155460370952, -3.9253444285084544, -2.3721996378375803, -3.9600279326165615, -1.9374662748756502, 2.6366210317397534, -3.6673931168353997, 1.4694081300175932, -1.7374669240362817, 1.9767711196083546]",1.0103092783505154
17,"[3.81853456099086, -2.16690945626927, -0.32525561798165775, -1.3963179586014602, -1.6950778796571417, -2.5025901323271684, -3.3082994851355956, 0.5825207705609465, -3.6941856326438707, 2.2224117848030223, 1.6508931127170285, -2.6134246466048077, 2.6879165445140236, -2.3136521673655555, 1.9017433470925347, 1.9647736084690173, 3.737783403776046, 0.7040457168921319, 3.6725758479632193, 0.9603418746810861, 3.3026776759868395, -2.055358053102333, -0.06376864146557326, 2.2069380016016495, -0.3037306125070951, -1.549758947806148, 0.5995246693917329, 1.0050731424929193, -1.3085493122211636, -3.346681801812543, -4.225232506178479, 0.40783713091707835, 0.1342960371257511, -0.4977366307930682, -0.8136156306497911, -2.9428781297635753, 1.4551911928718588, 2.9087435750304973, 0.5227324733015251, -3.2158174516432174, -1.2501520253362326, -3.9009420364217533, 0.6596872320725088, 1.644496640047259, -1.1809829573972213, -4.611149600071186, -2.8248354372322453, 1.4006849047198078, 1.03218124377508, -3.4528463116272237, -1.4902149586127882, 2.9823292659525946, 4.140973197636921, 3.2108696133810803, -0.28543969249383294, -2.5845125838626153, -2.8886697502867795, -1.9115770374114125, 0.47825456663825905, 3.3285880057936277, -3.307735478167849, 1.4219243631944107, -2.484905469644502, 0.2032446472422266]",1.0103092783505154
17,"[1.5978241941474745, -2.2103867625265297, 0.19168830071968504, -1.5046766626764227, 1.2829568061266696, -0.19644522453213042, -2.541406001611856, -4.362698861737632, -3.2832003106558325, 2.0725109129050114, 3.773237878094995, -1.724494271252557, 3.1494164482610727, -3.507610006628454, -0.9684983420662321, 2.2520306908436534, 3.847158417539255, 0.1142517920277566, 2.604588344788011, 1.3949357136051277, 1.227791108360742, -3.071270168410508, 1.4999834571859036, 3.1931914580227656, -0.19428341257514514, -3.924155895300575, 0.48669132539350635, -2.6476810461693603, 1.2163734341092909, -3.254065440840189, -4.271028475372863, 0.19049727731945448, 0.23773781675063232, -1.266455461915743, -0.5162697779642672, -3.1930186205241324, 0.08300254817987823, 1.5238235863016751, -2.789183197299252, -2.926175405067508, 0.16881008287083182, -2.827130724291603, 0.21497279658644686, 0.8073454317121249, -2.2856878793141338, -3.945962177039644, -2.3564002457356237, 0.9238549210648489, 0.7519162367094461, -1.3817718811095812, -1.5136505872722408, 2.178567446882805, 3.477264142220937, 1.3826110659521544, -0.5344950464004649, -1.3151257607219144, -2.350704991686351, -3.9117310954016364, -0.23111202909288375, 1.599863827379352, -1.7182241459782812, 0.8033245230037023, -0.9562055518361969, -2.4902470822892226]",1.0103092783505154
17,"[2.485252123417659, 0.7304251658426133, 0.65086581735337, -2.7522328018535487, 0.8381231519053842, -0.7509802751988939, -0.567753488113969, 0.9519652593627257, -2.1328925321966414, 2.454810226439266, 3.9103110525183524, -1.8858636887788522, 3.39325716290909, -0.04896690786699298, 0.2116075375097229, 1.609822634294471, 3.631195982163637, 1.4697401606438378, 1.7293883315490217, -0.7710259324186864, 2.406011046943939, -2.5896619375215035, -0.45706529205125046, 2.418662365751555, 1.9277159066256129, -0.9153434730140355, 0.5922395954903696, -1.1903830280154217, -0.32826540079092753, -2.345457210883906, -4.2398849017889635, -3.0659432037358756, -1.021502013807857, -2.005224891472353, -0.7162135910258721, -2.48086885953538, 1.3507703928741295, 2.9013169513483126, -0.5040325809631714, -3.488973130435366, -0.4151254444680661, -2.4177648592490066, 3.000951052692488, 2.3769875455749245, -3.0148431123465445, -3.2604579487348224, -3.793199752910861, -2.4619103333562586, 0.9674630916449682, -2.3847753303528494, -2.2364335588731237, -0.2717561597103444, 3.0207487672258173, 2.1647330495861894, -1.2368048452098992, -3.728186215595933, -1.8803837162122066, -2.701206630950359, -0.36115264717166684, 1.6519633373355052, -3.711095551782677, 1.7460666689191129, -2.9572791633893445, -1.6012532121812613]",1.0103092783505154
17,"[2.2207068433991264, -0.6315618571539876, -0.6035962836817806, -1.5154431772299215, 0.7415669981598276, -3.0471556885086395, -1.8388030178588253, -0.22420258290913253, -3.041044488074831, 2.431370860730237, 4.002110682390675, -3.644576837372357, 1.3441082907872792, 0.11931730107081262, 0.23101355135364754, -0.8447604767636596, 3.7911442424008888, 2.0348489584755955, 3.657238965319069, 1.800341788292108, 0.4134913434301839, -1.6262571370339665, 1.4434937550108398, 2.1842983881377673, 1.3060908401298355, -0.2348864647991129, 0.5381134762906419, -2.3477310968484773, 1.0982998005214921, -3.8468092432975207, -3.0425127339695095, -1.189420254986382, -1.630344526221051, -1.3599361620422898, -1.6437506182264932, -3.5703297910768588, 2.6610277547309655, -2.428052793156618, -1.617309381080981, -3.4437116645907095, 0.20189730759398755, -2.818456030527144, 0.668816127159676, 3.1382474241793292, -1.7924858594714264, -4.5738302503411905, -3.9268476089647053, -2.4881465269870415, 1.4828771526891729, -3.6679988480572194, -0.928032897305307, -1.137957871041269, 3.9449721132957576, 1.158217663554018, -2.070390390711816, -3.675975524522145, -2.5369723708456635, -2.1026796645357737, -0.6295172924333508, 0.8129118096649313, -2.2663136284654244, 2.9222002107055767, -3.731903370078652, -0.9480127455942954]",1.0103092783505154
17,"[0.7913755508963419, -1.0152068080954235, 1.8120536999449026, -1.831001764570581, 1.8374690518242822, -2.2418184378726815, -2.853200847191475, 1.0319667254640537, -2.4520021900877107, 2.382249153064845, 3.1904076701219415, -1.7572972721099702, 2.810640413891885, 0.7706698704590718, -0.8929092005085932, 2.1709323870883317, 3.7226785295827662, 0.9369632425573469, 3.665638821331147, 1.611959737247569, 2.37445604004343, -1.6204440626597474, 0.8897362263356655, 2.101541550488802, 2.8960329260199766, -0.7005658039943563, 0.6264702000798468, -2.537780946027435, -0.5207045042166454, -0.7682361452413666, -3.8768003632155823, -0.39524504086579415, -1.7102800249560408, -2.1282995664895488, -2.275783697200304, -2.1350328150193105, -0.12966232952188195, 2.5975690120741395, -2.8253734049306622, -1.5015523823815262, 0.8086672178661373, -3.4870888723323907, -0.8674300299607285, 3.063841277557975, -2.4728529371184105, -1.5805473736021929, -3.717013899710411, -3.281570226205722, -0.3156669384404118, -3.5210110339573055, -2.31535892910502, -1.3177798022269194, 2.5834366121055696, 1.6545634630034964, -2.6669892782765103, -1.940894665695697, -1.0155349296034546, -3.2042199713306907, -0.3195786461452001, 1.4947815319287137, -3.012059722244254, 1.8996384383317846, -1.0160779712206434, -2.07193294825652]",1.0103092783505154
17,"[0.04825219148541837, -0.9341567838609981, 0.31353141456012323, -1.6219235517603752, -3.5525023136680742, -1.4534184902186107, -1.7460399719963773, -2.1187757076586253, -3.502024012952447, 2.377345321736284, 2.9870013088742113, -0.6318323039013661, 2.301719326271323, -0.7723827886567018, -0.33700490196141336, -2.131752023602331, 3.7884536805798192, 0.006551961620487656, 2.939720984454939, 0.21033137256309964, 1.4454230337038008, -1.1771789370567554, 0.866719674375868, 2.97686875524104, -1.381952511716321, 1.1020073047732175, 0.5683989948654002, -2.546656896906767, -1.1847186791512456, -3.0008461297232247, -3.1005250709773367, -0.005562312052470597, -2.7169986612390153, -1.8101791238821965, -2.4652499366698617, -3.0935119712697317, 3.2695431686391054, 1.1038643317223351, -2.9254484998172807, -3.1932203770665124, -4.249623821838635, -3.623172216033412, -0.7786888526376448, 2.5448203787954284, -0.6127357332433847, -3.289311202000478, -3.093477303529239, 2.466006373367516, 0.4707085839743419, -3.5097820501549277, -2.372123085658257, 0.7225746132749312, 3.930737742479466, 3.678443205705465, 0.05866466195628872, -2.3692303738095877, -1.405928945142932, -0.9140513252866218, 0.4667608688105369, 1.6531558011174596, -3.9273761992484046, 3.5956750515703515, -1.3540652377776674, -2.4670702596411718]",1.0103092783505154
17,"[1.9939273285779513, -1.1834411517229835, -2.083838291386596, -2.00662934063036, 0.24829203847029863, -0.787684654220121, -1.582273491475556, -1.8785898518204598, -2.6698529320976245, 1.6877442252754928, 3.9272151205493735, -2.8593443716408684, 1.124407588832561, -0.39679525184542297, 0.7341222881291063, -0.21833473157955108, 3.700880786885329, 0.1643489596715344, 3.1455178353965447, -3.19742329914242, 0.7587954406822759, -0.4748759522636212, 3.077363235370583, 2.661491859361946, 0.990239116394141, -1.9838953451235233, 0.7178250216175198, -2.726885902968277, -3.042856823693003, -3.85276666268515, -4.270119666052682, -2.2371082201195405, -2.0045029017919678, -1.844502090941365, -1.9734333504173565, -3.874183075864063, -0.2540935689815032, 2.9459410824982424, -1.1401797261988982, -1.5309833475388797, -0.04178535439823597, -3.5466538107335377, 1.429445698872129, 0.7511716018098287, 0.18391447885974221, -1.123030970854721, -1.5166214449503697, -3.2284436223668234, 2.6184732705544613, -3.090080421741755, 0.8058724523215606, -0.07290120986860837, 4.142218674278231, -0.38954483527735884, -2.728684626928736, -2.6193162558616585, 0.005250986104715971, -0.9170254432208742, 1.170947923779678, 0.37674711176728004, -2.9847967628949155, 1.5929718936679755, -2.637093666479366, -2.105766086739627]",1.0103092783505154
17,"[1.8171303284058637, -0.49687537849435687, 0.997552798511341, 1.0927936767034736, -1.5383152261563273, -1.2270608507348284, -2.979584588555368, -0.44153949091851286, -3.762169283549186, -0.394849100758746, 3.259271854910818, 1.0033922100709918, 0.2886593614191315, -2.395173029358731, 0.29995468739820363, -0.9990040492776135, 3.589179754541707, 1.6401805915179604, 3.4439651125947264, 0.6475064910667214, 3.2770626293586487, -1.6362848103001661, 1.7201432937787509, 1.4602271999178733, -1.3212291752384298, -0.4612026190626104, 0.684047744400881, 0.3363592394672956, -1.5770876361167736, -3.8612076681307896, -2.908289780868732, -2.1072859049244848, 1.5709158183326761, -3.0261605306881565, 0.4424809369338911, -0.7380069572798358, 1.521272746684055, 1.6086555437889387, -1.991159450604381, -2.6878460602908536, -1.8054713447056636, -2.234051000873595, 3.0519636355115076, 3.5208682056082496, -2.8921817887377816, -0.8206520228319603, -3.81058523842519, -1.330787587285716, 0.43407531940382427, -1.0296974492215152, -0.9564233280137422, 0.815763799775698, 3.4854667843939535, 0.3627547779713719, -1.0422615408808285, -3.2047913209067755, 2.8596502627067344, -1.2556724991886183, 0.7845735681882339, 0.5314705300605194, -1.8324638003512348, 2.8098050428396215, -3.9477612379190377, -1.768908446454268]",1.0103092783505154
17,"[0.3914106536597952, -1.138522879523637, 0.968519342596051, -0.8750495928418613, -0.7619763188030038, -1.8671636982406554, -2.046384408756695, -0.0676410214692289, -1.9048119886720123, 1.4896053988405773, 3.607532911204049, -1.8430433490967542, 0.3557816610921325, -1.350422027764742, 2.1125913308242388, -0.36657832428537585, 3.2172276681120446, 0.7403226912927607, 1.9963688401028077, 2.612830338718302, 1.1767452758492305, -1.7504834425230675, 0.4997514898654474, 3.510078044366252, 0.571959657349854, 1.087998379245259, 0.6912196013314784, -1.498541234488689, -1.6664887537355977, -2.305612670455033, -4.270365788768017, -2.6734215742063996, 0.6537568441801918, -2.547580108593627, -2.4257453687474753, -2.4061297098121837, -2.8787050767784392, 2.907825977432575, -2.8264336712099323, -2.8743297277646525, -1.764489306773115, -3.45091131623854, 2.277544649494242, 1.8335317712154986, -2.3729182140840175, -2.341226985490616, -2.07739129610255, 3.21794631517513, 2.5262376613541933, -3.5530781075853217, -1.62968047998763, -0.9856613806484216, 3.940473937393249, 1.4416714630517484, -2.7318604458254767, -3.561073247103672, 1.4538979482955772, -0.632776453821304, 0.8776668811899212, -0.6135418705202533, -3.395891642419845, 0.8353052820932296, -2.2135495689170392, -0.7248354364798666]",1.0103092783505154
17,"[0.7376623399156681, -2.0883599813451452, 0.14952123123322014, -2.5678128320665277, -1.4748899349974796, -2.497129441193141, -1.7633489428129645, -2.307801610784334, -2.770543396725886, 2.327029275379011, 3.571126828285088, -1.536810402024673, 2.803224943941442, -2.6685945725109064, -1.6505047477343822, 0.36600944727779805, 3.4428069960752565, 2.051959974293962, 1.5052033234270579, -2.490261411485127, 1.4314846363280802, -0.7025748493313078, 2.0300552886085943, 2.648490175153683, 0.3814161508230869, -0.3228720009535697, 0.5805985589004456, 0.5953217872039562, -0.07543015969751898, -1.9184993276708813, -3.6843654674368373, -0.20333481530922987, -0.7893258716468022, -1.9271178012811587, 0.3711831897718243, -3.780948209097065, 0.6794731798554825, 2.7816012606062976, -2.5188433960701877, -3.3746142037490174, 1.9388509889013696, -2.6009159765226677, 2.1357152027802293, 3.218124256283837, -1.5585700120097186, -3.7027067037573187, -3.367212691735985, 0.4213257684800878, 2.1200426211733814, -2.2466689008598117, 3.0342747823752, 2.987959441670048, 3.9377006027321384, 1.6378142182050492, -0.6265809779286828, -3.8721460570245463, 1.524553263558818, -3.2041380385887024, -3.372712787301749, 2.3222623038572783, -3.93782109067377, -1.3146848859616271, -3.844561113835417, 0.9073729957034518]",1.0103092783505154
17,"[1.6702173875225639, 2.33755596080739, -1.735554236566506, -2.839956429709489, 1.5757119341902102, -0.41733608628616015, -3.214888182624092, -3.194066397812679, -3.6145935617433995, 2.106956568769116, 4.023879302423473, -0.666662267767704, 0.45884086936052615, -1.4223442789035508, 0.4168392839949038, 1.4015290596171575, 3.7324371844267086, 2.5677132025706397, 2.2335198066007393, -2.2760940295680685, 1.455004638088372, -3.117936622066712, 1.271957354428313, 3.321199896697152, -1.6875400286937765, -2.1516157652933687, 0.668974969436285, -2.1289448425306032, 1.7097216543781775, -3.2656882944269516, -4.152188831292405, 1.5690910785914574, -0.8089627558873662, -2.7801766692302845, -2.807234375817686, -1.755309910480596, 0.3099322597144092, 1.7497306031661863, -2.8726072207252127, -2.4351219474153556, -0.8882374086289497, -4.124019463790212, 0.17374306939868878, 2.6154648950809976, -0.5236656149457848, -3.924175181259929, -3.058143552470754, -3.288286901584583, 2.092990325129554, -1.061385728282735, -0.9994752944297709, 0.0460737054475957, 3.09777468115511, 0.5326189324851743, -0.09481188388587025, -2.9627585547632544, -1.3479760872766269, -3.950716510268211, -0.1418773840654557, -0.9670465229756648, -2.4296576686710623, 3.3375353203949025, -3.7616858285581287, -0.7630175039954823]",1.0103092783505154
17,"[-0.08499790185129608, -0.48914863817841825, 1.3492693005996899, 0.46833511427134167, -0.5226796355528887, 0.2957733549344872, -3.7489746648952864, -0.7298886439644323, -1.9409077568525772, 2.444418711931593, 3.5845299779052042, 0.6050185202690317, 2.7942525817323745, -3.480467667748841, -1.4886177752412908, 0.19486469460190864, 3.279583508545177, -1.2506137427995478, 3.510981922437261, 2.280551973267812, 2.8543917076736935, -1.7440742732816967, -0.77585107950055, 3.287586038742095, -1.989898032913188, -3.216090319400897, 0.6151527899420733, 0.670938598176341, -0.6693357128461066, -2.2659180588019963, -4.269877254997114, 0.20717017989939884, -1.3896886791554317, -2.477402405000488, -1.8655023165626465, -3.5279335058766197, 1.3994265984423455, 2.3039220801372697, -1.9598898996147662, -1.7558343285412432, 1.9261218116253793, -3.4648294086257536, 3.2806075753719517, 2.9411777509028685, -1.5912960041078292, -1.9598971113169035, -3.8503146935276926, -0.943748737822848, 2.1379017250921684, -2.432325802567729, -1.2782308935507605, 0.161291461610223, 3.45592359671186, 1.0879252013251128, -1.4606798801732974, -1.818127723021048, -2.4797447915313726, -2.537050409162053, -1.7028435975798732, 2.0026616378028947, -3.419399225386999, 0.6862398165884085, -2.812681882295828, 0.2128105484594487]",1.0103092783505154
17,"[0.8109005821006718, 0.4158767947703099, -3.061616259846021, 2.094569246835915, 1.4062060399140885, -2.5825296342295756, -3.85698690484867, -1.8852461530468223, -3.2820973355991088, 0.5542612678457228, 1.3774420357091446, 1.7146193170671693, 3.4703287638565965, -2.654397738891242, 1.096669345566478, 2.322517054480599, 3.5897170888535004, 4.380452844145076, 3.692153525636145, -1.263946591942532, 0.20406479225122798, -3.132550245027259, -0.07264662330520949, 3.377533658759603, -0.09334596762118186, -3.325453717849294, 0.6738656618366674, 1.3816265115964834, -0.9723585032328811, -2.839334550908999, -2.877918552248348, 0.4306107097164735, -0.43654855765305367, -2.407352824079131, -3.1242475069671096, -3.303744635142537, -3.395674300950315, 2.5469408212480227, -2.5817153670308137, 0.33326144124112256, 3.949272412880735, -1.2316242848802958, -0.033626652164329696, 3.0738266353625203, -2.330874635460824, -1.4821097121794904, -2.286265344622998, 2.7110471898657917, 1.744514684461369, -3.723674471224867, -0.8322007701057722, 2.714367178830139, 3.9772501381426224, 1.4844737627144406, -1.7682372747795059, -2.983667683091075, -0.26963437820759745, -2.8649039494686113, -2.2413504877126673, 0.1660806918252229, -3.9353350702916585, 1.6131606735623283, -3.674882565494837, -2.3517562618014947]",1.0103092783505154
17,"[0.9157892619378474, -2.4050615912053175, 2.0490024122800348, 0.030199556221393253, -1.317276770274184, -2.5609485692098213, -0.5859486651465526, -2.178042345036827, -1.4720453763374837, 2.454916082321635, 3.3516168031592817, -0.16355523848627052, 2.949910778836567, -1.5633417973739583, -2.6680893771375733, 1.640318818716868, 3.75764892530454, 3.290960653344894, 3.6715774352986505, 0.26421055492221845, 1.9804725254044195, -2.860563648251255, 1.5189996331080402, 3.539973094379925, 2.206424471278836, -3.693352679604235, 0.4853669492372694, 0.5252134236825889, 0.1546164815692966, -1.3528949519311677, -3.7113030608259754, -0.8212649156842475, 0.41655895829791545, -2.9344924646311847, -1.5568919657943745, -3.765028195222679, -0.560695020118552, 2.9417363034666772, -2.257509974915595, -2.937393398571913, 1.8333257980683844, -2.912247598302987, 1.0792397524635766, 3.157507988104083, -2.610378719240165, -4.0987090411998555, -2.91360382277261, 0.10527716173458379, 1.852367425318905, -3.156030789109626, 1.3020569464306924, 3.286938347533934, 3.6621894519491507, 3.491676728638958, -2.7300580021990166, -1.7695416484942528, -1.6668707497889264, -3.0958958559626657, -0.188540118924877, 0.474354955337862, -3.2664351185446603, -0.7272075536893812, -2.556659588749419, -1.7954953033787675]",1.0103092783505154
17,"[3.2677079340238455, -1.7919507785979845, 3.8602424041258767, -0.4926218834234938, 0.7421776613177703, -2.9355463643852175, -1.7661326815417584, 0.3211732141369079, -0.3218643359366542, 1.2340940477355304, 1.7906478266398782, -2.0456350282297695, 3.4089359606760796, -2.8966554202541546, -1.6531809158579933, 0.23177272529274906, 3.6305785185789317, 0.9094312521918481, 3.4818292451768933, -0.4838551272917183, 2.3347010839543243, -2.994104622440304, 1.6146082192071591, 3.401888498436939, 0.5749982640329057, -1.7739496880722179, 0.672241739175353, -1.8584330526541384, 0.7474662380634471, -3.594908276323582, -4.256091898976289, 1.5145971256981086, -2.662650050467241, -2.999476241204049, -1.223595494564892, -1.2063171464743396, 0.12125662322221453, 2.5618672272399174, -2.8225314516069147, -2.434886053809808, -1.4777493868867833, -2.385742187715279, -1.8940391054567476, 0.49343864251826175, -1.390631504284197, -3.999370465971662, -3.3198532185318665, 0.37276934550989393, 2.530827446818632, -3.00908529093544, -1.701033685720011, 2.539892316973283, 3.983740324037653, 0.46132383706389135, -2.398344630328126, -3.0263595357572717, 0.1895433068018677, 0.1706705966574229, -0.44251310955252676, -0.20940821170985036, -1.3406156428118763, 1.355152650510297, -2.652622428977182, -1.468058830640472]",1.0103092783505154
17,"[1.3983426296377623, -1.236600485892054, -0.20774037969562886, -1.1780278710018106, 0.9602789974353563, -1.3139731466368856, -3.037406451522245, -4.042257327114861, -2.978034641630441, 1.57004443415771, 2.4781865813219617, -2.700809461443045, 0.4164464456883419, -0.6803434268119017, -3.0109771781104215, -0.12703853112896657, 3.6245114019324642, 1.4573413563177096, 2.4194253541338138, 0.8541039606342236, 2.4098027478747652, -1.889706771759746, -3.1531468303718606, 1.7264127658645452, 1.098960845785824, -2.9610070310163548, 0.6247483207024433, -1.7510196097241209, -0.46408504339800594, -3.168144555260586, -1.834198955493978, 0.6922532683218374, 0.06432218922221877, -2.49367456574109, 1.0596079820450377, -2.8799822113211846, 0.8350813298513137, 2.9460664717654916, -2.908668935411178, -1.982910291141875, 0.4980086541269556, -3.9186855546453074, -0.4194293386841119, 2.755582698208539, 0.18050627158546062, -1.7764609617180411, -3.2242579949996717, 0.6596910225161988, 2.4504660171352803, -1.646460372570643, -2.4455882893180823, 2.4986952301847873, 3.9998007229418064, -0.1498359981355466, -0.42601019417393515, -1.1674551354865992, -0.3775557923402279, -2.2161088650292533, -1.2588719432853792, 0.5543589455730457, -3.9439793260527143, -0.4855471818037178, -2.0246114777240676, -1.7895364779935927]",1.0103092783505154
17,"[3.0832182955648415, 1.255879561128265, 0.9064520773476075, -2.5686377058716428, -0.6316565357016349, -3.0118257209498793, -3.103947923672489, 0.2333283774359729, -3.3460390752888607, 0.6916112577113842, 1.837179060205766, 0.04678914727037764, -1.2736391490869838, -2.2391933650513023, -0.02222385443011199, 0.04357235210750621, 3.668411188153082, 2.387243009332604, 3.164987473655177, 0.21822546357720812, 1.7630152203429872, -1.6249206791536945, 2.7878910629040052, 2.938866692154699, 0.018715833630201448, -0.7559790087027385, 0.5969168696469015, -2.190451186062961, 1.8782526019752486, -2.4903532473768966, -3.525825119607931, 1.7113155178053234, -0.8420353488456247, 0.25983887396034344, -0.646675730673036, -1.3075961940367706, 1.4579391919939029, -0.31059335080766104, -2.9652504538381046, -1.795171344317098, -0.32460028150854303, -3.8260807011207003, 0.23850834104849872, 2.646381981312624, -2.0905555878312274, -2.5058571742347784, -3.9244820575810784, -2.6062085080013713, 1.3334672002070083, -3.122498941040278, -1.539769263673537, 2.0232811105087185, 1.841387468807402, -0.7692394034970558, -1.5987747664254612, -1.645173402651837, -0.3456319621595586, -3.957882753902014, -1.3072794073640117, 2.2376837935210605, -1.9266403893313901, 1.4275971425242069, -1.5920035001577073, -2.675180282702318]",1.0103092783505154
17,"[2.0951961824123364, -2.3147114515805005, 1.6218240787967142, -1.7700641882470347, 1.3047657084810973, -0.7229688913707242, -2.711461037641115, -0.7922723094815749, -3.210158494434201, 1.2498101986015508, 3.4576244478878353, -2.153369353951219, 3.351539895505477, -2.819475078459069, 0.8324832020998244, 1.8442535256796357, 3.593510099098367, 1.627327921804028, 3.616956452657076, -1.5619697080666246, 1.8231665309978022, -2.1710904248867298, 0.6716199248150901, 3.515274170534017, -0.37556723969619066, -3.64406610696123, 0.5217832218252028, -0.6859601293276479, 0.6172922475833779, -3.1621115727442324, -3.348990645848604, 0.49301056281665157, 0.19445911124685789, -1.3142442762541977, 1.814395364205379, -2.6526377541780857, 3.2344506940872946, 0.31061529968469337, -2.4459927374346147, -1.9694498593578083, -1.888388264230891, -2.837472897136789, 3.281279926076145, 2.106071814672089, -3.383885003078869, 0.18040536672926022, -3.816108221328646, -0.4821609898961779, 2.6118233910808337, -1.5586257449745347, -1.6359419045057653, 1.5053801373270537, 3.3926596651032233, 1.5681319518339052, -0.011229301453256735, -2.4501882916122844, -0.058415948555387565, -3.944777752071636, 0.1775008823504165, 2.3671085949541104, -3.8418014048048237, 1.6942262660778016, -1.408387476858418, -0.41100952493286325]",1.0103092783505154
17,"[2.605376420960165, -2.385667829310197, -2.0269192486612737, -0.4237481468960145, -0.4349800023261574, -1.0677409215114693, -2.196698391351809, -3.141136045107341, -3.5051011298328913, 1.971264605367133, -0.158776501730308, -2.6744410104370635, 1.3536472650880897, -3.3824374861875293, -1.0382321425356276, 2.4097538846446698, 3.9168630974597827, 3.5174164322433787, 3.4641170778778805, -1.1796194745966924, 1.2212014819628332, -0.957084760959875, 0.736399360160714, 2.9115823726077257, 2.223759070964639, -0.9426352297003956, 0.61594858412515, -0.21376125261003875, -0.8373760035601321, -3.470572415248764, -3.0640192287704364, 1.881334081728834, -0.9674979224283796, -2.9221330610064893, -0.32054337620775347, -1.5754207774651596, 2.40321760612844, 2.747643863829635, -1.119407317335811, -2.2142813610652192, -1.2192435734119478, -2.751223008085342, 2.4517419050170024, 1.5538708486591886, -3.418270999303445, -3.8869853172336084, -3.9228008968106627, 0.7297170040385224, 2.5521973083996405, -1.6892247678496526, -1.148939915859318, -1.2958401092688123, 2.1486239023154026, 1.5996950387695343, -1.035987314313048, -3.7388544732574185, -0.059066043891403075, -2.0568959813025014, -1.6873230467804798, 2.9993458428060364, -3.1947684056859282, 1.3787013112961006, -2.5779673382515624, -2.688909880350532]",1.0103092783505154
17,"[3.847086564277746, -1.8063860905876747, -0.2705764109112418, 0.2778224597749599, -1.351813017645367, -1.341980766528903, -2.1333960922475175, -1.8335667889459262, -2.6469321905853036, 1.5607791392521677, 3.84432145665759, -0.9622311620314871, 1.2799870770420227, -3.3652101687350306, -1.5808177602801845, 1.6454582295995384, 3.6952939884958345, -1.9711124365563162, 2.6376954433320643, 0.6460144071404218, 2.9497736227637437, -2.8639374204234045, 1.0081498176471162, 2.5045348561185534, -0.4272771151985707, -2.7814300469857214, 0.604476580434476, -0.9928102043711599, 1.0024573758406716, -2.0569506472009134, -1.928831826137011, -1.506605365443599, -2.4330455606057404, -2.6941702525195987, 2.32690036970216, -2.859968357385684, -1.3005535830871184, 2.0782601228166473, -1.1231268828597392, -2.1147671574505846, -1.5094624710946734, -3.45425506368664, 1.2499169800703387, 3.352830463606742, -2.3883506464205877, -3.1007875255232706, -1.7792760015046212, 0.5836427423919431, 2.171353947078999, -0.6042273684506432, -2.6119049979658158, 2.5895661456419905, 3.1132872380723224, 1.4849595925877617, -2.6411897312299675, -2.57088085371438, -2.903311726406318, -1.168192861057823, -0.2785417921390757, 2.3647676397471584, -3.4171400068655187, 1.0462977669072053, -1.9043852415697948, -2.633289234592592]",1.0103092783505154
17,"[1.469316825211399, -0.7485867451431962, 0.8393190019630803, 0.8600847428350167, 1.2762507673174832, -0.5977610647145009, -3.450334629386223, -1.0495289669770105, -2.9910460433676214, -0.3937013379949277, 2.5379006123446204, 0.3442675056736526, 2.135067955582889, -3.2956042396280845, 0.48758509852477677, -1.5743831014458982, 3.3892298214421883, -1.8021083901677997, 0.7538931567171558, 2.072200612422171, 0.8853718960904335, -1.5724926583030228, -0.7032595731640281, 3.396814984439251, 0.2346614131925682, -3.758790892630961, 0.6715749048129741, 0.6091350251740186, 0.7369287078565309, -2.4303242381657997, -3.553415083022659, 1.357383537919707, -0.6560232284158207, -2.587397328520431, -1.9958263903827804, -3.2885475238106037, 1.1288920787062142, 1.4871341621882184, -2.5506978959997673, -1.7211473873268885, 0.248188429635216, -4.136038421501938, 1.767449598957937, 2.548578055904625, -0.9700185205335125, -3.1230152354352683, -2.6148962974954935, -3.215835252638119, 1.645743070113497, -2.6728573795702895, 1.042749584142897, 1.2730130700061362, 1.4018952713508666, 4.2451875864463, -2.575635978925069, -3.829903569686974, -2.8118297150292477, -2.004623765100191, -3.4805253615289664, -1.1414403825368158, -3.919494378632972, 1.850349985411066, -2.847576066912107, 1.3012261978297177]",1.0103092783505154
17,"[1.0283744785569828, -2.4402033435786747, -0.15432346769120547, -2.8406944662621627, -1.2388989421830603, -2.9464476883454473, -1.5447836870981129, -1.6927446093648368, -1.877673260369612, 1.7276752051950546, 0.9123509694972074, 0.27632725380633105, 3.4713556017817955, -0.8088874108213935, -2.3619092417155136, 1.3741737568764656, 4.015231986062132, -1.6400611703195755, 1.7965904676799762, -1.7802574809779348, 3.294535326542172, -1.1708997988368905, 3.3288982261913627, 2.4760647438163934, -2.008056629866241, -0.7357823183333168, 0.6957998155299875, 0.13621104181150123, 3.322360003144727, -1.9360081102039384, -1.4306089840118155, 2.505369742471798, -2.4325785529807966, -3.0189885807179113, -0.020370877303450108, -2.4871878494163644, 0.36603256133406414, 1.103946653500363, -0.534674489240889, -1.822838753096816, -0.27386611018384954, -2.0649446263345963, 1.1854735535644365, 2.2503910697861866, -0.11288817030376808, -2.5363256267550085, -0.5010586596371671, -1.0658510193988107, 2.4610521481753036, -1.4080164199384706, -1.7673568116746914, 3.1050133877905797, 2.586865875162766, -1.2272703928780249, -2.5145131676194232, -3.5794226693170508, 1.1384630400610707, -2.1765323091413196, -3.057669948785314, 3.7891070211676037, -3.1448852617616474, 3.0427965273697484, -2.4708013440582555, -1.2750202338892307]",1.0103092783505154
17,"[2.1614658538035254, -1.9799511671163588, -0.6120162242824593, -1.7534981080751426, 2.171627304999021, -3.040581137375085, -3.8762654483656616, -0.2715346968215089, -3.7358540461206315, 2.0656041121679496, 0.8606747799414549, -0.1249306067821021, 0.8446160418820297, -3.1094050070323167, -0.35236828111844753, -0.33452665791000624, 3.648563794778431, 2.908464014943079, 3.672105340465156, -0.7489308513453209, -1.7507130728653015, -1.2960922078788404, 0.698524383369144, 1.7924516691209313, 2.196119685507769, -3.7737618663443566, 0.6324594801373499, -0.08885878113620094, 3.0873654002229927, -2.82379843078637, -4.25011512756714, -2.38222426388296, -0.07716201157065572, -2.9441898013435277, -0.8589105114376513, -3.577717805018043, 0.6641216351634851, 0.7644701856789075, -1.5796227847837627, -2.7988447225855246, -0.39618058903079045, -4.175568383940877, -0.5745372514032645, 3.524265914873249, -3.389763019051541, -1.9608486531781735, -2.147656305138625, 0.4614175449985217, 2.609551476869481, -1.9996677148207085, -1.4534027339833882, 1.836579086691723, 3.0373723604291265, -0.3964689854583069, -0.25401090216492017, -3.925487867726615, -1.5247583692707198, -2.690696664667269, -0.5902450245864947, 2.3682365483592194, -3.869661866712557, 1.5955618215532195, -2.1565196812673957, -0.21179279922989047]",1.0103092783505154
17,"[1.0833838031616956, -0.40144606358169277, -0.33881508556828827, -0.6607949613028619, -1.309161777932997, -3.0119875229614728, -3.0366094541781323, -0.5797516027451669, -3.775301337976125, 1.594978177858128, 3.421327450670822, 0.8450024471483369, 2.6780613597214287, -2.996104012165235, 2.535392781941476, -0.2270829965695227, 3.849625632341778, -2.942613728921112, 2.92101105036317, 1.33778221521445, 2.525348679063281, -1.9309470169657654, 0.4611071527786173, 3.0346777055875274, 1.415984155268553, -1.8500202240687273, 0.5333953569306712, -1.2056618279262405, 1.5292837894884328, -1.0593304299407489, -3.8787639175978903, -0.5870023458514465, -2.60751109616401, -2.814305735951187, 1.5141040968421189, -2.9902226914369097, -2.727392504134326, 1.3096155319336886, -2.617245765908897, -3.2050259708245314, 0.48820567196325043, -4.0101598358267845, 0.6850904934793296, 2.6679065682219214, -0.8695816029286039, -3.5823421352011806, -3.8365534196342095, -1.8533845293122295, 2.052318489803601, -2.86374207085963, -0.5023143059294701, 0.8265094464899524, 4.0493864496771375, -0.023419539361229647, -1.7010881221058827, -2.920400357169833, -2.6905531715210467, -3.9603223065651405, -1.395797019942119, 1.5833713533432499, -3.913795179282847, 2.0674821668259384, -1.9340967696795652, 2.5404058789110486]",1.0103092783505154
17,"[-0.04010410702797973, 2.6966695810713075, -1.149581451742858, -1.5832458395411302, -3.575146295429497, -1.1438361935008765, -3.384775156750189, 0.21257263339104782, -2.971782465353964, 0.9769375671543172, 1.5858280319919493, 0.3423595433501827, 3.1125355613227725, -1.1353635879896729, -0.35473453929751386, 1.8725635231199513, 3.948781827453638, 1.912271718873832, 2.4976930306304093, 2.2904883543154684, 2.692829232947646, -2.79221770813148, 2.912192684545388, 3.5548729831672325, 2.8702809092956163, -3.3633365238472592, 0.4193005622639041, -2.612296278779377, 0.23651265524684295, -3.7711457181837513, -4.244097111682639, 0.34938284277058046, -0.5449643307547993, -2.9462197030727713, -2.7397378122820637, -3.8199664916106078, 2.1268123526258984, -0.47263167319409105, -2.335368001841392, -2.206174778061457, 3.0456043660847274, -0.09392139162574709, 4.064981581464453, 3.0181831206264773, -1.6097985703044222, -2.6681117833803003, -2.7800106456108704, -0.7610428700034505, 1.7320614295706078, -2.9746487507681776, -2.4561361344752095, 1.5341942647521787, 0.9657423576759665, -0.01991521229800941, -1.817420799736418, -2.543494036390353, -0.6957929383168234, -3.867184708511488, -0.8257247905066158, 2.627692831151728, -1.5589205408167297, 2.644436777265369, -3.544343104061273, -2.1723044858977243]",1.0103092783505154
17,"[3.3081484665344703, -2.0427231380647957, -1.4425863579826372, -1.2154888235834382, 0.4959546875839056, -2.9581747499805253, -1.7748450792083283, -1.2967832743630683, -2.3336224052151198, -1.5655390283738533, 2.5926521113959042, 0.329854388650767, 1.82003105130523, -0.615338381575983, -2.7099335830227615, 2.4022956902837875, 3.697453259434563, 2.918082767109722, 1.8623191089734337, -0.12491757218742788, 2.027696973931953, -2.6202765913474058, -1.2972037385134865, 1.4802425635417968, 1.4309880614309325, -1.6287922736090705, 0.7060690223258761, -2.7092712700738097, -0.6373936864864328, -1.131078382584734, -3.8099284958086512, -1.3680681606030178, 2.2452947691497176, -2.9466580124173456, -1.9517123150926818, -0.13792560944480758, 3.2427987622769225, 1.2724586087230239, -2.696481028945072, -3.466784376123954, -0.1598188021170627, -2.72302691941385, 2.760986588143351, 3.4815840831949987, -0.96613411598982, -1.2717243858866345, -3.4899158272183133, 0.9334964779926183, -0.10257911741757919, -2.0684337150803205, 1.223667209861694, 0.14139459679478317, 3.3648596668492075, 1.49451292592025, -1.7686481175069992, -3.8760424544880685, -0.8678370109477647, -3.049213307253483, -0.7977772079982575, 0.4769000565476875, -2.378852523743088, 2.4257580483053207, -3.5092887913696567, 0.48141891179797097]",1.0103092783505154
17,"[2.184719482082133, -1.1272696563262752, -0.009482138649244853, -0.6155152172035813, 0.6573727992144784, -1.537211208025592, -3.7053636029348365, -1.8733242647910648, -2.0126561092679838, 2.3955158481916587, 1.6084478390697479, -1.2523581736604805, 1.5951763384782094, -2.647793105003573, -0.09366431601004352, 0.1360090944335708, 3.498598782028708, 1.0590938219868462, 2.663792115853479, -1.1236214409359926, 0.8331211204615832, -1.11613657794361, 3.3243943692526052, 2.172502058236736, 1.6998402051696186, 0.5354863945713195, 0.6042148053096974, -0.7358601814182193, -1.3198249979423262, -3.6146983609974517, -1.339769099422206, 1.5239107319384502, -3.4167884131093085, -2.988735353496773, -0.6114469677944812, -3.386018542539043, -0.3424587661933554, 2.6778392879227115, -1.7328460144850426, -3.367212515500826, -0.33774224344978065, -2.67452222893913, 1.6245024607989569, 3.5223501195783538, -1.9737571656046464, -2.9331380518947876, -3.2171365427406515, -0.01095666963998232, 2.3163678941433568, -2.1962767669310725, 0.06631947941184357, 3.2320845204161324, 1.3374247535456383, -0.6645860392961618, -2.7423695163076944, -4.016024211060641, -1.6225395567783072, -2.7319827135275183, -2.6232505118462863, 1.6459227464439425, -0.7868860516364116, 1.0875638826587988, -2.0584728572150093, 2.278471948367406]",1.0103092783505154
17,"[2.606581008782702, 0.005413588992966734, -2.54094109523132, -1.6218657015964397, -0.008831924332097785, 0.3515783923726019, -2.9346525347840227, -2.5598118693275396, -3.723246203077108, 0.73654051745886, -0.045180751932327734, 0.8475113457328809, 0.37854248721953443, -3.730115254080563, 2.518191978555278, -1.2856115188240353, 3.811100014789156, 0.3056140534653591, 2.8197701605970873, -1.2248505032232186, 1.034652529508012, -2.35640072849, 0.3938722306697326, 1.8359806987007037, -0.5073300593357333, -2.7732820470467145, 0.6015263227257468, 0.6895634341014201, 0.41053092094387245, -2.4407910158485073, -3.6114201967881865, 1.2220317990713838, -0.8288749974349942, -2.542347828183426, 0.30417795671613046, -1.9197666731146688, -0.17405686811024856, 2.6100920565640724, -0.5493772011657505, -2.072003268824236, 0.9949021340929658, -0.3638552905014363, 1.0275911667166688, 3.4777414662310693, -0.08259650904244253, -0.943628651076319, -3.927293485426298, -0.3773194323840089, 1.3043374716723233, -3.308200878246958, -2.0514808214883784, 1.1736470536237533, 1.523017955832581, 0.554677783103751, -2.0912757397475423, -4.043144981259992, -1.9994336916334559, -3.9376281495846808, 0.7295231042807973, 1.6977558174813037, -3.8706290535981625, 0.9711434195550342, -2.727041798180031, -1.065790997504728]",1.0103092783505154
17,"[1.7748011525036067, -1.2243767948370554, 1.5842932504463294, -2.7434080207259934, -0.7706077478665894, -1.5936511237189466, -2.4285880874503163, 0.2150572280550116, -2.03066874982273, 1.4518835721234322, 2.205645436009723, -0.35090713224923764, -1.175131948844125, -3.3185554469605854, 0.09182957886185522, 2.2619959240818837, 3.35639154051173, 0.9159497973463281, 3.6268317723577894, 0.7650043243347049, 3.329523937001524, -1.7307720078438855, 0.3341664330121382, 3.5399359691139094, -0.10594948419320216, -1.3968069296977401, 0.7046855602346739, -0.7916272404138216, 2.6525531068559363, -2.4507965585134714, -3.49003760267981, -0.7624522786757222, -1.0675671561588218, -2.552360430414998, -0.15936132495162458, -1.9167402947916632, -0.5698463424356435, 2.5874334634970917, -2.1969619703796646, -1.6380976447839162, 1.3902111757387785, -2.959852976667062, -1.756291558308192, 0.8119554318501327, -0.21745168713253804, -2.7422792913718808, -1.9938684469704224, -2.1744540820389378, 2.5416870798057456, -0.8404538301967466, -0.5547545051219711, 3.230354977645897, 3.8009926216098435, 3.1439709591052765, -1.8976253254743845, -3.154696310201574, -0.19366205380234192, 0.41817035226108734, -0.4504893428770301, -1.685769629072988, -2.9479886625109355, 3.8244150939864783, -2.438426339483899, 0.771065278687765]",1.0103092783505154
17,"[-0.41313059151725173, -2.095266279394972, 1.7124177002847243, -2.8413924526255205, -0.5029446645914541, 0.34146472697639263, 1.0751801807484571, -2.201982562273131, -3.851931864737177, 2.452978843822278, 4.010278736015213, -1.8463468454674552, 1.367206801095164, -0.549328770758905, 3.755408813495607, 1.1009526613833138, 3.673982382058414, 1.8910222278266877, 1.3094199095177403, 2.0053261996587906, 0.2503253509706058, -3.262720707672345, -1.4301939027186696, 3.1064314751917834, 3.4645823532468594, -2.4161639244614452, 0.3348664660821732, -2.4253945442726996, -1.0979907809009135, -2.5424700893984236, -3.6526280458986493, -1.4096538032652752, -1.1200155619107963, -1.1877893783689188, 0.1363095461520154, -3.730356047695571, 1.393932193301229, 2.229355619949888, -1.2170861980772276, 0.4313344637330978, 0.3373077938833626, -2.8304971286583434, 0.35378891493057224, 3.519473881952576, -0.9340500585934659, -2.269072146738016, -3.8944296631663513, 1.0248450606491268, 2.5727578664947743, -2.8071573759266832, 0.7384075789689711, 2.163708724276848, 0.5279665601683423, 3.556896907194034, 2.487373953862028, -2.775436024374474, -1.585714396581591, -3.953492946666559, -3.344050078960853, 2.1223824490777172, -0.31881787170784737, 1.1990406762628107, -1.6900013060990657, -2.6013243553817897]",1.0103092783505154
18,"[-2.4905403788142264, 2.8040077819552773, -1.934417553782201, 3.5517800391604184, -0.8152508164904635, 4.01368844722, 0.8712482956687855, 0.2800025542215074, 0.5288705886794007, -2.2062087918850546, -3.3697052380328483, -0.6802954942447939, -0.17916318802113468, -3.1441090962110305, 0.7246304069729663, 0.46512181378464357, -0.8836714806214252, -3.756724205436263, 3.3551383676284536, 0.2866928145572829, 3.211571070863747, -1.6895518257598683, 2.890534317548487, -2.712373541289262, 3.697270479849586, 0.057532610671318096, 0.01126936883296039, 3.650423203392939, -3.8380928099136016, -0.44782409056719974, 2.5961012257855254, 1.8334305240355924, -2.855827885217814, -1.2973119381787819, -3.1382553050930673, 0.740636320371209, -1.7547975678716041, 0.27929193165447486, -2.834777327256658, 1.7417672829884638, 3.6279051911357003, 1.2237548360864239, 0.189026871368548, 0.901334884555081, 2.001558061909938, -3.691504641119842, 1.7553818622077517, -2.3270621196552694, 0.6831795552223988, -3.6908063351790936, 3.237357346241485, 2.5191959245142317, -1.524954280704356, -0.10964173629263196, 0.005698848802851764, -0.6243263594551903, 0.6225311648287144, -3.9462714202542033, 1.1766853572870524, -1.7590793063698424, -2.6197803691524344, 2.668584799967315, 1.6659553113678123, -0.7080503810389944]",1.3888888888888888
18,"[-3.912582715408663, 3.173808502864325, -2.4760176298000283, 1.838903330156917, 1.4925664410720243, 4.082142369835084, 2.3053169550284016, 0.5674141496608762, 0.3778107751800357, -0.8366561645282193, -1.6678303055754402, 1.6309383679428326, 1.1130170703533488, 0.5624391747592461, -3.087407278289177, 0.7863750080637207, -0.9079772139846081, -2.485300722989453, 3.6876044947264766, -1.0907205614175266, 2.2299562335006176, -1.5066268019947686, 2.5825800744415237, -3.6604579357147244, 3.6699251391017853, -2.281454930782786, 0.07596359447874379, 4.144014645933306, -3.2281283011562456, -3.2227629720904156, 2.613491859409692, 1.098109490833849, -1.2091339127700174, 0.10545923504674337, -1.4789672531829623, 2.2373130649209165, -0.05935303848697571, 0.5218273031790279, -2.63201308399804, -1.1159130988239558, 3.361850804426548, 0.9258312032913354, -0.16599679531712197, 0.2868997931177684, 2.3786532606433157, -2.961051429029801, 2.6467821771357682, -1.3243630778413111, 0.8506406372833245, -0.5340165452468365, 2.4152912554092527, 1.0665421657145244, -2.774502364911781, -0.08454188372957278, -2.691328113074569, 1.0210466033816379, 0.6724810969360671, -3.4448716533294004, 3.5821378783107645, -0.7952843228053157, 0.43018556374941075, 1.8825249958681547, -0.19418585792095389, -0.19280491423904633]",1.3888888888888888
18,"[-2.287044662062573, 3.2019846237900462, -2.0922480629302793, 2.9728307730580235, 4.126432324588046, 3.614414952839421, 0.5760263598857122, 1.3461652252065655, 3.151830683690392, -3.210697219329885, -3.139462355060352, -1.2339331903886253, 0.13401485570331137, 0.7898606504208505, -1.109264813885627, -1.2346127835993577, -0.7328229366213398, 0.1690963472266367, 2.4218880774183122, 1.131243294052386, 2.5333175585191343, -0.741766935942274, 1.0280601506381457, -3.2159970786662786, 3.744722277437837, -3.0061481911640398, 0.2106007683065882, 1.7544872404131775, -4.1355695741677705, -3.866736359392191, 0.7981570835877523, -0.5263673026646652, -0.26768853323389774, 0.1575143894123645, -3.1542720662418025, 2.967223533795711, 2.333498146015338, 2.6579949637284566, 0.022410641038329238, 0.9862446046199814, 3.070192174497074, 1.2778984353000675, -2.7017678334238466, 0.9239697704227827, 1.1644480330705196, -4.519719825820846, 1.5310752999715205, -3.485540435654951, -1.0291730539548096, -1.5885316236934406, 0.6109267501156799, 1.2262233538779115, -3.2880981128310927, 1.217465630216864, -1.3468305630106798, 0.1638329821380179, 2.5836866419733364, -2.5080025386532743, 2.62729950287442, -0.5306848016743089, -1.291043220110168, 1.9985682062437018, -2.3690717323994903, -0.0068052996672006705]",1.3888888888888888
18,"[-0.7409680707760542, 3.3819057433909614, -3.2348969629248483, 2.316435823580388, 2.721153826411038, 2.566975455493731, 3.187054917235891, 2.5248453747006687, 1.5707481328352406, -2.5932963254335446, -1.452412792762788, -2.8181099324022845, 0.28042994252153397, 0.6059504547976471, 1.0322109822829961, -2.7926504026472605, -0.780348150224952, -3.629494669563846, 2.3315956579322332, 1.3639345155774918, 2.7429657204670663, 1.7774391391569595, 1.6853711993010567, -3.5143398071842546, 2.337870648394107, -2.949078726476188, 0.13051917694761028, 1.6564303508838942, -4.112180126762685, -3.828890987439285, -0.06425605661013989, -3.055232318062387, -1.6115794016142306, 0.857356432354286, -3.0685234916275954, 2.1189919049094366, -0.4587572922923199, 0.4763678126697557, -1.928947260781244, 1.0074611745955986, 4.059796916090698, 1.4594253085858795, -0.6504322372095477, 0.9473797603394079, 2.1613205024298705, -3.3313372244435095, 2.64146581872085, -1.3399930000967586, 1.2718567620279084, -0.09614406995488656, 3.3650975471648046, -0.5482290781304464, -3.1311986705513433, -1.442918849986946, 0.4835095280508397, -0.0837178649465582, 1.592729684249008, -3.6317039805496574, 3.0973301420111397, -1.703978251220846, -0.5752548587708163, 3.6588884861181192, -0.5560308030051354, 2.681150363598667]",1.3888888888888888
18,"[-1.7702279607704872, 3.6408229581197182, -0.8113406499566675, 3.024604472767471, 1.5410818896583582, 2.6675829318462947, 0.9978525228787498, 0.9786574127617974, 1.1483087973459754, -1.6648223780876519, -3.4903479737215592, 1.3846981523614017, -1.1477929179031394, -0.5450430073936255, -0.3300804245379366, 0.532491831407323, -0.8201017458971986, 0.8124881830303285, 2.1212235028882644, 2.6213005280798325, 2.4017404670930684, -1.335071829416043, 1.4137321663548845, -3.4585061523136433, 3.064580336389681, -2.642533984918598, 0.1621196865054988, 3.9128066479834396, -2.421716986120115, -2.135973887173872, -1.526693356837956, -0.7706506360575943, -0.8225206927704173, -1.6451400497588562, -0.8391174222930347, 2.4309296694256486, 0.18597010946210712, 2.8673486076279726, -0.5666936063052241, 0.5908917683102219, 3.1736746534895612, 2.6620363230452226, -0.6929887249277009, -1.1071571425605558, -1.644957329716404, -4.045436726024188, 1.5498094059497705, -3.4886116338233615, -2.17663997098515, -0.6805517611876044, 0.539267206783669, 0.2906527955261874, -3.622452481205193, -0.07005968150690745, -2.4183771966515457, 2.023449299702376, 3.3978366918890104, -3.9195139437611406, 2.2660693172882502, -0.6651069568719922, 0.2830716506903852, 3.809405165106017, -0.03928903009340301, -0.9063839169252028]",1.3888888888888888
18,"[-1.1097758110235967, 2.4401826651175997, -1.9465768665485903, 4.127397240267516, 3.3565681071924214, 3.2944447799567658, 2.7838435426712165, -2.3303059145823903, 2.830552165865624, -3.231040971855293, -0.8542495364767501, 0.6326199220986759, -0.7559138388145852, -0.6575100212659732, -1.2914705888330964, 0.7178328653925672, -0.6840292238377734, -1.9593378385275655, 1.560377767844236, -0.5740263302037681, 3.147146505558902, -3.1407694325318163, 1.1027689186053362, -2.3278920489918975, 1.7682755075127625, -3.0479256192368833, 0.21241174061895873, 3.1716973171327334, -1.9226763320505085, -2.326171984770597, 2.408261823761877, 0.2798803223023876, 0.3227202669983308, -1.4526793053280727, -2.721048255844954, 2.194224242835019, -1.7796363671016906, 2.736554248627038, -1.4908986658902892, -0.5722924041247186, 0.14898045917940395, 2.973690629552742, -2.296998466513302, 3.266614701678959, 4.086244979556853, -2.7022108732358943, 0.8395168515346967, -2.0606954001404585, -2.0243242901352834, -1.5662397945162365, 0.20055893301813033, -2.599192169706189, -3.721874479254328, -1.1760032703635228, -2.2717322292370126, 3.5230103500185366, 1.124039648059844, -3.6479938036306243, 3.4224095462887276, -2.1034596535527896, -0.12733265726152643, 2.231938862365795, -0.46099966956898614, -2.5591197621006265]",1.3888888888888888
18,"[-0.3767633234039651, -0.006661837438320273, -1.8548806912507865, 3.4440045611609618, 2.436625873813957, 3.390989704735736, 0.9883048962384743, 0.7539425016603805, 2.664302190904559, -3.2182503798397284, -0.40303786117298124, 2.043007072573279, 0.8725533119514144, -1.7319298056459893, 0.4730028037247454, -1.7641196937383627, -0.6890119917398483, -2.1952079827700244, 3.6417589943607647, -0.8643621520687925, 2.0836859292101364, -2.648582557890011, 3.0728934903974205, 0.8678752539195433, 3.3307409792161593, -1.721747602668624, 0.05552506653878181, 2.3462797501726436, -3.852550131382513, -3.560977440421884, -0.9858901362380341, 0.4698739278305095, -0.4064603208719696, -0.3077593961081144, -2.4751501150781205, 1.5806536734601273, 0.3557273021237862, 1.8275987133718152, -1.9020664588866598, -2.507852240400135, 2.0940094160054405, 2.261094287703553, -2.843886896936558, 2.062421402905111, 3.8205729581011316, -4.573160151987133, 2.5883733171771293, -3.1611638414869425, 0.4949112423251121, -1.1513771745887573, 0.05641305189113066, 0.17789321124620272, -3.4881822791116033, -1.4095200324372463, -2.6857730379019924, 2.2801148948836523, -1.0140746792154032, -2.6359353439771254, 1.5704830885841323, 0.3064232840477177, -2.1516488217624095, 3.6041623386078614, 1.0556170621412602, -1.87971965399552]",1.3888888888888888
18,"[-0.15990132592883483, 2.914595716057393, -3.0296434236208527, 2.806287456683112, -0.960252425844708, 2.746506249784146, 0.9109871873023284, -1.7950655413213932, 1.8943645586316649, -0.915513410286205, -1.7348494327402402, -1.684490553088124, -0.6688569555951045, -1.5368686964836593, -1.4193226020069885, 1.3497472770312688, -0.9101086436443149, -2.6015521100181394, 2.0271845353233284, 1.1932482969441336, -0.7779843826583224, -3.1599130190077886, 2.2056402909092974, -3.7329753686396407, 0.8989114377692027, -1.1534371423865133, 0.23522846091962313, 0.27953100704287337, -4.189421739300988, -2.1553093523070985, 0.7978320216237575, 2.227174634828839, 0.9297584891345262, -0.33394964383793735, -2.8463361229342765, 0.9897734641113272, 1.4818909370539213, 1.90053378332355, -2.536389434475862, -0.5626166093957811, 0.7673101271636846, 2.8388997452745186, -0.8358643606248788, 0.7561982787778718, 4.093737829796979, -3.924367336678327, 1.852002171144521, -1.9349161787596543, -0.1475135352714363, 1.0024308001456268, 1.173124793270223, 2.54015161479988, -2.6394602781118497, -0.6795201979507404, -1.7993336392101904, 0.9582355827315792, 0.42079969319447663, -1.3804524245703291, 0.9565870566419075, 0.9187346644542294, -2.234123423960862, 3.8304478801670028, 0.35126321870092925, -1.650928455380776]",1.3888888888888888
18,"[0.8302347911058461, 1.6561441927360299, -3.213572578353053, 4.302731817976898, -0.6040499286851674, 4.108638326770113, 1.0570779931332952, -2.021717637682742, 2.094026280841301, -2.9075543180667767, -1.836354383820468, 0.3437943187348931, -1.5705651027660354, -2.3549112336358933, -1.5016445563081702, -1.9856587685070017, -0.9269857496613416, -3.161816455449151, 2.8714450709217805, -0.41060944150877676, 0.22873065963113626, -3.0445781091028543, 0.8589956491498553, -3.0874834822002115, 1.989258626965883, -3.6969049972136094, 0.1938977010031624, 0.2471304838299475, -4.225771299325869, -3.4597284667486274, 1.9139210017512351, 1.142109020704679, -0.123427545146516, -1.5573382327431435, -2.338924917604863, 0.667730721443621, -0.37531842984466013, 2.9000980645330925, -1.6292356790367926, -0.30792363985293414, 3.15484547671064, 1.6750584836929283, -2.3847661895666654, -0.05610138879648163, 3.5227389737055215, -2.8877508369802563, 2.4556246328353835, -3.648552099353896, -0.7004422014189955, 1.1023217978849051, 1.8139614438885425, 0.8048274604875162, -3.307344935463693, -3.079223284384989, -1.644779920871498, 3.368169411767247, -1.3333236480870498, -2.0820415525139726, 3.5593494794340628, -3.780731044333275, 1.1316417152974634, 2.0748899321005343, -1.2308929555516273, -2.6454226890142367]",1.3888888888888888
18,"[3.7771002274004752, 3.6546370350946944, -3.1383450313368204, 3.193286849469873, -1.2040859629778145, 3.5756936641569985, 1.0722556994085555, 0.3548353614793397, 1.7583312531924982, -3.3170029705027133, -2.218740272259387, 1.2276655982239166, 0.9363069699247115, -0.0010684231346165252, 0.37814609946340516, 1.0979894776881258, 0.884234633544466, -3.4484053819834832, 3.338469154666956, -0.31031722685595703, 0.9651911747356303, -3.1212617567661356, 2.525752831741308, -3.6432821107821236, 2.1209703706246716, -2.8719614274987566, 0.4658723036978385, 4.0603683512425865, -4.180872320499965, -2.1605644487374045, -0.7862534188404549, 2.277090526972961, -0.3556910171185361, -1.017816263274884, -3.100645719036361, 2.201167933385114, -1.4657319421799604, 2.8882160324840687, -2.848052036639362, 1.9719785944946793, 1.3509433631880383, 2.862730600357242, 0.556346903615883, 1.5407812433106203, 3.5189192324125727, -4.569522717058553, 2.8757733145795763, -2.2843331849798982, -2.231323216702176, 1.1746814837939366, 1.0731756083335726, -2.8209631112004177, -3.3776446824599655, -3.0898589514201307, -2.6609722325224885, 0.6631623921960397, -1.532133872895418, -3.8788852545803927, 2.807249927802556, -2.027654124595228, -0.7494245913586556, 3.6595462847144353, -0.17651180314226367, -2.052880776217968]",1.15625
18,"[1.4695660938324913, -1.3452101565213883, -0.2617466044134158, 2.4601491013457477, -0.45848686216532775, 3.7768740427362655, -0.45550681109046964, -1.5865625906847483, 1.8395521409731566, -3.314026703992728, -4.193520607554972, 2.400848138649017, -0.7729841015881371, -3.087253441934689, -1.732769480348165, -2.70508579409554, 0.8966471180464537, -3.9615008209138884, 3.5406165721963494, -0.6716392379364028, -0.07520106317229613, -3.266798414923856, 1.2217971868358202, -2.7482581233434558, 1.802317600820857, -2.1687521650597987, 0.45967861646121166, 2.685758634761567, -3.1689868960951455, -3.2869537033781238, -0.6871178497338519, -1.2642152324438651, 3.851076361864058, -2.647995979774219, -1.028128986772973, 1.0969572206688258, -1.067285649100318, 1.1956009284372084, -1.8538150205157224, -1.3810542439093219, 2.194766302205806, 2.565036428440498, -2.8585678563846413, 0.045284611400222996, 3.158576350340342, -2.363372646478606, 1.0540068135400824, -2.9994714217143086, 0.24743582045832135, -0.16909921472533232, 1.3031976549849884, -0.2305686065096153, -2.216739520259546, 1.3036854336254635, -2.6919097136116195, 3.40821480715408, -0.8104999359197202, -3.959023369653538, 3.6922859446900493, -0.5017934685499063, -0.2491780831934162, 2.2110424261462462, 1.9996692541433785, -1.2918170985259076]",1.15625
18,"[1.2093751737965948, 2.3407325680082924, -0.9826855984181686, 2.5707897261012334, 3.5580361887217276, 2.0189150721018816, 3.7375888138937605, 3.194145422505831, 2.9897580043672454, -2.917548414255979, -1.7170471003054093, -1.549192875135026, -2.7829109292844056, -2.7190584804372344, -2.268491858921426, 1.4028457449395628, 1.123135134729218, -1.7556547969748177, 3.6578091621651003, 2.704361717072074, 2.563539506411163, -2.856985790981801, -0.1262207247375562, -2.1535444237433436, 3.213365876134234, -1.4504206087157532, 0.4365474779534063, 0.28246827049359535, -2.5440328272761965, -3.3834511882309335, -0.3166292091372114, -1.4849715056138955, 1.7558276273174283, -1.5772067107274468, -1.1246553487764956, -0.42968945027329386, 3.019930909018281, 0.5057176871214455, -2.7336621205548193, 0.5673827696827496, 1.61111574320426, 1.7953725042311994, -0.7773905886239533, 3.195597422518029, 1.9151106666657383, -2.174746279519983, 1.660362590675978, -3.4803550985687846, -4.25148240823785, -1.8262195982062217, 0.5396656702433988, 1.1502604177964444, -3.6211488197542847, -1.5014752051087095, -1.900222997273716, 3.3991397468984696, 0.2015088534989321, -3.334921613593499, 3.501327240388927, -2.9609280560350575, 1.9933839175183112, 2.803749051973681, 2.5251655195683527, -0.49553737175863866]",1.15625
18,"[-4.243186118339733, 3.1979981514471634, -0.7249925126089896, 1.50354015457747, 2.256193563232514, 1.6669226176193153, 3.739046354363745, 2.34347309491232, 0.18644246411203513, -0.7609863711087252, -3.081944737826876, -2.7779464607953424, -3.743182977026519, -1.4406601276048252, -0.7676281420308078, -0.7154020163749295, 0.820058266076944, -3.130631029285313, 1.1691075300374951, -2.8315426757323436, 0.491918410581921, -3.287957834320607, 3.3214582902678207, -2.8766746494258544, 1.9591235255959387, -3.9422016077142077, 0.4196682413768049, -0.225671251046907, -1.5799392363652918, -0.3206449523949988, -0.5663077657324813, 0.949552080926501, -2.577930092402222, -2.843205479176907, 0.10978588047467286, 0.09639887209465274, 1.6874327051577884, 2.9388264669723076, -2.8268164867974006, -0.7945318057018083, -1.1226735270175014, 1.3089909887031412, 0.7515780402968182, 3.4812524279407353, 3.7420075953990195, -1.6481733751660668, 3.026477628499367, -2.3674880742365496, -3.417266670722327, -1.765242948852153, 3.5458392040136295, 0.9612732850310051, -3.4453549028870336, -2.080865756803357, -2.4173245596928457, 3.496684353123305, 3.579194424259436, -2.332456399851292, 3.1563012946348756, -2.4257525559877124, 2.4408021700023297, 2.356403364704625, 1.2251285702821755, -2.0042412412599235]",1.1538461538461535
18,"[-1.6303931678625359, 3.074517419768386, -2.3229438200179566, 0.2126634246651784, 3.1163871055374894, 2.609450797032512, 3.006418848121064, 0.42234356387988736, -0.9995718502945564, -1.5918502278820859, -2.5516189601880104, -1.231005430293422, -3.554760753014465, -0.5461500589916143, -1.9193744965932145, 0.41330827995506836, 1.2031013211125834, -2.678719417138047, 3.5547164015479398, 1.878988137444591, -0.9760417603821643, -1.9666259827000783, 3.2982107347401444, -0.3400208488974088, 2.1330261521284495, -1.449284478474907, 0.319901289076127, 1.8634525236003423, -2.0392716323719275, -3.0821689185469783, -2.940564495867294, 0.626675594563519, -0.6549448082723264, -0.6559131172278594, -0.9926842853394732, -0.9231378607844543, -3.293380265731684, -0.8924132803160132, -1.9651491908704717, 2.3458592562628917, 0.1831345787965444, -0.23326950319001738, -1.3087596588799446, 2.3763025814660033, 2.2012513801826183, -2.7834674809631568, 2.4508749275457586, -1.5496432680498695, -3.844025600187864, -0.8210283195217862, 0.8261808323580415, 0.2536509314480557, -0.8199414772368585, -2.6006143615900728, -1.521235399263909, 2.138875596362541, 0.9647950843717987, 0.5502018620810335, 3.577458062773549, -3.4914458792113674, 3.0047903523234423, 3.830037068738632, 3.8307170481323825, -0.35098573076983275]",1.0333333333333334
18,"[0.9153943641786162, 3.1797358667823286, -2.5393209074835035, 1.4051921812944892, 1.8607746417461584, 2.0728049542904667, 2.8985472406488215, 1.0348452443721219, 0.026899610153322318, -2.8059239137611494, -0.9625244185527912, 1.2692234522878847, -1.1594374208867173, -1.8798839736303359, -0.08919345032046189, 0.6726377691493832, 1.12391430662272, 1.3783515455786528, 2.142148974525842, 2.3015776234638565, 3.15129163593965, 0.43103265907743205, 3.333315798016377, -3.61084803074318, 3.125635527674188, -3.1184958629038357, 0.39876557305034344, 3.744494870710461, -3.920028467943414, -2.727032271216377, 0.18430453073830333, 1.1784499212992212, 0.988685644627736, -3.040986848290641, -2.5236530351578264, 1.3358901549796691, 0.3608993826720248, 1.1109036292843704, -1.5463806142519587, 3.5820548892293074, 3.6191419084203336, 1.9463483189245403, 1.4160369849979395, 2.20871511716973, 1.8020895807110704, -3.2525061364626113, 1.7179367988271195, -3.280561432643732, 0.42088261595306253, -0.18576418780581716, 2.2228050543858235, 1.0724804220272686, -2.8999305956321155, -0.7484862898426172, -1.0760680532804474, -0.0007954331731024888, 2.3703976996053915, -3.6898163869355027, 2.3386015714937898, 0.7498266027538234, -3.4504486994658037, 3.5897667709968495, 0.14178259245829916, 0.04963394981984026]",1.0327868852459017
18,"[2.2403014127592122, 2.531634343148211, -1.2534833980804447, 3.771061262339897, 0.26868686396996067, 2.129886440227278, 0.35466754027762537, 1.8888292242761333, 0.2089190981425011, -2.8541898170462225, -0.8957919414536275, -2.2702824035800995, -2.847436702993775, -3.650134599679535, -2.1810663778540547, 1.6344315313204578, 1.21033816189571, -3.105119252165884, 2.664667361280439, 0.5002957409566339, 0.25517439408442805, -3.014005745472977, 0.3863058429004218, -3.7108062937749313, 2.250703611051189, -2.463235791144447, 0.3789772414110377, 0.5784920479241029, -3.328194468480379, -3.8651652396886953, -4.182193184982568, -1.622001216186006, -1.2144086959446547, -2.0087964252096935, -1.3497496529977844, -0.5204751289534502, -1.02125229704972, 1.8489509384681653, -2.8805881522919567, 0.6071255116422374, 2.5156252737033435, 2.3264373047169067, -2.788669389653989, 2.7532246436382266, 3.739120225206815, -2.60717304393066, -0.32685335597759435, -1.077375478016482, -3.473553001708148, -0.6920236230561603, 3.2837204488476655, 1.1027718339351338, -3.680356322897127, -1.7416731163054295, -1.9223142278784051, 1.9711409909474082, -0.10041409176630589, -0.8608331369167523, 2.5384538970653336, -3.6375315463955102, 0.557880941846061, 2.062037979820647, 3.554954670540522, -1.8875949119277975]",1.0178571428571428
18,"[0.5252095233917269, 2.634284907473471, -0.5724651419620319, 2.75948649527509, 3.6200140915542356, 4.04339569384984, 2.6407590817056477, 1.5067404938788074, 3.1466198359349855, -0.7733533945349962, -2.064794387789234, -0.6678688351391487, -3.7543761057368448, -1.977784330730963, -1.5010664677464223, -0.5027546969627681, 1.270578536342897, -3.0295278851509075, 3.545130213071161, -1.2190412610776131, -0.7302049471402321, -2.1037777391852277, 2.3506297876337565, -1.7230786958944178, 3.736975860810895, -2.7769254915371655, 0.3152489780622676, 0.7396785141862372, -2.007235065158709, -1.9171398996398867, -1.96417940791202, -0.7716610524559171, -3.2067047386585434, -2.7743648047618743, -2.695691214486428, 1.0954279572916223, -2.561051327416539, -0.7865393051147604, -1.9677183516481094, -2.0344888184545526, 3.220671368759816, 0.7059795162219649, -0.5836960959844946, 2.713758698204897, -0.06596543912822206, -1.5057004707527797, 1.3195673374718633, -0.9464108249354249, -3.2504001083988627, -0.8380989262532217, 3.5016865591619095, 1.1158804893925178, -3.732895163745083, -0.8941336098495767, -2.5485632158538287, 1.9167872048893184, -1.0299728729782476, -2.113371328806581, 3.6724030008096578, -2.9271542479637587, 1.691409872314848, 2.6292440061977995, 3.1933396388993955, -2.5745288044889683]",1.0175438596491229
18,"[-1.6213401923422106, 0.40230149987420544, -2.831527211502493, 2.1385136707556085, 2.0281495118200263, 4.1235331031167854, 1.0707375777801242, -0.7158244374999567, -1.6794273069554049, -2.2545277008306033, 0.13835447622086905, 0.3855984205722124, -0.03488174256728804, -2.8888412327425437, -0.8316617294915234, 0.11672213547033677, 1.5540400172670155, -3.6291201153657022, 3.6414298666390272, 0.4089393258785707, 2.102309519865071, -3.2859014301166725, 0.003978090359277209, -1.5933071715238585, 2.279772420491798, -2.954988845435353, 0.30393058984560417, 4.173548607131922, -2.5933208416207307, -3.394710775516204, 0.2967613452454584, 0.024206482157402287, -1.7556408776982007, -0.7726274416012202, -3.15218573763001, 0.01725008993533428, -0.49130587851181606, 0.29278124793663285, -2.9277753576805985, -2.046864494234285, 1.9431558922296563, 0.3136619310693005, -1.801116825398033, 3.132686369316308, 1.7806510717725357, -3.0868972369996133, 3.1142136303196715, -1.4002549126128156, -0.9665933864110633, -1.0006521499952177, 1.3679823087703964, 2.579541083237374, -3.649614509616363, -1.7846928469561922, -1.3762649231315756, 2.1984042396218535, -2.3215563628867515, -3.907086859411705, 1.7015241485274861, -2.0972205610589985, -0.4202024576754389, 3.681023489625643, 0.3941647875055076, -0.278898625194014]",1.011904761904762
18,"[-2.460499710610636, 3.970917849076156, -3.2133641886662057, 2.200605776496437, 4.101351097219169, 4.013779314799196, -0.2923688510891316, 0.5846796785766855, 2.7980743043503424, -2.4368303434037037, -0.5394532572360308, 1.656541696987107, -1.8531369343652755, -0.5634150766010334, -1.6596610336974316, -0.29318518290433754, 3.896991358241079, -3.624506108648938, 2.631030420797236, 3.0677637437105254, 3.1600110555318426, 1.4917598596362982, 2.793724972618379, -2.235231536887529, 3.737768674955105, -3.801381480168753, 0.6980993406287292, 3.6477486897157334, -0.19362204623914514, -0.7081027125710484, 0.8998777955178505, 0.7834222575765695, 2.963120910463235, -0.5920326747032039, 0.9765995834511831, 2.5766373078415166, -0.5934256984765538, 1.426116753794341, -0.5343802328528068, 0.7730397772124107, 1.1798654009215175, -0.25334779304797184, 1.4083280383358476, 1.8208445613363726, -0.16769170577602835, -2.822487627731901, 1.29974248126956, 0.15668499048688944, 1.8479996944155999, -3.5996734228088973, 2.1288332309071114, 1.6904214716365655, -1.35274921215189, -2.393800371436986, -2.1449476032282124, -0.24698334755553625, 0.0653589085748103, -0.796826125339781, 2.3051962070688754, -0.21824642720388965, -1.4047129651399644, 2.0307354797766957, -0.8071015094056764, 2.2444457305408583]",1.0103092783505154
18,"[-4.448314889779322, 3.6578517981804386, -1.1772410029313596, 3.2641362516881323, 1.883064152692894, 3.8484265953959875, 0.6628286654261782, -0.7617533338621162, 1.0188025833456866, 0.21367477678505886, 1.9195967090202521, 1.0161479163608793, -1.2496781050820938, 0.35508104982452837, -0.4805385307770149, 2.43897578627815, 3.798485075151513, -2.8694560729034553, 2.4825022643157943, 1.1675735288298412, 3.093045154896207, -0.9100252186488084, 0.11085192462050886, -1.8247852649851444, 2.1131835129229963, -3.2575586625875816, 0.7880506489583698, 3.7109673246180748, -1.3987083586800855, -2.1260736671140394, 1.1786910051167707, -3.0329963366675408, -0.49847606406822154, -2.858892973787625, -1.7368178439581303, 2.027855012466846, 0.9421668047723801, 2.918510348995049, 0.24919079496559882, 3.503166401365039, -0.05267259325656759, 1.4899040504862993, 0.36765116732451686, 0.7594724677273751, 1.3165290850524434, -3.2896810584813143, 2.737182978054639, -1.363343962929176, 0.3026253891310357, -3.4123821230328932, 1.4420050635019173, 0.6384891233819574, -1.0939417045128845, -2.2153658557376517, -2.719101017262215, 2.558566228416344, 3.45271307173359, -3.2161527292348797, 1.8003399025503406, -1.6516858352528825, 1.4309361111409347, 2.1981709518065533, -0.6993955820312019, 2.0496729422703948]",1.0103092783505154
18,"[-0.9553246716266799, 2.6048843711068406, -1.0684295714834628, 2.50547624976182, 1.6411751397261156, 2.1737726642486326, 2.475110339624372, 1.654492540660271, 0.7415306530085941, -1.9840487312373756, -0.18556156245695044, 0.9315236547908559, -3.019132235572365, -0.2605730851023941, 1.7431362239765362, -0.6442476523129902, 3.879080529319508, -2.0334482751319856, 1.292713374514709, -1.8366784756750139, 1.4748268211877908, -2.64482534585117, 1.7496332371915737, -3.100118599501756, 2.482223483876402, -1.8688584017632637, 0.7012883141280178, 3.0817344465202487, -3.751649980377801, -3.8576013148726083, -0.08788253218020153, -2.137342557071943, -0.1906880939353811, -1.807353066215516, -2.877721187505898, 2.9382485566445995, 1.9408020756254345, 1.3203228440557433, -2.9558751311159166, -0.20564088739791045, 0.7472761117322843, 3.041032874748106, -2.4487511230270833, 1.0910521558067359, 4.09029551771285, -4.532638475042923, 2.1702961063941104, -2.2097686580560776, -0.873218629228506, -1.9573052138401568, 2.6379063263015823, 2.1771981326781145, -3.1341478807978618, -1.4349196875567602, -0.07611724699118572, 3.334644022050522, -0.06469038186437293, -3.7826083007581066, 1.7500451861698993, 0.40367444939948655, 0.38473996796597554, 2.5509939044026604, -0.6930573143097354, 0.3660738293950472]",1.0103092783505154
18,"[1.7500432619346196, 0.651249573585466, -1.1352184775095064, 4.330169878386621, 1.1032232994608073, 2.5180387250369645, 0.3362819227717635, -0.6670371296665147, 2.6020214921619798, -1.6847323867892445, -0.7110195495640075, 2.0466555977785554, -0.962959242584581, -2.2953084792245937, -1.6154147814429471, -0.7779640336324405, 3.5553434731902316, -3.293486113834139, 2.561136941660432, -1.0695686776568358, 1.8193579462107574, -3.253072772555839, 2.186663409662537, -2.103609841394256, 3.1995276625186633, -3.820471654884554, 0.6274284456682215, 2.4681330290640333, -3.8799004353788913, -1.7428646429093053, 0.2671032529513245, 0.6634242811288411, 0.5566857227646345, 1.994437765776219, -1.6830742905161378, -0.6039466538005693, -0.3326855585686094, 0.2424714284883307, -1.3508954481574804, 0.6364737096984957, 3.1184395984582887, 2.422675013977237, -1.4151118167114034, 0.8170680752884176, 3.2295956234959076, -4.582534198501661, -1.0725941583810354, -2.9673796951222635, -1.911951908687838, -0.8603272330794283, 2.2769870118301, 2.6622132998317545, -3.1332118477564532, -1.7852510500135053, -1.8579161158076447, 2.7671082504813893, 0.308406946010333, -2.387559264913164, 1.7047244511837647, -2.2621529547865533, 0.24879941447407838, 2.594333831174688, -0.908484973462621, -2.3073419948377607]",1.0103092783505154
18,"[3.655849862803276, 2.6530567941797085, -1.5613629205231878, 0.6754946453890429, 1.1044849685667197, 3.4830737547666226, 3.737024363384675, 0.8380840789724717, 2.3500088561682757, -3.3014895438788456, -0.720732663873183, -0.5817550247928021, -1.832859042288701, -1.099141510054555, -2.9983353151215173, 1.008391812898643, 4.032657545222015, -3.0192959413345024, 3.5479705531741286, -0.8809488917338666, 2.645825643806577, -2.224882263236675, 1.3501422818027136, -3.6764251426124175, 2.185436929262723, -1.286595664436954, 0.6846935566960699, -0.9586665059225183, -3.158549409549114, -3.5371711693316072, -0.933793873026985, -1.8685641079296869, -2.3682970793929226, -2.776722359470076, 0.7143503415962507, -2.6487918908122885, 2.1295104776386706, -0.047170537855789396, -1.6238170080001764, -1.0714420613892477, 0.0678744182181219, 1.6109189648298528, -0.5360847903402459, 2.6492609798395197, 4.106215591710825, -0.8613182144419524, 1.0796085568856832, -3.5575304305248663, -4.272567160706668, -2.292496597343083, 1.7808470994593133, 0.7795564252949361, -2.986067799826389, -2.5598704050600025, 0.38006183266505733, 1.6744829382175193, 1.2846536959138724, -1.2234069261270197, 3.4477327268592894, -2.945327161158424, 3.0826530003250783, 2.555688556842923, 3.581328551881235, -2.4273656326591313]",1.0103092783505154
18,"[-2.0019096179262097, 1.3495850154355942, -2.5693708342397272, 3.6338326161265115, 1.4943242187832675, 1.4707470113894612, 2.817730746629165, 1.0776766106899374, 2.228247102972813, -2.8947919080310225, -2.9701588052677383, -2.855295990673203, -3.243097290618337, -0.4081980912182628, -2.4686534997647307, 0.8840017037999153, 3.93155948916411, -3.597416464687332, 2.2655786469542027, -1.3913837883847229, 2.0827718159287203, -3.287939894739881, 1.7016536318471656, -2.8752724076883616, 2.749248733325291, -1.704029332068838, 0.753366152115996, 2.070813042101928, -0.5711006799657654, -1.3631266062379184, -2.17380824229841, -2.505401381810964, -3.0315904956505917, -2.6108619296165263, -2.3123084525716315, 1.4589993125110978, 1.4660966796122634, 1.7026641200324228, -1.9863167276930378, -2.516597897428852, -0.026690821514439772, 0.8604869048158146, 0.42359768178414053, 2.882449179238847, 3.8801955335387905, -3.6122580493804026, 2.898482844584862, -0.9239476964247204, -1.8845343024211174, -0.9090944851632786, -0.597919941086499, 0.0008704208740446528, -2.9574854307223033, -2.996333242275359, -2.665630399484686, 3.1854672240627, 0.2947255956683472, -0.8811961961907391, 3.5500808480517674, -2.0816305329096974, 2.910961197922326, 3.828185502568872, 1.8967369048783476, -0.8095395452879641]",1.0103092783505154
18,"[-0.693102870494376, 1.5631379591553114, -0.8564087973102777, 2.360531589793331, 1.8894454903700098, 2.200624849209755, 3.351974530530601, 0.3066552244038878, 0.5807556994041301, -2.457885958193038, 0.030135633965776343, -1.7394112838641318, -3.568018334746286, -1.6684763243960568, 1.3739353541439718, 2.0363557217405277, 4.005120504217102, -0.06501453218746756, 3.6819276018900813, -0.06640772800153316, 1.259474110059809, -1.833300554213739, 2.2147786759432857, -3.6871336256036877, 3.2708806585265777, -3.9349382950145455, 0.6370576788022069, 3.8480334767525095, -0.26105439134007913, -2.192196489797513, -2.46515757620134, -1.3967745748968587, -1.8829479689896722, -1.9921581751747337, -2.5982249795239696, 1.5325552186504139, 0.4170299186963038, 1.6297999753495533, -2.039631951742586, -2.4483389278021086, 0.4188410356821973, 0.38595748870536994, -0.1850943347987299, 3.1041769106564168, 3.433051658268756, -4.393406509349235, 2.6046972002099387, -3.2615744552419903, -0.1470380011660608, -0.9429965805969585, 0.6320418403889276, 0.6000954429491117, -0.9536480259743598, -1.821017009166224, -2.668347671856438, 3.054385232793633, -0.2532540553839485, -2.8501469694446353, 2.047867187171259, -1.610043654932189, 2.25456066527366, 2.9734535788450462, 3.024643726246037, 0.1596173249975057]",1.0103092783505154
18,"[-1.297804765166037, 3.0294828667139004, -1.5947256246915051, 2.7911969625166737, 3.9270959207363036, 3.998017738585812, 2.9057925075351427, 1.5469885317410346, 2.0233340645628686, -1.512835235421698, -1.7877915576389398, -3.2720398701767364, -3.1410020940839622, -3.419704691983774, -2.004801230671985, -1.0902448799615996, 3.655212054691729, -2.466668484139807, 3.5034369152548823, 0.21888412817918068, -0.3074048134732299, -3.1409436564429014, 3.049539642320824, -2.5755998445208492, 2.6005494029101075, -3.7162043136449743, 0.6692291846597498, 2.5791517899921503, -1.6936561774604675, -2.352613081987798, 2.056283849211169, -1.7679440875741324, -3.0793066981784056, -2.273496159400892, -1.622752793559914, -1.1223732996830855, -0.45137842347321866, 1.300346045905267, 0.5050793642717926, -3.4171700053658096, -0.5950963699839908, 0.49702122353894684, -0.5034394467533423, 3.369436073281546, 4.132026273376149, -3.736208267847979, 2.71632727175533, -1.3713278665774173, -1.5769005094257322, 0.2591452956145234, 1.2809628581987424, 1.1609616886398135, -1.161281946242775, -3.0512345970148136, -2.7323113712529192, 0.2213466479074011, 0.14420011777379166, 0.42067704690866525, 3.433513048957802, -3.0538900517034073, 2.8095174451642166, 2.286118507399908, 3.1316281908723074, 0.15317025276227092]",1.0103092783505154
18,"[-1.5199973720906965, 3.846090183596475, -1.742850849706507, 2.779295365857802, 3.8685669730540337, 2.988172325412708, 3.4538601071453763, -0.9367783931303244, 0.6414836284860611, -3.02271570801619, -1.5932966430388118, -2.6184031940923695, -1.8364139070484793, -3.5158952575740545, -0.8290949754912624, 0.6312320916814395, 3.997064692084051, -2.457430986996187, 1.259513422084671, -2.8364296149527792, -1.7981130084502945, -1.3106684508866957, 2.9611728606281686, -3.4094866045833045, 3.7466141766995116, -3.8139788619047175, 0.6725876622316302, 2.132123450295709, -0.2544621770770673, -2.0107838293747253, -1.2423447885609942, 1.3580706972681704, -2.6268612816759127, -2.6535733156296875, -1.2790073955085792, 0.9691144908951661, 0.21149956742251805, -1.7087024956913197, -0.864845614643075, 0.3481929266757673, -0.8896966994089475, 3.1096075865992305, -1.6004479051695144, 3.416631699444956, 2.5698334430695895, -4.513501950070466, 2.103587464891577, -1.1079115200172291, -3.631626729835373, -3.1933333689738164, 1.4400664697301917, 0.5766320221050454, -0.90610845570045, -2.610302467524005, -2.243634639549234, 0.31466261430183007, -1.619480343284634, -0.5072819077570077, 3.5202668639007286, -2.5566975371693426, 2.0762119872848825, 0.9281529069174699, 2.2721364570728366, -2.6070038729465708]",1.0103092783505154
18,"[-1.607479523038752, 1.8189556818297015, -1.145117248603886, 2.866898311377109, 0.3674104868724597, 4.105390459377242, 2.313925636732842, 0.19105812262701627, -0.23866028369814152, -2.776344609055549, -2.1703756843544344, -1.0393268164039302, -3.5754393633465993, -2.2623307498701086, -3.0748939812739913, 1.4157063712684637, 3.8940629711218686, -4.020633214772135, 1.337922404868295, -0.3970282829688936, -1.2845595838423902, -3.0031951297846566, 2.3782424185499016, -3.688333002649772, 2.428583758184578, -3.3445845417107924, 0.6769590016776754, 0.18267864136988865, -0.5939388828845186, -3.806967776187064, -0.9666403918851815, 1.2200376833423734, -2.7382787001770037, -3.0488961940642154, 0.07267894827045729, -0.8423222664947205, -0.5583629800342207, 2.1538245386738524, -2.5746763541435262, -0.11493586844701031, 1.709955143300002, -0.17800404224318633, 0.17670882924259057, 3.5013484177481415, 3.382346556346635, -3.1784441931599368, 2.186210483680415, -2.105597083012588, -3.5034731547273665, -0.6289937447151261, 3.490298914935446, 1.6284501414411092, -3.7679086364242136, -1.8981633354624612, -1.170538777156069, 2.5740223157062796, 0.08750191518302253, -0.5701752212086345, 1.751815517158278, -2.951603650116864, 2.8567682941354575, 1.2007904132210347, 1.2748320457007822, -2.085704607733489]",1.0103092783505154
18,"[-4.083418147271457, 2.0484848754186777, -2.2139605819355532, 2.443840966518703, 3.0145339310184927, 4.1051612009486345, 3.287767392651225, 0.9581670146092091, 0.9401311764839002, 0.3704921379346704, -1.139315636947091, -2.2664898485208345, -3.337780148006364, -2.2516553403687602, -1.8836327512324793, 1.2779301322817287, 4.024314833065329, -3.753234000179641, 1.9061388656774731, -0.1932125477456612, -1.1520103046662258, -0.1717453179457502, 2.182371976342604, -0.07752843894140327, 3.6441508293099463, -2.601975056712691, 0.5882935109949657, -0.6139341784207795, -3.591065673345703, -1.9248616321593623, -2.998041878629824, -2.1284995933384745, -2.6722970880193193, -3.050607442552852, 0.17063255471021538, 0.9868868067126159, -0.5922835739570892, 1.8905081409603333, -2.94506880670883, -0.858886670232254, -1.6023785695913717, 0.6188740354450988, -1.9375490520514602, 3.5182765537946, 3.255901471875422, -3.12809433743213, -0.2771725986477014, -2.517276611480627, -3.3912352187540042, 1.4545993287679244, 0.08636079340225766, 2.469382091529973, -3.266836352091641, -2.088066267598985, -1.6518001751931992, 2.4840143330377913, 3.3284505873137076, 0.5696898133924307, 0.5772642884933519, -1.9266455996055654, 1.4125951516427364, 3.473052340441771, 1.2691924890595252, -1.2939616231152202]",1.0103092783505154
18,"[-0.8849462551977396, -0.2436427009569102, -1.5049151308384956, 4.297476017856164, 3.621702028183098, 3.750305249761987, 3.730889124222214, -0.2829174927907212, 1.1195049339135377, -1.7567071125047544, -1.2865341089608178, -0.738429605645061, -1.740796935293429, -3.4548040534708675, -2.921096400825917, 1.3905175910928007, 3.9054353192433178, -1.9119663998941834, 3.274824059341562, -1.2661235255482395, -1.8909702243664388, -1.1519426284321335, 1.9542496338724593, -3.2611790167615684, 1.2124827850480657, -3.955244670761021, 0.6696634440353244, 3.2952279978657235, -0.6558045918082401, -1.5270157209954398, 0.8157502429509111, -0.16382216291516727, -3.1172647570431375, -0.23306058525256468, 0.029760277882639075, 0.0317175708789319, 1.5575603510979454, -1.146027534839327, -1.407359982475878, -0.7600271134623215, 0.8128208963079624, 1.4297144841369687, -0.29466455403402747, 0.7181888350913805, 2.7860932704290606, -3.134350129306212, 1.4147956293162178, -2.686850848975899, -2.5914348381433747, 0.22323563506559352, 3.5068321503152418, 0.5139671403879311, -1.7805286709689614, -3.0193014191324807, -1.7142783859596231, 2.575522186859693, 3.2525576480699008, -1.9799585451186186, 2.061817001986457, -2.998991646627648, 1.872418454033706, 0.7632343461890976, 2.76326127170214, -1.7858586075149212]",1.0103092783505154
18,"[-1.2755190015728974, 0.7291972865407659, -1.756884142861567, 4.306433920739909, 3.1236955027171156, 3.580218866297802, 3.434896372505887, 0.7352197066069386, 2.6573359728286423, -2.817003575552509, -2.2133540719367364, 0.4818114424783342, -3.096109380090466, -0.8259589037407642, -2.5755286773242645, 1.3167166513888877, 4.0039481657026466, -3.1072321273809256, 3.6928746180735037, 0.05887555494657315, -2.5157757287817644, -3.190133049983055, 1.7228527549817871, -1.6464712223690803, 2.6240577025079896, -0.9267661187263232, 0.7091397116152691, 2.061621941239999, -1.9694607477189168, -0.9161705269252898, -1.944820251248168, -1.6691211065745013, -3.236395417568003, -1.613030164134868, -1.348282690767846, -0.11948552141865758, -0.9722198697193493, 2.858010041563551, -2.7447333903882614, -1.3339575019198027, 0.6608571328863087, 2.6532445318257247, -0.6477911631633798, 3.340850154380986, 1.7010570021930524, -3.8677400532978248, 2.3652303013213376, -0.8099290496860079, -2.9783365816923153, -1.309117723050068, 3.2455814823956426, -0.006682958332677957, -1.7701270744934368, -2.8027367216273738, -2.6817084062906584, 1.8127160689609432, 0.9139106624888922, -0.32814874982516556, 0.43744826672074044, -3.6365201559638773, 1.895041925718249, 3.17715944884897, 3.5593274477620156, -2.584828377049158]",1.0103092783505154
18,"[-2.5347707342130663, 1.368827453057831, -2.8983068190817174, 2.472990893702221, 0.614379417224884, 3.3750679363656193, 3.1115189048814598, 0.05226347675225562, 0.11876590506923945, -2.0136103993181695, -0.5024309706799528, -3.055323293427363, -1.3160938281348162, -2.905835012051237, -1.9545151853294869, 0.8715565484874304, 4.0344913603214385, -2.8349893620906466, 0.6742281990207637, -1.052750264136132, -1.1605367704549179, -2.7284592280924134, 3.3331886252230323, -2.936166590490083, 3.1239836610347025, -1.6281002368379878, 0.6108776829069228, 2.158188913832063, -2.3926469583862557, -1.5634740472048585, -0.9212696556761704, -1.1490537224227477, -3.416510115932696, -0.7725379924760722, -0.4296237978699532, 0.4375976006375617, -3.2523376323791955, 1.3212756919213668, -2.752757854377546, -2.257252896100694, 0.8943514597562683, 3.158530095736577, -0.3048125673604716, 3.1515934647888226, 3.9037052586130265, -0.9313679884778292, 1.3783467593692929, -0.7535259671594006, -0.8427469374541141, 0.25884980014462866, -0.034948293128697294, -0.07720161940128534, -3.1495387219416076, -2.096721407202768, -1.876350697947072, 2.7771396229352665, 0.18621472391793464, -1.4765519949500054, 1.8252199717917974, -3.526942023613315, 0.8064636922582179, 1.6090368139962905, 3.193769615862623, -2.2061123405500576]",1.0103092783505154
18,"[-0.3826792331031972, 3.595098550818231, -1.9438425903483838, 1.59196881845045, 2.757826991739058, 3.96031271280876, 2.230160678832023, -0.08510151775087593, 0.6838523695280514, -3.3057103940241253, -0.7481756237016037, -2.199552498253146, -1.4481289233878964, -2.92207066086829, -2.8882050993515618, -2.9627809128830105, 3.8268160592944818, -4.2222666421118, 2.638182734021913, -1.1962950574420979, -1.056157117349132, -2.133253032478327, 2.6255295524905957, -2.0537436294339497, 2.6390840650369696, -3.9286155867089314, 0.5742719395492246, 2.1463791380755466, -2.523582352320989, -3.8658226328148677, -1.6358641095728643, 0.7014995269988913, -3.3489850115365916, -2.5764121820193537, 0.8239747760580369, -0.929381750071876, -2.045988697058044, 2.2449693262811037, -2.3782892268882647, -2.5235219745451367, -0.16528781199235548, 1.5480731398261132, 2.5653251747892205, 1.3390951206625767, 1.9031099346341926, -4.6105012831371175, 1.845964935795613, -1.2576869228955787, -3.6306982036934663, -1.6789727199113218, 1.4278931768902536, 2.9415407688155737, -1.5940361641588352, -2.5452239862445944, -2.3069628482801394, 2.3244735369653813, 1.177399778177374, -0.3840638244361051, 3.2600097312460354, -3.6742109093906934, 1.7441975937135603, 1.471483347508272, 4.248419586555679, -1.519538262973735]",1.0103092783505154
18,"[-1.9885059402297824, 0.7310552008124886, -0.328963587371222, 1.7359856826667892, 2.160461857931712, 3.797574451258844, 2.5825049039418535, 1.1600670167181217, 0.7002618968434424, -2.695399476190727, -0.15001735996543153, -0.0053202152329840935, -0.7107052359873678, -0.7506360571776001, -3.095844652258036, -0.6741765478642283, 4.036187640132861, -3.46194953058374, 3.6660457880502366, -0.0570187633733521, -3.025240537304052, -2.8834946584298873, 1.5420485378929591, -1.8588465494590984, 2.291678132993836, -3.44826082084673, 0.4869608230509157, 2.9858855161465736, -2.577934301964996, -1.2582269525443948, -0.8023516792602083, 0.20089513199944897, -2.8637181965362606, -3.0097956589290296, 0.14128591239199895, -0.31412584157945544, -1.348180615880808, -0.5624841392534996, -2.4745778713384152, -0.5736153388066698, -0.4447905293344123, -1.1117035205264585, -0.7858378602894396, 3.47920939764901, 3.536661750907294, -2.7305058230928774, 0.4478124525598399, -0.3685893490941359, -3.4861389853899816, -0.23950356647745807, 0.9153244942586449, 1.478715767532698, -2.3494616648116846, -1.1637396820728272, -2.1128181576964273, 1.6508395371425866, 0.7337420142101571, -0.9098641238166412, 3.330683486619234, -3.4598009980794364, 1.4534654941474738, 1.0510412228235837, 0.6184151647979237, -1.2976452058457109]",1.0103092783505154
18,"[1.417579512107037, 2.712554340717455, -1.44254954204135, 1.908107382130168, 3.169176843503236, 4.049388566954807, 2.086511290276645, 1.8705387461892529, -0.16592433000681361, -2.563629640802025, -2.3188627817983942, 0.2577876024207746, -4.128516815456702, -2.2253116672799282, -0.9111146242108231, 0.06054109210329206, 4.035996214868178, -2.822277778245242, 3.3969224956501933, -3.14209586040752, 1.1072570660920158, -1.0925403677086076, 2.398244020243174, -3.0220769947340655, -0.007658195627456621, -1.6638789273066998, 0.8387260546088965, 4.176975989390603, 2.6231213057428797, -1.0783889379211362, -2.052620412026463, 0.4744807756065099, -1.7960713553948089, -1.7804800156699305, -2.010829008104621, -0.287583813834947, -2.0982437328630907, 0.9620409631562065, -1.7800320848477522, -1.1059614629890342, -1.681065366689353, 1.8451539884069503, -2.084816680786083, 2.55415328036555, 3.3125079781541413, -4.555864079912771, 2.5806404944789514, -3.0668164806250826, -3.8898379692491076, -0.5512479510531496, 2.833620293323408, -0.04390140350942717, -3.320614264874205, -2.174208165959363, -1.7357965968995637, 2.9891634216678784, -0.2887299824138393, 0.8074048883279384, 0.08757821257693932, -3.731844069330872, 1.3599902401703, 3.234089146204439, 1.7682850421112843, -2.1206766392911733]",1.0103092783505154
18,"[-3.2163091498641245, 3.985275133050777, -0.6017405370719122, 1.8917357859376835, 1.1554953941023585, 3.576061958144137, 3.7170462633653654, 0.769330053444983, -0.8110630642685274, -0.8641830206991321, -1.5579527191300664, -1.0518137525201086, -2.5525109960366485, -3.125154496096342, -2.479467019939803, 0.5392762771479389, 3.8284591301988113, 0.40945980801277493, 3.039895129192732, -0.5103619766517171, -0.28134188599058163, -2.3284727877143245, 2.5950170179879186, -2.1751302078234898, 2.651843065292393, -2.0106850499414284, 0.603690939099264, 1.8704782905521138, 0.02055198204388864, -3.61056688764408, -3.1070210679759733, -1.0448953735541435, -2.251171153976657, -3.0341522496520037, -2.627699298771372, -1.887927432883496, 0.7292263438542548, -1.4522568269542555, -2.866885380301793, -2.7987018362707143, 0.33442955187815837, -0.1990309740133538, 0.7368642183596898, 2.466456292511139, 1.6002847263139413, -2.200388986995574, 0.3653608275646594, -3.0095365161980867, -3.070447525783357, -1.6809440691304725, 1.3363522451670806, 1.0784381848052345, -2.873382604421722, -0.5789028921209995, -1.7314671582065948, 3.328124189369017, 0.8459241101957298, 0.22992959829363058, 1.4860365302013137, -1.7746313293700287, 2.0823165246903033, -0.00039283368629750015, 1.9021912754315808, -0.716545541698518]",1.0103092783505154
18,"[-2.5245145618451197, 3.7764772191378326, -0.045516348548229946, 2.3007460515135345, 1.9419641286363334, 4.022175860137318, 3.1355727429081295, 1.5891965877460696, -0.0953739164403995, -1.1333824121917933, -2.86890866435049, -3.7217298381603925, -3.5710889887090693, -1.069301521763966, -1.729630173805778, -0.9336047325919004, 3.5317721078529534, -1.7809185126135019, 0.34362606444801314, -1.6061495915203872, -0.1794528391110477, -2.5361462282860616, 3.3302704198513426, -2.711038875060656, 1.9044971996996838, -2.8214530858756945, 0.7534227479839255, 0.9093397682692534, -2.8593875334989924, -1.0725540250296741, 0.6935809773685635, -0.5380001770975276, -1.7292682959504364, -0.631024363549435, -1.044762481266892, 1.6060596205835302, -0.9708160005054457, -0.63013074991742, 0.05338161412403908, -1.9606212702553083, 2.1825092812827096, 2.740310838316564, -1.0755363495557346, 0.9978656826776184, 4.041054502454234, -1.0053573284148911, 2.7163937411527384, -2.395794773912818, -3.3566584669845483, -0.627089300759221, 2.034425605737503, 1.5007072325055137, -3.518011635551255, -1.3159229721080323, -2.730702120626471, 1.2302137930376866, 1.8338042348922974, 0.6822193399708045, 2.350798397748804, -3.3305313976808253, -0.9862481910616883, 1.6568307655413188, 2.209117333093538, -1.5682249404733986]",1.0103092783505154
18,"[-2.3905369271251042, 3.708488323609467, -1.327450368368564, -0.22636624426056917, 2.4757515216567887, 1.8664546433005609, 2.6667636423605394, 1.329248579395342, 0.4628116172789906, -2.4429992588519958, 0.11864653176917894, 0.5556197964484315, -2.513335944735614, -2.4868347009373375, -2.3107333982403864, 0.7450510922805568, 3.5134337947700605, -2.4408480156956966, 2.1195885863322523, 0.41178180191176894, -0.09017950924708806, -2.765046499076009, 1.6483087042203106, -3.204317217587848, 3.7315476295827286, -3.604232482202312, 0.718379415362155, 2.795302395955075, -2.7883645973491538, -1.0554267701081343, -1.6587819607236485, -1.639141073915598, -3.256120963761521, -1.7182991908679917, 0.2184929741713484, 1.4226783428820486, -1.9428683223619567, 2.6257917449168993, -2.5010576248774385, -1.3258536724226975, 1.0267755079429075, -2.5871821088242024, -1.1000790628670458, 2.538903872481762, 0.9599774936329935, -3.174846204706862, 1.7802936896409736, -3.2562458429280285, -0.6544946502996392, -0.842430334003678, 2.549487669691932, 1.5179462040386194, -1.3006186550013705, -2.632731538340579, -0.14137043717164222, 2.9774264995476267, 3.4027631571648906, 0.4918799053405274, 2.2808769997414533, -3.7223131258889053, 1.269071442249879, 2.3689242490155737, 0.1419990721669382, -1.6103498622398453]",1.0103092783505154
18,"[-0.5871428960971571, 2.7347054930913286, -3.103045439432357, 0.05137880249423854, 3.143140188570041, 3.991339072009574, 2.535358179296285, 0.48033987972073056, 0.48950931429426897, -1.7256862848385717, -1.4661945771819052, 0.1801802545628982, -4.109333401154255, -2.270896201457962, -2.728636690701424, 2.4392302188124297, 3.8071336653261554, -2.5518101115166503, 3.688742689219582, 1.3872668380405888, -2.2201949435183526, -3.24567896894208, 3.310882794247134, -2.0643855824309973, 2.0755556412475418, -3.8900800162972162, 0.6698538217126504, -1.1523563014535134, -1.2411062440129266, 0.18642679635309412, -1.8285794439665142, 1.2023727811776455, -1.1288316899798203, -2.222795443319723, -0.5083979002996193, 0.8472694852468771, 0.2506520676126779, -0.3628328916552881, -2.951485634453629, -2.8289798204785015, 2.337358498793153, 1.8647186030250356, -1.324416757898317, -0.0096263839477011, 3.3922908432006667, -2.8060954874888164, 2.4932094876887203, -2.127554551425359, -1.569823343679427, -2.3412644009123627, -0.5636347373643957, 1.3144268492588842, -3.501618762073639, -2.0513835773609443, -1.927010839631752, 3.3009687422470773, -0.8699908250765199, -0.7334591842829465, 3.2500479395190283, -3.77897369727657, 1.0696394614869231, 0.7518823844077505, 1.1782720237557083, -2.355552856458479]",1.0103092783505154
18,"[-1.049470395984988, 2.4812715003808967, -2.1108454925451015, 1.200147800337073, 2.1149193731176203, 2.723104942234273, 3.1420051770854087, -0.3042245348114214, 1.3689657672787132, -2.3540851027413616, 0.34387030619102554, -1.5697741400308298, -2.7868762101895728, -3.722238113286624, -2.70591445821991, -0.5514485514283973, 3.871076112929392, -2.937953837421866, 3.5852176299731235, -0.8103403714570938, -2.890978330726123, -3.2879621923078566, 2.3563724299534896, -3.553548658024524, 3.1067186589000513, -2.5459699044562027, 0.5509736838910799, -0.6788851760778705, -1.067892308997107, 0.22430208419676223, -2.120660378980744, 0.1653568087525874, -2.5742441400813325, -3.0513706717417173, 0.3592076491698226, 2.9238330949757763, 0.18833601932311028, -1.458793615570577, -0.26061007333460484, 0.16843770513230893, 4.027004317654384, -0.3563011518730377, -0.309230030745138, 3.5066165523586714, 3.5712415142556755, -4.10405574931707, 2.6973553364162415, -0.95149420682281, -1.8411717756998272, -0.7032666667466722, 2.507546193045147, 2.5156989215879695, -2.6766432333122894, -2.522213282103572, -2.251427808781211, 0.4791449228995126, 0.6865002379842166, 0.25658647937439816, 3.201989871769568, 0.4301386483381564, 0.5948420717194736, 3.8111916941692994, 1.7804667870389084, -2.7200712709830808]",1.0103092783505154
18,"[-0.9989375655372418, 3.8637270326809925, -1.91197627793041, -0.10419002639263075, 2.721746434215781, 2.837959663807713, 2.1294606109065652, 0.3006361422446864, 0.27383600947413966, -3.0182987271770227, -1.9861154175386568, -1.6466555254753656, -3.5102360550982543, -2.695986872621228, -3.0823050467845325, -0.8296260467001129, 3.8286658864466223, -4.218612501108566, 2.4646267598287186, -0.9037308337162618, -1.2157413700851292, -2.498580832229847, 1.6335543036160578, -2.4927636907377755, 2.5708578091273306, -2.4804384187064636, 0.6956297799173515, -0.24581359733413466, 0.04192442241600593, -2.1538691634949836, -2.9852915735818657, -2.279486839378391, -2.8213281877040464, -1.3879010391057431, 0.3749448907361085, 1.1338918148898307, 0.05469613712853155, 0.209118571114716, -2.892079077140858, -2.4356231016865038, 0.6691561083391107, 2.4881534016783964, 2.172915517535885, 1.6034747485130163, 3.908150319479497, -2.1645508027133333, 0.9332362395284375, -1.7576943053836585, -2.1752707125705752, -1.072662615050798, 1.36386202800803, 0.8942485711947005, -0.6324863246918064, -2.595563255665893, -1.161510783666761, 3.194657364104665, 0.22155832874521075, -0.7914812598051929, 0.5378733613791009, -2.503778014676559, -2.169545889341515, 1.9771881817926076, 1.4136375596678121, -0.5370066174700332]",1.0103092783505154
18,"[-0.5245554277083273, 2.1766198278761273, -2.119534337251296, 3.263767290842077, 2.1786723726579327, 3.9438018694302324, 1.8630420673035335, 1.1689848350034897, 0.11416226512118655, -2.6053535431668995, 0.9031538650004964, 0.3642623739182589, -3.7574657151085074, -2.93195663649177, -2.6411688274244223, -0.5568254568884476, 3.91190635568076, -1.5458934081126094, 1.876608677439112, -1.9005096155195256, -2.200011378973058, -3.2874674199479386, 1.157070459888679, -2.01864609518457, 2.723599654359116, -3.3948806384815056, 0.7250554777500411, 2.0163499552072723, -1.0194042740550264, -1.0140921934801874, -0.8371324457407008, 1.6803357894350142, -2.6639348629566406, -2.5779035202577334, -2.798323005044293, 0.5495738308848638, 0.5596903816015464, 1.148106265442081, -1.0775889221867991, 0.7380245664815817, 1.4004680238692688, 2.5057201835314005, 0.9844265404068864, 3.299760008175299, 3.918291121939632, -1.8812348675228852, 2.7354778779884836, -1.076219527747111, -4.10362401427644, -2.874824957079082, 3.3944155000303224, -1.7624363081024514, -3.6887564975767937, -2.8941834873021537, -2.0753709298064815, 0.8159768351545977, 0.7629774955540959, -1.77763237273471, 3.658664181695858, -3.7832629222449645, 1.0786213736432702, 2.4944211512208203, 4.20894315199993, -1.9633992222866685]",1.0103092783505154
18,"[-1.979830205478125, 3.660676572139985, -0.7399150843465726, 1.6807131281622616, 2.2623141357661933, 3.0100156224059087, 1.9133207429795949, 0.1543733394348188, 0.541619928320838, -3.161696580509952, -2.135576295537876, -1.3160645071484698, -3.9595516608219805, -0.5738898953268607, -2.709515428716161, 1.1848404121165421, 3.959841664016687, -3.9453014825460233, 1.9604372884566879, -0.5316234942351824, -1.434194510478946, -1.356678857045567, 1.199440755868718, -3.714100602481527, 2.86337459029383, -2.029048338501826, 0.6863192296097602, 3.1907053794696165, -0.13130596573020836, -2.0946171701992897, -1.4989516920311807, -1.2211760783796226, -2.5433327752662978, -0.03956570758663336, 0.969709506425565, -1.5288826893893197, -0.20415531393063874, 1.2025758768164798, -2.944490900663086, -0.07658170145012178, 0.08604343791789072, 0.9632458973608076, -2.8529285397205166, 3.493640612851025, 3.62356143911816, -2.200749815906697, 2.4016274370962334, -2.8484797932070314, -2.7823657112174236, -3.2317316135497167, 2.745991039623895, 0.9431464840735281, -3.124169232039698, -2.3495448580998954, -2.3251208439273174, 1.7248892062346064, 0.9344698871591872, 0.27723682120110127, 3.6912473341402334, -3.11981805114098, -0.08531315183578303, 3.6974375282408225, 2.781773736822985, -0.07899637075557964]",1.0103092783505154
18,"[-0.5097375285267834, 3.7601093356058426, -3.0569533903304196, 1.1193161017296545, 0.7428949868692598, 4.136719364573398, 2.1854378356996573, 0.8948612602453683, 3.142328009435281, -2.158692146130049, -2.8846470033533533, -2.933587459296988, -3.867331315173007, -0.730636074363239, -0.7288697102970847, 1.803111201620379, 3.920012376013016, -3.767772686590517, 2.420344384508308, -0.012658156676930266, -0.5928915611395589, -2.3221103472459963, 1.849418388610696, -2.480196895340498, 3.36159806254967, -3.6970478260486765, 0.7083273539649296, 3.736801297583141, -0.6733993051074645, -1.095288627616503, -2.0829678577164223, -0.8270897559348129, -2.193945295244475, -2.657862270273681, -2.7242765197937504, -1.3557520097888929, -2.531255321957602, 2.9316377144115333, -2.2267584139502024, -0.3041217766496509, -2.7829289068001923, -0.15104699409827926, -0.9465045315797875, 1.9575353410388212, 2.966351849316255, -3.7179973725831177, 1.8010479646385078, -2.424697905393692, -3.1416178650012925, -0.379153605772943, 2.6462110515570374, 1.2189357489822612, -2.609754638719253, -2.3925301571369006, -0.4682058342173905, 2.0540676582858066, 0.9610334921713218, 1.0531755203265107, 3.215555676430233, -3.5888335120547414, 1.921991162920321, 2.750505691583182, 2.8756320380068767, -0.3272470825244882]",1.0103092783505154
18,"[0.6834349693442527, 2.7351868737450853, -1.311740931922126, 1.2895628460880628, 2.990680655453894, 2.4750675755592644, 3.376912501795078, 0.1544564273201814, 1.8671265684068454, -1.5965771391944141, -1.65489566713211, 0.25434950245692867, -2.038409615014453, -2.347801841582564, -2.0203400350236445, 0.8023370108460558, 4.016587771617764, -2.3910862721065342, 3.522067878965935, -0.18776203886860057, -1.5556550531087443, -0.6483813068602613, 3.2623466819747065, -3.469299222178223, 3.1918919717748886, -3.8571938154132686, 0.6419997968180833, 2.4654625119422016, 0.22040915843973582, -0.9909455359528676, -0.23165350835802767, -2.713500095521135, -2.2827240261896553, -0.24961458906582878, -1.09875095258817, 0.11654924209030862, 1.0944310809766709, 0.3128802062070083, -1.5695786643925747, -2.5328530220942254, -0.45907118348159864, -0.34188104598705626, -0.7978131091849481, 3.5185652389990154, 2.6908107767902663, -4.303976872310173, 2.186060177707517, -0.5461862431345494, -4.298902443629394, -2.5020852092694152, 2.076909270841531, 0.7331493387810983, -3.7307314039673205, -1.666015859468246, -2.1059064093493167, 1.7578415938916139, 1.819874789025595, -2.1362264636198276, 1.6027617064023476, -3.0413461061221607, 1.6149322015486318, 3.1435354214134943, 3.287785167817736, 0.1178523587666227]",1.0103092783505154
18,"[-2.4733258218220593, 2.10107916449061, 0.042851539168411, 3.692738000001645, 3.030154398175876, 4.126669982969567, 3.1655281133821296, -0.4644821638859309, 0.7937389856876481, -2.2873869458497342, -3.8020655016212306, -1.7345439080656546, -1.7170502215307049, -1.0487293128391824, -1.606496008157029, 0.5061249557925301, 3.5357608017730056, -4.0518346743814035, 3.5765924522012735, -0.17080904437298042, -1.6293856484345466, -2.8913556624021677, 3.3033678555576422, -3.5620604808893748, 2.796385809029695, -3.9408921423225096, 0.6433895524570457, 0.49106373510879564, 2.3995925069266786, -2.681613319196072, 0.3361351362300615, -2.078395587787367, -2.341535669695243, -2.76173635608615, -2.12094615674971, 0.4702073459542231, 0.556208611399615, 1.8924680859584075, -0.9543666130256505, -2.9866762050604136, -0.06632293145573898, -0.026957947574943297, 0.3493150219460902, 3.118962951538144, 2.0895950673726675, -4.41356307688712, 1.367495772788688, 0.8454601269800714, -2.8010094292161387, 0.014120353010353748, 3.434693166842931, 2.864718817933359, -2.2361542649797883, -1.4962513786315093, -2.651630441685334, 1.9548820382578405, -1.2802950207283317, 0.7324929160284676, -0.2612805173494812, -2.173820484829759, 2.9815158895195464, 3.638133445332004, 4.225567419142291, -0.8114232120547555]",1.0103092783505154
18,"[-0.28761233671862607, 3.912604098519131, -2.9729254209533598, 1.6506030437290606, 2.9911810331329223, 4.108935344997334, 2.8396704999919224, -0.2446735638878521, 0.7684049664031697, -2.3661006262936786, -2.425056489405246, -1.6997788637153737, -3.918293709236183, -0.5322963897728443, -1.8565245809882707, -0.18081379962502925, 3.681555273385122, -2.122583116205382, 3.4378008762091494, -3.195838166740126, -0.38651073204795583, -2.8305313260923946, 1.4722565885052639, -3.7263560932157684, 3.5756281218125157, -3.6012336316851243, 0.5870981685575489, 2.1787126468131133, 1.0487922891698813, -3.6537382385676946, 0.34183526019408805, -2.433839114319936, -2.7469120947642818, -2.171113525434354, 0.4511700586855152, 1.4036039649819947, 0.37102112482154026, 1.4937289940257357, -2.95449656523548, -1.2200077528583049, 0.5331735217677259, 2.3419202650558306, 0.6274992462445075, 3.2318797765874443, 4.139069800398464, -2.7669781479576203, 1.1785742915555328, -0.37156960062490596, -1.1225232606495805, 1.7254075901393058, 2.9279522480382845, 0.5813464807279599, -2.6278748866889727, -2.5385661103661334, -2.0281217680779684, 0.16444274083902188, -2.496992002858175, -0.33756671852905157, 3.4180844093330975, -0.8583696905997145, 0.24004200555079258, 0.6455566914134745, -0.46933785633735514, -2.7164674558517605]",1.0103092783505154
19,"[-4.239365261904613, -2.44861024479994, -0.945848057501864, -2.003865517209606, 3.5405041101647843, 3.025974036804292, 1.7536016384523334, -2.766659426879607, -1.0519719071280211, -2.7250653023383142, 2.718781340509432, -1.9351120820849306, 0.7378640289741121, 0.649962559315554, 0.6858537396241301, -0.647373601314088, -0.7595291670022395, -3.554623967897574, 2.918627240629652, -2.0798117209928777, 0.017170583446435517, 2.660903344428964, -1.5552541302546847, 3.362740580967878, 1.4109153964298793, 1.4947450440971126, -0.06344976278783421, 1.5605120962182206, 2.1194823344764653, 3.4741124573502766, -2.464537943257702, 0.663034653412455, -0.7270024419298184, 0.1401147359875896, -0.7667020016806732, -3.133936136834054, 0.9154470506202979, 1.2437929898329254, 0.7355498256748383, -3.0149611816236397, 3.127296384244442, -3.4407543560968032, 0.36895100662249897, 2.795652322324674, -3.2588457354977174, -0.5352726214813435, 0.5960539904087494, 0.47240306259120146, 2.1066858567318585, 3.2023484367031383, -2.7355778691079187, 0.5889759189517884, 3.9244104310321664, 2.4901793199713245, -1.3684453278425455, -3.214999921894263, -1.9686122988995172, -2.9170719106305683, 2.069187628539904, -2.218003610737885, 0.2206048377878621, 3.8344571194601587, 1.3499186190866208, -0.37780133730148735]",1.3888888888888888
19,"[-4.248784352003251, -1.4346160392487812, 2.5300336441573528, -0.9323413085380396, 0.3324543698756961, 2.922541997529141, -1.165340671331386, -1.3862564646986653, 1.9761934928086318, 0.14753691104122318, 3.168644582025422, -3.690006327846086, 2.865515149363341, -1.3717077282444368, 1.0732219766854012, -1.6574885048175774, -0.7335872631923106, -0.2854109663619988, 2.6637269328075774, -0.2355543588011486, 1.0904987078059751, 1.0993172062494612, -1.844251958402349, -0.574683612204363, 2.210986137706755, -3.787494929342091, -0.2610678214016699, 1.8528196412581908, 2.206783957134366, 1.9241716857886875, -2.9933512751446996, 3.333341084858383, -1.065682236599307, -2.070649775983013, 2.829949027576352, -2.1617578013834144, 3.2872338569197175, 0.31547194693082714, 1.750377691836795, -2.040937609539827, 3.2348446791483876, -2.0013141765602027, 2.876835929515514, 1.6494590993083393, -1.7835417197095986, -1.5545979248220754, -3.3290907864276527, 3.2685809618769364, 1.7961353899961923, 0.6554433923088828, -2.3126191833378495, 2.0084932551398773, 3.108311685953802, 0.8831216900943875, -1.88381653341912, -3.2030210376080253, -2.54257228417512, -3.2122487562106796, 1.6324164019517857, -2.84104887541664, 2.410078943505497, 2.376218528350764, 2.389670663663601, 1.0632175910766004]",1.3888888888888888
19,"[-3.7997307372032596, -0.4176237700601829, 3.6996999401233657, -1.1487818184189365, 4.0607252555999755, -0.4877305033827648, -0.5843359182999183, -1.8147768947541951, 1.9218170871485694, 0.57082822112164, 3.084267781071678, -3.133917081563486, 2.527994708705724, -2.4958357144069616, -2.0749916015596463, -0.09353899781558117, -0.7838945807700562, 1.4540527342026115, 2.383125116392574, -1.9208815963604737, 0.23176393051127486, -0.08701427616432944, -0.8045592082756893, -1.0308547831972765, 3.336918700666988, -3.816961626794865, -0.1688173063805018, 2.0600662601850575, 1.2281269638546208, -0.49993433096613404, -1.0187050156788366, 2.4075269892649427, -1.251796537330431, -1.1336690784281258, 3.073452876065557, -3.3104349113276683, 0.8906608743683919, 1.3619960713267463, 2.960938442197848, -1.9209500199532499, 2.841002985607692, -3.341432366413115, 3.6349565601109832, 1.7321010975168323, -0.5430463270152746, -3.199968509593214, -2.511766913124449, 2.4609758439934746, 2.626157635445758, 0.9609794492684332, -1.3826122730893764, 2.4513400932627194, 2.7761861801716745, 0.8870735360208488, -2.2532547460694583, -3.791646768939631, -2.6309176374051013, -2.9246297644680435, 1.7260929006568348, -3.746456254716239, 2.0368292821337177, 2.571991681324205, 2.3861031905827694, -0.7661998483013023]",1.3888888888888888
19,"[-4.2992709956312956, 0.07489442850447603, 1.6446944970028392, -2.795610431772009, 3.9172593921514514, 3.499618621265931, 0.6728652506222209, -0.04248742735318989, 1.501411329315784, -1.3335566005870867, 3.049970098010493, -1.993912696068469, 3.4345896607296673, -3.611069359764719, -0.6353074079801053, -2.4448301478989642, -0.7627165725262359, 1.3799613505101713, 3.187255570097157, -1.4363507860298965, 1.2597581978133687, 1.37083456088445, -2.8461028765395615, -2.5451086245635066, 1.2639659670661356, -3.41550357996441, -0.1889152856848932, 2.667756071860638, 1.535554731071733, -1.090576511226081, -4.125034975088907, 1.6491075406928164, -1.1848335182735257, -2.815293277475098, 3.22054231891391, -3.8642064013239015, 2.3667324124079197, 0.6720980465461601, 3.1696797219685173, -2.5636902112066973, 1.7204907538156018, -1.7780859661317572, 2.9423505017183755, 2.737189069754659, 1.1444295285023498, -2.1651318244054867, -3.5261001448833067, 3.453620100009641, 2.600015853765119, -0.05772618153980935, -2.7731147341059392, 1.2107475706423048, 3.109450053968193, -0.9185211782489562, -1.0587927336212704, -2.745021169179598, -2.897279687817315, -2.166802903255372, -0.3129294509780227, -3.4879675903615652, 0.6575159442781402, 3.4392905524643753, 4.070865679423069, -0.32015254981433194]",1.3888888888888888
19,"[-3.9317299704684494, -1.3839404496501735, 2.493653475795412, -2.2129503274434907, 3.313350155952564, 3.6126535444177934, -0.04334644788298814, -1.9639940419346464, 2.780248211474796, 1.341408228521253, 1.2509701591431504, -3.7122945641227036, 1.300136808099655, -2.0687407343398974, -0.5429859126423747, -0.8491525144183913, -0.38484924307579504, -0.7246077022069943, 2.762506593567452, -1.8091638255029927, 1.6723056291929403, 1.2321207615581085, -0.8129978392851265, 0.42579566599992513, 3.5594008677711213, -3.363263623633174, 0.17131914293671757, -0.2058871236465878, 0.5913934941592542, -0.007357757269723542, 0.5653092903128996, 2.92352572861125, -3.362643375006355, -1.979810791495084, 2.8369871478494972, -2.833007315632389, 3.4564394543621746, 1.6032781591424643, 2.4196566864022664, -1.431063558747993, 2.122984154991722, -3.6181518174793865, 4.08535156905015, 0.5719120740944472, 0.142165697252432, -3.8697855728927273, -2.6384501210112443, 1.0942517033878758, -0.366244308230502, 2.7247434804209476, -1.9811205367332434, 2.19165501977939, 2.5713413793145103, 1.6565015640781653, 0.01166914849646794, -2.7749403090126123, -2.1164335884248877, -2.967579244998245, 0.15030934771717955, -1.6409256110788366, 1.0363198720373945, 2.2581657915322513, 1.4931360294678975, -2.3293777095359154]",1.1538461538461535
19,"[-3.888670914867094, 0.5538351150415407, 3.724345125410575, -0.8036019608811765, 3.6421280991490117, 2.084503999422004, -0.8330061501315377, -0.5060057246027504, 1.926505811966665, 0.5925099031181438, 3.054902812020619, -3.6334966944401765, 1.5705541089759034, -1.9112678734093875, -0.23533082493156443, -0.27098657962196904, -0.4007260888696105, 0.12473548508817753, 3.1695308536497704, -1.7720309289603053, 2.176596626401387, 1.8052394833029335, -2.2068804653199834, 0.7412193266855907, 3.0881821759209895, -3.90997319754365, 0.23115930826990871, 1.0975882851015817, 1.1648526641463517, 0.10762395307820227, -1.6285151087198821, 2.9105481985567305, -1.506991159027582, -2.709879797053649, 2.986559670999438, -3.8325823147672304, -0.3866511079868218, 1.913928227312963, 3.7655595420134227, -2.2868291921490083, 1.7462107220024952, -1.769640383922358, 3.3592146063764297, 2.9781319176282874, -0.7079883624164804, -3.9933121983925104, -3.5177494973565624, 1.6568223271358693, 1.7754801636794841, -0.040971603953014135, -2.6230595956742335, 2.0811468247434046, 4.077042082772388, 4.0059984979466865, 2.070507176618776, -2.3271456134451496, -2.642417946518607, -3.139891677715472, 1.4598416989629388, -1.969102693837105, 1.8846717562264177, 1.4318617284282193, 3.123789832664688, -0.7652924420109913]",1.1538461538461535
19,"[-3.2311202379405093, 2.9396907011531255, 3.316619845603546, -0.5579552566508167, 3.936023101590969, 0.04986768301898681, -0.3828163666574068, -1.1005169895764153, 1.9019615288267366, -1.4428003562145584, 2.199093589908273, -2.8410902306390056, 2.2024822866710863, -2.1078754706197698, -2.4430503244987736, -2.866476064063378, -0.4164877076130471, 0.5309465552478533, 1.9382111156312025, -1.8344751421210452, 0.6310151176488944, -0.26210468505418394, -3.396851385363632, -1.090150089691086, 3.4093022704940745, -3.8163385335010016, 0.2706265261294839, 1.4278774520322932, 2.552665727543845, -0.08610845538973505, -1.2211051886576787, 2.1860812057823815, -3.0669307092481786, -0.3001812242421582, 1.3957065622222753, -2.1729890590804875, 2.126692988731481, 0.22628155539224415, 3.028781924283719, -2.497835003531259, 1.5162866188801967, -1.4684172397507131, 4.152990058327291, 0.9816457350712151, -2.751293750297487, -2.485077306907442, -3.9242396016976175, 0.6590299246550528, 0.7673002347090948, 1.5948655209819336, -2.602809441812947, -0.7181416026700189, 2.2105393174707437, 2.4640281716471275, 0.1710348368812326, -3.759480264217574, -2.8306843225976785, -2.275574316057382, 1.4784971599656342, -3.2054382305134848, 3.0655943044978313, 1.889547463348475, 3.788514461126174, -1.8810787237081015]",1.1538461538461535
19,"[-4.156219116511871, -0.8069119197480599, 1.2564094218483177, -2.7826215236665983, 3.7944803787830295, 3.5999140371228124, 3.29981351633083, -0.8469752088126129, 1.8199891471186662, -1.26591322733262, 3.0496591897510226, -2.945206322715511, 2.100761508484883, -2.9611683123295673, -0.48477016395980577, -0.009009772520442771, 1.2740854738461296, -0.11149377151161405, 1.3296225838328313, -2.7856151050572304, 2.649196372836674, 1.9420520384733702, -0.7783911828434135, 0.6351740873321936, 3.1192797638385024, -3.7520535874044847, -0.016931169632641963, 0.10211216642533016, 0.8150667961876593, 0.8577274227347489, -2.290529083910762, 3.039744496454052, -3.226638884398708, -1.240678530596238, 3.56607984211915, -3.8703502877136073, 0.7511665127177085, 2.931980447483566, 1.0900160814993447, -2.0871812066039475, 3.653969913420096, -1.800533969910242, 3.343651961267665, 3.500279619570771, 0.3413700423287971, -4.463931439964706, -3.5601941102065986, 0.7789127732301814, 2.181911355466417, 0.6314719061606529, -2.75520915101492, 1.832666331117191, 3.658130457440709, 1.858682894292284, -0.1321321712557147, -3.86701304132284, -0.9736337061812745, -2.4932052455030598, 0.8460753181980015, -3.3397603324992176, 2.4740670198527015, 0.8715177429062533, 3.8018529192791464, -0.5780441932603335]",1.0344827586206895
19,"[-4.073567666987547, -1.614113408427376, 2.861514190407077, -2.4159568275481265, 3.965913310182215, 2.4421865312751496, -0.03788880187344022, -0.4575656058789954, 1.136294962867307, -2.2835919329215675, 1.7826882361028478, -3.34512883925488, 3.0250990261978226, -2.375325102832552, -0.9042862203431796, -1.7995787290983667, 1.3349247171786, -0.6106893184010966, 3.1741714909249628, 0.21022950593894096, 0.24002356635612876, 1.960079343014204, -0.7808651346874792, -0.14230043218813804, 3.563807232974113, -2.5418465643687354, -0.08220626746741311, 1.1910214864948117, -0.06176972692487581, -0.11496115716264566, 0.526180810780067, 2.8601507527019714, -1.922429645505297, -2.210829348158298, 3.620709101811836, -3.880765556472785, 2.52970593838542, -0.058603520357481065, -0.17031359174628857, -1.5731953966375998, 3.6009673171817984, -4.1422688237763685, 3.651524214720495, 1.7815642746984857, -1.1781578297965414, -3.03977384837939, -2.926933823136544, 3.6716686546744164, 0.7840250407330946, 2.0154175087274755, -2.766488185366262, 2.8645076434395564, 2.894001543576289, 0.5395114907271017, -1.7841263628793915, -1.4707425738362385, -2.626575132603892, -3.566117286836759, 2.3250545165785264, -3.2715732609753188, 3.0357802159059526, 1.4686916630575615, 2.966154491127624, -1.1414568775427822]",1.0327868852459017
19,"[-4.049956853555804, -1.1045638964122149, 2.8902989239376513, -2.3594960545845445, 3.5885432150661187, 1.8730335031763015, -2.2378670113478196, -0.856051580484448, 3.156640722889637, 1.9792248232800425, 2.9404881215283445, -3.4761615116091837, 0.6862150224873705, -1.074984222344703, -0.29109630630001543, 0.038747994490857085, 1.4137156482415698, 1.1393604229614456, 3.65597017091506, 0.3846545725778905, 2.7959664445319845, 2.1528421609951556, -1.71303285675141, 1.5650999846849056, 3.743092415535954, -3.227322518333093, -0.01613548388535202, 2.343465784447554, 2.462222278900661, 1.6697780842136263, 0.16435430422500555, 2.506051900149508, -3.11087506344122, -1.4051058636754477, 2.6369508874337333, -3.8007536590743993, 2.8242248272052812, 0.3528774660611028, 3.5730687299617716, -3.4960789398450762, 1.3554031045828292, -2.1242243489655146, 2.8470900850795413, 0.10433937993317777, -2.2144492029311946, -3.1965179437177906, -1.0951712320779545, 3.034723803504919, 1.8041602264046146, 3.6250220648927907, -2.742866045821724, 1.5325894588121804, 1.2484319540558881, 1.1205882898589405, 0.33304314550097747, -3.658751687524717, -2.666941393906104, -3.0184426976320498, 0.7367576331316904, -3.0720293163456107, 2.928433222034715, 2.9732115054474355, 2.004131217938064, -1.632371303619625]",1.032258064516129
19,"[-3.3073186031394153, 0.20553062761465246, 3.7048330400573226, -1.217453397764117, 2.9141642568435646, 3.004025672767238, 1.0867626114896316, -0.8909944746177709, 1.9883397863276882, 0.46158233106800217, 2.8687577981075236, -3.4245013653592773, 3.334186150980807, -3.2799279273395774, -1.8580616763366575, -0.8988767377948541, 1.4067194244468904, 0.44570030247094217, 2.98163133030746, 0.3594269570190316, 2.4792926369090305, 0.5791807118964697, -3.504939401279121, -0.9079776261844812, 3.5878692357921023, -3.3663502436878545, -0.008799021461247503, 2.0041249708855866, 0.9115487768443122, 0.44144861192753415, -0.899043854240936, 2.3787636599755113, -1.1942923263308638, -0.8426119513826931, 3.5055839875872175, -2.646854004540928, 3.2324594742651813, 0.2672564484580211, 2.097874921171745, -3.0963693929519898, 3.9127867002136014, -2.9687882814541315, 3.2225029112927626, 3.416113171742847, -1.7437740755412812, -2.86158990632556, -2.7958493758427405, 2.592407256083176, 0.4580949585782359, 1.1556749939725854, -1.7823721974368443, 1.5416623549930213, 2.731515201973751, 1.2872129249261723, 0.33643208129369584, -3.4379133080551156, -0.6513220434089164, -3.489697029677204, -0.9944760299848411, -3.7739286984268534, 2.896405334802987, 2.4062549933068507, 4.04726958332223, 0.11064105327195006]",1.03125
19,"[-4.5044817356959275, 1.7615704346149719, 2.938954051188024, -2.6176236973201696, 3.745446376182078, 1.3322705946929, 0.3723198552890238, -1.3009180952018788, 2.1542182809885175, -1.2373552579028961, 1.999731091082996, -3.726515103759753, 3.4320975490518393, -3.042289506170362, -1.8336267607330572, 1.3459476589447104, 1.3872115000495926, 0.3256308862664906, 2.5122807825375837, -2.3466933389708475, 2.9804435885792175, 3.248168716012115, -3.4773504395665413, -0.9068496334873282, 3.6647273487059566, -3.9563072757266338, 0.051467715681521975, 3.8275923857010166, 0.5033500664335995, 1.3705045583717128, 0.5510676269215411, 3.5973435968482956, -1.377540891371611, -2.0304554847073844, 3.2130843575327903, -3.3519423146961898, 1.8982624022682462, 1.456675450846824, 2.8547413516441376, -2.4041739510166558, 2.9564354729566977, -1.7007006221831418, 1.4091940711606994, 0.9047480230762015, -0.7397585000709992, -3.7684759292649703, -1.149750086151326, 2.694039671109038, 1.9884358048746111, 1.4775790347601538, -1.491036250988064, 0.7411172607166443, 2.3782981772791487, 3.4838969064946945, 0.7070007431540273, -3.9222340046938133, -1.8035160020747152, -2.6274498391906715, 0.8459579813055347, -2.140138893365087, 2.760889770274155, 2.6866571780140855, 2.99966259530195, -0.5838249532934459]",1.0307692307692309
19,"[-4.357338259241938, -0.6674423788686892, 1.5042990693544476, -1.77539541201813, 4.132728305930906, 2.4670993512298356, 1.92417576680832, -1.242266841987801, 1.7447892883173304, -0.3735835679087056, 3.3587832737576067, -2.296207594590965, 1.7646168951350971, -3.4910390546999572, -0.8837078708029807, -1.757169520613755, 1.3442709912730093, -0.5635126355003476, 2.979048650245319, -1.6204692918259453, 0.9492640004560758, -0.20457037432830938, -0.450661334568069, 0.06584141834021262, 3.018478394957822, -3.9168149784275044, -0.009321379069617886, 3.0541200701963707, 1.0472937664490645, 0.3534218440221931, 0.1297224830213075, 3.4956745072726756, -3.047412895589713, -2.6165021475040477, 2.2882520155011856, -3.8700866477859903, 1.570882737970527, 0.018689580634846603, 4.38617247601486, -0.7022615953129484, 3.475416853324608, -1.9342313327053184, 3.307048033423941, 1.4956278014852347, -1.1914076558073843, -3.102393154349105, -0.7046704240437882, 1.1833322135713948, 0.5580311543924237, 2.9396698053898573, -2.210495603746062, -0.5995463832395436, 2.696783167436248, 1.0522075891941733, -1.0103100372100218, -3.990379157174714, -2.3286675195377176, -3.960190822674425, 0.004849485771514783, -3.741205920193364, 3.030501588743784, 2.145049523207707, 3.1067929786768627, -1.212177439392966]",1.0196078431372548
19,"[-4.295457201854208, -0.642021520426017, 3.880055739636827, -1.7490413815574102, 3.43264257165659, 2.240713371516474, 0.6214503976749666, -2.803179990104094, 2.98107898639706, -0.036153702874372445, 2.3780343932904087, -3.4974881004394778, 2.5329149852430644, -2.0164926911949217, -0.9245080294486697, -0.8021134884414038, 1.3464816434096054, -3.3283020540789314, 3.68090583237336, -1.6262820236572897, 2.001590472311569, 3.048372219147816, -0.3365057452908409, -0.14305228454879187, 2.8680913711980587, -3.2378090035515568, -0.03432208494162137, 2.1744519372769995, 3.391281827506366, 0.6556636159630311, -1.847835558751344, 2.4276341119307068, -2.255923680046474, -2.82884816812771, 2.8106208890055515, -3.851703848967539, 1.8887115903175646, 1.7966956412499462, 1.6256289592227182, -2.466355659307656, 3.2128525902963583, -1.6326636955780778, 1.615556691853226, 1.499641393061344, -0.3183085469324535, -2.0275843332137495, -2.103626947988182, 2.5148525529207797, 0.1997525745567692, 2.1715170863566153, -1.769613060055982, 2.620117914204621, 1.555529965853754, 2.189492660938532, -0.6478148017083833, -3.328306447898261, -1.6667419566190373, -2.6508838613229315, 1.1051654440064944, -3.0664504574994464, 1.9185756738521282, 1.3427825176876345, 3.003763692414726, -1.142460239447235]",1.018181818181818
19,"[-4.487019684825086, -1.5099650890836873, 1.6828488796549654, -2.192585850734991, 3.0984749213054292, 1.2051213003845918, -0.5875320006856863, -0.41281701096294876, 1.191170366403296, 0.11785086058415678, 3.1478545970170986, -3.4511436402638456, 2.6782875015848187, -2.178685556708391, -0.8582650472990963, 0.4633009672948116, 1.4831731763511815, -0.44885259822128565, 3.1268374221880166, -3.1519798759955595, 2.1472026734704865, -1.176597794893155, -1.7695750175720903, -1.2425549029635845, 2.726170502018507, -3.0398723718129785, 0.05826704729585641, 1.7707086341574128, 0.5256766738853487, -0.8277231484241347, -0.98231595958779, 3.3261005563349384, -1.753092849944973, -0.9185084809693626, 3.2076197412020258, -3.8711830348519465, 2.3763798546878765, 1.8762763762103325, 4.117653991174569, -1.9987138258126453, 0.799837274522295, -1.8663456104942635, 4.143874278996139, 1.7244226915412175, -0.8597667836218664, -2.9896021672361073, -1.787708436834596, 2.225088651640281, 1.1531540877804127, 1.9948291525930941, -2.392416851197292, 1.6632130176623692, 1.8321857612275825, 2.26179535296745, -0.7085363323829423, -3.4613717112770632, -1.9136702056006083, -3.1211156866240275, -1.4087790314274782, -3.737229603935819, 2.5197768169895345, 2.60261200535538, 3.0824165223200057, -2.0426906639017144]",1.0166666666666666
19,"[-2.9329223072287935, -1.275949130817138, 2.706829109720069, -1.6113486397221726, 3.3876197640404877, 3.6959285857838067, -0.3156570905336009, -0.727976594847368, 2.712427257362404, 0.7310599072364764, 2.0925271276139306, -2.5227746878933512, 0.9153293186638953, -3.200118654595244, -1.5725906024911187, -1.1177962636592653, 1.3044001260510663, 2.4298399409626548, 2.876018188267348, -2.4056351652899215, 0.6640003383000124, 4.208282580445705, -0.8161705552762595, 0.7406720609470803, 3.7030428758698903, -1.967055336218226, 0.06801803677798368, 0.7930240985477868, -0.3237367502006374, 1.6956537543448869, -1.5020787886724458, 2.6991751988200177, -3.156455037894471, -0.5827757146332075, 1.7953130649041504, -3.255314929127303, 3.240584368917204, -0.4238019029304372, 1.9680064478035364, -0.43421215801854895, 2.4276913642589197, -1.5840686200914802, 4.08820791947957, 3.5250849908454227, -1.01528853735093, -3.1280720440778516, -3.2626606363085773, 3.936073725128925, 2.415767375157285, 1.0084839595331403, -1.8142197016627772, -0.08993327677098462, 3.8701371470434256, 2.276570762197183, -0.4710817607309399, -3.948754421489626, -1.77460307546967, -1.7580696176097805, 0.19051750142221474, -3.3659343598831137, 2.9482639643124338, 1.2389924078492427, 2.3516873714036297, -2.226755335561079]",1.0166666666666666
19,"[-3.435309607754176, -1.2904387099656447, -0.6537667753949623, -2.830631299815092, 4.1146346168559464, 3.8430670987613844, -0.5990613140556804, -1.390883690071428, 1.9752874802450904, -0.5910502951859206, 2.928012768096141, -2.115722923449801, 1.5041201033081932, -1.108539450128118, 0.8164686811826598, -3.7064065587090966, 3.421396531675863, 0.37467397110768563, 3.066750477763818, -3.065894055874715, 1.9266586099528604, 1.970681542268342, -2.646713100245787, 1.629956567500889, 2.4183860446950844, -3.9230372948919308, 0.3246734887727908, 1.4434258637280848, -0.6696491380674499, -0.4139087511785392, -0.23512445133429782, 3.394977442699701, -1.1628648996776971, -2.730082413647255, 0.8203958620465497, -3.7561717632524907, 2.2420518608916216, 1.6530848415886652, 1.940622981635556, -3.485216455746236, 3.0286990161987055, -1.7077568399273826, 2.5961671577700622, 0.7420941318332819, -0.6421007391149037, -4.309945170198304, -1.4174287579002176, 3.475326610278276, 2.2755193445898696, 2.0846730857173874, -2.7743759601141713, -0.17868954586479208, 2.943330109119149, 2.7464668539872887, -2.7137679134922137, -3.598564514631108, -2.5786684613871045, -3.736126686411919, -0.5117685264710313, -3.783990070582839, 2.572497933263342, 1.6563028146171501, 2.3159855597933587, -0.5585862147935607]",1.0103092783505154
19,"[-4.291576665516192, -0.6912956709649356, 3.872824021442242, -2.462394789024665, 2.647283427525855, 2.3583045970814704, -1.8836079996408732, -1.6010717591943344, 1.2608219808105878, 0.42387850970322216, 3.4707535225424477, -3.6590197591207274, 0.47727390549796045, -3.6955517889697362, -2.5528519144287976, -0.5372733398043247, 2.8384643048139706, -0.46737402921557153, 3.098291176516131, -2.0264159931778747, 3.0557705144043776, -1.5499133847786026, -1.9465373559145842, -1.181127791598371, 3.6068761175637323, -3.7033286866843804, 0.4092016672777309, 3.7753651552704732, -0.9981526796204387, 0.2998538781217025, -1.580341889305214, 4.032699953364471, -1.789853552085002, -2.6003532712950843, 2.3387322155031383, -3.2552429242205623, 2.19070166640138, 0.7025317551199013, 4.23112898599172, -2.5960446504016628, 4.017032695827195, -2.2243330170817894, 3.3292611174537834, -0.15802731483295185, -1.5104467223677227, -2.9335273250809086, -1.9583110074397723, 2.498583455059679, 0.4065431005032445, 2.0229746132496853, -2.449049001189831, 0.22221940642901306, 2.032392203227141, 3.3233667983787463, 0.05676692819814344, -2.0015926673742497, -1.2716655794521081, -3.440334118142289, -0.5047647498074859, -3.254235900808511, 2.3334898050036967, 2.4706793137397, 3.8127800360240913, -2.0713809058277475]",1.0103092783505154
19,"[-2.138626610509675, -0.5691393302474451, 1.9404927566027395, -0.6723756726939114, 1.910351554377372, 2.0531804764228117, 0.1356861139799994, -1.2832044102681786, -2.167861188695109, 1.5331616303127207, 1.9563554318021346, -3.6687569744049506, 0.9132713779987817, -2.1625248546159033, -1.4941119065127728, -3.1187597117964776, 3.6421429728877435, 1.7355211149000587, 3.609310269386381, -1.5615369646441666, 0.11783742061480496, 2.6578739350335283, -1.0057789420717373, 2.5257156416052755, 2.0287618376341854, -0.6692424336006146, 0.43781294207819843, -0.2420765574046415, -1.7102511225830925, -3.19108025931751, -0.787498635386364, -0.22390355857983657, -3.201351512052402, -3.049746878387704, 3.1522644217978, -3.842200255551795, 1.634369362030184, 1.7879926300142985, 3.6295425745743977, -2.6799904478200407, 2.829282380024648, -0.22734193037624761, 3.5757345766027706, 1.6220501119471775, 1.3572725137333166, -2.4990387270685575, 2.724264701278575, 2.2018905952502164, 1.956756767889996, 1.534412589678662, 0.07410701546540377, 0.8734846224951927, 3.100096381644274, -0.1931562687761772, 1.8956962851114563, -2.848978135318573, -2.6407744573882868, -1.4638552492055226, 1.4292642163940923, -2.2815278869400153, 2.2973580322771476, 3.7905551292919166, 2.891793393318096, -0.03083282825642053]",1.0103092783505154
19,"[-4.060233705255865, -0.23784427925949334, 3.0626857124132854, 0.3157838365099104, 3.929195881393596, 1.1297617279951164, -0.591813024756358, -2.7769290958761075, 0.3998840594128015, -2.1651252732836537, 1.4216855562537218, -3.5145957777578634, 0.8154950004734214, -0.5694432820840356, -1.1739802379957085, -1.882778700280877, 3.8534042003972084, -0.4506786411595676, 3.6369229213846115, 1.4746091087629687, -0.36321153938207207, -0.43697397059227616, -1.9240477722689495, -1.3285712536064338, 3.6651580571848466, -3.9052312030341434, 0.34715805359458485, 1.6796635353724931, 3.1647948961042003, -2.7262386524458107, -1.3315451213031388, 4.23834626784842, -1.855792200068479, -1.6171151805600532, 3.3362642833950447, -3.430902789243258, 3.0763922731654145, 2.3888209757409795, 3.1227661496173598, -1.4976919882303084, 2.193587966554367, -0.34644218766882684, 3.900221463044087, 3.490317385852938, -0.8739232126534595, -1.4239719723824065, -0.16630957752974518, 3.3181642044383497, 0.08375115193601257, 2.7715503495377862, -1.9051685670152534, 0.4124442773734409, 2.6522270862227892, -0.2748082854754057, -1.4922157579310615, -3.754299366580355, -0.59476559209681, -2.1796604248959124, -0.2806674801101212, -3.6342398697521796, 3.0079624714058366, 3.3137085302009712, 4.037313271610355, -0.8024997830183694]",1.0103092783505154
19,"[-3.1633685108328775, -2.158001645952596, 2.654504100791725, -2.103176936174338, 3.3352247646049213, 0.43854498996431257, -1.1814271096814701, -3.601868521459841, 1.7599562687812655, -1.5465004131636968, 3.9305238210286007, -2.7020243701166837, 1.6194929625822052, -1.4369510134953594, -2.0144651008782226, -0.7157804592929035, 3.532552222957082, 3.0920676968183773, 0.279091120075996, -1.0750912991642367, -0.10370239813542148, 1.3210219398387006, -1.2981182649252885, -0.12000102331433327, 3.310681045163152, -3.008250978205467, 0.2565793096738055, 1.5569834153162085, -0.05290680973538464, -0.09940667052218444, -3.2090624022192173, 3.0523501911113113, -2.799339383171269, 0.5718709065566263, 3.5188716099508106, -3.006536130254766, 3.366155704525827, 2.4425317767930563, 2.074771367515434, -1.2066463122728834, 0.8435817936600174, -1.9454894507916491, 3.161727357951114, -0.36676599346941585, -0.10751978451626876, -2.535816791260946, -1.8424019171682067, 2.5020063256926006, 2.518662929158533, 2.256063187589538, -1.5801784805704888, 3.2637598522264146, 2.7145770810911003, 3.865986189125265, -1.2299727544701538, -2.564575258830193, -1.7484460329785678, -3.7611104317079547, 3.4299802378126127, -2.708019970209047, 1.6025922039239906, 1.3981788889582898, 4.062649560641785, -0.6603531829003833]",1.0103092783505154
19,"[-2.8328770922174407, 2.2260374964137735, 2.7829697280951637, 0.633099833948764, 1.4047779999710173, 2.1686489629174694, 0.44129114786668533, -1.2099905124661416, 3.157056035331637, -1.6578178417749725, 1.8135864124525187, -3.7099585016573555, 3.4730425070121957, -1.776158231474345, -2.3856083666080794, -0.40630024701826306, 2.7776419283906293, -0.6836417440035913, 2.3024522262078753, -2.3353850637415805, 1.879603621935422, -0.7137058688016642, 0.01815749869984895, -0.5841670981249977, 2.249265498776319, -3.680959169817944, 0.37404374896797615, 2.8373272975481227, 0.7591644981322127, -0.20927375967357098, -1.7625304961612573, 2.441049577283091, -1.4198213227836243, -2.4164350642922763, 3.2243756542059026, -3.803618414821336, 1.9134348205639418, 0.6001809853590393, 3.7114731882968806, -2.387188651812032, 2.4135903829066363, -2.697504625726009, 4.014651305625306, 2.378474378594687, -1.589586382057772, -2.5364156000714604, -3.648450394467887, 1.9048583827931718, 0.9689825678091356, 3.5902124423495048, -0.03619287247596814, 3.2597275910831436, 3.3677682223289804, 1.338966991130234, -2.7232774474949593, -3.953056017324307, -2.6210367384447135, -2.401082945602895, 0.7874395183904377, -3.5724912725720985, 1.9746711525296181, 1.3892341266177275, 4.058189481263976, -2.7272484161337514]",1.0103092783505154
19,"[-2.7214820990159003, -1.3299341440252184, 3.8018096713298983, -0.21541065035526036, 1.8657530198554333, 1.987996445192823, -0.9643720459336836, 0.3602485641184343, 2.0692643235735266, -1.3651123420150308, 3.4907380448720806, -3.01081007252123, 0.9711222738982321, -3.0983400315138896, -2.5796047835907765, -0.6157143517587856, 3.1874411241119924, -2.1155899498643667, 1.1755225479089553, -1.7092444263553626, 1.9867284829687073, 3.006764788229569, -1.0424466252294986, 0.9795828478224435, 2.6205965475008863, -2.1620021393652875, 0.432416774074451, 1.1448342071329367, 1.8588386702650457, -1.215277466318034, -1.5297093292199064, 2.2856753591346495, -1.7769041110578487, -2.8021593835757894, 2.7118000574228187, -3.029333844802183, 3.3453251855726656, 2.944868974286109, 3.969289774944394, -2.415312185652815, 2.7740855561400757, -3.908104636068268, 3.8491879766867614, 2.3569043862162067, -2.8269700976318166, -4.606007653699737, -3.6438690462035233, 2.2746335126816337, 0.6036637734955328, 2.324778239082711, -2.5889744970350685, 0.4289807641341683, 2.8106157665617406, 0.7961733603988129, 0.6931271449624451, -2.610036637928731, -2.6163274198672233, -2.649817309910053, 0.07550477024508032, -3.3379876635028474, 1.7888182025652073, 2.6350111661698428, 3.94631110072591, 0.7834012115292934]",1.0103092783505154
19,"[-3.718824417518052, -1.658988410888301, 3.263664766897034, -1.6760514386529364, 2.8154441084756874, 1.010584462149146, 0.028092423585474147, -1.658964457514526, 3.1790683064227268, -0.351513151770591, 3.035594118011531, -3.5313375279768584, 3.263065355561017, -1.6654239647091793, -1.181841547795748, -0.7453277720974549, 3.2173938704088876, -0.8130732809109176, 2.6842202608027566, -0.36312929240999026, 0.028174446191339353, 0.8966442362655078, -1.2760984985699806, -0.44868653450253937, 3.247045287816629, -3.0861865593850464, 0.256605315615138, 1.4712475216429532, -0.01590211312178602, 0.3754555216061584, 1.077344911361185, 1.6669098997741831, -1.911260488020217, -2.921627632954648, 2.7687062865595857, -3.3905466610886643, 2.9940332305858046, 0.47824209534311735, 1.2014751375829753, -3.1198623879597447, 3.923717872830397, -2.886725798411871, 3.9895040475550108, 0.9829751233556288, -1.1962498435061704, -0.9575894725593432, -3.6884459918603825, 2.5291741624826614, 2.6125864632750964, 2.620579649184448, -2.0028846482578633, 2.874357525508252, 2.534745802811953, 1.6058646670116585, -1.5202798694763247, -3.998732481401117, -0.5957111394822456, -2.9167198254279496, 0.9648013487633644, -1.5039465150986175, 2.086117656030734, 3.5298735083329777, 3.5452996460437145, -1.3764803282928006]",1.0103092783505154
19,"[-3.3321904098515502, -1.676049492735729, 3.0969458396988934, -0.4882124926477993, 1.1578126185038395, 3.36652483963845, -1.4393397795460179, -1.0549091922182827, 3.211020123338341, -2.197746630506589, 3.313856279760978, -2.728151557387574, 1.1334683242926715, -3.3116070734774974, 0.6436667163332662, -0.19692031325553866, 3.6226838836558235, 0.9771505508590914, 3.675341500492735, -3.160627268478878, 0.14269048160581999, 1.9246942859989102, -2.619350994823832, -2.419567956052564, 3.7312515705892655, -2.398285915544016, 0.2715010809081724, 1.1655003326221889, -0.014392631996122507, -0.896584973277486, -0.9090763578326618, 1.6322074970238112, -1.0489046970788927, -1.4539234876779399, 3.5612761263752537, -2.887871434773186, 2.0841533346566625, 2.424690203803957, 2.0859805819778763, -2.337641773307773, 1.0169457802493238, -1.7902583471104696, 3.0904933971638555, 1.961672837690676, -0.7125352588297975, -4.372594708402916, -3.406332010309683, 1.0798746471227716, 2.133799141210584, 3.6746378789807825, -1.2435231432296332, 1.4909007007656685, 0.6525577556624578, -0.004518848052176283, 0.8704818087263196, -3.4254042665630138, -0.8547528165608995, -3.027951481366835, -0.7598810836952055, -3.329304806138886, 2.3167290333029387, 3.799651130761519, 4.2515451196056935, -0.8622083873008443]",1.0103092783505154
